date,oc_pcr_oi,oc_pcr_doi,oc_pcr_near_atm,oc_maxpain_dist_pct,oc_put_wall_dist_pct,oc_call_wall_dist_pct,oc_wall_build_pct,oc_near_put_doi_pct,oc_near_call_doi_pct,oc_straddle_pct,oc_dte_actual,oc_is_expiry,oc_oi_total,spot
2023-08-07,1.084942,5.823823,0.964386,0.241360,0.496497,2.054875,8.957697,66.213957,6.568279,0.762605,3,0.000000,169976450.000000,19597.300000
2023-08-08,0.815614,0.049394,0.752483,0.106536,0.362018,0.148946,-19.827813,10.883582,79.345834,0.649691,2,0.000000,200048350.000000,19570.850000
2023-08-09,1.090366,-1.375840,0.944538,0.165796,0.675154,0.852920,7.155165,59.443723,-35.027114,0.469883,1,0.000000,204661800.000000,19632.550000
2023-08-10,0.750918,-3.285839,0.772238,-0.035307,0.220538,0.035307,-35.090591,-49.340515,26.880043,0.070613,0,1.000000,185842600.000000,19543.100000
2023-08-11,0.690250,0.502967,0.798086,-0.369049,0.145664,0.883762,-0.310929,21.180468,41.414105,0.903064,6,0.000000,154788300.000000,19428.300000
2023-08-14,0.852045,2.681114,0.848889,-0.079498,0.177776,0.851319,4.754759,43.534286,41.895934,0.698241,3,0.000000,184607900.000000,19434.550000
2023-08-16,1.033333,2.532628,0.909291,0.333933,0.847675,0.693553,6.679960,53.692867,38.830740,0.477267,1,0.000000,227185250.000000,19465.000000
2023-08-17,0.702194,-9.168381,0.825210,-0.179445,0.078749,0.179445,-21.975146,-54.341966,5.614508,0.117995,0,1.000000,196567300.000000,19365.250000
2023-08-18,0.808523,0.773915,0.798021,0.052563,0.052563,0.465299,-3.313326,22.984260,36.299727,0.908072,6,0.000000,175511000.000000,19310.150000
2023-08-21,0.960237,3.118657,0.801200,0.224816,0.482633,0.033001,13.678866,61.904516,17.616427,0.724466,3,0.000000,203605800.000000,19393.600000
2023-08-22,0.752557,-0.125457,0.708580,0.239477,0.497256,0.018302,-18.021916,23.765031,63.626698,0.609132,2,0.000000,225091800.000000,19396.450000
2023-08-23,0.938219,-2.556840,0.877767,0.226291,0.740588,0.288007,6.381852,80.466678,-13.902276,0.453353,1,0.000000,235713650.000000,19444.000000
2023-08-24,0.583555,634.411462,0.665203,-0.068604,0.447214,0.068604,-26.488821,-76.547390,-5.558658,0.058545,0,1.000000,192473900.000000,19386.700000
2023-08-25,0.655555,0.316458,0.750762,-0.177517,1.379647,1.215626,1.819246,13.083972,51.806650,0.966739,6,0.000000,217154100.000000,19265.800000
2023-08-28,0.842296,-5.679162,0.886968,0.031337,0.031337,1.004607,18.020776,50.615667,0.408385,0.754168,3,0.000000,234728800.000000,19306.050000
2023-08-29,0.824875,0.601275,0.809702,-0.037999,0.220497,0.813487,5.247331,63.900929,61.272231,0.562746,2,0.000000,250624500.000000,19342.650000
2023-08-30,0.749278,-0.408456,0.741592,-0.013180,0.245252,0.788476,-19.623538,25.230489,93.988085,0.410907,1,0.000000,255929350.000000,19347.450000
2023-08-31,0.695256,1.072854,0.828782,0.019736,0.019736,0.239953,1.475294,-36.709962,-27.279809,0.049081,0,1.000000,212541400.000000,19253.800000
2023-09-01,1.216951,1.979594,0.951342,0.181628,0.696156,0.847427,6.257535,37.681309,18.436686,0.873668,6,0.000000,155949850.000000,19435.300000
2023-09-04,1.338560,2.309748,0.977261,0.147474,0.659539,0.876654,3.970398,55.915035,21.306029,0.648529,3,0.000000,185103100.000000,19528.800000
2023-09-05,1.405901,2.503568,1.144734,0.382633,0.382633,0.128225,24.071674,90.301620,12.778351,0.527206,2,0.000000,202116250.000000,19574.900000
2023-09-06,1.277743,0.762547,0.945733,0.311304,0.566262,0.453571,-13.238536,43.539761,40.227242,0.358726,1,0.000000,238949250.000000,19611.050000
2023-09-07,1.698678,-83.739383,1.322478,0.137121,0.137121,0.116338,24.635510,117.659778,2.482559,0.117098,0,1.000000,281713100.000000,19727.050000
2023-09-08,1.256620,1.241569,0.834554,0.352927,1.109740,0.908428,-4.440787,30.754293,21.367267,0.896824,6,0.000000,148974850.000000,19819.950000
2023-09-11,1.439354,2.621849,0.957662,0.481838,0.481838,0.018253,14.541181,62.040044,11.298891,0.769891,3,0.000000,185924050.000000,19996.350000
2023-09-12,1.032523,0.138744,0.843466,0.216073,0.466158,0.534182,-10.226594,10.228999,29.498846,0.687234,2,0.000000,225430850.000000,19993.200000
2023-09-13,1.145613,2.194287,0.913739,0.348779,0.847035,0.149477,11.132123,73.862335,22.375614,0.537618,1,0.000000,263637400.000000,20070.000000
2023-09-14,0.864511,0.116764,0.666961,0.264138,0.264138,0.233297,10.814009,46.352650,80.918050,0.044023,0,1.000000,315222800.000000,20103.100000
2023-09-15,1.135900,1.146610,0.987167,0.209733,0.457351,0.037886,0.866364,41.951136,22.909075,0.867903,6,0.000000,141408300.000000,20192.350000
2023-09-18,0.882661,0.249734,0.773581,-0.082947,0.165398,0.331292,-8.346108,13.647932,58.727248,0.680216,3,0.000000,174512950.000000,20133.300000
2023-09-20,0.598914,0.144061,0.666505,-0.244204,0.007035,0.495443,-18.744530,8.463419,82.678863,0.535892,1,0.000000,240668250.000000,19901.400000
2023-09-21,0.720579,1.415443,1.016208,-0.038749,0.214513,0.038749,-18.578229,62.631708,74.586172,0.048626,0,1.000000,304326900.000000,19742.350000
2023-09-22,0.819095,0.638590,0.923919,-0.385021,3.427068,0.639160,-6.121801,15.291611,39.999107,0.977420,6,0.000000,206934700.000000,19674.250000
2023-09-25,0.796341,0.542624,0.840596,-0.129355,3.428541,0.637626,-3.539272,30.298900,67.767844,0.797985,3,0.000000,222672400.000000,19674.550000
2023-09-26,0.816564,1.003768,0.811287,-0.179509,3.380169,0.688035,-7.577330,34.425588,50.650825,0.641505,2,0.000000,249503750.000000,19664.700000
2023-09-27,1.000143,182.008973,0.890844,0.083433,0.590624,0.423758,10.407894,82.890698,25.133418,0.452921,1,0.000000,274996900.000000,19716.450000
2023-09-28,0.733715,11.549316,0.972046,-0.391578,0.120624,0.135477,-24.239312,-45.701621,19.798765,0.121392,0,1.000000,232494250.000000,19523.550000
2023-09-29,0.835541,1.322536,0.886552,-0.059577,0.195027,0.823391,1.664482,43.347179,22.179564,0.859036,6,0.000000,154651300.000000,19638.300000
2023-10-03,0.726888,0.407430,0.745396,-0.108814,0.147219,0.876912,-5.329568,12.715216,67.080899,0.682327,2,0.000000,194982900.000000,19528.750000
2023-10-04,0.845178,1.428846,0.875946,-0.071516,0.185737,0.843276,3.715315,39.612518,54.152888,0.492897,1,0.000000,250562300.000000,19436.100000
2023-10-05,0.850432,0.877276,0.781255,-0.021744,0.234066,0.021744,-23.782489,61.183443,60.688764,0.032488,0,1.000000,300463300.000000,19545.750000
2023-10-06,0.980540,1.079155,0.903596,0.272216,0.781031,1.763045,-0.875566,29.807251,15.167125,0.884575,6,0.000000,158130250.000000,19653.500000
2023-10-09,0.860890,-1.930201,0.814931,-0.192955,0.063293,1.474195,-33.083895,-65.041080,154.870279,0.923005,3,0.000000,154946450.000000,19512.350000
2023-10-10,1.281909,778.577605,1.063184,0.202389,0.456326,1.575177,21.185928,77.351286,-13.753539,0.766385,2,0.000000,190105400.000000,19689.850000
2023-10-11,1.171676,0.870261,0.843284,0.057290,1.066813,0.952232,-8.034035,53.174181,44.713091,0.535552,1,0.000000,247088600.000000,19811.350000
2023-10-12,0.954406,0.435872,0.971391,-0.030312,0.222290,0.030312,-23.740822,47.174574,50.338917,0.032333,0,1.000000,315542000.000000,19794.000000
2023-10-13,0.998435,0.874544,0.897299,0.005316,0.258467,0.247835,1.851758,18.208727,32.715079,0.964253,6,0.000000,150446800.000000,19751.050000
2023-10-16,0.865820,0.359885,0.822573,-0.092491,0.160908,0.345889,-2.675484,22.826298,48.096287,0.848379,3,0.000000,177281200.000000,19731.750000
2023-10-17,0.933196,7.603678,0.739236,0.058047,0.562804,0.951468,-17.017785,144.128885,29.572663,0.667289,2,0.000000,185538150.000000,19811.500000
2023-10-18,0.619082,0.034841,0.674602,-0.146916,0.361444,0.655276,-13.066464,6.612027,83.042671,0.541403,1,0.000000,238936300.000000,19671.100000
2023-10-19,0.864333,5.350301,0.871421,-0.128919,0.125862,0.128919,-17.603941,56.676793,40.475714,0.166882,0,1.000000,290170850.000000,19624.700000
2023-10-20,0.768085,0.408111,0.810549,-0.293461,2.776747,2.340266,-2.819260,10.981226,42.742559,0.977094,6,0.000000,200526700.000000,19542.650000
2023-10-23,0.547372,-0.047818,0.872047,-0.613274,1.461226,1.650524,-6.374614,-10.281936,75.824596,0.907853,3,0.000000,240573050.000000,19281.750000
2023-10-25,0.541922,0.520495,0.803773,-0.407119,0.638788,1.975981,1.969788,26.261620,82.028722,0.658660,1,0.000000,300691200.000000,19122.150000
2023-10-26,0.625881,0.281688,1.197418,-0.226703,0.038447,0.226703,10.312366,-16.455123,42.556449,0.054886,0,1.000000,239722650.000000,18857.250000
2023-10-27,0.795497,2.280294,0.890173,-0.014438,0.248067,0.801953,-1.298466,37.480926,13.058642,1.141372,6,0.000000,159032650.000000,19047.250000
2023-10-30,0.999390,4.190867,0.942494,0.213679,0.736120,1.876087,12.310159,54.561626,11.183796,0.906697,3,0.000000,188405950.000000,19140.900000
2023-10-31,0.751787,-0.201982,0.838857,-0.106920,0.417200,0.631040,-21.258358,-0.491086,59.445759,0.779891,2,0.000000,207927950.000000,19079.600000
2023-11-01,0.679505,0.437991,0.740440,-0.320446,0.996095,0.583754,-9.231707,16.291030,56.247296,0.617195,1,0.000000,259010050.000000,18989.150000
2023-11-02,0.816558,1.808696,0.741976,0.173781,0.173781,0.087544,3.125676,79.240345,35.958356,0.094861,0,1.000000,318845100.000000,19133.250000
2023-11-03,0.792671,0.726003,0.683135,0.159121,0.159121,0.360883,0.572894,26.974145,28.138045,0.954468,6,0.000000,142697200.000000,19230.600000
2023-11-06,1.079049,17.512634,0.875085,0.318106,0.575682,0.454622,18.027010,87.012555,-7.524981,0.735637,3,0.000000,168377000.000000,19411.750000
2023-11-07,0.993011,0.358200,0.832284,0.292167,0.549810,0.480762,-10.803677,29.400973,51.752541,0.618858,2,0.000000,183285350.000000,19406.700000
2023-11-08,0.869218,0.587804,0.758819,0.223725,0.738036,0.290586,-2.233559,41.500114,53.196214,0.454393,1,0.000000,247519150.000000,19443.500000
2023-11-09,0.847469,0.785206,0.873131,-0.024233,0.233562,0.024233,-20.025540,40.391851,42.423463,0.036607,0,1.000000,330096450.000000,19395.300000
2023-11-10,0.879390,1.340774,0.779397,0.130500,0.130500,0.384292,2.487028,31.266612,30.138588,0.845030,6,0.000000,138307500.000000,19425.350000
2023-11-13,0.819281,-0.170587,0.759747,0.223982,0.223982,0.290328,-16.773908,14.286212,71.333137,0.634143,3,0.000000,171592800.000000,19443.550000
2023-11-15,1.169400,3.669670,0.967292,0.129349,0.383473,0.633022,10.558146,88.624270,19.009625,0.442684,1,0.000000,233268400.000000,19675.450000
2023-11-16,1.150148,1.066685,0.869729,0.076903,0.329873,0.176067,3.942658,54.242908,46.267068,0.112066,0,1.000000,284525700.000000,19765.200000
2023-11-17,0.870877,0.680567,0.838585,-0.092237,0.161161,0.852431,-3.173600,15.409346,24.717076,0.992307,6,0.000000,161515950.000000,19731.800000
2023-11-20,0.727026,0.069068,0.731471,-0.030466,3.523916,0.538235,-14.001323,5.253129,64.449698,0.834264,3,0.000000,181694400.000000,19694.000000
2023-11-21,0.886467,-3.835463,0.860612,-0.083909,0.421566,0.083909,20.145248,77.045845,-19.767428,0.631085,2,0.000000,191767100.000000,19783.400000
2023-11-22,0.986659,1.434261,0.835965,0.059813,0.059813,0.444936,1.450432,51.621490,44.651781,0.456293,1,0.000000,247157500.000000,19811.850000
2023-11-23,0.723766,0.276054,0.803984,0.010100,0.010100,0.242400,5.446686,32.918804,52.827320,0.024745,0,1.000000,340375650.000000,19802.000000
2023-11-24,0.853394,0.495466,0.827533,-0.026775,4.014711,0.531961,-3.133560,20.073097,37.810289,0.805266,6,0.000000,191864500.000000,19794.700000
2023-11-28,1.157493,9.234705,1.076076,0.199601,0.450987,0.554558,12.618688,81.242941,9.298495,0.629723,2,0.000000,231753750.000000,19889.700000
2023-11-29,1.522831,26.540497,1.203816,0.231880,0.480678,0.514515,21.259496,100.474753,2.218447,0.462267,1,0.000000,274955150.000000,20096.600000
2023-11-30,1.173131,7.155111,0.824128,0.164654,0.413000,0.083693,-3.281962,-37.292538,-8.883671,0.110763,0,1.000000,222996900.000000,20133.150000
2023-12-01,1.197558,1.443827,0.890239,0.335013,1.321795,3.612116,-1.349888,25.932083,8.931359,1.234711,6,0.000000,148533800.000000,20267.900000
2023-12-04,1.323870,1.973519,0.805147,0.661291,0.902991,1.514009,16.030166,82.343300,-0.472913,0.986619,3,0.000000,187610750.000000,20686.800000
2023-12-05,1.296410,1.180800,0.911920,0.743703,0.743703,0.694794,1.921534,47.119014,7.483234,0.793331,2,0.000000,229428900.000000,20855.100000
2023-12-06,1.061271,0.397137,0.731643,0.418862,0.657665,0.297549,2.520928,48.020854,51.566765,0.543756,1,0.000000,278849200.000000,20937.700000
2023-12-07,1.042980,0.975585,0.984332,0.005502,0.005502,0.233719,18.300767,59.342054,49.316176,0.028467,0,1.000000,351382500.000000,20901.150000
2023-12-08,0.977895,0.632604,0.959863,0.330958,4.622927,0.145927,-0.662594,17.419297,19.814709,1.014574,6,0.000000,149269750.000000,20969.400000
2023-12-11,0.927908,0.697465,0.867700,0.224317,0.462445,0.013811,-1.904575,30.326198,37.479915,0.864167,3,0.000000,177058100.000000,20997.100000
2023-12-12,0.695307,-0.162523,0.767012,-0.208549,0.030613,0.447710,-26.104123,5.032911,74.034222,0.815540,2,0.000000,197913150.000000,20906.400000
2023-12-13,0.777303,1.216051,0.717295,0.125918,2.037383,0.351949,6.118008,41.709369,50.752302,0.489813,1,0.000000,246261400.000000,20926.350000
2023-12-14,1.006034,-13.719705,0.706389,0.154371,0.154371,0.081670,31.906660,144.648869,20.170614,0.129823,0,1.000000,273636750.000000,21182.700000
2023-12-15,1.447380,1.879021,1.109977,0.497049,0.730077,2.532315,7.729800,36.417420,9.415884,1.151391,6,0.000000,165662150.000000,21456.650000
2023-12-18,0.934512,-0.103912,0.923379,0.087074,0.553956,0.379809,-11.008506,9.256580,43.549807,0.953842,3,0.000000,195619450.000000,21418.650000
2023-12-19,0.986561,1.596355,0.921683,0.247517,0.247517,0.218616,13.053228,50.632993,23.893322,0.683584,2,0.000000,218028850.000000,21453.100000
2023-12-20,0.459889,-0.234666,0.645955,-0.235696,0.709924,1.654125,-2.214384,-17.058836,47.274829,0.636402,1,0.000000,281722550.000000,21150.150000
2023-12-21,0.984650,-2.044911,0.802696,0.023759,0.023759,1.152432,16.154749,35.954845,1.664537,0.045636,0,1.000000,316649700.000000,21255.050000
2023-12-22,1.119647,1.529082,1.080896,0.465587,1.636580,3.047392,-2.058604,23.969458,9.949574,1.193476,6,0.000000,227549225.000000,21349.400000
2023-12-26,1.180777,1.436398,0.947457,0.426046,0.659240,2.605480,4.334970,32.430138,20.988420,0.848594,2,0.000000,290097525.000000,21441.350000
2023-12-27,1.408738,-18.489190,0.893136,0.714624,0.714624,1.594338,18.540125,97.179859,1.631903,0.586476,1,0.000000,316751050.000000,21654.750000
2023-12-28,1.239673,4.062748,0.911215,0.361362,0.131780,0.097802,24.966704,49.141081,-3.821429,0.138208,0,1.000000,276881150.000000,21778.700000
2023-12-29,0.919601,0.669928,0.936571,0.144491,1.064819,1.236000,-1.288134,17.248658,20.292796,1.256017,6,0.000000,155265650.000000,21731.400000
2024-01-01,0.987289,1.293063,0.971417,-0.037255,0.192715,1.187109,5.024265,31.988358,23.605531,0.981745,3,0.000000,196323400.000000,21741.900000
2024-01-02,0.752498,-0.079589,0.727144,-0.157852,3.073046,0.619409,-9.762346,-8.070160,72.424421,0.807725,2,0.000000,221980400.000000,21665.800000
2024-01-03,0.608864,0.245575,0.703877,-0.151738,0.080633,2.243074,-3.071355,22.553865,72.142101,0.531664,1,0.000000,284358400.000000,21517.350000
2024-01-04,0.890078,23.486520,0.838797,0.039707,0.039707,1.114569,29.688705,99.137495,28.788046,0.026087,0,1.000000,338218950.000000,21658.600000
2024-01-05,0.877323,0.690303,0.843848,0.049745,3.273947,3.635057,-1.375966,16.025433,22.031734,1.024836,6,0.000000,149616700.000000,21710.800000
2024-01-08,0.595382,-0.104149,0.708530,-0.171989,2.384605,0.869242,-11.797985,-4.173921,67.726442,0.942918,3,0.000000,178392550.000000,21513.000000
2024-01-09,0.646376,3.986031,0.722533,-0.255978,2.528911,0.720126,-13.600724,93.111833,26.366269,0.786267,2,0.000000,186905700.000000,21544.850000
2024-01-10,0.925002,3.016091,0.854108,0.086499,0.549062,0.838626,4.957876,55.393351,31.251214,0.588611,1,0.000000,247655500.000000,21618.700000
2024-01-11,0.724985,0.356425,0.669867,-0.012935,0.218042,0.012935,-15.457323,28.778432,57.439659,0.038573,0,1.000000,342360450.000000,21647.200000
2024-01-12,1.410045,2.200195,1.110061,0.203475,0.888577,2.765300,4.007892,32.822736,8.853282,1.216741,6,0.000000,184495950.000000,21894.550000
2024-01-15,1.531842,2.800230,0.980426,0.441001,11.075712,1.821703,5.618519,59.684163,-2.372625,1.007356,3,0.000000,212431250.000000,22097.450000
2024-01-16,1.119434,-0.302986,0.887498,0.146603,0.146603,2.122792,-7.739970,-9.334751,49.117507,0.809266,2,0.000000,229387200.000000,22032.300000
2024-01-17,0.532340,-0.393194,0.680867,-0.593595,2.651360,1.057160,-9.788291,-17.989408,66.051808,0.743326,1,0.000000,271046650.000000,21571.950000
2024-01-18,0.960702,-8.581080,1.129845,0.057077,0.057077,0.175890,13.380756,52.366053,41.919879,0.045895,0,1.000000,331247250.000000,21462.250000
2024-01-19,0.843017,1.012648,0.815191,0.103596,5.190913,4.058754,-0.338417,27.237156,18.357717,1.376582,6,0.000000,199621300.000000,21622.400000
2024-01-23,0.610439,0.130424,0.866595,-0.523570,3.478539,3.584007,-4.556635,-12.966684,70.817282,1.137776,2,0.000000,256840500.000000,21238.800000
2024-01-24,0.814256,-2.856994,0.743725,0.018412,2.115927,2.545219,0.136894,60.430039,4.779153,0.731800,1,0.000000,273282600.000000,21453.950000
2024-01-25,0.678529,4.299803,0.725446,0.246340,0.480504,0.221987,3.309203,-21.080609,55.503140,0.085236,0,1.000000,243361500.000000,21352.600000
2024-01-29,1.102211,1.734167,0.937768,0.633005,1.093037,3.507287,2.296719,33.042861,14.202579,1.611953,3,0.000000,142523050.000000,21737.600000
2024-01-30,0.635603,-0.242128,0.745639,-0.361954,2.425879,4.543702,-2.655477,-15.936660,32.947863,1.418310,2,0.000000,169837700.000000,21522.100000
2024-01-31,0.756707,1.607868,0.702110,0.348435,1.038862,3.563982,2.671992,35.728134,8.915942,1.181550,1,0.000000,208367000.000000,21725.700000
2024-02-01,0.711175,0.643691,0.771181,-0.011753,3.214433,0.011753,-8.546245,26.696284,32.400154,0.039406,0,1.000000,339911900.000000,21697.450000
2024-02-02,0.853590,1.051907,1.099536,-0.211405,3.906872,5.244854,1.256845,31.326832,6.708945,1.430872,6,0.000000,148171050.000000,21853.800000
2024-02-05,0.716621,0.315098,0.816628,-0.129985,3.544510,1.048609,-5.723560,0.521883,35.982298,1.318455,3,0.000000,184031600.000000,21771.700000
2024-02-06,0.994104,-4.665883,1.127293,0.134067,4.238146,2.601986,0.534609,62.923058,-15.427444,1.083933,2,0.000000,203298750.000000,21929.400000
2024-02-07,0.859030,0.287868,0.856035,0.139076,0.139076,1.684868,-9.567578,37.214298,84.760730,0.703358,1,0.000000,234349450.000000,21930.500000
2024-02-08,0.692142,0.207189,0.987626,-0.147574,0.082651,0.147574,-8.100635,32.518830,94.742631,0.068837,0,1.000000,286718800.000000,21717.950000
2024-02-09,0.775013,0.924643,0.805455,-0.080340,1.296913,0.998508,2.542394,17.153693,18.535599,1.412143,6,0.000000,141589750.000000,21782.500000
2024-02-12,0.645309,0.319952,0.774085,-0.388369,2.849966,1.776226,-1.884136,6.214182,44.470347,1.303430,3,0.000000,183563900.000000,21616.050000
2024-02-13,0.808289,-0.645769,0.743850,0.198912,3.418302,1.180826,5.576570,32.312962,-24.279484,1.014108,2,0.000000,179134150.000000,21743.250000
2024-02-14,1.201735,11.872447,0.896429,0.183379,3.846374,0.732370,1.137758,57.469070,21.706839,0.715429,1,0.000000,226152050.000000,21840.050000
2024-02-15,0.955210,0.423993,0.814361,0.049063,0.049063,0.179136,6.444608,50.856715,58.986762,0.059788,0,1.000000,294030500.000000,21910.750000
2024-02-16,1.108938,1.267551,1.073955,0.184658,4.721719,4.352403,-0.020909,25.097319,13.196730,1.382216,6,0.000000,146696850.000000,22040.700000
2024-02-19,1.187617,1.719360,0.978733,0.326594,0.552611,3.967725,3.316886,33.666386,14.320831,1.213484,3,0.000000,174685450.000000,22122.250000
2024-02-20,1.173633,1.057970,0.855262,0.436772,0.887284,3.617839,3.635540,46.684199,25.151816,0.974683,2,0.000000,194553200.000000,22196.950000
2024-02-21,0.698646,0.023949,0.648320,0.022897,2.516657,2.017452,-6.385183,3.014123,69.114981,0.705281,1,0.000000,259074450.000000,22055.050000
2024-02-22,0.895978,-4.937664,0.628430,0.303590,0.078542,0.146506,-10.680860,114.724499,29.711621,0.094970,0,1.000000,279389450.000000,22217.450000
2024-02-23,0.880727,0.532697,0.772169,0.507367,5.459489,3.544369,-4.246832,14.852962,24.712832,1.341800,6,0.000000,188978150.000000,22212.700000
2024-02-26,0.839359,0.611136,0.815059,0.099674,5.072089,3.968665,-2.246770,11.906040,43.756464,1.212365,3,0.000000,218322500.000000,22122.050000
2024-02-27,0.875538,1.340657,0.733485,0.443051,3.145955,3.611304,10.071794,40.075936,26.843619,0.970568,2,0.000000,239932850.000000,22198.350000
2024-02-28,0.518500,-0.183574,0.518158,-0.222540,2.055245,1.133654,-10.310092,-16.139068,62.801332,0.805425,1,0.000000,293047050.000000,21951.150000
2024-02-29,0.621587,0.162223,0.615359,-0.078243,0.376658,0.078243,-4.271012,16.329284,-16.844348,0.165584,0,1.000000,242713550.000000,21982.800000
2024-03-01,1.231686,1.962823,1.100244,0.621118,1.516423,2.960103,2.293158,35.414461,7.947804,1.408987,6,0.000000,171039750.000000,22338.750000
2024-03-04,1.255908,1.074025,0.929189,0.471311,0.917628,2.652908,2.860725,38.548965,31.239242,1.105304,3,0.000000,200251200.000000,22405.600000
2024-03-05,1.147687,11.218472,0.873648,0.251831,0.699132,2.879278,-1.512630,-31.208388,24.518670,0.846965,2,0.000000,188596000.000000,22356.300000
2024-03-06,1.328289,2.500031,0.934142,0.329491,2.109322,2.340255,3.046183,59.284942,25.287615,0.634955,1,0.000000,235968400.000000,22474.050000
2024-03-07,0.956796,0.184641,0.753291,-0.028675,0.193611,0.028675,-9.538442,37.271978,76.709872,0.040234,0,1.000000,293731500.000000,22493.550000
2024-03-11,0.697618,0.256255,0.758858,-0.301576,3.728398,2.988226,-8.882196,6.291345,38.428757,1.053390,3,0.000000,148074950.000000,22332.650000
2024-03-12,0.745354,1.455018,0.822609,-0.287880,1.502975,0.735594,11.996987,45.429711,35.662243,0.909307,2,0.000000,162479400.000000,22335.700000
2024-03-13,0.490272,0.259825,0.727516,-0.465049,1.353323,2.283421,-2.360265,9.110443,51.413960,0.781673,1,0.000000,292297450.000000,21997.700000
2024-03-14,0.860988,-1.485758,0.825611,-0.015126,0.210641,0.015126,-0.378481,62.409737,5.105472,0.037477,0,1.000000,307348100.000000,22146.650000
2024-03-15,0.795131,0.650505,0.921932,-0.121008,4.646659,4.434611,2.133265,12.553280,26.182052,1.324276,6,0.000000,134234600.000000,22023.350000
2024-03-18,0.768174,0.615551,0.827909,0.025844,4.786518,4.281433,0.431633,20.845411,26.955531,1.103116,3,0.000000,155572150.000000,22055.700000
2024-03-19,0.530877,0.054203,0.686546,-0.378367,3.746772,0.836716,-15.798997,-3.635236,63.598700,0.957720,2,0.000000,201746600.000000,21817.450000
2024-03-20,0.614912,-5.737739,0.666307,-0.049910,1.552720,0.736752,13.946994,89.771750,94.271193,0.687757,1,0.000000,210005900.000000,21839.100000
2024-03-21,0.842933,1.854811,0.817020,0.054289,0.054289,0.172861,13.466826,74.242450,37.370514,0.046111,0,1.000000,293663700.000000,22011.950000
2024-03-22,1.226847,1.472033,1.232595,-0.014708,0.437847,4.087705,1.468664,31.705061,16.577192,1.113738,6,0.000000,204315100.000000,22096.750000
2024-03-26,1.041255,0.334122,1.241498,-0.433089,0.021359,2.250883,-8.548212,21.135757,51.521014,0.963431,2,0.000000,236441700.000000,22004.700000
2024-03-27,1.130181,1.907196,1.111004,0.106899,0.558904,1.701121,2.684546,84.522342,35.734488,0.602071,1,0.000000,274980800.000000,22123.650000
2024-03-28,1.016246,0.624652,0.757562,0.120482,0.120482,1.223188,14.708345,62.186676,66.448538,0.178932,0,1.000000,335999900.000000,22326.900000
2024-04-01,0.977509,0.799573,0.827874,0.276022,0.721218,0.169175,-1.075666,23.915447,27.242715,0.973422,3,0.000000,170042450.000000,22462.000000
2024-04-02,0.899832,0.582890,0.728393,0.237382,2.018857,2.434831,-4.177390,19.009298,44.699571,0.762249,2,0.000000,203400600.000000,22453.300000
2024-04-03,0.853244,0.671008,0.853655,0.154449,1.937405,0.291290,2.540326,46.032195,60.008527,0.547590,1,0.000000,249136850.000000,22434.650000
2024-04-04,0.928592,1.259844,0.873183,0.065069,0.065069,0.823242,6.242877,59.631057,31.417418,0.082169,0,1.000000,318239600.000000,22514.650000
2024-04-05,0.899445,0.765273,0.892213,0.060852,0.060852,2.160018,-1.790685,17.493199,20.233184,1.045808,5,0.000000,160838000.000000,22513.700000
2024-04-08,1.386549,-33.476207,0.997837,0.292505,0.733688,1.472230,4.599057,64.403831,4.470467,0.809572,2,0.000000,199260600.000000,22666.300000
2024-04-09,1.065653,0.159958,0.876562,-0.032019,0.630445,1.577768,-10.111513,21.246650,69.258342,0.557353,1,0.000000,233574950.000000,22642.750000
2024-04-10,1.195195,0.371226,0.920416,0.016701,0.236444,0.203043,23.132761,28.568645,-81.084346,0.039774,0,1.000000,209198050.000000,22753.800000
2024-04-12,0.699355,0.321285,0.829444,-0.357914,1.418333,0.801975,-2.943640,11.604456,39.951671,1.097942,6,0.000000,159417550.000000,22519.400000
2024-04-15,0.632045,0.364444,0.905188,-0.572455,1.223482,1.919407,2.356031,-0.407192,66.894438,0.997867,3,0.000000,191613650.000000,22272.500000
2024-04-16,0.619491,0.538838,0.846755,-0.235237,0.667783,1.589767,-12.255068,5.906982,93.781525,0.716095,2,0.000000,219736300.000000,22147.900000
2024-04-18,0.839425,1.623156,1.319825,-0.700814,0.208448,0.018867,-6.295333,69.796829,57.622918,0.075469,0,1.000000,319615050.000000,21995.850000
2024-04-19,0.936337,1.980181,0.958245,-0.239310,0.663747,3.851537,-1.024593,13.148379,20.862433,1.433829,6,0.000000,194379350.000000,22147.000000
2024-04-22,1.072204,2.035431,0.827434,0.162963,1.506062,2.970935,4.104842,38.682719,18.857540,1.028366,3,0.000000,237360300.000000,22336.400000
2024-04-23,0.997979,0.523726,0.708561,0.304006,1.645207,2.825465,-10.101112,36.392008,50.444789,0.804721,2,0.000000,264676600.000000,22368.000000
2024-04-24,0.987269,0.856057,0.749391,0.233904,1.796236,0.435668,-11.912746,77.105495,58.818591,0.535657,1,0.000000,284746700.000000,22402.400000
2024-04-25,0.964796,0.917208,0.658207,0.311692,0.311692,0.131367,-4.825051,54.662867,56.593851,0.164596,0,1.000000,414475900.000000,22570.350000
2024-04-26,0.753198,0.168027,0.844129,-0.357048,4.103265,4.817361,-3.310273,7.430501,33.971060,1.234392,6,0.000000,155084800.000000,22419.950000
2024-04-29,1.130649,-6.551608,0.821170,0.412482,0.633297,1.574852,6.561007,52.180096,-3.567707,0.884143,3,0.000000,179213200.000000,22643.400000
2024-04-30,0.978653,0.314105,0.792604,0.021456,2.675753,1.748076,-3.604687,27.777904,41.833137,0.770410,2,0.000000,204494175.000000,22604.850000
2024-05-02,1.061853,1.244677,0.955593,-0.007948,0.212820,0.007948,-0.608490,54.296275,42.398164,0.043050,0,1.000000,310067025.000000,22648.200000
2024-05-03,0.644999,0.313251,0.671257,-0.107449,2.117161,1.442215,-2.308270,6.786591,34.548293,1.262466,6,0.000000,161476275.000000,22475.850000
2024-05-06,0.622937,0.501408,0.800332,-0.255317,1.972579,2.483213,-7.744196,17.144798,35.449277,1.126424,3,0.000000,188231475.000000,22442.700000
2024-05-07,0.555174,0.128354,0.763892,-0.437171,1.356350,3.127452,-4.116176,-13.374532,79.907880,0.966708,2,0.000000,209008650.000000,22302.500000
2024-05-08,0.576582,0.790140,0.711724,-0.212981,1.356350,2.230692,-9.413434,48.714183,82.537470,0.646340,1,0.000000,233126575.000000,22302.500000
2024-05-09,0.579859,0.592028,1.076053,-0.193556,0.034157,0.193556,-1.469173,40.509899,100.315034,0.064215,0,1.000000,296524475.000000,21957.500000
2024-05-10,0.672532,1.040367,0.810272,-0.203127,4.784359,4.283797,11.290147,18.083080,15.034177,1.348435,6,0.000000,134648850.000000,22055.200000
2024-05-13,0.775721,2.246634,0.724844,0.018322,4.994786,4.053330,2.696173,30.026982,31.332462,1.094596,3,0.000000,152985025.000000,22104.050000
2024-05-14,0.877951,2.335333,0.765852,0.080341,0.980518,3.520368,6.741538,61.096531,13.836804,0.886674,2,0.000000,173141775.000000,22217.850000
2024-05-15,0.731174,0.111538,0.673796,0.002477,0.903356,1.348840,-12.751645,31.634419,79.763484,0.638498,1,0.000000,197417075.000000,22200.550000
2024-05-16,1.155519,4.503881,0.858987,0.240360,0.017185,0.205991,9.037841,70.671465,22.169281,0.076773,0,1.000000,276959575.000000,22403.850000
2024-05-17,1.225827,1.586600,0.891971,0.294221,4.300257,2.376469,3.456113,26.851838,14.008046,1.188012,6,0.000000,126254725.000000,22466.100000
2024-05-21,1.091846,0.635266,0.936306,0.128945,0.128945,2.090412,-1.072982,30.297733,31.567885,0.895954,2,0.000000,166571075.000000,22529.050000
2024-05-22,1.160298,1.831729,0.908184,0.211525,2.645390,1.779819,0.723515,71.526384,39.628662,0.627716,1,0.000000,189559550.000000,22597.800000
2024-05-23,1.121381,1.064794,0.663873,0.512242,0.076847,0.140850,-0.530790,58.775335,51.620708,0.082725,0,1.000000,314166325.000000,22967.650000
2024-05-24,1.029120,0.534128,1.074273,0.248725,1.991105,4.542821,-6.603594,22.062649,15.565308,1.383450,6,0.000000,200012750.000000,22957.100000
2024-05-27,0.883960,0.065758,1.090258,0.141503,1.885756,4.655194,-5.059053,18.083875,28.958773,1.190017,3,0.000000,218650625.000000,22932.450000
2024-05-28,0.790653,0.078730,0.948078,-0.051774,1.695856,4.857754,-0.353319,9.069593,58.872974,0.982168,2,0.000000,235059300.000000,22888.150000
2024-05-29,0.641494,0.140358,0.891688,-0.419737,3.103763,3.502799,-3.294711,12.190751,65.262089,0.777592,1,0.000000,279614800.000000,22704.700000
2024-05-30,0.526269,0.257893,0.779589,-0.050470,0.171864,0.050470,-13.920674,22.476887,80.921505,0.106721,0,1.000000,371610525.000000,22488.650000
2024-05-31,0.762878,0.692235,0.952020,-0.307580,10.344552,2.082936,6.359320,7.505432,9.380061,3.822562,6,0.000000,105999900.000000,22530.700000
2024-06-03,0.896569,1.304592,0.461175,1.134376,13.170191,6.173084,-9.382814,21.756606,4.640668,2.876130,3,0.000000,151403925.000000,23263.900000
2024-06-04,0.532782,-0.116486,1.040540,-1.898604,7.697229,12.865270,-4.477270,0.025931,24.230481,2.730471,2,0.000000,190922750.000000,21884.500000
2024-06-05,0.605737,0.905431,0.477062,0.753083,10.699879,6.099154,-8.100140,15.470521,20.820680,1.458863,1,0.000000,248698600.000000,22620.350000
2024-06-06,0.697294,1.101498,0.705298,0.312864,0.093772,2.973525,12.728339,60.453412,52.719346,0.092238,0,1.000000,322424050.000000,22821.400000
2024-06-07,1.098286,1.537637,0.705519,1.245806,1.245806,3.047855,2.967081,23.032974,14.013342,1.805699,6,0.000000,139441575.000000,23290.150000
2024-06-10,0.817062,0.205237,0.790038,0.469492,1.114398,3.184976,-5.905038,15.507668,21.319469,1.473825,3,0.000000,176256750.000000,23259.200000
2024-06-11,0.893475,1.690682,0.991729,0.278747,3.287578,3.159917,-4.306646,35.698111,8.727913,1.016770,2,0.000000,201273900.000000,23264.850000
2024-06-12,0.898104,0.940650,0.874114,0.098401,1.384688,2.902935,12.667229,58.880348,57.614472,0.733612,1,0.000000,223718825.000000,23322.950000
2024-06-13,0.881988,0.829927,0.774718,-0.004701,0.208984,0.004701,-4.176505,59.407930,64.479130,0.029061,0,1.000000,290484575.000000,23398.900000
2024-06-14,1.308327,1.776864,1.098717,0.279558,0.279558,2.277376,-1.640581,26.051457,14.515483,1.001892,6,0.000000,125989125.000000,23465.600000
2024-06-18,1.199821,0.853497,0.812469,0.245777,2.368208,1.876653,1.868627,36.867748,31.106798,0.722688,2,0.000000,157684850.000000,23557.900000
2024-06-19,0.953790,0.104079,0.822082,0.068039,2.194251,2.058173,3.735649,16.664066,59.259918,0.638501,1,0.000000,180599875.000000,23516.000000
2024-06-20,1.020287,1.201846,0.912109,0.072135,0.072135,0.140026,6.788778,52.333774,34.660556,0.075105,0,1.000000,255142750.000000,23567.000000
2024-06-21,0.920894,0.305663,0.744925,0.430193,2.132241,2.122879,-1.345796,5.514884,30.890171,1.106969,6,0.000000,217452175.000000,23501.100000
2024-06-24,1.030558,2.193846,0.744679,0.585652,2.285043,1.963433,3.813528,35.492024,18.895564,0.997117,3,0.000000,251536100.000000,23537.850000
2024-06-25,1.338856,-3.577371,0.915345,0.722136,3.040727,1.174893,5.675121,52.130622,-15.477832,0.858933,2,0.000000,271557825.000000,23721.300000
2024-06-26,1.270542,0.887944,0.880635,0.707199,3.639898,0.549672,-7.113507,75.528828,39.844595,0.642052,1,0.000000,310697450.000000,23868.800000
2024-06-27,1.144054,0.592970,0.714256,0.393021,0.185074,0.022874,6.985197,88.714245,72.623602,0.065296,0,1.000000,360729325.000000,24044.500000
2024-06-28,0.982846,0.427654,0.951336,0.044147,4.208974,4.120680,-5.391412,12.214972,17.824589,1.265483,6,0.000000,158496050.000000,24010.600000
2024-07-01,1.073193,1.770250,0.829592,0.380872,0.587981,3.554187,1.448822,40.658046,15.674508,1.027672,3,0.000000,187196950.000000,24141.950000
2024-07-02,0.996662,0.188790,0.794439,0.098865,0.513392,3.631883,1.495055,24.141899,70.105055,0.882322,2,0.000000,197365475.000000,24123.850000
2024-07-03,1.128148,2.707586,0.811286,0.356165,1.179668,2.937846,4.754265,83.684317,22.784498,0.618656,1,0.000000,227874925.000000,24286.500000
2024-07-04,0.889385,0.354689,0.801321,0.008847,0.008847,0.196896,0.083908,55.538282,70.547139,0.022015,0,1.000000,292648175.000000,24302.150000
2024-07-05,1.002114,0.961127,0.835055,0.303611,1.331409,2.779782,-0.121763,17.271149,21.223191,0.999842,6,0.000000,160813925.000000,24323.850000
2024-07-08,0.984440,0.705699,0.813700,0.084496,1.318021,2.793728,-3.314273,43.653614,64.089762,0.874775,3,0.000000,169501350.000000,24320.550000
2024-07-09,1.132859,-31.473251,0.953213,0.135881,1.772997,2.319794,-0.660563,112.690288,9.774585,0.679813,2,0.000000,181349350.000000,24433.200000
2024-07-10,0.735726,-0.214633,0.635316,0.100516,1.333843,0.721702,-5.857737,0.632174,81.978770,0.559314,1,0.000000,209253900.000000,24324.450000
2024-07-11,0.754308,0.814239,0.732981,0.065595,0.065595,0.140032,4.309800,51.122028,54.807242,0.066417,0,1.000000,277070850.000000,24315.950000
2024-07-12,1.041813,1.153489,0.926866,0.416902,2.049412,2.031863,-0.696663,27.028224,15.086675,0.965834,6,0.000000,136267050.000000,24502.150000
2024-07-15,1.170096,1.935668,0.855886,0.352630,0.352630,1.680990,0.180097,40.924245,27.146393,0.800026,3,0.000000,169096550.000000,24586.700000
2024-07-16,1.104189,0.782756,0.772925,0.052818,2.490554,1.572340,-0.264104,49.136857,53.494089,0.576321,2,0.000000,197579650.000000,24613.000000
2024-07-18,1.190681,1.384281,0.808831,0.003427,0.003427,0.802997,15.116433,56.167790,42.336941,0.044353,0,1.000000,297598450.000000,24800.850000
2024-07-19,0.992724,0.233148,0.858133,0.125964,4.202455,3.950528,-2.218167,-3.128490,31.186494,1.904537,6,0.000000,182151575.000000,24530.900000
2024-07-22,0.887119,0.312522,0.917749,0.037741,2.077787,4.042351,1.836372,2.489651,16.129617,1.766680,3,0.000000,204201850.000000,24509.250000
2024-07-23,0.746181,0.307506,0.818469,0.118673,1.956980,2.128146,-6.534849,14.382795,39.267064,0.951630,2,0.000000,249657375.000000,24479.050000
2024-07-24,0.755026,0.818828,0.778175,0.055297,1.693735,2.402359,-0.755602,35.177849,58.152460,0.649436,1,0.000000,285704775.000000,24413.500000
2024-07-25,0.922694,1.981849,0.917483,0.024994,0.024994,0.179873,8.840926,62.368366,62.751251,0.026838,0,1.000000,362549100.000000,24406.100000
2024-07-26,1.281026,1.764434,0.849831,0.542987,12.421456,0.664993,6.622914,33.313100,15.264851,1.097047,6,0.000000,166017950.000000,24834.850000
2024-07-29,0.979239,-0.100160,0.827528,0.145353,3.366471,2.673125,-4.824318,18.832832,27.581844,0.953853,3,0.000000,184328750.000000,24836.100000
2024-07-30,1.089901,8.521787,0.877763,0.230516,3.448886,2.585558,-1.895245,53.197302,18.661817,0.781662,2,0.000000,197532850.000000,24857.300000
2024-07-31,1.181582,1.894597,0.823433,0.205001,1.808133,2.199698,2.479606,41.416286,19.102674,0.656683,1,0.000000,232711825.000000,24951.150000
2024-08-01,0.945229,0.489642,0.784188,0.043581,0.043581,0.156332,-1.941069,65.761243,62.046780,0.046380,0,1.000000,315148375.000000,25010.900000
2024-08-02,0.633824,0.357181,0.596273,-0.130676,2.903587,5.187780,-2.745682,1.096688,29.749893,1.246273,6,0.000000,167719925.000000,24717.700000
2024-08-05,0.456763,-0.064705,1.113649,-1.015980,0.231131,8.082941,-9.252170,-11.100812,55.077837,1.748034,3,0.000000,200320250.000000,24055.600000
2024-08-06,0.489661,0.729036,0.990919,-0.864643,7.054481,4.199012,17.413918,10.081367,29.422778,1.215586,2,0.000000,232996125.000000,23992.550000
2024-08-07,0.701306,34.548350,0.793686,-0.010289,1.224406,2.891244,3.344246,59.840568,14.626224,0.727441,1,0.000000,267763300.000000,24297.500000
2024-08-08,0.696590,0.660314,0.939119,-0.136833,0.070490,0.136833,-3.097373,74.251594,141.020489,0.118589,0,1.000000,301739675.000000,24117.000000
2024-08-09,0.810107,1.255930,0.764950,0.071817,5.611983,2.595670,-6.334786,22.818342,7.278175,1.213707,5,0.000000,136657000.000000,24367.500000
2024-08-12,0.792690,0.732099,0.749556,-0.012322,3.478868,2.682055,-4.886093,17.195666,28.361113,0.962336,2,0.000000,174246850.000000,24347.000000
2024-08-13,0.525725,-0.037982,0.612691,-0.252703,2.647168,3.566842,2.455026,4.330999,75.995933,0.724761,1,0.000000,218530600.000000,24139.000000
2024-08-14,0.619013,-0.435371,0.708746,-0.025887,0.181206,0.025887,-56.289909,64.886736,45.453508,0.034170,0,1.000000,211375300.000000,24143.750000
2024-08-16,1.190884,2.197509,0.719572,0.167678,6.279861,1.869717,-1.335497,32.826260,10.438307,1.079208,6,0.000000,146785300.000000,24541.150000
2024-08-19,0.997803,0.220304,0.661198,0.295654,2.330436,1.739129,-1.677545,28.002842,53.454766,0.889200,3,0.000000,167088775.000000,24572.650000
2024-08-20,1.136640,-3.095202,0.822581,0.400221,1.614853,1.219288,27.394526,124.255072,-50.664667,0.688291,2,0.000000,172837800.000000,24698.850000
2024-08-21,1.106373,0.963365,0.815869,0.283405,1.090827,0.927728,-1.489654,50.914290,42.770315,0.472140,1,0.000000,206451300.000000,24770.200000
2024-08-22,0.890359,0.508035,0.737385,0.046349,0.046349,0.155170,14.627281,48.123456,59.886872,0.043528,0,1.000000,289962550.000000,24811.500000
2024-08-23,1.167830,0.782392,0.970308,0.093260,3.316058,4.740937,1.960102,28.276420,26.825237,1.064933,6,0.000000,186522525.000000,24823.150000
2024-08-26,1.220099,1.504494,0.835030,0.442213,4.040687,3.955923,-1.313340,38.428928,12.090354,0.833846,3,0.000000,226127650.000000,25010.600000
2024-08-27,1.113993,-0.468346,0.743246,0.470666,0.070950,1.927631,-2.788968,16.323987,88.847868,0.641744,2,0.000000,229758850.000000,25017.750000
2024-08-28,1.111384,1.091425,0.856980,0.208962,0.208962,1.786858,2.367543,66.113954,40.302908,0.474606,1,0.000000,259477425.000000,25052.350000
2024-08-29,1.180706,1.448064,0.961944,0.206545,0.206545,0.191039,3.029060,66.232143,46.763090,0.073354,0,1.000000,337484300.000000,25151.950000
2024-08-30,1.289560,1.324404,1.148675,0.142258,0.934779,3.027829,-0.258102,28.570572,14.234493,0.977179,6,0.000000,152046825.000000,25235.900000
2024-09-02,0.960889,0.142659,0.728409,0.311329,1.102509,2.853390,-5.213260,3.062981,52.796134,0.828168,3,0.000000,182527750.000000,25278.700000
2024-09-03,0.982657,2.169275,0.780885,0.118078,1.107008,2.848712,6.676183,97.746580,63.970232,0.667528,2,0.000000,187939525.000000,25279.850000
2024-09-04,0.817873,0.370716,0.730050,-0.005159,0.788533,0.402005,0.365533,22.617104,56.477913,0.542488,1,0.000000,235821650.000000,25198.700000
2024-09-05,0.715395,0.541372,0.824146,-0.019487,0.179359,0.218333,-15.647310,46.434320,58.064997,0.026049,0,1.000000,353569525.000000,25145.100000
2024-09-06,0.605987,0.290655,0.721919,-0.393729,10.068143,4.618715,1.548811,3.129655,37.354560,1.278360,6,0.000000,176662650.000000,24852.150000
2024-09-09,0.672953,23.403379,0.740648,-0.054539,3.755153,4.265251,8.374823,82.182518,6.272029,0.902095,3,0.000000,184571175.000000,24936.400000
2024-09-10,0.790800,-2.009574,0.816012,0.164130,1.761504,3.829305,17.683032,103.675660,-16.838725,0.663509,2,0.000000,189258475.000000,25041.100000
2024-09-11,0.602777,0.182303,0.638816,-0.126613,1.679278,0.327268,-8.224957,7.014827,67.366439,0.569257,1,0.000000,245132625.000000,24918.450000
2024-09-12,1.002904,9.333112,0.709571,0.744026,1.531772,0.043720,-1.858474,94.556806,25.395565,0.069322,0,1.000000,321043025.000000,25388.900000
2024-09-13,1.095584,0.930135,0.835579,0.222823,1.405951,2.537811,-2.441125,18.514775,14.385716,1.030505,6,0.000000,156745975.000000,25356.500000
2024-09-16,0.987364,0.381314,0.872888,0.132959,1.511794,2.427734,-12.391155,32.051768,19.006258,0.851135,3,0.000000,175195425.000000,25383.750000
2024-09-17,1.038177,2.049572,0.798994,0.072978,1.646632,2.287503,-7.279923,37.026541,19.039228,0.777778,2,0.000000,188701750.000000,25418.550000
2024-09-18,0.890546,0.201336,0.731106,0.108561,1.487732,2.452758,4.508914,-7.003827,41.567548,0.843265,1,0.000000,212526225.000000,25377.550000
2024-09-19,0.786847,0.624099,0.807538,0.062166,0.062166,0.134562,2.849718,46.512934,47.347315,0.045444,0,1.000000,328857900.000000,25415.800000
2024-09-20,1.489121,3.242907,0.802653,0.934242,3.066773,4.687885,-3.221567,34.971393,4.309103,1.046685,6,0.000000,246404625.000000,25790.950000
2024-09-23,1.385667,0.866815,0.816053,0.921583,3.620217,4.090165,-4.601678,33.860100,8.827211,0.937583,3,0.000000,283252050.000000,25939.050000
2024-09-24,1.260366,-0.227687,0.829587,0.733990,3.625233,4.084748,-18.497969,51.725999,55.707163,0.741122,2,0.000000,290973400.000000,25940.400000
2024-09-25,1.299078,1.785688,0.896501,0.592790,3.861499,3.829581,-0.839175,68.963064,34.832765,0.517994,1,0.000000,319501425.000000,26004.150000
2024-09-26,1.296262,1.227492,0.938751,0.442668,0.061222,0.129501,52.883887,337.986762,109.524796,0.119011,0,1.000000,332177025.000000,26216.050000
2024-09-27,1.056244,0.548179,0.921057,-0.080408,4.503427,3.136298,-3.693763,19.889161,26.314352,1.004433,6,0.000000,168574450.000000,26178.950000
2024-09-30,0.654200,0.001313,0.791346,-0.539114,10.696471,0.732831,-9.593092,-4.283863,57.893766,0.937978,3,0.000000,219124625.000000,25810.850000
2024-10-01,0.668483,0.744215,0.700905,-0.399660,10.648179,0.787304,-2.614685,24.504411,49.143813,0.569448,2,0.000000,262701575.000000,25796.900000
2024-10-03,0.746363,1.082050,1.116883,-0.197623,0.000396,0.197623,6.885073,58.889651,106.115225,0.029109,0,1.000000,338755600.000000,25250.100000
2024-10-04,0.440419,0.271800,0.836988,-1.140934,7.653930,11.734747,-4.445385,2.127789,19.194362,1.509518,6,0.000000,199303925.000000,25014.600000
2024-10-07,0.451931,0.575874,1.021153,-1.227025,6.838874,12.720930,6.191132,8.110700,59.324781,1.456096,3,0.000000,219555875.000000,24795.750000
2024-10-08,0.551596,13.602018,0.628775,-0.147323,7.648577,11.741224,-10.381447,43.128726,33.384333,1.053646,2,0.000000,236418650.000000,25013.150000
2024-10-09,0.538730,0.455704,0.724244,-0.272397,3.930638,2.073697,-11.239732,28.784867,54.766783,0.715917,1,0.000000,270789575.000000,24981.950000
2024-10-10,0.733072,2.427763,1.001073,-0.006200,0.193812,0.006200,-16.667402,77.826369,55.226834,0.019001,0,1.000000,339965775.000000,24998.450000
2024-10-11,0.585671,0.401503,0.824143,-0.143205,3.862523,4.148933,-4.399043,12.899691,27.004169,1.150846,6,0.000000,143210950.000000,24964.250000
2024-10-14,0.699742,2.887051,0.734564,0.111231,0.509194,3.470438,14.410735,48.382846,14.797306,0.894820,3,0.000000,161519350.000000,25127.950000
2024-10-15,0.559682,0.136678,0.560233,0.029333,0.228875,0.569294,-13.799964,2.771135,55.439269,0.747485,2,0.000000,197283575.000000,25057.350000
2024-10-16,0.541731,0.462559,0.656402,-0.114932,1.887367,2.117231,-7.292975,17.240292,46.518284,0.550031,1,0.000000,239228050.000000,24971.300000
2024-10-17,0.516364,0.453141,0.829295,-0.000606,0.201415,0.000606,-17.963613,37.165804,67.580459,0.014950,0,1.000000,329700800.000000,24749.850000
2024-10-18,0.746243,1.501400,0.837949,0.016295,3.436261,4.610717,5.103933,26.825077,20.274275,1.108672,6,0.000000,142216100.000000,24854.050000
2024-10-21,0.585899,0.064427,0.634502,-0.076268,3.151999,0.883334,-7.261167,-5.847650,54.534583,0.952540,3,0.000000,168871250.000000,24781.100000
2024-10-22,0.494979,0.042053,0.927547,-0.726950,1.929136,2.157150,-3.019858,-4.307894,72.497023,0.972332,2,0.000000,191145475.000000,24472.100000
2024-10-23,0.614288,1.551671,0.817907,-0.468581,1.782243,2.310163,-5.063727,29.294878,54.456740,0.647623,1,0.000000,232670225.000000,24435.500000
2024-10-24,0.755010,1.303987,1.018407,-0.002459,0.202464,0.002459,-16.367077,54.148643,47.365161,0.013115,0,1.000000,317793550.000000,24399.400000
2024-10-25,0.747255,0.355895,0.966446,-1.320056,4.883213,3.387812,-1.138691,0.136058,35.674715,1.256989,6,0.000000,237425550.000000,24180.800000
2024-10-28,0.843217,46.584758,0.950144,-0.660869,1.393434,2.715173,20.457456,81.516156,4.340695,0.946418,3,0.000000,250990775.000000,24339.150000
2024-10-29,0.920040,3.336265,0.960295,-0.135489,1.908092,2.179071,6.659165,45.245356,-5.517411,0.747542,2,0.000000,269764525.000000,24466.850000
2024-10-30,0.784076,0.223230,0.801516,-0.448423,1.400321,2.707999,-0.339799,6.466267,56.147949,0.614194,1,0.000000,311428825.000000,24340.850000
2024-10-31,0.730658,0.157538,0.960936,-0.184463,0.022103,0.184463,-0.978201,103.392308,168.418153,0.028919,0,1.000000,330261875.000000,24205.350000
2024-11-01,0.823625,1.263387,0.829278,0.017898,7.629704,11.091224,1.158036,17.359836,13.379604,1.680563,6,0.000000,126124850.000000,24304.350000
2024-11-04,0.617246,0.290887,0.790817,-0.436126,6.440206,12.521801,1.170475,0.617585,30.061245,1.636150,3,0.000000,182582675.000000,23995.350000
2024-11-05,0.760166,-5.408905,0.681114,0.054928,7.282361,11.508964,-9.194101,16.898581,-27.932487,1.332119,2,0.000000,194114275.000000,24213.300000
2024-11-06,0.846741,1.032705,0.709104,0.547499,1.977001,10.275873,2.697977,29.326082,20.585786,0.720673,1,0.000000,298474875.000000,24484.050000
2024-11-07,0.654837,-0.079517,0.831449,-0.002686,0.823782,0.002686,-58.364098,47.308343,120.139108,0.014050,0,1.000000,337352100.000000,24199.350000
2024-11-08,0.692352,0.907956,0.761259,-0.214509,7.860627,3.527385,-1.934195,11.308456,19.082723,1.219553,6,0.000000,170409650.000000,24148.200000
2024-11-11,0.719404,0.905277,0.770467,-0.243152,7.834292,11.427305,-9.439557,20.815035,25.711868,0.976128,3,0.000000,198331775.000000,24141.300000
2024-11-12,0.506753,-0.081702,0.701208,-0.487995,6.839255,12.630294,-1.372546,-9.058529,57.727733,0.875292,2,0.000000,236610025.000000,23883.450000
2024-11-13,0.548249,0.757855,0.918894,-0.810517,2.372973,14.181175,0.047532,15.218074,59.463501,0.782926,1,0.000000,291257875.000000,23559.050000
2024-11-14,0.744004,-6.757995,0.973962,-0.073515,0.138956,0.073515,2.170434,93.757590,89.609201,0.106235,0,1.000000,319522575.000000,23532.700000
2024-11-18,0.707459,0.794395,0.961571,-0.196983,7.051309,2.328834,-0.488900,19.719931,25.540220,1.008792,3,0.000000,209237950.000000,23453.800000
2024-11-19,0.654104,0.104202,0.742965,-0.133937,2.204647,2.047324,-9.376089,8.844627,22.066628,0.905032,2,0.000000,222366825.000000,23518.500000
2024-11-21,0.802261,1.321501,0.907912,-0.000428,0.213705,0.000428,-16.159865,49.733926,68.410342,0.019914,0,1.000000,311416300.000000,23349.900000
2024-11-22,1.140554,3.105502,0.880573,0.030326,9.232555,4.570789,0.080507,31.164037,3.301385,1.667695,6,0.000000,235089600.000000,23907.250000
2024-11-25,1.030493,0.628487,0.741510,0.296839,7.108856,3.212382,-1.539532,41.921643,10.765493,1.194787,3,0.000000,284055775.000000,24221.900000
2024-11-26,0.947089,0.071269,0.734024,0.183926,4.937072,3.329269,-6.101628,23.166989,59.844902,0.906818,2,0.000000,298327375.000000,24194.500000
2024-11-27,1.030034,-2.608365,0.879276,0.308549,1.132445,2.987036,22.229495,119.473371,1.036001,0.640167,1,0.000000,303945275.000000,24274.900000
2024-11-28,0.728546,-1.679121,1.116617,-0.149911,0.059170,1.613480,7.441007,-5.254639,70.454071,0.064815,0,1.000000,291212800.000000,23914.150000
2024-11-29,0.955124,1.771955,0.999559,0.128879,4.687312,3.600748,0.073780,24.898360,6.257359,1.307234,6,0.000000,218520575.000000,24131.100000
2024-12-02,1.179935,1.977386,0.993522,0.313272,5.256415,2.982157,2.233123,24.884825,12.067774,1.264209,3,0.000000,312334275.000000,24276.050000
2024-12-03,1.279675,4.327397,0.774774,0.642552,3.913579,2.219596,21.587101,61.411357,3.507476,1.076577,2,0.000000,337313775.000000,24457.150000
2024-12-04,1.107269,-1.156954,0.692389,0.275672,3.954029,2.176565,-14.313637,6.300807,34.391286,0.946768,1,0.000000,335545425.000000,24467.450000
2024-12-05,1.090050,1.245166,0.615757,0.236357,0.033997,1.180165,37.979028,95.628640,-19.971588,0.108465,0,1.000000,295861550.000000,24708.400000
2024-12-06,0.888195,0.672917,0.839391,-0.089959,12.471938,6.168297,-0.489568,11.455263,14.891898,1.471971,6,0.000000,254179775.000000,24677.800000
2024-12-09,0.751725,0.423391,0.713790,-0.125919,12.262886,5.609489,-4.876400,13.767901,30.374564,1.187904,3,0.000000,333821000.000000,24619.000000
2024-12-10,0.702359,0.111966,0.642040,0.040837,2.478865,5.647896,12.963637,25.649600,77.766161,0.949003,2,0.000000,351539600.000000,24610.050000
2024-12-11,0.710472,1.016471,0.669066,0.169630,2.604518,1.453628,-6.157368,114.366362,143.955290,0.522689,1,0.000000,362579625.000000,24641.800000
2024-12-12,0.580866,2.916774,0.644762,-0.005296,0.198381,0.005296,-40.295975,0.641573,37.172606,0.014665,0,1.000000,316513175.000000,24548.700000
2024-12-13,1.040084,1.545973,0.799061,0.477627,1.083239,4.972889,1.325598,21.572654,15.072223,1.163382,6,0.000000,215330225.000000,24768.300000
2024-12-16,0.765871,0.192807,0.753960,0.073982,2.708948,5.398640,-0.414357,5.574592,27.296468,1.270054,3,0.000000,275574100.000000,24668.250000
2024-12-17,0.477324,-0.065546,0.777853,-0.468442,1.791584,2.728468,-2.152692,-6.516712,48.757305,0.946129,2,0.000000,353083925.000000,24336.000000
2024-12-18,0.375120,-0.345084,0.641667,-0.211374,0.821733,5.376908,-9.361826,-16.752035,65.910731,0.613046,1,0.000000,375296700.000000,24198.850000
2024-12-19,0.610898,-0.220101,0.884865,0.007098,0.007098,0.201656,5.301199,12.699936,37.090532,0.014613,0,1.000000,314905125.000000,23951.700000
2024-12-20,0.701655,0.405089,1.287650,-1.748808,2.490726,5.988341,-3.523515,2.097097,25.424976,1.549550,6,0.000000,297461150.000000,23587.500000
2024-12-23,0.767608,1.245704,0.953592,-0.827459,1.067003,5.247869,3.454101,26.176811,24.845232,0.829985,3,0.000000,351614900.000000,23753.450000
2024-12-24,0.888647,-0.877157,0.932728,-0.726368,7.281168,1.147817,7.610600,12.387603,17.681101,0.573592,2,0.000000,349939900.000000,23727.650000
2024-12-26,0.792771,-0.403878,0.924385,0.000842,0.211367,0.209682,2.072742,152.845027,167.724050,0.011579,0,1.000000,358789400.000000,23750.200000
2024-12-27,0.913582,1.004444,1.035078,-0.363661,9.294767,4.982909,-1.707991,20.480926,17.342043,1.215912,6,0.000000,197884650.000000,23813.400000
2024-12-30,0.747004,0.281154,0.985294,-0.655955,8.648377,5.731046,-1.767115,1.258923,31.533711,1.144010,3,0.000000,245258475.000000,23644.900000
2024-12-31,0.937914,1.635730,0.857948,-0.233455,8.647990,3.616863,-2.471536,6.863698,13.884238,1.140631,2,0.000000,346491075.000000,23644.800000
2025-01-01,1.035855,12.158394,0.811470,-0.029904,3.128935,3.188743,18.144167,73.786931,13.168441,1.016725,1,0.000000,367207650.000000,23742.900000
2025-01-02,1.217148,0.393768,0.641370,0.159786,0.159786,0.046923,4.923635,77.462901,-26.525273,0.067180,0,1.000000,311855250.000000,24188.650000
2025-01-03,0.722884,0.387428,0.803990,0.019788,8.976348,10.394818,-4.511528,8.060686,20.860949,1.304533,6,0.000000,267161400.000000,24004.750000
2025-01-06,0.561332,-0.097403,1.096190,-0.990640,7.478177,5.860209,-4.678074,-27.183541,45.256422,1.651419,3,0.000000,301486575.000000,23616.050000
2025-01-07,0.693261,13.585228,0.801456,-0.388478,2.985925,3.341080,4.279725,30.056444,33.303060,1.018437,2,0.000000,330307350.000000,23707.900000
2025-01-08,0.716781,1.338353,0.797610,-0.046646,2.908318,1.313059,-11.449403,102.851705,130.438901,0.617376,1,0.000000,347568075.000000,23688.950000
2025-01-09,0.656211,-1.194853,0.884726,-0.099887,0.112639,0.099887,-22.856391,38.017301,279.697937,0.130491,0,1.000000,346277250.000000,23526.500000
2025-01-10,0.728963,0.781833,0.964789,-0.505729,6.109297,4.560101,1.054308,11.783834,18.244458,1.370377,6,0.000000,210916875.000000,23431.500000
2025-01-13,0.585518,0.332526,0.915631,-0.710605,4.703943,14.788432,-2.671900,7.442341,38.737701,1.178422,3,0.000000,303084450.000000,23085.950000
2025-01-14,0.801013,-102.713155,0.985897,-0.319079,0.759620,3.555179,8.373947,38.186305,7.287090,0.758542,2,0.000000,343561200.000000,23176.050000
2025-01-15,0.730538,-0.807375,0.864396,0.056864,0.056864,0.373925,-27.802331,107.017635,158.656096,0.478392,1,0.000000,345245025.000000,23213.200000
2025-01-16,0.727182,0.589820,0.828403,0.050618,0.050618,0.163866,157.960396,320.787039,192.640626,0.024022,0,1.000000,352994325.000000,23311.800000
2025-01-17,0.791936,0.643079,0.916834,-0.201696,5.185492,3.434009,-2.635341,13.502605,20.073869,1.425234,6,0.000000,191398950.000000,23203.200000
2025-01-20,1.014089,3.138047,0.973361,0.191692,5.760396,2.806841,4.856658,35.253273,4.780407,1.204553,3,0.000000,237628275.000000,23344.750000
2025-01-21,0.646114,-0.434322,1.000716,-0.761575,4.450231,4.236112,-5.883815,-22.527015,33.559672,1.124230,2,0.000000,260358675.000000,23024.650000
2025-01-22,0.811843,-41.634321,0.838310,0.023105,0.670903,1.488425,13.750709,96.757166,67.597586,0.530331,1,0.000000,285452400.000000,23155.350000
2025-01-23,1.051662,-13.668215,1.057825,0.023055,0.023055,0.192413,48.458083,115.069173,53.114013,0.032105,0,1.000000,317969175.000000,23205.350000
2025-01-24,0.756713,0.348431,0.935034,-0.899871,4.729736,3.931198,-3.605710,4.420522,28.255690,1.451139,6,0.000000,243184550.000000,23092.200000
2025-01-27,0.662382,0.207367,1.025969,-1.186422,3.631979,5.128750,-0.708151,0.452380,60.484818,1.348057,3,0.000000,277834650.000000,22829.150000
2025-01-28,0.888287,-1.966201,1.168428,-0.621808,4.169707,4.542138,8.045403,43.622856,-13.027398,1.215520,2,0.000000,290614375.000000,22957.250000
2025-01-29,1.020804,-1.953529,0.990843,0.272416,0.704137,3.613074,5.813587,65.377954,-7.359722,1.281132,1,0.000000,297152650.000000,23163.100000
2025-01-30,0.878156,3.020885,0.774464,0.212908,1.073141,0.002151,-22.307697,11.479164,15.247036,0.061077,0,1.000000,257790900.000000,23249.500000
2025-01-31,0.884825,1.058910,1.114219,0.461112,10.244849,10.386075,-0.359194,24.159993,15.004336,2.114351,6,0.000000,197105625.000000,23508.400000
2025-02-03,0.742256,0.603962,0.940501,-0.166731,9.678717,2.735108,-26.053551,18.525662,49.944538,0.991822,3,0.000000,335921775.000000,23361.050000
2025-02-04,1.125667,-0.966948,0.740940,0.586581,3.114041,1.098392,9.294163,40.062538,-34.499619,0.796150,2,0.000000,334754175.000000,23739.250000
2025-02-05,0.847909,-0.188713,0.662307,0.406393,2.938433,1.281635,-1.733715,20.718456,68.183524,0.613598,1,0.000000,368987700.000000,23696.300000
2025-02-06,0.758428,-1.443332,0.771953,0.014193,0.014193,0.197641,-0.518968,66.529612,128.949469,0.032834,0,1.000000,365390025.000000,23603.350000
2025-02-07,0.670436,0.494320,0.619352,-0.169992,4.498948,8.234525,0.438314,9.255550,24.345081,1.280987,6,0.000000,204175125.000000,23559.950000
2025-02-10,0.591217,0.356790,0.763032,-0.506381,3.770486,9.060116,-1.511741,7.207535,31.636684,1.176780,3,0.000000,260216475.000000,23381.600000
2025-02-11,0.528680,0.202648,0.978053,-0.772371,2.478350,4.023093,-6.648217,-1.092662,83.604312,1.012925,2,0.000000,297940875.000000,23071.800000
2025-02-12,0.641055,-1.680406,0.872225,-0.237576,2.365997,4.142936,19.187138,23.123326,68.597095,0.750697,1,0.000000,304360200.000000,23045.250000
2025-02-13,0.705118,0.313620,0.956224,-0.080759,0.136336,0.080759,-15.222581,18.482238,33.083063,0.084667,0,1.000000,264493275.000000,23031.400000
2025-02-14,0.641232,0.463793,0.849291,-0.308558,4.052684,11.211662,-3.098969,10.396224,21.537480,1.461888,6,0.000000,219960600.000000,22929.250000
2025-02-17,0.818570,13.862194,0.853794,-0.176398,4.179098,4.531893,6.424391,39.128219,5.972410,1.338008,3,0.000000,247041375.000000,22959.500000
2025-02-18,0.769219,0.242016,0.847003,-0.020483,4.119798,2.417489,-22.451742,25.396871,76.096113,1.035506,2,0.000000,262835250.000000,22945.300000
2025-02-19,0.707084,-14.046632,0.798226,-0.074565,1.887681,2.472866,-3.655224,41.113298,141.613620,0.716656,1,0.000000,254672625.000000,22932.900000
2025-02-20,0.830731,-0.151591,0.994610,0.057391,0.057391,0.160825,43.686445,89.032435,36.552308,0.060009,0,1.000000,238740975.000000,22913.150000
2025-02-21,0.733909,0.537327,0.904331,-0.895336,3.491417,5.282090,-3.408847,14.509577,33.712707,1.256147,6,0.000000,284397525.000000,22795.900000
2025-02-24,0.613543,0.241710,0.828532,-0.650236,0.236550,1.980415,-3.004393,11.685054,68.957597,0.950635,3,0.000000,350325975.000000,22553.350000
2025-02-25,0.662047,0.185827,0.883749,-0.676127,0.210888,0.676127,-17.833486,0.745910,28.212733,0.545736,2,0.000000,324102975.000000,22547.550000
2025-02-27,0.766346,0.170245,0.985462,-0.243734,0.199822,0.021956,-35.675940,39.504668,22.502207,0.018629,0,1.000000,284175225.000000,22545.050000
2025-02-28,0.659123,0.490025,1.033626,-0.792327,5.987426,1.696294,-3.916758,14.659208,29.522107,1.388493,6,0.000000,249999525.000000,22124.700000
2025-03-03,0.712598,1.277964,0.958942,-0.590887,5.964474,3.981591,-6.879178,19.957217,30.889195,1.092711,3,0.000000,282465975.000000,22119.300000
2025-03-04,0.792718,-11.809527,1.004592,-0.531413,2.638497,1.889945,12.385951,46.968563,58.509688,0.867876,2,0.000000,293800575.000000,22082.650000
2025-03-05,1.029434,-2.194300,0.968599,0.166985,1.510030,1.176060,5.142868,87.916923,-6.691250,0.697936,1,0.000000,308172750.000000,22337.300000
2025-03-06,1.067041,0.271838,0.939307,0.198273,0.198273,0.023509,35.182007,444.423186,-36.807876,0.038590,0,1.000000,299039175.000000,22544.700000
2025-03-07,1.079515,0.836847,0.889917,0.232790,4.666888,2.427669,-0.400801,19.274311,20.113860,1.231792,6,0.000000,246333900.000000,22552.500000
2025-03-10,0.785964,-0.120160,0.739332,-0.176756,2.049394,2.402906,-6.113651,-3.145718,54.065008,1.071891,3,0.000000,280098450.000000,22460.300000
2025-03-11,1.076107,-201.298866,0.983807,-0.009334,1.324124,2.231764,5.148790,46.371593,13.415181,0.920530,2,0.000000,325135650.000000,22497.900000
2025-03-12,0.862296,-1.411878,0.707285,0.091231,2.093856,2.356423,3.837422,-19.023855,47.773261,0.605238,1,0.000000,319071225.000000,22470.500000
2025-03-13,0.703351,-3.986335,0.799156,-0.012502,0.210741,0.012502,-80.476446,34.719103,121.961473,0.024557,0,1.000000,301729950.000000,22397.200000
2025-03-17,1.030985,1.092236,0.890722,0.038874,2.260232,4.403843,-3.245013,30.241465,22.447350,1.022047,3,0.000000,248306775.000000,22508.750000
2025-03-18,1.426255,18.219923,0.989643,0.369181,1.464026,0.725663,-0.336574,80.367493,-13.482907,0.793105,2,0.000000,303614025.000000,22834.300000
2025-03-19,1.245564,-0.759349,0.857379,0.251445,1.779322,1.712969,-41.383833,78.951447,65.255240,0.712646,1,0.000000,306328050.000000,22907.600000
2025-03-20,1.127956,2019.188679,0.789751,0.175286,0.822099,0.040318,-27.010834,321.940319,15.181190,0.036221,0,1.000000,290267550.000000,23190.650000
2025-03-21,1.093256,1.020097,0.850614,0.644100,1.500617,2.781965,3.042368,29.851975,13.294493,1.102337,6,0.000000,339576650.000000,23350.400000
2025-03-24,1.170086,3.696419,0.816333,1.092003,4.896157,5.670936,1.626272,119.732580,-86.901235,1.147586,3,0.000000,362746200.000000,23658.350000
2025-03-25,0.955747,-0.048207,0.743721,0.712546,2.825045,5.624951,-5.398164,17.531519,39.947270,0.934358,2,0.000000,396713075.000000,23668.650000
2025-03-26,0.820100,-10.576658,0.868535,-0.055989,2.072862,2.184840,-14.924583,-16.684899,67.633976,0.684213,1,0.000000,373592150.000000,23486.850000
2025-03-27,1.005112,0.330350,0.859919,-0.034122,2.509119,0.034122,-14.955193,13.104292,-16.724187,0.043659,0,1.000000,298720500.000000,23591.950000
2025-03-28,0.779219,0.653265,0.807809,0.720045,4.334091,7.996182,-2.637413,10.701088,22.907400,1.022775,6,0.000000,275655375.000000,23519.350000
2025-04-01,0.629022,0.255219,0.799654,-0.148064,2.873645,9.644863,1.268295,8.926345,57.412002,0.912556,2,0.000000,353795700.000000,23165.700000
2025-04-02,0.875840,-3.622075,0.842737,0.352943,1.424417,0.718530,5.106221,49.217858,7.283748,0.640527,1,0.000000,385044675.000000,23332.350000
2025-04-03,1.156367,-1.063464,1.306775,0.000430,0.000430,0.214623,54.100403,79.984895,22.062784,0.012688,0,1.000000,386690925.000000,23250.100000
2025-04-04,0.605512,0.275885,0.773433,-0.417168,3.948796,10.895481,-3.962889,3.431520,34.007694,1.045212,5,0.000000,302899125.000000,22904.450000
2025-04-07,0.576838,2.089083,1.150389,-1.752581,6.820807,14.612663,49.942310,-99.151622,240.198181,2.777778,2,0.000000,291848625.000000,22161.600000
2025-04-08,0.747756,62.206469,1.058444,-0.284658,6.815141,4.278294,-0.340490,33.271244,-6.876202,1.517804,1,0.000000,324382575.000000,22535.850000
2025-04-09,0.867124,13.975992,1.026622,-0.003795,0.219428,0.003795,-104.872448,199.796129,232.749378,0.012054,0,1.000000,349692750.000000,22399.150000
2025-04-11,0.805294,0.974864,0.857074,0.344087,10.638214,11.264185,9.088439,17.183837,6.077954,2.176222,6,0.000000,212485575.000000,22828.550000
2025-04-15,0.809186,0.822540,0.768131,0.336712,0.122382,2.878233,8.791641,61.380279,40.387621,0.848317,2,0.000000,275013150.000000,23328.550000
2025-04-16,0.860239,-0.020871,0.723385,0.585394,1.865411,2.401311,9.673276,72.149608,-23.578870,0.763956,1,0.000000,266389275.000000,23437.200000
2025-04-17,1.129122,4.094961,0.756369,0.635805,0.006918,0.202711,21.218598,112.943167,42.470871,0.026623,0,1.000000,332535375.000000,23851.650000
2025-04-21,1.114103,1.093074,0.810486,0.934901,4.665386,5.697072,-1.366376,30.417519,20.982591,1.033759,3,0.000000,320488200.000000,24125.550000
2025-04-22,1.065532,0.452097,0.869287,0.692052,4.829883,5.514694,20.735548,75.291526,46.417783,0.784740,2,0.000000,337918050.000000,24167.250000
2025-04-23,1.077939,1.273978,0.813541,0.735543,1.352093,2.758237,9.261766,94.504738,39.583977,0.570103,1,0.000000,361462425.000000,24328.950000
2025-04-24,0.792578,9.103393,0.694990,0.192604,0.192604,0.013610,-32.284673,-19.511965,22.339656,0.024539,0,1.000000,301116375.000000,24246.700000
2025-04-25,0.695633,0.567519,0.725808,-0.252295,2.243613,3.996156,-1.498476,8.782883,26.545967,1.417884,5,0.000000,245550975.000000,24039.350000
2025-04-28,1.185612,-9.163283,0.933689,0.322667,1.350268,2.760137,7.602138,47.785885,-8.441008,0.848799,2,0.000000,301521300.000000,24328.500000
2025-04-29,0.846396,-0.134767,0.692392,0.147724,0.147724,0.674106,-2.075250,17.082982,64.316121,0.459197,1,0.000000,342789300.000000,24335.950000
2025-04-30,1.007956,-1.459006,0.895534,-0.064929,0.140543,0.064929,-10.450491,73.550041,9.004546,0.066367,0,1.000000,348370050.000000,24334.200000
2025-05-02,0.694682,0.389530,0.696590,-0.013554,1.424012,6.790653,-2.552603,13.959745,25.974527,1.385814,6,0.000000,232130400.000000,24346.700000
2025-05-05,0.810934,1.241667,0.727527,0.249988,1.885234,6.290996,-0.577307,27.946311,24.944749,0.844400,3,0.000000,315002250.000000,24461.150000
2025-05-06,0.783619,0.448571,0.685042,-0.083677,1.557039,0.493856,-20.588557,9.384790,87.024353,0.630650,2,0.000000,335544000.000000,24379.600000
2025-05-07,0.871878,11.733588,0.667595,0.058982,0.468576,0.350613,23.070017,61.662737,62.969684,0.504006,1,0.000000,355009200.000000,24414.400000
2025-05-08,0.946176,-7.735410,1.151691,-0.313919,0.098048,0.519902,-42.399877,261.049602,70.265495,0.187651,0,1.000000,365941275.000000,24273.800000
2025-05-09,0.724585,0.396838,1.030280,-0.383206,13.987004,8.297234,4.087127,13.894441,34.347375,1.939145,6,0.000000,192610650.000000,24008.000000
2025-05-12,1.187234,7.473653,0.907060,1.302724,7.722059,4.314194,1.260858,51.100465,-6.151598,1.608244,3,0.000000,262259625.000000,24924.700000
2025-05-13,0.690695,-0.089911,0.721586,0.115345,2.353087,5.784156,-0.251539,-12.263979,37.298624,1.173390,2,0.000000,331672725.000000,24578.350000
2025-05-14,0.745445,-2.252785,0.666649,0.271214,2.703623,1.350393,5.781831,83.509906,86.145617,0.753236,1,0.000000,336160575.000000,24666.900000
2025-05-15,0.995738,-1.880726,0.742735,0.646793,0.048280,0.151224,20.633823,136.147564,-5.343951,0.089577,0,1.000000,350920050.000000,25062.100000
2025-05-16,0.760677,0.361690,0.651537,0.079137,0.079137,3.917697,-1.481837,12.282014,24.633366,1.425471,6,0.000000,221674125.000000,25019.800000
2025-05-19,0.602611,0.167129,0.668293,-0.018240,3.790070,4.227424,-3.765320,6.834583,39.596258,1.240507,3,0.000000,275010225.000000,24945.450000
2025-05-20,0.490600,0.097103,0.737224,-0.470347,2.770632,1.280592,-9.134548,1.519579,51.277045,0.958520,2,0.000000,328600725.000000,24683.900000
2025-05-21,0.639513,-0.536859,0.711066,0.054204,3.278262,2.766846,7.366875,26.602487,-25.922215,0.890243,1,0.000000,315676425.000000,24813.450000
2025-05-22,0.669235,1.591395,0.866170,0.039415,0.039415,0.163757,17.671447,134.067856,295.056547,0.053841,0,1.000000,331758300.000000,24609.700000
2025-05-23,1.020658,2.116454,1.006589,0.616220,3.432764,4.614506,-0.867461,26.754894,3.268707,1.643856,6,0.000000,288470100.000000,24853.150000
2025-05-26,1.010409,0.920808,0.746913,0.604572,4.004416,3.995216,4.417176,32.369910,8.022600,1.632525,3,0.000000,319837425.000000,25001.150000
2025-05-27,0.749267,-0.059853,0.871191,0.105534,3.327936,4.728070,-9.078104,-3.017674,34.193734,1.484722,2,0.000000,368110425.000000,24826.200000
2025-05-28,0.660620,-4.782833,0.896620,-0.192102,3.039901,5.040107,-10.732492,-2.296441,38.791984,0.901729,1,0.000000,355146750.000000,24752.450000
2025-05-29,0.736676,0.294822,0.767646,0.135301,0.135301,0.066040,-17.993388,17.854294,17.402237,0.116777,0,1.000000,307481325.000000,24833.600000
2025-05-30,0.579518,0.504423,0.823034,-0.199186,3.033046,8.279766,-0.852237,11.093046,18.445811,1.652277,6,0.000000,226355100.000000,24750.700000
2025-06-02,0.676422,1.326216,0.852205,0.067161,2.899266,5.192462,-0.409589,15.842712,17.251456,1.784428,3,0.000000,276069600.000000,24716.600000
2025-06-03,0.496563,0.054584,0.708099,-0.234287,2.210451,3.901396,-9.923272,-3.585733,41.746278,1.119079,2,0.000000,346741350.000000,24542.500000
2025-06-04,0.600513,-0.428493,0.703302,0.082046,2.519070,3.573488,8.875848,40.977447,24.543623,0.653935,1,0.000000,333364950.000000,24620.200000
2025-06-05,0.735502,-0.496018,0.741646,0.003636,0.205649,0.198377,5.993671,75.408051,20.078744,0.039190,0,1.000000,321858825.000000,24750.900000
2025-06-06,0.977226,1.366395,0.908644,0.412150,4.011711,3.987314,2.249735,28.147455,11.560662,1.342236,6,0.000000,236068875.000000,25003.050000
2025-06-09,0.939925,0.775717,0.743173,0.411103,4.394659,3.572453,-0.515171,25.779881,24.567641,1.067991,3,0.000000,284227650.000000,25103.200000
2025-06-10,0.875802,0.462889,0.675553,0.415268,4.398658,3.568121,-6.466412,22.594812,52.007769,0.711832,2,0.000000,317512725.000000,25104.250000
2025-06-11,0.871634,-0.322544,0.838723,0.164669,2.551171,3.415084,408.868413,2009.204338,427.900950,0.587477,1,0.000000,317913000.000000,25141.400000
2025-06-12,0.566636,-0.910135,0.820243,-0.047412,0.153486,0.047412,-14.641460,-11.882286,78.201725,0.052434,0,1.000000,321065550.000000,24888.200000
2025-06-13,0.712229,0.830409,0.806120,-0.329307,7.761766,5.183951,6.729315,10.634236,25.079807,1.451134,6,0.000000,204943125.000000,24718.600000
2025-06-16,1.111241,20.419618,1.070147,0.186399,8.604413,4.223037,5.627963,51.346722,-0.738230,1.097148,3,0.000000,257924550.000000,24946.500000
2025-06-17,0.836149,-0.360807,0.742340,0.013680,3.433735,4.613453,0.753184,-20.909946,49.415139,0.856221,2,0.000000,275871375.000000,24853.400000
2025-06-18,0.624360,-0.346194,0.585030,0.048565,3.272805,0.757495,-8.060509,4.061522,58.044536,0.660969,1,0.000000,297306675.000000,24812.050000
2025-06-19,0.940525,-16.651877,1.059700,-0.027225,0.174443,0.027225,-11.191641,95.734949,47.067592,0.022587,0,1.000000,348791175.000000,24793.250000
2025-06-20,1.120489,1.789890,0.861529,0.447588,0.447588,3.534509,3.478161,30.436339,11.599737,1.259537,6,0.000000,298930375.000000,25112.400000
2025-06-23,0.979884,0.217256,1.073565,-0.112526,3.891975,4.117028,5.474802,4.968839,34.774995,1.116054,3,0.000000,330568050.000000,24971.900000
2025-06-24,0.771810,-0.251269,0.824380,0.177086,4.170002,3.815831,-7.339272,23.688771,30.045264,0.874049,2,0.000000,355992625.000000,25044.350000
2025-06-25,1.129634,-1.362800,1.035589,0.177265,0.177265,2.991711,20.863851,57.451079,-6.694620,0.537538,1,0.000000,366457550.000000,25244.750000
2025-06-26,1.298560,0.557627,0.917872,0.387491,0.191788,0.003914,5.817186,35.832414,-44.772874,0.033074,0,1.000000,305349400.000000,25549.000000
2025-06-27,1.199301,1.173689,1.032800,0.342463,2.487733,3.363003,1.418748,28.357618,17.847110,1.079071,6,0.000000,234760275.000000,25637.800000
2025-06-30,0.641831,-0.146001,0.565854,0.066818,10.647979,3.852130,-3.916917,-12.218899,40.389578,0.999920,3,0.000000,299264025.000000,25517.050000
2025-07-01,0.736214,4.879170,0.680060,0.163653,0.163653,1.793922,4.732852,67.101366,33.399383,0.708251,2,0.000000,323677425.000000,25541.800000
2025-07-02,0.624197,-0.422873,0.640573,0.013358,1.781294,2.147454,-3.959289,-7.752870,116.922056,0.532935,1,0.000000,335187825.000000,25453.400000
2025-07-03,0.749809,-0.132751,0.878216,0.020862,0.020862,0.372757,43.848762,36.419397,-17.332480,0.044282,0,1.000000,309714825.000000,25405.300000
2025-07-04,0.757261,0.791834,0.889057,0.043203,1.810612,4.080751,-2.390736,17.472243,15.288048,1.069086,6,0.000000,216806100.000000,25461.000000
2025-07-07,0.797286,1.226829,0.826659,0.044381,1.811769,2.115760,-4.972403,24.419354,43.209783,0.900386,3,0.000000,242406900.000000,25461.300000
2025-07-08,0.935002,7.598176,0.806722,0.088158,0.479969,1.870898,8.338210,61.414307,7.525573,0.696836,2,0.000000,266375175.000000,25522.500000
2025-07-09,0.715032,-0.170809,0.711981,-0.093813,0.298711,2.056437,-10.765223,2.193822,83.176328,0.504394,1,0.000000,294720000.000000,25476.100000
2025-07-10,0.609677,-0.170940,0.772730,-0.176492,0.020706,0.176492,-13.152757,17.556525,83.536270,0.066258,0,1.000000,313948275.000000,25355.250000
2025-07-11,0.544393,0.380531,0.678301,-0.398213,4.571995,1.392255,-1.355317,10.537850,37.632832,0.987083,6,0.000000,233269575.000000,25149.850000
2025-07-14,0.541873,0.529536,0.752850,-0.269911,0.328120,1.665318,-0.794787,21.863880,37.552545,0.826679,3,0.000000,280461450.000000,25082.300000
2025-07-15,0.760239,-1.671071,0.918810,-0.016669,0.777114,3.191802,1.093626,46.404080,-16.485169,0.582835,2,0.000000,291424650.000000,25195.800000
2025-07-16,0.820133,17.050577,0.816863,0.047795,0.841066,1.142113,-2.321817,123.819369,114.793934,0.420434,1,0.000000,302452650.000000,25212.050000
2025-07-17,0.662757,-1.144917,0.833970,-0.153516,0.045597,0.352628,8.801570,-23.644476,32.864915,0.062521,0,1.000000,300356175.000000,25111.450000
2025-07-18,0.587948,0.454197,0.805287,-0.326813,3.878502,4.131622,-1.010396,10.797376,28.464109,1.035709,6,0.000000,209845575.000000,24968.400000
2025-07-21,0.857204,54.762981,1.008622,-0.037066,4.347029,3.624052,6.535241,60.804043,1.339731,0.741908,3,0.000000,246653325.000000,25090.700000
2025-07-22,0.699478,0.095817,0.715911,-0.156020,0.243008,0.156020,-12.417161,12.362527,77.241385,0.566221,2,0.000000,284678925.000000,25060.900000
2025-07-23,1.176272,-0.771471,1.046790,0.078906,0.475418,1.110631,7.015705,46.263140,-28.608289,0.396711,1,0.000000,275308050.000000,25219.900000
2025-07-24,0.703452,-0.512108,0.877677,-0.151224,0.048280,0.151224,-2.500406,-15.769611,45.902090,0.068231,0,1.000000,299315625.000000,25062.100000
2025-07-25,0.575040,0.282201,0.742646,-0.656279,3.369972,0.656279,-10.255802,7.846412,42.721873,0.974353,6,0.000000,300581400.000000,24837.000000
2025-07-28,0.510570,0.148266,0.767897,-0.685145,2.758813,1.292903,-2.960297,6.470686,66.164212,0.865244,3,0.000000,339574950.000000,24680.900000
2025-07-29,0.709868,-0.844391,0.808877,-0.116433,3.308073,0.720758,10.263858,32.452114,-26.347857,0.631519,2,0.000000,335089500.000000,24821.100000
2025-07-30,0.778101,-0.107804,0.818036,-0.180849,0.221484,0.583181,1.060323,46.969065,26.442582,0.474954,1,0.000000,321622575.000000,24855.050000
2025-07-31,0.987255,-0.087089,1.150241,-0.127784,0.074086,0.127784,15.082473,11.097614,-20.470918,0.095081,0,1.000000,289475550.000000,24768.350000
2025-08-01,0.570020,0.312584,0.752311,-0.548130,1.487257,1.769362,-2.122870,10.079892,35.528684,1.219604,6,0.000000,225770400.000000,24565.350000
2025-08-04,0.842443,17.729906,0.816238,0.092021,4.945849,1.121437,8.874431,46.380559,-8.505548,0.958631,3,0.000000,269219100.000000,24722.750000
2025-08-05,0.721221,-0.051811,0.720378,-0.001826,2.635139,1.421730,-6.701831,-1.670479,95.613126,0.734699,2,0.000000,290945625.000000,24649.550000
2025-08-06,0.603289,-0.087621,0.582880,-0.104988,2.336597,1.732712,-11.818551,-4.071365,104.558447,0.583539,1,0.000000,317270175.000000,24574.200000
2025-08-07,0.813685,-4.313902,0.796940,0.187631,0.187631,0.015653,-11.669236,73.646747,16.294831,0.066474,0,1.000000,344178150.000000,24596.150000
2025-08-08,0.476030,0.148963,0.647218,-0.561090,6.416618,2.613357,-4.219158,4.762574,36.118315,1.100426,6,0.000000,250359750.000000,24363.300000
2025-08-11,0.997649,-2.100190,0.970193,0.142566,4.413455,1.687814,7.010693,34.475693,-22.293337,0.839941,3,0.000000,281781600.000000,24585.050000
2025-08-12,0.646251,-0.330632,0.817802,-0.051455,1.990411,2.093321,-6.726393,-6.940120,47.595519,0.659523,2,0.000000,315745275.000000,24487.400000
2025-08-13,1.084378,-1.793257,0.962310,0.078597,0.078597,1.546142,13.385891,53.541818,-10.634786,0.503466,1,0.000000,338909550.000000,24619.350000
2025-08-14,0.931739,-0.355581,0.831327,-0.075920,0.127074,0.075920,-49.294465,0.172187,61.570802,0.067191,0,1.000000,351333375.000000,24631.300000
2025-08-18,0.874446,0.869794,0.930292,-0.092656,3.525151,0.494635,-1.267621,32.763981,21.807851,0.888775,3,0.000000,224687925.000000,24876.950000
2025-08-19,1.113093,4.050239,1.093841,-0.077460,0.322850,0.077460,9.543109,63.089182,11.542578,0.608471,2,0.000000,273874725.000000,24980.650000
2025-08-20,1.347550,6.768021,1.148878,0.201792,0.201792,1.794172,13.981200,87.027852,24.467143,0.432326,1,0.000000,317423025.000000,25050.550000
2025-08-21,1.050333,-1.173102,0.882397,-0.064783,0.134549,0.064783,-30.746156,-27.687217,29.826947,0.061394,0,1.000000,314294250.000000,25083.750000
2025-08-22,0.610224,0.219558,0.721104,-0.321269,3.498579,0.522314,-9.057021,6.782856,40.307094,0.938878,6,0.000000,306210600.000000,24870.100000
2025-08-25,0.772915,-1.077186,0.837865,-0.129167,3.876000,0.129167,13.519553,52.382412,-18.636320,0.637022,3,0.000000,307501350.000000,24967.750000
2025-08-26,0.567310,-4.223120,0.567270,-0.355899,2.881388,1.165221,-5.746818,-69.651985,96.187884,0.558230,2,0.000000,283507800.000000,24712.050000
2025-08-28,0.669699,-1.592256,0.903001,-0.200401,0.003673,0.404475,-11.982036,55.479900,135.449653,0.043876,0,1.000000,288357225.000000,24500.900000
2025-08-29,0.540630,0.431506,0.670216,-0.299466,3.794390,2.346393,-0.568677,13.963873,36.575167,0.718881,4,0.000000,297492375.000000,24426.850000
2025-09-01,1.150338,-2.145572,1.010548,0.101726,0.507816,1.522637,11.550402,56.074098,-7.937735,0.434720,1,0.000000,338413350.000000,24625.050000
2025-09-02,0.892796,-0.424888,0.839402,-0.082996,0.120425,0.082996,-28.700747,-14.509687,62.023300,0.090726,0,1.000000,356103450.000000,24579.600000
2025-09-03,1.244977,2.191449,1.080141,0.060894,0.870118,1.152941,3.452571,33.994692,15.922883,0.911590,6,0.000000,237725100.000000,24715.050000
2025-09-04,0.732370,0.064653,0.687901,-0.063475,0.947268,1.074217,-9.354595,6.986288,47.367869,0.808594,5,0.000000,324274275.000000,24734.300000
2025-09-05,0.756121,1.063359,0.722989,-0.036377,2.995028,1.046845,6.853727,32.607451,29.255696,0.686108,4,0.000000,354131025.000000,24741.000000
2025-09-08,0.868043,16.942418,0.827970,-0.108383,1.102605,0.915709,-3.459065,118.534385,63.473057,0.504377,1,0.000000,379323525.000000,24773.150000
2025-09-09,1.172040,-0.569649,1.120927,0.074793,0.074793,0.126264,44.322632,51.834621,-50.937431,0.068158,0,1.000000,364070850.000000,24868.600000
2025-09-10,1.107880,1.355092,1.048654,-0.107716,3.896593,4.112025,-0.356613,30.711834,18.080387,0.908578,6,0.000000,237724875.000000,24973.100000
2025-09-11,1.157308,1.329360,0.979641,0.021995,0.021995,3.977125,4.178703,31.820653,19.262779,0.762832,5,0.000000,313196850.000000,25005.500000
2025-09-12,1.330869,4.575874,1.095662,0.055746,0.453930,3.527913,4.667349,67.839394,8.838065,0.595285,4,0.000000,356493375.000000,25114.000000
2025-09-15,1.048968,-0.394698,0.932870,-0.122860,0.276036,0.122860,-21.417073,19.934818,90.233718,0.430209,1,0.000000,374570775.000000,25069.200000
2025-09-16,1.352412,0.049977,1.045311,0.154918,0.154918,0.043187,21.130838,28.886604,-70.516682,0.071120,0,1.000000,329850825.000000,25239.100000
2025-09-17,1.166831,0.963130,1.029287,0.119422,0.514207,2.644072,0.587867,27.811513,22.656612,0.845037,6,0.000000,199510050.000000,25330.250000
2025-09-18,1.094158,0.917946,0.896896,0.092827,1.666168,2.267185,1.926834,30.311768,31.273177,0.674570,5,0.000000,272340675.000000,25423.600000
2025-09-19,0.816767,0.052454,0.719764,-0.090615,0.106803,2.657041,-1.395853,2.400958,70.463478,0.553558,4,0.000000,322014600.000000,25327.050000
2025-09-22,0.572011,-0.241073,0.555268,-0.189070,0.009325,1.181041,-5.436421,-3.870667,89.952848,0.432896,1,0.000000,362507025.000000,25202.350000
2025-09-23,0.758534,-0.031431,0.889395,-0.121178,0.077475,0.121178,8.079749,23.621724,-55.352178,0.089990,0,1.000000,309769875.000000,25169.500000
2025-09-24,0.768929,0.582171,0.851600,-0.172009,0.227083,3.763834,-0.286931,18.939882,37.769974,0.873412,6,0.000000,282206100.000000,25056.900000
2025-09-25,0.571150,0.138542,0.787914,-0.438515,3.579026,4.456055,-4.485701,4.294319,52.892729,0.808932,5,0.000000,365246625.000000,24890.850000
2025-09-26,0.523914,0.217838,0.796363,-0.589340,0.627467,1.400544,6.766685,1.343896,102.262256,0.746511,4,0.000000,408938625.000000,24654.700000
2025-09-29,0.612848,-1.239351,0.757667,-0.467223,2.577238,1.482044,17.261564,29.160991,62.157540,0.500509,1,0.000000,412022625.000000,24634.900000
2025-09-30,0.793530,0.140908,0.938476,-0.158059,0.045102,0.158059,7.347451,5.042769,-22.508753,0.066637,0,1.000000,331330350.000000,24611.100000
2025-10-01,1.241861,2.426134,1.196216,0.146157,0.548793,0.659116,2.948678,37.948795,12.117919,0.771049,6,0.000000,248998350.000000,24836.300000
2025-10-03,1.207409,1.138968,1.245227,-0.023098,3.592195,4.441789,1.375203,31.161745,20.049045,0.556153,4,0.000000,368582475.000000,24894.250000
2025-10-06,1.513436,-1.315618,1.165799,0.110258,0.309638,0.487885,20.404793,107.149415,3.352532,0.377826,1,0.000000,374283225.000000,25077.650000
2025-10-07,1.050242,-3.222213,0.826330,0.033057,0.033057,0.166081,6.293042,-17.988449,11.954083,0.053369,0,1.000000,338407200.000000,25108.300000
2025-10-08,0.622078,0.386135,0.676486,-0.215003,0.184260,3.808370,-5.587059,14.280257,35.352070,0.798925,6,0.000000,252339150.000000,25046.150000
2025-10-09,1.005223,-9.245418,0.969862,0.126282,0.721950,3.249172,9.352186,54.521054,-15.855634,0.679062,5,0.000000,300283575.000000,25181.800000
2025-10-10,1.399179,462.749560,1.257909,-0.057939,0.337547,2.826340,13.175531,64.327242,-4.574089,0.599754,4,0.000000,359585550.000000,25285.350000
2025-10-13,1.030857,-0.660948,0.827510,0.108414,0.108414,0.287981,-8.371735,-22.687380,66.275729,0.450503,1,0.000000,370648800.000000,25227.350000
2025-10-14,0.734634,-36.139035,0.741313,-0.017896,0.180947,0.017896,-37.700456,-41.410491,20.628596,0.027440,0,1.000000,319128825.000000,25145.500000
2025-10-15,1.241472,3.380476,1.162199,0.092996,0.092996,2.671229,6.176968,46.540047,8.769254,0.881985,5,0.000000,247480200.000000,25323.550000
2025-10-16,1.527294,6.381040,1.032268,0.333395,4.241889,1.620853,5.553133,66.284549,3.054442,0.715841,4,0.000000,295469325.000000,25585.300000
2025-10-17,1.229723,-0.168491,0.826497,0.232790,0.816224,1.128556,-13.857675,46.262847,44.673518,0.635360,3,0.000000,316158375.000000,25709.850000
2025-10-20,0.880229,-1.999451,0.722716,0.166969,0.166969,0.026506,-9.294503,36.371734,4.058272,0.047401,0,1.000000,298959075.000000,25843.150000
2025-10-21,0.970523,0.714819,0.778700,0.651755,3.357739,0.507952,1.512102,24.841791,22.797086,1.080460,7,0.000000,266031525.000000,25868.600000
2025-10-23,0.858557,0.584269,0.781389,0.159899,3.442842,4.281731,-2.620855,21.667967,20.027334,0.922507,5,0.000000,353340825.000000,25891.400000
2025-10-24,0.656950,0.078177,0.684772,-0.018802,1.144207,2.732490,-4.325877,7.345472,55.247869,0.730951,4,0.000000,424741950.000000,25795.150000
2025-10-27,1.059925,-0.730998,1.040119,0.061811,0.254371,2.056339,12.935791,36.815679,-31.809178,0.581721,1,0.000000,409226175.000000,25966.050000
2025-10-28,0.888357,1.645079,0.817694,0.139573,0.139573,0.053207,-12.337788,-28.389749,-11.695866,0.085787,0,1.000000,290087925.000000,25936.200000
2025-10-29,1.056977,1.950949,1.076976,0.206879,0.206879,3.631318,4.315257,37.978704,10.268828,1.148005,6,0.000000,235195725.000000,26053.900000
2025-10-30,0.599197,0.037100,0.772780,-0.278810,3.392283,4.336334,-7.617557,-3.288808,46.257038,0.952359,5,0.000000,331770975.000000,25877.850000
2025-10-31,0.501310,0.210550,0.687895,-0.302852,2.807314,4.968101,-1.909208,5.021440,51.826091,0.841300,4,0.000000,416320425.000000,25722.100000
2025-11-03,0.664227,-0.473242,0.769384,-0.142256,0.245892,0.918553,11.406397,30.865500,11.800022,0.552529,1,0.000000,395398800.000000,25763.350000
2025-11-04,0.607574,1.058642,0.744222,-0.009181,0.186150,0.009181,-27.786066,-24.628728,36.922093,0.034573,0,1.000000,333968100.000000,25597.650000
2025-11-06,0.626848,0.508871,0.851098,-0.353983,1.998063,1.922014,-1.794608,18.627247,33.710583,0.854969,5,0.000000,298953000.000000,25509.700000
2025-11-07,0.884137,108.021924,1.003362,-0.030205,0.754345,1.991582,8.322096,53.811547,28.472840,0.706684,4,0.000000,347064375.000000,25492.300000
2025-11-10,0.968792,18.860339,0.962963,-0.100296,0.290721,0.491313,7.591520,139.990554,65.684563,0.528655,1,0.000000,364374150.000000,25574.350000
2025-11-11,1.107377,-0.004866,1.037363,0.174937,0.174937,0.019654,25.786009,86.845154,-67.749849,0.050010,0,1.000000,341426100.000000,25694.950000
2025-11-12,1.307899,2.002317,1.250803,0.099707,0.292938,0.479985,5.825665,40.707699,11.799294,1.035524,6,0.000000,215073075.000000,25875.800000
2025-11-13,1.057477,0.271751,0.992333,-0.080567,3.397136,4.331093,-2.440482,-1.767369,28.459981,1.045629,5,0.000000,252845325.000000,25879.150000
2025-11-14,0.810021,0.341309,0.767651,0.231763,3.512344,4.206669,-6.314244,18.468727,37.769546,0.803356,4,0.000000,339870000.000000,25910.050000
2025-11-17,1.132201,-1.398552,0.931233,0.051704,0.436121,1.870379,10.374620,68.000513,6.374390,0.510890,1,0.000000,349397175.000000,26013.450000
2025-11-18,0.862031,-33.714620,0.933277,-0.154187,0.038788,0.154187,-12.222095,-37.003584,20.096246,0.071015,0,1.000000,307509375.000000,25910.050000
2025-11-19,1.280599,5.494031,1.055111,0.202091,0.202091,1.717100,-0.345804,50.430888,11.401053,1.107949,6,0.000000,286227150.000000,26052.650000
2025-11-20,1.518402,5.022507,1.166725,0.351823,0.733617,1.175352,2.461327,49.896921,-3.988215,0.925277,5,0.000000,337522650.000000,26192.150000
2025-11-21,0.963237,-0.958378,0.843914,0.069625,0.261430,3.574669,-8.818031,-28.166288,38.173884,0.815746,4,0.000000,339134250.000000,26068.150000
2025-11-24,0.649939,-0.550501,0.668848,-0.156012,1.770065,0.541228,-14.907679,-4.931209,69.764587,0.580905,1,0.000000,359399175.000000,25959.500000
2025-11-25,0.720108,0.367584,0.742522,-0.058722,0.134442,0.058722,-16.673813,-9.598798,-20.017733,0.078424,0,1.000000,300104250.000000,25884.800000
2025-11-26,1.553251,5.137374,1.417392,0.211026,0.783429,1.124582,8.394546,50.743940,5.050726,1.022694,6,0.000000,266703975.000000,26205.300000
2025-11-27,1.137463,0.031855,1.045441,0.059316,0.822222,1.085043,-10.355419,4.685815,55.711513,0.835954,5,0.000000,307238550.000000,26215.550000
2025-11-28,1.122646,1.006068,1.010634,0.011258,0.774531,1.133651,-3.578211,33.746920,40.998911,0.685991,4,0.000000,343887450.000000,26202.950000
2025-12-01,0.761093,-0.523476,0.703011,-0.092643,0.671423,0.474676,-16.598021,-4.095335,65.201474,0.480024,1,0.000000,365616375.000000,26175.750000
2025-12-02,0.738843,1.078756,0.834545,-0.068377,0.123693,0.068377,-36.308462,-13.696848,2.834417,0.099300,0,1.000000,337367175.000000,26032.200000
2025-12-03,0.690760,0.625890,0.820690,-0.053875,1.870238,3.902101,-2.588862,18.453590,36.838827,0.952051,6,0.000000,249962550.000000,25986.000000
2025-12-04,0.807093,2.725972,0.835012,0.129639,0.129639,3.711528,6.234560,48.505421,17.378210,0.795122,5,0.000000,283358250.000000,26033.750000
2025-12-05,1.239071,-6.395579,1.095046,0.139194,0.712009,1.197375,11.038338,63.707565,-5.995702,0.600310,4,0.000000,331228500.000000,26186.450000
2025-12-08,0.480326,-0.451244,0.510592,-0.151961,0.233239,0.922361,-8.227453,-20.210439,59.575734,0.490359,1,0.000000,397346550.000000,25960.550000
2025-12-09,0.701219,0.036050,0.840264,-0.040055,0.153446,0.040055,-12.913621,-6.529820,-50.914240,0.058050,0,1.000000,304995225.000000,25839.650000
2025-12-10,0.544366,0.359129,0.724483,-0.357171,1.001631,0.939514,-3.103579,11.896655,36.770575,1.006872,6,0.000000,259041900.000000,25758.000000
2025-12-11,0.844379,-5.528928,0.909727,-0.005599,3.469499,0.391721,13.749989,52.972448,-14.202600,0.787496,5,0.000000,294801300.000000,25898.550000
2025-12-12,1.169342,-6.380449,1.025804,0.180251,0.180251,1.739359,14.393456,70.625066,-7.931718,0.600646,4,0.000000,331817850.000000,26046.950000
2025-12-15,1.235843,2.260811,1.091731,0.104890,0.489102,0.663534,4.696658,75.229502,58.045272,0.450104,1,0.000000,364178625.000000,26027.300000
2025-12-16,0.779617,-12.616641,0.850654,-0.154292,0.039056,0.154292,-18.492147,-73.767617,18.541794,0.071345,0,1.000000,299739375.000000,25860.100000
2025-12-17,0.584501,0.462389,0.691102,-0.121812,3.170395,0.702789,-4.147523,18.818898,36.674817,0.917364,6,0.000000,243715200.000000,25818.550000
2025-12-18,0.677025,2.290906,0.814186,-0.133447,1.222325,0.714492,4.278090,29.423790,17.627447,0.774727,5,0.000000,272734575.000000,25815.550000
2025-12-19,1.126212,-3.050853,1.203391,0.063159,0.255715,0.129398,13.029941,56.682716,-18.642347,0.596540,4,0.000000,308601225.000000,25966.400000
2025-12-22,1.640462,-1.861682,1.450875,0.085586,0.276627,0.105455,23.439418,79.900638,-18.010059,0.408254,1,0.000000,326965725.000000,26172.400000
2025-12-23,1.131913,-8.187398,0.971361,0.103716,0.103716,0.087290,-9.077664,-46.152554,5.999949,0.082515,0,1.000000,278398500.000000,26177.150000
2025-12-24,0.913190,0.578782,0.781246,-0.030219,0.543568,0.221482,-2.950502,22.402892,47.165866,0.664445,6,0.000000,303947025.000000,26142.100000
2025-12-26,0.661738,-0.102803,0.599360,-0.029567,0.162428,0.605553,-10.479393,0.161265,80.667926,0.506868,4,0.000000,350826300.000000,26042.300000
2025-12-29,0.564500,-0.587123,0.573554,-0.223189,0.162284,0.608663,-9.414151,-9.414592,101.296733,0.381234,1,0.000000,358186300.000000,25942.100000
2025-12-30,0.805854,-0.051551,0.831845,-0.042986,0.149775,0.042986,1.290077,7.388973,-56.698782,0.060527,0,1.000000,297061725.000000,25938.850000
2025-12-31,1.353656,3.376074,1.245440,0.113281,0.495989,1.034842,4.549336,47.293193,14.164968,0.777088,6,0.000000,226495295.000000,26129.600000
2026-01-01,1.121648,0.556453,0.994399,-0.013195,0.560495,0.204425,-7.152070,26.372300,50.516654,0.611935,5,0.000000,287978405.000000,26146.550000
2026-01-02,1.668197,-12.871648,1.456928,0.108437,1.247885,2.550273,0.992143,75.006957,-25.199131,0.508763,4,0.000000,348549630.000000,26328.550000
2026-01-05,0.966411,-1.086883,0.842324,0.001143,0.953513,0.189331,-10.933483,-28.850215,52.067063,0.379615,1,0.000000,344670495.000000,26250.300000
2026-01-06,0.904133,1.675160,0.867085,-0.081364,0.109631,0.081364,0.059552,-44.141745,-30.387759,0.094734,0,1.000000,306796165.000000,26178.700000
2026-01-07,0.742473,0.759035,0.771419,-0.035385,2.451154,1.374291,-3.903952,25.911177,40.311073,0.729512,6,0.000000,227968520.000000,26140.750000
2026-01-08,0.504668,0.157698,0.706597,-0.475908,1.456321,1.248800,-4.819061,-0.089853,57.589224,0.739464,5,0.000000,331777030.000000,25876.850000
2026-01-09,0.490962,0.404671,0.775698,-0.454381,0.713693,1.233097,-10.343593,9.491250,86.654511,0.718755,4,0.000000,380972605.000000,25683.300000
2026-01-12,0.871770,-1.017768,0.851928,-0.037805,1.125425,0.813292,7.869501,28.416536,-13.888207,0.535474,1,0.000000,381798040.000000,25790.250000
2026-01-13,0.727430,2.415401,0.806367,-0.068785,0.125523,0.068785,-24.216829,-33.602328,5.408080,0.064316,0,1.000000,322225605.000000,25732.300000
2026-01-14,0.679548,0.709784,0.770963,-0.134032,4.541487,1.302911,-0.799016,14.141600,25.102519,0.973677,6,0.000000,243686885.000000,25665.600000
2026-01-16,0.650979,0.564730,0.677548,-0.216585,0.756392,1.189561,1.110586,27.724194,44.372003,0.806014,4,0.000000,318889090.000000,25694.350000
2026-01-19,0.713964,1.283771,0.772137,-0.056673,0.334174,0.838365,6.034143,41.803484,90.006105,0.510445,1,0.000000,367648710.000000,25585.500000
2026-01-20,0.579301,2.136706,0.893452,-0.465669,0.128802,0.069355,0.025921,-42.903286,84.671755,0.069751,0,1.000000,309471500.000000,25232.500000
2026-01-21,0.674345,1.097269,1.012286,-0.765179,0.626056,3.348902,-0.614390,20.980485,30.949957,1.255888,6,0.000000,306645300.000000,25157.500000
2026-01-22,0.783981,43.539654,1.001193,-0.435352,1.146307,2.807840,7.372925,58.886137,-5.426369,0.972325,5,0.000000,327562235.000000,25289.900000
2026-01-23,0.589835,-0.096934,0.794226,-0.604224,4.186453,1.801894,-8.371044,-11.145333,74.368016,0.886475,4,0.000000,374437375.000000,25048.650000
2026-01-27,0.882752,-0.346538,0.853278,-0.097714,0.100892,0.097714,-3.055959,33.311485,-3.898395,0.152530,0,1.000000,337765090.000000,25175.400000
2026-01-28,0.825606,0.812569,0.793044,0.168687,8.060491,2.593444,-0.132072,16.576685,17.729895,1.658068,6,0.000000,177970585.000000,25342.750000
2026-01-29,0.971751,2.133409,0.927418,0.271058,8.335923,2.286094,2.344132,24.250153,0.358073,1.486689,5,0.000000,216399950.000000,25418.900000
2026-01-30,0.761860,0.103855,0.815462,0.081554,5.215703,2.682988,0.576092,-2.758178,29.889508,1.557819,4,0.000000,255043945.000000,25320.650000
2026-02-02,0.930709,-0.983890,0.775879,0.153059,4.338260,3.633552,3.378809,24.470887,-3.847246,0.751543,1,0.000000,403041535.000000,25088.400000
2026-02-03,0.904055,1.096000,0.720520,0.107084,0.107084,0.087261,2.628657,100.449093,-49.356636,0.111359,0,1.000000,342281225.000000,25727.550000
2026-02-04,0.959138,1.248138,0.916621,0.100869,3.010552,4.748603,0.266208,26.655972,17.076891,1.238943,6,0.000000,240320600.000000,25776.000000
2026-02-05,0.649463,0.100931,0.617278,-0.028078,2.506747,5.292714,-6.913794,-4.902787,44.424675,1.055462,5,0.000000,316562025.000000,25642.800000
2026-02-06,0.858007,11.380860,0.809994,0.170081,0.753881,5.084126,10.562677,51.308688,9.260200,0.798250,4,0.000000,363652315.000000,25693.700000
2026-02-09,1.058227,-7.504623,0.917123,0.260174,0.260174,0.513003,14.764565,85.403442,3.012601,0.548762,1,0.000000,393420430.000000,25867.300000
2026-02-10,1.100692,0.809238,0.887754,-0.057258,0.135530,0.057258,5.260415,23.370262,-5.485909,0.048583,0,1.000000,343033340.000000,25935.150000
2026-02-11,0.891225,0.714095,0.792368,0.014834,5.601674,0.177816,-2.482940,22.438168,31.261691,0.935314,6,0.000000,214272630.000000,25953.850000
2026-02-12,0.610700,0.102284,0.601894,-0.165845,5.065253,0.747078,-5.274482,-0.671149,48.561441,0.856738,5,0.000000,283180625.000000,25807.200000
2026-02-13,0.454107,0.072635,0.657090,-0.309763,1.849547,2.076471,3.217079,-4.700426,63.586312,0.907892,4,0.000000,360592765.000000,25471.100000
2026-02-16,1.078528,-1.043020,1.005598,0.127517,0.711567,1.235265,7.139663,29.152140,-21.921460,0.609553,1,0.000000,363732655.000000,25682.750000
2026-02-17,1.099050,0.842946,0.991715,0.098735,0.098735,0.095625,7.011256,69.302647,27.562850,0.095431,0,1.000000,337890280.000000,25725.400000
2026-02-18,1.138686,1.739266,0.965442,0.268597,7.046459,4.572733,1.271120,30.433408,16.496975,1.026749,6,0.000000,273653250.000000,25819.350000
2026-02-19,0.558968,-0.131759,0.670155,-0.572201,1.784960,6.072243,-4.961609,-14.994302,44.816259,1.103544,5,0.000000,366893475.000000,25454.350000
2026-02-20,0.872085,-1.152629,0.796185,-0.112431,2.233954,5.587330,5.829348,19.391860,-28.031427,0.997800,4,0.000000,372448440.000000,25571.250000
2026-02-23,0.976479,-4.264816,0.735315,0.050558,0.828375,1.116167,-3.955334,87.702479,53.662306,0.666200,1,0.000000,385385585.000000,25713.000000
2026-02-24,0.868911,1.928780,0.999706,-0.099706,0.096953,0.099706,4.122798,-10.026512,47.627950,0.099116,0,1.000000,327426645.000000,25424.650000
2026-02-25,0.653878,0.746553,0.735633,-0.068675,9.349554,0.461101,-1.855112,20.253686,24.652498,1.155891,5,0.000000,220774970.000000,25482.500000
2026-02-26,0.691818,0.895909,0.624690,-0.013531,5.869618,1.974581,2.696997,18.489096,37.090653,0.925027,4,0.000000,267822295.000000,25496.550000
2026-02-27,0.456103,0.008921,0.593124,-0.481956,0.709530,3.262089,-6.165858,-8.072109,62.041533,0.840395,3,0.000000,352011140.000000,25178.650000
2026-03-02,0.888949,-0.958276,1.073227,-0.137941,0.063139,0.137941,-7.770469,33.240050,54.934584,0.099736,0,1.000000,349647610.000000,24865.700000
2026-03-04,0.775634,0.862329,1.864618,-0.896632,5.639182,6.206981,9.039097,14.794513,23.010400,2.573068,6,0.000000,166975315.000000,24480.500000
2026-03-05,0.916626,1.633206,0.917831,0.064201,8.139821,4.983061,10.706557,19.525449,10.597692,1.737066,5,0.000000,215696065.000000,24765.900000
2026-03-06,0.676821,0.021652,1.081167,-0.611645,6.954678,6.337511,-4.529841,-18.830934,34.842765,1.889127,4,0.000000,257779665.000000,24450.450000
2026-03-09,1.002649,-10.454424,1.275983,-0.299442,4.278541,4.045064,7.139983,5.326464,52.546610,1.577947,1,0.000000,299114075.000000,24028.050000
2026-03-10,1.022395,1.126617,1.004459,0.047812,0.047812,0.158275,9.295212,103.293980,77.489118,0.072955,0,1.000000,359291725.000000,24261.600000
2026-03-11,0.612681,0.360546,1.022942,-0.976878,3.632025,8.937711,-1.645411,8.760550,22.324130,2.487132,6,0.000000,196429740.000000,23866.850000
2026-03-12,0.697236,1.495569,1.187662,-1.103466,9.049183,5.756764,3.720753,11.285213,36.167154,2.132479,5,0.000000,228624435.000000,23639.150000
2026-03-13,0.577733,0.193854,1.347886,-1.507056,7.131843,7.986230,-7.419352,-2.837827,43.388228,2.118690,4,0.000000,278687565.000000,23151.100000
2026-03-16,1.019348,-1.990662,0.921711,0.037593,6.018250,2.525546,2.914172,19.521126,8.869991,1.311900,1,0.000000,304361135.000000,23408.800000
2026-03-17,1.125520,3.213685,0.930365,-0.079937,0.132097,0.079937,8.179997,179.629820,97.374921,0.082481,0,1.000000,336652160.000000,23581.150000
2026-03-18,1.060347,1.227422,0.931085,0.327196,11.682326,5.140089,-1.503315,26.936460,15.693225,1.796213,6,0.000000,174725005.000000,23777.800000
2026-03-19,0.710081,-0.160595,1.231100,-1.294879,8.704186,8.685492,-0.551588,3.121070,47.160962,2.282395,5,0.000000,203362055.000000,23002.150000
2026-03-20,0.787723,1.295080,1.065532,-0.586212,9.147937,8.157217,-1.067429,16.525930,9.767777,2.072509,4,0.000000,245129235.000000,23114.500000
2026-03-23,0.697983,0.059998,1.175743,-1.054296,6.719111,6.606730,-16.556820,-5.895482,116.002658,1.768783,1,0.000000,265573620.000000,22512.650000
2026-03-24,0.965089,22.305841,1.051951,-0.164103,0.054119,0.382326,19.313095,131.531182,57.264689,0.084234,0,1.000000,311197250.000000,22912.400000
2026-03-25,1.243103,2.112297,1.098955,-0.830457,14.186845,7.266443,1.287604,21.924514,1.486579,2.360291,5,0.000000,261264965.000000,23306.450000
2026-03-27,0.880887,-0.072526,1.009515,-1.447878,12.356045,5.172746,-5.591980,-8.457666,43.360972,1.866816,3,0.000000,302306150.000000,22819.600000
2026-03-30,0.759697,0.127918,1.028287,-0.754991,0.140609,0.083291,-5.357453,106.767737,198.212874,0.160088,0,1.000000,337080700.000000,22331.400000
2026-04-01,0.836203,0.956335,0.917822,-1.413618,10.932388,5.822905,5.702811,12.502153,8.880322,2.703114,6,0.000000,174897060.000000,22679.400000
2026-04-02,1.166816,3.924871,0.833755,-0.382599,11.064540,5.665893,-1.028335,7.191407,10.833927,2.421950,5,0.000000,231127780.000000,22713.100000
2026-04-06,1.428032,4.623463,0.812679,-0.138234,6.392520,4.492071,4.157045,33.170463,5.477199,1.588497,1,0.000000,280162610.000000,22968.250000
2026-04-07,1.380947,1.241771,1.009112,0.102276,0.102276,0.113953,10.522754,88.559627,61.877011,0.104222,0,1.000000,367672825.000000,23123.650000
2026-04-08,1.195866,1.081660,0.846979,0.405670,12.490337,4.178170,-4.827688,29.112677,12.139424,1.769154,5,0.000000,187348915.000000,23997.350000
2026-04-09,0.920510,0.227461,0.839530,-0.104731,3.260134,5.152029,-2.087691,0.873881,36.187011,1.634063,4,0.000000,228957560.000000,23775.100000
2026-04-10,1.171310,12.884371,0.763274,0.418285,4.368290,3.947511,8.128495,53.293891,-6.147264,1.175023,3,0.000000,264399915.000000,24050.600000
2026-04-13,1.210717,1.339067,1.017955,-0.030827,0.178881,0.030827,1.260541,61.502778,79.805779,0.072140,0,1.000000,351849290.000000,23842.650000
2026-04-15,1.114200,1.138288,0.729881,0.129172,5.081444,3.172343,-2.380124,22.694573,15.375654,1.815421,6,0.000000,167944660.000000,24231.300000
2026-04-16,0.866353,0.420887,0.623393,-0.013432,4.945912,3.319661,1.443800,9.890584,27.615613,1.541943,5,0.000000,230743175.000000,24196.750000
2026-04-17,1.018188,2.526649,0.825679,0.425195,5.557917,2.654438,-0.099084,41.049551,-20.912077,1.294267,4,0.000000,274630135.000000,24353.550000
2026-04-20,1.102749,0.418191,0.851380,0.266162,3.549581,2.606829,9.965453,21.855939,8.162575,1.077782,1,0.000000,250791580.000000,24364.850000
2026-04-21,1.518710,4.398703,1.147807,0.108233,0.108233,0.095213,10.587469,91.296021,27.743740,0.106199,0,1.000000,343790200.000000,24576.600000
2026-04-22,0.949148,0.427690,0.950788,-0.089835,5.653025,6.653103,-3.927155,10.678223,31.451524,1.816795,6,0.000000,250476915.000000,24378.100000
2026-04-23,0.832572,0.368361,0.880168,-0.111488,4.852718,7.557797,7.076020,2.996622,37.564932,1.549660,5,0.000000,294635640.000000,24173.050000
2026-04-24,0.678587,0.047989,0.926211,-0.427024,3.757435,4.611483,-10.918303,-1.133048,63.099957,1.456610,4,0.000000,335779535.000000,23897.950000
2026-04-27,0.970909,-0.521649,0.950269,-0.030300,0.384764,3.765871,14.643172,35.210669,-13.306424,0.777621,1,0.000000,317038800.000000,24092.700000
2026-04-28,0.794128,-0.880314,0.794767,-0.017920,0.190451,0.017920,-13.412338,26.046096,135.076606,0.068971,0,1.000000,319071415.000000,23995.700000
2026-04-29,0.932212,1.474097,0.897264,-0.092441,4.870821,3.401282,-1.586412,30.789443,19.593589,1.560946,6,0.000000,178534720.000000,24177.650000
2026-04-30,0.871970,0.612152,1.014071,-0.218564,4.156883,4.177301,-4.326617,-0.487991,25.602885,1.533073,5,0.000000,213073250.000000,23997.550000
2026-05-04,0.623039,0.235477,0.633922,0.080019,2.567653,3.651433,-1.854706,28.284111,49.315774,0.925815,1,0.000000,303397250.000000,24119.300000
2026-05-05,0.883509,4.718041,1.030043,-0.071569,0.136480,0.071569,12.349321,80.226226,53.704707,0.115675,0,1.000000,376003875.000000,24032.800000
2026-05-06,1.182999,1.784596,0.922866,0.332704,5.470193,2.749790,0.796094,29.807007,9.740900,1.609884,6,0.000000,206943100.000000,24330.950000
2026-05-07,1.008050,0.455510,0.865727,0.109551,3.398125,2.767952,5.478502,17.865910,26.563342,1.401960,5,0.000000,250630770.000000,24326.650000
2026-05-08,0.795178,-0.071569,0.923221,-0.098651,2.796765,5.475851,-12.485604,-7.225092,46.416543,1.204906,4,0.000000,279090760.000000,24176.150000
2026-05-11,0.570815,-0.139519,1.009015,-0.353336,1.326218,4.972109,-7.362694,-3.461394,82.542019,0.863920,1,0.000000,321344855.000000,23815.850000
2026-05-12,0.508760,0.115009,0.809804,-0.301332,0.126393,0.087470,-1.906341,45.391096,282.956845,0.102654,0,1.000000,357293040.000000,23379.550000
2026-05-13,0.806506,1.067160,1.363919,-0.373303,6.033503,6.780110,-0.465139,17.121735,12.602606,1.905811,6,0.000000,194828530.000000,23412.600000
2026-05-14,1.225577,288.906082,1.143622,-0.043901,7.132244,3.420910,-0.247038,41.872519,-4.691717,1.468577,5,0.000000,240374225.000000,23689.600000
2026-05-15,0.928150,0.143443,0.964879,-0.238966,2.721678,3.622560,-2.865121,0.333961,27.241080,1.340961,4,0.000000,287183585.000000,23643.500000
2026-05-18,1.343612,-13.955709,1.117484,0.211206,2.748209,1.480130,2.025748,45.088806,29.324460,0.924103,1,0.000000,339584570.000000,23649.950000
2026-05-19,0.862657,-0.282206,0.880586,-0.135490,0.076213,0.135490,-8.016723,41.453906,80.869945,0.116437,0,1.000000,383277765.000000,23618.000000
2026-05-20,1.267453,3.410817,1.169187,-0.384632,4.898770,3.554673,-0.802123,30.238554,10.758005,1.723446,6,0.000000,263721900.000000,23659.000000
2026-05-21,0.938780,0.164542,0.844906,-0.191505,4.881482,5.687242,-4.164217,6.219534,34.367793,1.449183,5,0.000000,321219860.000000,23654.700000
2026-05-22,1.023305,0.104002,1.045410,-0.340229,3.032552,1.183424,3.686397,41.563762,-58.936363,1.192910,4,0.000000,304402085.000000,23719.300000
2026-05-25,1.299497,-8.486812,0.964978,0.131909,0.131909,4.029261,21.815471,104.049333,-8.160953,0.698036,1,0.000000,336191050.000000,24031.700000
2026-05-26,0.901973,-0.992858,0.932260,0.057289,0.057289,0.151796,-1.732359,6.641684,74.239627,0.071925,0,1.000000,336410100.000000,23913.700000
2026-05-27,0.856990,0.743036,0.948405,-0.179235,3.794472,4.571227,-0.677183,18.706628,20.734462,1.276815,6,0.000000,210303275.000000,23907.150000
2026-05-29,0.527311,0.078190,1.154291,-1.071228,2.326125,1.920566,-5.898576,6.555746,37.446725,1.383784,4,0.000000,299934570.000000,23547.750000
2026-06-01,0.491024,0.175998,1.003822,-0.502083,1.636259,2.640425,-3.259305,6.968204,164.954222,0.779640,1,0.000000,326536405.000000,23382.600000
2026-06-02,1.071785,-2.759051,1.113406,-0.070049,0.142866,0.070049,0.987936,54.640915,23.977494,0.094534,0,1.000000,384938580.000000,23483.550000
2026-06-03,0.982526,1.048315,1.161518,-0.403322,6.005400,2.539563,-1.251218,14.204196,17.476164,1.697884,6,0.000000,209378845.000000,23405.600000
2026-06-04,0.963751,0.897658,1.287375,-0.142848,3.914112,2.491614,2.040802,23.685067,12.389697,1.366768,5,0.000000,266311110.000000,23416.550000
2026-06-05,0.698972,0.045505,1.039101,-0.356490,3.709125,2.710267,-9.032024,4.977575,31.287648,1.199570,4,0.000000,323760970.000000,23366.700000
2026-06-08,0.638606,-0.100173,0.905975,-0.333002,2.694287,3.792760,5.894450,-10.080705,246.386116,0.848506,1,0.000000,337772305.000000,23123.000000
2026-06-09,0.828686,11.504126,0.913743,-0.033990,0.181137,0.033990,7.919038,101.297769,44.652281,0.043456,0,1.000000,383666075.000000,23242.100000
2026-06-10,0.819056,0.466961,0.947323,-0.366359,8.679536,3.381657,-1.577049,13.729768,22.927754,1.493865,6,0.000000,208210925.000000,23214.950000
2026-06-11,0.919272,1.694448,1.112552,-0.165792,8.469190,3.619784,-4.339349,29.369264,24.053732,1.299133,5,0.000000,248082575.000000,23161.600000
2026-06-12,1.739526,-5.439466,1.064850,0.520258,4.753438,1.596332,5.914878,43.915553,-19.206574,1.196085,4,0.000000,313648075.000000,23622.900000
2026-06-15,0.946310,-0.510517,0.771877,0.225959,1.483615,0.612478,-6.474036,35.584076,27.533328,0.720427,1,0.000000,344161285.000000,23853.900000
2026-06-16,1.137434,4.184075,0.973016,0.163199,0.163199,0.045229,12.725766,124.150653,40.561473,0.069198,0,1.000000,401667370.000000,23989.150000
2026-06-17,1.071746,1.165722,0.839349,0.355813,0.355813,3.796028,0.632345,23.883970,19.522336,1.246175,6,0.000000,205399480.000000,24085.700000
2026-06-18,1.115362,1.343469,0.919654,0.281364,0.695134,1.373717,-3.501372,37.220966,19.758001,0.935121,5,0.000000,249825355.000000,24168.000000
2026-06-19,0.776311,-0.311221,0.874158,0.054554,2.136750,4.109840,-0.549452,-12.484180,42.642647,0.849328,4,0.000000,275185625.000000,24013.100000
2026-06-22,0.871676,2.165625,0.865379,0.012032,0.426920,0.402856,-4.025098,88.869926,48.838347,0.535413,1,0.000000,311329590.000000,24102.900000
2026-06-23,0.576523,-0.133698,0.723032,-0.108713,0.101158,0.108713,-10.739974,-6.234324,91.773496,0.158873,0,1.000000,371213700.000000,23824.100000
2026-06-24,1.208864,-7.592523,0.959496,0.090127,0.090127,4.072784,10.678484,33.550813,-8.814629,1.182475,6,0.000000,326541430.000000,24021.650000
2026-06-25,1.024876,-0.373150,0.885834,-0.182907,0.232790,3.924177,1.157762,29.068623,46.536268,0.890838,5,0.000000,338737105.000000,24056.000000
2026-06-29,0.772618,0.083129,0.824867,-0.224461,1.863549,4.400480,-6.437075,18.919317,68.058068,0.663152,1,0.000000,405029245.000000,23946.250000
2026-06-30,0.823771,0.130907,1.002471,-0.143511,0.065994,0.143511,2.536983,56.804850,59.111377,0.092811,0,1.000000,385951860.000000,23865.750000
2026-07-01,1.105496,1.713396,1.039204,0.024369,0.024369,4.141282,5.462602,28.915976,15.569170,1.226159,6,0.000000,240111690.000000,24005.850000
2026-07-02,1.334969,8.310049,1.092961,0.313124,0.726763,3.409622,-3.336212,72.818660,3.393899,0.920759,5,0.000000,275041130.000000,24175.700000
2026-07-03,0.996545,0.280637,0.872775,0.291914,1.115948,3.004221,-1.927326,25.705611,31.450399,0.759759,4,0.000000,346350290.000000,24270.850000
2026-07-06,1.497354,-1.153665,1.115695,0.124231,1.761538,0.285096,0.598807,67.742622,-12.520514,0.490374,1,0.000000,351386100.000000,24430.350000
2026-07-07,0.995577,-0.001279,0.835714,-0.005328,0.199601,0.005328,-21.969019,22.964711,77.472594,0.044879,0,1.000000,422119880.000000,24398.700000
2026-07-08,0.605451,0.342394,0.978823,-0.912610,1.599737,2.587508,-2.104345,11.522311,38.785317,1.572520,6,0.000000,242236540.000000,23882.050000
2026-07-09,0.798839,12.078268,1.085905,-0.363897,1.514013,2.241808,5.227261,40.975443,7.413996,1.144274,5,0.000000,276069170.000000,23962.800000
2026-07-10,1.272612,-5.311798,0.980478,0.028504,4.985769,1.210812,5.069546,54.372217,-5.198148,0.815470,4,0.000000,323683425.000000,24206.900000
2026-07-13,1.616364,-38.039802,1.254317,0.045434,0.871505,1.193672,10.769067,67.846942,18.120973,0.664367,1,0.000000,369413135.000000,24211.000000
2026-07-14,1.005628,-0.383115,1.054847,0.008523,0.008523,0.199359,-9.602587,3.061148,67.338294,0.050515,0,1.000000,407717700.000000,24052.050000
2026-07-15,0.775963,0.608457,0.702208,-0.089291,4.479100,0.504600,-4.025445,19.402793,27.086676,1.291193,6,0.000000,210797665.000000,24078.500000
2026-07-16,0.827822,1.331785,0.777596,-0.113199,4.456284,0.528606,6.226022,27.521391,16.950390,1.071751,5,0.000000,239278130.000000,24072.750000
2026-07-17,1.612652,-7.497478,1.082184,0.346425,5.483207,2.735645,4.095669,48.775111,-9.591695,1.012357,4,0.000000,312554710.000000,24334.300000
2026-07-20,1.378360,-1.181323,1.188803,0.158838,0.158838,1.078862,-16.612513,29.987754,73.152638,0.600078,1,0.000000,310569220.000000,24238.500000
2026-07-21,0.822547,0.011052,0.821497,-0.050852,0.155864,0.050852,-15.558231,21.069811,77.617059,0.072971,0,1.000000,400995920.000000,24187.700000
2026-07-22,0.733365,0.399186,0.817106,-0.432359,4.151690,0.849091,-1.791714,11.733437,38.342476,1.288951,6,0.000000,326365130.000000,23996.250000
2026-07-23,0.678610,0.104987,0.888014,-0.546302,3.643128,4.735731,-17.630078,-22.797509,58.818312,1.067467,5,0.000000,346224515.000000,23869.600000
2026-07-24,0.825089,-5.618438,1.122605,-0.557696,3.228996,5.185874,11.417177,34.731191,32.142072,0.998424,4,0.000000,367879330.000000,23767.450000
2026-07-27,1.119640,-0.834013,1.032454,-0.016878,4.150492,0.850352,-1.159797,73.707664,-7.631566,0.524672,1,0.000000,362834940.000000,23995.950000
2026-07-28,0.936714,-5.212190,0.897750,-0.061079,0.147382,0.061079,-19.280082,-0.868307,43.323731,0.117363,0,1.000000,341384680.000000,23985.350000
2026-07-29,1.167005,1.839099,0.822321,0.207009,1.031744,3.091933,-0.041575,39.310622,17.642662,1.071744,6,0.000000,216851570.000000,24250.200000
2026-07-30,1.293649,2.367854,0.820240,0.276143,1.304224,1.163171,-2.790542,40.879042,23.019603,0.903478,5,0.000000,256584705.000000,24317.150000
2026-07-31,1.494089,2.710196,1.043015,0.137798,1.573189,0.887482,2.776287,43.740362,12.882239,0.706622,4,0.000000,324993890.000000,24383.600000
2026-08-03,1.572379,8.265057,0.679133,0.905374,2.318128,0.911025,13.262389,314.334810,37.744695,0.772777,1,0.000000,339115270.000000,24774.300000
2026-08-04,1.006266,-31.545305,0.820674,0.263661,0.060532,0.142597,-0.332771,-34.900840,-19.090752,0.119034,0,1.000000,269084660.000000,24614.900000
2026-08-05,0.717218,0.530002,0.548847,0.303152,2.536686,1.524286,-0.741442,21.089460,26.723879,1.138087,6,0.000000,226852080.000000,24624.650000
2026-08-06,0.920335,-8.615393,0.843745,0.146128,2.581588,1.477513,7.398261,58.745736,-17.743958,1.024111,5,0.000000,248281150.000000,24636.000000
2026-08-07,0.734354,0.161274,0.698781,-0.119451,2.322486,0.119451,-11.281804,0.922997,53.252902,0.902907,4,0.000000,297006645.000000,24570.650000
2026-08-10,0.847782,-9.010986,0.819382,-0.065897,0.340875,0.065897,6.230289,123.445805,88.898446,0.608327,1,0.000000,312790530.000000,24583.800000
2026-08-11,0.748653,-0.339219,0.868510,0.088674,0.088674,0.115644,-28.797442,29.427072,155.517517,0.130355,0,1.000000,322983050.000000,24471.700000
2026-08-12,0.754148,0.558866,0.755356,0.147119,1.784052,2.308279,-1.204285,17.656985,37.822599,1.004872,6,0.000000,218795200.000000,24435.950000
2026-08-13,0.775892,0.891289,0.858444,-0.017011,1.622612,2.476446,-4.637060,36.709122,36.656918,0.839897,5,0.000000,263246100.000000,24395.850000
2026-08-14,0.884320,6.721695,0.987125,-0.139539,1.502093,2.601986,15.673008,51.101987,32.390680,0.730731,4,0.000000,284507015.000000,24366.000000
2026-08-17,0.915871,11.097527,1.080633,-0.256715,1.184347,0.874313,-22.971359,224.397666,351.962608,0.538957,1,0.000000,290167085.000000,24287.650000
2026-08-18,0.626413,-0.101859,0.753526,-0.186712,0.020286,0.186712,-19.245322,-0.318002,104.218887,0.127717,0,1.000000,344232200.000000,24154.900000
2026-08-19,0.702386,0.421305,0.890049,-0.505434,0.325189,1.751369,-0.646237,15.473623,40.776659,0.975567,6,0.000000,337707630.000000,24078.300000
2026-08-20,1.096882,-1.138953,1.127178,-0.074901,0.956799,1.106601,6.716502,39.607133,-25.237326,0.791314,5,0.000000,342571190.000000,24231.850000
2026-08-21,1.077542,0.828583,1.042988,0.008247,1.039090,0.197922,-9.877629,32.906010,51.241776,0.670254,4,0.000000,365778075.000000,24252.000000
2026-08-24,0.694917,-0.819074,0.647046,0.078657,0.904453,0.334241,-11.888263,-10.692273,59.755229,0.495478,1,0.000000,373828520.000000,24219.050000
2026-08-25,1.087382,-0.161890,1.054444,0.141979,0.141979,0.063490,7.283982,29.804120,-66.437100,0.150609,0,1.000000,315756285.000000,24334.550000
2026-08-26,0.733219,0.218870,0.869644,-0.381076,0.032015,1.207258,-8.590137,14.348040,38.814863,1.035412,6,0.000000,221331240.000000,24207.750000
2026-08-27,0.593022,0.281195,0.769938,-0.453077,0.377114,0.868172,-3.942326,9.866948,42.342668,0.902417,5,0.000000,294889595.000000,24090.850000
2026-08-28,0.776007,-8.651832,0.854787,-0.100721,0.726558,0.514361,9.499255,53.307467,5.298545,0.731521,4,0.000000,322381670.000000,24175.650000
2026-08-31,0.803936,1.150837,0.935449,-0.081394,0.333881,1.742496,5.161397,61.594946,97.409169,0.578894,1,0.000000,353815020.000000,24080.400000
2026-09-01,0.863004,1.893360,0.960340,0.024111,0.024111,0.183739,2.810961,52.201277,62.001778,0.110784,0,1.000000,386347845.000000,24055.800000
2026-09-02,0.729005,0.820824,0.897469,-0.148655,3.823839,1.194048,0.927242,20.255131,33.305296,1.060656,6,0.000000,253476600.000000,23914.450000
2026-09-03,0.656316,0.468011,0.809959,-0.320649,3.658667,0.530087,-8.787212,18.289941,35.943153,0.948334,5,0.000000,336552840.000000,23873.450000
2026-09-04,0.844327,-2.697001,1.006446,-0.428075,3.756428,0.428075,10.980835,46.087726,-12.040374,0.768484,4,0.000000,354859505.000000,23897.700000
