date,ClientType,Future Index Long,Future Index Short,Future Stock Long,Future Stock Short,Option Index Call Long,Option Index Put Long,Option Index Call Short,Option Index Put Short,Option Stock Call Long,Option Stock Put Long,Option Stock Call Short,Option Stock Put Short,Total Long Contracts,Total Short Contracts
2023-08-04,Client,194286,209235,349460,361684,48867699,43963340,48995628,43933570,988757,350603,968071,338262,94714145,94806450
2023-08-04,DII,113,2431,21057,32447,0,6836,0,0,0,0,8966,0,28006,43844
2023-08-04,FII,56019,40993,232482,200372,9757118,8934250,9749368,8937597,194324,90979,196832,92327,19265172,19217489
2023-08-04,Pro,155262,153021,425763,434259,71235016,65121680,71114837,65154939,1786113,919875,1795325,930868,139643709,139583249
2023-08-04,TOTAL,405680,405680,1028762,1028762,129859833,118026106,129859833,118026106,2969194,1361457,2969194,1361457,253651032,253651032
2023-08-07,Client,114325,116418,253719,249933,44918143,44605522,44894939,44499891,786901,303626,773965,289092,90982236,90824238
2023-08-07,DII,83,1751,16401,34759,0,2891,0,1280,288,0,14230,0,19663,52020
2023-08-07,FII,35796,28944,159293,136861,6944006,7432767,6875049,7460512,133350,59239,134253,60116,14764451,14695735
2023-08-07,Pro,86872,89963,312323,320183,71292878,71409514,71385039,71489011,1354489,677445,1352580,691102,145133521,145327878
2023-08-07,TOTAL,237076,237076,741736,741736,123155027,123450694,123155027,123450694,2275028,1040310,2275028,1040310,250899871,250899871
2023-08-08,Client,119269,114567,284190,294380,73282985,70961036,73206749,71005999,854233,294845,830122,301635,145796558,145753452
2023-08-08,DII,0,0,28859,26957,0,2408,0,390,0,0,9385,0,31267,36732
2023-08-08,FII,31201,25008,171276,171668,10278777,10723111,10284397,10697620,141317,66475,143007,64397,21412157,21386097
2023-08-08,Pro,80763,91658,354489,345809,127208343,124128300,127278959,124110846,1413718,738347,1426754,733635,253923960,253987661
2023-08-08,TOTAL,231233,231233,838814,838814,210770105,205814855,210770105,205814855,2409268,1099667,2409268,1099667,421163942,421163942
2023-08-09,Client,163890,162286,295916,271726,58694163,63368164,58701749,63166898,865087,316629,856318,306848,123703849,123465825
2023-08-09,DII,59,1010,31978,37135,0,3000,0,850,502,0,9856,0,35539,48851
2023-08-09,FII,37617,43674,150333,176502,8406230,10094198,8482119,10213519,140150,64277,141917,67082,18892805,19124813
2023-08-09,Pro,118488,113084,340606,333470,93132595,91646677,93049120,91730772,1401062,703072,1398710,710048,187342500,187335204
2023-08-09,TOTAL,320054,320054,818833,818833,160232988,165112039,160232988,165112039,2406801,1083978,2406801,1083978,329974693,329974693
2023-08-10,Client,197684,198324,349467,317045,111876500,117523045,111518828,117653242,925471,293973,862008,309054,231166140,230858501
2023-08-10,DII,187,8,31090,30673,0,0,0,580,360,0,10284,0,31637,41545
2023-08-10,FII,34363,49316,177848,242941,20894197,23411811,20942775,23424596,169455,76666,174149,76099,44764340,44909876
2023-08-10,Pro,173694,158280,435048,402794,230377318,230823733,230686412,230680171,1563519,790778,1612364,776264,464164090,464316285
2023-08-10,TOTAL,405928,405928,993453,993453,363148015,371758589,363148015,371758589,2658805,1161417,2658805,1161417,740126207,740126207
2023-08-11,Client,153378,150373,298765,285445,32838706,37446361,32692775,37478272,950425,335460,906314,346528,72023095,71859707
2023-08-11,DII,0,2878,36269,40869,0,0,0,0,67,0,5591,0,36336,49338
2023-08-11,FII,29262,31992,191311,212577,5938180,6451157,5901765,6432874,173522,76929,176442,75896,12860361,12831546
2023-08-11,Pro,126778,124175,369588,357042,53418399,50464940,53600745,50451312,1525709,777386,1561376,767351,106682800,106862001
2023-08-11,TOTAL,309418,309418,895933,895933,92195285,94362458,92195285,94362458,2649723,1189775,2649723,1189775,191602592,191602592
2023-08-14,Client,157672,146884,278209,273338,67319767,67205845,67642925,66969604,907264,372067,879057,365265,136240824,136277073
2023-08-14,DII,629,152,30455,24111,0,0,0,3000,881,0,4989,0,31965,32252
2023-08-14,FII,31644,37481,153971,170108,9391069,9152440,9366307,9198690,191521,85827,189636,87829,19006472,19050051
2023-08-14,Pro,134685,140113,347196,342274,122055588,109963522,121757192,110150513,1516469,788859,1542453,793659,234806319,234726204
2023-08-14,TOTAL,324630,324630,809831,809831,198766424,186321807,198766424,186321807,2616135,1246753,2616135,1246753,390085580,390085580
2023-08-16,Client,135610,133227,243247,233352,60271024,56245923,60129042,55987696,840891,292173,829899,286950,118028868,117600166
2023-08-16,DII,214,0,35517,32664,0,0,0,0,1645,0,13085,0,37376,45749
2023-08-16,FII,33715,32836,146541,163270,8824892,8810844,8897072,8813884,165493,74847,165451,75053,18056332,18147566
2023-08-16,Pro,162725,166201,304881,300900,98575149,87723540,98644951,87978727,1409444,665720,1409038,670737,188841459,189170554
2023-08-16,TOTAL,332264,332264,730186,730186,167671065,152780307,167671065,152780307,2417473,1032740,2417473,1032740,324964035,324964035
2023-08-17,Client,162646,163460,247116,220071,102087796,95470918,102165685,95953444,831527,249020,794880,261998,199049023,199559538
2023-08-17,DII,12,1,35300,34093,0,19490,0,2500,447,0,2584,0,55249,39178
2023-08-17,FII,47091,47626,149410,196365,18742606,19053411,18632299,18769331,152884,70175,158565,67155,38215577,37871341
2023-08-17,Pro,172393,171055,309091,290388,195551522,177557919,195583940,177376463,1347625,614137,1376454,604179,375552687,375402479
2023-08-17,TOTAL,382142,382142,740917,740917,316381924,292101738,316381924,292101738,2332483,933332,2332483,933332,612872536,612872536
2023-08-18,Client,148385,151249,283606,262787,30645909,30840447,30679919,30864076,1128369,371546,1114221,381072,63418262,63453324
2023-08-18,DII,30,460,27693,25089,0,10042,0,230,4729,0,5254,0,42494,31033
2023-08-18,FII,38697,27188,187445,216042,6216719,6045083,6189342,6106639,209940,87829,209934,86825,12785713,12835970
2023-08-18,Pro,115055,123270,349142,343968,45860574,42473028,45853941,42397655,1888835,839111,1902464,830589,91525745,91451887
2023-08-18,TOTAL,302167,302167,847886,847886,82723202,79368600,82723202,79368600,3231873,1298486,3231873,1298486,167772214,167772214
2023-08-21,Client,137150,134552,228396,226387,48830549,42924203,48802420,42638407,946728,322010,978315,289339,93389036,93069420
2023-08-21,DII,241,12,20787,25759,0,2000,0,460,2568,0,2180,0,25596,28411
2023-08-21,FII,33303,30502,138339,113409,6275154,5868318,6298103,5944221,174280,75476,174661,76822,12564870,12637718
2023-08-21,Pro,120869,126497,266045,288012,74980164,67796105,74985344,68007538,1593698,707819,1562118,739144,145464700,145708653
2023-08-21,TOTAL,291563,291563,653567,653567,130085867,116590626,130085867,116590626,2717274,1105305,2717274,1105305,251444202,251444202
2023-08-22,Client,85966,91201,276242,275681,58909467,57177071,58656582,57347909,1061892,342932,1070862,339222,117853570,117781457
2023-08-22,DII,801,0,53759,52615,0,1000,0,0,0,0,2909,0,55560,55524
2023-08-22,FII,20893,21498,155604,158634,7016617,6849902,7056338,6720833,173137,78103,173394,76449,14294256,14207146
2023-08-22,Pro,69410,64371,305233,303908,103355765,101654960,103568929,101614191,1669658,789610,1657522,794974,207844636,208003895
2023-08-22,TOTAL,177070,177070,790838,790838,169281849,165682933,169281849,165682933,2904687,1210645,2904687,1210645,340048022,340048022
2023-08-23,Client,157196,154895,335636,342694,61365571,49242437,61492322,48841260,1300517,436198,1322593,430845,112837555,112584609
2023-08-23,DII,1145,0,64083,69043,0,570,0,570,63,0,2441,0,65861,72054
2023-08-23,FII,41127,31514,173646,155394,9396434,8471422,9432321,8566361,226828,101463,226564,102545,18410920,18514699
2023-08-23,Pro,130142,143201,350580,356814,95261511,81215431,95098873,81521669,2023467,974292,1999277,978563,179955423,180098397
2023-08-23,TOTAL,329610,329610,923945,923945,166023516,138929860,166023516,138929860,3550875,1511953,3550875,1511953,311269759,311269759
2023-08-24,Client,190407,200024,426197,412852,123800192,114681638,123598595,115375029,1327259,456944,1316167,462446,240882637,241365113
2023-08-24,DII,911,620,117822,120402,0,0,0,0,445,0,2572,0,119178,123594
2023-08-24,FII,39610,45301,216915,225060,23715486,24029821,23638306,23848070,246645,116522,245979,112030,48364999,48114746
2023-08-24,Pro,204854,189837,443161,445781,240849791,223982664,241128568,223471024,2109205,1050776,2118836,1049766,468640451,468403812
2023-08-24,TOTAL,435782,435782,1204095,1204095,388365469,362694123,388365469,362694123,3683554,1624242,3683554,1624242,758007265,758007265
2023-08-25,Client,180297,171466,401527,401172,38812519,40298039,38689180,40424767,1306307,515460,1294789,544072,81514149,81525446
2023-08-25,DII,32,50,104370,104746,0,16133,0,13550,2981,0,4331,0,123516,122677
2023-08-25,FII,38571,53470,280516,272133,7266386,7514531,7309597,7479634,263108,134555,260869,130350,15497667,15506053
2023-08-25,Pro,157994,151908,428694,437056,59625329,56845463,59705457,56756215,2253048,1174041,2265455,1149634,120484569,120465725
2023-08-25,TOTAL,376894,376894,1215107,1215107,105704234,104674166,105704234,104674166,3825444,1824056,3825444,1824056,217619901,217619901
2023-08-28,Client,128842,125666,523923,509693,49783628,44445281,49930791,44053249,1182827,461497,1218040,426987,96525998,96264426
2023-08-28,DII,23751,22992,181424,190956,0,8600,0,1163,3904,0,2534,0,217679,217645
2023-08-28,FII,62368,54271,900230,893667,6583261,6117320,6534440,6196658,225883,105473,222636,105965,13994535,14007637
2023-08-28,Pro,117704,129736,468250,479511,78416576,72930924,78318234,73251055,1996878,890958,1966282,924976,154821290,155069794
2023-08-28,TOTAL,332665,332665,2073827,2073827,134783465,123502125,134783465,123502125,3409492,1457928,3409492,1457928,265559502,265559502
2023-08-29,Client,110558,117834,529385,536549,61192412,62862031,61131110,62825409,1329267,487115,1383503,468712,126510768,126463117
2023-08-29,DII,16715,16995,294009,300025,0,11342,0,2533,2133,0,4803,0,324199,324356
2023-08-29,FII,67127,59235,925174,893127,9043333,8280603,9037635,8285942,207635,95860,211924,98552,18619732,18586415
2023-08-29,Pro,124013,124349,504626,523493,106381298,112203826,106448298,112243918,2246734,921611,2185539,937322,222382108,222462919
2023-08-29,TOTAL,318413,318413,2253194,2253194,176617043,183357802,176617043,183357802,3785769,1504586,3785769,1504586,367836807,367836807
2023-08-30,Client,180798,189924,565809,579782,51301232,54059624,50929986,54020926,1094174,427910,1195732,430587,107629547,107346937
2023-08-30,DII,35161,35145,346919,349284,0,6316,0,41425,11622,0,761,0,400018,426615
2023-08-30,FII,72640,73901,605557,582938,8362639,9255515,8447259,9369379,131490,58070,130386,55799,18485911,18659662
2023-08-30,Pro,134587,124216,537741,544022,80155473,77755356,80442099,77645081,1835693,803904,1746100,803498,161222754,161305016
2023-08-30,TOTAL,423186,423186,2056026,2056026,139819344,141076811,139819344,141076811,3072979,1289884,3072979,1289884,287738230,287738230
2023-08-31,Client,303695,297320,794837,763093,109639511,114060081,110032796,114173325,843440,390374,904080,411865,226031938,226582479
2023-08-31,DII,37516,36349,500814,524866,0,5304,0,2168,8555,0,816,0,552189,564199
2023-08-31,FII,68287,97649,501771,558084,23524037,25568487,23514008,25621720,28085,21948,32253,19365,49712615,49843079
2023-08-31,Pro,282434,260614,861154,812533,226572375,205168051,226189119,205004710,1449680,783789,1392611,764881,435117483,434424468
2023-08-31,TOTAL,691932,691932,2658576,2658576,359735923,344801923,359735923,344801923,2329760,1196111,2329760,1196111,711414225,711414225
2023-09-01,Client,173516,161788,334514,322759,43773929,40681199,43970632,40485457,895593,321872,887180,301416,86180623,86129232
2023-09-01,DII,7,167,35281,43141,0,11249,0,1843,0,0,37257,0,46537,82408
2023-09-01,FII,35161,33646,190013,169414,8586163,8176044,8599901,8221425,167741,78703,169830,77987,17233825,17272203
2023-09-01,Pro,157167,170250,383806,408300,65192481,60115959,64982040,60275726,1549783,725723,1518850,746895,128124919,128102061
2023-09-01,TOTAL,365851,365851,943614,943614,117552573,108984451,117552573,108984451,2613117,1126298,2613117,1126298,231585904,231585904
2023-09-04,Client,114880,113412,316383,301285,56296104,53165044,56100111,52868585,923763,287832,877979,282831,111104006,110544203
2023-09-04,DII,38,36,23425,46043,0,5351,0,357,0,0,19823,0,28814,66259
2023-09-04,FII,27604,25210,179617,168514,7324458,7690737,7275084,7703345,154479,71743,159479,74057,15448638,15405689
2023-09-04,Pro,84629,88493,358970,362553,94486117,89781398,94731484,90070243,1448663,684798,1469624,687485,186844575,187409882
2023-09-04,TOTAL,227151,227151,878395,878395,158106679,150642530,158106679,150642530,2526905,1044373,2526905,1044373,313426033,313426033
2023-09-05,Client,97913,105121,284881,268135,66245219,67786910,66352049,67886177,916355,245970,871884,254453,135577248,135737819
2023-09-05,DII,25,200,25948,25074,0,10200,0,0,0,0,20571,0,36173,45845
2023-09-05,FII,22703,20925,132964,154719,9877534,10085869,9819931,10009082,147114,68849,151042,67898,20335033,20223597
2023-09-05,Pro,95024,89419,323898,319763,122418594,118037347,122369367,118025067,1384007,633408,1403979,625876,242892278,242833471
2023-09-05,TOTAL,215665,215665,767691,767691,198541347,195920326,198541347,195920326,2447476,948227,2447476,948227,398840732,398840732
2023-09-06,Client,143193,148997,292047,272799,100276344,97840215,100163463,97918681,883740,251431,834960,266016,199686970,199604916
2023-09-06,DII,175,93,34902,35609,0,5200,0,0,0,0,27754,0,40277,63456
2023-09-06,FII,50879,53803,149592,179853,17722544,17914229,17901710,17941617,143890,64548,144332,65180,36045682,36286495
2023-09-06,Pro,133599,124953,344220,332500,183801837,173771079,183735552,173670425,1351969,647772,1372553,632555,360050476,359868538
2023-09-06,TOTAL,327846,327846,820761,820761,301800725,289530723,301800725,289530723,2379599,963751,2379599,963751,595823405,595823405
2023-09-07,Client,184781,180611,283652,304917,85183163,75236902,85239860,74787028,967667,275886,969321,262671,162132051,161744408
2023-09-07,DII,639,46,23030,25027,0,16663,0,0,75,0,12818,0,40407,37891
2023-09-07,FII,54592,37110,180533,148590,12663275,12643851,12648643,12835456,154064,68069,155991,68399,25764384,25894189
2023-09-07,Pro,102860,125105,322799,331480,139404883,132070979,139362818,132345911,1476496,640039,1460172,652924,274018056,274278410
2023-09-07,TOTAL,342872,342872,810014,810014,237251321,219968395,237251321,219968395,2598302,983994,2598302,983994,461954898,461954898
2023-09-08,Client,156536,163124,367799,363534,52253432,40456546,52195377,40300110,1258873,337166,1257676,328358,94830352,94608179
2023-09-08,DII,8,140,29774,26482,0,8283,0,0,0,0,8396,0,38065,35018
2023-09-08,FII,33905,29311,160283,164493,9060691,8175093,9117644,8274102,202175,88404,201038,88430,17720551,17875018
2023-09-08,Pro,109634,107508,387410,390757,80138304,64874287,80139406,64939997,1949078,835360,1943016,844142,148294073,148364826
2023-09-08,TOTAL,300083,300083,945266,945266,141452427,113514209,141452427,113514209,3410126,1260930,3410126,1260930,260883041,260883041
2023-09-11,Client,120791,137574,313329,320147,60586824,45932070,60465404,45536044,1135096,314094,1129051,292355,108402204,107880575
2023-09-11,DII,2000,736,35326,29541,0,12715,0,0,0,0,1746,0,50041,32023
2023-09-11,FII,34481,25948,149085,142096,6462314,6196258,6525529,6282108,118438,65992,121001,66889,13026568,13163571
2023-09-11,Pro,91983,84997,349326,355282,99244455,87057356,99302660,87380247,1678436,745620,1680172,766462,189167176,189569820
2023-09-11,TOTAL,249255,249255,847066,847066,166293593,139198399,166293593,139198399,2931970,1125706,2931970,1125706,310645989,310645989
2023-09-12,Client,149930,166410,416695,440696,89730976,86903234,89668122,87209630,1354655,420834,1246496,471831,178976324,179203185
2023-09-12,DII,809,373,41601,24278,0,8470,0,350,0,0,9230,0,50880,34231
2023-09-12,FII,48557,37480,242852,252760,10933540,12819245,10789591,12625911,248352,132801,257328,134812,24425347,24097882
2023-09-12,Pro,161060,156093,550224,533638,177969472,176885779,178176275,176780837,2162752,1218378,2252705,1165370,358947665,359064918
2023-09-12,TOTAL,360356,360356,1251372,1251372,278633988,276616728,278633988,276616728,3765759,1772013,3765759,1772013,562400216,562400216
2023-09-13,Client,181294,177241,322722,350227,129081207,110399532,129207925,109985373,1119681,366611,1135350,344703,241471047,241200819
2023-09-13,DII,659,188,22119,32457,0,5635,0,0,201,0,4676,0,28614,37321
2023-09-13,FII,63447,49023,245811,189666,14752975,16005281,14956223,16256390,206561,96756,200994,97760,31370831,31750056
2023-09-13,Pro,108671,127619,399167,417469,245971172,239740517,245641206,239909202,1763793,849277,1749216,870181,488832597,488714893
2023-09-13,TOTAL,354071,354071,989819,989819,389805354,366150965,389805354,366150965,3090236,1312644,3090236,1312644,761703089,761703089
2023-09-14,Client,146073,153160,318581,306439,76080498,68730309,76169339,68627076,1114612,314471,1093142,303217,146704544,146652373
2023-09-14,DII,25,0,23232,27819,0,264,0,0,182,0,7209,0,23703,35028
2023-09-14,FII,39373,41103,187864,196892,9175241,8193493,9243494,8256894,178469,86608,181464,84130,17861048,18003977
2023-09-14,Pro,97710,88918,386815,385342,148678848,130256106,148521754,130296202,1690850,765221,1702298,778953,281875550,281773467
2023-09-14,TOTAL,283181,283181,916492,916492,233934587,207180172,233934587,207180172,2984113,1166300,2984113,1166300,446464845,446464845
2023-09-15,Client,117309,119276,305248,325596,40585746,35179268,40598366,35078264,1266534,358003,1250644,340019,77812108,77712165
2023-09-15,DII,10,373,41302,64953,0,12200,0,16200,50,0,10561,0,53562,92087
2023-09-15,FII,31757,28564,245878,175709,4568225,4810159,4574119,4880199,180704,87708,181968,86858,9924431,9927417
2023-09-15,Pro,74591,75454,383348,409518,66615182,63872772,66596668,63899736,1852623,795520,1856738,814354,133594036,133652468
2023-09-15,TOTAL,223667,223667,975776,975776,111769153,103874399,111769153,103874399,3299911,1241231,3299911,1241231,221384137,221384137
2023-09-18,Client,105219,110213,279341,277772,65029977,64934671,64645497,64991161,1200434,359114,1148553,369599,131908756,131542795
2023-09-18,DII,0,800,26219,31403,0,0,0,2500,15,0,1750,0,26234,36453
2023-09-18,FII,19713,22748,145731,153684,8731480,9212332,8890685,9254459,199999,97987,200463,95909,18407242,18617948
2023-09-18,Pro,95578,86749,349326,337758,120346787,115230583,120572062,115129466,1718406,816122,1768088,807715,238556802,238701838
2023-09-18,TOTAL,220510,220510,800617,800617,194108244,189377586,194108244,189377586,3118854,1273223,3118854,1273223,388899034,388899034
2023-09-20,Client,208132,186308,365729,328217,102506529,108456094,101787619,108271206,1222676,445055,1158179,471430,213204215,212202959
2023-09-20,DII,80,756,39907,79749,0,0,0,21697,1945,0,3831,0,41932,106033
2023-09-20,FII,50989,76071,221764,233723,19503745,19511139,19935077,19867191,233639,121774,230617,126482,39643050,40469161
2023-09-20,Pro,148648,144714,415198,400909,209137804,189978267,209425382,189785406,1901035,1027194,1966668,996111,402608146,402719190
2023-09-20,TOTAL,407849,407849,1042598,1042598,331148078,317945500,331148078,317945500,3359295,1594023,3359295,1594023,655497343,655497343
2023-09-21,Client,238658,201895,364016,371176,65830243,71987941,65508465,71895641,1247981,517315,1206682,547622,140186154,139731481
2023-09-21,DII,40,3086,55200,47607,0,719,0,7740,392,0,3273,0,56351,61706
2023-09-21,FII,64091,75439,242045,250593,10774430,11520536,10964132,11668079,285167,150531,286556,150079,23036800,23394878
2023-09-21,Pro,143765,166134,437745,429630,124197013,114909399,124329089,114847135,2154670,1215991,2191699,1186136,243058583,243149823
2023-09-21,TOTAL,446554,446554,1099006,1099006,200801686,198418595,200801686,198418595,3688210,1883837,3688210,1883837,406337888,406337888
2023-09-22,Client,194506,184505,428868,416129,42648650,43096732,42538266,43083349,1268124,533916,1309961,521652,88170796,88053862
2023-09-22,DII,643,18,96992,100808,0,5781,0,0,1,0,5671,0,103417,106497
2023-09-22,FII,54320,64793,285888,275634,8162788,7833739,8235158,7874406,277700,149685,276373,149578,16764120,16875942
2023-09-22,Pro,134049,134202,459868,479045,69466137,66241573,69504151,66220070,2270649,1179366,2224469,1191737,139751642,139753674
2023-09-22,TOTAL,383518,383518,1271616,1271616,120277575,117177825,120277575,117177825,3816474,1862967,3816474,1862967,244789975,244789975
2023-09-25,Client,205705,186376,591929,594463,67978100,65527315,68116171,65331509,1289226,487065,1311438,472916,136079340,136012873
2023-09-25,DII,21653,21972,276016,286801,0,0,0,0,1200,0,1592,0,298869,310365
2023-09-25,FII,49324,66222,821487,794848,8545597,8239017,8505669,8284538,253242,123171,254406,123842,18031838,18029525
2023-09-25,Pro,126508,128620,544010,557330,129760232,119241403,129662089,119391688,2305349,1034082,2281581,1047560,253011584,253068868
2023-09-25,TOTAL,403190,403190,2233442,2233442,206283929,193007735,206283929,193007735,3849017,1644318,3849017,1644318,407421631,407421631
2023-09-26,Client,114453,111529,560637,543435,72674674,71734922,72396073,71755250,1143044,392931,1156981,398881,146620661,146362149
2023-09-26,DII,33396,35116,357132,356280,0,2000,0,0,3547,0,2552,0,396075,393948
2023-09-26,FII,41536,44999,923262,941387,10297961,11427362,10473508,11614835,177124,79517,175580,77331,22946762,23327640
2023-09-26,Pro,72760,70501,527955,527884,139258309,132705719,139361363,132499918,1913763,797454,1902365,793690,275275960,275155721
2023-09-26,TOTAL,262145,262145,2368986,2368986,222230944,215870003,222230944,215870003,3237478,1269902,3237478,1269902,445239458,445239458
2023-09-27,Client,216264,200815,636022,623510,70027001,68324685,70031496,68102321,1079282,406066,1179354,409746,140689320,140547242
2023-09-27,DII,29351,29588,407850,411549,0,52118,0,24500,4384,0,950,0,493703,466587
2023-09-27,FII,60105,73934,611886,607745,9354343,9259897,9323087,9282170,100691,55409,98434,53230,19442331,19438600
2023-09-27,Pro,141483,142866,560457,573411,121663886,113282385,121690647,113510094,1825463,796580,1731082,795079,238270254,238443179
2023-09-27,TOTAL,447203,447203,2216215,2216215,201045230,190919085,201045230,190919085,3009820,1258055,3009820,1258055,398895608,398895608
2023-09-28,Client,346564,333705,864177,827837,113629024,111841224,113438392,112206419,832691,367322,876539,399594,227881002,228082486
2023-09-28,DII,27857,24589,591163,589410,0,40463,0,16097,5339,0,0,0,664822,630096
2023-09-28,FII,80190,124629,469764,564418,18899611,15858389,18933438,15842378,31690,22229,25513,25490,35361873,35515866
2023-09-28,Pro,202386,174074,880524,823963,235457225,207729294,235614030,207404476,1437220,727137,1404888,691604,446433786,446113035
2023-09-28,TOTAL,656997,656997,2805628,2805628,367985860,335469370,367985860,335469370,2306940,1116688,2306940,1116688,710341483,710341483
2023-09-29,Client,175454,162254,300844,311154,46695558,41538136,46757635,41273225,702200,270820,714581,269454,89683012,89488303
2023-09-29,DII,4040,527,27491,32919,0,29022,0,0,0,0,9571,0,60553,43017
2023-09-29,FII,35411,43437,196568,178207,5624264,4965928,5761031,5160837,125556,72463,128242,67721,11020190,11339475
2023-09-29,Pro,124913,133600,365624,368247,80217815,74641865,80018971,74740889,1301717,657516,1277079,663624,157309450,157202410
2023-09-29,TOTAL,339818,339818,890527,890527,132537637,121174951,132537637,121174951,2129473,1000799,2129473,1000799,258073205,258073205
2023-10-03,Client,129592,111184,258159,242816,69032826,68058601,68723164,68052891,746534,235656,670427,251627,138461368,138052109
2023-10-03,DII,1020,30,23502,26553,0,1758,0,2500,0,0,22934,0,26280,52017
2023-10-03,FII,27424,48012,163150,189876,7757585,8729348,7728134,8627647,139158,64019,140142,65100,16880684,16798911
2023-10-03,Pro,68659,67469,323679,309245,125727062,117825937,126066175,117932606,1152900,556462,1205089,539410,245654699,246119994
2023-10-03,TOTAL,226695,226695,768490,768490,202517473,194615644,202517473,194615644,2038592,856137,2038592,856137,401023031,401023031
2023-10-04,Client,181277,186147,335100,287997,103258594,98319231,102996174,97905035,818411,303382,736967,337781,203215995,202450101
2023-10-04,DII,2097,446,29538,30769,0,5930,0,5000,0,0,16910,0,37565,53125
2023-10-04,FII,49413,55748,207336,293499,14829921,13618494,15220554,13957357,166296,84241,169401,83344,28955701,29779903
2023-10-04,Pro,116059,106505,406164,365873,196342371,165330468,196214158,165406731,1311296,729683,1372725,696181,364236041,364162173
2023-10-04,TOTAL,348846,348846,978138,978138,314430886,277274123,314430886,277274123,2296003,1117306,2296003,1117306,596445302,596445302
2023-10-05,Client,142361,145427,247681,261459,69718255,64837550,69383814,64613547,763210,241842,764539,237707,135950899,135406493
2023-10-05,DII,175,1751,19477,17379,0,5319,0,0,1255,0,6987,0,26226,26117
2023-10-05,FII,58154,54237,204613,183771,7498043,7573167,7851555,7934440,139084,68426,140160,65977,15541487,16230140
2023-10-05,Pro,82585,81860,296036,305198,123134444,122226640,123115373,122094689,1240394,576520,1232257,583104,247556619,247412481
2023-10-05,TOTAL,283275,283275,767807,767807,200350742,194642676,200350742,194642676,2143943,886788,2143943,886788,399075231,399075231
2023-10-06,Client,125471,126095,236915,235246,35044827,30498077,35447483,30494732,825862,256659,842587,242799,66987811,67388942
2023-10-06,DII,1230,4180,14120,22439,0,6416,0,0,0,0,15109,0,21766,41728
2023-10-06,FII,39545,35602,155674,143052,5086944,4782663,5038136,4799843,136660,62686,134122,62792,10264172,10213547
2023-10-06,Pro,79738,80107,266628,272600,52952691,48791721,52598843,48784302,1256156,555911,1226860,569665,103902845,103532377
2023-10-06,TOTAL,245984,245984,673337,673337,93084462,84078877,93084462,84078877,2218678,875256,2218678,875256,181176594,181176594
2023-10-09,Client,130679,133876,239278,237233,50430635,52547797,49841644,52454583,744272,293636,693834,305539,104386297,103666709
2023-10-09,DII,6543,1012,23013,20813,0,1532,0,2500,0,0,6312,0,31088,30637
2023-10-09,FII,27893,31344,137547,141773,6176812,6392847,6240416,6492509,149215,77322,151715,77840,12961636,13135597
2023-10-09,Pro,88524,87407,305589,305608,98340483,89363408,98865870,89355992,1234900,706026,1276526,693605,190038930,190585008
2023-10-09,TOTAL,253639,253639,705427,705427,154947930,148305584,154947930,148305584,2128387,1076984,2128387,1076984,307417951,307417951
2023-10-10,Client,157709,145835,253390,264212,78094072,69272404,78261175,68748363,832642,297964,877575,264001,148908181,148561161
2023-10-10,DII,636,1013,17210,35066,0,4541,0,9910,914,0,9432,0,23301,55421
2023-10-10,FII,33819,31674,172400,122554,9252813,9277008,9212599,9372751,160776,76053,157210,78758,18972869,18975546
2023-10-10,Pro,74707,88349,294937,316105,144001407,147208527,143874518,147631456,1348876,609469,1298991,640727,293537923,293850146
2023-10-10,TOTAL,266871,266871,737937,737937,231348292,225762480,231348292,225762480,2343208,983486,2343208,983486,461442274,461442274
2023-10-11,Client,138826,154280,295601,290413,110677237,100547811,110623055,100385322,936722,317835,931881,302381,212914032,212687332
2023-10-11,DII,0,387,20037,27524,0,4750,0,17490,0,0,2960,0,24787,48361
2023-10-11,FII,35307,23426,158169,144420,14764748,12525284,14985039,12700979,169996,85481,170184,85066,27738985,28109114
2023-10-11,Pro,81074,77114,330590,342040,211955625,193050636,211789516,193024690,1449368,682592,1451061,698461,407549885,407382882
2023-10-11,TOTAL,255207,255207,804397,804397,337397610,306128481,337397610,306128481,2556086,1085908,2556086,1085908,648227689,648227689
2023-10-12,Client,89935,97433,290872,265514,58516060,57839962,58265304,57872313,980235,396692,940400,384395,118113756,117825359
2023-10-12,DII,0,522,20447,30388,0,2133,0,0,0,0,3788,0,22580,34698
2023-10-12,FII,24025,20879,154404,171211,6664103,7517557,6782664,7727916,169001,98062,175291,99070,14627152,14977031
2023-10-12,Pro,49228,44354,333829,332439,107338287,111319950,107470482,111079373,1543126,848275,1572883,859564,221432695,221359095
2023-10-12,TOTAL,163188,163188,799552,799552,172518450,176679602,172518450,176679602,2692362,1343029,2692362,1343029,354196183,354196183
2023-10-13,Client,156511,147707,315755,323331,31279952,29911709,31035797,29995209,1211995,475271,1156173,488698,63351193,63146915
2023-10-13,DII,32,71,35271,27191,0,2753,0,4000,2052,0,17404,0,40108,48666
2023-10-13,FII,35417,45847,198315,206760,5247736,5193631,5397510,5184141,245073,131747,247661,130654,11051919,11212573
2023-10-13,Pro,98073,96408,386742,378801,50854842,43638032,50949223,43562775,1893977,1027044,1931859,1014710,97898710,97933776
2023-10-13,TOTAL,290033,290033,936083,936083,87382530,78746125,87382530,78746125,3353097,1634062,3353097,1634062,172341930,172341930
2023-10-16,Client,98290,103269,239852,243387,50942442,45833395,50745570,45536879,991420,329567,949458,328991,98434966,97907554
2023-10-16,DII,1823,865,18716,24971,0,1291,0,0,314,0,5627,0,22144,31463
2023-10-16,FII,27797,25544,140378,142392,5566271,5185891,5705960,5359717,191796,99228,190556,95776,11211361,11519945
2023-10-16,Pro,63643,61875,307413,295609,93268681,83070635,93325864,83194616,1517572,760103,1555461,764131,178988047,179197556
2023-10-16,TOTAL,191553,191553,706359,706359,149777394,134091212,149777394,134091212,2701102,1188898,2701102,1188898,288656518,288656518
2023-10-17,Client,107007,112064,256748,273177,68464650,64824505,68382662,64733293,1091111,375156,1081029,363933,135119177,134946158
2023-10-17,DII,0,635,29331,30121,0,0,0,0,1000,0,12510,0,30331,43266
2023-10-17,FII,25552,19004,158102,127569,7828624,8896662,7706121,8842186,194964,99516,199718,99730,17203420,16994328
2023-10-17,Pro,66496,67352,302285,315599,120476108,119028107,120680599,119173795,1691203,833931,1685021,844940,242398130,242767306
2023-10-17,TOTAL,199055,199055,746466,746466,196769382,192749274,196769382,192749274,2978278,1308603,2978278,1308603,394751058,394751058
2023-10-18,Client,156140,173138,341810,324000,103994372,108104811,103628498,108336585,1194785,457529,1157400,480224,214249447,214099845
2023-10-18,DII,3022,295,43056,51123,0,0,0,0,797,0,3875,0,46875,55293
2023-10-18,FII,40680,48614,176810,194218,14195534,16321126,14401893,16529224,250357,128446,251889,122382,31112953,31548220
2023-10-18,Pro,124063,101858,399127,391462,224397714,208037690,224557229,207597818,1946269,1058431,1979044,1041800,435963294,435669211
2023-10-18,TOTAL,323905,323905,960803,960803,342587620,332463627,342587620,332463627,3392208,1644406,3392208,1644406,681372569,681372569
2023-10-19,Client,165781,159128,397292,392278,75006698,72231441,75025932,72149881,1203608,503745,1201478,494843,149508565,149423540
2023-10-19,DII,7,685,77505,77985,0,10380,0,2255,1239,0,4558,0,89131,85483
2023-10-19,FII,48512,51229,284037,281595,10963986,10302206,10806989,10199337,242295,131076,241848,130792,21972112,21711790
2023-10-19,Pro,105016,108274,459550,466526,137504128,132755447,137641891,132948001,2189585,1155201,2188843,1164387,274168927,274517922
2023-10-19,TOTAL,319316,319316,1218384,1218384,223474812,215299474,223474812,215299474,3636727,1790022,3636727,1790022,445738735,445738735
2023-10-20,Client,130815,126691,493535,494709,30197874,28190949,30213405,28359797,1223394,502124,1190949,530125,60738691,60915676
2023-10-20,DII,694,220,174905,162096,0,0,0,0,583,0,1600,0,176182,163916
2023-10-20,FII,43831,50422,642391,651603,4774675,4707812,4757447,4633361,248832,132225,249148,131465,10549766,10473446
2023-10-20,Pro,80653,78660,545719,548142,50675191,44063231,50676888,43968834,2143892,1161985,2175004,1134744,98670671,98582272
2023-10-20,TOTAL,255993,255993,1856550,1856550,85647740,76961992,85647740,76961992,3616701,1796334,3616701,1796334,170135310,170135310
2023-10-23,Client,226881,208582,700582,770072,70833586,77522088,70486256,77406057,1235338,583942,1241970,621231,151102417,150734168
2023-10-23,DII,17225,21580,410629,408825,0,8651,0,28336,270,0,1544,0,436775,460285
2023-10-23,FII,83623,84617,1163158,1083902,9356527,10220695,9421335,10356308,203456,124889,202897,121602,21152348,21270661
2023-10-23,Pro,112260,125210,684558,696128,135548968,136976791,135831490,136937524,2213442,1289997,2206095,1255995,276826016,277052442
2023-10-23,TOTAL,439989,439989,2958927,2958927,215739081,224728225,215739081,224728225,3652506,1998828,3652506,1998828,449517556,449517556
2023-10-25,Client,244235,228040,815100,831381,65117457,79628122,64968493,79578671,889280,489137,966530,486055,147183331,147059170
2023-10-25,DII,67539,66089,485940,498258,0,13819,0,40205,947,0,22,0,568245,604574
2023-10-25,FII,103469,105277,817271,789645,9878891,10925909,9702338,10723068,92944,56517,91330,66548,21875001,21478206
2023-10-25,Pro,140968,156805,693096,692123,135444499,138398705,135770016,138624611,1829508,1058962,1754797,1052013,277565738,278050365
2023-10-25,TOTAL,556211,556211,2811407,2811407,210440847,228966555,210440847,228966555,2812679,1604616,2812679,1604616,447192315,447192315
2023-10-26,Client,370685,339858,953524,907291,112049509,124448513,111975024,123933701,692507,505400,750757,492619,239020138,238399250
2023-10-26,DII,46578,30225,652604,653753,0,6152,0,7232,1616,0,0,0,706950,691210
2023-10-26,FII,121332,158349,495439,578735,19171639,18717305,19472309,19127145,20258,20364,21509,26695,38546337,39384742
2023-10-26,Pro,204732,214895,942922,904710,253861669,227939990,253635484,228043882,1380648,954752,1322763,961202,485284713,485082936
2023-10-26,TOTAL,743327,743327,3044489,3044489,385082817,371111960,385082817,371111960,2095029,1480516,2095029,1480516,763558138,763558138
2023-10-27,Client,133247,138315,312853,312397,34486692,28421324,34692039,28242445,862517,315083,849285,313250,64531716,64547731
2023-10-27,DII,4172,1633,28772,25064,0,3000,0,0,0,0,9520,0,35944,36217
2023-10-27,FII,36750,37480,194447,191802,5811612,5341652,5760415,5415205,152343,82203,152415,78693,11619007,11636010
2023-10-27,Pro,93437,90178,375554,382363,47673014,43024155,47518864,43132481,1460088,745608,1463728,750951,93371856,93338565
2023-10-27,TOTAL,267606,267606,911626,911626,87971318,76790131,87971318,76790131,2474948,1142894,2474948,1142894,169558523,169558523
2023-10-30,Client,172565,168522,307723,294861,70040973,60891230,69867885,60446665,784384,339084,766557,345460,132535959,131889950
2023-10-30,DII,5070,3130,29769,29995,0,119,0,0,6281,0,3750,0,41239,36875
2023-10-30,FII,43255,48921,199500,226236,9359029,8144429,9573533,8343843,153943,83764,152887,81968,17983920,18427388
2023-10-30,Pro,120526,120843,383069,368969,126133136,104786999,126091720,105032269,1370515,781101,1391929,776521,233575346,233782251
2023-10-30,TOTAL,341416,341416,920061,920061,205533138,173822777,205533138,173822777,2315123,1203949,2315123,1203949,384136464,384136464
2023-10-31,Client,156828,158721,269293,271146,94399141,94568163,94065197,94812642,708331,260277,677603,267210,190362033,190252519
2023-10-31,DII,924,2158,28853,26064,0,5781,0,0,350,0,15970,0,35908,44192
2023-10-31,FII,47337,46667,198795,192766,12757689,15236458,12695378,15154801,129180,67610,130496,66683,28437069,28286791
2023-10-31,Pro,114227,111770,342137,349102,176388748,164616287,176785003,164459246,1200080,637107,1213872,631101,343298586,343550094
2023-10-31,TOTAL,319316,319316,839078,839078,283545578,274426689,283545578,274426689,2037941,964994,2037941,964994,562133596,562133596
2023-11-01,Client,123699,120482,281690,270710,108434021,113537666,108382277,113642015,756041,298515,675095,309200,223431632,223399779
2023-11-01,DII,2832,379,27109,28999,0,100,0,0,0,0,32756,0,30041,62134
2023-11-01,FII,34917,39760,172771,190935,14944742,13778802,14916948,13836797,133480,79969,134906,79048,29144681,29198394
2023-11-01,Pro,107162,107989,352647,343573,202521054,198549450,202600592,198387206,1251435,711468,1298199,701704,403493216,403439263
2023-11-01,TOTAL,268610,268610,834217,834217,325899817,325866018,325899817,325866018,2140956,1089952,2140956,1089952,656099570,656099570
2023-11-02,Client,196886,180563,327787,327633,76599123,70889508,76488109,70503226,850922,349726,867158,315832,149213952,148682521
2023-11-02,DII,744,409,27863,31791,0,188,0,0,9,0,42171,0,28804,74371
2023-11-02,FII,50245,63774,208938,184891,9871327,9471542,9914703,9658236,140807,82202,139464,81776,19825061,20042844
2023-11-02,Pro,125790,128919,375424,395697,125268462,117464715,125336100,117664491,1459788,747649,1402733,781969,245441828,245709909
2023-11-02,TOTAL,373665,373665,940012,940012,211738912,197825953,211738912,197825953,2451526,1179577,2451526,1179577,414509645,414509645
2023-11-03,Client,115718,126888,309448,327266,27483994,25098589,27519123,25030552,924445,366864,893670,346157,54299058,54243656
2023-11-03,DII,289,540,31807,27230,0,5112,0,0,225,0,19039,0,37433,46809
2023-11-03,FII,37961,24957,192426,158946,4262901,4316593,4302817,4366443,134362,80694,134186,80973,9024937,9068322
2023-11-03,Pro,77439,79022,358658,378897,38676254,36246512,38601209,36269811,1475112,803949,1487249,824377,77637924,77640565
2023-11-03,TOTAL,231407,231407,892339,892339,70423149,65666806,70423149,65666806,2534144,1251507,2534144,1251507,140999352,140999352
2023-11-06,Client,111804,128967,303149,303996,51597760,45211486,51527216,44697798,943116,365479,956480,331795,98532794,97946252
2023-11-06,DII,9670,52,33556,36689,0,2500,0,0,100,0,4740,0,45826,41481
2023-11-06,FII,38369,23045,177865,168183,6033595,6213408,6146257,6413614,122101,73049,121118,73827,12658387,12946044
2023-11-06,Pro,70874,78653,352405,358107,77598199,71510761,77556081,71826743,1474144,750488,1457123,783394,151756871,152060101
2023-11-06,TOTAL,230717,230717,866975,866975,135229554,122938155,135229554,122938155,2539461,1189016,2539461,1189016,262993878,262993878
2023-11-07,Client,135558,142011,301835,302245,98783481,91791448,98877713,91552929,957019,339111,922954,340509,192308452,192138361
2023-11-07,DII,213,87,28449,35395,0,231,0,231,0,0,8636,0,28893,44349
2023-11-07,FII,33025,32036,171021,159871,13208051,14191347,13135816,14182367,120808,72256,122016,70495,27796508,27702601
2023-11-07,Pro,102332,96994,358297,362091,177125379,160175403,177103382,160422902,1457234,748616,1481455,748979,339967261,340215803
2023-11-07,TOTAL,271128,271128,859602,859602,289116911,266158429,289116911,266158429,2535061,1159983,2535061,1159983,560101114,560101114
2023-11-08,Client,110334,114842,276393,264065,116569502,106446067,115867959,106262472,932074,294695,913877,288219,224629065,223711434
2023-11-08,DII,103,454,29497,27621,0,284,0,284,9,0,8422,0,29893,36781
2023-11-08,FII,26439,31500,154263,166449,16268161,14060185,16592090,14278227,86125,57353,88868,56221,30652526,31213355
2023-11-08,Pro,98485,88565,340029,342047,211401219,183904893,211778833,183870446,1475310,729696,1482351,737304,397949632,398299546
2023-11-08,TOTAL,235361,235361,800182,800182,344238882,304411429,344238882,304411429,2493518,1081744,2493518,1081744,653261116,653261116
2023-11-09,Client,114016,122082,301474,293859,68708417,63294277,68222727,63155157,1025626,357217,988870,348444,133801027,133131139
2023-11-09,DII,5018,1,25713,30054,0,285,0,2785,120,0,8361,0,31136,41201
2023-11-09,FII,23781,24202,182625,198407,9783634,9756724,9993830,10033403,129424,82124,131538,83552,19958312,20464932
2023-11-09,Pro,88319,84849,387284,374776,112017021,112367364,112292515,112227305,1604745,851632,1631146,858977,227316365,227469568
2023-11-09,TOTAL,231134,231134,897096,897096,190509072,185418650,190509072,185418650,2759915,1290973,2759915,1290973,381106840,381106840
2023-11-10,Client,129948,132597,286226,288730,33590185,28669817,33672914,28565196,944206,371385,921162,374646,63991767,63955245
2023-11-10,DII,22,712,21220,20941,0,0,0,0,0,0,2340,0,21242,23993
2023-11-10,FII,29776,34741,157336,160796,5988932,5606651,5974508,5679748,123127,76324,123351,74769,11982146,12047913
2023-11-10,Pro,96157,87853,351356,345671,49372925,41512914,49304620,41544438,1509969,841069,1530449,839363,93684390,93652394
2023-11-10,TOTAL,255903,255903,816138,816138,88952042,75789382,88952042,75789382,2577302,1288778,2577302,1288778,169679545,169679545
2023-11-13,Client,99570,100565,268426,261161,75503749,69025239,75325724,69034773,902794,334290,883687,330869,146134068,145936779
2023-11-13,DII,1990,12,21599,20237,0,0,0,0,185,0,4357,0,23774,24606
2023-11-13,FII,26157,17088,149046,152354,11429360,11979825,11540101,12090613,133512,83205,132624,80922,23801105,24013702
2023-11-13,Pro,61923,71975,315393,320712,126523610,117587263,126590894,117466941,1385690,743387,1401513,749091,246617266,246601126
2023-11-13,TOTAL,189640,189640,754464,754464,213456719,198592327,213456719,198592327,2422181,1160882,2422181,1160882,416576213,416576213
2023-11-15,Client,150589,155281,370257,392130,102474248,87070464,102173952,86582685,1252137,504360,1324908,452117,191822055,191081073
2023-11-15,DII,1443,300,32489,37227,0,7500,0,4000,0,0,10609,0,41432,52136
2023-11-15,FII,56846,52630,237752,168857,16514588,14282168,16917969,14690146,178871,130901,177866,131447,31401126,32138915
2023-11-15,Pro,162654,163321,427137,469421,183065373,155504005,182962288,155587306,2027017,1115585,1944642,1167282,342301771,342294260
2023-11-15,TOTAL,371532,371532,1067635,1067635,302054209,256864137,302054209,256864137,3458025,1750846,3458025,1750846,565566384,565566384
2023-11-16,Client,148673,161139,372182,394658,80208272,71588973,80174166,71445750,1512444,582434,1542297,557347,154412978,154275357
2023-11-16,DII,1255,5008,29594,30393,0,4000,0,5000,171,0,21751,0,35020,62152
2023-11-16,FII,44983,28836,232813,171282,11863262,11012348,11833386,11074740,227290,164168,227951,162840,23544864,23499035
2023-11-16,Pro,94282,94210,419148,457404,135748659,146083919,135812641,146163750,2335851,1223001,2283757,1249416,285904860,286061178
2023-11-16,TOTAL,289193,289193,1053737,1053737,227820193,228689240,227820193,228689240,4075756,1969603,4075756,1969603,463897722,463897722
2023-11-17,Client,155482,147614,379158,369712,31037848,30435451,30592151,30547459,1470939,513420,1404281,522928,63992298,63584145
2023-11-17,DII,413,580,24792,51986,0,0,0,0,579,0,11253,0,25784,63819
2023-11-17,FII,35393,44729,223241,205024,6965210,7123239,7108171,7193845,186207,129313,191415,130074,14662603,14873258
2023-11-17,Pro,101710,100075,455583,456052,52181340,45931978,52484076,45749364,2198083,1167961,2248859,1157692,102036655,102196118
2023-11-17,TOTAL,292998,292998,1082774,1082774,90184398,83490668,90184398,83490668,3855808,1810694,3855808,1810694,180717340,180717340
2023-11-20,Client,106824,100219,270182,267592,53242201,52990656,52952233,52712211,1192039,419429,1116464,433754,108221331,107582473
2023-11-20,DII,410,2113,30024,33518,0,645,0,0,365,0,7293,0,31444,42924
2023-11-20,FII,31708,31403,152829,166837,8757153,8412321,8863138,8527159,160329,105548,164164,104806,17619888,17857507
2023-11-20,Pro,64380,69587,346893,331981,98330137,91614910,98514120,91779162,1789291,989796,1854103,976213,193135407,193525166
2023-11-20,TOTAL,203322,203322,799928,799928,160329491,153018532,160329491,153018532,3142024,1514773,3142024,1514773,319008070,319008070
2023-11-21,Client,105794,108983,294703,308871,71634232,66460124,71849429,66090640,1228804,434155,1233876,420593,140157812,140012392
2023-11-21,DII,886,2000,46438,55148,0,2267,0,0,0,0,6945,0,49591,64093
2023-11-21,FII,28457,22459,173717,141315,10531425,10349796,10534208,10491142,152666,95158,148739,94876,21331219,21432739
2023-11-21,Pro,61957,63652,336199,345723,120570226,106460350,120352246,106690755,1842707,945001,1834617,958845,230216440,230245838
2023-11-21,TOTAL,197094,197094,851057,851057,202735883,183272537,202735883,183272537,3224177,1474314,3224177,1474314,391755062,391755062
2023-11-22,Client,156011,160219,374352,350814,118255530,117043603,118134512,116650946,1216742,437726,1204579,446452,237483964,236947522
2023-11-22,DII,713,170,99356,113206,0,2350,0,0,200,0,1600,0,102619,114976
2023-11-22,FII,52639,49274,187459,202482,19421643,20597057,19570597,20775942,175139,110391,174244,109357,40544328,40881896
2023-11-22,Pro,147678,147378,381645,376310,225476386,204653749,225448450,204869871,1879340,998887,1890998,991195,433537685,433724202
2023-11-22,TOTAL,357041,357041,1042812,1042812,363153559,342296759,363153559,342296759,3271421,1547004,3271421,1547004,711668596,711668596
2023-11-23,Client,98034,97264,349494,351040,74965585,70229346,74715873,69966979,1180143,480380,1192343,470080,147302982,146793579
2023-11-23,DII,440,0,98284,97355,0,5256,0,1580,299,0,45,0,104279,98980
2023-11-23,FII,26641,31935,251575,238768,10088690,10254985,10289314,10492333,161675,105923,159282,107346,20889489,21318978
2023-11-23,Pro,61543,57459,390600,402790,112019242,107896786,112068330,107925481,2028665,1118529,2019112,1127406,223515365,223600578
2023-11-23,TOTAL,186658,186658,1089953,1089953,197073517,188386373,197073517,188386373,3370782,1704832,3370782,1704832,391812115,391812115
2023-11-24,Client,119952,104479,492636,497318,36661364,35030638,36630697,34928783,1366551,506362,1392634,513875,74177503,74067786
2023-11-24,DII,2579,3849,159578,160631,0,8206,0,6606,927,0,950,0,171290,172036
2023-11-24,FII,40523,40502,746279,727270,6080724,5834651,6143652,5926430,188344,118105,188184,114714,13008626,13140752
2023-11-24,Pro,62338,76562,519331,532605,51182117,46726796,51149856,46738472,2325589,1146580,2299643,1142458,101962751,101939596
2023-11-24,TOTAL,225392,225392,1917824,1917824,93924205,87600291,93924205,87600291,3881411,1771047,3881411,1771047,189320170,189320170
2023-11-28,Client,151284,153741,795343,809473,77570451,70134778,77659919,69677360,1626750,635257,1689101,610543,150913863,150600137
2023-11-28,DII,37981,35675,489463,503170,0,0,0,12500,7014,0,0,0,534458,551345
2023-11-28,FII,73017,72734,1239464,1190997,10445327,9928551,10591801,10202525,180482,106319,179806,107579,21973160,22345442
2023-11-28,Pro,85883,86015,715071,735701,103162260,94576041,102926318,94746985,2836420,1333684,2781759,1357138,202709359,202633916
2023-11-28,TOTAL,348165,348165,3239341,3239341,191178038,174639370,191178038,174639370,4650666,2075260,4650666,2075260,376130840,376130840
2023-11-29,Client,189016,230255,802515,825336,73889938,55991493,73976099,55511440,1451962,502588,1538948,513381,132827512,132595459
2023-11-29,DII,45643,45653,604852,610425,0,0,0,0,5316,0,1602,0,655811,657680
2023-11-29,FII,110269,97216,829545,784409,13070899,11028958,13026523,11102463,117100,57972,120397,60895,25214743,25191903
2023-11-29,Pro,149541,121345,813197,829939,101629773,94969030,101587988,95375578,2580740,1130305,2494171,1116589,201272586,201525610
2023-11-29,TOTAL,494469,494469,3050109,3050109,188590610,161989481,188590610,161989481,4155118,1690865,4155118,1690865,359970652,359970652
2023-11-30,Client,282903,285975,1020900,1063688,139439499,129397190,139145718,129929471,1192403,405778,1244161,439666,271738673,272108679
2023-11-30,DII,40920,37392,662002,644307,0,41420,0,6000,21418,0,1457,0,765760,689156
2023-11-30,FII,139603,135678,576185,585434,23043142,24143654,22938823,23911881,19531,13909,22766,21260,47936024,47615842
2023-11-30,Pro,204777,209158,1098146,1063804,271420402,239065809,271818502,238800721,2041422,955949,2006390,914710,514786505,514813285
2023-11-30,TOTAL,668203,668203,3357233,3357233,433903043,392648073,433903043,392648073,3274774,1375636,3274774,1375636,835226962,835226962
2023-12-01,Client,148094,152453,421422,466159,29799954,21822474,29717606,21724196,1253267,366026,1205322,363176,53811237,53628912
2023-12-01,DII,0,53,36345,39537,0,5656,0,248,0,0,12350,0,42001,52188
2023-12-01,FII,40628,30841,244782,180887,6229056,5507291,6338782,5580443,182258,111590,190236,109524,12315605,12430713
2023-12-01,Pro,84870,90245,473587,489553,38136645,31756405,38109267,31786939,2124375,1008507,2151992,1013423,73584389,73641419
2023-12-01,TOTAL,273592,273592,1176136,1176136,74165655,59091826,74165655,59091826,3559900,1486123,3559900,1486123,139753232,139753232
2023-12-04,Client,209942,233033,481559,516478,84071913,57576100,84179176,56928277,1388014,454628,1410885,420301,144182156,143688150
2023-12-04,DII,21128,1079,54025,44594,0,7573,0,27989,0,0,1719,0,82726,75381
2023-12-04,FII,72950,51147,309353,267138,14280551,11063651,14124908,11129916,231833,149315,233440,151976,26107653,25958525
2023-12-04,Pro,153273,172034,546659,563386,118130103,96723455,118178483,97284597,2467852,1226895,2441655,1258561,219248237,219898716
2023-12-04,TOTAL,457293,457293,1391596,1391596,216482567,165370779,216482567,165370779,4087699,1830838,4087699,1830838,389620772,389620772
2023-12-05,Client,180260,203640,470074,491155,115384597,94311662,114923752,94081391,1521886,433994,1493434,438682,212302473,211632054
2023-12-05,DII,1136,2450,46696,31005,0,6709,0,0,0,0,5354,0,54541,38809
2023-12-05,FII,69077,47437,236836,228140,17750482,15389852,18083263,15620631,278887,154690,280444,155755,33879824,34415670
2023-12-05,Pro,170936,167882,552571,555877,192417662,172565983,192545726,172572184,2680726,1318117,2702267,1312364,369705995,369856300
2023-12-05,TOTAL,421409,421409,1306177,1306177,325552741,282274206,325552741,282274206,4481499,1906801,4481499,1906801,615942833,615942833
2023-12-06,Client,137959,151184,455804,443792,131539628,123744870,131263569,123696696,1531459,429281,1465094,440666,257839001,257461001
2023-12-06,DII,240,1922,41068,53627,0,5321,0,0,6,0,2279,0,46635,57828
2023-12-06,FII,80810,54138,218114,223584,21199559,19010261,21361582,19183041,256132,142553,270102,141998,40907429,41234445
2023-12-06,Pro,113985,125750,525884,519867,245458493,220877470,245572529,220758185,2617620,1218691,2667742,1207861,470812143,470851934
2023-12-06,TOTAL,332994,332994,1240870,1240870,398197680,363637922,398197680,363637922,4405217,1790525,4405217,1790525,769605208,769605208
2023-12-07,Client,120348,120639,419618,385218,80455156,74422150,80125902,73857725,1408748,371402,1363791,386112,157197422,156239387
2023-12-07,DII,432,5839,23349,45340,0,213,0,0,0,0,3570,0,23994,54749
2023-12-07,FII,50007,41412,203384,234512,11299388,10935123,11734608,11393418,209489,112112,217924,112521,22809503,23734395
2023-12-07,Pro,74228,77125,482194,463475,116633251,113605348,116527285,113711691,2365708,1063630,2398660,1048511,234224359,234226747
2023-12-07,TOTAL,245015,245015,1128545,1128545,208387795,198962834,208387795,198962834,3983945,1547144,3983945,1547144,414255278,414255278
2023-12-08,Client,183642,181389,438742,458287,40672701,33622621,40811006,33729388,1508597,427740,1446366,444552,76854043,77070988
2023-12-08,DII,325,4,38968,36557,0,7084,0,1084,0,0,6644,0,46377,44289
2023-12-08,FII,47622,43119,206200,204390,9808566,8744053,9763728,8658333,262326,128509,264740,128422,19197276,19062732
2023-12-08,Pro,114810,121887,528237,512913,59784558,51392980,59691091,51377933,2461475,1135828,2514648,1119103,115417888,115337575
2023-12-08,TOTAL,346399,346399,1212147,1212147,110265825,93766738,110265825,93766738,4232398,1692077,4232398,1692077,211515584,211515584
2023-12-11,Client,114153,103390,324964,327681,60683502,54368150,60348304,54194131,1229024,376872,1190601,369391,117096665,116533498
2023-12-11,DII,451,6266,24417,25555,0,0,0,0,0,0,1457,0,24868,33278
2023-12-11,FII,32342,35200,159320,157588,9923326,9597365,10079883,9723058,178366,96719,182288,95603,19987438,20273620
2023-12-11,Pro,76103,78193,398841,396718,90953784,81812136,91132425,81860462,2021077,973615,2054121,982212,176235556,176504131
2023-12-11,TOTAL,223049,223049,907542,907542,161560612,145777651,161560612,145777651,3428467,1447206,3428467,1447206,313344527,313344527
2023-12-12,Client,117683,121576,356930,360737,81348694,91154785,81027267,91126463,1360322,428605,1303462,438724,174767019,174378229
2023-12-12,DII,325,7347,25873,33264,0,636,0,3000,0,0,1383,0,26834,44994
2023-12-12,FII,43934,26900,175512,162491,11331644,13339485,11455012,13555468,193200,100283,199628,102177,25184058,25501676
2023-12-12,Pro,72046,78165,435035,436858,127858980,136374234,128057039,136184209,2242421,1109459,2291470,1097446,268092175,268145187
2023-12-12,TOTAL,233988,233988,993350,993350,220539318,240869140,220539318,240869140,3795943,1638347,3795943,1638347,468070086,468070086
2023-12-13,Client,163544,152149,399843,365527,133403210,130091737,133092338,129534317,1296012,452124,1278527,460916,265806470,264883774
2023-12-13,DII,207,4,25500,40834,0,5914,0,0,0,0,2909,0,31621,43747
2023-12-13,FII,33684,45217,165016,200293,22096910,21059853,22427420,21426575,212185,121265,213578,112991,43688913,44426074
2023-12-13,Pro,88636,88701,464419,448124,234729247,221973834,234709609,222170446,2261877,1131052,2275060,1130534,460649065,460822474
2023-12-13,TOTAL,286071,286071,1054778,1054778,390229367,373131338,390229367,373131338,3770074,1704441,3770074,1704441,770176069,770176069
2023-12-14,Client,182961,197833,502294,465164,84784003,70656056,84708013,70256036,1614662,468987,1671374,438557,158208963,157736977
2023-12-14,DII,16187,7437,42136,46926,0,6384,0,3000,0,0,1200,0,64707,58563
2023-12-14,FII,43571,46903,214094,234382,12567077,10970981,12773782,11188025,247822,140220,241106,137647,24183765,24621845
2023-12-14,Pro,118063,108609,550182,562234,122233682,113216075,122102967,113402435,2769700,1317903,2718504,1350906,240205605,240245655
2023-12-14,TOTAL,360782,360782,1308706,1308706,219584762,194849496,219584762,194849496,4632184,1927110,4632184,1927110,422663040,422663040
2023-12-15,Client,186095,195317,504406,555754,37430915,31920561,37625360,31875810,2039518,579681,2056249,565554,72661176,72874044
2023-12-15,DII,3566,154,74315,48981,0,18351,0,10839,20,0,7150,0,96252,67124
2023-12-15,FII,70499,55651,283483,236346,8989344,8306767,9030148,8340577,348348,181640,345130,177485,18180081,18185337
2023-12-15,Pro,101172,110210,605769,626892,54944437,46448371,54709188,46466824,3496495,1571287,3475852,1589569,107167531,106978535
2023-12-15,TOTAL,361332,361332,1467973,1467973,101364696,86694050,101364696,86694050,5884381,2332608,5884381,2332608,198105040,198105040
2023-12-18,Client,130005,129366,401295,400687,63772106,57866010,63172398,57942211,1693255,443027,1601558,465408,124305698,123711628
2023-12-18,DII,26,0,44523,42848,0,11167,0,4624,20,0,7080,0,55736,54552
2023-12-18,FII,36954,35760,177462,199289,9796498,8725839,9967890,8827383,259768,131670,262903,122411,19128191,19415636
2023-12-18,Pro,80549,82408,504550,485006,109819752,89654496,110248068,89483294,2757286,1235603,2838788,1222481,204052236,204360045
2023-12-18,TOTAL,247534,247534,1127830,1127830,183388356,156257512,183388356,156257512,4710329,1810300,4710329,1810300,347541861,347541861
2023-12-19,Client,153141,163645,438943,427881,103636870,91799754,103744165,91761232,1797564,483106,1767717,497999,198309378,198362639
2023-12-19,DII,5189,11173,48665,56345,0,14695,0,21000,28,0,8957,0,68577,97475
2023-12-19,FII,50503,36500,179401,188897,15691991,14750341,15575953,14698848,317819,151209,316508,152725,31141264,30969431
2023-12-19,Pro,91038,88553,517834,511720,170058229,149908085,170066972,149991795,2953146,1255680,2975375,1239271,324784012,324873686
2023-12-19,TOTAL,299871,299871,1184843,1184843,289387090,256472875,289387090,256472875,5068557,1889995,5068557,1889995,554303231,554303231
2023-12-20,Client,285624,306344,629246,696337,139122095,150394820,138483872,150622486,2156329,754650,2101210,828387,293342764,293038636
2023-12-20,DII,6870,1688,83194,77004,0,82,0,0,0,0,13095,0,90146,91787
2023-12-20,FII,76400,56359,341806,254930,23042576,26006387,23442436,26270036,468839,249980,473874,245756,50185988,50743391
2023-12-20,Pro,172024,176527,821708,847683,270491753,268345427,270730116,267854194,3992290,2123587,4029279,2054074,545946789,545691873
2023-12-20,TOTAL,540918,540918,1875954,1875954,432656424,444746716,432656424,444746716,6617458,3128217,6617458,3128217,889565687,889565687
2023-12-21,Client,293523,305950,567403,517301,100280109,90107537,100605872,89452392,1494558,619693,1530280,580921,193362823,192992716
2023-12-21,DII,3088,872,74196,96770,0,371,0,351,41,0,5792,0,77696,103785
2023-12-21,FII,79049,74716,321741,351349,14787079,15373499,14806693,15500779,405080,247720,398336,245610,31214168,31377483
2023-12-21,Pro,206255,200377,679339,677259,188373836,175877296,188028459,176405181,3148694,1634404,3113965,1675286,369919824,370100527
2023-12-21,TOTAL,581915,581915,1642679,1642679,303441024,281358703,303441024,281358703,5048373,2501817,5048373,2501817,594574511,594574511
2023-12-22,Client,261525,249341,746138,773342,48609976,47068624,48590043,47206037,1712007,615518,1796311,605540,99013788,99220614
2023-12-22,DII,7285,15266,274321,286021,0,280,0,280,0,0,7625,0,281886,309192
2023-12-22,FII,88183,93007,977515,894672,9773999,9564738,9725003,9504426,407549,237439,406605,225317,21049423,20849030
2023-12-22,Pro,166340,165719,750685,794624,86040855,82160844,86109784,82083743,3403695,1580578,3312710,1602678,174102997,174069258
2023-12-22,TOTAL,523333,523333,2748659,2748659,144424830,138794486,144424830,138794486,5523251,2433535,5523251,2433535,294448094,294448094
2023-12-26,Client,165729,163901,755745,754684,77404971,69459045,77683404,69273364,1557561,588913,1587898,562091,149931964,150025342
2023-12-26,DII,72982,73270,470741,476382,0,1369,0,1369,795,0,1359,0,545887,552380
2023-12-26,FII,81904,90140,1098773,1081393,12672813,11886988,12456346,11789366,225092,110377,221029,114636,26075947,25752910
2023-12-26,Pro,116707,110011,717314,730114,133098268,126415036,133036302,126698339,2970997,1392393,2944159,1414956,264710715,264933881
2023-12-26,TOTAL,437322,437322,3042573,3042573,223176052,207762438,223176052,207762438,4754445,2091683,4754445,2091683,441264513,441264513
2023-12-27,Client,264679,259589,812312,830469,76868681,60609601,77018358,60455083,1363042,497985,1490233,499088,140416300,140552820
2023-12-27,DII,48733,48922,494453,491563,0,0,0,0,2099,0,2129,0,545285,542614
2023-12-27,FII,80875,84199,672129,633763,14397728,12926778,14338755,12782945,130657,70509,125501,73624,28278676,28038787
2023-12-27,Pro,147294,148871,778141,801240,119178221,105124937,119087517,105423288,2659863,1189702,2537798,1185484,229078158,229184198
2023-12-27,TOTAL,541581,541581,2757035,2757035,210444630,178661316,210444630,178661316,4155661,1758196,4155661,1758196,398318419,398318419
2023-12-28,Client,314613,285155,931399,1018242,119136247,109501693,118579571,108894070,1115558,371826,1230196,387635,231371336,230394869
2023-12-28,DII,15251,17840,602999,606941,0,2360,0,0,12786,0,1950,0,633396,626731
2023-12-28,FII,65609,73094,556419,464123,19872870,21503807,20555925,22272372,21221,14019,21378,29886,42033945,43416778
2023-12-28,Pro,164093,183477,969930,971441,214587875,234366675,214461496,234208093,1958199,900465,1854240,868789,452947237,452547536
2023-12-28,TOTAL,559566,559566,3060747,3060747,353596992,365374535,353596992,365374535,3107764,1286310,3107764,1286310,726985914,726985914
2023-12-29,Client,146448,144222,442236,409863,28412119,27704934,28494994,27904280,1031832,291000,955948,314410,58028569,58223717
2023-12-29,DII,4208,13457,23535,56873,0,10946,0,0,0,0,10434,0,38689,80764
2023-12-29,FII,44284,41833,185567,203709,6253441,5967457,6069380,5810527,144385,79893,154434,76634,12675027,12356517
2023-12-29,Pro,90213,85641,487661,468554,40629086,34624435,40730272,34592965,1733376,839506,1788777,819355,78404277,78485564
2023-12-29,TOTAL,285153,285153,1138999,1138999,75294646,68307772,75294646,68307772,2909593,1210399,2909593,1210399,149146562,149146562
2024-01-01,Client,143537,139076,378685,366285,55397911,46331493,55368706,46413235,885790,237716,831165,254401,103375132,103372868
2024-01-01,DII,0,4427,17307,25222,0,200,0,0,0,0,19619,0,17507,49268
2024-01-01,FII,24872,27604,97768,115247,9521041,8523181,9363797,8371717,120538,66836,129691,69795,18354236,18077851
2024-01-01,Pro,85810,83112,383000,370006,83900519,67154116,84086968,67224038,1435566,664618,1461419,644974,153623629,153870517
2024-01-01,TOTAL,254219,254219,876760,876760,148819471,122008990,148819471,122008990,2441894,969170,2441894,969170,275370504,275370504
2024-01-02,Client,205756,189189,459463,463602,84689846,89010191,84141961,89001480,1026694,321262,967112,338874,175713212,175102218
2024-01-02,DII,28,14565,26218,28995,0,10645,0,0,0,0,27515,0,36891,71075
2024-01-02,FII,46855,48747,242748,240469,13981725,15820869,14225451,16020959,162985,90143,167611,90772,30345325,30794009
2024-01-02,Pro,129282,129420,529638,525001,154016851,150816796,154321010,150636062,1822118,873839,1849559,855598,308188524,308316650
2024-01-02,TOTAL,381921,381921,1258067,1258067,252688422,255658501,252688422,255658501,3011797,1285244,3011797,1285244,514283952,514283952
2024-01-03,Client,174853,163674,474309,452949,131949380,127630791,131885577,126982160,1168100,375422,1107057,389000,261772855,260980417
2024-01-03,DII,33,6433,35979,44430,0,11459,0,10000,84,0,18517,0,47555,79380
2024-01-03,FII,45517,54384,231354,270589,24360932,24671442,24905015,25311818,187918,104349,193861,102092,49601512,50837759
2024-01-03,Pro,114621,110533,542975,516649,244951011,229329867,244470731,229339581,2100540,1071918,2137207,1060597,478110932,477635298
2024-01-03,TOTAL,335024,335024,1284617,1284617,401261323,381643559,401261323,381643559,3456642,1551689,3456642,1551689,789532854,789532854
2024-01-04,Client,171466,172289,425605,410964,76417598,69880954,76518571,69062429,1118541,340599,1106105,323563,148354763,147593921
2024-01-04,DII,275,814,31812,52994,0,2368,0,0,0,430,17992,0,34885,71800
2024-01-04,FII,33610,32141,201995,210891,10342423,9658873,10699934,10157451,164362,86374,161266,87058,20487637,21348741
2024-01-04,Pro,98150,98257,472707,457270,107374223,103321556,106915739,103643871,1914821,889130,1912361,905912,214070587,213933410
2024-01-04,TOTAL,303501,303501,1132119,1132119,194134244,182863751,194134244,182863751,3197724,1316533,3197724,1316533,382947872,382947872
2024-01-05,Client,184693,188357,459772,471002,37534438,35976231,37682206,36381467,1202774,344413,1151117,365976,75702321,76240125
2024-01-05,DII,1131,0,43008,33631,0,570,0,0,5,236,14986,0,44950,48617
2024-01-05,FII,39443,35257,218100,220384,8754997,8538798,8683399,8317493,200905,111976,210509,109504,17864219,17576546
2024-01-05,Pro,115404,117057,520864,516727,55114318,50898011,55038148,50714650,1980815,964831,2007887,945976,109594243,109340445
2024-01-05,TOTAL,340671,340671,1241744,1241744,101403753,95413610,101403753,95413610,3384499,1421456,3384499,1421456,203205733,203205733
2024-01-08,Client,198245,199515,378140,363421,66177586,69892849,65277224,69693535,943321,330151,859540,350934,137920292,136744169
2024-01-08,DII,25,1040,38328,27337,0,5914,0,0,298,0,3933,0,44565,32310
2024-01-08,FII,42266,59537,210454,252118,12257940,12827866,12529121,13101644,197726,106149,205632,107294,25642401,26255346
2024-01-08,Pro,134182,114626,452596,436642,116029687,114460016,116658868,114391466,1684635,884920,1756875,862992,233646036,234221469
2024-01-08,TOTAL,374718,374718,1079518,1079518,194465213,197186645,194465213,197186645,2825980,1321220,2825980,1321220,397253294,397253294
2024-01-09,Client,214098,224569,372808,376150,104122347,103316067,104095955,103334118,1053535,386748,1052077,373903,209465603,209456772
2024-01-09,DII,5000,5015,32941,31079,0,28,0,0,32,0,839,0,38001,36933
2024-01-09,FII,48816,33910,212730,202317,17971332,17985845,17923616,18005684,223389,128718,228268,131124,36570830,36524919
2024-01-09,Pro,129240,133660,440248,449181,184222755,187209857,184296863,187171995,1906252,1008071,1902024,1018510,374916423,374972233
2024-01-09,TOTAL,397154,397154,1058727,1058727,306316434,308511797,306316434,308511797,3183208,1523537,3183208,1523537,620990857,620990857
2024-01-10,Client,174523,168428,367180,333326,131499945,131478842,131255088,130691091,990750,371942,984817,354999,264883182,263787749
2024-01-10,DII,2000,1582,24060,47281,0,0,0,4,13,0,6802,0,26073,55669
2024-01-10,FII,36708,44609,186797,202367,26236189,27836829,26740603,28276677,227804,123344,232587,125106,54647671,55621949
2024-01-10,Pro,108269,106881,422610,417673,241987077,247648155,241727520,247996054,1795612,891187,1789973,906368,492852910,492944469
2024-01-10,TOTAL,321500,321500,1000647,1000647,399723211,406963826,399723211,406963826,3014179,1386473,3014179,1386473,812409836,812409836
2024-01-11,Client,126545,125264,406478,406265,78688375,76657012,78147648,76438740,1358907,521608,1330897,490060,157758925,156938874
2024-01-11,DII,0,7300,54138,55375,0,4,0,0,447,0,5990,0,54589,68665
2024-01-11,FII,35129,34496,236845,215249,12170456,12886639,12551758,13226555,246516,153818,251586,153417,25729403,26433061
2024-01-11,Pro,85265,79879,479052,499624,118992443,127278007,119151868,127156367,2276219,1164684,2293616,1196633,250275670,250377987
2024-01-11,TOTAL,246939,246939,1176513,1176513,209851274,216821662,209851274,216821662,3882089,1840110,3882089,1840110,433818587,433818587
2024-01-12,Client,196738,198427,410811,417368,35347105,28309701,35659487,28183112,1491347,571698,1512020,533176,66327400,66503590
2024-01-12,DII,100,230,42865,44269,0,6930,0,0,1240,0,3212,0,51135,47711
2024-01-12,FII,32741,32742,242532,230614,8220956,7221315,8050105,7126012,304311,176763,305706,180880,16198618,15926059
2024-01-12,Pro,119362,117542,491583,495540,47683364,42317334,47541833,42546156,2510860,1283485,2486820,1317890,94405988,94505781
2024-01-12,TOTAL,348941,348941,1187791,1187791,91251425,77855280,91251425,77855280,4307758,2031946,4307758,2031946,176983141,176983141
2024-01-15,Client,145183,154090,385669,388770,64039232,52889018,63849544,52449651,1511780,500631,1466067,484763,119471513,118792885
2024-01-15,DII,1280,4454,43802,41401,0,300,0,358,57,0,4283,0,45439,50496
2024-01-15,FII,40304,25228,222647,221929,11207624,9851528,11209514,9905349,292771,183359,299296,183755,21798233,21845071
2024-01-15,Pro,86739,89734,488398,488416,88837806,85415743,89025604,85801231,2455803,1263177,2490765,1278649,178547666,179174399
2024-01-15,TOTAL,273506,273506,1140516,1140516,164084662,148156589,164084662,148156589,4260411,1947167,4260411,1947167,319862851,319862851
2024-01-16,Client,140032,142735,413524,420635,85196210,82017133,84900399,82324472,1508849,473481,1438833,501670,169749229,169728744
2024-01-16,DII,269,39,51710,39973,0,0,0,2500,17,0,3864,0,51996,46376
2024-01-16,FII,37469,39565,231411,241208,14536008,14629846,14630033,14594352,325167,183342,327061,177287,29943243,30009506
2024-01-16,Pro,95412,90843,516035,510864,135875338,139358447,136077124,139084102,2516959,1257298,2581234,1235164,279619489,279579331
2024-01-16,TOTAL,273182,273182,1212680,1212680,235607556,236005426,235607556,236005426,4350992,1914121,4350992,1914121,479363957,479363957
2024-01-17,Client,403088,330003,530186,466089,117320800,137199698,116380628,137262057,1409163,615191,1327158,680538,257478126,256446473
2024-01-17,DII,268,1668,86397,108550,0,21,0,7500,2187,0,12519,430,88873,130667
2024-01-17,FII,82335,141280,300673,380177,26067585,29771049,26409458,30083380,332356,218873,335992,206317,56772871,57556604
2024-01-17,Pro,273650,286390,689836,652276,255092242,243960154,255690541,243577985,2762146,1644822,2830183,1591601,504422850,504628976
2024-01-17,TOTAL,759341,759341,1607092,1607092,398480627,410930922,398480627,410930922,4505852,2478886,4505852,2478886,818762720,818762720
2024-01-18,Client,329352,293491,603835,545684,89899184,90739037,89771391,90207600,1451350,665976,1428413,658001,183688734,182904580
2024-01-18,DII,175,1442,102508,128334,0,843,0,6054,692,978,14526,0,105196,150356
2024-01-18,FII,89378,114691,324864,351229,17638287,18057220,17844475,18282095,365990,231071,363464,229511,36706810,37185465
2024-01-18,Pro,210242,219523,728623,734583,168877950,176090029,168799555,176391380,3099745,1717975,3111374,1728488,350724564,350984903
2024-01-18,TOTAL,629147,629147,1759830,1759830,276415421,284887129,276415421,284887129,4917777,2616000,4917777,2616000,571225304,571225304
2024-01-19,Client,206425,198395,544945,554622,27356947,26484753,27310291,26513087,1696082,621798,1747848,599144,56910950,56923387
2024-01-19,DII,793,3021,98076,103095,0,0,0,1514,196,0,3658,0,99065,111288
2024-01-19,FII,52164,63745,411845,352347,6598045,7331227,6585405,7313634,352904,215793,348697,213031,14961978,14876859
2024-01-19,Pro,153896,148117,624427,669229,38889130,38954830,38948426,38942575,3097977,1513168,3046956,1538584,83233428,83293887
2024-01-19,TOTAL,413278,413278,1679293,1679293,72844122,72770810,72844122,72770810,5147159,2350759,5147159,2350759,155205421,155205421
2024-01-23,Client,356764,352370,978254,1021607,84597483,96226519,84297868,96160284,1718828,825425,1697348,866560,184703273,184396037
2024-01-23,DII,52409,50048,511645,475585,0,1847,0,2894,2339,0,1400,0,568240,529927
2024-01-23,FII,117301,113566,1632592,1623508,17842268,18533362,17835337,18569526,378787,272329,379093,268357,38776639,38789387
2024-01-23,Pro,257428,267918,1150201,1151992,200235358,174104851,200541904,174133875,3732175,2034718,3754288,1997555,381514731,381847532
2024-01-23,TOTAL,783902,783902,4272692,4272692,302675109,288866579,302675109,288866579,5832129,3132472,5832129,3132472,605562883,605562883
2024-01-24,Client,385238,396347,1053081,1035229,73562435,72414901,73642162,72188927,1261263,604409,1443291,563239,149281327,149269195
2024-01-24,DII,53535,58475,551555,610718,0,38,0,8000,3801,7,2197,0,608936,679390
2024-01-24,FII,180574,170301,1257529,1183512,16218485,16225160,16246038,16287924,199509,143618,196111,144058,34224875,34227944
2024-01-24,Pro,304264,298488,1189960,1222666,131315116,120623140,131207836,120778388,3003133,1415612,2826107,1456349,257851225,257789834
2024-01-24,TOTAL,923611,923611,4052125,4052125,221096036,209263239,221096036,209263239,4467706,2163646,4467706,2163646,441966363,441966363
2024-01-25,Client,419260,366385,1114449,1014836,111352063,110007852,111491657,110090459,968725,470213,1077060,474678,224332562,224515075
2024-01-25,DII,38175,35739,701657,706572,0,5516,0,3643,6330,40,261,0,751718,746215
2024-01-25,FII,102181,187339,737853,885367,25795195,26905602,25987648,27053073,30279,26845,35172,35422,53597955,54184021
2024-01-25,Pro,277570,247723,1240652,1187836,280381203,234538403,280049156,234310198,1913832,1007765,1806673,994763,519359425,518596349
2024-01-25,TOTAL,837186,837186,3794611,3794611,417528461,371457373,417528461,371457373,2919166,1504863,2919166,1504863,798041660,798041660
2024-01-29,Client,252999,245995,457173,508376,63520896,54337513,63431883,54023275,1046569,362270,1043551,348349,119977420,119601429
2024-01-29,DII,152,5142,39701,65292,0,990,0,0,0,0,16944,0,40843,87378
2024-01-29,FII,70812,62557,358057,260874,11803912,10720937,11889814,10858325,221320,128097,223624,124222,23303135,23419416
2024-01-29,Pro,179906,190175,560794,581183,104079421,95618230,104082532,95796070,1901063,854002,1884833,871798,203193416,203406591
2024-01-29,TOTAL,503869,503869,1415725,1415725,179404229,160677670,179404229,160677670,3168952,1344369,3168952,1344369,346514814,346514814
2024-01-30,Client,198491,185778,461522,442994,85693352,87125967,85143095,87201098,976106,361984,903473,389375,174817422,174265813
2024-01-30,DII,1761,1500,37555,56345,0,3177,0,0,42,0,15718,7,42535,73570
2024-01-30,FII,31083,31919,259036,261469,14607927,15558083,14942391,15763282,198158,123284,207607,120084,30777571,31326752
2024-01-30,Pro,133499,145637,537563,534868,152578864,147299546,152794657,147022393,1699266,877454,1746774,853256,303126192,303097585
2024-01-30,TOTAL,364834,364834,1295676,1295676,252880143,249986773,252880143,249986773,2873572,1362722,2873572,1362722,508763720,508763720
2024-01-31,Client,212560,235399,420992,459123,152749924,131909622,152267254,131104144,998431,366635,1000771,346217,286658164,285412908
2024-01-31,DII,6000,1547,45719,60363,0,3000,0,38,5,0,5660,0,54724,67608
2024-01-31,FII,55396,42791,315543,256883,27647558,25497432,28004821,25948447,211691,114141,216571,118659,53841761,54588172
2024-01-31,Pro,163502,157721,545667,551552,269018961,258999560,269144368,259356985,1787948,857623,1775073,873523,531373261,531859222
2024-01-31,TOTAL,437458,437458,1327921,1327921,449416443,416409614,449416443,416409614,2998075,1338399,2998075,1338399,871927910,871927910
2024-02-01,Client,237931,244561,491664,468905,90551726,73126888,90188717,72957147,1198409,408421,1098903,409755,166015039,165367988
2024-02-01,DII,2503,528,59919,61337,0,0,0,0,5,0,34835,0,62427,96700
2024-02-01,FII,51389,44378,286286,309971,18066147,16614030,18248425,16865164,233957,129530,237839,126453,35381339,35832230
2024-02-01,Pro,200639,202995,619830,617486,154451530,132364363,154632261,132282970,2059331,1002898,2120125,1004641,290698591,290860478
2024-02-01,TOTAL,492462,492462,1457699,1457699,263069403,222105281,263069403,222105281,3491702,1540849,3491702,1540849,492157396,492157396
2024-02-02,Client,311740,306642,523006,563609,38174370,35621400,38171309,35655753,1234653,479406,1248788,460855,76344575,76406956
2024-02-02,DII,15,1342,46666,64114,0,0,0,26,20,0,18828,0,46701,84310
2024-02-02,FII,48407,42964,339051,255175,9568453,9590291,9575038,9671203,246548,156657,241439,158101,19949407,19943920
2024-02-02,Pro,221485,230699,610656,636481,55304157,54080231,55300633,53964940,2184738,1079370,2156904,1096477,113480637,113386134
2024-02-02,TOTAL,581647,581647,1519379,1519379,103046980,99291922,103046980,99291922,3665959,1715433,3665959,1715433,209821320,209821320
2024-02-05,Client,195345,200515,480876,476124,60564027,58994833,60240065,58903009,1184766,473012,1110266,478275,121892859,121408254
2024-02-05,DII,4,43,54379,38196,0,0,0,0,0,0,15413,0,54383,53652
2024-02-05,FII,43952,31053,267679,282029,12331312,12352281,12487101,12457716,253052,162164,253719,160204,25410440,25671822
2024-02-05,Pro,151449,159139,586453,593038,95860873,102598990,96029046,102585379,2013859,1086332,2072279,1083029,202297956,202521910
2024-02-05,TOTAL,390750,390750,1389387,1389387,168756212,173946104,168756212,173946104,3451677,1721508,3451677,1721508,349655638,349655638
2024-02-06,Client,159250,175195,411159,397140,90764851,83039130,90876488,82652848,1203687,419295,1207618,397145,175997372,175706434
2024-02-06,DII,89,42,48563,56726,0,0,0,0,0,0,6686,0,48652,63454
2024-02-06,FII,40973,39250,235198,254027,14929884,14467180,14959320,14611842,242117,132356,236314,134419,30047708,30235172
2024-02-06,Pro,131653,117478,509368,496395,159660868,149571442,159519795,149813062,1983813,881690,1978999,901777,312738834,312827506
2024-02-06,TOTAL,331965,331965,1204288,1204288,265355603,247077752,265355603,247077752,3429617,1433341,3429617,1433341,518832566,518832566
2024-02-07,Client,167666,161289,442333,404297,122754010,114460146,122713445,114361315,1207552,381679,1152406,395507,239413386,239188259
2024-02-07,DII,2049,4,42074,46840,0,0,0,0,24,0,15402,0,44147,62246
2024-02-07,FII,40061,60137,240536,292101,22724708,22755014,22823714,22864565,222571,125308,228357,123826,46108198,46392700
2024-02-07,Pro,127861,116207,524401,506106,232867029,209529667,232808588,209518947,1982921,938490,2016903,926144,445970369,445892895
2024-02-07,TOTAL,337637,337637,1249344,1249344,378345747,346744827,378345747,346744827,3413068,1445477,3413068,1445477,731536100,731536100
2024-02-08,Client,274557,265812,529927,469889,90324136,90747377,89999991,90813457,1374770,492016,1302290,514700,183742783,183366139
2024-02-08,DII,5544,8,57022,58746,0,0,0,0,2517,0,11064,0,65083,69818
2024-02-08,FII,52874,65283,276354,357623,16228828,18762016,16437537,18867134,304740,187061,316638,188483,35811873,36232698
2024-02-08,Pro,202319,204191,605714,582759,154585580,166972868,154701016,166801670,2249301,1183783,2301336,1159677,325799565,325750649
2024-02-08,TOTAL,535294,535294,1469017,1469017,261138544,276482261,261138544,276482261,3931328,1862860,3931328,1862860,545419304,545419304
2024-02-09,Client,204633,217575,461704,465881,33866543,31694785,34106407,31510318,1202806,505740,1179898,517140,67936211,67997219
2024-02-09,DII,2515,6,59913,47833,0,950,0,950,26,0,7183,0,63404,55972
2024-02-09,FII,45080,36173,276885,298445,8947173,8831544,8930859,8885428,288458,174579,280423,171419,18563719,18602747
2024-02-09,Pro,159910,158384,611481,597824,49081239,46249442,48857689,46380025,2134522,1148239,2158308,1139999,99384833,99292229
2024-02-09,TOTAL,412138,412138,1409983,1409983,91894955,86776721,91894955,86776721,3625812,1828558,3625812,1828558,185948167,185948167
2024-02-12,Client,219590,206362,383444,390349,55341957,64529851,54772486,64579460,1112558,445702,1019456,465236,122033102,121433349
2024-02-12,DII,2546,0,37540,47658,0,2093,0,2093,817,0,18989,0,42996,68740
2024-02-12,FII,39278,41760,273759,255154,11700042,11984873,11842498,12045788,266902,162372,274896,160714,24427226,24620810
2024-02-12,Pro,145858,159150,529763,531345,103224937,107598824,103651952,107488300,1883952,988109,1950888,970233,214371443,214751868
2024-02-12,TOTAL,407272,407272,1224506,1224506,170266936,184115641,170266936,184115641,3264229,1596183,3264229,1596183,360874767,360874767
2024-02-13,Client,237782,262699,358536,362874,107185364,100884712,107681530,100516100,1047321,427256,1074744,401704,210140971,210299651
2024-02-13,DII,2302,1538,30894,49942,0,957,0,957,181,0,9273,0,34334,61710
2024-02-13,FII,51028,46968,270035,242012,19272992,19130034,19193370,19252054,287304,162947,278833,162385,39174340,39175622
2024-02-13,Pro,200988,180895,506247,510884,195417760,206390000,195001216,206636592,2004613,956493,1976569,982607,405476101,405288763
2024-02-13,TOTAL,492100,492100,1165712,1165712,321876116,326405703,321876116,326405703,3339419,1546696,3339419,1546696,654825746,654825746
2024-02-14,Client,313343,312728,415948,391697,165609475,148795899,166008258,148650185,1144609,441633,1177109,423575,316720907,316963552
2024-02-14,DII,4741,6668,44906,48937,0,0,0,0,0,0,5691,0,49647,61296
2024-02-14,FII,78600,76855,244252,256970,33192509,30314126,32875744,30068581,286838,170274,279166,168642,64286599,63725958
2024-02-14,Pro,243170,243603,478682,486184,330867127,319528059,330785109,319919318,1999900,972661,1969381,992351,654089599,654395946
2024-02-14,TOTAL,639854,639854,1183788,1183788,529669111,498638084,529669111,498638084,3431347,1584568,3431347,1584568,1035146752,1035146752
2024-02-15,Client,207659,203120,441947,416688,86258404,76577692,86128518,76056805,1392751,430025,1370631,422558,165308478,164598320
2024-02-15,DII,4316,53,41851,46929,0,310,0,0,104,54,569,0,46635,47551
2024-02-15,FII,55483,50151,237936,264838,17566460,16357633,17853385,16800498,294553,174074,303918,177369,34686139,35450159
2024-02-15,Pro,163685,177819,489047,482326,147342747,137024304,147185708,137102636,2180385,1038848,2192675,1043074,288239016,288184238
2024-02-15,TOTAL,431143,431143,1210781,1210781,251167611,229959939,251167611,229959939,3867793,1643001,3867793,1643001,488280268,488280268
2024-02-16,Client,172942,171817,452266,454731,31451922,25283851,31375670,25215313,1726122,528897,1728971,522233,59616000,59468735
2024-02-16,DII,328,2553,36202,46209,0,4000,0,0,946,0,10463,54,41476,59279
2024-02-16,FII,40380,33972,297380,282119,7276891,6797471,7359538,6816740,343052,197423,344601,193511,14952597,15030481
2024-02-16,Pro,109160,114468,530602,533391,38424149,33125584,38417754,33178853,2654944,1209435,2641029,1219957,76053874,76105452
2024-02-16,TOTAL,322810,322810,1316450,1316450,77152962,65210906,77152962,65210906,4725064,1935755,4725064,1935755,150663947,150663947
2024-02-19,Client,156987,161352,365308,352724,52628845,45208448,52360087,44967389,1360831,397807,1321787,397605,100118226,99560944
2024-02-19,DII,2245,1534,47424,45352,0,0,0,0,0,0,533,0,49669,47419
2024-02-19,FII,34986,30005,204094,225205,10355160,9565221,10499405,9736510,264167,156960,269744,154294,20580588,20915163
2024-02-19,Pro,107298,108625,418739,412284,83988138,75269914,84112651,75339684,2123919,1009797,2156853,1012665,162917805,163142762
2024-02-19,TOTAL,301516,301516,1035565,1035565,146972143,130043583,146972143,130043583,3748917,1564564,3748917,1564564,283666288,283666288
2024-02-20,Client,194309,194985,392466,416515,98784591,82354034,99018990,82002969,1381234,420013,1344981,435670,183526647,183414110
2024-02-20,DII,27,5000,79140,56700,0,0,0,0,0,0,1288,0,79167,62988
2024-02-20,FII,46968,37973,215758,234319,17630266,14731406,17716840,14843654,286948,155963,286204,154434,33067309,33273424
2024-02-20,Pro,123209,126555,460240,440070,172916800,153506202,172595827,153745019,2196861,1047000,2232570,1032872,330250312,330172913
2024-02-20,TOTAL,364513,364513,1147604,1147604,289331657,250591642,289331657,250591642,3865043,1622976,3865043,1622976,546923435,546923435
2024-02-21,Client,221934,221169,436504,440703,139988568,140489596,139503468,140713128,1527037,481875,1479415,507185,283145514,282865068
2024-02-21,DII,4418,1258,84363,63771,0,0,0,0,123,0,3353,0,88904,68382
2024-02-21,FII,56662,49278,250224,251864,29487833,31078971,29587646,31221153,329724,195440,334836,189356,61398854,61634133
2024-02-21,Pro,151088,162397,507780,522533,263736797,272038350,264122084,271672636,2548785,1278383,2588065,1259157,540261183,540326872
2024-02-21,TOTAL,434102,434102,1278871,1278871,433213198,443606917,433213198,443606917,4405669,1955698,4405669,1955698,884894455,884894455
2024-02-22,Client,276806,271978,516011,486469,94290189,81881897,94559478,81731061,1441541,576846,1496912,552155,178983290,179098053
2024-02-22,DII,58,7575,100972,113954,0,0,0,0,951,0,2380,0,101981,123909
2024-02-22,FII,80799,68038,299700,317459,18722512,16892470,18685281,16957854,371004,217706,362210,214902,36584191,36605744
2024-02-22,Pro,166576,176648,560438,559239,177287436,150014609,177055378,150100061,2687404,1388673,2639398,1416168,332105136,331946892
2024-02-22,TOTAL,524239,524239,1477121,1477121,290300137,248788976,290300137,248788976,4500900,2183225,4500900,2183225,547774598,547774598
2024-02-23,Client,211624,209239,531158,552432,31314349,27586627,31166888,27688020,1538889,509189,1562014,512140,61691836,61690733
2024-02-23,DII,10597,8477,146431,136086,0,14000,0,0,721,0,44,0,171749,144607
2024-02-23,FII,62470,64859,411042,367265,7245450,7045015,7302815,7034543,378736,234164,380363,224566,15376877,15374411
2024-02-23,Pro,131870,133986,524078,556926,38802703,37322770,38892799,37245849,2685841,1339745,2661766,1346392,80807007,80837718
2024-02-23,TOTAL,416561,416561,1612709,1612709,77362502,71968412,77362502,71968412,4604187,2083098,4604187,2083098,158047469,158047469
2024-02-26,Client,208564,196762,652720,654187,54586597,51436038,54367666,51285331,1329512,489605,1323078,503868,108703036,108330892
2024-02-26,DII,30607,30575,327133,332250,0,5253,0,6500,1299,0,0,0,364292,369325
2024-02-26,FII,79651,72199,1104864,1097235,10426873,9948206,10576475,10162403,302289,172040,302817,170635,22033923,22381764
2024-02-26,Pro,120374,139660,661023,662068,98807898,91186637,98877227,91121900,2491589,1273381,2498794,1260523,194540902,194560172
2024-02-26,TOTAL,439196,439196,2745740,2745740,163821368,152576134,163821368,152576134,4124689,1935026,4124689,1935026,325642153,325642153
2024-02-27,Client,210863,203869,691304,683418,79441484,73660207,79291057,73416371,1476845,542762,1517300,535394,156023465,155647409
2024-02-27,DII,52609,56691,434744,429984,0,11247,0,4000,2750,0,1807,0,501350,492482
2024-02-27,FII,75772,74800,1293107,1308171,13545943,12286375,13744626,12493164,305979,163926,300703,170141,27671102,28091605
2024-02-27,Pro,124453,128337,741957,739539,156781696,143555896,156733440,143600190,2894563,1428302,2860327,1429455,305526867,305491288
2024-02-27,TOTAL,463697,463697,3161112,3161112,249769123,229513725,249769123,229513725,4680137,2134990,4680137,2134990,489722784,489722784
2024-02-28,Client,315409,319697,722525,737368,65717939,72383350,64945830,72286691,1375789,564086,1396222,617600,141079098,140303408
2024-02-28,DII,28311,29809,482501,462703,0,4538,0,8000,6163,0,879,0,521513,501391
2024-02-28,FII,101002,103927,872808,877807,14745382,17716182,14984348,17871068,176839,115018,177185,112852,33727231,34127187
2024-02-28,Pro,213823,205112,759110,759066,112169959,115489889,112703102,115428200,2429880,1336966,2414385,1285618,232399627,232795483
2024-02-28,TOTAL,658545,658545,2836944,2836944,192633280,205593959,192633280,205593959,3988671,2016070,3988671,2016070,407727469,407727469
2024-02-29,Client,381584,368554,964087,953615,126792123,115175200,127463945,114901236,840843,459848,960569,432288,244613685,245080207
2024-02-29,DII,14543,9315,670493,670453,0,6198,0,5250,5742,0,345,0,696976,685363
2024-02-29,FII,103619,112954,678379,727259,33928016,29140479,33774153,29288192,36181,28186,44946,47384,63914860,63994888
2024-02-29,Pro,232224,241147,1110353,1071985,286478836,254209576,285960877,254336775,1649010,953222,1525916,961584,544633221,544098284
2024-02-29,TOTAL,731970,731970,3423312,3423312,447198975,398531453,447198975,398531453,2531776,1441256,2531776,1441256,853858742,853858742
2024-03-01,Client,335255,321786,416829,455202,33614664,24782965,33784564,24479744,960947,335581,963703,310456,60446241,60315455
2024-03-01,DII,676,7794,33078,35374,0,1767,0,866,0,0,16657,0,35521,60691
2024-03-01,FII,49200,52993,327428,262913,8706775,7224957,8772082,7286630,205039,121401,211105,123971,16634800,16709694
2024-03-01,Pro,143663,146221,459920,483766,40235449,32603130,40000242,32845579,1614692,791392,1589213,813947,75848246,75878968
2024-03-01,TOTAL,528794,528794,1237255,1237255,82556888,64612819,82556888,64612819,2780678,1248374,2780678,1248374,152964808,152964808
2024-03-04,Client,152217,159355,393921,375601,53264953,48878479,53084729,48629249,929659,289713,880771,297783,103908942,103427488
2024-03-04,DII,6008,190,33108,32882,0,5044,0,394,0,0,18392,0,44160,51858
2024-03-04,FII,41890,30605,239262,248461,10198000,9684071,10277062,9864180,204141,113155,205222,112325,20480519,20737855
2024-03-04,Pro,84138,94103,436357,445704,84089780,78212450,84190942,78286221,1401879,640982,1431294,633742,164865586,165082006
2024-03-04,TOTAL,284253,284253,1102648,1102648,147552733,136780044,147552733,136780044,2535679,1043850,2535679,1043850,289299207,289299207
2024-03-05,Client,209094,213891,430739,399811,94074547,85445074,94007377,85383004,1111577,359904,1032158,378474,181630935,181414715
2024-03-05,DII,4682,415,34663,32663,0,490,0,467,0,0,19297,0,39835,52842
2024-03-05,FII,32799,47693,228306,282812,15736828,14136081,15844385,14208221,252145,147640,260547,147967,30533799,30791625
2024-03-05,Pro,123945,108521,479641,458063,171651862,161183734,171611475,161173687,1689182,874775,1740902,855878,336003139,335948526
2024-03-05,TOTAL,370520,370520,1173349,1173349,281463237,260765379,281463237,260765379,3052904,1382319,3052904,1382319,548207708,548207708
2024-03-06,Client,250777,282411,483954,486860,142055979,120099608,141906786,120000409,1164005,430785,1122126,444119,264485108,264242711
2024-03-06,DII,2113,1916,47694,42421,0,442,0,385,0,0,15278,0,50249,60000
2024-03-06,FII,87354,68754,348495,351111,26818392,24190820,26818935,24250130,300412,179629,309066,174013,51925102,51972009
2024-03-06,Pro,213871,201034,617533,617284,255172175,250196655,255320825,250236601,2028733,1093177,2046680,1085459,509322144,509507883
2024-03-06,TOTAL,554115,554115,1497676,1497676,424046546,394487525,424046546,394487525,3493150,1703591,3493150,1703591,825782603,825782603
2024-03-07,Client,143287,132723,395844,429703,63614799,59980614,63337768,59950709,1273291,399127,1252440,389845,125806962,125493188
2024-03-07,DII,1113,4404,48015,32052,0,361,0,315,0,0,16532,0,49489,53303
2024-03-07,FII,47366,34820,287587,250148,12402921,12355252,12499939,12497082,294776,156815,298323,156383,25544717,25736695
2024-03-07,Pro,90417,110236,480280,499823,98921136,100870018,99101149,100758139,2085276,983384,2086048,993098,203430511,203548493
2024-03-07,TOTAL,282183,282183,1211726,1211726,174938856,173206245,174938856,173206245,3653343,1539326,3653343,1539326,354831679,354831679
2024-03-11,Client,174016,170647,333541,337214,47165146,52947505,46799650,53001614,1042866,354385,967851,376818,102017459,101653794
2024-03-11,DII,11227,36,43863,54058,0,176,0,155,36,0,8443,0,55302,62692
2024-03-11,FII,46760,47940,284443,270959,10529376,11528942,10647658,11609128,263704,161960,267624,161530,22815185,23004839
2024-03-11,Pro,112624,126004,441921,441537,76088402,79537932,76335616,79403658,1657475,869560,1720163,847557,158707914,158874535
2024-03-11,TOTAL,344627,344627,1103768,1103768,133782924,144014555,133782924,144014555,2964081,1385905,2964081,1385905,283595860,283595860
2024-03-12,Client,220470,217905,362908,381038,95206956,85838886,95351718,85752238,1080113,415700,1045765,426723,183125033,183175387
2024-03-12,DII,83,3456,28640,43347,0,0,0,0,300,0,13823,0,29023,60626
2024-03-12,FII,58035,53381,309341,276011,16742027,16535638,16739552,16612186,361224,215591,359277,222727,34221856,34263134
2024-03-12,Pro,175102,178948,502965,503458,182557739,171980139,182415452,171990239,1797064,973596,1819836,955437,357986605,357863370
2024-03-12,TOTAL,453690,453690,1203854,1203854,294506722,274354663,294506722,274354663,3238701,1604887,3238701,1604887,575362517,575362517
2024-03-13,Client,269408,258867,502802,559439,122586773,131741465,121929109,131649943,1287472,670454,1166201,712302,257058374,256275861
2024-03-13,DII,10213,1044,54427,65435,0,4016,0,0,1795,0,22691,0,70451,89170
2024-03-13,FII,72908,86407,454413,397278,24736452,30307107,24876972,30396462,418350,274073,425200,273741,56263303,56456060
2024-03-13,Pro,190342,196553,712186,701676,255293522,240894246,255810666,240900429,2370130,1490108,2463655,1448592,500950534,501521571
2024-03-13,TOTAL,542871,542871,1723828,1723828,402616747,402946834,402616747,402946834,4077747,2434635,4077747,2434635,814342662,814342662
2024-03-14,Client,208303,216301,388851,379426,77356587,73908951,77600793,73693177,1015708,449279,1050910,414968,153327679,153355575
2024-03-14,DII,555,24,35869,57422,0,2516,0,16,500,0,4363,0,39440,61825
2024-03-14,FII,55135,62306,352800,329807,18094882,17149120,18140781,17235071,344312,230095,334256,225045,36226344,36327266
2024-03-14,Pro,173561,158923,513215,524080,154595490,150131018,154305385,150263341,1956622,1002329,1927613,1041690,308372235,308221032
2024-03-14,TOTAL,437554,437554,1290735,1290735,250046959,241191605,250046959,241191605,3317142,1681703,3317142,1681703,497965698,497965698
2024-03-15,Client,277200,266592,424747,417474,30618923,32047381,30533752,32025220,1168066,556668,1132363,558303,65092985,64933704
2024-03-15,DII,803,0,85282,71575,0,16,0,16,5347,0,18846,0,91448,90437
2024-03-15,FII,73760,80159,390600,408684,8659458,9256963,8688493,9327718,385402,252247,378831,245163,19018430,19129048
2024-03-15,Pro,180508,185520,568296,571192,46022322,42458704,46078458,42410110,2170368,1189964,2199143,1195413,92590162,92639836
2024-03-15,TOTAL,532271,532271,1468925,1468925,85300703,83763064,85300703,83763064,3729183,1998879,3729183,1998879,176793025,176793025
2024-03-18,Client,213530,202877,312991,301877,56204208,55198746,56161187,55043140,1029930,433353,1026635,412220,113392758,113147936
2024-03-18,DII,1033,5204,35638,40865,0,0,0,16,763,0,5019,0,37434,51104
2024-03-18,FII,42433,46358,221980,230685,12142483,11604500,12231037,11727091,329534,208806,320613,204294,24549736,24760078
2024-03-18,Pro,151244,153801,415183,412365,102766901,95926824,102721368,95959823,1911263,1008713,1919223,1034358,202180128,202200938
2024-03-18,TOTAL,408240,408240,985792,985792,171113592,162730070,171113592,162730070,3271490,1650872,3271490,1650872,340160056,340160056
2024-03-19,Client,220489,210639,330358,335687,76783551,80295739,76535920,80306548,1118320,502688,1047343,524835,159251145,158960972
2024-03-19,DII,16390,22,54569,76132,0,62,0,0,1406,0,9558,0,72427,85712
2024-03-19,FII,49943,73987,261498,249413,13853779,15241355,13958195,15279075,347865,240711,351896,230192,29995151,30142758
2024-03-19,Pro,139600,141774,450093,435286,150343673,151859583,150486888,151811116,2118181,1190441,2176975,1178813,306101571,306230852
2024-03-19,TOTAL,426422,426422,1096518,1096518,240981003,247396739,240981003,247396739,3585772,1933840,3585772,1933840,495420294,495420294
2024-03-20,Client,268899,256602,408848,418696,132571616,126596249,132898884,126422640,1229755,599480,1262298,570756,261674847,261829876
2024-03-20,DII,41,5000,80112,93173,0,84,0,62,0,0,712,0,80237,98947
2024-03-20,FII,69214,79079,310330,286507,29763241,32520722,29689014,32520032,413474,283858,408823,282420,63360839,63265875
2024-03-20,Pro,195786,193259,501788,502702,315331303,285530378,315078262,285704699,2519708,1392710,2491104,1422872,605471673,605392898
2024-03-20,TOTAL,533940,533940,1301078,1301078,477666160,444647433,477666160,444647433,4162937,2276048,4162937,2276048,930587596,930587596
2024-03-21,Client,201227,201043,486750,475403,74352528,70319369,74198718,70008549,1197977,546075,1305147,499389,147103926,146688249
2024-03-21,DII,956,941,161216,178986,0,425,0,62,803,0,290,0,163400,180279
2024-03-21,FII,65311,59436,404707,364118,15836627,15122777,15994362,15315869,440751,316857,433186,317456,32187030,32484427
2024-03-21,Pro,140089,146163,556061,590227,135954669,137810014,135950744,137928105,2550661,1329975,2451569,1376062,278341469,278442870
2024-03-21,TOTAL,407583,407583,1608734,1608734,226143824,223252585,226143824,223252585,4190192,2192907,4190192,2192907,457795825,457795825
2024-03-22,Client,196735,215311,640230,660376,36188383,34108033,36236920,33888879,1508859,686400,1598786,657313,73328640,73257585
2024-03-22,DII,5503,995,217368,230847,0,439,0,1060,249,0,0,0,223559,232902
2024-03-22,FII,83086,66188,1029048,955674,8642669,8392211,8747344,8525552,493552,329426,493685,326117,18969992,19114560
2024-03-22,Pro,142245,145075,740515,780264,62080990,56639987,61927778,56725179,2926510,1539978,2836699,1572374,124070225,123987369
2024-03-22,TOTAL,427569,427569,2627161,2627161,106912042,99140670,106912042,99140670,4929170,2555804,4929170,2555804,216592416,216592416
2024-03-26,Client,161922,156907,731283,726385,61918103,65927764,61639259,65792585,1297586,533783,1294665,531916,130570441,130141717
2024-03-26,DII,31909,25054,503308,524301,0,9901,0,13401,957,0,18,0,546075,562774
2024-03-26,FII,104293,110111,1504399,1494474,9945432,11390032,10011478,11492646,271111,184692,275807,187848,23399959,23572364
2024-03-26,Pro,115439,121491,750448,744278,127160098,127877257,127372896,127906322,2356933,1209616,2356097,1208327,259469791,259709411
2024-03-26,TOTAL,413563,413563,3489438,3489438,199023633,205204954,199023633,205204954,3926587,1928091,3926587,1928091,413986266,413986266
2024-03-27,Client,235347,219384,803850,809085,98835774,91915206,98773310,91843184,1385804,525585,1470188,551622,193701566,193666773
2024-03-27,DII,45313,46363,589604,558374,0,8299,0,22,11422,0,25,0,654638,604784
2024-03-27,FII,85611,98724,1010354,1040135,20254771,18940145,20348935,19012478,163100,107233,161167,102957,40561214,40764396
2024-03-27,Pro,130974,132774,849744,845958,204826352,185127076,204794652,185135042,2596352,1253077,2525298,1231316,394783575,394665040
2024-03-27,TOTAL,497245,497245,3253552,3253552,323916897,295990726,323916897,295990726,4156678,1885895,4156678,1885895,629700993,629700993
2024-03-28,Client,332908,322841,908342,1012671,75533246,63074064,75528164,63071233,984373,438079,1119652,428911,141271012,141483472
2024-03-28,DII,26044,20031,651203,662215,0,36854,0,15058,26474,0,8571,0,740575,705875
2024-03-28,FII,103677,103034,754862,636000,17650488,14790844,17566612,14720931,30222,19768,29960,29937,33349861,33086474
2024-03-28,Pro,200298,217021,1056967,1060488,143000213,147635283,143089171,147729823,1793181,930919,1676067,929918,294616861,294702488
2024-03-28,TOTAL,662927,662927,3371374,3371374,236183947,225537045,236183947,225537045,2834250,1388766,2834250,1388766,469978309,469978309
2024-04-01,Client,298366,308349,417259,399025,42774311,37610970,42807289,37441540,774665,277938,741349,273120,82153509,81970672
2024-04-01,DII,125,0,28652,40892,0,0,0,120,2,0,24120,0,28779,65132
2024-04-01,FII,42378,40114,234099,220129,8823053,8164241,8831208,8257230,230329,158095,234448,149341,17652195,17732470
2024-04-01,Pro,151863,144269,399355,419319,77296807,74149027,77255674,74225348,1310375,720373,1315454,733945,154027800,154094009
2024-04-01,TOTAL,492732,492732,1079365,1079365,128894171,119924238,128894171,119924238,2315371,1156406,2315371,1156406,253862283,253862283
2024-04-02,Client,108495,106584,438170,396113,81202651,76555395,81060165,76550871,999353,332420,938170,337671,159636484,159389574
2024-04-02,DII,0,1357,41074,62136,0,0,0,0,0,0,22702,0,41074,86195
2024-04-02,FII,33559,27399,262280,288616,13742210,12807955,13726961,12709908,244812,149556,246244,147591,27240372,27146719
2024-04-02,Pro,78792,85506,490931,485590,145549423,137942025,145707158,138044596,1618280,828322,1655329,825036,286507773,286803215
2024-04-02,TOTAL,220846,220846,1232455,1232455,240494284,227305375,240494284,227305375,2862445,1310298,2862445,1310298,473425703,473425703
2024-04-03,Client,139869,137723,443621,373288,129432380,116054415,129683020,115834409,1042247,310056,983461,337087,247422588,247348988
2024-04-03,DII,0,15,44595,36944,0,0,0,978,0,0,8281,0,44595,46218
2024-04-03,FII,36593,52923,219691,343289,25740442,23504677,25512787,23308502,245384,149853,251240,147505,49896640,49616246
2024-04-03,Pro,104147,89948,506657,461043,220570252,208182831,220547267,208598034,1629458,819382,1674107,794699,431812727,432165098
2024-04-03,TOTAL,280609,280609,1214564,1214564,375743074,347741923,375743074,347741923,2917089,1279291,2917089,1279291,729176550,729176550
2024-04-04,Client,214479,222631,478176,439634,92802953,85404640,93321255,85565552,1156278,374063,1095327,389737,180430589,181034136
2024-04-04,DII,700,179,63743,35967,0,635,0,0,0,99,27522,0,65177,63668
2024-04-04,FII,66832,68703,297777,375222,18429142,19925188,17946935,19602466,343718,200165,342741,201950,39262822,38538017
2024-04-04,Pro,156867,147365,571446,560319,151631193,149186555,151595098,149349000,1895781,946969,1930187,929609,304388811,304511578
2024-04-04,TOTAL,438878,438878,1411142,1411142,262863288,254517018,262863288,254517018,3395777,1521296,3395777,1521296,524147399,524147399
2024-04-05,Client,141714,145363,371518,364927,32491930,24134314,32921101,24095466,1091121,345034,1059813,343439,58575631,58930109
2024-04-05,DII,24,457,66336,27724,0,2388,0,1000,0,48,8230,0,68796,37411
2024-04-05,FII,34618,36180,206675,269773,8060179,6468393,7995388,6404138,248406,140373,254965,141795,15158644,15102239
2024-04-05,Pro,99589,93945,452718,434823,41189479,32919360,40825099,33023851,1658461,778420,1674980,778641,77098027,76831339
2024-04-05,TOTAL,275945,275945,1097247,1097247,81741588,63524455,81741588,63524455,2997988,1263875,2997988,1263875,150901098,150901098
2024-04-08,Client,120466,127077,383108,375003,52922099,45562250,52416294,45173831,1252494,391146,1222830,368816,100631563,99683851
2024-04-08,DII,937,3515,39508,46553,0,0,0,0,0,0,18471,0,40445,68539
2024-04-08,FII,41518,29964,268378,261105,10037892,9584141,10178382,9802915,287622,157377,288766,160161,20376928,20721293
2024-04-08,Pro,79849,82214,475404,483737,87345132,80572558,87710447,80742203,1925859,900326,1935908,919872,171299128,171874381
2024-04-08,TOTAL,242770,242770,1166398,1166398,150305123,135718949,150305123,135718949,3465975,1448849,3465975,1448849,292348064,292348064
2024-04-09,Client,136158,153999,416497,406555,86671557,84984093,86532481,84939902,1223804,393019,1193839,390600,173825128,173617376
2024-04-09,DII,75,3221,42705,46600,24,62,0,48,844,0,3275,60,43710,53204
2024-04-09,FII,54392,26733,276326,262689,16728534,17345769,16562474,17234385,305556,180249,311727,177968,34890826,34575976
2024-04-09,Pro,86082,92754,470821,490505,137777972,146556991,138083132,146712580,1945098,956297,1966461,960937,287793261,288306369
2024-04-09,TOTAL,276707,276707,1206349,1206349,241178087,248886915,241178087,248886915,3475302,1529565,3475302,1529565,496552925,496552925
2024-04-10,Client,103656,123965,439036,484029,114715826,108903037,114975425,108761056,1388733,454740,1377443,434328,226005028,226156246
2024-04-10,DII,0,3276,49890,35743,0,5058,24,62,0,0,10692,0,54948,49797
2024-04-10,FII,68828,21569,340776,293695,25113262,24265712,25050545,24185397,317882,194753,322078,196259,50301213,50069543
2024-04-10,Pro,63007,86681,534685,550920,196237752,196857265,196040846,197084557,2251256,1082219,2247658,1101125,397026184,397111787
2024-04-10,TOTAL,235491,235491,1364387,1364387,336066840,330031072,336066840,330031072,3957871,1731712,3957871,1731712,673387373,673387373
2024-04-12,Client,187588,167686,484291,406060,27453541,29229030,27191833,29406683,1417033,462435,1267769,507572,59233918,58947603
2024-04-12,DII,3000,200,41730,79367,0,1400,0,2000,0,0,3673,0,46130,85240
2024-04-12,FII,42809,60643,259639,348168,7191474,7425454,7291976,7451924,339356,212514,348093,208664,15471246,15709468
2024-04-12,Pro,99408,104276,596938,549003,38434108,36445700,38595314,36240977,2285416,1174021,2422270,1132734,79035591,79044574
2024-04-12,TOTAL,332805,332805,1382598,1382598,73079123,73101584,73079123,73101584,4041805,1848970,4041805,1848970,153786885,153786885
2024-04-15,Client,224270,183983,473177,457676,52542812,58698594,52027814,58443448,1490065,598148,1421359,622929,114027066,113157209
2024-04-15,DII,96,2259,47613,73332,0,170,0,3058,32,0,10771,0,47911,89420
2024-04-15,FII,37537,75992,343085,328495,11089920,12871087,11309196,13062292,495101,308336,495082,304988,25145066,25576045
2024-04-15,Pro,139420,139089,634489,638861,87660762,83949174,87956484,84010227,2709063,1445831,2767049,1424398,176538739,176936108
2024-04-15,TOTAL,401323,401323,1498364,1498364,151293494,155519025,151293494,155519025,4694261,2352315,4694261,2352315,315758782,315758782
2024-04-16,Client,182451,144738,409994,389529,112261447,107522406,112514416,107571033,1320989,502709,1284019,520525,222199996,222424260
2024-04-16,DII,0,397,61291,59687,0,58,0,4592,32,31,5872,31,61412,70579
2024-04-16,FII,45327,76711,280022,327484,23353378,23367297,23257831,23197278,382297,234006,380913,226314,47662327,47466531
2024-04-16,Pro,108513,114445,558197,532804,205211459,190638838,205054037,190755696,2243098,1143015,2275612,1132891,399903120,399865485
2024-04-16,TOTAL,336291,336291,1309504,1309504,340826284,321528599,340826284,321528599,3946416,1879761,3946416,1879761,669826855,669826855
2024-04-18,Client,305418,255354,567029,543528,86308496,82732994,86406163,82905268,1684317,626147,1639698,650623,172224401,172400634
2024-04-18,DII,0,753,110823,109877,0,10058,0,3308,1589,63,18118,0,122533,132056
2024-04-18,FII,66736,137831,476792,532833,18734096,21643473,18570384,21534008,555174,354141,552614,349474,41830412,41677144
2024-04-18,Pro,190756,168972,803819,772225,138963433,149850725,139029478,149794666,3141479,1679207,3172129,1659461,294629419,294596931
2024-04-18,TOTAL,562910,562910,1958463,1958463,244006025,254237250,244006025,254237250,5382559,2659558,5382559,2659558,508806765,508806765
2024-04-19,Client,250394,258623,539225,566661,31744484,25568595,31932805,25424794,1684260,707218,1753843,680205,60494176,60616931
2024-04-19,DII,2098,2125,125667,112649,0,7278,0,3112,269,0,1819,63,135312,119768
2024-04-19,FII,108117,103663,562522,508776,9353679,8404497,9297404,8334104,587140,351390,586332,357201,19367345,19187480
2024-04-19,Pro,198294,194492,718535,757863,43205419,33269685,43073373,33488045,3291293,1661308,3220968,1682447,82344534,82417188
2024-04-19,TOTAL,558903,558903,1945949,1945949,84303582,67250055,84303582,67250055,5562962,2719916,5562962,2719916,162341367,162341367
2024-04-22,Client,189449,186762,650017,655312,46023708,42442846,45908333,42250032,1526012,590920,1588492,560279,91422952,91149210
2024-04-22,DII,7352,9194,379296,393539,0,5883,0,162,1363,0,29,87,393894,403011
2024-04-22,FII,70395,76296,1386741,1345408,10141084,10398855,10277538,10554809,385231,244279,374224,245163,22626585,22873438
2024-04-22,Pro,134016,128960,740833,762628,72081706,75573492,72060627,75616073,2818027,1342106,2767888,1371776,152690180,152707952
2024-04-22,TOTAL,401212,401212,3156887,3156887,128246498,128421076,128246498,128421076,4730633,2177305,4730633,2177305,267133611,267133611
2024-04-23,Client,143881,142162,778788,774777,64933867,63371379,64496280,63359161,1580199,595415,1633278,593919,131403529,130999577
2024-04-23,DII,35061,35056,499000,507498,0,6196,0,116,3269,0,2487,0,543526,545157
2024-04-23,FII,74548,74570,1313166,1279778,12174821,13976070,12370859,14034004,307412,194303,309071,191998,28040320,28260280
2024-04-23,Pro,87079,88781,732679,761580,113598035,120848626,113839584,120808990,2836938,1365996,2782982,1369797,239469353,239651714
2024-04-23,TOTAL,340569,340569,3323633,3323633,190706723,198202271,190706723,198202271,4727818,2155714,4727818,2155714,399456728,399456728
2024-04-24,Client,212472,193100,879855,890924,91729702,84240193,91522099,83926138,1311463,508340,1440349,518053,178882025,178490663
2024-04-24,DII,37885,32888,568190,571489,0,21686,0,15534,7197,0,46,0,634958,619957
2024-04-24,FII,70879,90463,1000254,954123,18335973,18962552,18525363,19223033,156614,101865,155030,97336,38628137,39045348
2024-04-24,Pro,106718,111503,820171,851934,150818801,152141086,150837014,152200812,2632139,1262575,2511988,1257391,307781490,307770642
2024-04-24,TOTAL,427954,427954,3268470,3268470,260884476,255365517,260884476,255365517,4107413,1872780,4107413,1872780,525926610,525926610
2024-04-25,Client,293594,294741,1202671,1265359,74252424,68014150,74599851,68282215,1214503,568302,1351558,561441,145545644,146355165
2024-04-25,DII,10120,6591,671630,690994,100,28205,0,26400,21999,0,112,0,732054,724097
2024-04-25,FII,124944,124884,862098,748188,18702411,16599051,18259236,16208543,60756,37855,63403,49054,36387115,35453308
2024-04-25,Pro,187455,189897,1371417,1403275,131219099,119529564,131314947,119653812,2175969,1152287,2058154,1147949,255635791,255768034
2024-04-25,TOTAL,616113,616113,4107816,4107816,224174034,204170970,224174034,204170970,3473227,1758444,3473227,1758444,438300604,438300604
2024-04-26,Client,230896,192200,626218,542616,33680730,31893020,33535502,32293791,1186891,434057,1091578,481351,68051812,68137038
2024-04-26,DII,36,56,39909,70424,496,13608,0,72,0,0,21604,0,54049,92156
2024-04-26,FII,51901,87525,356317,445577,9381405,9261319,9399062,9183330,226421,145357,229744,132855,19422720,19478093
2024-04-26,Pro,141116,144168,698185,662012,47453757,41260631,47581824,40951385,1907349,1049105,1977735,1014313,92510143,92331437
2024-04-26,TOTAL,423949,423949,1720629,1720629,90516388,82428578,90516388,82428578,3320661,1628519,3320661,1628519,180038724,180038724
2024-04-29,Client,256623,304030,512678,514330,69959172,54425009,70139758,53771568,1130012,399192,1098371,402562,126682686,126230619
2024-04-29,DII,102,478,42575,48774,22,41735,0,265,0,0,20842,0,84434,70359
2024-04-29,FII,94076,39039,402736,407661,15188927,13107381,15230673,13230412,216750,133708,217524,128891,29143578,29254200
2024-04-29,Pro,169296,176550,654723,641947,107309938,95673048,107087628,96244928,1872432,937853,1882457,939300,206617290,206972810
2024-04-29,TOTAL,520097,520097,1612712,1612712,192458059,163247173,192458059,163247173,3219194,1470753,3219194,1470753,362527988,362527988
2024-04-30,Client,214294,266976,553951,593754,133882933,126597144,133850740,127104393,1184778,409452,1180476,415564,262842552,263411903
2024-04-30,DII,205,836,56606,69155,800,33,0,0,3,0,12409,0,57647,82400
2024-04-30,FII,117456,55072,512723,423216,35366786,33709427,34985807,33178879,231727,133137,234268,131305,70071256,69008547
2024-04-30,Pro,169027,178098,689382,726537,292495464,286779253,292909436,286802585,1999330,1016118,1988685,1011838,583148574,583617179
2024-04-30,TOTAL,500982,500982,1812662,1812662,461745983,447085857,461745983,447085857,3415838,1558707,3415838,1558707,916120029,916120029
2024-05-02,Client,166085,177507,549173,554642,123455518,122325055,122869414,122032129,1328740,482306,1262617,469289,248306877,247365598
2024-05-02,DII,100,70,39246,82701,160,5396,0,308,67,0,53619,0,44969,136698
2024-05-02,FII,47873,38684,464403,400688,24674599,24421195,24886893,24717328,286607,166259,290230,156706,50060936,50490529
2024-05-02,Pro,120402,118199,657273,672064,188838869,224322893,189212839,224324774,2248940,1106403,2257888,1128973,417294780,417714737
2024-05-02,TOTAL,334460,334460,1710095,1710095,336969146,371074539,336969146,371074539,3864354,1754968,3864354,1754968,715707562,715707562
2024-05-03,Client,405965,342927,666360,588493,41498769,45654850,41282391,45997125,1469545,537252,1325045,604517,90232741,90140498
2024-05-03,DII,14,250,52434,81862,400,1322,0,13416,70,0,45021,0,54240,140549
2024-05-03,FII,69904,142238,398436,513924,9739460,11426470,9831886,11449847,339319,204967,332341,195353,22178556,22465589
2024-05-03,Pro,222415,212883,797964,730915,62297434,64001981,62421786,63624235,2419403,1351969,2525930,1294318,131091166,130810067
2024-05-03,TOTAL,698298,698298,1915194,1915194,113536063,121084623,113536063,121084623,4228337,2094188,4228337,2094188,243556703,243556703
2024-05-06,Client,221915,230874,521790,526173,55214924,58626951,55068695,58543521,1295534,557322,1246212,574062,116438436,116189537
2024-05-06,DII,400,1159,48323,71802,0,8850,0,27,240,174,16845,0,57987,89833
2024-05-06,FII,56827,45146,434849,423450,10989551,13466362,11053090,13544645,293024,192815,290014,176782,25433428,25533127
2024-05-06,Pro,154982,156945,728618,712155,90437330,93237255,90520020,93251225,2264381,1267344,2300108,1266811,188089910,188207264
2024-05-06,TOTAL,434124,434124,1733580,1733580,156641805,165339418,156641805,165339418,3853179,2017655,3853179,2017655,330019761,330019761
2024-05-07,Client,292215,261818,489291,511793,97658728,101295478,97109229,101347809,1339288,557897,1263567,594246,201632897,201088462
2024-05-07,DII,4474,0,65544,65863,0,12196,0,5000,148,148,25910,0,82510,96773
2024-05-07,FII,60056,89736,389040,388904,16891209,21420157,16965697,21378483,296632,183538,294596,178257,39240632,39295673
2024-05-07,Pro,178289,183480,715093,692408,166011607,158850512,166486618,158847051,2266133,1274294,2318128,1243374,329295928,329771059
2024-05-07,TOTAL,535034,535034,1658968,1658968,280561544,281578343,280561544,281578343,3902201,2015877,3902201,2015877,570251967,570251967
2024-05-08,Client,284112,243739,459600,448677,127779959,115004545,127836963,114778129,1211154,475482,1196297,456958,245214852,244960763
2024-05-08,DII,1216,63,50724,77838,0,747,0,3587,35,0,10435,174,52722,92097
2024-05-08,FII,66672,93202,402745,405425,32440931,30106128,32420913,30237558,283796,157348,286764,160350,63457620,63604212
2024-05-08,Pro,170745,185741,676216,657345,258158414,210711485,258121428,210803631,2116115,1097214,2117604,1112562,472930189,472998311
2024-05-08,TOTAL,522745,522745,1589285,1589285,418379304,355822905,418379304,355822905,3611100,1730044,3611100,1730044,781655383,781655383
2024-05-09,Client,381615,331068,576659,554315,126608924,125424682,126392421,125608906,1531374,640878,1394813,677130,255164132,254958653
2024-05-09,DII,7650,39,71617,88760,226,5392,0,13722,211,0,13599,0,85096,116120
2024-05-09,FII,123491,189105,493803,543169,25060275,28082277,24953668,27858898,382727,231133,397433,239397,54373706,54181670
2024-05-09,Pro,223894,216438,781086,736921,235248617,215453752,235571953,215484577,2395243,1393507,2503710,1348991,455496099,455862590
2024-05-09,TOTAL,736650,736650,1923165,1923165,386918042,368966103,386918042,368966103,4309555,2265518,4309555,2265518,765119033,765119033
2024-05-10,Client,253215,237583,429148,440721,35771760,34229090,35871390,34132245,1190844,493420,1211933,473763,72367477,72367635
2024-05-10,DII,244,2000,44791,38661,0,10359,226,2168,350,0,2706,0,55744,45761
2024-05-10,FII,81316,83328,365028,335977,7942145,8822850,7989703,8887161,302417,163297,306522,164187,17677053,17766878
2024-05-10,Pro,154651,166515,582086,605694,50433029,46930118,50285615,46970843,1984033,991598,1956483,1010365,101075515,100995515
2024-05-10,TOTAL,489426,489426,1421053,1421053,94146934,89992417,94146934,89992417,3477644,1648315,3477644,1648315,191175789,191175789
2024-05-13,Client,339090,321023,469991,461705,73893515,67994943,74058443,67705137,1293828,535835,1286019,523608,144527202,144355935
2024-05-13,DII,4204,43,53600,61494,0,1518,0,7632,0,0,13931,0,59322,83100
2024-05-13,FII,80085,94902,402750,383128,14221341,13969949,14127265,14008410,324166,175774,323255,174916,29174065,29111876
2024-05-13,Pro,224924,232335,637194,657208,131783553,115545309,131712701,115790540,2189785,1126669,2184574,1139754,251507434,251717112
2024-05-13,TOTAL,648303,648303,1563535,1563535,219898409,197511719,219898409,197511719,3807779,1838278,3807779,1838278,425268023,425268023
2024-05-14,Client,227986,205394,444870,425880,87870328,77376949,87806932,77169294,1278289,435077,1306739,415288,167633499,167329527
2024-05-14,DII,199,170,54980,48539,0,4765,0,1205,0,0,6446,0,59944,56360
2024-05-14,FII,98850,138383,327181,342465,14910248,14120241,14923437,14190695,320661,159597,317682,156723,29936778,30069385
2024-05-14,Pro,153449,136537,543981,554128,159544456,143989343,159594663,144130104,1999014,956768,1967097,979431,307187011,307361960
2024-05-14,TOTAL,480484,480484,1371012,1371012,262325032,235491298,262325032,235491298,3597964,1551442,3597964,1551442,504817232,504817232
2024-05-15,Client,208722,195890,438890,433818,116330067,111095349,115965884,110963584,1310201,443005,1255602,452028,229826234,229266806
2024-05-15,DII,422,0,54343,33219,0,492,0,492,1235,0,4661,0,56492,38372
2024-05-15,FII,52481,84589,321744,359210,23390700,25110942,23635361,25341922,314579,175214,321494,177437,49365660,49920013
2024-05-15,Pro,152457,133603,554465,543195,229220994,191175447,229340516,191076232,1947309,997372,1991567,986126,424048044,424071239
2024-05-15,TOTAL,414082,414082,1369442,1369442,368941761,327382230,368941761,327382230,3573324,1615591,3573324,1615591,703296430,703296430
2024-05-16,Client,459549,461793,575966,570933,144630184,138566270,145098608,138216972,1651007,636665,1674105,612552,286519641,286634963
2024-05-16,DII,1764,0,104372,59190,0,1192,0,1380,2050,99,8687,0,109477,69257
2024-05-16,FII,138154,152438,441492,486042,27906787,30463865,27661625,30451020,407167,234526,410034,236436,59591991,59397595
2024-05-16,Pro,313621,298857,742497,748162,284409365,273913053,284186103,274275008,2544864,1271724,2512262,1294026,563195124,563314418
2024-05-16,TOTAL,913088,913088,1864327,1864327,456946336,442944380,456946336,442944380,4605088,2143014,4605088,2143014,909416233,909416233
2024-05-17,Client,201565,204689,474159,476367,41650445,36707704,41604915,36430285,1557115,565465,1553535,540655,81156453,80810446
2024-05-17,DII,553,120,64166,40849,480,753,0,3733,310,0,1958,0,66262,46660
2024-05-17,FII,56686,45917,308647,322081,8921761,8440756,8978404,8560287,374556,207923,371334,206028,18310329,18484051
2024-05-17,Pro,138331,146409,571434,579109,61190069,53222922,61179436,53377830,2308435,1157053,2313589,1183758,118588244,118780131
2024-05-17,TOTAL,397135,397135,1418406,1418406,111762755,98372135,111762755,98372135,4240416,1930441,4240416,1930441,218121288,218121288
2024-05-21,Client,172217,200692,526136,528161,78762420,74229427,78305812,74126014,1854718,578444,1838611,575046,156123362,155574336
2024-05-21,DII,32,133,73749,65651,0,2291,0,180,3969,0,5506,0,80041,71470
2024-05-21,FII,80366,45876,360352,337641,13971601,13453572,14183179,13665675,493646,246198,486425,241240,28605735,28960036
2024-05-21,Pro,135742,141656,643251,672035,128419280,127417307,128664310,127310728,2727909,1278829,2749700,1287185,260622318,260825614
2024-05-21,TOTAL,388357,388357,1603488,1603488,221153301,215102597,221153301,215102597,5080242,2103471,5080242,2103471,445431456,445431456
2024-05-22,Client,219159,228359,545301,527992,120775008,109033446,120790130,109015213,1908719,598023,1890675,610782,233079656,233063151
2024-05-22,DII,4205,0,100969,78747,0,418,0,418,1530,0,4635,0,107122,83800
2024-05-22,FII,73091,80872,375951,429944,23657787,25271085,23543653,25305177,535688,276304,536033,271627,50189906,50167306
2024-05-22,Pro,180820,168044,700705,686243,237260675,195450555,237359687,195434696,2928926,1415525,2943520,1407443,437937206,437999633
2024-05-22,TOTAL,477275,477275,1722926,1722926,381693470,329755504,381693470,329755504,5374863,2289852,5374863,2289852,721313890,721313890
2024-05-23,Client,359070,467036,652295,743954,135637943,111948857,135449101,110893666,2315555,773805,2454254,730810,251687525,250738821
2024-05-23,DII,406,3600,150706,113478,1455,11579,480,6535,270,0,4561,0,164416,128654
2024-05-23,FII,209076,87661,610975,478141,25115240,20713930,25499786,21270622,719744,350566,711948,345006,47719531,48393164
2024-05-23,Pro,270608,280863,778396,856799,222847448,208543216,222652719,209046759,3726331,1769911,3591137,1818466,437935910,438246743
2024-05-23,TOTAL,839160,839160,2192372,2192372,383602086,341217582,383602086,341217582,6761900,2894282,6761900,2894282,737507382,737507382
2024-05-24,Client,238769,296680,808911,791289,35173663,27876510,34959551,27827593,2264529,710002,2261307,720587,67072384,66857007
2024-05-24,DII,7044,200,223930,211219,0,1677,0,845,94,0,8247,0,232745,220511
2024-05-24,FII,149394,66901,451940,457115,8007132,6871897,8041571,6921512,511648,261981,508518,252672,16253992,16248289
2024-05-24,Pro,132433,163859,740559,765717,40458078,35434629,40637751,35434763,3213356,1500153,3211555,1498877,81479208,81712522
2024-05-24,TOTAL,527640,527640,2225340,2225340,83638873,70184713,83638873,70184713,5989627,2472136,5989627,2472136,165038329,165038329
2024-05-27,Client,343431,365150,891089,962183,69580047,58256614,69336453,58236790,2065112,714691,2124836,711928,131850984,131737340
2024-05-27,DII,9351,9004,476351,485814,0,20385,0,14830,6375,0,5478,0,512462,515126
2024-05-27,FII,141858,103565,1681016,1549593,13904908,12516438,14020499,12593932,539695,285650,532523,277495,29069565,29077607
2024-05-27,Pro,181212,198133,980343,1031209,114862681,107557159,114990684,107505044,3463435,1652975,3411780,1663893,228697805,228800743
2024-05-27,TOTAL,675852,675852,4028799,4028799,198347636,178350596,198347636,178350596,6074617,2653316,6074617,2653316,390130816,390130816
2024-05-28,Client,224867,222372,760852,787031,79384115,82628582,79076095,82544955,1790062,645652,1776935,658321,165434130,165065709
2024-05-28,DII,88905,83357,612978,617755,0,23272,0,17273,6132,0,7567,0,731287,725952
2024-05-28,FII,130859,104809,1633657,1571560,14157028,16002582,14253899,16133535,369381,205159,375583,201643,32498666,32641029
2024-05-28,Pro,131885,165978,870375,901516,152683834,145777026,152894983,145735699,3091660,1488086,3097150,1478933,304042866,304274259
2024-05-28,TOTAL,576516,576516,3877862,3877862,246224977,244431462,246224977,244431462,5257235,2338897,5257235,2338897,502706949,502706949
2024-05-29,Client,463905,403212,810314,782006,113960728,115139062,113858794,115411445,1294492,528006,1390512,571206,232196507,232417175
2024-05-29,DII,74074,69260,620836,663086,0,37998,280,41253,19566,0,8196,0,752474,782075
2024-05-29,FII,135336,156819,1245630,1246732,24685753,25042997,24614225,24944898,211014,125770,214439,120250,51446500,51297363
2024-05-29,Pro,245677,289701,866473,851429,250500221,195643152,250673403,195465613,2654053,1345636,2565978,1307956,451255212,451154080
2024-05-29,TOTAL,918992,918992,3543253,3543253,389146702,335863209,389146702,335863209,4179125,1999412,4179125,1999412,735650693,735650693
2024-05-30,Client,601926,458710,1100854,1078336,115154080,107600511,114851121,107715725,934067,496037,1003273,498481,225887475,225605646
2024-05-30,DII,33230,29000,728741,711201,0,80590,0,51500,10610,211,13496,0,853382,805197
2024-05-30,FII,92828,224010,837310,955485,20932105,21080585,20980633,21145912,48843,40776,58859,62600,43032447,43427499
2024-05-30,Pro,272892,289156,1272284,1194167,221087851,177174721,221342282,177023270,1720235,1019755,1638127,995698,402547738,402482700
2024-05-30,TOTAL,1000876,1000876,3939189,3939189,357174036,305936407,357174036,305936407,2713755,1556779,2713755,1556779,672321042,672321042
2024-05-31,Client,423085,405355,475425,467683,16618219,13195977,16259984,12849899,881971,321111,775696,302458,31915788,31061075
2024-05-31,DII,1026,2184,97381,144868,600,411,0,3000,362,0,89695,0,99780,239747
2024-05-31,FII,131954,152454,554730,486140,4770008,4258632,5010121,4539389,280206,156863,289811,150445,10152393,10628360
2024-05-31,Pro,243031,239103,677664,706509,18609859,15071107,18728581,15133839,1434056,711905,1441393,736976,36747622,36986401
2024-05-31,TOTAL,799096,799096,1805200,1805200,39998686,32526127,39998686,32526127,2596595,1189879,2596595,1189879,78915583,78915583
2024-06-03,Client,384978,510284,734856,799105,52863582,34353889,52635287,33898254,1563636,527833,1532420,471904,90428774,89847254
2024-06-03,DII,12514,1372,118924,86674,0,0,0,39840,0,0,26376,0,131438,154262
2024-06-03,FII,232895,111472,610957,536114,8226602,7200532,8273574,7347797,414899,233647,422951,236574,16919532,16928482
2024-06-03,Pro,315130,322389,893663,936507,77155936,55840335,77337259,56108865,2372415,1115270,2369203,1168272,137692749,138242495
2024-06-03,TOTAL,945517,945517,2358400,2358400,138246120,97394756,138246120,97394756,4350950,1876750,4350950,1876750,245172493,245172493
2024-06-04,Client,1199791,1055024,1052885,1213850,86445590,89200147,85623547,89394373,1766549,748574,1522013,873397,180413536,179682204
2024-06-04,DII,14228,12800,177405,109897,0,37368,1775,32470,0,739,39356,0,229740,196298
2024-06-04,FII,325511,483946,1082813,1061151,15780605,16023276,15804608,15863784,647684,404585,649874,420601,34264474,34283964
2024-06-04,Pro,1021065,1008825,1819741,1747946,174196280,156678296,174992545,156648460,3387770,2214053,3590760,2073953,339317205,340062489
2024-06-04,TOTAL,2560595,2560595,4132844,4132844,276422475,261939087,276422475,261939087,5802003,3367951,5802003,3367951,554224955,554224955
2024-06-05,Client,615846,702443,827146,844290,159134523,108418644,159885903,108370883,1881337,622506,1838773,573697,271500002,272215989
2024-06-05,DII,2418,3539,115787,111367,0,36430,0,252,1181,0,8541,433,155816,124132
2024-06-05,FII,264443,220671,773864,748364,35356107,26850555,34857740,26524086,578657,307067,589757,308189,64130693,63248807
2024-06-05,Pro,576383,532437,1100744,1113520,295271506,240294516,295018493,240704924,3254046,1571870,3278150,1619124,542069065,542266648
2024-06-05,TOTAL,1459090,1459090,2817541,2817541,489762136,375600145,489762136,375600145,5715221,2501443,5715221,2501443,877855576,877855576
2024-06-06,Client,473999,511866,721462,654923,137095275,116341983,137211593,115907828,1739278,532624,1706407,524833,256904621,256517450
2024-06-06,DII,18,897,60394,68465,0,15000,0,0,1095,0,25806,432,76507,95600
2024-06-06,FII,136581,112400,484750,547664,24058552,26958416,24075277,27051156,527379,267354,527280,263964,52433032,52577741
2024-06-06,Pro,329854,315289,852263,847817,252047941,266184321,251914898,266540736,2598436,1178539,2606695,1189288,523191354,523414723
2024-06-06,TOTAL,940452,940452,2118869,2118869,413201768,409499720,413201768,409499720,4866188,1978517,4866188,1978517,832605514,832605514
2024-06-07,Client,422287,508179,593577,669063,37457249,26738664,37632349,26634629,1735070,562251,1796600,513912,67509098,67754732
2024-06-07,DII,14837,15700,104546,45851,6000,7500,6000,0,817,0,16885,0,133700,84436
2024-06-07,FII,151824,57240,451996,389857,8400512,7167314,8380238,7104404,515486,255969,520323,257385,16943101,16709447
2024-06-07,Pro,244419,252248,695430,740778,46134456,39656630,45979630,39831075,2447122,1140103,2364687,1187026,90318160,90355444
2024-06-07,TOTAL,833367,833367,1845549,1845549,91998217,73570108,91998217,73570108,4698495,1958323,4698495,1958323,174904059,174904059
2024-06-10,Client,281420,317238,510980,465992,60709392,53198530,60510988,53112459,1469808,465298,1353091,479172,116635428,116238940
2024-06-10,DII,4710,522,84180,39436,0,0,0,37700,1552,0,28130,0,90442,105788
2024-06-10,FII,107618,58680,335181,411000,11425837,12089509,11430740,12135280,378375,209016,382821,207651,24545536,24626172
2024-06-10,Pro,171104,188412,612618,626531,96383726,88196838,96577227,88199438,1981136,1000626,2066829,988117,188346048,188646554
2024-06-10,TOTAL,564852,564852,1542959,1542959,168518955,153484877,168518955,153484877,3830871,1674940,3830871,1674940,329617454,329617454
2024-06-11,Client,258341,264692,471725,444311,94511873,86591578,94448095,86249166,1447270,457876,1401994,439716,183738663,183247974
2024-06-11,DII,1020,4261,38610,50570,0,4449,0,24449,233,0,40881,0,44312,120161
2024-06-11,FII,55583,37443,258707,279599,16059405,15905992,16135761,16097289,378179,198939,378434,199370,32856805,33127896
2024-06-11,Pro,127851,136399,516151,510713,152576619,147083025,152564041,147214140,2124399,994501,2128772,1012230,303422546,303566295
2024-06-11,TOTAL,442795,442795,1285193,1285193,263147897,249585044,263147897,249585044,3950081,1651316,3950081,1651316,520062326,520062326
2024-06-12,Client,286612,308696,472426,465616,151990478,141231575,151801010,141023167,1407407,456195,1397916,446370,295844693,295442775
2024-06-12,DII,889,19840,53723,43083,0,20146,0,44516,0,0,7391,0,74758,114830
2024-06-12,FII,81883,36157,320529,324479,23797743,25626643,24004527,25812772,358261,200720,363818,197374,50385779,50739127
2024-06-12,Pro,149053,153744,560071,573571,235356026,228225988,235338710,228223897,2127462,1042778,2124005,1055949,467461378,467469876
2024-06-12,TOTAL,518437,518437,1406749,1406749,411144247,395104352,411144247,395104352,3893130,1699693,3893130,1699693,813766608,813766608
2024-06-13,Client,185549,215004,471575,486065,116960628,113871557,116529806,113512210,1620997,503784,1599649,490050,233614090,232832784
2024-06-13,DII,1119,499,62911,38979,0,6340,0,5000,25,0,193,0,70395,44671
2024-06-13,FII,74898,29700,276840,284935,17164367,19783278,17797403,20357934,379276,187163,382086,188103,37865822,39040161
2024-06-13,Pro,88558,104921,556838,558185,161815661,163593175,161613447,163379206,2444401,1142690,2462771,1155484,329641323,329274014
2024-06-13,TOTAL,350124,350124,1368164,1368164,295940656,297254350,295940656,297254350,4444699,1833637,4444699,1833637,601191630,601191630
2024-06-14,Client,212025,216242,482231,460922,40537872,35823573,40716221,35840431,1758745,553971,1737269,554920,79368417,79526005
2024-06-14,DII,0,12938,52893,37396,0,5754,0,13297,1200,0,91,0,59847,63722
2024-06-14,FII,45842,35417,250140,299405,7583508,7647488,7480993,7539108,412514,193433,415296,193244,16132925,15963463
2024-06-14,Pro,107191,100461,566784,554325,64231587,54749530,64155753,54833509,2543097,1192390,2562900,1191630,123390579,123398578
2024-06-14,TOTAL,365058,365058,1352048,1352048,112352967,98226345,112352967,98226345,4715556,1939794,4715556,1939794,218951768,218951768
2024-06-18,Client,197895,207233,490138,480044,88945566,75084786,89177791,74947790,1815179,553095,1766603,550228,167086659,167129689
2024-06-18,DII,92,525,57463,71809,0,11472,0,0,0,0,317,0,69027,72651
2024-06-18,FII,56175,44612,257958,265738,12727078,11727681,12665062,11737651,384373,178077,388739,178665,25331342,25280467
2024-06-18,Pro,107567,109359,598513,586481,130834007,118722432,130663798,118860930,2637571,1208634,2681464,1210913,254108724,254112945
2024-06-18,TOTAL,361729,361729,1404072,1404072,232506651,205546371,232506651,205546371,4837123,1939806,4837123,1939806,446595752,446595752
2024-06-19,Client,423628,482171,715415,713493,183547978,153831896,183492422,154116702,2156334,759667,2115497,796443,341434918,341716728
2024-06-19,DII,32,5360,129994,109247,0,28576,0,26744,5694,0,5084,0,164296,146435
2024-06-19,FII,149041,92130,584235,571714,35571543,28602412,35629359,28632418,534991,289690,540113,282875,65731912,65748609
2024-06-19,Pro,304002,297042,907270,942460,311226346,288704911,311224086,288391931,3332068,1687593,3368393,1657632,606162190,605881544
2024-06-19,TOTAL,876703,876703,2336914,2336914,530345867,471167795,530345867,471167795,6029087,2736950,6029087,2736950,1013493316,1013493316
2024-06-20,Client,248846,272994,581882,559672,140311761,123959840,140174584,123131253,2024179,663250,2016054,654591,267789758,266809148
2024-06-20,DII,34,13220,86814,86599,0,19233,0,3389,4633,41,1986,0,110755,105194
2024-06-20,FII,90011,61605,406006,452218,22621754,21037450,23117571,21700287,509480,250663,504525,243414,44915364,46079620
2024-06-20,Pro,167359,158431,719884,696097,214872954,192293522,214514314,192475116,3189338,1434511,3205065,1450460,412677568,412499483
2024-06-20,TOTAL,506250,506250,1794586,1794586,377806469,337310045,377806469,337310045,5727630,2348465,5727630,2348465,725493445,725493445
2024-06-21,Client,350127,340794,760361,718983,39033962,39934799,38885873,40152334,2332616,759299,2331993,810121,83171164,83240098
2024-06-21,DII,262,479,174732,174017,0,3991,0,5036,1483,0,2765,0,180468,182297
2024-06-21,FII,112428,110902,683996,712563,9092011,10448800,9165705,10456246,596607,301485,593211,289782,21235327,21328409
2024-06-21,Pro,192097,202739,910721,924247,54711893,53934996,54786288,53708970,3843991,1769219,3846728,1730100,115362917,115199072
2024-06-21,TOTAL,654914,654914,2529810,2529810,102837866,104322586,102837866,104322586,6774697,2830003,6774697,2830003,219949876,219949876
2024-06-24,Client,318336,329210,880135,845241,69123550,61236547,69302198,61081954,1717355,664835,1771548,641697,133940758,133971848
2024-06-24,DII,37533,52611,425083,490323,0,42379,0,1041,3953,0,1704,0,508948,545679
2024-06-24,FII,175741,146298,1658857,1620223,13652497,12366630,13587717,12312930,437820,230197,439917,230532,28521742,28337617
2024-06-24,Pro,185258,188749,890365,898653,117975738,104418092,117861870,104667723,3065105,1418638,3011064,1441441,227953196,228069500
2024-06-24,TOTAL,716868,716868,3854440,3854440,200751785,178063648,200751785,178063648,5224233,2313670,5224233,2313670,390924644,390924644
2024-06-25,Client,351268,403616,888924,865632,107707501,88290579,108062192,88322857,2003251,682114,2081930,689028,199923637,200425255
2024-06-25,DII,67640,67053,529967,554323,0,24949,0,949,4114,0,90,0,626670,622415
2024-06-25,FII,148103,108995,1720260,1705084,19945286,16624931,19492282,16245911,372400,173684,371935,165135,38984664,38089342
2024-06-25,Pro,232549,219896,909643,923755,178130367,163825603,178228680,164196345,3422644,1438172,3348454,1439807,347958978,348356937
2024-06-25,TOTAL,799560,799560,4048794,4048794,305783154,268766062,305783154,268766062,5802409,2293970,5802409,2293970,587493949,587493949
2024-06-26,Client,379948,390727,958614,976387,143463692,120827433,143369179,120870266,1821115,632539,1963988,640779,268083341,268211326
2024-06-26,DII,43843,42530,689166,734298,0,10000,0,20000,18173,0,836,0,761182,797664
2024-06-26,FII,181149,137987,1260630,1173267,23733343,22428204,23798938,22513156,264391,112088,255818,110623,47979805,47989789
2024-06-26,Pro,188741,222437,1018620,1043078,232796865,218368974,232825783,218231189,3544913,1514531,3427950,1507756,457432644,457258193
2024-06-26,TOTAL,793681,793681,3927030,3927030,399993900,361634611,399993900,361634611,5648592,2259158,5648592,2259158,774256972,774256972
2024-06-27,Client,518405,556103,1212006,1322798,147762678,138948454,147952923,139286154,1462901,550768,1592806,558825,290455212,291269609
2024-06-27,DII,49952,48636,791021,800850,0,34358,0,10000,23923,0,144,0,899254,859630
2024-06-27,FII,189511,116531,1014162,903778,28643260,27711158,28512274,27487944,82820,42242,95732,50406,57683153,57166665
2024-06-27,Pro,250268,286866,1520325,1510088,231149002,230091401,231089743,230001273,2653845,1250861,2534807,1234640,466915702,466657417
2024-06-27,TOTAL,1008136,1008136,4537514,4537514,407554940,396785371,407554940,396785371,4223489,1843871,4223489,1843871,815953321,815953321
2024-06-28,Client,287033,302636,606543,600366,36307879,34333177,36040291,34462556,1348593,455422,1271482,468744,73338647,73146075
2024-06-28,DII,1795,135,45919,113391,0,7144,0,0,35,0,24425,0,54893,137951
2024-06-28,FII,80083,52307,435875,365675,8890732,9219345,8854836,9193006,342431,162155,349009,158665,19130621,18973498
2024-06-28,Pro,135556,149389,715007,723912,47768393,43681300,48071877,43585404,1977647,974187,2023790,964355,95252090,95518727
2024-06-28,TOTAL,504467,504467,1803344,1803344,92967004,87240966,92967004,87240966,3668706,1591764,3668706,1591764,187776251,187776251
2024-07-01,Client,171774,173569,481009,460249,52924174,46478998,52954202,46099791,1263771,376531,1215863,391661,101696257,101295335
2024-07-01,DII,20,132,31168,62222,0,5000,0,0,0,0,17263,0,36188,79617
2024-07-01,FII,41894,38704,251911,265954,9315102,8746181,9485406,8948409,297328,134243,303054,132708,18786659,19174235
2024-07-01,Pro,98131,99414,560207,535870,75817417,68554894,75617085,68736873,1734445,794252,1759364,780657,147559346,147529263
2024-07-01,TOTAL,311819,311819,1324295,1324295,138056693,123785073,138056693,123785073,3295544,1305026,3295544,1305026,268078450,268078450
2024-07-02,Client,250409,248716,574936,524481,94141813,93426501,94004702,93403788,1394510,463196,1309469,497532,190251365,189988688
2024-07-02,DII,307,0,43146,46664,0,108,0,48,0,0,20388,0,43561,67100
2024-07-02,FII,53206,56326,373795,439650,14946484,17116651,15098959,17299181,369190,180373,380514,182133,33039699,33456763
2024-07-02,Pro,134354,133234,682530,663612,162200735,146014505,162185371,145854748,2014674,1015575,2068003,979479,312062373,311884447
2024-07-02,TOTAL,438276,438276,1674407,1674407,271289032,256557765,271289032,256557765,3778374,1659144,3778374,1659144,535396998,535396998
2024-07-03,Client,268404,294444,487180,519644,136000721,118184215,136169068,117951158,1306451,446092,1281746,428812,256693063,256644872
2024-07-03,DII,1444,12000,58699,63668,0,754,0,108,0,0,50208,0,60897,125984
2024-07-03,FII,98135,66293,430492,377159,21191627,18812948,21184604,18773423,306717,148379,313990,149228,40988298,40864697
2024-07-03,Pro,162617,157863,592843,608743,208626735,193146345,208465411,193419573,1855353,837170,1822577,853601,405221063,405327768
2024-07-03,TOTAL,530600,530600,1569214,1569214,365819083,330144262,365819083,330144262,3468521,1431641,3468521,1431641,702963321,702963321
2024-07-04,Client,198983,210068,526878,517771,128621237,119754423,128636852,119767028,1458201,468978,1406157,471186,251028700,251009062
2024-07-04,DII,1325,0,48920,47780,0,10096,0,96,1600,0,26175,0,61941,74051
2024-07-04,FII,53478,40116,308968,327982,17876999,18678393,18042037,18783297,332340,150954,336098,147556,37401132,37677086
2024-07-04,Pro,115007,118609,578338,569571,159098239,173364303,158917586,173256794,1940662,911839,1964373,913029,336008388,335739962
2024-07-04,TOTAL,368793,368793,1463104,1463104,305596475,311807215,305596475,311807215,3732803,1531771,3732803,1531771,624500161,624500161
2024-07-05,Client,282670,267125,525381,523927,34363897,32333671,34752077,32822170,1467664,544401,1443478,539196,69517684,70347973
2024-07-05,DII,112,1000,51226,65430,0,21209,0,10106,0,0,18019,0,72547,94555
2024-07-05,FII,36030,43853,320214,320296,8352340,7872420,8133134,7554552,342976,182706,342957,185206,17106686,16579998
2024-07-05,Pro,139791,146625,577990,565158,50069719,44026424,49900745,43866896,2008788,990162,2014974,992867,97812874,97487265
2024-07-05,TOTAL,458603,458603,1474811,1474811,92785956,84253724,92785956,84253724,3819428,1717269,3819428,1717269,184509791,184509791
2024-07-08,Client,165816,154074,521757,481854,57652169,52382300,57336150,52312964,1489612,498213,1403153,506173,112709867,112194368
2024-07-08,DII,0,1593,50804,46402,0,31586,0,12,0,0,12456,0,82390,60463
2024-07-08,FII,35650,42973,309594,355958,10210398,10008091,10176586,10057661,365209,184873,366893,177050,21113815,21177121
2024-07-08,Pro,101439,104265,627725,625666,98732629,85467389,99082460,85518729,2024178,981960,2096497,981823,187935320,188409440
2024-07-08,TOTAL,302905,302905,1509880,1509880,166595196,147889366,166595196,147889366,3878999,1665046,3878999,1665046,321841392,321841392
2024-07-09,Client,145111,149641,444761,456984,78401721,70092788,78398457,69928633,1742079,553449,1753026,531934,151379909,151218675
2024-07-09,DII,1250,12665,53477,50087,0,57711,0,0,0,0,12565,0,112438,75317
2024-07-09,FII,45213,36281,289287,269729,12883478,11719089,13139094,11886636,433875,186319,427309,190273,25557261,25949322
2024-07-09,Pro,85207,78194,552514,563239,116037288,113195225,115784936,113249544,2341296,1045377,2324350,1062938,233256907,233063201
2024-07-09,TOTAL,276781,276781,1340039,1340039,207322487,195064813,207322487,195064813,4517250,1785145,4517250,1785145,410306515,410306515
2024-07-10,Client,311336,265903,581746,580974,131598778,119971262,131595591,120321769,1943907,720366,1851739,763822,255127395,255379798
2024-07-10,DII,3635,3200,59434,51207,0,120418,0,61907,0,0,14644,0,183487,130958
2024-07-10,FII,56230,103967,402059,423287,21024346,21084697,20930116,20971057,516855,273433,521223,276458,43357620,43226108
2024-07-10,Pro,165870,164001,772691,760462,229383311,192935717,229480728,192757361,2790940,1428958,2864096,1382477,427477487,427409125
2024-07-10,TOTAL,537071,537071,1815930,1815930,382006435,334112094,382006435,334112094,5251702,2422757,5251702,2422757,726145989,726145989
2024-07-11,Client,257076,237483,476013,426299,126832875,111146503,126823631,110578177,1519913,528447,1494190,514475,240760827,240074255
2024-07-11,DII,28,351,54176,66760,0,237,0,148,2070,0,15287,0,56511,82546
2024-07-11,FII,48915,80629,336087,401129,17660774,17213942,18177529,17716043,396797,208378,399196,207002,35864893,36981528
2024-07-11,Pro,158486,146042,590900,562988,197159592,178748687,196652081,178815001,2103079,1018013,2113186,1033361,379778757,379322659
2024-07-11,TOTAL,464505,464505,1457176,1457176,341653241,307109369,341653241,307109369,4021859,1754838,4021859,1754838,656460988,656460988
2024-07-12,Client,283966,290049,506058,581151,37906480,32552442,37896327,32528651,1999332,712349,2025253,679401,73960627,74000832
2024-07-12,DII,76,4300,74795,52429,0,505,0,1200,0,0,9100,0,75376,67029
2024-07-12,FII,66717,45954,444852,349920,8249174,7794743,8355783,7785926,531044,245613,534298,242548,17332143,17314429
2024-07-12,Pro,150509,160965,729357,771562,52089422,47281085,51992966,47312998,2913335,1361513,2875060,1397526,104525221,104511077
2024-07-12,TOTAL,501268,501268,1755062,1755062,98245076,87628775,98245076,87628775,5443711,2319475,5443711,2319475,195893367,195893367
2024-07-15,Client,166706,179158,462660,494457,54426375,49492457,54646799,49370763,1765788,590553,1774219,568319,106904539,107033715
2024-07-15,DII,5747,0,61767,56459,0,931,0,0,30,0,7808,0,68475,64267
2024-07-15,FII,49393,28820,407128,347611,10642405,10270231,10516754,10203879,452187,213342,449996,211965,22034686,21759025
2024-07-15,Pro,103980,117848,647712,680740,91872086,84599092,91777313,84788069,2532567,1165383,2518549,1188994,180920820,181071513
2024-07-15,TOTAL,325826,325826,1579267,1579267,156940866,144362711,156940866,144362711,4750572,1969278,4750572,1969278,309928520,309928520
2024-07-16,Client,147818,138203,513163,475233,107128615,98425109,107049709,98817734,1762127,559838,1731728,585340,208536670,208797947
2024-07-16,DII,0,4803,67759,74580,0,633,0,236,0,0,13075,0,68392,92694
2024-07-16,FII,31702,32187,297750,336295,17920875,18600519,18061560,18661990,438762,209471,438172,206015,37499079,37736219
2024-07-16,Pro,78325,82652,649229,641793,196555068,188194792,196493289,187741093,2495514,1217604,2513428,1195558,389190532,388667813
2024-07-16,TOTAL,257845,257845,1527901,1527901,321604558,305221053,321604558,305221053,4696403,1986913,4696403,1986913,635294673,635294673
2024-07-18,Client,330753,368233,646580,704641,135930966,133529352,136100912,133534877,2106010,902400,2135304,849490,273446061,273693457
2024-07-18,DII,14,2187,147045,128247,0,9340,0,18148,0,0,12566,0,156399,161148
2024-07-18,FII,125797,83053,604836,502080,25555566,23878757,25155863,23616614,571232,286523,575448,302185,51022711,50235243
2024-07-18,Pro,217678,220769,874890,938383,247785955,239676998,248015712,239924808,3431071,1794557,3384995,1831805,493781149,494316472
2024-07-18,TOTAL,674242,674242,2273351,2273351,409272487,397094447,409272487,397094447,6108313,2983480,6108313,2983480,818406320,818406320
2024-07-19,Client,339872,297522,663888,706878,21006606,23071177,20642362,23410160,1983761,906615,1898458,953803,47971919,47909183
2024-07-19,DII,1172,1405,171272,132030,0,8781,0,49744,1508,0,8527,0,182733,191706
2024-07-19,FII,64249,96316,566424,550817,5483241,6747952,5478357,6540417,537314,325281,550563,318645,13724461,13535115
2024-07-19,Pro,195510,205560,893519,905378,28265623,31746377,28634751,31573966,3456754,1959353,3521789,1918801,66517136,66760245
2024-07-19,TOTAL,600803,600803,2295103,2295103,54755470,61574287,54755470,61574287,5979337,3191249,5979337,3191249,128396249,128396249
2024-07-22,Client,253300,234098,870912,902654,54157334,46293966,54079005,46142278,1701802,843137,1743950,804575,104120451,103906560
2024-07-22,DII,21319,7091,444790,469565,0,65786,0,454,2679,2173,2381,0,536747,479491
2024-07-22,FII,70865,90961,1788006,1699559,11172534,10673133,11056445,10615522,462801,271939,462032,270359,24439278,24194878
2024-07-22,Pro,157421,170755,978606,1010536,102193817,111294449,102388235,111569080,3226919,1745607,3185838,1787922,219596819,220112366
2024-07-22,TOTAL,502905,502905,4082314,4082314,167523685,168327334,167523685,168327334,5394201,2862856,5394201,2862856,348693295,348693295
2024-07-23,Client,613558,540773,1198740,1157006,95447373,83462931,95106479,83421164,2677801,1092172,2650705,1113205,184492575,183989332
2024-07-23,DII,11055,21329,632977,626209,100,27556,100,53506,5799,0,4826,0,677487,705970
2024-07-23,FII,136212,190983,1746992,1826106,21149198,22195000,21239435,22159206,648509,397446,632964,383657,46273357,46432351
2024-07-23,Pro,448130,455870,1543649,1513037,215331859,189865439,215582516,189917050,5182252,2611199,5225866,2603955,414982528,415298294
2024-07-23,TOTAL,1208955,1208955,5122358,5122358,331928530,295550926,331928530,295550926,8514361,4100817,8514361,4100817,646425947,646425947
2024-07-24,Client,475276,410210,1183530,1139288,135324954,121992881,135838786,122497802,1762433,767930,1909818,772774,261507004,262568678
2024-07-24,DII,99103,97260,834806,828749,120,37851,0,35984,3683,0,38,0,975563,962031
2024-07-24,FII,188844,231902,1495132,1544142,32573333,36602316,32045001,36195076,273246,166872,271968,164476,71299743,70452565
2024-07-24,Pro,312699,336550,1249760,1251049,334986360,274820647,335000980,274724833,4207766,2011734,4065304,2009286,617588966,617388002
2024-07-24,TOTAL,1075922,1075922,4763228,4763228,502884767,433453695,502884767,433453695,6247128,2946536,6247128,2946536,951371276,951371276
2024-07-25,Client,485964,460258,1260936,1259045,118774480,102523882,118983528,102196863,1310107,648904,1432522,638098,225004273,224970314
2024-07-25,DII,92063,96043,772896,766152,0,192995,120,175400,22004,0,2423,1841,1079958,1041979
2024-07-25,FII,182168,220645,816952,844118,22648237,21379897,22892134,21472604,84757,53975,103675,75202,45165986,45608378
2024-07-25,Pro,273615,256864,1461514,1442983,235417931,210183319,234964866,210435226,2528849,1394896,2407097,1382634,451260124,450889670
2024-07-25,TOTAL,1033810,1033810,4312298,4312298,376840648,334280093,376840648,334280093,3945717,2097775,3945717,2097775,722510341,722510341
2024-07-26,Client,352427,414086,638703,669036,42624461,30276964,43014496,30182290,1352390,557984,1397924,526643,75802929,76204475
2024-07-26,DII,419,1200,68758,89742,0,11588,0,1193,116,15,16010,0,80896,108145
2024-07-26,FII,136001,66227,504562,415352,10551752,8469833,10434316,8327495,328728,180655,336566,181931,20171531,19761887
2024-07-26,Pro,221061,228395,769712,807605,56469645,47387645,56197046,47635052,2189970,1152800,2120704,1182880,108190833,108171682
2024-07-26,TOTAL,709908,709908,1981735,1981735,109645858,86146030,109645858,86146030,3871204,1891454,3871204,1891454,204246189,204246189
2024-07-29,Client,393317,383581,659551,633678,88486585,72466970,87915256,72356761,1418476,521014,1356950,528214,163945913,163174440
2024-07-29,DII,2785,2576,77132,81343,0,20525,0,525,0,10,11660,15,100452,96119
2024-07-29,FII,113999,92696,422070,436822,17543563,17002231,17672013,17084449,346377,183690,352879,191664,35611930,35830523
2024-07-29,Pro,246532,277780,783704,790614,153565379,149000492,154008258,149048483,2046112,1092597,2089476,1077418,306734816,307292029
2024-07-29,TOTAL,756633,756633,1942457,1942457,259595527,238490218,259595527,238490218,3810965,1797311,3810965,1797311,506393111,506393111
2024-07-30,Client,254697,259446,545102,537191,134613051,120257993,135030829,120316326,1319824,479904,1296428,486400,257470571,257926620
2024-07-30,DII,4939,4911,69735,68871,0,349,0,5349,29,0,13535,10,75052,92676
2024-07-30,FII,63473,58396,346375,368276,26822414,22982471,26272766,22538671,357830,170801,360155,168085,50743364,49766349
2024-07-30,Pro,166564,166920,645202,632076,249087943,242461370,249219813,242841837,1846224,953631,1853789,949841,495160934,495664276
2024-07-30,TOTAL,489673,489673,1606414,1606414,410523408,385702183,410523408,385702183,3523907,1604336,3523907,1604336,803449921,803449921
2024-07-31,Client,222626,219519,509865,501024,130790017,114746563,131097277,114656770,1344725,464758,1302970,465192,248078554,248242752
2024-07-31,DII,250,2765,62803,60968,0,712,0,712,38,0,8835,0,63803,73280
2024-07-31,FII,38527,53190,386009,395414,25166401,25116981,24885699,24814657,317314,156477,330189,161084,51181709,50640233
2024-07-31,Pro,141432,127361,631543,632814,236956610,207783059,236930052,208175176,1916587,955130,1936670,950089,448384361,448752162
2024-07-31,TOTAL,402835,402835,1590220,1590220,392913028,347647315,392913028,347647315,3578664,1576365,3578664,1576365,747708427,747708427
2024-08-01,Client,205667,224382,580594,607423,121113546,122150713,120791971,121958434,1725186,655867,1592535,661735,246431573,245836480
2024-08-01,DII,278,55,70292,38777,0,30448,0,888,0,0,52656,0,101018,92376
2024-08-01,FII,63447,41388,447105,424942,16751055,18583238,17083165,18957627,442648,218157,457913,219492,36505650,37184527
2024-08-01,Pro,122565,126132,730345,757194,182726245,205202847,182715710,205050297,2428299,1237386,2493029,1230183,392447687,392372545
2024-08-01,TOTAL,391957,391957,1828336,1828336,320590846,345967246,320590846,345967246,4596133,2111410,4596133,2111410,675485928,675485928
2024-08-02,Client,318282,280881,560817,536656,35076188,32764171,35140405,33188745,1459424,697691,1297246,767489,70876573,71211422
2024-08-02,DII,1076,9943,76056,40166,0,50229,0,20709,73,0,44972,0,127434,115790
2024-08-02,FII,60881,82051,405763,511402,8966057,8583399,8771309,8252463,384570,237570,400569,241421,18638240,18259215
2024-08-02,Pro,174519,181883,744627,699039,52160901,45100814,52291432,45036696,2163800,1322425,2265080,1248776,101667086,101722906
2024-08-02,TOTAL,554758,554758,1787263,1787263,96203146,86498613,96203146,86498613,4007867,2257686,4007867,2257686,191309333,191309333
2024-08-05,Client,582698,556309,616904,645110,70887528,79292635,70159746,79017307,1552691,970610,1395290,1040183,153903066,152813945
2024-08-05,DII,5539,6072,69637,105845,0,44699,0,20400,53,0,34391,0,119928,166708
2024-08-05,FII,128919,163843,490211,478270,15097602,16630953,15284157,16738833,491298,401747,509834,404088,33240730,33579025
2024-08-05,Pro,381262,372194,1004407,951934,143138436,132256780,143679663,132448527,2693096,1921034,2797623,1849120,281395015,282099061
2024-08-05,TOTAL,1098418,1098418,2181159,2181159,229123566,228225067,229123566,228225067,4737138,3293391,4737138,3293391,468658739,468658739
2024-08-06,Client,380039,351846,496466,484233,116468474,119248629,116434029,119444741,1298432,660082,1225473,658002,238552122,238598324
2024-08-06,DII,13082,2000,44816,50738,0,2696,0,0,0,0,14113,0,60594,66851
2024-08-06,FII,59729,91195,394183,413432,22170976,27608946,21883200,27152392,406573,253491,424081,262133,50893898,50226433
2024-08-06,Pro,238808,246617,721288,708350,244854941,247540014,245177162,247803152,2213643,1258765,2254981,1252203,496827459,497442465
2024-08-06,TOTAL,691658,691658,1656753,1656753,383494391,394400285,383494391,394400285,3918648,2172338,3918648,2172338,786334073,786334073
2024-08-07,Client,328918,324987,490172,470249,127879052,117172708,128340179,117096003,1190172,588922,1199742,535712,247649944,247966872
2024-08-07,DII,98,400,32075,70175,0,17398,0,0,41,0,10241,0,49612,80816
2024-08-07,FII,51701,66439,415994,387932,25977356,25368610,25822674,25286592,346387,195074,353999,202350,52355122,52119986
2024-08-07,Pro,205764,194655,654295,664180,284524848,247013519,284218403,247189640,1953833,998462,1926451,1044396,535350721,535237725
2024-08-07,TOTAL,586481,586481,1592536,1592536,438381256,389572235,438381256,389572235,3490433,1782458,3490433,1782458,835405399,835405399
2024-08-08,Client,329433,288002,483237,428463,121911747,110366615,122323028,110832245,1306902,570987,1199903,590200,234968921,235661841
2024-08-08,DII,0,50,64274,23114,0,3723,0,28500,0,0,3970,0,67997,55634
2024-08-08,FII,43333,92421,362910,501781,27555401,30434561,27129928,29853192,352943,208592,371306,213465,58957740,58162093
2024-08-08,Pro,212166,204459,673612,630675,254343958,253152360,254358150,253243322,2021094,1119222,2105760,1095136,511522412,511637502
2024-08-08,TOTAL,584932,584932,1584033,1584033,403811106,393957259,403811106,393957259,3680939,1898801,3680939,1898801,805517070,805517070
2024-08-09,Client,238488,251098,454877,460658,32124131,27668427,32228656,27619873,1379988,609846,1398799,568968,62475757,62528052
2024-08-09,DII,0,1352,41384,62099,0,13528,0,0,0,0,6523,0,54912,69974
2024-08-09,FII,53768,46384,330596,285943,6497545,6565291,6477801,6588174,353614,192243,361041,203684,13993057,13963027
2024-08-09,Pro,135362,128784,574081,592238,40184790,38364108,40100009,38403307,2204347,1126182,2171586,1155619,82588870,82551543
2024-08-09,TOTAL,427618,427618,1400938,1400938,78806466,72611354,78806466,72611354,3937949,1928271,3937949,1928271,159112596,159112596
2024-08-12,Client,284498,266722,452479,438579,77483515,68689717,77510226,68548381,1370408,704256,1336522,685637,148984873,148786067
2024-08-12,DII,91,50,43260,63166,0,0,0,10700,63,0,7659,0,43414,81575
2024-08-12,FII,42062,49284,334508,327794,17714377,14311966,17693681,14361690,365462,226861,374033,229467,32995236,33035949
2024-08-12,Pro,167656,178251,619906,620614,139363139,119369274,139357124,119450186,2209857,1308553,2227576,1324566,263038385,263158317
2024-08-12,TOTAL,494307,494307,1450153,1450153,234561031,202370957,234561031,202370957,3945790,2239670,3945790,2239670,445061908,445061908
2024-08-13,Client,279766,248545,446218,435102,119793077,125454585,119074767,125817042,1472306,621177,1354432,658373,248067129,247588261
2024-08-13,DII,429,2540,71358,58007,0,0,0,27500,146,0,9733,0,71933,97780
2024-08-13,FII,41999,78290,338229,409781,21862352,27150456,21825887,27010216,347867,202673,363464,206002,49943576,49893640
2024-08-13,Pro,167294,160113,623460,576375,245900390,257830541,246655165,257580824,2108565,1151284,2201255,1110759,507781534,508284491
2024-08-13,TOTAL,489488,489488,1479265,1479265,387555819,410435582,387555819,410435582,3928884,1975134,3928884,1975134,805864172,805864172
2024-08-14,Client,176660,174242,381734,384874,122729418,112837678,123220621,112758842,1414572,720558,1377298,711452,238260620,238627329
2024-08-14,DII,206,988,55869,44535,0,0,0,21224,726,0,9943,0,56801,76690
2024-08-14,FII,36749,46060,301070,319752,28538866,25268551,28679003,25444358,357965,230143,372196,233716,54733344,55095085
2024-08-14,Pro,116270,108595,537305,526817,284956062,251642914,284324722,251524719,2275823,1223321,2289649,1228854,540751695,540003356
2024-08-14,TOTAL,329885,329885,1275978,1275978,436224346,389749143,436224346,389749143,4049086,2174022,4049086,2174022,833802460,833802460
2024-08-16,Client,389611,420711,450464,478369,43751017,36686140,44134211,36276610,1626375,771395,1760961,675800,83675002,83746662
2024-08-16,DII,518,0,41784,64745,0,925,0,925,30,0,6669,0,43257,72339
2024-08-16,FII,78924,44118,379153,268350,10130993,9438889,10113740,9554477,397994,221054,399358,231880,20647007,20611923
2024-08-16,Pro,229296,233520,536330,596267,57914396,54266059,57548455,54560001,2622921,1275905,2480332,1360674,116844907,116779249
2024-08-16,TOTAL,698349,698349,1407731,1407731,111796406,100392013,111796406,100392013,4647320,2268354,4647320,2268354,221210173,221210173
2024-08-19,Client,185652,173161,395980,376648,70310146,66079606,69941829,66234680,1501127,622255,1444937,601093,139094766,138772348
2024-08-19,DII,12482,64,54620,55469,0,0,0,2500,76,0,3188,0,67178,61221
2024-08-19,FII,29918,34527,266629,264282,15979370,15850668,15968407,15759201,340626,192341,345628,199549,32659552,32571594
2024-08-19,Pro,107105,127405,486900,507730,132674164,130749618,133053444,130683511,2190660,1122010,2238736,1135964,267330457,267746790
2024-08-19,TOTAL,335157,335157,1204129,1204129,218963680,212679892,218963680,212679892,4032489,1936606,4032489,1936606,439151953,439151953
2024-08-20,Client,202473,237637,426994,443914,130021017,112618534,130094625,112524655,1694280,666146,1730841,650823,245629444,245682495
2024-08-20,DII,5232,0,61304,70693,0,1682,0,1682,510,0,4622,0,68728,76997
2024-08-20,FII,55782,29198,338005,304174,23277117,20543480,23309169,20660449,395458,207749,378004,204521,44817591,44885515
2024-08-20,Pro,129059,125711,540369,547891,205932855,227725666,205827195,227702576,2547001,1270050,2523782,1288601,438145000,438015756
2024-08-20,TOTAL,392546,392546,1366672,1366672,359230989,360889362,359230989,360889362,4637249,2143945,4637249,2143945,728660763,728660763
2024-08-21,Client,226037,220944,409820,386394,143458613,129216326,143537399,129152134,1654520,620873,1670767,617872,275586189,275585510
2024-08-21,DII,0,403,62732,92510,0,3717,0,1217,2510,0,4024,0,68959,98154
2024-08-21,FII,46882,55348,279436,276407,32101522,31609695,31860115,31585251,367951,194887,350202,187008,64600373,64314331
2024-08-21,Pro,144448,140672,500613,497290,308346461,272956934,308509082,273048070,2377311,1148406,2377299,1159286,585474173,585731699
2024-08-21,TOTAL,417367,417367,1252601,1252601,483906596,433786672,483906596,433786672,4402292,1964166,4402292,1964166,925729694,925729694
2024-08-22,Client,186454,190308,521864,500612,110148005,94609385,110455317,94263565,1931267,689834,1904872,694245,208086809,208008919
2024-08-22,DII,1000,1082,134475,149141,0,1016,0,1016,899,0,9433,0,137390,160672
2024-08-22,FII,55542,48441,356523,383067,19470152,18937612,19609329,19183150,393017,195326,394402,186880,39408172,39805269
2024-08-22,Pro,107573,110738,585772,565814,183963464,181200486,183516975,181300768,2805575,1333795,2822051,1337830,369996665,369654176
2024-08-22,TOTAL,350569,350569,1598634,1598634,313581621,294748499,313581621,294748499,5130758,2218955,5130758,2218955,617629036,617629036
2024-08-23,Client,173224,175909,522436,509749,26442298,25249264,26419312,25409994,2004455,810471,2056694,815873,55202148,55387531
2024-08-23,DII,0,84,149886,163709,0,192404,0,99633,1075,0,8,0,343365,263434
2024-08-23,FII,74754,74006,433171,409201,6826611,7065574,6906303,7103839,423799,209417,428392,205901,15033326,15127642
2024-08-23,Pro,96656,94635,570633,593467,36861799,35105242,36805093,34999018,3119633,1525092,3063868,1523206,77279055,77079287
2024-08-23,TOTAL,344634,344634,1676126,1676126,70130708,67612484,70130708,67612484,5548962,2544980,5548962,2544980,147857894,147857894
2024-08-26,Client,245041,264125,754763,772142,68419252,57622894,68665389,57504708,2038202,847210,2138116,815212,129927362,130159692
2024-08-26,DII,36302,35289,500222,512905,0,14384,0,13884,10833,0,707,0,561741,562785
2024-08-26,FII,158244,113786,1812963,1766578,14706986,13469675,14712044,13401033,392781,188918,377690,181293,30729567,30552424
2024-08-26,Pro,141364,167751,751206,767529,112249722,96588759,111998527,96776087,3102102,1498476,3027405,1538099,214331629,214275398
2024-08-26,TOTAL,580951,580951,3819154,3819154,195375960,167695712,195375960,167695712,5543918,2534604,5543918,2534604,375550299,375550299
2024-08-28,Client,302673,327356,927500,887392,124159093,107371982,124158608,107381989,1917606,693963,2012687,729066,235372817,235497098
2024-08-28,DII,60101,55799,782381,774912,0,30264,0,47000,13356,0,156,0,886102,877867
2024-08-28,FII,178847,144992,1144755,1185257,25046893,21766385,25183722,21823228,235553,102631,226872,85255,48475064,48649326
2024-08-28,Pro,169618,183092,899088,906163,244288816,212239941,244152472,212156355,3512874,1566961,3439674,1549234,462677298,462386990
2024-08-28,TOTAL,711239,711239,3753724,3753724,393494802,341408572,393494802,341408572,5679389,2363555,5679389,2363555,747411281,747411281
2024-08-29,Client,415169,446342,1180907,1220508,129048997,117142492,130043355,117853930,1718035,708025,1836412,715367,250213625,252115914
2024-08-29,DII,58574,58363,793864,793568,0,118272,0,120960,17121,0,2154,0,987831,975045
2024-08-29,FII,186764,133949,810382,791496,29921099,32132465,29027727,31082207,130549,71720,147389,90817,63252979,61273585
2024-08-29,Pro,229118,250971,1347791,1327372,255154396,274906035,255053410,275242167,3056974,1482609,2936724,1456170,536176923,536266814
2024-08-29,TOTAL,889625,889625,4132944,4132944,414124492,424299264,414124492,424299264,4922679,2262354,4922679,2262354,850631358,850631358
2024-08-30,Client,170322,193642,483273,476534,30112141,25623206,30241016,25512256,1384384,508265,1360154,498771,58281591,58282373
2024-08-30,DII,6540,1163,89190,125244,0,20495,0,336,14,0,18383,0,116239,145126
2024-08-30,FII,85975,52648,539056,485175,7771423,7523176,7588627,7470659,312637,167138,310995,168910,16399405,16077014
2024-08-30,Pro,102477,117861,629805,654371,40439475,37557697,40493396,37741323,2082996,1010481,2090499,1018203,81822931,82115653
2024-08-30,TOTAL,365314,365314,1741324,1741324,78323039,70724574,78323039,70724574,3780031,1685884,3780031,1685884,156620166,156620166
2024-09-02,Client,178958,174566,386593,423838,61023450,58924397,60650973,59004474,1417029,509157,1333446,522200,122439584,122109497
2024-09-02,DII,18507,160,50485,31222,0,76313,0,500,59,180,50054,0,145544,81936
2024-09-02,FII,45856,56043,344282,310679,12857899,13581239,13027952,13600004,312752,163198,312299,166511,27305226,27473488
2024-09-02,Pro,98880,111432,519934,535555,99759924,101999485,99962348,101976456,2053812,979797,2087853,963621,205411832,205637265
2024-09-02,TOTAL,342201,342201,1301294,1301294,173641273,174581434,173641273,174581434,3783652,1652332,3783652,1652332,355302186,355302186
2024-09-03,Client,140365,140902,343556,370350,121033516,104934222,121503984,104659565,1226963,473192,1206959,470455,228151814,228352215
2024-09-03,DII,346,16029,51150,58269,0,9175,0,913,98,0,30589,0,60769,105800
2024-09-03,FII,39805,34588,396688,326140,24581486,21847554,24151920,21785669,246815,127376,248042,131485,47239724,46677844
2024-09-03,Pro,97312,86309,439957,476592,227188190,214326910,227147288,214671714,1706211,819047,1694497,817675,444577627,444894075
2024-09-03,TOTAL,277828,277828,1231351,1231351,372803192,341117861,372803192,341117861,3180087,1419615,3180087,1419615,720029934,720029934
2024-09-04,Client,219729,189048,412024,389689,127784259,106642336,127344642,106627691,1268642,507988,1190776,538810,236834978,236280656
2024-09-04,DII,1600,0,58306,55087,0,142500,0,10000,84,0,15109,0,202490,80196
2024-09-04,FII,38601,57341,326546,399356,22809702,18459721,22945222,18694731,249498,139825,266796,148552,42023893,42511998
2024-09-04,Pro,112277,125818,531798,484542,254168319,218109935,254472416,218022070,1718921,883878,1764464,844329,475525128,475713639
2024-09-04,TOTAL,372207,372207,1328674,1328674,404762280,343354492,404762280,343354492,3237145,1531691,3237145,1531691,754586489,754586489
2024-09-05,Client,142298,123008,398489,362940,103489063,94298452,102964279,94550725,1407392,503035,1315619,498179,200238729,199814750
2024-09-05,DII,8,15499,43528,58147,0,43000,0,0,3,480,21812,0,87019,95458
2024-09-05,FII,24182,34562,306349,359025,18475862,18237491,18875442,18769803,260419,131641,281169,144445,37435944,38464446
2024-09-05,Pro,83070,76489,503619,471873,190408243,178087423,190533447,177345838,1866597,889030,1915811,881562,371837982,371225020
2024-09-05,TOTAL,249558,249558,1251985,1251985,312373168,290666366,312373168,290666366,3534411,1524186,3534411,1524186,609599674,609599674
2024-09-06,Client,417744,343724,494525,479759,37100926,40900996,36522957,41040843,1592871,743648,1453558,806512,81250710,80647353
2024-09-06,DII,0,14755,90864,41541,0,1000,0,10000,88,2080,16950,0,94032,83246
2024-09-06,FII,59244,106471,370219,469670,9865715,12004333,9957337,11969487,372976,244072,373010,243957,22916559,23119932
2024-09-06,Pro,220060,232098,694572,659210,61759390,68976830,62245737,68862829,2258298,1334482,2380715,1273813,135243632,135654402
2024-09-06,TOTAL,697048,697048,1650180,1650180,108726031,121883159,108726031,121883159,4224233,2324282,4224233,2324282,239504933,239504933
2024-09-09,Client,209805,223562,358221,332594,69682087,58537996,70135827,58164598,1304542,590875,1244400,560615,130683526,130661596
2024-09-09,DII,15171,5066,39922,39506,0,7774,0,0,95,0,14969,90,62962,59631
2024-09-09,FII,36617,42690,313378,347062,16284391,13572060,16058812,13625895,329198,192716,343647,207455,30728360,30625561
2024-09-09,Pro,153572,143847,516562,508921,125535483,98780013,125307322,99107350,1992919,993530,2023738,1008961,227972079,228100139
2024-09-09,TOTAL,415165,415165,1228083,1228083,211501961,170897843,211501961,170897843,3626754,1777121,3626754,1777121,389446927,389446927
2024-09-10,Client,229276,240410,377429,356065,134599927,114775330,134391032,114666738,1387205,548602,1382127,513969,251917769,251550341
2024-09-10,DII,987,0,53188,29861,0,15000,0,0,0,0,6794,90,69175,36745
2024-09-10,FII,37544,35835,301860,350590,26136661,24696103,26376103,25081337,343074,178930,357621,195605,51694172,52397091
2024-09-10,Pro,142650,134212,478310,474271,261658290,229493687,261627743,229232045,2143969,1008680,2127706,1026548,494925586,494622525
2024-09-10,TOTAL,410457,410457,1210787,1210787,422394878,368980120,422394878,368980120,3874248,1736212,3874248,1736212,798606702,798606702
2024-09-11,Client,215680,214651,373631,380451,135286984,127925141,134908924,127940758,1660816,690014,1554978,704467,266152266,265704229
2024-09-11,DII,43,2391,64564,30062,0,0,0,10000,0,0,9589,0,64607,52042
2024-09-11,FII,24778,31064,321294,366883,28335486,29194829,28678115,29559371,407786,237205,414207,240455,58521378,59290095
2024-09-11,Pro,136827,129222,540923,523016,281911385,267440915,281946816,267050756,2389466,1192332,2479294,1174629,553611848,553303733
2024-09-11,TOTAL,377328,377328,1300412,1300412,445533855,424560885,445533855,424560885,4458068,2119551,4458068,2119551,878350099,878350099
2024-09-12,Client,355772,406096,429626,540886,151752265,122497855,152902528,122407151,1813651,839474,1931528,749294,277688643,278937483
2024-09-12,DII,800,10056,80361,39628,0,11000,0,0,8,0,29677,0,92169,79361
2024-09-12,FII,98988,59639,583117,389292,33974976,30864234,33485137,30469638,484762,256556,493295,280720,66262633,65177721
2024-09-12,Pro,243411,223180,615920,739218,283250167,281108781,282589743,281605081,2959035,1443596,2802956,1509612,569620910,569469790
2024-09-12,TOTAL,698971,698971,1709024,1709024,468977408,434481870,468977408,434481870,5257456,2539626,5257456,2539626,913664355,913664355
2024-09-13,Client,176422,189884,422503,397175,37179753,27065645,36883605,26996149,1879899,694395,1819773,679606,67418617,66966192
2024-09-13,DII,16253,0,43607,39346,0,13750,0,5000,44,0,1086,0,73654,45432
2024-09-13,FII,42695,24191,285879,350366,8624434,7601676,8695575,7591057,429218,225785,442803,230082,17209687,17334074
2024-09-13,Pro,105142,126437,550794,515896,49779731,40302512,50004738,40391377,2629184,1274112,2674683,1284604,94641475,94997735
2024-09-13,TOTAL,340512,340512,1302783,1302783,95583918,74983583,95583918,74983583,4938345,2194292,4938345,2194292,179343433,179343433
2024-09-16,Client,160534,171753,408406,367394,63178736,54768521,62903174,54386327,1663669,613175,1560255,606185,120793041,119995088
2024-09-16,DII,5035,349,53287,60758,0,5000,0,0,145,0,1453,0,63467,62560
2024-09-16,FII,27779,23638,276308,331394,14517651,13881122,14724393,14116886,438652,237363,456959,245830,29378875,29899100
2024-09-16,Pro,99929,97537,532868,511323,113076949,103599163,113145769,103750593,2737913,1355283,2821712,1353806,221402105,221680740
2024-09-16,TOTAL,293277,293277,1270869,1270869,190773336,172253806,190773336,172253806,4840379,2205821,4840379,2205821,371637488,371637488
2024-09-17,Client,114497,136758,341365,335065,100382414,88358936,100335178,88231775,1832795,694130,1765204,690674,191724137,191494654
2024-09-17,DII,2157,36,48381,57757,0,0,0,0,94,0,3739,0,50632,61532
2024-09-17,FII,28052,21252,262121,267602,18601263,17003986,18844298,17319613,398919,197252,417884,209143,36491593,37079792
2024-09-17,Pro,87641,74301,476147,467590,188517514,171896334,188321715,171707868,2583604,1218479,2628585,1210044,364779719,364410103
2024-09-17,TOTAL,232347,232347,1128014,1128014,307501191,277259256,307501191,277259256,4815412,2109861,4815412,2109861,593046081,593046081
2024-09-18,Client,253144,267666,447427,487897,148337257,124588001,148595918,124827295,2092036,901014,2056579,935107,276618879,277170462
2024-09-18,DII,1920,0,83918,73580,0,3047,0,6147,299,74,612,0,89258,80339
2024-09-18,FII,71676,54441,420871,393680,29540615,26725694,29178416,26603247,522763,291813,537772,300394,57573432,57067950
2024-09-18,Pro,157744,162377,634503,631562,297697056,285905856,297800594,285785909,3316670,1729102,3336805,1686502,589440931,589403749
2024-09-18,TOTAL,484484,484484,1586719,1586719,475574928,437222598,475574928,437222598,5931768,2922003,5931768,2922003,923722500,923722500
2024-09-19,Client,315042,305593,670866,689272,130763767,129364612,131055468,129440284,2603230,1244180,2540050,1225372,264961697,265256039
2024-09-19,DII,1500,712,144397,180951,0,30000,0,30000,21,0,18016,0,175918,229679
2024-09-19,FII,65586,79612,609495,562244,29134499,33809915,29169256,33733699,767281,461749,780880,473872,64848525,64799563
2024-09-19,Pro,210598,206809,959682,951973,247819257,277911300,247492799,277911844,4537847,2399064,4569433,2405749,533837748,533538607
2024-09-19,TOTAL,592726,592726,2384440,2384440,407717523,441115827,407717523,441115827,7908379,4104993,7908379,4104993,863823888,863823888
2024-09-20,Client,406384,514559,711698,820917,51616593,40673679,52155336,40533938,2654071,1272576,2853960,1190123,97335001,98068833
2024-09-20,DII,5616,3935,225006,196278,0,42500,0,42500,1180,0,4863,0,274302,247576
2024-09-20,FII,206787,71186,902793,694529,13593871,11789739,13272785,11571584,798758,427498,778203,445552,27719446,26833839
2024-09-20,Pro,319597,348704,974313,1102086,87302274,67881707,87084617,68239603,4986889,2409500,4803872,2473899,163874280,164052781
2024-09-20,TOTAL,938384,938384,2813810,2813810,152512738,120387625,152512738,120387625,8440898,4109574,8440898,4109574,289203029,289203029
2024-09-23,Client,247617,251710,817014,816960,71836361,57566286,71604122,57107237,2399287,1057585,2472127,1001980,133924150,133254136
2024-09-23,DII,94579,90301,482823,474125,0,93323,0,231299,7454,0,236,0,678179,795961
2024-09-23,FII,135781,135038,1726273,1719108,15312887,13354825,15336276,13380876,528576,260922,513609,276040,31319264,31360947
2024-09-23,Pro,177705,178633,828926,844843,124907584,110052975,125116434,110347997,3670474,1806961,3619819,1847448,241444625,241955174
2024-09-23,TOTAL,655682,655682,3855036,3855036,212056832,181067409,212056832,181067409,6605791,3125468,6605791,3125468,407366218,407366218
2024-09-24,Client,258617,245012,894001,881273,114791737,101329159,114399430,101146563,2356554,1061520,2424921,1079960,220691588,220177159
2024-09-24,DII,58715,58768,708694,729933,0,8000,0,111965,4652,0,1590,0,780061,902256
2024-09-24,FII,158604,179979,1623829,1585483,22880785,22079373,23080208,22319355,443853,206858,429694,187178,47393302,47781897
2024-09-24,Pro,140637,132814,872677,902512,225791819,209374895,225984703,209213544,3842305,1964776,3791159,1966016,441987109,441990748
2024-09-24,TOTAL,616573,616573,4099201,4099201,363464341,332791427,363464341,332791427,6647364,3233154,6647364,3233154,710852060,710852060
2024-09-25,Client,276633,250774,908721,866625,117456866,104993206,117693900,104695274,1793010,777161,1876913,832209,226205597,226215695
2024-09-25,DII,44597,45863,688425,690264,0,2981,0,94992,6744,75,185,0,742822,831304
2024-09-25,FII,142159,152670,1292910,1333954,21726710,22463805,22127799,22774851,314258,163571,302584,152440,46103413,46844298
2024-09-25,Pro,164211,178293,933209,932422,234107722,214708191,233469599,214603066,3617575,1845125,3551905,1801283,455376033,454536568
2024-09-25,TOTAL,627600,627600,3823265,3823265,373291298,342168183,373291298,342168183,5731587,2785932,5731587,2785932,728427865,728427865
2024-09-26,Client,379329,385078,1105206,1186515,104333208,94689928,105139837,95139446,1545494,684350,1788173,657963,202737515,204297012
2024-09-26,DII,50228,49904,718396,759901,0,14852,0,57954,14815,0,266,74,798291,868099
2024-09-26,FII,172791,166993,872941,701856,27415657,25145612,26530544,24290711,148180,87252,147817,108008,53842433,51945929
2024-09-26,Pro,214608,214981,1238617,1286888,186965083,200930376,187043567,201292657,2972469,1332975,2744702,1338532,393654128,393921327
2024-09-26,TOTAL,816956,816956,3935160,3935160,318713948,320780768,318713948,320780768,4680958,2104577,4680958,2104577,651032367,651032367
2024-09-27,Client,182137,194674,580588,563913,32977429,32612660,32936927,32932958,1469275,555497,1452156,562040,68377586,68642668
2024-09-27,DII,83,0,80514,161280,0,0,0,0,0,0,17538,0,80597,178818
2024-09-27,FII,72646,47590,496923,446777,8392852,8941546,8061848,8631717,393917,205688,356949,230815,18503572,17775696
2024-09-27,Pro,117471,130073,736720,722775,46154604,44467840,46526110,44457371,2273376,1161700,2309925,1130030,94911711,95276284
2024-09-27,TOTAL,372337,372337,1894745,1894745,87524885,86022046,87524885,86022046,4136568,1922885,4136568,1922885,181873466,181873466
2024-09-30,Client,346930,287651,515883,419429,69198946,78518118,68706324,78530809,1136918,534347,1002903,593424,150251142,149540540
2024-09-30,DII,136,2110,41976,77686,0,0,0,15000,0,0,40074,0,42112,134870
2024-09-30,FII,41341,64485,353778,466464,15252430,17439238,15352652,17629579,259161,185717,266055,173234,33531665,33952469
2024-09-30,Pro,190581,224742,633202,581260,148204134,142741833,148596534,142523801,1641252,1014345,1728299,967751,294425347,294622387
2024-09-30,TOTAL,578988,578988,1544839,1544839,232655510,238699189,232655510,238699189,3037331,1734409,3037331,1734409,478250266,478250266
2024-10-01,Client,203769,187768,420347,384432,144737317,140848249,144774419,140731346,1106616,467516,1018889,465898,287783814,287562752
2024-10-01,DII,66,3849,27827,62977,0,0,0,0,0,0,91695,0,27893,158521
2024-10-01,FII,32115,52405,339856,360952,29170780,26413151,29304359,26507362,234448,150312,256284,153486,56340662,56634848
2024-10-01,Pro,105721,97649,480345,460014,274787293,249187189,274616612,249209881,1553455,807632,1527651,806076,526921635,526717883
2024-10-01,TOTAL,341671,341671,1268375,1268375,448695390,416448589,448695390,416448589,2894519,1425460,2894519,1425460,871074004,871074004
2024-10-03,Client,444539,308473,548937,457239,142360895,158191746,141383176,158027054,1345210,698987,1117156,754854,303590314,302047952
2024-10-03,DII,1383,7796,52245,120546,0,2228,0,15034,400,0,49216,0,56256,192592
2024-10-03,FII,65148,220430,503768,590289,28407502,32596693,28995627,32948068,314412,243923,369847,252724,62131446,63376985
2024-10-03,Pro,228594,202965,688829,625705,236666776,224179752,237056370,223980263,1952893,1223359,2076696,1158691,464940203,465100690
2024-10-03,TOTAL,739664,739664,1793779,1793779,407435173,414970419,407435173,414970419,3612915,2166269,3612915,2166269,830718219,830718219
2024-10-04,Client,444460,372806,521174,498715,48894561,46399026,49211673,46779833,1335735,699059,1216878,732785,98294015,98812690
2024-10-04,DII,1955,12684,48559,83526,0,10931,0,13700,0,0,11327,36,61445,121273
2024-10-04,FII,71846,151714,411763,446774,11878222,12326337,11595847,12020392,359834,292883,437983,301620,25340885,24954330
2024-10-04,Pro,234507,215564,696052,648533,69301228,56681375,69266491,56603744,2152045,1336621,2181426,1294122,130401828,130209880
2024-10-04,TOTAL,752768,752768,1677548,1677548,130074011,115417669,130074011,115417669,3847614,2328563,3847614,2328563,254098173,254098173
2024-10-07,Client,413479,329648,457728,467149,81686193,87668911,81218365,87468333,1214189,660751,1078104,681137,172101251,171242736
2024-10-07,DII,4391,13260,47700,117593,0,0,0,15000,8267,0,26897,39,60358,172789
2024-10-07,FII,83949,201660,507706,446725,16845405,18768907,17030588,18824508,397743,297424,428383,294609,36901134,37226473
2024-10-07,Pro,262496,219747,696039,677706,156294733,141137321,156577378,141267298,2081423,1264246,2168238,1246636,301736258,302157003
2024-10-07,TOTAL,764315,764315,1709173,1709173,254826331,247575139,254826331,247575139,3701622,2222421,3701622,2222421,510799001,510799001
2024-10-08,Client,277415,255728,390481,376206,129954916,108485578,130368751,108078856,1117750,534107,1134079,510510,240760247,240724130
2024-10-08,DII,17283,1232,62010,59950,0,10000,0,0,4430,0,9427,0,93723,70609
2024-10-08,FII,53405,93676,341028,359908,25620918,21618842,25374482,21739596,340131,208414,360208,211556,48182738,48139426
2024-10-08,Pro,154128,151595,528781,526236,227755004,205688814,227587605,205984782,1867231,954102,1825828,974557,436948060,437050603
2024-10-08,TOTAL,502231,502231,1322300,1322300,383330838,335803234,383330838,335803234,3329542,1696623,3329542,1696623,725984768,725984768
2024-10-09,Client,327850,295115,452451,450115,150903949,133058309,150847091,132955323,1368930,537746,1314489,520625,286649235,286382758
2024-10-09,DII,4743,278,65369,37203,0,2000,0,0,0,150,12097,0,72262,49578
2024-10-09,FII,59771,113485,376934,407279,30428657,30561104,30652771,30770825,365910,201921,426367,226416,61994297,62597143
2024-10-09,Pro,188983,172469,566244,566401,291371708,258365247,291204452,258260512,2087552,1013982,2069439,1006758,553593716,553280031
2024-10-09,TOTAL,581347,581347,1460998,1460998,472704314,421986660,472704314,421986660,3822392,1753799,3822392,1753799,902309510,902309510
2024-10-10,Client,190995,178623,380194,343758,122045016,104764679,121906599,104607100,1254102,562831,1165413,550082,229197817,228751575
2024-10-10,DII,413,0,41748,63934,0,0,0,0,531,30,8061,0,42722,71995
2024-10-10,FII,29473,56210,280997,299219,23863683,21456002,23823187,21832232,312347,178729,359560,202816,46121231,46573224
2024-10-10,Pro,109206,95254,450046,446074,213117018,183264860,213295931,183046209,1793157,975850,1827103,964542,399710137,399675113
2024-10-10,TOTAL,330087,330087,1152985,1152985,359025717,309485541,359025717,309485541,3360137,1717440,3360137,1717440,675071907,675071907
2024-10-11,Client,166019,159442,301109,311710,30795783,30412166,30896931,30519149,1133675,537240,1061841,502858,63345992,63451931
2024-10-11,DII,0,512,39742,49467,0,1502,0,1502,0,0,11345,0,41244,62826
2024-10-11,FII,32858,27709,271226,229657,6517687,6783601,6336146,6620339,282798,168068,352205,218280,14056238,13784336
2024-10-11,Pro,80000,91214,373022,394265,40125957,35863498,40206350,35919777,1609327,877113,1600409,861283,78928917,79073298
2024-10-11,TOTAL,278877,278877,985099,985099,77439427,73060767,77439427,73060767,3025800,1582421,3025800,1582421,156372391,156372391
2024-10-14,Client,185992,183989,343158,327629,66996885,54062648,67124523,53797079,1257766,504849,1182091,469081,123351298,123084392
2024-10-14,DII,82,1239,37195,51263,0,261,0,261,2436,0,12314,0,39974,65077
2024-10-14,FII,34040,33930,260176,266627,13291586,11597263,13222834,11747309,325958,174522,350458,197763,25683545,25818921
2024-10-14,Pro,97774,98730,422281,417291,105711239,97811480,105652353,97927003,1758746,881936,1800043,894463,206683456,206789883
2024-10-14,TOTAL,317888,317888,1062810,1062810,185999710,163471652,185999710,163471652,3344906,1561307,3344906,1561307,355758273,355758273
2024-10-15,Client,168935,166024,383165,358800,116012001,110739494,116015834,111059420,1419801,558031,1329085,585339,229281427,229514502
2024-10-15,DII,3,1906,61736,63799,0,0,0,4000,4683,0,11351,0,66422,81056
2024-10-15,FII,24859,32341,280820,313926,19755358,21110566,19445890,20825920,415863,232135,380311,219981,41819601,41218369
2024-10-15,Pro,95534,89060,475906,465102,205038189,206403864,205343824,206364584,2153446,1139871,2273046,1124717,415306810,415660333
2024-10-15,TOTAL,289331,289331,1201627,1201627,340805548,338253924,340805548,338253924,3993793,1930037,3993793,1930037,686474260,686474260
2024-10-16,Client,188602,181472,376040,355635,120487624,115188817,120533099,115444088,1463357,648062,1440221,656168,238352502,238610683
2024-10-16,DII,480,2781,39906,62099,0,119,0,119,400,0,1785,75,40905,66859
2024-10-16,FII,25063,35498,299120,313652,20460388,19923660,20446865,19813098,408697,224530,396138,223356,41341458,41228607
2024-10-16,Pro,93185,87579,478838,462518,220973604,209372447,220941652,209227738,2151335,1123096,2185645,1116089,434192505,434021221
2024-10-16,TOTAL,307330,307330,1193904,1193904,361921616,344485043,361921616,344485043,4023789,1995688,4023789,1995688,713927370,713927370
2024-10-17,Client,230676,217463,443376,451520,113514644,111428108,113257214,111559090,1653637,997626,1557849,1025518,228268067,228068654
2024-10-17,DII,430,252,75845,84064,0,17147,0,1147,5715,0,12741,0,99137,98204
2024-10-17,FII,41110,42826,390737,384599,21546786,21154949,21548287,21260397,482698,334593,458266,324158,43950873,44018533
2024-10-17,Pro,110834,122509,636406,626181,224511528,179040970,224767457,178820540,2564010,1583804,2677204,1566347,408447552,408580238
2024-10-17,TOTAL,383050,383050,1546364,1546364,359572958,311641174,359572958,311641174,4706060,2916023,4706060,2916023,680765629,680765629
2024-10-18,Client,290554,286687,456038,464347,41297186,33315283,41664788,32926418,1764411,927232,1783781,906195,78050704,78032216
2024-10-18,DII,1541,489,45282,75930,0,771,0,771,560,0,2924,75,48154,80189
2024-10-18,FII,54037,46225,416538,373426,9915420,9049749,9810240,9179410,537758,321492,531136,315438,20294994,20255875
2024-10-18,Pro,156317,169048,617103,621258,55564139,46672724,55301717,46931928,2807445,1568288,2792333,1595304,107386016,107411588
2024-10-18,TOTAL,502449,502449,1534961,1534961,106776745,89038527,106776745,89038527,5110174,2817012,5110174,2817012,205779868,205779868
2024-10-21,Client,249531,236282,501878,517412,76381524,75430693,75859442,75572294,1776627,898585,1720616,933697,155238838,154839743
2024-10-21,DII,865,1265,119648,79882,0,500,0,0,2000,4426,3700,0,127439,84847
2024-10-21,FII,42322,48028,423787,451955,16517304,17729244,16658708,17608188,585697,374936,570219,350880,35673290,35687978
2024-10-21,Pro,137051,144194,707282,703346,141275186,138279260,141655864,138259215,3016143,1660134,3085932,1653504,285075056,285502055
2024-10-21,TOTAL,429769,429769,1752595,1752595,234174014,231439697,234174014,231439697,5380467,2938081,5380467,2938081,476114623,476114623
2024-10-22,Client,283548,294389,441166,472562,128434246,134090021,128294328,134282789,1617771,923903,1553298,959199,265790655,265856565
2024-10-22,DII,4973,227,73794,78648,0,96,0,5000,6090,0,10005,0,84953,93880
2024-10-22,FII,54973,58075,362636,356280,24768106,27590099,24763528,27395973,545742,396459,553465,392438,53718015,53519759
2024-10-22,Pro,171730,162533,645702,615808,257595394,253851848,257739890,253848302,2767362,1657520,2820197,1626245,516689556,516812975
2024-10-22,TOTAL,515224,515224,1523298,1523298,410797746,415532064,410797746,415532064,4936965,2977882,4936965,2977882,836283179,836283179
2024-10-23,Client,218226,218125,513134,550266,120998193,119567067,121305457,119324740,1807077,995829,1850537,953149,244099526,244202274
2024-10-23,DII,7401,400,82033,104809,0,24,0,24,2245,2000,3726,2000,93703,110959
2024-10-23,FII,62731,61850,483538,406169,24699558,26278986,24695933,26281241,641579,442334,636963,441609,52608726,52523765
2024-10-23,Pro,144356,152339,735869,753330,242193766,222570542,241890127,222810614,3312359,1810891,3272034,1854296,470767783,470732740
2024-10-23,TOTAL,432714,432714,1814574,1814574,387891517,368416619,387891517,368416619,5763260,3251054,5763260,3251054,767569738,767569738
2024-10-24,Client,201834,190464,489254,496188,102376160,96308227,102574991,96454168,1709477,995844,1712075,982144,202080796,202410030
2024-10-24,DII,1737,1724,107329,122501,0,92,0,72,2779,305,6457,0,112242,130754
2024-10-24,FII,97283,74579,447879,404992,21609093,21201205,21705005,21455305,556223,394068,552762,381303,44305751,44573946
2024-10-24,Pro,111058,145145,621120,641901,186554758,175956785,186260015,175556764,3109398,1731252,3106583,1758022,368084371,367468430
2024-10-24,TOTAL,411912,411912,1665582,1665582,310540011,293466309,310540011,293466309,5377877,3121469,5377877,3121469,614583160,614583160
2024-10-25,Client,357563,342410,672496,715344,36972447,40623462,36849117,40757477,1934088,1230731,1955663,1239632,81790787,81859643
2024-10-25,DII,11453,7366,150919,166293,0,20164,0,18616,12781,0,14696,4000,195317,210971
2024-10-25,FII,119711,101958,655711,594885,9228079,10305262,9245215,10157966,688407,538855,697963,561118,21536025,21359105
2024-10-25,Pro,209261,246254,894852,897456,56466798,53476349,56572992,53491178,3888978,2315591,3855932,2280427,117251829,117344239
2024-10-25,TOTAL,697988,697988,2373978,2373978,102667324,104425237,102667324,104425237,6524254,4085177,6524254,4085177,220773958,220773958
2024-10-28,Client,309231,331000,810493,835470,69006003,59681603,69410423,59601718,1830789,998790,1923153,936257,132636909,133038021
2024-10-28,DII,46527,49556,413698,430293,0,0,0,1925,1032,0,1337,0,461257,483111
2024-10-28,FII,101674,64080,1694085,1643086,13370700,12964083,12992694,12785242,641189,413754,638325,412003,29185485,28535430
2024-10-28,Pro,187099,199895,901033,910460,107331161,98778389,107304747,99035190,3655968,1989009,3566163,2053293,212842659,213069748
2024-10-28,TOTAL,644531,644531,3819309,3819309,189707864,171424075,189707864,171424075,6128978,3401553,6128978,3401553,375126310,375126310
2024-10-29,Client,357685,381156,945891,933464,122833225,110226291,123183098,109744633,2095732,1262452,2194834,1232946,237721276,237670131
2024-10-29,DII,84950,80919,820647,810663,0,33105,0,23839,6096,55,1580,0,944853,917001
2024-10-29,FII,76261,74337,1887439,1865201,25632394,22634401,25235853,22580865,607894,440103,618784,426836,51278492,50801876
2024-10-29,Pro,216101,198585,924224,968873,225448407,208444636,225495075,208989096,3962917,2277728,3857441,2320556,441274013,441829626
2024-10-29,TOTAL,734997,734997,4578201,4578201,373914026,341338433,373914026,341338433,6672639,3980338,6672639,3980338,731218634,731218634
2024-10-30,Client,324214,309782,827064,787551,132239917,122128293,132023645,122405828,1577573,800436,1717660,813216,257897497,258057682
2024-10-30,DII,106659,94587,717775,737755,0,47500,0,52674,3867,0,37,8,875801,885061
2024-10-30,FII,90189,108663,1229297,1236328,27120875,26913633,27399036,27120111,428405,255718,429130,261677,56038117,56554945
2024-10-30,Pro,157772,165802,821917,834419,249713545,209745452,249651656,209256265,3288199,1828274,3151217,1809527,465555159,464868886
2024-10-30,TOTAL,678834,678834,3596053,3596053,409074337,358834878,409074337,358834878,5298044,2884428,5298044,2884428,780366574,780366574
2024-10-31,Client,365801,327013,1012990,1014410,95083899,90605264,95701686,91188819,1103188,704227,1246099,673979,188875369,190152006
2024-10-31,DII,54227,53208,835786,852200,0,41984,0,45864,8711,0,1700,577,940708,953549
2024-10-31,FII,44414,73393,737337,723492,22434522,20466116,21900646,19951204,134185,101858,168489,134657,43918432,42951881
2024-10-31,Pro,164957,175785,1045013,1041024,182353954,152182666,182270043,152110143,2140796,1285373,1970592,1282245,339172759,338849832
2024-10-31,TOTAL,629399,629399,3631126,3631126,299872375,263296030,299872375,263296030,3386880,2091458,3386880,2091458,572907268,572907268
2024-11-01,Client,45614,52112,93236,95049,6804462,4892007,6909163,4871225,179610,79690,182947,82050,12094619,12192546
2024-11-01,DII,0,0,5947,0,0,0,0,0,0,0,0,0,5947,0
2024-11-01,FII,3309,1689,10287,13209,671916,675733,657345,700905,9166,6457,8886,7256,1376868,1389290
2024-11-01,Pro,26817,21939,78465,79677,8584422,6628881,8494292,6624491,194135,84215,191078,81056,15596935,15492533
2024-11-01,TOTAL,75740,75740,187935,187935,16060800,12196621,16060800,12196621,382911,170362,382911,170362,29074369,29074369
2024-11-04,Client,278893,253523,410605,409408,53846763,53997431,53561393,53734206,1034257,558082,897207,572897,110126031,109428634
2024-11-04,DII,1112,315,69594,43933,0,1440,0,4940,0,0,105472,0,72146,154660
2024-11-04,FII,59948,69228,369138,394457,11304160,11291509,11196552,11444190,359869,240479,375909,248614,23625103,23728950
2024-11-04,Pro,148237,165124,617689,619228,88842361,77676592,89235339,77783636,1714469,1059342,1730007,1036392,170058690,170569726
2024-11-04,TOTAL,488190,488190,1467026,1467026,153993284,142966972,153993284,142966972,3108595,1857903,3108595,1857903,303881970,303881970
2024-11-05,Client,290708,297898,437307,465712,121335311,113508946,121804666,113088330,1094976,570739,1067800,547157,237237987,237271563
2024-11-05,DII,695,180,74389,53240,0,3880,0,10880,0,0,65911,0,78964,130211
2024-11-05,FII,66422,56384,431171,399787,29288250,28665859,28810434,28418367,413955,257639,423774,260232,59123296,58368978
2024-11-05,Pro,148897,152260,589984,614112,221414337,216067366,221422798,216728474,1887417,1055746,1838863,1076735,441163747,441833242
2024-11-05,TOTAL,506722,506722,1532851,1532851,372037898,358246051,372037898,358246051,3396348,1884124,3396348,1884124,737603994,737603994
2024-11-06,Client,280126,278407,530308,514051,134124283,108754161,134032226,108801664,1493513,667145,1478512,610089,245849536,245714949
2024-11-06,DII,908,119,85226,60762,0,20000,0,0,0,0,32176,0,106134,93057
2024-11-06,FII,55361,59901,393221,411482,26793851,24991456,26758968,24920549,513486,295448,524488,303565,53042823,52978953
2024-11-06,Pro,147939,145907,632900,655360,263003457,228835211,263130397,228878615,2272010,1193853,2243833,1242792,496085370,496296904
2024-11-06,TOTAL,484334,484334,1641655,1641655,423921591,362600828,423921591,362600828,4279009,2156446,4279009,2156446,795083863,795083863
2024-11-07,Client,248043,222264,449412,382338,115382985,107424842,115066406,107650864,1316329,635077,1159386,669895,225456688,225151153
2024-11-07,DII,722,256,68139,44321,0,0,0,10000,0,0,12213,0,68861,66790
2024-11-07,FII,34802,53495,312323,423318,22975142,23848980,23143659,24131954,429568,298237,471694,291725,47899052,48515845
2024-11-07,Pro,114530,122082,587682,567579,218536036,215991965,218684098,215472969,1954011,1162501,2056615,1134195,438346725,438037538
2024-11-07,TOTAL,398097,398097,1417556,1417556,356894163,347265787,356894163,347265787,3699908,2095815,3699908,2095815,711771326,711771326
2024-11-08,Client,196540,201735,458463,462354,31936476,29279208,31958323,29359303,1481829,720187,1372496,721005,64072703,64075216
2024-11-08,DII,384,0,53856,43568,0,9536,0,2831,0,0,18240,0,63776,64639
2024-11-08,FII,35259,40075,349796,367303,8096820,8113054,8019916,8027675,532359,344584,572985,357513,17471872,17385467
2024-11-08,Pro,120820,111193,610260,599150,49823504,41229976,49878561,41241965,2264834,1327499,2315301,1313752,95376893,95459922
2024-11-08,TOTAL,353003,353003,1472375,1472375,89856800,78631774,89856800,78631774,4279022,2392270,4279022,2392270,176985244,176985244
2024-11-11,Client,226492,246359,409638,413893,60323007,53126549,60204687,52945987,1349173,692557,1290693,668449,116127416,115770068
2024-11-11,DII,0,155,48947,32933,0,3118,0,3049,0,0,3252,0,52065,39389
2024-11-11,FII,41800,37608,351688,390972,14665401,14133405,14745803,14286739,538693,320512,558543,339441,30051499,30359106
2024-11-11,Pro,139733,123903,645788,618263,109725256,103598829,109763174,103626126,2460296,1494729,2495674,1499908,218064631,218127048
2024-11-11,TOTAL,408025,408025,1456061,1456061,184713664,170861901,184713664,170861901,4348162,2507798,4348162,2507798,364295611,364295611
2024-11-12,Client,237206,229139,404594,410393,105610421,103513109,105299432,103779446,1348672,641653,1217540,698944,211755655,211634894
2024-11-12,DII,31,82,66146,40501,0,9899,0,6251,55,0,5029,0,76131,51863
2024-11-12,FII,34289,44955,348968,396646,30574518,30868213,30421173,30741516,550337,380428,559682,378739,62756753,62542711
2024-11-12,Pro,154793,152143,613795,585963,258464761,229862365,258929095,229726373,2471226,1577708,2588039,1522106,493144648,493503719
2024-11-12,TOTAL,426319,426319,1433503,1433503,394649700,364253586,394649700,364253586,4370290,2599789,4370290,2599789,767733187,767733187
2024-11-13,Client,301265,261060,380360,421991,116632888,127607247,116987768,127849148,1217106,788804,1122066,788599,246927670,247430632
2024-11-13,DII,1591,322,55494,62397,0,11388,0,7388,2080,0,13460,0,70553,83567
2024-11-13,FII,56784,83986,388555,353111,31655444,35027711,31361656,34783725,577659,423806,586222,430876,68129959,67599576
2024-11-13,Pro,192781,207053,643691,630601,333781688,268210027,333720596,268216112,2564530,1763588,2639627,1756723,607156305,607170712
2024-11-13,TOTAL,552421,552421,1468100,1468100,482070020,430856373,482070020,430856373,4361375,2976198,4361375,2976198,922284487,922284487
2024-11-14,Client,219059,202681,344644,340399,94506249,86933934,94430626,86638709,1181820,666946,1169018,653571,183852652,183435004
2024-11-14,DII,1000,0,51663,45725,0,2388,0,388,0,0,3386,0,55051,49499
2024-11-14,FII,49959,58735,336428,350015,26097104,24374325,26099779,24589885,544454,365835,539226,362673,51768105,52000313
2024-11-14,Pro,140077,148679,558099,554695,217056943,192504135,217129891,192585800,2484789,1499274,2499433,1515811,414243317,414434309
2024-11-14,TOTAL,410095,410095,1290834,1290834,337660296,303814782,337660296,303814782,4211063,2532055,4211063,2532055,649919125,649919125
2024-11-18,Client,204699,199596,351217,368346,54362187,53219818,54222660,52969544,1271500,723176,1240975,714346,110132597,109715467
2024-11-18,DII,1709,4,67679,67486,0,4388,0,4000,4000,0,8446,0,77776,79936
2024-11-18,FII,38582,35124,341911,321953,12837400,13236060,12963002,13439221,573631,391863,574773,382288,27419447,27716361
2024-11-18,Pro,136951,147217,559915,562937,99252836,94818176,99266761,94865677,2683582,1602115,2708519,1620520,199053575,199171631
2024-11-18,TOTAL,381941,381941,1320722,1320722,166452423,161278442,166452423,161278442,4532713,2717154,4532713,2717154,336683395,336683395
2024-11-19,Client,291181,302170,441531,496749,102271659,95171952,102306448,95140673,1573630,769670,1622474,782371,200519623,200650885
2024-11-19,DII,0,150,111646,94044,0,11000,0,10000,4503,0,5386,0,127149,109580
2024-11-19,FII,67832,41477,431236,352555,22591768,21817975,22642016,21967918,668986,418544,665651,405262,45996341,46074879
2024-11-19,Pro,170160,185376,575246,616311,186867751,198488900,186782714,198371236,3134290,1841670,3087898,1842251,391078017,390885786
2024-11-19,TOTAL,529173,529173,1559659,1559659,311731178,315489827,311731178,315489827,5381409,3029884,5381409,3029884,637721130,637721130
2024-11-21,Client,248030,252215,545431,528774,102190061,94153866,101731823,93155336,1654427,926076,1548707,913126,199717891,198129981
2024-11-21,DII,1085,2650,154169,135260,0,388,0,5388,5623,0,12039,0,161265,155337
2024-11-21,FII,75103,84627,444928,501100,28127720,26044405,28868491,26891475,714636,500888,742148,512505,55907680,57600346
2024-11-21,Pro,193700,178426,788271,767665,259455230,216530319,259172697,216676779,3462256,2177094,3534048,2178427,482606870,482508042
2024-11-21,TOTAL,517918,517918,1932799,1932799,389773011,336728978,389773011,336728978,5836942,3604058,5836942,3604058,738393706,738393706
2024-11-22,Client,361342,404514,635370,695817,39568802,29305956,40234964,29243133,1778437,955120,2056913,864349,72605027,73499690
2024-11-22,DII,10492,9133,211283,222714,298,20000,0,388,8291,0,5085,0,250364,237320
2024-11-22,FII,155344,108632,688784,498021,10295920,9014093,9941496,8868551,837901,483808,816081,465038,21475850,20697819
2024-11-22,Pro,279456,284355,714108,832993,59477326,49072677,59165886,49300654,3894034,2095753,3640584,2205294,115533354,115429766
2024-11-22,TOTAL,806634,806634,2249545,2249545,109342346,87412726,109342346,87412726,6518663,3534681,6518663,3534681,209864595,209864595
2024-11-25,Client,312248,371981,944614,998685,59864944,53238725,59616072,52737745,2029274,992301,2080281,915081,117382106,116719845
2024-11-25,DII,31447,25796,773200,730392,298,26000,580,6000,1002,0,26546,0,831947,789314
2024-11-25,FII,165619,114118,2154425,2084564,12258234,12259813,12271966,12450360,685556,394638,674483,409659,27918285,28005150
2024-11-25,Pro,240232,237651,1040324,1098922,100464070,104937181,100698928,105267614,4255126,2459802,4189648,2522001,213396735,214014764
2024-11-25,TOTAL,749546,749546,4912563,4912563,172587546,170461719,172587546,170461719,6970958,3846741,6970958,3846741,359529073,359529073
2024-11-26,Client,212581,216863,921849,906062,81247377,79917525,80781166,79925384,1658632,899472,1633612,912428,164857436,164375515
2024-11-26,DII,49230,48366,764128,769075,0,28307,600,3307,4865,0,9701,0,846530,831049
2024-11-26,FII,67474,83080,1985777,1988128,16999690,17695383,17362433,18001547,544105,356808,534298,349489,37649237,38318975
2024-11-26,Pro,150854,131830,864546,873035,155255840,158730754,155358708,158441731,3170088,1992519,3200079,1986882,320164601,319992265
2024-11-26,TOTAL,480139,480139,4536300,4536300,253502907,256371969,253502907,256371969,5377690,3248799,5377690,3248799,523517804,523517804
2024-11-27,Client,261378,258714,998595,984786,100829945,92962765,100806211,92747680,1655064,826222,1766435,842506,197533969,197406332
2024-11-27,DII,99982,99453,948850,959078,0,73000,1298,68000,1647,0,2173,0,1123479,1130002
2024-11-27,FII,127325,131940,1490656,1475410,26030479,21577854,26443557,22018665,555068,322966,560636,327302,50104348,50957510
2024-11-27,Pro,158038,156616,922293,941120,220084257,197613841,219693615,197393115,3861018,2170442,3743553,2149822,424809889,424077841
2024-11-27,TOTAL,646723,646723,4360394,4360394,346944681,312227460,346944681,312227460,6072797,3319630,6072797,3319630,673571685,673571685
2024-11-28,Client,535268,498480,1244219,1164108,97830273,96956652,98203564,97757163,1329871,733557,1391633,784699,198629840,199799647
2024-11-28,DII,114712,109404,879635,963871,0,47006,32,76482,24195,0,10487,0,1065548,1160276
2024-11-28,FII,112253,144782,838803,917313,26677314,30748374,26146512,30179784,184833,150388,224867,169739,58711965,57782997
2024-11-28,Pro,302346,311913,1349932,1267297,234420121,212863014,234577600,212601617,2852876,1827162,2764788,1756669,453615451,453279884
2024-11-28,TOTAL,1064579,1064579,4312589,4312589,358927708,340615046,358927708,340615046,4391775,2711107,4391775,2711107,712022804,712022804
2024-11-29,Client,227062,228598,416471,399892,24547831,21501008,24926123,21311479,984894,425268,976785,413249,48102534,48256126
2024-11-29,DII,0,505,28265,94646,0,10000,164,10000,0,0,48368,0,38265,153683
2024-11-29,FII,41345,37810,315677,256030,6058892,5802095,5998024,5855210,379936,257450,406624,265567,12855395,12819265
2024-11-29,Pro,136437,137931,511587,521432,34498796,29924810,34181208,30061224,1843797,1032853,1776850,1036755,67948280,67715400
2024-11-29,TOTAL,404844,404844,1272000,1272000,65105519,57237913,65105519,57237913,3208627,1715571,3208627,1715571,128944474,128944474
2024-12-02,Client,195643,196837,405013,379108,43213480,35215276,43572125,35467401,1173591,473647,1123894,461826,80676650,81201191
2024-12-02,DII,1001,0,32199,66999,0,10969,0,969,0,0,47625,0,44169,115593
2024-12-02,FII,40174,49515,288176,263715,10191970,8688585,9820605,8352139,468019,287759,486486,299258,19964683,19271718
2024-12-02,Pro,121864,112330,480158,495724,60046194,46320838,60058914,46415159,1899204,1059979,1882809,1060301,109928237,110025237
2024-12-02,TOTAL,358682,358682,1205546,1205546,113451644,90235668,113451644,90235668,3540814,1821385,3540814,1821385,210613739,210613739
2024-12-03,Client,179381,200865,443015,449865,43960445,36723968,44128090,36643167,1443306,564657,1381500,532464,83314772,83335951
2024-12-03,DII,383,1218,81076,60026,0,21480,0,1480,235,0,39900,0,103174,102624
2024-12-03,FII,69420,42453,293198,296536,9992577,9062505,9924779,9044749,527647,314603,573603,351052,20259950,20233172
2024-12-03,Pro,112860,117508,510846,521708,52508114,52173435,52408267,52291992,2225702,1240107,2201887,1235851,108771064,108777213
2024-12-03,TOTAL,362044,362044,1328135,1328135,106461136,97981388,106461136,97981388,4196890,2119367,4196890,2119367,212448960,212448960
2024-12-04,Client,200866,221381,452425,418204,57378578,51460359,57400691,51514221,1485466,534428,1420035,546525,111512122,111521057
2024-12-04,DII,1400,1291,102625,54320,0,11112,0,1112,0,0,22274,0,115137,78997
2024-12-04,FII,52933,37592,314817,385053,13827053,13308207,13751143,13265224,578451,362445,602059,362511,28443906,28403582
2024-12-04,Pro,156393,151328,552614,564904,79835913,92260536,79889710,92259657,2256916,1239212,2276465,1227049,176301584,176369113
2024-12-04,TOTAL,411592,411592,1422481,1422481,151041544,157040214,151041544,157040214,4320833,2136085,4320833,2136085,316372749,316372749
2024-12-05,Client,363130,402696,492675,555046,110174755,97731325,110739072,98311171,1617079,680659,1628167,645590,211059623,212281742
2024-12-05,DII,3152,1150,98045,78484,0,2274,0,2274,492,0,35110,0,103963,117018
2024-12-05,FII,105607,69015,523879,432721,30411393,31018013,29746197,30393552,684828,436279,689066,447009,63179999,61777560
2024-12-05,Pro,248017,247045,683494,731842,270578484,283473317,270679363,283517932,2779307,1518721,2729363,1543060,559281340,559448605
2024-12-05,TOTAL,719906,719906,1798093,1798093,411164632,412224929,411164632,412224929,5081706,2635659,5081706,2635659,833624925,833624925
2024-12-06,Client,195397,187634,502601,461856,22975101,18957075,22836561,18990809,1630019,604002,1550915,584752,44864195,44612527
2024-12-06,DII,3906,1074,52001,68030,0,3885,0,3885,19,0,15025,0,59811,88014
2024-12-06,FII,50239,44283,304424,328793,6227275,5758812,6220059,5733184,652611,393941,671655,406729,13387302,13404703
2024-12-06,Pro,132681,149232,597761,598108,34260810,29937268,34406566,29929162,2535830,1371935,2580884,1378397,68836285,69042349
2024-12-06,TOTAL,382223,382223,1456787,1456787,63463186,54657040,63463186,54657040,4818479,2369878,4818479,2369878,127147593,127147593
2024-12-09,Client,148110,136471,409020,340488,30859132,28812916,30560877,28798510,1571791,592160,1382287,603082,62393129,61821715
2024-12-09,DII,612,2512,74216,67476,0,480,0,480,0,0,24682,0,75308,95150
2024-12-09,FII,29648,27901,241735,354261,7140217,7237575,7213275,7266462,558888,351276,600486,378449,15559339,15840834
2024-12-09,Pro,85386,96872,522649,485395,41015208,36400022,41240405,36385541,2338509,1349257,2461733,1311162,81711031,81981108
2024-12-09,TOTAL,263756,263756,1247620,1247620,79014557,72450993,79014557,72450993,4469188,2292693,4469188,2292693,159738807,159738807
2024-12-10,Client,141660,136770,349973,330253,36898853,34757375,36803753,34670553,1504827,557790,1426730,549114,74210478,73917173
2024-12-10,DII,1958,765,60943,59621,0,0,0,0,948,0,16469,0,63849,76855
2024-12-10,FII,29473,38531,253117,280917,8005152,8463386,8140745,8621395,592764,344881,625452,370350,17688773,18077390
2024-12-10,Pro,92422,89447,466707,459949,53660063,52073288,53619570,52002101,2249736,1203598,2279624,1186805,109745814,109637496
2024-12-10,TOTAL,265513,265513,1130740,1130740,98564068,95294049,98564068,95294049,4348275,2106269,4348275,2106269,201708914,201708914
2024-12-11,Client,131287,130420,335545,316751,42737530,39392728,42416582,39003854,1555760,553197,1498958,516974,84706047,83883539
2024-12-11,DII,440,1110,48728,51392,0,0,0,0,0,0,21597,0,49168,74099
2024-12-11,FII,37225,38241,251408,277728,10686377,10861890,10660789,10894038,600120,348141,633339,369187,22785161,22873322
2024-12-11,Pro,93007,92188,448325,438135,66840533,64650397,67187069,65007123,2269085,1167050,2271071,1182227,135468397,136177813
2024-12-11,TOTAL,261959,261959,1084006,1084006,120264440,114905015,120264440,114905015,4424965,2068388,4424965,2068388,243008773,243008773
2024-12-12,Client,129447,118077,401577,341861,85325712,77287074,85412733,77860282,1680781,610584,1543557,631891,165435175,165908401
2024-12-12,DII,440,652,92630,104353,0,0,0,1652,20563,0,27951,0,113633,134608
2024-12-12,FII,18701,39014,254782,334653,18907398,17254283,19363878,17586612,736036,441760,760280,468524,37612960,38552961
2024-12-12,Pro,84669,75514,555830,523952,188859855,163466778,188316354,162559589,2646534,1488572,2752126,1440501,357102238,355668036
2024-12-12,TOTAL,233257,233257,1304819,1304819,293092965,258008135,293092965,258008135,5083914,2540916,5083914,2540916,560264006,560264006
2024-12-13,Client,446452,462764,508928,558502,34484168,32527080,35133418,32631164,1904883,965188,1925824,946667,70836699,71658339
2024-12-13,DII,920,1465,87125,102450,500,0,0,1964,138,0,21509,0,88683,127388
2024-12-13,FII,79565,72042,476998,365222,9917456,10122313,9415023,9814474,1019277,709778,1033572,706426,22325387,21406759
2024-12-13,Pro,285484,276150,714286,761163,55834416,53810638,55688099,54012429,3524699,2178726,3468092,2200599,116348249,116406532
2024-12-13,TOTAL,812421,812421,1787337,1787337,100236540,96460031,100236540,96460031,6448997,3853692,6448997,3853692,209599018,209599018
2024-12-16,Client,176603,148838,324310,286579,33236861,32067084,33040553,32357322,1712584,594418,1553659,593364,68111860,67980315
2024-12-16,DII,1520,356,66090,73299,0,1020,0,11000,68,0,5532,0,68698,90187
2024-12-16,FII,33000,47480,230794,284164,7288972,7590760,7437490,7572461,675983,412167,690798,408888,16231676,16441281
2024-12-16,Pro,111480,125929,452345,429497,46189443,46260529,46237233,45978610,2450325,1350193,2588971,1354526,96814315,96714766
2024-12-16,TOTAL,322603,322603,1073539,1073539,86715276,85919393,86715276,85919393,4838960,2356778,4838960,2356778,181226549,181226549
2024-12-17,Client,304399,283151,422382,376114,46300485,49639626,45399168,49381968,1905134,730517,1692155,795020,99302543,97927576
2024-12-17,DII,3273,4232,114811,135455,0,1000,0,14000,141,0,1591,0,119225,155278
2024-12-17,FII,49499,65559,324034,418619,11323451,12428212,11668450,12602691,772068,531264,809522,555726,25428528,26120567
2024-12-17,Pro,190413,194642,620858,551897,74721242,75699468,75277560,75769647,2949825,1837833,3123900,1748868,156019639,156666514
2024-12-17,TOTAL,547584,547584,1482085,1482085,132345178,137768306,132345178,137768306,5627168,3099614,5627168,3099614,280869935,280869935
2024-12-18,Client,241805,208189,358265,365362,53393605,55906582,53016684,55690041,1632856,748252,1541821,781893,112281365,111603990
2024-12-18,DII,1037,500,168733,176238,0,1000,0,5000,0,0,1087,0,170770,182825
2024-12-18,FII,40179,50423,400505,413564,14711382,12578629,14890579,12677769,753314,545602,793090,531151,29029611,29356576
2024-12-18,Pro,175488,199397,572043,544382,102717283,88608647,102915007,88722048,2840797,1727114,2890969,1707924,196641372,196979727
2024-12-18,TOTAL,458509,458509,1499546,1499546,170822270,157094858,170822270,157094858,5226967,3020968,5226967,3020968,338123118,338123118
2024-12-19,Client,208701,198595,480286,459339,88444270,75994233,88934456,75385539,1719686,786135,1679770,828927,167633311,167486626
2024-12-19,DII,8167,7568,202063,223727,0,32,0,8520,1183,0,1446,0,211445,241261
2024-12-19,FII,46299,70301,539454,579302,19786102,14059340,20331165,14742365,836342,556891,842865,553063,35824428,37119061
2024-12-19,Pro,155090,141793,677460,636895,203020523,151757502,201985274,151674683,3161636,1900659,3194766,1861695,360672870,359495106
2024-12-19,TOTAL,418257,418257,1899263,1899263,311250895,241811107,311250895,241811107,5718847,3243685,5718847,3243685,564342054,564342054
2024-12-20,Client,302382,289658,831226,844818,28992323,27207838,28889839,27258972,2150711,987545,2073777,1082868,60472025,60439932
2024-12-20,DII,19613,22282,464930,477141,0,12080,0,8000,4280,0,0,0,500903,507423
2024-12-20,FII,90089,113123,1976340,1976028,7620678,7604603,7725483,7668125,1111558,818687,1095920,809755,19221955,19388434
2024-12-20,Pro,239199,226220,1202552,1177061,53072805,45439207,53070484,45328631,4340834,2742534,4437686,2656143,107037131,106896225
2024-12-20,TOTAL,651283,651283,4475048,4475048,89685806,80263728,89685806,80263728,7607383,4548766,7607383,4548766,187232014,187232014
2024-12-23,Client,257504,268777,883782,930332,51040387,50541146,50731630,49971065,1811182,892088,1929535,843521,105426089,104674860
2024-12-23,DII,34066,34375,820336,822284,0,5714,0,13294,84,0,849,0,860200,870802
2024-12-23,FII,84818,93427,1958884,1855105,11389026,12112709,11483887,12314542,986361,695149,966752,649380,27226947,27363093
2024-12-23,Pro,179935,159744,902124,957405,82648646,83975469,82862542,84336137,3944449,2320895,3844940,2415231,173971518,174575999
2024-12-23,TOTAL,556323,556323,4565126,4565126,145078059,146635038,145078059,146635038,6742076,3908132,6742076,3908132,307484754,307484754
2024-12-24,Client,295927,296092,955803,950816,78767900,78217712,79284478,78292290,1359876,709532,1604544,720954,160306750,161149174
2024-12-24,DII,134958,135647,1035666,1047208,0,1360,0,32360,4392,0,8790,0,1176376,1224005
2024-12-24,FII,104041,113852,1427566,1389613,19291535,18341713,18941120,18334265,514147,376335,506752,352081,40055337,39637683
2024-12-24,Pro,146608,135943,919498,950896,173299013,156236457,173132850,156138327,3034697,1717561,2793026,1730393,335353834,334881435
2024-12-24,TOTAL,681534,681534,4338533,4338533,271358448,252797242,271358448,252797242,4913112,2803428,4913112,2803428,536892297,536892297
2024-12-26,Client,313049,292153,1249832,1303725,79026870,76476730,78494758,75866441,889119,596596,1040947,571415,158552196,157569439
2024-12-26,DII,70113,69323,1090721,1090177,0,139313,0,153361,21538,0,219,0,1321685,1313080
2024-12-26,FII,80567,107836,672894,622279,18402491,22241198,19206143,22934928,121453,101760,150874,116937,41620363,43138997
2024-12-26,Pro,129269,123686,1216409,1213675,177674088,165764835,177402548,165667346,1888694,1250172,1728764,1260176,347923467,347396195
2024-12-26,TOTAL,592998,592998,4229856,4229856,275103449,264622076,275103449,264622076,2920804,1948528,2920804,1948528,549417711,549417711
2024-12-27,Client,158673,161167,296629,264601,10111691,9705837,10174299,9715707,845917,328092,813349,368410,21446839,21497533
2024-12-27,DII,26034,200,28749,50474,0,0,0,0,0,0,41955,0,54783,92629
2024-12-27,FII,23733,43389,248597,230941,2789295,3062629,2714046,3007036,390816,293322,419438,257578,6808392,6672428
2024-12-27,Pro,83287,86971,393204,421163,16138497,15115020,16151138,15160743,1399552,869800,1361543,865226,33999360,34046784
2024-12-27,TOTAL,291727,291727,967179,967179,29039483,27883486,29039483,27883486,2636285,1491214,2636285,1491214,62309374,62309374
2024-12-30,Client,240656,236435,326354,320169,36187723,33809627,36299220,33897247,871419,360811,822042,409950,71796590,71985063
2024-12-30,DII,3224,0,114760,146905,0,999,0,5000,0,0,11644,0,118983,163549
2024-12-30,FII,34260,56298,472696,441368,10969286,10225604,10662654,10054389,472808,363831,483605,338492,22538485,22036806
2024-12-30,Pro,169179,154586,606146,611514,78022103,70592939,78217238,70672533,1579519,1013933,1606455,990133,151983819,152252459
2024-12-30,TOTAL,447319,447319,1519956,1519956,125179112,114629169,125179112,114629169,2923746,1738575,2923746,1738575,246437877,246437877
2024-12-31,Client,169431,157445,290939,266772,53992401,49881308,53952945,49558339,797551,344187,781604,357086,105475817,105074191
2024-12-31,DII,1032,195,44763,59062,0,10000,0,0,0,0,22271,0,55795,81528
2024-12-31,FII,28552,53223,247976,291029,9986467,9747095,10011526,9763574,399779,290637,414193,274478,20700506,20808023
2024-12-31,Pro,104422,92574,454531,421346,100475889,87228072,100490286,87544562,1410376,842043,1389638,845303,190515333,190783709
2024-12-31,TOTAL,303437,303437,1038209,1038209,164454757,146866475,164454757,146866475,2607706,1476867,2607706,1476867,316747451,316747451
2025-01-01,Client,173000,156794,252589,241109,18090325,15753576,18211231,15727675,862141,321839,843710,319885,35453470,35500404
2025-01-01,DII,434,147,34515,25721,0,24,0,24,0,0,49874,0,34973,75766
2025-01-01,FII,15698,27832,148240,159247,3504669,3325653,3439854,3353522,313531,197045,321998,187162,7504836,7489615
2025-01-01,Pro,102382,106741,347374,356641,28022767,25281316,27966676,25279348,1380445,709753,1340535,721590,55844037,55771531
2025-01-01,TOTAL,291514,291514,782718,782718,49617761,44360569,49617761,44360569,2556117,1228637,2556117,1228637,98837316,98837316
2025-01-02,Client,228954,268044,416811,485553,38897695,34022190,38958747,33748261,1444608,539982,1486574,478323,75550240,75425502
2025-01-02,DII,4010,635,74646,73845,0,20024,0,24,15,0,46578,0,98695,121082
2025-01-02,FII,86846,54996,542080,371426,8648119,8330445,8686684,8444704,664722,393058,677948,394413,18665270,18630171
2025-01-02,Pro,141423,137558,538766,641479,73665415,71754130,73565798,71933800,2254338,1137826,2152583,1198130,149491898,149629348
2025-01-02,TOTAL,461233,461233,1572303,1572303,121211229,114126789,121211229,114126789,4363683,2070866,4363683,2070866,243806103,243806103
2025-01-03,Client,222430,191932,447224,424891,10461612,9512040,10453066,9732657,1456160,536290,1364920,577326,22635756,22744792
2025-01-03,DII,819,37,66057,66876,70,0,0,0,5950,0,9931,0,72896,76844
2025-01-03,FII,52138,79786,364770,381599,2785886,2759072,2852269,2761655,648573,434853,660861,421660,7045292,7157830
2025-01-03,Pro,126435,130067,606274,610959,16890590,14462217,16832823,14239017,2177393,1307997,2252364,1280154,35570906,35345384
2025-01-03,TOTAL,401822,401822,1484325,1484325,30138158,26733329,30138158,26733329,4288076,2279140,4288076,2279140,65324850,65324850
2025-01-06,Client,277564,287266,473225,489750,16088354,18707283,15804947,18695432,1338964,674306,1187272,740744,37559696,37205411
2025-01-06,DII,722,1035,76179,66314,0,624,0,16824,0,0,18407,0,77525,102580
2025-01-06,FII,82846,75329,413554,452167,3587592,4409015,3490225,4375567,708397,572904,704387,557987,9774308,9655662
2025-01-06,Pro,219857,217359,811005,765732,26661314,28446515,27042088,28475614,2390079,1719523,2527374,1668002,60248293,60696169
2025-01-06,TOTAL,580989,580989,1773963,1773963,46337260,51563437,46337260,51563437,4437440,2966733,4437440,2966733,107659822,107659822
2025-01-07,Client,133532,138975,302841,330457,11900982,12080961,11842190,11905982,1082168,455324,1071987,439074,25955808,25728665
2025-01-07,DII,1386,3836,61904,52950,0,560,0,1680,1000,0,10092,0,64850,68558
2025-01-07,FII,50590,49130,344463,310453,2518318,2862951,2579625,2928932,522782,341343,521545,325859,6640447,6715544
2025-01-07,Pro,103490,97057,505090,520438,20715526,20300030,20713011,20407908,1835778,1052218,1838104,1083952,44512132,44660470
2025-01-07,TOTAL,288998,288998,1214298,1214298,35134826,35244502,35134826,35244502,3441728,1848885,3441728,1848885,77173237,77173237
2025-01-08,Client,222933,193995,393575,376071,25340270,25363782,25163014,25300724,1260972,645373,1153411,638836,53226905,52826051
2025-01-08,DII,70,1038,66708,69587,0,0,0,5000,0,0,11535,0,66778,87160
2025-01-08,FII,42877,60181,353396,390984,5405699,5424367,5474363,5453913,606520,411563,654729,454386,12244422,12488556
2025-01-08,Pro,137000,147666,599083,576120,47913533,40663907,48022125,40692419,2134391,1411133,2182208,1374847,92859047,92995385
2025-01-08,TOTAL,402880,402880,1412762,1412762,78659502,71452056,78659502,71452056,4001883,2468069,4001883,2468069,158397152,158397152
2025-01-09,Client,159242,135872,378785,348114,32707938,33196870,32660911,33107313,1290037,573920,1166620,565950,68306792,67984780
2025-01-09,DII,112,1017,58879,73331,0,403,0,6161,1000,0,18814,0,60394,99323
2025-01-09,FII,35749,65257,406058,465704,7365952,7845341,7455389,7865248,609380,412680,667999,434018,16675160,16953615
2025-01-09,Pro,107227,100184,635215,591788,72114296,70589755,72071886,70653647,2197933,1317525,2244917,1304157,146961951,146966579
2025-01-09,TOTAL,302330,302330,1478937,1478937,112188186,111632369,112188186,111632369,4098350,2304125,4098350,2304125,232004297,232004297
2025-01-10,Client,236973,211398,397046,447850,14832791,15824345,14791428,15869266,1467095,794706,1399634,801182,33552956,33520758
2025-01-10,DII,3731,2679,71239,63183,0,472,0,6200,0,0,9130,0,75442,81192
2025-01-10,FII,49611,59592,448559,390470,3637324,3820321,3648738,3795955,761185,543664,773122,538398,9260664,9206275
2025-01-10,Pro,157327,173973,690234,705575,22995767,21259276,23025716,21232993,2627750,1720906,2674144,1719696,49451260,49532097
2025-01-10,TOTAL,447642,447642,1607078,1607078,41465882,40904414,41465882,40904414,4856030,3059276,4856030,3059276,92340322,92340322
2025-01-13,Client,214870,204714,393888,447892,14773757,15437833,14601698,15437671,1364386,852452,1189987,831420,33037186,32713382
2025-01-13,DII,1042,140,83004,103313,0,5778,0,10318,415,45,18089,0,90284,131860
2025-01-13,FII,83944,101344,521664,480934,3725824,3694449,3648715,3525731,746573,564925,783442,590565,9337379,9130731
2025-01-13,Pro,159739,153397,783091,749508,25720854,20973382,25970022,21137722,2571846,1856481,2691702,1851918,52065393,52554269
2025-01-13,TOTAL,459595,459595,1781647,1781647,44220435,40111442,44220435,40111442,4683220,3273903,4683220,3273903,94530242,94530242
2025-01-14,Client,171522,176212,404171,404433,13833886,12441070,14054802,12410762,1358465,714072,1405032,676096,28923186,29127337
2025-01-14,DII,1920,0,53825,105233,0,7736,0,1236,625,14,6898,0,64120,113367
2025-01-14,FII,53383,53010,500971,431535,3607990,3232830,3465033,3190975,800294,550802,808644,519749,8746270,8468946
2025-01-14,Pro,124341,121944,721350,739116,22702156,19329759,22624197,19408422,2809562,1699666,2748372,1768709,47386834,47410760
2025-01-14,TOTAL,351166,351166,1680317,1680317,40144032,35011395,40144032,35011395,4968946,2964554,4968946,2964554,85120410,85120410
2025-01-15,Client,121257,127928,390035,388543,20811826,20765793,20664746,20567258,1429892,681348,1421704,656646,44200151,43826825
2025-01-15,DII,1500,1417,75894,61530,0,1000,0,1000,2125,0,13006,0,80519,76953
2025-01-15,FII,35638,31005,413830,384165,4603445,4735800,4782200,4919715,788373,504301,775649,518126,11081387,11410860
2025-01-15,Pro,86805,84850,632696,678217,34235033,34220694,34203358,34235314,2516005,1499187,2526036,1510064,73190420,73237839
2025-01-15,TOTAL,245200,245200,1512455,1512455,59650304,59723287,59650304,59723287,4736395,2684836,4736395,2684836,128552477,128552477
2025-01-16,Client,143214,148945,410375,369354,32750590,27797875,33375473,27891043,1539490,712533,1548874,694479,63354077,64028168
2025-01-16,DII,19381,3500,85583,70721,0,48,0,204,295,0,3300,59,105307,77784
2025-01-16,FII,43462,50754,399042,467758,8110294,6917313,7975848,6872479,773757,486392,769505,493946,16730260,16630290
2025-01-16,Pro,99707,102565,631890,619057,64071329,54686737,63580892,54638247,2538264,1474231,2530127,1484672,123502158,122955560
2025-01-16,TOTAL,305764,305764,1526890,1526890,104932213,89401973,104932213,89401973,4851806,2673156,4851806,2673156,203691802,203691802
2025-01-17,Client,190118,181693,391611,393493,13615261,13060285,13521628,13036516,1709130,824994,1690557,821896,29791399,29645783
2025-01-17,DII,11046,256,97649,77046,0,0,0,5000,4950,0,14488,0,113645,96790
2025-01-17,FII,34281,63623,375303,383327,3464173,3378251,3525374,3454512,836631,555407,837657,564833,8644046,8829326
2025-01-17,Pro,155374,145247,592170,602867,22850746,18857038,22883178,18799546,2773635,1745192,2781644,1738864,46974155,46951346
2025-01-17,TOTAL,390819,390819,1456733,1456733,39930180,35295574,39930180,35295574,5324346,3125593,5324346,3125593,85523245,85523245
2025-01-20,Client,169073,166210,412072,402472,14356665,11591843,14541579,11476636,1675167,786411,1649171,744161,28991231,28980229
2025-01-20,DII,920,160,97326,107162,0,0,0,1000,219,0,3624,0,98465,111946
2025-01-20,FII,35973,42274,371829,371408,3439007,3234378,3385744,3222089,870993,542795,875841,551241,8494975,8448597
2025-01-20,Pro,123596,120918,623996,624181,21931009,18105522,21799358,18232018,2743871,1625058,2761614,1658862,45153052,45196951
2025-01-20,TOTAL,329562,329562,1505223,1505223,39726681,32931743,39726681,32931743,5290250,2954264,5290250,2954264,82737723,82737723
2025-01-21,Client,287079,290340,530300,501907,18234636,17527577,18007973,17694175,1870621,1018783,1717569,1087260,39468996,39299224
2025-01-21,DII,3126,920,140061,133898,0,0,0,15000,3330,0,13900,0,146517,163718
2025-01-21,FII,58558,75396,443381,525352,5174420,5494636,5191544,5505746,1124884,844632,1139847,856079,13140511,13293964
2025-01-21,Pro,248596,230703,900255,852840,34777338,31163040,34986877,30970332,3660354,2548049,3787873,2468125,73297632,73296750
2025-01-21,TOTAL,597359,597359,2013997,2013997,58186394,54185253,58186394,54185253,6659189,4411464,6659189,4411464,126053656,126053656
2025-01-22,Client,180403,184454,465564,477277,25160471,24684992,25204240,24452089,1740445,1105635,1727000,1056257,53337510,53101317
2025-01-22,DII,9652,90,143759,149587,0,48,0,48,2633,0,16046,0,156092,165771
2025-01-22,FII,63991,64342,471108,447005,6087574,6014753,6134219,6285973,1033009,762628,1052765,773286,14433063,14757590
2025-01-22,Pro,146607,151767,777261,783823,43753934,39219577,43663520,39181260,3310462,2282123,3290738,2320843,89489964,89391951
2025-01-22,TOTAL,400653,400653,1857692,1857692,75001979,69919370,75001979,69919370,6086549,4150386,6086549,4150386,157416629,157416629
2025-01-23,Client,141952,148352,561383,535213,37753152,35343041,38154792,35160928,2161004,939001,2188538,891143,76899533,77078966
2025-01-23,DII,1202,0,167748,206006,0,144,0,48,2464,0,3358,0,171558,209412
2025-01-23,FII,55949,34132,514879,477673,8556685,8832100,8438732,8832262,1052303,670392,1052040,660337,19682308,19495176
2025-01-23,Pro,97330,113949,758201,783319,70704033,72720244,70420346,72902291,3787715,2151582,3759550,2209495,150219105,150188950
2025-01-23,TOTAL,296433,296433,2002211,2002211,117013870,116895529,117013870,116895529,7003486,3760975,7003486,3760975,246972504,246972504
2025-01-24,Client,230320,245407,616452,619575,30269408,29964573,30166622,30094982,2120968,1137934,2080146,1188141,64339655,64394873
2025-01-24,DII,538,75,217888,226483,0,0,0,0,1300,0,5189,0,219726,231747
2025-01-24,FII,84909,66032,541201,536634,7529020,7829181,7750729,7827898,1135460,785224,1132001,790195,17904995,18103489
2025-01-24,Pro,166942,171195,857446,850295,48864602,45009892,48745679,44880766,3966946,2638853,4007338,2583675,101504681,101238948
2025-01-24,TOTAL,482709,482709,2232987,2232987,86663030,82803646,86663030,82803646,7224674,4562011,7224674,4562011,183969057,183969057
2025-01-27,Client,193000,206314,823622,888209,28690673,27553168,28573130,27466235,1791553,1204207,1728092,1215862,60256223,60077842
2025-01-27,DII,14982,22017,646829,633436,0,953,0,6953,1162,0,6190,0,663926,668596
2025-01-27,FII,108569,70135,2051579,2012432,7046294,6513895,7036268,6584866,1070374,903969,1058647,905414,17694680,17667762
2025-01-27,Pro,149636,167721,1150241,1138194,49905906,43150230,50033475,43160192,3868395,2927791,3938555,2914691,101152199,101352828
2025-01-27,TOTAL,466187,466187,4672271,4672271,85642873,77218246,85642873,77218246,6731484,5035967,6731484,5035967,179767028,179767028
2025-01-28,Client,236179,255445,1057951,1094654,33665984,28880279,34405909,28703076,2114332,1327044,2206991,1292975,67281769,67959050
2025-01-28,DII,73592,87879,903043,901397,0,10083,0,20645,3981,0,95,0,990699,1010016
2025-01-28,FII,133918,99404,2333918,2292041,9877999,8961678,9661634,9039458,1190696,883349,1204013,867113,23381558,23163663
2025-01-28,Pro,211165,212126,1314561,1321381,60850021,55854276,60326461,55943137,4584947,3229894,4482857,3280199,126044864,125566161
2025-01-28,TOTAL,654854,654854,5609473,5609473,104394004,93706316,104394004,93706316,7893956,5440287,7893956,5440287,217698890,217698890
2025-01-29,Client,189068,215859,988982,993923,45889833,36301558,46159336,36424883,1850452,950867,2074314,920686,86170760,86789001
2025-01-29,DII,98661,81065,898405,872749,0,10667,0,32000,8531,0,0,0,1016264,985814
2025-01-29,FII,91981,79485,1602696,1559265,10307711,9042040,10090396,8851243,855004,565425,827628,522584,22464857,21930601
2025-01-29,Pro,171709,175010,1135278,1199424,75024153,64394863,74971965,64441002,4065049,2394833,3877094,2467855,147185885,147132350
2025-01-29,TOTAL,551419,551419,4625361,4625361,131221697,109749128,131221697,109749128,6779036,3911125,6779036,3911125,256837766,256837766
2025-01-30,Client,245143,284942,1268543,1245804,92985024,86335691,93001621,86033057,1498514,824413,1591511,786410,183157328,182943345
2025-01-30,DII,28870,44259,951020,958848,0,1,0,144,12454,0,1600,0,992345,1004851
2025-01-30,FII,89148,84445,1089045,1111620,26067919,27768659,26320104,28082885,404490,271070,438999,306011,55690331,56344064
2025-01-30,Pro,189764,139279,1644528,1636864,231929079,217619599,231660297,217607864,3017591,1835707,2900939,1838769,456236268,455784012
2025-01-30,TOTAL,552925,552925,4953136,4953136,350982022,331723950,350982022,331723950,4933049,2931190,4933049,2931190,696076272,696076272
2025-01-31,Client,88229,96017,471002,496419,6608131,6262676,6467081,6133651,1580687,612783,1504806,562228,15623508,15260202
2025-01-31,DII,2827,6449,64980,83810,0,4026,0,0,400,0,61539,0,72233,151798
2025-01-31,FII,20911,22144,444647,372423,1530312,1612471,1639836,1716856,593642,385712,645498,387147,4587695,4783904
2025-01-31,Pro,66608,53965,722002,749979,8045236,7834055,8076762,7862721,2411169,1368886,2374055,1418006,20447956,20535488
2025-01-31,TOTAL,178575,178575,1702631,1702631,16183679,15713228,16183679,15713228,4585898,2367381,4585898,2367381,40731392,40731392
2025-02-03,Client,77590,73596,447804,411385,10730899,9696638,10708702,9725439,1501874,661930,1337058,676509,23116735,22932689
2025-02-03,DII,3544,368,87217,91659,0,26,0,26,230,0,39334,0,91017,131387
2025-02-03,FII,18950,28815,497118,536209,2704095,2416742,2789766,2459753,638416,407827,676057,417769,6683148,6908369
2025-02-03,Pro,50259,47564,799633,792519,17461153,13985669,17397679,13913857,2548481,1663856,2636552,1639335,36509051,36427506
2025-02-03,TOTAL,150343,150343,1831772,1831772,30896147,26099075,30896147,26099075,4689001,2733613,4689001,2733613,66399951,66399951
2025-02-04,Client,112919,124157,452622,514987,13122645,11808639,13277340,11595479,1572911,675976,1621368,634420,27745712,27767751
2025-02-04,DII,275,10407,115306,85221,0,500,0,513,814,0,74045,0,116895,170186
2025-02-04,FII,59323,28610,566185,443642,3492533,3493587,3395804,3529546,697607,430254,727489,435249,8739489,8560340
2025-02-04,Pro,71888,81231,735017,825280,21092284,21395737,21034318,21572925,2793608,1572334,2642038,1608895,47660868,47764687
2025-02-04,TOTAL,244405,244405,1869130,1869130,37707462,36698463,37707462,36698463,5064940,2678564,5064940,2678564,84262964,84262964
2025-02-05,Client,56783,58329,438817,409213,15759437,15288452,15637911,15290379,1575243,607287,1515447,609784,33726019,33521063
2025-02-05,DII,224,328,74995,64868,0,500,0,500,0,0,27322,0,75719,93018
2025-02-05,FII,17680,13624,357067,394289,3345770,3637836,3397427,3692828,642137,397419,659564,393887,8397909,8551619
2025-02-05,Pro,33340,35746,630698,633207,22399670,25007194,22469539,24950275,2437459,1438323,2452506,1439358,51946684,51980631
2025-02-05,TOTAL,108027,108027,1501577,1501577,41504877,43933982,41504877,43933982,4654839,2443029,4654839,2443029,94146331,94146331
2025-02-06,Client,59522,52627,396786,339063,32363717,28761424,32625418,28897039,1431373,615378,1232214,652803,63628200,63799164
2025-02-06,DII,129,210,58999,71536,0,0,1850,10050,0,0,42555,0,59128,126201
2025-02-06,FII,12798,19585,354092,457542,6214827,5605546,6182322,5557773,599161,398210,623014,401033,13184634,13241269
2025-02-06,Pro,34677,34704,630437,572173,69729205,52492610,69498159,52394718,2136817,1450347,2269568,1410099,126474093,126179421
2025-02-06,TOTAL,107126,107126,1440314,1440314,108307749,86859580,108307749,86859580,4167351,2463935,4167351,2463935,203346055,203346055
2025-02-07,Client,106492,107542,437744,434814,11492198,10738993,11533152,10792938,1657785,724879,1606615,725073,25158091,25200134
2025-02-07,DII,2160,197,59046,68934,0,0,0,5395,0,0,34859,0,61206,109385
2025-02-07,FII,19036,25369,360132,357921,1974943,2080135,1953652,2060470,431384,278018,433507,275425,5143648,5106344
2025-02-07,Pro,76519,71099,680979,676232,17787168,17548837,17767505,17509162,2709602,1677554,2723790,1679953,40480659,40427741
2025-02-07,TOTAL,204207,204207,1537901,1537901,31254309,30367965,31254309,30367965,4798771,2680451,4798771,2680451,70843604,70843604
2025-02-10,Client,68036,61649,302926,282648,9517387,9003057,9516128,9064452,1202483,574706,1029515,614224,20668595,20568616
2025-02-10,DII,2013,982,47373,72773,0,500,0,2100,0,0,8085,0,49886,83940
2025-02-10,FII,12019,23037,256973,291566,1909233,1772378,1897199,1749194,556196,390700,579576,400561,4897499,4941133
2025-02-10,Pro,46741,43141,523316,483601,16476184,15339676,16489477,15299865,1885935,1334452,2027438,1285073,35606304,35628595
2025-02-10,TOTAL,128809,128809,1130588,1130588,27902804,26115611,27902804,26115611,3644614,2299858,3644614,2299858,61222284,61222284
2025-02-11,Client,95874,94594,377365,365565,11762111,11379304,11678021,11389444,1353750,781801,1203148,832346,25750205,25563118
2025-02-11,DII,4041,0,67040,97420,0,0,0,372,400,0,11750,0,71481,109542
2025-02-11,FII,17714,28676,341727,356942,2863385,3075275,2861504,3057262,690954,507529,710806,524150,7496584,7539340
2025-02-11,Pro,67037,61396,657520,623725,24174808,23422220,24260779,23429721,2383565,1782206,2502965,1715040,52487356,52593626
2025-02-11,TOTAL,184666,184666,1443652,1443652,38800304,37876799,38800304,37876799,4428669,3071536,4428669,3071536,85805626,85805626
2025-02-12,Client,118406,120969,452316,459996,24694585,25252949,24630007,25163107,1504686,897698,1465082,882265,52920640,52721426
2025-02-12,DII,10647,179,52837,108407,0,2500,0,1763,10109,0,22795,0,76093,133144
2025-02-12,FII,31233,33606,448982,396744,4126769,3738576,4139846,3753577,902015,673721,931547,673688,9921296,9929008
2025-02-12,Pro,89210,94742,838494,827482,49559317,43647448,49610818,43723026,3102581,2222441,3099967,2237907,99459491,99593942
2025-02-12,TOTAL,249496,249496,1792629,1792629,78380671,72641473,78380671,72641473,5519391,3793860,5519391,3793860,162377520,162377520
2025-02-13,Client,75228,79562,346691,365027,35794648,37533855,35909077,37666043,1361802,584084,1328489,554013,75696308,75902211
2025-02-13,DII,62,326,66860,63203,0,0,0,0,200,0,4264,0,67122,67793
2025-02-13,FII,23271,20039,330695,306323,6195135,7889373,6172966,7872474,690071,429007,722011,458244,15557552,15552057
2025-02-13,Pro,53423,52057,595024,604717,79263955,90639687,79171695,90524398,2387727,1472010,2385036,1472844,174411826,174210747
2025-02-13,TOTAL,151984,151984,1339270,1339270,121253738,136062915,121253738,136062915,4439800,2485101,4439800,2485101,265732808,265732808
2025-02-14,Client,103979,100941,380532,413888,13013083,14074277,13066853,14155735,1485444,867326,1335628,913810,29924641,29986855
2025-02-14,DII,575,4160,49898,68118,0,0,0,0,5323,180,12031,0,55976,84309
2025-02-14,FII,23709,29459,326870,316113,1763457,1991194,1759064,1947110,817754,609628,831932,649587,5532612,5533265
2025-02-14,Pro,82490,76193,738559,697740,21671896,21725180,21622519,21687806,2931823,2242982,3060753,2156719,49392930,49301730
2025-02-14,TOTAL,210753,210753,1495859,1495859,36448436,37790651,36448436,37790651,5240344,3720116,5240344,3720116,84906159,84906159
2025-02-17,Client,84096,85956,324172,324894,12908503,12061485,12968379,12002121,1263050,732406,1274764,672017,27373712,27328131
2025-02-17,DII,645,1714,44051,92893,0,0,0,0,12932,0,7339,0,57628,101946
2025-02-17,FII,26274,22635,358818,311127,1794576,1618529,1799341,1621006,791304,576276,804543,573434,5165777,5132086
2025-02-17,Pro,70253,70963,652267,650394,23075728,19846696,23011087,19903583,2782923,1844088,2763563,1907319,48271955,48306909
2025-02-17,TOTAL,181268,181268,1379308,1379308,37778807,33526710,37778807,33526710,4850209,3152770,4850209,3152770,80869072,80869072
2025-02-18,Client,70768,68894,301872,308096,11525758,10623555,11493638,10651916,1306590,644521,1284865,639786,24473064,24447195
2025-02-18,DII,65,634,91727,73648,0,0,0,0,8932,0,6737,0,100724,81019
2025-02-18,FII,25665,27297,296701,297920,1692663,1725751,1695575,1712032,810051,555486,788413,562609,5106317,5083846
2025-02-18,Pro,48490,48163,557732,568368,20333371,18858149,20362579,18843507,2552142,1659036,2597700,1656648,44008920,44076965
2025-02-18,TOTAL,144988,144988,1248032,1248032,33551792,31207455,33551792,31207455,4677715,2859043,4677715,2859043,73689025,73689025
2025-02-19,Client,87285,85994,396833,375830,20536169,18753746,20479859,18675726,1433634,716070,1507284,679415,41923737,41804108
2025-02-19,DII,7971,3256,150469,168679,0,0,0,0,0,0,3150,0,158440,175085
2025-02-19,FII,23868,22069,399287,382393,2410204,2630706,2397778,2635592,866271,611953,862613,592298,6942289,6892743
2025-02-19,Pro,57807,65612,647200,666887,33668878,33856542,33737614,33929676,2810352,1793955,2737210,1850265,72834734,72987264
2025-02-19,TOTAL,176931,176931,1593789,1593789,56615251,55240994,56615251,55240994,5110257,3121978,5110257,3121978,121859200,121859200
2025-02-20,Client,57931,55027,420992,428659,28913230,26441788,29008222,26429762,1433343,723255,1530202,686467,57990539,58138339
2025-02-20,DII,4470,72,268237,263996,0,0,0,0,398,0,1920,0,273105,265988
2025-02-20,FII,19309,25980,481378,448476,4824751,4589342,4823088,4628395,788050,542864,778808,529163,11245694,11233910
2025-02-20,Pro,36968,37599,614186,643662,64357850,57576240,64264521,57549213,2664639,1631014,2575500,1681503,126880897,126751998
2025-02-20,TOTAL,118678,118678,1784793,1784793,98095831,88607370,98095831,88607370,4886430,2897133,4886430,2897133,196390235,196390235
2025-02-21,Client,94746,102665,696460,681131,10934657,11515094,10934081,11589267,1668700,867882,1651983,923710,25777539,25882837
2025-02-21,DII,20380,21396,639382,631706,0,24,0,24,0,0,1000,0,659786,654126
2025-02-21,FII,45082,45769,1844346,1866875,1565487,1785652,1576281,1769260,941494,730496,927943,725423,6912557,6911551
2025-02-21,Pro,67467,57845,959010,959486,18527377,19042302,18517159,18984521,3379924,2319138,3409192,2268383,44295218,44196586
2025-02-21,TOTAL,227675,227675,4139198,4139198,31027521,32343072,31027521,32343072,5990118,3917516,5990118,3917516,77645100,77645100
2025-02-24,Client,110053,100225,780920,790920,12631843,12142437,12507163,12072525,1450015,896608,1463715,883765,28011876,27818313
2025-02-24,DII,47037,46560,873727,910485,0,0,0,2000,0,0,0,0,920764,959045
2025-02-24,FII,77428,85427,2284552,2258498,2878518,2539992,2901265,2537070,724427,600931,716554,597372,9105848,9096186
2025-02-24,Pro,69934,72240,960397,939693,23765370,19052733,23867303,19123567,3050291,2133389,3044464,2149791,49032114,49197058
2025-02-24,TOTAL,304452,304452,4899596,4899596,39275731,33735162,39275731,33735162,5224733,3630928,5224733,3630928,87070602,87070602
2025-02-25,Client,97986,97931,846112,864434,11483028,10254175,11489809,10156155,1296815,725855,1457412,748383,24703971,24814124
2025-02-25,DII,41410,45134,956876,949854,0,2666,0,4666,3435,0,1535,180,1004387,1001369
2025-02-25,FII,68350,67038,1702170,1667793,2787762,2354837,2789103,2380191,530177,410425,492424,403705,7853721,7800254
2025-02-25,Pro,54882,52525,988678,1011755,24354748,20186285,24346626,20256951,2767451,1805364,2646507,1789376,50157408,50103740
2025-02-25,TOTAL,262628,262628,4493836,4493836,38625538,32797963,38625538,32797963,4597878,2941644,4597878,2941644,83719487,83719487
2025-02-27,Client,164883,164527,1266963,1379537,32739434,33873483,32882514,33980046,1013539,793748,1104153,775718,69852050,70286495
2025-02-27,DII,18988,16856,1167433,1150558,0,2667,0,2667,3939,0,2666,0,1193027,1172747
2025-02-27,FII,94550,87945,863343,775190,6407831,6669316,6479745,6795553,312559,265952,324966,291989,14613551,14755388
2025-02-27,Pro,62177,71270,1531103,1523557,71534417,74712045,71319423,74479245,2104525,1613548,2002777,1605541,151557815,151001813
2025-02-27,TOTAL,340598,340598,4828842,4828842,110681682,115257511,110681682,115257511,3434562,2673248,3434562,2673248,237216443,237216443
2025-02-28,Client,111006,101967,442152,414143,10236511,11861021,10215694,11905884,1021460,696565,873407,734290,24368715,24245385
2025-02-28,DII,13379,318,108036,182837,0,3167,0,0,0,0,23758,0,124582,206913
2025-02-28,FII,27575,42632,485090,426947,2028124,2072836,2047356,2090145,450631,391215,516974,385154,5455471,5509208
2025-02-28,Pro,68962,76005,837545,848896,18594751,17920548,18596336,17861543,2033347,1640876,2091299,1609212,41096029,41083291
2025-02-28,TOTAL,220922,220922,1872823,1872823,30859386,31857572,30859386,31857572,3505438,2728656,3505438,2728656,71044797,71044797
2025-03-03,Client,83573,87043,417235,425677,12105654,12705496,12154975,12622781,1014443,619105,987759,591632,26945506,26869867
2025-03-03,DII,3825,0,58186,91891,3400,313,0,238,625,0,16370,0,66349,108499
2025-03-03,FII,25856,25057,391523,344145,2350585,2228952,2350750,2239988,521650,384894,520212,421160,5903460,5901312
2025-03-03,Pro,61735,62889,725308,730539,21518047,19245036,21471961,19316790,1951352,1420545,1963729,1411752,44922023,44957660
2025-03-03,TOTAL,174989,174989,1592252,1592252,35977686,34179797,35977686,34179797,3488070,2424544,3488070,2424544,77837338,77837338
2025-03-04,Client,71080,65738,343227,357467,10030346,9019457,10093576,9061877,918309,515944,905074,505536,20898363,20989268
2025-03-04,DII,3534,3,51640,53581,1400,306,0,1233,0,0,10604,0,56880,65421
2025-03-04,FII,19701,19332,314005,269550,2153652,1919449,2082347,1836033,435678,307584,426138,333301,5150069,4966701
2025-03-04,Pro,42904,52146,573366,601640,19208340,15037626,19217815,15077695,1579845,1119871,1592016,1104562,37561952,37645874
2025-03-04,TOTAL,137219,137219,1282238,1282238,31393738,25976838,31393738,25976838,2933832,1943399,2933832,1943399,63667264,63667264
2025-03-05,Client,83933,82220,444471,449687,22500930,18393424,22552753,18312797,1282406,592540,1386194,556847,43297704,43340498
2025-03-05,DII,1485,734,72894,69811,0,1378,0,835,642,0,7121,0,76399,78501
2025-03-05,FII,23084,20239,372981,345628,3621468,2970757,3601266,2990563,572157,365378,579234,366927,7925825,7903857
2025-03-05,Pro,49538,54847,682827,708047,35571270,32818143,35539649,32879507,2285370,1335566,2168026,1369710,72742714,72719786
2025-03-05,TOTAL,158040,158040,1573173,1573173,61693668,54183702,61693668,54183702,4140575,2293484,4140575,2293484,124042642,124042642
2025-03-06,Client,82611,89956,418600,435134,43511444,38054113,43661957,37921252,1187392,543445,1193079,525730,83797605,83827108
2025-03-06,DII,11998,3382,99444,58052,0,1035,0,2535,356,0,8074,0,112833,72043
2025-03-06,FII,36900,26677,367493,343541,8894077,8476552,8889491,8602128,531141,367511,541986,361491,18673674,18765314
2025-03-06,Pro,54497,65991,615320,664130,93000552,92749021,92854625,92754806,1939699,1199305,1915449,1223040,189558394,189478041
2025-03-06,TOTAL,186006,186006,1500857,1500857,145406073,139280721,145406073,139280721,3658588,2110261,3658588,2110261,292142506,292142506
2025-03-07,Client,73338,74190,361519,356601,12968882,11672340,12974677,11695748,1182806,552932,1129707,558968,26811817,26789891
2025-03-07,DII,75,1631,56675,35443,0,2227,0,2227,1700,0,12510,0,60677,51811
2025-03-07,FII,17343,19146,243454,270154,2141657,2194809,2105912,2144345,477577,339129,491354,327943,5413969,5358854
2025-03-07,Pro,53188,48977,546418,545868,19525669,17956283,19555619,17983339,1794978,1173424,1823490,1178574,41049960,41135867
2025-03-07,TOTAL,143944,143944,1208066,1208066,34636208,31825659,34636208,31825659,3457061,2065485,3457061,2065485,73336423,73336423
2025-03-10,Client,72538,77094,350788,364114,12550629,12209766,12452379,12257553,1152236,589160,1018111,606771,26925117,26776022
2025-03-10,DII,0,393,74786,36726,0,2116,2695,0,80,0,37250,0,76982,77064
2025-03-10,FII,16212,19533,254938,275693,2488392,2670764,2476030,2653772,475979,372942,500053,359452,6279227,6284533
2025-03-10,Pro,48278,40008,639911,643890,22701694,22981656,22809611,22952977,2071140,1447447,2144021,1443326,49890126,50033833
2025-03-10,TOTAL,137028,137028,1320423,1320423,37740715,37864302,37740715,37864302,3699435,2409549,3699435,2409549,83171452,83171452
2025-03-11,Client,75640,74436,424602,435411,11930888,10877414,12022322,10852779,1208019,676850,1174292,649487,25193413,25208727
2025-03-11,DII,5788,1104,65707,77042,0,109,49,0,2845,0,24379,0,74449,102574
2025-03-11,FII,18686,18178,349002,352007,2684180,2818476,2628542,2744742,485369,361916,503170,358370,6717629,6605009
2025-03-11,Pro,48817,55213,726231,701082,24633560,20709924,24597715,20808402,2134055,1400873,2128447,1431782,49653460,49722641
2025-03-11,TOTAL,148931,148931,1565542,1565542,39248628,34405923,39248628,34405923,3830288,2439639,3830288,2439639,81638951,81638951
2025-03-12,Client,79005,72948,393827,401999,22399970,20915277,22287255,20851649,1311217,696576,1219272,691097,45795872,45524220
2025-03-12,DII,257,113,89016,61381,0,166,551,207,500,0,24628,0,89939,86880
2025-03-12,FII,14804,19314,342449,331825,4057255,4556062,4089059,4575875,576714,431132,613166,431354,9978416,10060593
2025-03-12,Pro,50732,52423,587763,617850,42952915,38255651,43033275,38299425,2242118,1483776,2273483,1489033,85572955,85765489
2025-03-12,TOTAL,144798,144798,1413055,1413055,69410140,63727156,69410140,63727156,4130549,2611484,4130549,2611484,141437182,141437182
2025-03-13,Client,57563,61611,287467,274647,37970673,36315605,37779266,36445670,1022198,509630,975817,520941,76163136,76057952
2025-03-13,DII,3608,0,70889,44301,0,502,373,626,24,0,4494,0,75023,49794
2025-03-13,FII,16720,17273,249824,286458,6490018,6825259,6757403,7009679,439121,320640,462955,321309,14341582,14855077
2025-03-13,Pro,39662,38669,443037,445811,85664119,80519756,85587768,80205147,1690296,1113241,1708373,1101261,169470111,169087029
2025-03-13,TOTAL,117553,117553,1051217,1051217,130124810,123661122,130124810,123661122,3151639,1943511,3151639,1943511,260049852,260049852
2025-03-17,Client,64336,69618,295148,299138,12339547,12201578,12526501,12187721,1151142,578942,1145634,525734,26630693,26754346
2025-03-17,DII,86,0,53567,79403,0,0,276,0,0,0,5992,0,53653,85671
2025-03-17,FII,20361,8211,279446,222428,2024735,2265023,1961731,2255352,532534,360192,553800,369714,5482291,5371236
2025-03-17,Pro,38207,45161,481467,508659,18293188,18590041,18168962,18613569,2024573,1282550,2002823,1326236,40710026,40665410
2025-03-17,TOTAL,122990,122990,1109628,1109628,32657470,33056642,32657470,33056642,3708249,2221684,3708249,2221684,72876663,72876663
2025-03-18,Client,93993,117112,401428,436855,13230910,12553502,13281592,12267564,1413375,717654,1569637,663749,28410862,28336509
2025-03-18,DII,1575,742,89878,77551,0,4000,336,0,0,0,1100,0,95453,79729
2025-03-18,FII,48505,17732,332154,271808,2475584,2586505,2483998,2646639,623340,388327,605275,386618,6454415,6412070
2025-03-18,Pro,65299,73786,562287,599533,23175142,22825095,23115710,23054899,2459391,1504741,2320094,1560355,50591955,50724377
2025-03-18,TOTAL,209372,209372,1385747,1385747,38881636,37969102,38881636,37969102,4496106,2610722,4496106,2610722,85552685,85552685
2025-03-19,Client,71308,87621,495977,512885,20464237,17908832,20442666,17913205,1894957,825955,1899336,799542,41661266,41655255
2025-03-19,DII,7659,986,126760,91699,0,5800,115,0,1075,0,11316,0,141294,104116
2025-03-19,FII,32178,19457,316384,310330,2672240,2978850,2589907,2931220,835940,505461,822672,498375,7341053,7171961
2025-03-19,Pro,48409,51490,654705,678912,30392202,30329970,30495991,30379027,3012058,1832892,3010706,1866391,66270236,66482517
2025-03-19,TOTAL,159554,159554,1593826,1593826,53528679,51223452,53528679,51223452,5744030,3164308,5744030,3164308,115413849,115413849
2025-03-20,Client,89240,112279,556844,613873,41099649,37092755,40996311,37088826,2040191,934628,2027545,914893,81813307,81753727
2025-03-20,DII,4477,451,206209,148538,0,1000,87,0,0,0,2081,0,211686,151157
2025-03-20,FII,39991,22671,423713,377632,5758311,6444051,5912486,6664068,955648,597299,972807,612528,14219013,14562192
2025-03-20,Pro,66098,64405,745920,792643,80732107,85827709,80681183,85612621,3421916,2187989,3415322,2192495,172981739,172758669
2025-03-20,TOTAL,199806,199806,1932686,1932686,127590067,129365515,127590067,129365515,6417755,3719916,6417755,3719916,269225745,269225745
2025-03-21,Client,91003,111054,663532,708355,17286541,13338275,17307041,13290519,2348201,1047658,2418237,1036328,34775210,34871534
2025-03-21,DII,3435,2872,315644,291169,0,1500,67,1500,0,0,8686,0,320579,304294
2025-03-21,FII,33823,19468,693908,664125,3128331,3062293,3146592,3119215,1175560,685419,1175469,697436,8779334,8822305
2025-03-21,Pro,69987,64854,909925,919360,24793957,22283822,24755129,22274656,4161195,2592097,4082564,2591410,54810983,54687973
2025-03-21,TOTAL,198248,198248,2583009,2583009,45208829,38685890,45208829,38685890,7684956,4325174,7684956,4325174,98686106,98686106
2025-03-24,Client,115700,124219,867104,893766,20096823,13324651,20012239,13261720,2303256,924370,2303326,927726,37631904,37522996
2025-03-24,DII,33150,37721,823054,798512,0,13753,40,10927,1315,0,3278,0,871272,850478
2025-03-24,FII,37210,35991,2110414,2096919,4408794,4015532,4463370,4074703,1078842,572852,1064901,555204,12223644,12291088
2025-03-24,Pro,90992,79121,980338,991713,30093729,25417279,30123697,25423865,4191702,2511626,4203610,2525918,63285666,63347924
2025-03-24,TOTAL,277052,277052,4780910,4780910,54599346,42771215,54599346,42771215,7575115,4008848,7575115,4008848,114012486,114012486
2025-03-25,Client,119019,123373,940012,962065,17211890,13909066,17048359,14008937,2102460,954878,2003071,988874,35237325,35134679
2025-03-25,DII,37123,45240,959277,941955,0,26307,144,383,272,0,800,0,1022979,988522
2025-03-25,FII,55123,50231,2040116,2015815,4577367,4828202,4542092,4721451,989950,602376,1018260,586233,13093134,12934082
2025-03-25,Pro,94265,86686,1110761,1130331,27891202,26412610,28089864,26445414,4053624,2523068,4124175,2505215,62085530,62381685
2025-03-25,TOTAL,305530,305530,5050166,5050166,49680459,45176185,49680459,45176185,7146306,4080322,7146306,4080322,111438968,111438968
2025-03-26,Client,106369,103523,806969,813164,23781438,26750222,23828737,26848078,1650759,917793,1643717,932741,54013550,54169960
2025-03-26,DII,50806,48952,949121,954240,0,3031,36,617,2045,0,2862,0,1005003,1006707
2025-03-26,FII,94622,87751,1523601,1513327,5716509,6139909,5640330,6056810,701845,459958,716472,483796,14636444,14498486
2025-03-26,Pro,73979,85550,1064060,1063020,44411660,44327127,44440504,44314784,3498320,2262218,3489918,2223432,95637364,95617208
2025-03-26,TOTAL,325776,325776,4343751,4343751,73909607,77220289,73909607,77220289,5852969,3639969,5852969,3639969,165292361,165292361
2025-03-27,Client,127412,129210,1025811,1075328,43261488,41779008,43595588,42056314,1072641,592221,1170066,610287,87858581,88636793
2025-03-27,DII,12787,12878,889114,902343,0,22358,31,1915,8755,0,1050,0,933014,918217
2025-03-27,FII,53225,48337,926486,902185,13205604,14976639,13238498,15054023,342099,229240,362646,218054,29733293,29823743
2025-03-27,Pro,69592,72591,1457320,1418875,103635659,106635119,103268634,106300872,2217856,1297251,2107589,1290371,215312797,214458932
2025-03-27,TOTAL,263016,263016,4298731,4298731,160102751,163413124,160102751,163413124,3641351,2118712,3641351,2118712,333837685,333837685
2025-03-28,Client,101402,87430,470399,414853,12069863,12334672,11966762,12281088,1098942,481256,979437,498732,26556534,26228302
2025-03-28,DII,978,1010,68152,71414,0,0,0,3000,27,0,24425,0,69157,99849
2025-03-28,FII,19101,37553,309712,352241,2841125,3282976,2917942,3329385,502042,350337,543347,369180,7305293,7549648
2025-03-28,Pro,63616,59104,685568,695323,18637382,16994453,18663666,16998628,2005745,1328141,2059547,1291822,39714905,39768090
2025-03-28,TOTAL,185097,185097,1533831,1533831,33548370,32612101,33548370,32612101,3606756,2159734,3606756,2159734,73645889,73645889
2025-04-01,Client,124403,115679,484807,463233,11858256,11897128,11689064,11916527,912665,469268,796555,479583,25746527,25460641
2025-04-01,DII,9161,132,48856,95056,0,4000,0,5000,770,0,71973,0,62787,172161
2025-04-01,FII,18649,36220,344108,323538,3508032,3610102,3510830,3561974,506481,349413,534119,386942,8336785,8353623
2025-04-01,Pro,78241,78423,655642,651586,23943238,20810376,24109632,20838105,1829292,1255662,1846561,1207818,48572451,48732125
2025-04-01,TOTAL,230454,230454,1533413,1533413,39309526,36321606,39309526,36321606,3249208,2074343,3249208,2074343,82718550,82718550
2025-04-02,Client,63180,69184,362422,390482,19680561,17847065,19720890,17690869,972085,481965,973595,439346,39407278,39284366
2025-04-02,DII,2233,250,55336,75109,27033,9258,0,0,150,0,38599,0,94010,113958
2025-04-02,FII,16110,11861,326565,259048,4156104,4259661,4207170,4365679,509005,321778,521448,334120,9589223,9699326
2025-04-02,Pro,42420,42648,520815,540499,32022372,29409627,31958010,29469063,1754358,1071877,1701956,1102154,64821469,64814330
2025-04-02,TOTAL,123943,123943,1265138,1265138,55886070,51525611,55886070,51525611,3235598,1875620,3235598,1875620,113911980,113911980
2025-04-03,Client,66924,61780,419822,382414,33053574,33736561,33275941,33830222,1205485,572183,1080565,586190,69054549,69217112
2025-04-03,DII,7899,500,58073,59889,0,2666,27033,12195,914,0,37756,0,69552,137373
2025-04-03,FII,14878,25739,317705,359406,6743152,7281416,6771462,7356066,610109,403101,635862,416882,15370361,15565417
2025-04-03,Pro,42015,43697,630367,624258,63719937,67590476,63442227,67412636,2057059,1341242,2119384,1313454,135381096,134955656
2025-04-03,TOTAL,131716,131716,1425967,1425967,103516663,108611119,103516663,108611119,3873567,2316526,3873567,2316526,219875558,219875558
2025-04-04,Client,99069,89228,504446,475678,12590961,13332336,12596188,13488112,1464222,861190,1197473,917998,28852224,28764677
2025-04-04,DII,1800,2529,157469,106926,0,15140,0,3750,147,0,61443,0,174556,174648
2025-04-04,FII,25205,38607,431506,513502,3348311,3365176,3293416,3250296,758820,581625,830656,589114,8510643,8515591
2025-04-04,Pro,71745,67455,851183,848498,21880255,18815851,21929923,18786345,2812084,1987994,2945701,1923697,46419112,46501619
2025-04-04,TOTAL,197819,197819,1944604,1944604,37819527,35528503,37819527,35528503,5035273,3430809,5035273,3430809,83956535,83956535
2025-04-07,Client,182259,184818,513995,577046,13293708,10899314,13363469,10919127,1362006,966630,1352061,1021781,27217912,27418302
2025-04-07,DII,6304,5408,134415,162519,0,6666,0,22556,55,0,37308,0,147440,227791
2025-04-07,FII,57828,78851,551313,503884,4941731,2682029,4885710,2635224,913703,735231,890214,671461,9881835,9665344
2025-04-07,Pro,209288,186602,1178756,1135030,32391803,17851534,32378063,17862636,3113100,2471282,3109281,2479901,57215763,57151513
2025-04-07,TOTAL,455679,455679,2378479,2378479,50627242,31439543,50627242,31439543,5388864,4173143,5388864,4173143,94462950,94462950
2025-04-08,Client,126963,129858,398029,386354,16143323,12810073,16263136,12991892,1287753,581452,1263918,555094,31347593,31590252
2025-04-08,DII,2904,368,81662,65260,150,2239,0,3638,1127,84,16020,0,88166,85286
2025-04-08,FII,29897,31411,379813,387828,5921474,4446463,5729207,4241117,700611,465840,705773,478345,11944098,11573681
2025-04-08,Pro,97395,95522,728932,748994,32234202,23191917,32306806,23214045,2350535,1437500,2354315,1451437,60040481,60171119
2025-04-08,TOTAL,257159,257159,1588436,1588436,54299149,40450692,54299149,40450692,4340026,2484876,4340026,2484876,103420338,103420338
2025-04-09,Client,83165,75265,351597,333778,33466182,30112731,33258367,30022761,1138805,577059,1065715,568898,65729539,65324784
2025-04-09,DII,446,926,76058,65828,90,2361,0,10782,187,0,10078,0,79142,87614
2025-04-09,FII,28288,34994,323129,344899,7495339,7554462,7765568,7831239,548907,371395,572062,376062,16321520,16924824
2025-04-09,Pro,65192,65906,600977,607256,73160576,65248272,73098252,65053044,1929654,1245253,1969698,1248747,142249924,142042903
2025-04-09,TOTAL,177091,177091,1351761,1351761,114122187,102917826,114122187,102917826,3617553,2193707,3617553,2193707,224380125,224380125
2025-04-11,Client,97994,103569,406134,392132,10336467,8655868,10502893,8688584,1501400,705576,1564978,665787,21703439,21917943
2025-04-11,DII,305,977,53906,94254,165,3000,0,10127,1782,0,13963,0,59158,119321
2025-04-11,FII,35076,20475,368261,288651,2903084,2919735,2795412,2833656,639502,401670,663018,395191,7267328,6996403
2025-04-11,Pro,72503,80857,638465,691729,16167611,13643197,16109022,13689433,2659431,1603282,2560156,1649550,34784489,34780747
2025-04-11,TOTAL,205878,205878,1466766,1466766,29407327,25221800,29407327,25221800,4802115,2710528,4802115,2710528,63814414,63814414
2025-04-15,Client,88766,93363,429666,484712,8974016,7881329,8801976,7574267,1656828,745932,1679532,654758,19776537,19288608
2025-04-15,DII,1102,62,119511,82905,0,7318,0,5000,8866,0,12239,0,136797,100206
2025-04-15,FII,34719,20832,441112,367193,2744928,2803998,2978414,3088350,689069,374512,737225,433601,7088338,7625615
2025-04-15,Pro,54736,65066,633323,688802,15338378,14995742,15276932,15020770,2796268,1657732,2722035,1689817,35476179,35463422
2025-04-15,TOTAL,179323,179323,1623612,1623612,27057322,25688387,27057322,25688387,5151031,2778176,5151031,2778176,62477851,62477851
2025-04-16,Client,87346,89054,505946,507012,20178147,16564877,20334335,16634309,1816173,789549,1796129,777228,39942038,40138067
2025-04-16,DII,723,224,153475,73137,0,9309,0,909,145,1300,11911,0,164952,86181
2025-04-16,FII,21078,19800,408007,432428,4993272,4664301,4887378,4578621,731540,435230,772399,422807,11253428,11113433
2025-04-16,Pro,50567,50636,655375,710226,36174407,29322991,36124113,29347639,3030519,1787555,2997938,1813599,71021414,71044151
2025-04-16,TOTAL,159714,159714,1722803,1722803,61345826,50561478,61345826,50561478,5578377,3013634,5578377,3013634,122381832,122381832
2025-04-17,Client,137406,152225,661847,710984,48404322,40703362,48620349,40596625,1961169,945956,2152010,911725,92814062,93143918
2025-04-17,DII,1038,2489,265784,217276,0,5900,0,3400,1005,0,9358,0,273727,232523
2025-04-17,FII,41721,38925,716449,642019,12458727,11072172,12590987,11293884,937860,526825,879787,505608,25753754,25951210
2025-04-17,Pro,102430,88956,801642,875443,102338713,93645646,101990426,93533171,3684027,2087583,3542906,2143031,202660041,202173933
2025-04-17,TOTAL,282595,282595,2445722,2445722,163201762,145427080,163201762,145427080,6584061,3560364,6584061,3560364,321501584,321501584
2025-04-21,Client,113432,121594,1013028,1026927,15056364,12142928,14914491,11964772,2513355,962846,2572096,922958,31801953,31522838
2025-04-21,DII,17478,18625,870384,828221,0,17965,0,8770,2744,0,6341,1050,908571,863007
2025-04-21,FII,57145,51142,2331374,2325675,3415702,4109296,3476295,4192653,1060560,487909,1008265,498088,11461986,11552118
2025-04-21,Pro,85778,82472,1074030,1107993,20788776,22414087,20870056,22518081,4558940,2432528,4548897,2461187,51354139,51588686
2025-04-21,TOTAL,273833,273833,5288816,5288816,39260842,38684276,39260842,38684276,8135599,3883283,8135599,3883283,95526649,95526649
2025-04-22,Client,92806,97235,967523,969797,13620686,10806299,13598814,10824179,2084343,826036,2087106,835919,28397693,28413050
2025-04-22,DII,46444,50974,934967,903024,50,3650,0,1110,9655,5,238,0,994771,955346
2025-04-22,FII,65126,66191,2187225,2194341,3376860,3701988,3388149,3714263,904795,470019,913229,469465,10706013,10745638
2025-04-22,Pro,67793,57769,1005959,1028512,21100733,20477114,21111366,20449499,3809867,2150811,3808087,2141487,48612277,48596720
2025-04-22,TOTAL,272169,272169,5095674,5095674,38098329,34989051,38098329,34989051,6808660,3446871,6808660,3446871,88710754,88710754
2025-04-23,Client,119351,120045,1034341,1070017,25946651,24289960,25931782,24263539,1947040,884031,2121854,870422,54221374,54377659
2025-04-23,DII,41799,43690,1041222,993228,0,10517,26,1817,14092,80,1615,5,1107710,1040381
2025-04-23,FII,64878,57314,1728578,1658369,6177174,6714829,6188762,6776488,889507,461466,880453,487325,16036432,16048711
2025-04-23,Pro,77593,82572,1209567,1292094,43001255,43244145,43004510,43217607,4474118,2369119,4320835,2356944,94375797,94274562
2025-04-23,TOTAL,303621,303621,5013708,5013708,75125080,74259451,75125080,74259451,7324757,3714696,7324757,3714696,165741313,165741313
2025-04-24,Client,107466,112713,1012551,1036427,38052624,38940180,38219668,39277212,1157439,544805,1279348,573848,79815065,80499216
2025-04-24,DII,19692,23217,919258,924052,0,1000,24,0,14074,0,3043,80,954024,950416
2025-04-24,FII,47474,41873,850655,800404,10301425,11695054,10352414,11680398,437145,250397,422012,267052,23582150,23564153
2025-04-24,Pro,62231,59060,1291070,1312651,85429096,90921279,85211039,90599903,2375351,1333190,2279606,1287412,181412217,180749671
2025-04-24,TOTAL,236863,236863,4073534,4073534,133783145,141557513,133783145,141557513,3984009,2128392,3984009,2128392,285763456,285763456
2025-04-25,Client,158102,154772,555174,592946,14452120,14455773,14358408,14357431,1080562,593434,1016108,638317,31295165,31117982
2025-04-25,DII,241,3477,91655,76893,0,6101,0,0,0,0,14268,0,97997,94638
2025-04-25,FII,40694,51080,462358,446527,3051230,3705145,3211048,3876459,486053,410018,513740,414742,8155498,8513596
2025-04-25,Pro,96597,86305,831880,824701,22921896,20906307,22855790,20839436,2110512,1561299,2133011,1511692,48428491,48250935
2025-04-25,TOTAL,295634,295634,1941067,1941067,40425246,39073326,40425246,39073326,3677127,2564751,3677127,2564751,87977151,87977151
2025-04-28,Client,91139,100569,408847,437591,14169137,11185053,14216112,11058761,1030802,441208,1065241,400057,27326186,27278331
2025-04-28,DII,518,11605,47775,83860,0,0,0,0,0,0,33075,0,48293,128540
2025-04-28,FII,27773,15323,388000,303104,3007919,3542920,2999358,3586241,426547,277418,423982,295413,7670577,7623421
2025-04-28,Pro,63287,55220,575953,596020,21640426,19317961,21602012,19400932,1841158,1112908,1776209,1136064,44551693,44566457
2025-04-28,TOTAL,182717,182717,1420575,1420575,38817482,34045934,38817482,34045934,3298507,1831534,3298507,1831534,79596749,79596749
2025-04-29,Client,81476,78208,393371,384727,12613138,11631533,12496993,11633918,1044566,408717,1029472,405135,26172801,26028453
2025-04-29,DII,5,9140,67118,58002,0,1400,0,5900,60,0,22643,0,68583,95685
2025-04-29,FII,21081,16202,274046,277574,3270201,3791264,3332720,3800377,437245,267750,409934,293374,8061587,8130181
2025-04-29,Pro,49527,48539,518244,532476,24296392,21928630,24350018,21912632,1693365,1038167,1713187,1016125,49524325,49572977
2025-04-29,TOTAL,152089,152089,1252779,1252779,40179731,37352827,40179731,37352827,3175236,1714634,3175236,1714634,83827296,83827296
2025-04-30,Client,62600,68732,368158,389822,35515032,33988874,35912443,34247560,1017209,473328,983461,482622,71425201,72084640
2025-04-30,DII,122,3041,69490,82203,0,0,0,0,352,0,12004,0,69964,97248
2025-04-30,FII,22950,15053,363475,322191,7022969,7471295,6934949,7416097,454683,256087,426506,284079,15591459,15398875
2025-04-30,Pro,42539,41385,541630,548537,71358936,74997977,71049545,74794489,1657239,1064594,1707512,1027308,149662915,149168776
2025-04-30,TOTAL,128211,128211,1342753,1342753,113896937,116458146,113896937,116458146,3129483,1794009,3129483,1794009,236749539,236749539
2025-05-02,Client,133876,130988,439104,428330,15009429,12567584,14888180,12536934,1168743,542793,1124094,528673,29861529,29637199
2025-05-02,DII,3369,3109,65954,79179,160,0,0,3700,214,0,11722,0,69697,97710
2025-05-02,FII,29188,27676,358873,359933,3231274,3690628,3350838,3742665,425179,292606,451605,312861,8027748,8245578
2025-05-02,Pro,87677,92337,643657,640146,21698469,19185901,21700314,19160814,1941489,1313712,1948204,1307577,44870905,44849392
2025-05-02,TOTAL,254110,254110,1507588,1507588,39939332,35444113,39939332,35444113,3535625,2149111,3535625,2149111,82829879,82829879
2025-05-05,Client,70374,70301,391892,393468,12049467,10450650,11967486,10255430,1200698,473545,1182976,444514,24636626,24314175
2025-05-05,DII,72,1265,43703,79505,0,0,0,0,259,0,30826,0,44034,111596
2025-05-05,FII,20493,17818,328940,280670,2548446,2717808,2625690,2839395,521206,309359,555197,293132,6446252,6611902
2025-05-05,Pro,46013,47568,546087,556979,19313111,16627708,19317848,16701341,2011906,1148383,1965070,1193641,39693208,39782447
2025-05-05,TOTAL,136952,136952,1310622,1310622,33911024,29796166,33911024,29796166,3734069,1931287,3734069,1931287,70820120,70820120
2025-05-06,Client,70427,73784,396822,407549,9111145,9787955,9178861,9966492,1186020,591460,1069435,597927,21143829,21294048
2025-05-06,DII,14,1737,87009,51552,0,13811,160,0,75,110,33060,0,101019,86509
2025-05-06,FII,20275,17352,343275,348106,2479423,2829912,2438298,2739753,543890,349871,550081,370623,6566646,6464213
2025-05-06,Pro,42349,40192,570072,589971,17390573,16001596,17363822,15927029,1971015,1291784,2048424,1264675,37267389,37234113
2025-05-06,TOTAL,133065,133065,1397178,1397178,28981141,28633274,28981141,28633274,3701000,2233225,3701000,2233225,65078883,65078883
2025-05-07,Client,99417,90987,397787,410039,22207438,18292385,22232010,18242505,1063232,569445,1084929,546383,42629704,42606853
2025-05-07,DII,3258,7237,44165,93230,0,746,0,3790,2951,0,13228,0,51120,117485
2025-05-07,FII,22511,19406,349090,305075,3957054,4147323,3964359,4165871,551193,376739,524617,365181,9403910,9344509
2025-05-07,Pro,59556,67112,600512,583210,36885341,29276198,36853464,29304486,1910730,1276070,1905332,1310690,70008407,70024294
2025-05-07,TOTAL,184742,184742,1391554,1391554,63049833,51716652,63049833,51716652,3528106,2222254,3528106,2222254,122093141,122093141
2025-05-08,Client,89523,102304,443931,455884,34766459,38919924,34989159,39438555,1220175,655327,1160680,721294,76095339,76867876
2025-05-08,DII,8625,977,100541,60994,0,6069,0,1254,1571,0,10961,0,116806,74186
2025-05-08,FII,37802,30796,447109,468287,6515027,8153340,6305939,7871437,554407,395323,537786,409305,16103008,15623550
2025-05-08,Pro,58480,60353,686766,693182,73320169,93522791,73306557,93290878,2107004,1583876,2173730,1503927,171279086,171028627
2025-05-08,TOTAL,194430,194430,1678347,1678347,114601655,140602124,114601655,140602124,3883157,2634526,3883157,2634526,263594239,263594239
2025-05-09,Client,122736,108644,414250,412773,9277120,9075091,9202873,8971739,1162553,767904,1119749,772784,20819654,20588562
2025-05-09,DII,16871,140,61196,91798,0,400,0,0,1153,0,32858,0,79620,124796
2025-05-09,FII,27517,42401,360161,375763,2683920,2716886,2779595,2792833,500320,413937,507511,388566,6702741,6886669
2025-05-09,Pro,81616,97555,690410,645683,15686386,12822272,15664958,12850077,2103453,1614829,2107361,1635320,32998966,33000954
2025-05-09,TOTAL,248740,248740,1526017,1526017,27647426,24614649,27647426,24614649,3767479,2796670,3767479,2796670,60600981,60600981
2025-05-12,Client,153782,151405,579487,577522,15827600,9984749,15889489,9991858,1620569,774573,1702877,684631,28940760,28997782
2025-05-12,DII,1047,7400,92735,116109,0,0,0,5848,1918,0,64450,0,95700,193807
2025-05-12,FII,39136,31563,486540,378109,3775435,3315423,3745097,3322706,738900,442813,747574,450555,8798247,8675604
2025-05-12,Pro,91294,94891,762898,849920,23652646,18705315,23621095,18685075,2891211,1716235,2737697,1798435,47819599,47787113
2025-05-12,TOTAL,285259,285259,1921660,1921660,43255681,32005487,43255681,32005487,5252598,2933621,5252598,2933621,85654306,85654306
2025-05-13,Client,144570,104382,489960,384717,13843797,12440935,13661486,12477712,1449801,588617,1244246,626372,28957680,28498915
2025-05-13,DII,857,5070,66589,100366,0,0,0,3971,18,0,8787,0,67464,118194
2025-05-13,FII,24244,60897,312443,419144,3951830,3755037,4033690,3766827,623779,402999,671278,402611,9070332,9354447
2025-05-13,Pro,82283,81605,681557,646322,25462027,21152453,25562478,21099915,2188170,1462538,2337457,1425171,51029028,51152948
2025-05-13,TOTAL,251954,251954,1550549,1550549,43257654,37348425,43257654,37348425,4261768,2454154,4261768,2454154,89124504,89124504
2025-05-14,Client,81987,88295,468480,456217,22203370,20221806,22301077,20173826,1568321,635335,1501542,597182,45179299,45118139
2025-05-14,DII,49,241,83505,96896,0,2282,0,2323,0,0,17506,0,85836,116966
2025-05-14,FII,20526,18829,331492,331472,4666027,4594638,4652749,4617011,706253,395004,722628,411159,10713940,10753848
2025-05-14,Pro,52910,48107,631341,630233,38803164,36147767,38718735,36173333,2474431,1464239,2507329,1486237,79573852,79563974
2025-05-14,TOTAL,155472,155472,1514818,1514818,65672561,60966493,65672561,60966493,4749005,2494578,4749005,2494578,135552927,135552927
2025-05-15,Client,134164,148777,476021,529033,47564905,42211919,47916097,42141116,1638493,705999,1721280,647849,92731501,93104152
2025-05-15,DII,2100,19873,97793,98322,0,67,0,67,0,0,22587,0,99960,140849
2025-05-15,FII,51012,29730,453171,353172,13799892,11100317,13692651,11146729,810508,434905,792580,457832,26649805,26472694
2025-05-15,Pro,100935,89831,720254,766712,114599521,100042783,114355570,100067174,2812981,1644915,2725535,1680138,219921389,219684960
2025-05-15,TOTAL,288211,288211,1747239,1747239,175964318,153355086,175964318,153355086,5261982,2785819,5261982,2785819,339402655,339402655
2025-05-16,Client,57446,47499,508220,465371,9512564,8570973,9485872,8561358,2075114,713423,1965456,696409,21437740,21221965
2025-05-16,DII,1621,239,80691,98890,0,1678,0,678,26,0,4356,0,84016,104163
2025-05-16,FII,14806,24520,280667,309440,1980499,2022851,1998058,2058374,786879,403254,818235,427498,5488956,5636125
2025-05-16,Pro,37667,39282,653782,649659,12674557,12052471,12683690,12027563,2963223,1630668,3037195,1623438,30012368,30060827
2025-05-16,TOTAL,111540,111540,1523360,1523360,24167620,22647973,24167620,22647973,5825242,2747345,5825242,2747345,57023080,57023080
2025-05-19,Client,57450,59495,457929,435393,9887903,9264766,9829935,9264075,2021313,696806,1890767,694758,22386167,22174423
2025-05-19,DII,402,1227,98765,79404,0,2874,0,474,101,0,1150,0,102142,82255
2025-05-19,FII,14547,14810,298452,357120,2145161,2070731,2153088,2058831,744191,386707,772440,400556,5659789,5756845
2025-05-19,Pro,39947,36814,639948,623177,13653153,12807871,13703194,12822862,3008593,1674223,3109841,1662422,31823735,31958310
2025-05-19,TOTAL,112346,112346,1495094,1495094,25686217,24146242,25686217,24146242,5774198,2757736,5774198,2757736,59971833,59971833
2025-05-20,Client,101998,75831,473294,435964,11247937,12069387,11315766,12124704,1883741,766672,1717047,826938,26543029,26496250
2025-05-20,DII,14242,28765,112749,137213,0,942,0,2542,797,0,5550,0,128730,174070
2025-05-20,FII,15734,30984,339495,401917,3070212,3119964,3056714,3099974,794467,475404,836257,476158,7815276,7902004
2025-05-20,Pro,67409,63803,696351,646795,20070398,18937692,20016067,18900765,2981566,1870843,3101717,1809823,44624259,44538970
2025-05-20,TOTAL,199383,199383,1621889,1621889,34388547,34127985,34388547,34127985,5660571,3112919,5660571,3112919,79111294,79111294
2025-05-21,Client,115204,106857,434900,455777,24590821,21264640,24780334,21356044,1815302,804825,1821865,758254,49025692,49279131
2025-05-21,DII,2,16759,89151,92102,0,1365,0,548,0,2536,0,0,93054,109409
2025-05-21,FII,20123,18964,328897,302014,5078492,4360274,4971291,4276957,818861,453835,829935,470707,11060482,10869868
2025-05-21,Pro,73651,66400,634290,637345,38735717,32466912,38653405,32459642,3189753,1832915,3172116,1865150,76933238,76854058
2025-05-21,TOTAL,208980,208980,1487238,1487238,68405030,58093191,68405030,58093191,5823916,3094111,5823916,3094111,137112466,137112466
2025-05-22,Client,108478,87208,511137,454438,41608398,42465304,41582755,42403537,1674129,883569,1534648,909403,87251015,86971989
2025-05-22,DII,7771,10853,148217,174781,0,0,0,0,265,0,9916,916,156253,196466
2025-05-22,FII,21132,38852,352805,412247,9463768,8987993,9581105,9107007,733482,501393,777790,510757,20060573,20427758
2025-05-22,Pro,66330,66798,680388,651081,106063738,87743936,105972044,87686689,3074384,2055954,3159906,2019840,199684730,199556358
2025-05-22,TOTAL,203711,203711,1692547,1692547,157135904,139197233,157135904,139197233,5482260,3440916,5482260,3440916,307152571,307152571
2025-05-23,Client,101542,107435,522487,534922,12931678,9482519,13212567,9527848,1804061,753040,1928973,725065,25595327,26036810
2025-05-23,DII,5297,8354,222730,232859,0,1852,0,1452,2173,0,7002,0,232052,249667
2025-05-23,FII,32432,31320,484725,439784,2769646,2383795,2692135,2368508,801749,434919,785662,423958,6907266,6741367
2025-05-23,Pro,66824,58986,624219,646596,17539910,14416543,17336532,14386901,3315110,1760553,3201456,1799489,37723159,37429960
2025-05-23,TOTAL,206095,206095,1854161,1854161,33241234,26284709,33241234,26284709,5923093,2948512,5923093,2948512,70457804,70457804
2025-05-26,Client,90961,91591,751029,743867,10999331,9579339,11100051,9723402,1802816,733583,1903177,740741,23957059,24302829
2025-05-26,DII,21082,27917,748951,740892,0,535,0,3561,4093,0,4009,0,774661,776379
2025-05-26,FII,38317,35432,2149617,2134259,2362908,2456226,2245853,2340181,865193,465533,808028,412437,8337794,7976190
2025-05-26,Pro,63322,58742,810107,840686,15661554,15959740,15677889,15928696,3449175,1843453,3406063,1889391,37787351,37801467
2025-05-26,TOTAL,213682,213682,4459704,4459704,29023793,27995840,29023793,27995840,6121277,3042569,6121277,3042569,70856865,70856865
2025-05-27,Client,168369,160875,815203,746357,13606083,11567717,13657345,11714917,1651132,739664,1680263,798654,28548168,28758411
2025-05-27,DII,54050,31212,777092,818399,0,1638,0,1931,6661,0,500,0,839441,852042
2025-05-27,FII,64640,80747,2093510,2124844,3728849,3482669,3707972,3396279,748585,443892,721952,413421,10562145,10445215
2025-05-27,Pro,107876,122101,945972,942177,24709790,19592356,24679405,19531253,3335907,1961310,3339570,1932791,50653211,50547297
2025-05-27,TOTAL,394935,394935,4631777,4631777,42044722,34644380,42044722,34644380,5742285,3144866,5742285,3144866,90602965,90602965
2025-05-28,Client,89115,82483,832426,786188,17941852,15329555,17499245,14935738,1546029,689581,1579368,685923,36428558,35568945
2025-05-28,DII,39428,36742,975415,958582,0,0,0,0,7922,0,0,0,1022765,995324
2025-05-28,FII,41706,53274,1525706,1588275,3828315,3513639,4091198,3798479,610062,331310,629628,371877,9850738,10532731
2025-05-28,Pro,67102,64852,887248,887750,30439160,26948836,30618884,27057813,3158360,1676552,3113377,1639643,63177258,63382319
2025-05-28,TOTAL,237351,237351,4220795,4220795,52209327,45792030,52209327,45792030,5322373,2697443,5322373,2697443,110479319,110479319
2025-05-29,Client,166068,173355,901536,882673,47057490,38525120,47401990,38533306,1040619,486584,1218915,484422,88177417,88694661
2025-05-29,DII,38699,13412,715885,731979,0,750,0,0,20859,0,1550,0,776193,746941
2025-05-29,FII,45845,61418,745935,773095,12444170,10898370,12414243,10937266,400850,231064,397280,249777,24766234,24833079
2025-05-29,Pro,94280,96707,1160756,1136365,111951827,86226058,111637254,86179726,2178704,1213353,2023287,1196802,202824978,202270141
2025-05-29,TOTAL,344892,344892,3524112,3524112,171453487,135650298,171453487,135650298,3641032,1931001,3641032,1931001,316544822,316544822
2025-05-30,Client,74064,70166,418745,349078,8118639,7495196,8254963,7590641,1123740,401698,1031351,436543,17632082,17732742
2025-05-30,DII,344,1606,85343,139337,0,0,0,0,0,0,16344,0,85687,157287
2025-05-30,FII,17975,23696,379998,390094,1829811,1754927,1763734,1710338,356322,202295,387761,216387,4541328,4492010
2025-05-30,Pro,39329,36244,572242,577819,10810210,9631199,10739963,9580343,1800167,1033125,1844773,984188,23886272,23763330
2025-05-30,TOTAL,131712,131712,1456328,1456328,20758660,18881322,20758660,18881322,3280229,1637118,3280229,1637118,46145369,46145369
2025-06-02,Client,83454,83268,344853,331105,11127664,8335327,11350811,8431337,1106782,393636,1039749,394355,21391716,21630625
2025-06-02,DII,5442,70,46222,69991,0,0,0,0,206,1678,108751,0,53548,178812
2025-06-02,FII,19484,24866,257633,251613,2586853,2303471,2514519,2210502,438093,226672,419553,241467,5832206,5662520
2025-06-02,Pro,47271,47447,490311,486310,17214008,12482450,17063195,12479409,1865835,972205,1842863,958369,33072080,32877593
2025-06-02,TOTAL,155651,155651,1139019,1139019,30928525,23121248,30928525,23121248,3410916,1594191,3410916,1594191,60349550,60349550
2025-06-03,Client,98262,90849,366798,305923,11586164,9650599,11393171,9561768,1068672,349394,938881,394744,23119889,22685336
2025-06-03,DII,4994,187,49226,77281,0,0,0,0,100,0,30202,1678,54320,109348
2025-06-03,FII,19387,33475,281679,325179,3254671,3204534,3329166,3265592,406649,232779,441153,247545,7399699,7642110
2025-06-03,Pro,54818,52950,499512,488832,21119436,16686405,21237934,16714178,1649663,994304,1714848,932510,41004138,41141252
2025-06-03,TOTAL,177461,177461,1197215,1197215,35960271,29541538,35960271,29541538,3125084,1576477,3125084,1576477,71578046,71578046
2025-06-04,Client,53448,54202,315707,299162,14194759,11768160,14230575,11699783,1072366,380423,1029665,362191,27784863,27675578
2025-06-04,DII,190,835,44409,74980,0,0,0,0,104,0,17146,0,44703,92961
2025-06-04,FII,12812,12593,232614,240180,2684878,2422972,2714947,2488819,371322,184447,396083,228516,5909045,6081138
2025-06-04,Pro,28333,27153,447872,426280,25030214,18914198,24964329,18916728,1626506,850994,1627404,825157,46898117,46787051
2025-06-04,TOTAL,94783,94783,1040602,1040602,41909851,33105330,41909851,33105330,3070298,1415864,3070298,1415864,80636728,80636728
2025-06-05,Client,95254,95220,367047,351720,46062149,35049255,46234309,35154210,1170152,414594,1154286,386746,83158451,83376491
2025-06-05,DII,99,5600,61075,67139,0,0,0,0,0,0,21835,0,61174,94574
2025-06-05,FII,17911,21964,273430,279769,10816243,7735827,10764849,7713316,446718,227079,465382,250187,19517208,19495467
2025-06-05,Pro,53495,43975,480327,483251,102049655,78547645,101928889,78465201,1869812,997482,1845179,1002222,183998416,183768717
2025-06-05,TOTAL,166759,166759,1181879,1181879,158928047,121332727,158928047,121332727,3486682,1639155,3486682,1639155,286735249,286735249
2025-06-06,Client,136444,143589,518478,544764,13157464,9284019,13306275,9216283,1698753,598050,1733890,541224,25393208,25486025
2025-06-06,DII,1398,1122,84262,86929,0,300,0,0,0,0,13650,0,85960,101701
2025-06-06,FII,42683,28425,379323,324226,3010260,2434399,2984115,2459130,646207,312882,655078,333373,6825754,6784347
2025-06-06,Pro,76936,84325,672414,698558,20090508,14428208,19967842,14471513,2791310,1404095,2733652,1440430,39463471,39396320
2025-06-06,TOTAL,257461,257461,1654477,1654477,36258232,26146926,36258232,26146926,5136270,2315027,5136270,2315027,71768393,71768393
2025-06-09,Client,52334,47287,439362,435847,7582460,6227525,7490580,6158757,1814011,561897,1763343,526007,16677589,16421821
2025-06-09,DII,3155,95,77656,68797,0,0,0,0,5033,0,5636,0,85844,74528
2025-06-09,FII,16087,19224,282805,282816,1540934,1509316,1567208,1523258,615880,268874,625231,301270,4233896,4319007
2025-06-09,Pro,27478,32448,550387,562750,11390136,9940590,11455742,9995416,2613901,1284453,2654615,1287947,25806945,25988918
2025-06-09,TOTAL,99054,99054,1350210,1350210,20513530,17677431,20513530,17677431,5048825,2115224,5048825,2115224,46804274,46804274
2025-06-10,Client,49111,46582,409467,398479,7792654,7218419,7746594,7263927,1716752,530089,1613661,533425,17716492,17602668
2025-06-10,DII,0,2899,80461,50895,0,0,0,0,0,0,8475,0,80461,62269
2025-06-10,FII,13314,10476,265753,310595,2022091,2486809,2027236,2460012,637883,286895,676031,315980,5712745,5800330
2025-06-10,Pro,25246,27714,521922,517634,14275630,13279834,14316545,13261123,2438267,1249331,2494735,1216910,31790230,31834661
2025-06-10,TOTAL,87671,87671,1277603,1277603,24090375,22985062,24090375,22985062,4792902,2066315,4792902,2066315,55299928,55299928
2025-06-11,Client,57272,65035,402682,395494,18211141,14271409,18429660,14459818,1805526,640281,1705271,640877,35388311,35696155
2025-06-11,DII,10,3455,80201,62144,0,0,0,0,0,0,10506,0,80211,76105
2025-06-11,FII,17968,11493,264808,281131,3805820,3345155,3646519,3201738,748261,357149,777366,379976,8539161,8298223
2025-06-11,Pro,35049,30316,533084,542006,31027358,25905098,30968140,25860106,2588493,1389991,2649137,1366568,61479073,61416273
2025-06-11,TOTAL,110299,110299,1280775,1280775,53044319,43521662,53044319,43521662,5142280,2387421,5142280,2387421,105486756,105486756
2025-06-12,Client,106152,94221,411938,389804,43674059,43026967,43666652,43160174,1610336,628207,1405412,700861,89457659,89417124
2025-06-12,DII,8715,1546,93525,76204,0,5083,0,1750,0,0,12710,0,107323,92210
2025-06-12,FII,20068,32997,268516,364759,9778224,10153772,9843280,10137589,711801,414720,775254,425628,21347101,21579507
2025-06-12,Pro,56062,62233,618027,561239,102052330,91625340,101994681,91511649,2486802,1542978,2615563,1459416,198381539,198204781
2025-06-12,TOTAL,190997,190997,1392006,1392006,155504613,144811162,155504613,144811162,4808939,2585905,4808939,2585905,309293622,309293622
2025-06-13,Client,75215,71926,357122,355854,9610277,8695958,9732189,8685675,1525476,681369,1444326,684565,20945417,20974535
2025-06-13,DII,10531,717,115964,105643,0,3000,0,2000,0,0,12849,0,129495,121209
2025-06-13,FII,20830,25561,294195,342746,2446215,2317442,2441140,2328073,753655,414360,750709,432121,6246697,6320350
2025-06-13,Pro,50093,58465,562717,525755,15363964,12115025,15247127,12115677,2558860,1581816,2630107,1560859,32232475,32137990
2025-06-13,TOTAL,156669,156669,1329998,1329998,27420456,23131425,27420456,23131425,4837991,2677545,4837991,2677545,59554084,59554084
2025-06-16,Client,78409,89437,361422,365522,12593214,9057949,12765355,8992030,1663473,656342,1676919,584138,24410809,24473401
2025-06-16,DII,25,6463,82482,111488,0,12,0,0,52,70,21577,0,82641,139528
2025-06-16,FII,20827,18361,283169,242017,2945310,2469777,2947171,2497712,776396,379310,782078,397321,6874789,6884660
2025-06-16,Pro,57601,42601,506182,514228,19290361,14006104,19116359,14044100,2731933,1387972,2691280,1442235,37980153,37850803
2025-06-16,TOTAL,156862,156862,1233255,1233255,34828885,25533842,34828885,25533842,5171854,2423694,5171854,2423694,69348392,69348392
2025-06-17,Client,54679,50121,331245,322794,8764408,8513464,8616629,8566050,1606763,621335,1490187,624719,19891894,19670500
2025-06-17,DII,0,357,93770,66472,0,341,0,0,0,70,10614,0,94181,77443
2025-06-17,FII,19644,17384,229226,255335,2524833,2512514,2511013,2485954,696381,364667,722111,392207,6347265,6384004
2025-06-17,Pro,30875,37336,473295,482935,17377735,14061703,17539334,14036018,2523241,1449385,2603473,1418531,35916234,36117627
2025-06-17,TOTAL,105198,105198,1127536,1127536,28666976,25088022,28666976,25088022,4826385,2435457,4826385,2435457,62249574,62249574
2025-06-18,Client,64693,66119,356450,330810,18029139,17876206,18001389,17869732,1723329,678202,1677928,681040,38728019,38627018
2025-06-18,DII,139,3863,93141,101783,0,0,0,0,0,0,4204,0,93280,109850
2025-06-18,FII,17825,17475,249904,277333,3790494,3918492,3836671,3947997,777614,395155,786447,397440,9149484,9263363
2025-06-18,Pro,42302,37502,480219,469788,29051394,29035546,29032967,29012515,2727755,1479518,2760119,1474395,62816734,62787286
2025-06-18,TOTAL,124959,124959,1179714,1179714,50871027,50830244,50871027,50830244,5228698,2552875,5228698,2552875,110787517,110787517
2025-06-19,Client,51732,56540,389050,402460,35822056,35977132,35970698,36188238,1617100,775534,1592028,785612,74632604,74995576
2025-06-19,DII,1644,1950,143770,119445,0,678,0,678,6,0,18981,0,146098,141054
2025-06-19,FII,18351,16180,285448,291058,9366502,8652536,9268833,8580328,753167,447158,736631,443412,19523162,19336442
2025-06-19,Pro,35856,32913,545750,551055,91187234,85512041,91136261,85373143,2913824,1669006,2936457,1662674,181863711,181692503
2025-06-19,TOTAL,107583,107583,1364018,1364018,136375792,130142387,136375792,130142387,5284097,2891698,5284097,2891698,276165575,276165575
2025-06-20,Client,106654,112752,532781,578082,12896428,9090039,13075802,9066777,1976006,892458,2248080,843923,25494366,25925416
2025-06-20,DII,0,11684,259956,242912,0,0,0,0,32,0,18945,0,259988,273541
2025-06-20,FII,35053,34459,633650,555767,3377686,3179386,3425111,3240084,1133574,549639,1061657,534341,8908988,8851419
2025-06-20,Pro,74368,57180,738892,788518,19554769,15111908,19327970,15074472,3859956,2001854,3640886,2065687,41341747,40954713
2025-06-20,TOTAL,216075,216075,2165279,2165279,35828883,27381333,35828883,27381333,6969568,3443951,6969568,3443951,76005089,76005089
2025-06-23,Client,114511,104266,789883,779887,12471953,11117502,12439839,11204221,2054929,918520,2116456,910033,27467298,27554702
2025-06-23,DII,32840,30969,642825,656013,0,7600,0,0,764,70,8908,0,684099,695890
2025-06-23,FII,34459,40798,2233897,2218769,3282982,3238706,3258965,3190012,1058414,559982,998244,541564,10408440,10248352
2025-06-23,Pro,67846,73623,1080760,1092696,23389901,17670472,23446032,17640047,4019232,2114971,4009731,2141946,48343182,48404075
2025-06-23,TOTAL,249656,249656,4747365,4747365,39144836,32034280,39144836,32034280,7133339,3593543,7133339,3593543,86903019,86903019
2025-06-24,Client,150226,146428,930020,937435,16998838,15329037,16937405,15283075,2159806,920297,2266900,938024,36488224,36509267
2025-06-24,DII,45569,43487,915644,896909,0,1700,0,0,0,0,254,0,962913,940650
2025-06-24,FII,69196,75960,2184599,2165651,5320429,5863391,5420738,5947368,1182851,560171,1151990,550564,15180637,15312271
2025-06-24,Pro,100756,99872,1188014,1218282,33343442,30687201,33304566,30650886,4177699,2157878,4101212,2149758,71654990,71524576
2025-06-24,TOTAL,365747,365747,5218277,5218277,55662709,51881329,55662709,51881329,7520356,3638346,7520356,3638346,124286764,124286764
2025-06-25,Client,78355,94224,816434,860915,21187796,15933136,21283389,15966934,1837114,844994,1974241,806026,40697829,40985729
2025-06-25,DII,37015,41089,1050850,995385,0,0,0,0,8588,0,1264,0,1096453,1037738
2025-06-25,FII,37186,34585,1557341,1516748,4863380,5034883,4784254,4986249,874029,409300,865620,435709,12776119,12623165
2025-06-25,Pro,63676,46334,959099,1010676,34568302,31776925,34551835,31791761,3739845,1871377,3618451,1883936,72979224,72902993
2025-06-25,TOTAL,216232,216232,4383724,4383724,60619478,52744944,60619478,52744944,6459576,3125671,6459576,3125671,127549625,127549625
2025-06-26,Client,149440,173798,994451,1055641,53559965,44348171,53876985,44378659,1201523,561384,1462152,559315,100814934,101506550
2025-06-26,DII,9633,10640,887500,842144,0,3333,0,3333,14875,0,1851,0,915341,857968
2025-06-26,FII,68268,44109,770302,740146,16387814,15972046,16274112,15908242,536971,284147,476630,277300,34019548,33720539
2025-06-26,Pro,99484,98278,1261240,1275562,122662635,115571432,122459317,115604748,2359206,1206336,2171942,1215252,243160333,242825099
2025-06-26,TOTAL,326825,326825,3913493,3913493,192610414,175894982,192610414,175894982,4112575,2051867,4112575,2051867,378910156,378910156
2025-06-27,Client,56755,59455,443160,432109,9767679,7859009,9849850,7826931,1207442,401141,1151570,423750,19735186,19743665
2025-06-27,DII,3094,2412,126447,174707,0,3400,0,0,0,0,26916,0,132941,204035
2025-06-27,FII,13885,12436,429529,398191,2144669,2253673,2175062,2290168,520789,249733,556952,285971,5612278,5718780
2025-06-27,Pro,33779,33210,592007,586136,13362974,11450256,13250410,11449239,1740379,966128,1733172,907281,28145523,27959448
2025-06-27,TOTAL,107513,107513,1591143,1591143,25275322,21566338,25275322,21566338,3468610,1617002,3468610,1617002,53625928,53625928
2025-06-30,Client,72677,79436,359531,317981,10339805,11107989,10267300,11158116,1017472,335563,945993,359231,23233037,23128057
2025-06-30,DII,1500,204,47588,58414,0,636,0,636,0,0,16776,0,49724,76030
2025-06-30,FII,15873,20478,205180,253083,2667880,2783751,2714705,2806852,387914,181555,392542,176297,6242153,6363957
2025-06-30,Pro,42523,32455,436891,419712,17656748,15396010,17682428,15322782,1384552,739095,1434627,720685,35655819,35612689
2025-06-30,TOTAL,132573,132573,1049190,1049190,30664433,29288386,30664433,29288386,2789938,1256213,2789938,1256213,65180733,65180733
2025-07-01,Client,34926,38971,373238,332203,8616820,7493546,8573531,7599346,1098928,368862,1038068,380029,17986320,17962148
2025-07-01,DII,568,894,43628,60666,0,1084,0,1084,0,183,65950,0,45463,128594
2025-07-01,FII,11985,12568,221427,242897,2101178,2464820,2067001,2347998,430450,188629,440470,200520,5418489,5311454
2025-07-01,Pro,29826,24872,443512,446039,14598980,13393062,14676446,13404084,1548006,771787,1532896,748912,30785173,30833249
2025-07-01,TOTAL,77305,77305,1081805,1081805,25316978,23352512,25316978,23352512,3077384,1329461,3077384,1329461,54235445,54235445
2025-07-02,Client,76294,64181,376143,363348,17770444,20259019,17578184,20216433,1150492,390766,1079039,415901,40023158,39717086
2025-07-02,DII,2881,1319,52899,65158,0,76,0,876,0,0,55396,0,55856,122749
2025-07-02,FII,9762,20277,254604,242586,4416955,5240670,4508477,5231825,433732,206944,435278,202968,10562667,10641411
2025-07-02,Pro,36289,39449,464327,476881,28191416,27592885,28292154,27643516,1576321,817698,1590832,796539,58678936,58839371
2025-07-02,TOTAL,125226,125226,1147973,1147973,50378815,53092650,50378815,53092650,3160545,1415408,3160545,1415408,109320617,109320617
2025-07-03,Client,67223,59334,312953,302870,50055535,42511261,50376289,42751721,1021140,334261,964853,345950,94302373,94801017
2025-07-03,DII,2593,617,39373,49243,0,0,0,0,0,0,51397,0,41966,101257
2025-07-03,FII,15255,27841,221985,224673,10434159,9983618,10178090,9897037,393142,183293,402062,180633,21231452,20910336
2025-07-03,Pro,43200,40479,400968,398493,108433161,92588213,108368476,92434334,1446163,725503,1442133,716474,203637208,203400389
2025-07-03,TOTAL,128271,128271,975279,975279,168922855,145083092,168922855,145083092,2860445,1243057,2860445,1243057,319212999,319212999
2025-07-04,Client,57698,51541,328052,321652,9853576,9630155,10038028,9665935,1201441,466104,1148010,472634,21537026,21697800
2025-07-04,DII,0,1865,31283,41270,0,2101,0,1600,0,0,29091,0,33384,73826
2025-07-04,FII,10667,14547,194214,199991,1909059,2213268,1905195,2225189,127515,59904,129363,59543,4514627,4533828
2025-07-04,Pro,30034,30446,420500,411136,14660615,13344759,14480027,13297559,1730242,881119,1752734,874950,31067269,30846852
2025-07-04,TOTAL,98399,98399,974049,974049,26423250,25190283,26423250,25190283,3059198,1407127,3059198,1407127,57152306,57152306
2025-07-07,Client,45568,39756,246057,240311,9179799,7592828,9093789,7581037,972220,335200,910273,325003,18371672,18190169
2025-07-07,DII,41,161,33879,40780,0,0,0,0,4700,162,29360,0,38782,70301
2025-07-07,FII,11073,14489,186239,191325,2013376,1925763,2023596,1935500,130527,54551,130068,55113,4321529,4350091
2025-07-07,Pro,21528,23804,341883,335642,13779233,11386257,13855023,11388311,1391096,656248,1428842,666045,27576245,27697667
2025-07-07,TOTAL,78210,78210,808058,808058,24972408,20904848,24972408,20904848,2498543,1046161,2498543,1046161,50308228,50308228
2025-07-08,Client,49280,42881,310580,287835,9093857,6967931,9092308,6916565,1070553,487264,1019658,490161,17979465,17849408
2025-07-08,DII,116,149,44079,57603,0,6631,0,3134,0,0,19980,0,50826,80866
2025-07-08,FII,10264,11674,224565,251112,1939647,1801169,1946869,1808393,151078,72216,155047,74183,4198939,4247278
2025-07-08,Pro,22697,27653,431324,413998,14438942,11368127,14433269,11415766,1715445,996091,1742391,991227,28972626,29024304
2025-07-08,TOTAL,82357,82357,1010548,1010548,25472446,20143858,25472446,20143858,2937076,1555571,2937076,1555571,51201856,51201856
2025-07-09,Client,42117,40237,305084,297939,17436017,14863774,17334667,14902897,1172300,461184,1122995,465554,34280476,34164289
2025-07-09,DII,18,0,51019,52497,0,1700,0,1700,1000,0,23101,0,53737,77298
2025-07-09,FII,9000,14192,240056,251800,3025050,2773227,3045182,2772142,195391,108918,188452,91660,6351642,6363428
2025-07-09,Pro,25690,22396,425666,419589,27774295,22271062,27855513,22233024,1810715,1014838,1844858,1027726,53322266,53403106
2025-07-09,TOTAL,76825,76825,1021825,1021825,48235362,39909763,48235362,39909763,3179406,1584940,3179406,1584940,94008121,94008121
2025-07-10,Client,54159,45765,287637,262953,39248770,39540440,39331128,39705020,975034,400818,929575,424520,80506858,80698961
2025-07-10,DII,165,29,57314,42275,0,1576,0,2576,14,0,8221,0,59069,53101
2025-07-10,FII,12753,22297,233246,292655,5502680,6500730,5518153,6449861,199924,99831,177138,82004,12549164,12542108
2025-07-10,Pro,33883,32869,401838,382152,82268947,74271684,82171116,74156973,1557677,903799,1617715,897924,159437828,159258749
2025-07-10,TOTAL,100960,100960,980035,980035,127020397,120314430,127020397,120314430,2732649,1404448,2732649,1404448,252552919,252552919
2025-07-11,Client,63212,49378,345023,332793,9474531,10154039,9460454,10249679,1315685,598136,1226736,632948,21950626,21951988
2025-07-11,DII,2610,0,69742,67079,0,0,0,3693,2607,0,45407,0,74959,116179
2025-07-11,FII,12806,31317,249391,280103,1583899,1715650,1620345,1697449,187198,92592,186826,84859,3841536,3900899
2025-07-11,Pro,36563,34496,485734,469915,14848707,13331281,14826338,13250149,2221452,1293198,2267973,1266119,32216935,32114990
2025-07-11,TOTAL,115191,115191,1149890,1149890,25907137,25200970,25907137,25200970,3726942,1983926,3726942,1983926,58084056,58084056
2025-07-14,Client,52311,40487,304081,288882,10668644,11017430,10720401,11027268,1132320,480383,1100010,465945,23655169,23642993
2025-07-14,DII,5000,3384,55278,82687,0,2010,0,3562,5979,0,30219,0,68267,119852
2025-07-14,FII,15061,32363,263635,263640,1818122,1735509,1843658,1761597,184919,90081,187913,84037,4107327,4173208
2025-07-14,Pro,34904,31042,453296,441081,17120877,14910512,17043584,14873034,1992891,1053094,1997967,1073576,35565574,35460284
2025-07-14,TOTAL,107276,107276,1076290,1076290,29607643,27665461,29607643,27665461,3316109,1623558,3316109,1623558,63396337,63396337
2025-07-15,Client,49342,46022,357282,342174,12263830,9884493,12290733,9827355,1282789,454045,1306245,442370,24291781,24254899
2025-07-15,DII,181,28,54716,62186,0,448,0,2501,0,0,13101,0,55345,77816
2025-07-15,FII,12640,13398,271960,268838,2167422,1911385,2144475,1910325,198312,77136,197906,79304,4638855,4614246
2025-07-15,Pro,30115,32830,463195,473955,21150147,16851375,21146191,16907520,2193718,1069796,2157567,1079303,41758346,41797366
2025-07-15,TOTAL,92278,92278,1147153,1147153,35581399,28647701,35581399,28647701,3674819,1600977,3674819,1600977,70744327,70744327
2025-07-16,Client,40264,39403,363520,343359,20236626,17019640,20207377,17004385,1421612,485754,1366975,485448,39567416,39446947
2025-07-16,DII,2052,0,89933,67592,0,0,0,0,0,0,6133,0,91985,73725
2025-07-16,FII,10091,13783,255893,304568,2340103,2016002,2340828,2014074,223560,92819,224712,90960,4938468,4988925
2025-07-16,Pro,25044,24265,473955,467782,30397778,24484514,30426302,24501697,2328746,1168945,2376098,1171110,58878982,58967254
2025-07-16,TOTAL,77451,77451,1183301,1183301,52974507,43520156,52974507,43520156,3973918,1747518,3973918,1747518,103476851,103476851
2025-07-17,Client,44804,41840,358154,330877,35735614,37934878,35787996,38094970,1323346,463227,1268530,479827,75860023,76004040
2025-07-17,DII,2019,0,79337,90887,1500,114,0,114,6008,0,2667,0,88978,93668
2025-07-17,FII,10039,20274,271852,285853,4267300,4491906,4249778,4435935,199968,87784,202785,88152,9328849,9282777
2025-07-17,Pro,34763,29511,458217,459943,69403623,68111805,69370263,68007684,2230670,1163186,2286010,1146218,141402264,141299629
2025-07-17,TOTAL,91625,91625,1167560,1167560,109408037,110538703,109408037,110538703,3759992,1714197,3759992,1714197,226680114,226680114
2025-07-18,Client,66451,59453,363954,334933,9410099,10379831,9440936,10472611,1481492,614958,1392866,634715,22316785,22335514
2025-07-18,DII,1738,5799,76497,93357,6000,1000,0,0,11170,0,6352,0,96405,105508
2025-07-18,FII,15171,27488,279447,301518,1527607,1769291,1565604,1749844,227679,125992,235566,118111,3945187,3998131
2025-07-18,Pro,48734,39354,491672,481762,14284512,13916944,14221678,13844611,2581591,1453596,2667148,1441720,32777049,32696273
2025-07-18,TOTAL,132094,132094,1211570,1211570,25228218,26067066,25228218,26067066,4301932,2194546,4301932,2194546,59135426,59135426
2025-07-21,Client,62076,60245,378479,377524,12934666,10906098,13095002,10857161,1616227,684023,1583345,654033,26581569,26627310
2025-07-21,DII,2766,1509,67883,80208,0,0,1659,0,5166,0,15034,0,75815,98410
2025-07-21,FII,15228,12408,284157,294089,2063527,1870710,2065032,1918424,273633,136342,275954,137434,4643597,4703341
2025-07-21,Pro,42203,48111,523430,502128,20873130,17564365,20709630,17565588,2972988,1611729,2993681,1640627,43587845,43459765
2025-07-21,TOTAL,122273,122273,1253949,1253949,35871323,30341173,35871323,30341173,4868014,2432094,4868014,2432094,74888826,74888826
2025-07-22,Client,40428,38304,386258,361960,10413014,10059953,10240373,10077469,1554101,635295,1503909,655634,23089049,22877649
2025-07-22,DII,0,919,101899,90155,0,0,0,0,250,0,3759,0,102149,94833
2025-07-22,FII,8437,12647,265741,294200,1623210,1846670,1641856,1820547,245020,124314,245949,123674,4113392,4138873
2025-07-22,Pro,30276,27271,517296,524879,17561381,16916215,17715376,16924822,2824309,1564403,2870063,1544704,39413880,39607115
2025-07-22,TOTAL,79141,79141,1271194,1271194,29597605,28822838,29597605,28822838,4623680,2324012,4623680,2324012,66718470,66718470
2025-07-23,Client,55959,52383,389451,387678,20845548,16302606,21041963,16178845,1668529,719014,1724045,690306,39981107,40075220
2025-07-23,DII,100,2584,92969,108466,0,0,0,0,1538,0,5627,0,94607,116677
2025-07-23,FII,12667,8770,308027,287872,2695391,2336389,2659198,2378711,282344,134353,280343,135168,5769171,5750062
2025-07-23,Pro,28091,33080,524910,531341,29972973,25922026,29812751,26003465,3074375,1623471,3016771,1651364,61145846,61048772
2025-07-23,TOTAL,96817,96817,1315357,1315357,53513912,44561021,53513912,44561021,5026786,2476838,5026786,2476838,106990731,106990731
2025-07-24,Client,62525,55262,452566,435798,40864321,46022221,40754390,46213484,1782010,792136,1703608,821301,89975779,89983843
2025-07-24,DII,3032,8573,140276,131667,0,680,1500,0,366,0,5410,0,144354,147150
2025-07-24,FII,20069,20050,299232,317214,5533831,6929591,5578433,6898121,279997,165155,280654,163388,13227875,13257860
2025-07-24,Pro,36459,38200,572537,579932,82778358,84253616,82842187,84094503,3360466,1983923,3433167,1956525,172985359,172944514
2025-07-24,TOTAL,122085,122085,1464611,1464611,129176510,137206108,129176510,137206108,5422839,2941214,5422839,2941214,276333367,276333367
2025-07-25,Client,75984,68321,542903,552872,11030495,13020502,10951049,13128673,1762954,869777,1690538,901668,27302615,27293121
2025-07-25,DII,435,4013,267479,243878,0,0,0,0,1127,0,968,0,269041,248859
2025-07-25,FII,23115,36097,355882,391434,2060226,2410309,2115272,2368953,265043,163644,265210,155450,5278219,5332416
2025-07-25,Pro,56310,47413,650703,628783,18682499,18363537,18706899,18296722,3523405,2090463,3595813,2066766,43366917,43342396
2025-07-25,TOTAL,155844,155844,1816967,1816967,31773220,33794348,31773220,33794348,5552529,3123884,5552529,3123884,76216792,76216792
2025-07-28,Client,80172,69782,722303,731014,13641858,13873745,13626523,13907935,1673676,865671,1670275,835578,30857425,30841107
2025-07-28,DII,13514,15517,579184,617429,0,6666,0,3333,4082,0,150,0,603446,636429
2025-07-28,FII,28539,34747,2103383,2069991,2700070,2849596,2749481,2841411,287188,174547,283243,172977,8143323,8151850
2025-07-28,Pro,48300,50479,905810,892246,24354446,22109253,24320370,22086581,3632241,2187154,3643519,2218817,53237204,53212012
2025-07-28,TOTAL,170525,170525,4310680,4310680,40696374,38839260,40696374,38839260,5597187,3227372,5597187,3227372,92841398,92841398
2025-07-29,Client,77775,72808,769563,775416,13525919,11282441,13730751,11214175,1574365,792248,1720817,731546,28022311,28245513
2025-07-29,DII,36981,30627,853193,889015,10000,6000,10000,500,2451,0,1379,0,908625,931521
2025-07-29,FII,51456,57412,2002189,1947399,2480851,2298427,2428906,2337506,256014,132478,249805,132669,7221415,7153697
2025-07-29,Pro,52489,57854,862339,875454,24618243,20030080,24465356,20064767,3335341,1724309,3196170,1784820,50622801,50444421
2025-07-29,TOTAL,218701,218701,4487284,4487284,40635013,33616948,40635013,33616948,5168171,2649035,5168171,2649035,86775152,86775152
2025-07-30,Client,73868,72631,782253,780702,23130092,19561788,23012314,19498917,1668639,762092,1766759,728154,45978732,45859477
2025-07-30,DII,21706,24875,863735,818808,0,4000,0,0,7365,0,0,0,896806,843683
2025-07-30,FII,44335,46664,1370199,1372670,3310297,3049481,3334967,3102659,189482,94734,191928,106034,8058528,8154922
2025-07-30,Pro,49038,44777,889074,933081,37928172,31135001,38021280,31148694,3213828,1583630,3120627,1606268,74798743,74874727
2025-07-30,TOTAL,188947,188947,3905261,3905261,64368561,53750270,64368561,53750270,5079314,2440456,5079314,2440456,129732809,129732809
2025-07-31,Client,151691,157353,1047174,1067628,62396813,57076300,62672857,57191985,1393720,800491,1503417,782467,122866189,123375707
2025-07-31,DII,29088,24739,816607,791431,1500,0,1500,749,6584,0,395,0,853779,818814
2025-07-31,FII,60775,67403,566475,587407,12859103,11921174,12831265,11908344,124711,80775,136947,79530,25613013,25610896
2025-07-31,Pro,96481,88540,1246712,1230502,133428124,121178874,133179918,121075270,2643654,1592005,2527910,1611274,260185850,259713414
2025-07-31,TOTAL,338035,338035,3676968,3676968,208685540,190176348,208685540,190176348,4168669,2473271,4168669,2473271,409518831,409518831
2025-08-01,Client,73505,62099,344564,334228,12446774,12867907,12345455,12977475,1160370,502184,1030753,550939,27395304,27300949
2025-08-01,DII,1548,0,73351,51334,0,0,0,0,183,0,47123,0,75082,98457
2025-08-01,FII,11143,31667,267321,299856,2248328,2469348,2288406,2452089,164036,84669,167544,82427,5244845,5321989
2025-08-01,Pro,46394,38824,499466,499284,18366058,16847483,18427299,16755174,2021182,1258013,2100351,1211500,39038596,39032432
2025-08-01,TOTAL,132590,132590,1184702,1184702,33061160,32184738,33061160,32184738,3345771,1844866,3345771,1844866,71753827,71753827
2025-08-04,Client,44714,47270,280895,301797,12664859,10358648,12855858,10328283,1063844,453821,1089177,420261,24866781,25042646
2025-08-04,DII,0,46,47117,73066,0,0,0,0,0,0,56598,0,47117,129710
2025-08-04,FII,12536,11302,290503,245672,2018716,2038758,1987623,2071365,189255,94059,191597,94053,4643827,4601612
2025-08-04,Pro,33501,32133,432410,430390,17631916,15124435,17472010,15122193,2081933,1125535,1997660,1159101,36429730,36213487
2025-08-04,TOTAL,90751,90751,1050925,1050925,32315491,27521841,32315491,27521841,3335032,1673415,3335032,1673415,65987455,65987455
2025-08-05,Client,48882,43212,278651,243202,10448485,10265788,10323160,10269329,983449,405169,921073,436078,22430424,22236054
2025-08-05,DII,1724,0,58439,38298,0,1860,0,7000,0,0,14558,0,62023,59856
2025-08-05,FII,8046,19870,245564,287442,1741138,1975243,1734455,1946736,165215,82608,163616,79613,4217814,4231732
2025-08-05,Pro,35013,30583,389135,402847,16609237,15617025,16741245,15636851,1802862,1089114,1852279,1061200,35542386,35725005
2025-08-05,TOTAL,93665,93665,971789,971789,28798860,27859916,28798860,27859916,2951526,1576891,2951526,1576891,62252647,62252647
2025-08-06,Client,44858,48481,282843,272229,19587508,19604844,19486126,19642263,1070774,527365,1005245,534922,41118192,40989266
2025-08-06,DII,437,11,57376,54290,0,10000,0,0,240,0,10013,0,68053,64314
2025-08-06,FII,11681,9998,254689,276755,2797348,3094689,2810398,3029572,171441,85939,172796,85773,6415787,6385292
2025-08-06,Pro,33467,31953,431470,423104,30983416,29412437,31071748,29450135,1969670,1233939,2024071,1226548,64064399,64227559
2025-08-06,TOTAL,90443,90443,1026378,1026378,53368272,52121970,53368272,52121970,3212125,1847243,3212125,1847243,111666431,111666431
2025-08-07,Client,81831,76895,348909,325957,51939900,51846418,52282598,51774360,1114902,537169,1107800,539097,105869129,106106707
2025-08-07,DII,3270,181,48495,91882,0,0,0,4251,0,0,12492,0,51765,108806
2025-08-07,FII,16187,22355,315413,302201,7838767,8335454,7776185,8375191,180145,94766,181135,93834,16780732,16750901
2025-08-07,Pro,51308,53165,485726,478503,113704603,97222086,113424487,97250156,2150423,1316172,2144043,1315176,214930318,214665530
2025-08-07,TOTAL,152596,152596,1198543,1198543,173483270,157403958,173483270,157403958,3445470,1948107,3445470,1948107,337631944,337631944
2025-08-08,Client,61468,57120,306492,279846,11327724,13545307,11236023,13660369,1195900,545271,1070179,579631,26982162,26883168
2025-08-08,DII,4661,93,54432,55006,12000,7011,0,0,150,0,7971,0,78254,63070
2025-08-08,FII,12306,21717,271752,311421,2093992,2590325,2139048,2549166,187242,104117,187256,98331,5259734,5306939
2025-08-08,Pro,46543,46048,464432,450835,16688426,17023718,16747071,16956826,2124263,1311079,2242149,1282505,37658461,37725434
2025-08-08,TOTAL,124978,124978,1097108,1097108,30122142,33166361,30122142,33166361,3507555,1960467,3507555,1960467,69978611,69978611
2025-08-11,Client,52244,54048,259252,291740,14063644,11233390,14308440,11151683,1147393,551058,1185053,498639,27306981,27489603
2025-08-11,DII,0,2223,37650,50009,0,2500,12000,0,550,0,18145,0,40700,82377
2025-08-11,FII,13820,10877,274230,238103,2138215,2132342,2113848,2186192,194407,101787,192562,98984,4854801,4840566
2025-08-11,Pro,38899,37815,439998,431278,18928664,17375558,18696235,17405915,2218492,1242482,2165082,1297704,40244093,40034029
2025-08-11,TOTAL,104963,104963,1011130,1011130,35130523,30743790,35130523,30743790,3560842,1895327,3560842,1895327,72446575,72446575
2025-08-12,Client,65114,60180,276388,273972,15517580,13865306,15337280,13935603,1157609,480185,1119601,492638,31362182,31219274
2025-08-12,DII,124,859,52174,42755,0,0,0,0,260,0,11460,0,52558,55074
2025-08-12,FII,10389,15920,225855,219258,3052263,3203932,3072979,3181070,202952,101983,203842,102346,6797374,6795415
2025-08-12,Pro,49833,48501,382305,400737,27546871,25388872,27706455,25341437,2083091,1179037,2109009,1166221,56630009,56772360
2025-08-12,TOTAL,125460,125460,936722,936722,46116714,42458110,46116714,42458110,3443912,1761205,3443912,1761205,94842123,94842123
2025-08-13,Client,48514,49623,285680,284994,24773199,21110901,24817596,20996928,1320658,542661,1352994,503993,48081613,48006128
2025-08-13,DII,95,1162,79993,116072,1000,0,0,1455,2000,0,2272,0,83088,120961
2025-08-13,FII,11136,8635,313809,281794,3064833,2899443,3029417,2960966,188502,97863,179295,96291,6575586,6556398
2025-08-13,Pro,31040,31365,419424,416046,36282243,32703947,36274262,32754942,2277448,1207784,2254047,1248024,72921886,72978686
2025-08-13,TOTAL,90785,90785,1098906,1098906,64121275,56714291,64121275,56714291,3788608,1848308,3788608,1848308,127662173,127662173
2025-08-14,Client,36755,38803,260326,254332,42216379,40543542,42148751,40634222,1217350,473494,1187023,493118,84747846,84756249
2025-08-14,DII,64,2604,70606,60128,4800,18560,0,6545,5060,0,3789,0,99090,73066
2025-08-14,FII,7689,7811,232094,254115,4878323,5715764,4907281,5696273,200970,104821,195761,99418,11139661,11160659
2025-08-14,Pro,34884,30174,384537,378988,76643593,78991664,76687063,78932490,2074038,1138862,2110845,1124641,159267578,159264201
2025-08-14,TOTAL,79392,79392,947563,947563,123743095,125269530,123743095,125269530,3497418,1717177,3497418,1717177,255254175,255254175
2025-08-18,Client,72067,80396,399582,417795,12800879,11521319,12880205,11593342,1946073,828058,1971120,778170,27567978,27721028
2025-08-18,DII,7628,5455,76345,96183,300,0,4000,0,2204,0,23384,0,86477,129022
2025-08-18,FII,25556,14001,383466,331079,2097024,1843805,2094100,1844787,252739,140082,252514,141284,4742672,4677765
2025-08-18,Pro,53493,58892,599251,613587,18475359,17199182,18395257,17126177,3665282,2015049,3619280,2063735,42007616,41876928
2025-08-18,TOTAL,158744,158744,1458644,1458644,33373562,30564306,33373562,30564306,5866298,2983189,5866298,2983189,74404743,74404743
2025-08-19,Client,45654,43806,366338,366230,12137991,9795898,12218625,9718398,1705000,755337,1747305,719991,24806218,24814355
2025-08-19,DII,486,632,84127,97968,0,12100,1220,100,111,0,3959,0,96824,103879
2025-08-19,FII,7825,8032,291567,256673,2049927,1769041,2033479,1761438,275338,126835,275513,129020,4520533,4464155
2025-08-19,Pro,26833,28328,436698,457859,19447851,16063553,19382445,16160656,3028701,1627185,2982373,1660346,40630821,40672007
2025-08-19,TOTAL,80798,80798,1178730,1178730,33635769,27640592,33635769,27640592,5009150,2509357,5009150,2509357,70054396,70054396
2025-08-20,Client,46270,44805,397379,389098,21775268,17295569,21753213,17235879,1889569,737102,1862039,741962,42141157,42026996
2025-08-20,DII,385,5143,135442,118998,0,0,0,2775,663,0,10508,0,136490,137424
2025-08-20,FII,11046,12707,308878,318885,2841061,2334995,2866325,2386161,327471,148012,324860,146948,5971463,6055886
2025-08-20,Pro,31594,26640,495476,510194,30221268,25335590,30218059,25341339,3318149,1731322,3338445,1727526,61133399,61162203
2025-08-20,TOTAL,89295,89295,1337175,1337175,54837597,44966154,54837597,44966154,5535852,2616436,5535852,2616436,109382509,109382509
2025-08-21,Client,46568,54243,421161,419816,46643907,41151469,46632827,41338011,1656323,718248,1647625,740240,90637676,90832762
2025-08-21,DII,980,2272,200971,174798,0,0,0,0,1169,0,1715,0,203120,178785
2025-08-21,FII,21853,16711,306992,323058,5284800,5401070,5310041,5363940,265340,136927,264189,134373,11416982,11412312
2025-08-21,Pro,30925,27100,486107,497559,81196575,78562059,81182414,78412647,3106946,1868275,3116249,1848837,165250887,165084806
2025-08-21,TOTAL,100326,100326,1415231,1415231,133125282,125114598,133125282,125114598,5029778,2723450,5029778,2723450,267508665,267508665
2025-08-22,Client,77694,72086,612899,604700,11221327,11866148,11246641,12039361,1634744,773296,1612008,817536,26186108,26392332
2025-08-22,DII,1599,3526,600922,562734,0,1806,0,1806,3460,0,876,0,607787,568942
2025-08-22,FII,21350,24809,1892773,1921080,1673675,1692515,1718102,1660480,257178,157115,261548,150454,5694606,5736473
2025-08-22,Pro,45635,45857,656487,674567,17867744,16297055,17798003,16155877,3121929,1849724,3142879,1812145,39838574,39629328
2025-08-22,TOTAL,146278,146278,3763081,3763081,30762746,29857524,30762746,29857524,5017311,2780135,5017311,2780135,72327075,72327075
2025-08-25,Client,69646,71073,746789,774685,13645193,11906272,13743060,11792363,1728069,741793,1801054,725162,28837762,28907397
2025-08-25,DII,36053,37509,1046621,1032010,0,154,580,154,1212,0,331,0,1084040,1070584
2025-08-25,FII,67653,66382,2288550,2273114,2138104,2076262,2126091,2109130,297518,128567,290998,128671,6996654,6994386
2025-08-25,Pro,36993,35381,722640,724791,21168246,18119418,21081812,18200459,3376141,1706652,3310557,1723179,45130090,45076179
2025-08-25,TOTAL,210345,210345,4804600,4804600,36951543,32102106,36951543,32102106,5402940,2577012,5402940,2577012,82048546,82048546
2025-08-26,Client,130866,123146,924015,891976,13701809,14745251,13515374,14806658,1598039,830831,1668877,880699,31930811,31886730
2025-08-26,DII,51069,51299,1074259,1095899,0,4720,0,4720,62,0,674,0,1130110,1152592
2025-08-26,FII,80187,86878,1562663,1565567,3221729,3817517,3227262,3787685,194768,122549,196849,120735,8999413,8984976
2025-08-26,Pro,65106,65905,922017,929512,29039599,24999694,29220501,24968119,3612061,2103734,3538530,2055680,60742211,60778247
2025-08-26,TOTAL,327228,327228,4482954,4482954,45963137,43567182,45963137,43567182,5404930,3057114,5404930,3057114,102802545,102802545
2025-08-28,Client,171282,154373,1087105,1104005,52511231,56607420,52630590,56799114,1151794,751310,1208516,739389,112280142,112635987
2025-08-28,DII,26811,17433,1039557,1025302,0,8802,0,8802,4416,0,945,0,1079586,1052482
2025-08-28,FII,70598,85904,536540,553797,12074807,11736471,12103057,11730901,110755,81440,132944,105490,24610611,24712093
2025-08-28,Pro,90399,101380,1152708,1132806,116355008,104831143,116207399,104645019,2221354,1406784,2145914,1394655,226057396,225627173
2025-08-28,TOTAL,359090,359090,3815910,3815910,180941046,173183836,180941046,173183836,3488319,2239534,3488319,2239534,364027735,364027735
2025-08-29,Client,52370,49689,293133,265339,17849541,19217311,17804837,19302213,887236,379682,850232,397557,38679273,38669867
2025-08-29,DII,1200,532,42672,96651,0,13452,0,692,185,0,22410,0,57509,120285
2025-08-29,FII,15914,22595,277784,252730,2930074,3296101,2959218,3307063,141841,87313,143551,82121,6749027,6767278
2025-08-29,Pro,39693,36361,404101,402970,27409660,27026855,27425220,26943751,1625856,959140,1638925,946457,57465305,57393684
2025-08-29,TOTAL,109177,109177,1017690,1017690,48189275,49553719,48189275,49553719,2655118,1426135,2655118,1426135,102951114,102951114
2025-09-01,Client,44724,45594,253961,260670,23323607,19197015,23432509,19111280,978431,355497,1000096,329105,44153235,44179254
2025-09-01,DII,302,2818,29538,62479,0,632,0,632,22,0,33494,0,30494,99423
2025-09-01,FII,10772,8124,258525,211183,3163460,3220104,3140011,3298812,116803,66792,122379,66660,6836456,6847169
2025-09-01,Pro,28025,27287,339980,347672,34035643,30470635,33950190,30477662,1645569,797589,1584856,824113,67317441,67211780
2025-09-01,TOTAL,83823,83823,882004,882004,60522710,52888386,60522710,52888386,2740825,1219878,2740825,1219878,118337626,118337626
2025-09-02,Client,63466,62812,312044,302279,59341081,59431333,59393697,59770693,1064901,381125,1048578,402723,120593950,120980782
2025-09-02,DII,400,559,56738,42914,0,272,0,272,140,0,12399,0,57550,56144
2025-09-02,FII,9529,17407,231228,235676,7570028,9298658,7526127,9128933,159809,88949,159440,84819,17358201,17152402
2025-09-02,Pro,44305,36922,375656,394797,108789962,116901942,108781247,116732307,1722385,929003,1726818,911535,228763253,228583626
2025-09-02,TOTAL,117700,117700,975666,975666,175701071,185632205,175701071,185632205,2947235,1399077,2947235,1399077,366772954,366772954
2025-09-03,Client,49272,48112,295292,275806,13489688,11409807,13587843,11310995,1092808,374256,1083251,366445,26711123,26672452
2025-09-03,DII,3228,1699,53709,56271,600,0,0,0,175,0,11571,0,57712,69541
2025-09-03,FII,10303,12674,224239,252876,2105756,2081083,2130557,2159654,156685,76688,160338,76828,4654754,4792927
2025-09-03,Pro,31397,31715,354433,342720,18049892,15989136,17927536,16009377,1683996,811681,1678504,819352,36920535,36809204
2025-09-03,TOTAL,94200,94200,927673,927673,33645936,29480026,33645936,29480026,2933664,1262625,2933664,1262625,68344124,68344124
2025-09-04,Client,65442,66122,322396,314816,13891262,12871835,13766664,12967290,1218441,451817,1135400,472340,28821193,28722632
2025-09-04,DII,612,2122,76374,42354,0,2249,0,2249,0,0,8876,0,79235,55601
2025-09-04,FII,12014,17795,275196,307335,2594586,3052514,2591133,3001409,161774,88771,164378,90974,6184855,6173024
2025-09-04,Pro,50439,42468,443424,452885,21560251,22245057,21688302,22200707,2032493,1118989,2104054,1096263,47450653,47584679
2025-09-04,TOTAL,128507,128507,1117390,1117390,38046099,38171655,38046099,38171655,3412708,1659577,3412708,1659577,82535936,82535936
2025-09-05,Client,60552,60496,289632,286500,22427255,22272709,22483243,22230272,979231,470979,980423,455471,46500358,46496405
2025-09-05,DII,3153,462,40099,47064,0,3662,0,1062,0,0,24815,0,46914,73403
2025-09-05,FII,10513,13351,232367,234723,3959192,4354707,3942021,4340153,173277,103752,176138,110564,8833808,8816950
2025-09-05,Pro,43057,42966,392537,386348,37598481,37147101,37559664,37206692,1795931,1114832,1767063,1123528,78091939,78086261
2025-09-05,TOTAL,117275,117275,954635,954635,63984928,63778179,63984928,63778179,2948439,1689563,2948439,1689563,133473019,133473019
2025-09-08,Client,54487,52075,279872,278599,26770177,24616409,26794510,24640199,1133143,445513,1126665,427474,53299601,53319522
2025-09-08,DII,1500,272,38118,58591,0,1000,0,1000,0,0,16854,0,40618,76717
2025-09-08,FII,11621,11566,233810,215932,3666441,3977865,3616572,3976707,175772,96751,174674,92922,8162260,8088373
2025-09-08,Pro,31016,34711,365175,363853,40954244,39777011,40979780,39754379,1873779,969810,1864501,991678,83971035,83988902
2025-09-08,TOTAL,98624,98624,916975,916975,71390862,68372285,71390862,68372285,3182694,1512074,3182694,1512074,145473514,145473514
2025-09-09,Client,31020,31698,238399,226520,48172141,45173358,48419655,45110506,1148687,393187,1066497,386413,95156792,95241289
2025-09-09,DII,0,200,36824,38425,0,0,0,0,150,0,17483,0,36974,56108
2025-09-09,FII,8300,6790,190195,190454,5920622,6105176,5905692,6146144,161967,78597,161495,77590,12464857,12488165
2025-09-09,Pro,20292,20924,310187,320206,82117042,84861277,81884458,84883161,1741095,867880,1806424,875661,169917773,169790834
2025-09-09,TOTAL,59612,59612,775605,775605,136209805,136139811,136209805,136139811,3051899,1339664,3051899,1339664,277576396,277576396
2025-09-10,Client,53286,59025,355778,363846,11559421,10097050,11566241,10077847,1511855,574376,1507235,572586,24151766,24146780
2025-09-10,DII,5500,4857,43110,54298,0,1000,0,11094,328,0,12445,0,49938,82694
2025-09-10,FII,16562,12852,266030,257360,1885301,1787477,1919130,1824327,219815,116040,214761,115555,4291225,4343985
2025-09-10,Pro,34558,33172,430773,420187,15646451,13383096,15605802,13355355,2371163,1214760,2368720,1217035,33080801,33000271
2025-09-10,TOTAL,109906,109906,1095691,1095691,29091173,25268623,29091173,25268623,4103161,1905176,4103161,1905176,61573730,61573730
2025-09-11,Client,27445,27767,336687,315969,8432688,7767735,8516120,7713315,1410622,587694,1342767,592861,18562871,18508799
2025-09-11,DII,0,0,53242,51621,0,1000,0,1000,0,0,7882,0,54242,60503
2025-09-11,FII,8596,5256,203766,242818,1438562,1599611,1415989,1580875,218118,111802,223338,112609,3580455,3580885
2025-09-11,Pro,17848,20866,415025,398312,12752772,11815042,12691913,11888198,2213312,1281255,2268065,1275281,28495254,28542635
2025-09-11,TOTAL,53889,53889,1008720,1008720,22624022,21183388,22624022,21183388,3842052,1980751,3842052,1980751,50692822,50692822
2025-09-12,Client,35971,39983,318399,329654,14605871,12434963,14669317,12402780,1658074,569838,1619326,553949,29623116,29615009
2025-09-12,DII,36,25,49700,46471,0,0,0,0,474,0,2376,0,50210,48872
2025-09-12,FII,14804,4353,228648,218893,2133674,2241629,2103955,2224440,235898,110386,237356,110556,4965039,4899553
2025-09-12,Pro,17226,23676,365476,367205,19295653,18723421,19261926,18772793,2362981,1141044,2398369,1156763,41905801,41980732
2025-09-12,TOTAL,68037,68037,962223,962223,36035198,33400013,36035198,33400013,4257427,1821268,4257427,1821268,76544166,76544166
2025-09-15,Client,30900,28848,294350,274337,17496605,17628144,17343300,17748289,1534600,489575,1447191,497675,37474174,37339640
2025-09-15,DII,0,1700,40685,58986,0,250,0,250,50,0,19613,0,40985,80549
2025-09-15,FII,6330,5137,178090,203004,2079458,2197635,2115125,2186486,217063,102714,218562,102761,4781290,4831075
2025-09-15,Pro,18695,20240,357929,334727,27377406,26866062,27495044,26757066,2224228,1095579,2290575,1087432,57939899,57985084
2025-09-15,TOTAL,55925,55925,871054,871054,46953469,46692091,46953469,46692091,3975941,1687868,3975941,1687868,100236348,100236348
2025-09-16,Client,49174,55783,317760,326575,45911750,39244737,46313786,39208426,1551244,526267,1593762,501701,87600932,88000033
2025-09-16,DII,2381,0,57505,54479,0,0,0,0,0,0,3170,0,59886,57649
2025-09-16,FII,22808,11213,223499,213513,5981953,6018966,5799633,5970772,254566,112441,253481,114723,12614233,12363335
2025-09-16,Pro,21820,29187,361020,365217,77033047,72756634,76813331,72841139,2406484,1131663,2361881,1153947,153710668,153564702
2025-09-16,TOTAL,96183,96183,959784,959784,128926750,118020337,128926750,118020337,4212294,1770371,4212294,1770371,253985719,253985719
2025-09-17,Client,46419,51341,395882,406732,9725647,7923041,9783742,7947440,2154751,658091,2110873,658503,20903831,20958631
2025-09-17,DII,2039,145,78341,63869,0,11700,0,1300,41,0,7666,0,92121,72980
2025-09-17,FII,15709,6808,237426,240590,1745394,1927066,1746000,1945539,349041,159534,349531,158095,4434170,4446563
2025-09-17,Pro,24921,30794,454449,454907,12491877,11668567,12433176,11636095,3154978,1479453,3190741,1480480,29274245,29226193
2025-09-17,TOTAL,89088,89088,1166098,1166098,23962918,21530374,23962918,21530374,5658811,2297078,5658811,2297078,54704367,54704367
2025-09-18,Client,54509,58398,395354,391908,9715015,9172202,9761645,9262481,1862046,589185,1837239,599695,21788311,21911366
2025-09-18,DII,2289,6,72947,71462,0,3400,7,0,0,0,8973,0,78636,80448
2025-09-18,FII,21744,14743,249870,249377,2164574,2806715,2141493,2773073,285421,142561,282214,140006,5670885,5600906
2025-09-18,Pro,29224,34619,480148,485572,15628547,17422184,15604991,17368947,2781931,1363110,2800972,1355155,37705144,37650256
2025-09-18,TOTAL,107766,107766,1198319,1198319,27508136,29404501,27508136,29404501,4929398,2094856,4929398,2094856,65242976,65242976
2025-09-19,Client,56241,51633,453557,440940,15858020,17864457,15764361,17824823,2015270,693132,1945184,706749,36940677,36733690
2025-09-19,DII,401,800,144284,156689,0,800,0,2000,0,0,8571,0,145485,168060
2025-09-19,FII,16391,19505,293337,297668,3281144,3752460,3259410,3760555,266673,141258,268711,145414,7751263,7751263
2025-09-19,Pro,32766,33861,568625,564506,25718706,28717806,25834099,28748145,3135776,1574644,3195253,1556871,59748323,59932735
2025-09-19,TOTAL,105799,105799,1459803,1459803,44857870,50335523,44857870,50335523,5417719,2409034,5417719,2409034,104585748,104585748
2025-09-22,Client,48605,54354,486929,493205,22072305,24026569,21996781,24083054,2164794,792451,2064217,827960,49591653,49519571
2025-09-22,DII,0,452,195297,186098,0,550,0,4000,51,0,7707,0,195898,198257
2025-09-22,FII,14354,11835,307231,320266,3982173,4258496,4050328,4240692,340615,185920,340211,182949,9088789,9146281
2025-09-22,Pro,33809,30127,586076,575964,39631536,38898361,39638905,38856230,3634542,1934284,3727867,1901746,84718608,84730839
2025-09-22,TOTAL,96768,96768,1575533,1575533,65686014,67183976,65686014,67183976,6140002,2912655,6140002,2912655,143594948,143594948
2025-09-23,Client,58304,56490,460522,459174,51712243,51476981,51834440,51486213,2001190,769706,1984832,772456,106478946,106593605
2025-09-23,DII,2700,20,195100,207767,0,250,0,0,60,0,370,0,198110,208157
2025-09-23,FII,15135,13059,314454,302862,10634019,9672224,10614677,9647257,397999,207322,392668,205382,21241153,21175905
2025-09-23,Pro,36483,43053,554876,555149,103720334,99620117,103617479,99636102,3697573,1933860,3718952,1933050,209563243,209503785
2025-09-23,TOTAL,112622,112622,1524952,1524952,166066596,160769572,166066596,160769572,6096822,2910888,6096822,2910888,337481452,337481452
2025-09-24,Client,68950,64742,511612,496999,11076458,12503845,11084591,12629035,2042159,797608,1968249,827492,27000632,27071108
2025-09-24,DII,6433,8041,320950,316115,0,331,0,5681,320,0,2165,0,328034,332002
2025-09-24,FII,21414,24535,392469,402965,2319747,2433262,2345992,2425569,382470,205772,384714,197975,5755134,5781750
2025-09-24,Pro,42966,42445,541004,549956,17464259,16683582,17429881,16560735,3526468,1906713,3596289,1884626,40164992,40063932
2025-09-24,TOTAL,139763,139763,1766035,1766035,30860464,31621020,30860464,31621020,5951417,2910093,5951417,2910093,73248792,73248792
2025-09-25,Client,63982,61763,747442,733675,10959564,11668959,10905563,11706849,1842258,845195,1847472,860667,26127400,26115989
2025-09-25,DII,33653,31097,775122,803808,0,1465,0,7315,2393,0,3497,0,812633,845717
2025-09-25,FII,37162,39749,2180877,2191281,2862031,2567723,2879067,2523167,386991,236751,380648,222836,8271535,8236748
2025-09-25,Pro,44089,46277,803221,777898,19693100,17506561,19730065,17507377,3771803,2091925,3771828,2090368,43910699,43923813
2025-09-25,TOTAL,178886,178886,4506662,4506662,33514695,31744708,33514695,31744708,6003445,3173871,6003445,3173871,79122267,79122267
2025-09-26,Client,95799,81549,720721,734879,18630649,24581470,18660291,24521155,2230006,1383910,2200336,1388467,47642555,47586677
2025-09-26,DII,36027,33828,828380,823804,24100,2988,0,2988,3433,0,2519,0,894928,863139
2025-09-26,FII,58024,77100,1947716,1969312,4756319,4501656,4737490,4485473,373916,242196,379505,231458,11879827,11880338
2025-09-26,Pro,68511,65884,914330,883152,33942221,33997542,33955508,34074040,4230941,2738002,4255936,2744183,75891547,75978703
2025-09-26,TOTAL,258361,258361,4411147,4411147,57353289,63083656,57353289,63083656,6838296,4364108,6838296,4364108,136308857,136308857
2025-09-29,Client,109633,112797,848820,858337,29370807,33316907,29416649,33361200,1622832,1021567,1756722,957091,66290566,66462796
2025-09-29,DII,39412,40037,995421,1035959,0,6999,11700,6999,12743,0,11,0,1054575,1094706
2025-09-29,FII,58599,61221,1656119,1598556,6268427,7460435,6237081,7474309,231625,135787,246249,165066,15810992,15782482
2025-09-29,Pro,71711,65300,994678,1002186,51481599,54799667,51455403,54741500,3533343,2096464,3397561,2131661,112977462,112793611
2025-09-29,TOTAL,279355,279355,4495038,4495038,87120833,95584008,87120833,95584008,5400543,3253818,5400543,3253818,196133595,196133595
2025-09-30,Client,105632,100634,844616,814069,51268006,56329848,51317548,56415161,1183737,726036,1318718,694858,110457875,110660988
2025-09-30,DII,9765,7382,709873,719361,9400,7001,0,7001,5536,0,234,0,741575,733978
2025-09-30,FII,40296,54821,533266,525109,12634288,13196849,12590903,13153955,125300,81772,127092,86580,26611771,26538460
2025-09-30,Pro,64103,56959,923293,952509,105739428,110460971,105742671,110418552,2176020,1247852,2044549,1274222,220611667,220489462
2025-09-30,TOTAL,219796,219796,3011048,3011048,169651122,179994669,169651122,179994669,3490593,2055660,3490593,2055660,358422888,358422888
2025-10-01,Client,72735,71557,374163,347084,12534227,10892486,12669901,10845555,1125784,409350,1121104,422271,25408745,25477472
2025-10-01,DII,1254,103,42863,49864,1140,0,0,0,30,0,35197,0,45287,85164
2025-10-01,FII,18349,19169,279883,286408,2777542,3203307,2729055,3193566,199114,113459,199139,112918,6591654,6540255
2025-10-01,Pro,45672,47181,446259,459812,18239199,16260266,18153152,16316938,2058870,1076641,2028358,1064261,38126907,38069702
2025-10-01,TOTAL,138010,138010,1143168,1143168,33552108,30356059,33552108,30356059,3383798,1599450,3383798,1599450,70172593,70172593
2025-10-03,Client,50827,36731,312957,291515,20931480,18755627,21050795,18818218,1126204,389919,1079561,418441,41567014,41695261
2025-10-03,DII,1303,1094,70042,62595,0,0,0,0,30,50,28890,0,71425,92579
2025-10-03,FII,9292,21878,276221,304885,3189410,3585730,3179262,3576244,191347,111051,198021,107137,7363051,7387427
2025-10-03,Pro,27741,29460,402350,402575,28989347,26501651,28880180,26448546,1929649,1034737,1940758,1010179,58885475,58711698
2025-10-03,TOTAL,89163,89163,1061570,1061570,53110237,48843008,53110237,48843008,3247230,1535757,3247230,1535757,107886965,107886965
2025-10-06,Client,50578,58876,337839,320117,29926960,22367149,29814336,22255199,1231981,412250,1222280,412679,54326757,54083487
2025-10-06,DII,60,3488,63341,57641,0,0,0,0,24,0,20249,0,63425,81378
2025-10-06,FII,13043,21125,284535,293347,4565331,4945403,4534148,4954770,206072,111315,206989,107133,10125699,10117512
2025-10-06,Pro,46908,27100,435655,450265,44610649,42645190,44754456,42747773,2188974,1098479,2177533,1102232,91025855,91259359
2025-10-06,TOTAL,110589,110589,1121370,1121370,79102940,69957742,79102940,69957742,3627051,1622044,3627051,1622044,155541736,155541736
2025-10-07,Client,51255,61532,345091,318307,61167572,53566456,61226025,53771171,1273751,417185,1204670,433323,116821310,117015028
2025-10-07,DII,0,1888,60106,68977,0,1200,150,0,0,0,33506,0,61306,104521
2025-10-07,FII,19681,11633,250747,271505,10357928,10723428,10356304,10643616,204029,103784,206076,104861,21659597,21593995
2025-10-07,Pro,32348,28231,436478,433633,104912114,107678794,104855135,107555091,2207534,1126759,2241062,1109544,216394027,216222696
2025-10-07,TOTAL,103284,103284,1092422,1092422,176437614,171969878,176437614,171969878,3685314,1647728,3685314,1647728,354936240,354936240
2025-10-08,Client,64100,59803,333144,316447,14699717,15475861,14709474,15565751,1313640,448165,1187261,485565,32334627,32324301
2025-10-08,DII,3400,2151,61283,35313,0,3942,0,1967,0,0,18826,0,68625,58257
2025-10-08,FII,12348,11494,227260,263714,2976765,3041727,2998104,3015277,208374,115097,209823,112997,6581571,6611409
2025-10-08,Pro,35894,42294,442750,448963,22790251,21650169,22759155,21588704,2279676,1231339,2385780,1196039,48430079,48420935
2025-10-08,TOTAL,115742,115742,1064437,1064437,40466733,40171699,40466733,40171699,3801690,1794601,3801690,1794601,87414902,87414902
2025-10-09,Client,50892,49950,315140,326312,13687048,11634981,13814441,11525685,1267907,493819,1320230,458358,27449787,27494976
2025-10-09,DII,385,2891,44016,61796,700,3444,0,1344,0,0,17660,0,48545,83691
2025-10-09,FII,14867,12001,268540,246966,2734544,2875764,2711247,2899252,209238,119759,204562,116065,6222712,6190093
2025-10-09,Pro,31915,33217,433711,426333,20594587,18602652,20491191,18690560,2455545,1221986,2390238,1261141,43340396,43292680
2025-10-09,TOTAL,98059,98059,1061407,1061407,37016879,33116841,37016879,33116841,3932690,1835564,3932690,1835564,77061440,77061440
2025-10-10,Client,53267,55596,366403,388411,21706738,17569800,21694636,17591152,1628004,576816,1619532,572221,41901028,41921548
2025-10-10,DII,360,600,52287,50727,0,1000,0,1000,329,0,19524,0,53976,71851
2025-10-10,FII,16472,12001,305412,280674,3164243,3992223,3131177,3972229,246062,116706,238870,119188,7841118,7754139
2025-10-10,Pro,31632,33534,478373,482663,27950558,27578439,27995726,27577081,2834903,1404728,2831372,1406841,60278633,60327217
2025-10-10,TOTAL,101731,101731,1202475,1202475,52821539,49141462,52821539,49141462,4709298,2098250,4709298,2098250,110074755,110074755
2025-10-13,Client,56860,47900,290586,284497,25112429,24782166,25014855,24910173,1336413,472814,1248987,482939,52051268,51989351
2025-10-13,DII,3248,110,82296,54010,0,1000,0,2600,14051,0,12456,0,100595,69176
2025-10-13,FII,9267,13637,207183,245785,4437321,4953942,4485285,4915543,214682,108088,212568,107472,9930483,9980290
2025-10-13,Pro,37030,44758,422131,417904,39969515,39585144,40019125,39493936,2374913,1227152,2466048,1217643,83615885,83659414
2025-10-13,TOTAL,106405,106405,1002196,1002196,69519265,69322252,69519265,69322252,3940059,1808054,3940059,1808054,145698231,145698231
2025-10-14,Client,66126,64879,348529,330110,55316052,59206374,55354840,59436529,1432867,480479,1305941,539388,116850427,117031687
2025-10-14,DII,0,3331,74840,54524,0,100,0,900,16400,0,6009,0,91340,64764
2025-10-14,FII,19519,28190,251806,316720,11162914,12679219,11063269,12657425,241713,139479,245829,132676,24494650,24444109
2025-10-14,Pro,51637,40882,523844,497665,109602594,115131806,109663451,114922645,2593562,1480402,2726763,1428296,229383845,229279702
2025-10-14,TOTAL,137282,137282,1199019,1199019,176081560,187017499,176081560,187017499,4284542,2100360,4284542,2100360,370820262,370820262
2025-10-15,Client,66421,72872,375221,382202,13411885,11015270,13627612,10975926,1557357,608117,1637466,541262,27034271,27237340
2025-10-15,DII,58,1651,60618,74071,500,0,0,0,1402,0,16970,0,62578,92692
2025-10-15,FII,15952,10687,289051,273375,2330251,2517634,2301455,2550513,246167,135804,245303,133590,5534859,5514923
2025-10-15,Pro,39220,36441,494947,490189,18839546,16704934,18653115,16711399,2841756,1472179,2746943,1541248,40392582,40179335
2025-10-15,TOTAL,121651,121651,1219837,1219837,34582182,30237838,34582182,30237838,4646682,2216100,4646682,2216100,73024290,73024290
2025-10-16,Client,57147,78451,426917,449427,14071986,10616990,14039515,10502583,1804741,711288,1819606,694380,27689069,27583962
2025-10-16,DII,7210,3620,94824,68806,800,0,63,0,500,0,8213,0,103334,80702
2025-10-16,FII,40700,14523,370953,360034,3226376,3287144,3132699,3257459,278249,138832,272733,140928,7342254,7178376
2025-10-16,Pro,35268,43731,565029,579456,21903955,18025199,22030840,18169291,3158455,1737499,3141393,1752311,45425405,45717022
2025-10-16,TOTAL,140325,140325,1457723,1457723,39203117,31929333,39203117,31929333,5241945,2587619,5241945,2587619,80560062,80560062
2025-10-17,Client,77742,94996,469813,484469,33643853,25046572,33564202,25245357,2133580,754019,2068565,788749,62125579,62246338
2025-10-17,DII,214,4640,136184,101858,0,16300,1200,0,39,0,12783,0,152737,120481
2025-10-17,FII,36706,16288,397817,406403,6427301,5924827,6436324,5932637,379607,218362,380659,213698,13384620,13386009
2025-10-17,Pro,58514,57252,635243,646327,51718160,40324238,51787588,40133943,3791528,2110518,3842747,2080452,98638201,98548309
2025-10-17,TOTAL,173176,173176,1639057,1639057,91789314,71311937,91789314,71311937,6304754,3082899,6304754,3082899,174301137,174301137
2025-10-20,Client,67131,68806,487928,505932,53857898,47717478,53839664,47690674,1858761,757292,1871983,709722,104746488,104686781
2025-10-20,DII,463,3095,167982,175002,0,4550,0,650,0,0,4718,0,172995,183465
2025-10-20,FII,22482,17290,381986,338136,9306186,10524649,9309297,10494231,372136,200320,378808,199732,20807759,20737494
2025-10-20,Pro,44170,45055,601813,620639,105262430,104109673,105277553,104170795,3621876,1995935,3597264,2044093,215635897,215755399
2025-10-20,TOTAL,134246,134246,1639709,1639709,168426514,162356350,168426514,162356350,5852773,2953547,5852773,2953547,341363139,341363139
2025-10-21,Client,16084,19037,103266,100728,2536054,2113606,2539570,2138627,364100,126008,399271,128903,5259118,5326136
2025-10-21,DII,0,1543,21763,13026,0,0,0,0,0,0,0,0,21763,14569
2025-10-21,FII,1856,1557,26294,19099,355923,423613,362178,438864,9908,6855,11253,7198,824449,840149
2025-10-21,Pro,11758,7561,88759,107229,4263362,3648684,4253591,3608412,608283,264480,571767,261242,8885326,8809802
2025-10-21,TOTAL,29698,29698,240082,240082,7155339,6185903,7155339,6185903,982291,397343,982291,397343,14990656,14990656
2025-10-23,Client,98959,109252,932782,964651,14419638,12951621,14404875,13025071,2190486,936407,2247860,915035,31529893,31666744
2025-10-23,DII,2288,8655,749166,781926,900,1700,0,0,6143,540,12272,24,760737,802877
2025-10-23,FII,55090,31572,2097891,1972245,3547106,4178313,3514351,4168655,507260,262291,494209,251978,10647951,10433010
2025-10-23,Pro,71151,78009,927065,988082,21144437,20453059,21192855,20390967,4394546,2442319,4344094,2474520,49432577,49468527
2025-10-23,TOTAL,227488,227488,4706904,4706904,39112081,37584693,39112081,37584693,7098435,3641557,7098435,3641557,92371158,92371158
2025-10-24,Client,89456,85550,914282,877815,22762771,27614249,22876204,27621011,1791766,833135,1798028,859039,54005659,54117647
2025-10-24,DII,27245,21721,1090670,1084504,36,0,0,1600,5419,515,1003,345,1123885,1109173
2025-10-24,FII,52666,45702,2264310,2281902,5381907,5673812,5400689,5666196,336822,181659,336462,179117,13891176,13910068
2025-10-24,Pro,52877,69271,844744,869785,37965743,37942084,37833564,37941338,3523928,2050388,3522442,2027196,82379764,82263596
2025-10-24,TOTAL,222244,222244,5114006,5114006,66110457,71230145,66110457,71230145,5657935,3065697,5657935,3065697,151400484,151400484
2025-10-27,Client,95876,100775,974239,1007594,29737127,25607755,29824288,25571302,1756929,841262,1884057,793010,59013188,59181026
2025-10-27,DII,64037,64491,1173410,1188369,36,6800,0,0,11935,1704,2458,1,1257922,1255319
2025-10-27,FII,57522,58607,1701384,1639119,4880594,5397711,4884336,5428087,316281,149194,318747,158517,12502686,12487413
2025-10-27,Pro,64046,57608,991387,1005338,43139679,43319489,43048812,43332366,3782963,2018882,3662846,2059514,93316446,93166484
2025-10-27,TOTAL,281481,281481,4840420,4840420,77757436,74331755,77757436,74331755,5868108,3011042,5868108,3011042,166090242,166090242
2025-10-28,Client,149616,135700,1019932,978171,64106968,64124090,64218904,64266630,1361862,663101,1437921,675920,131425569,131713246
2025-10-28,DII,23915,30939,872807,897576,0,2600,800,10066,9560,3677,3826,390,912559,943597
2025-10-28,FII,55041,72037,664481,647306,13040694,13394290,12958284,13306940,144338,89765,151948,100968,27388609,27237483
2025-10-28,Pro,92151,82047,1077158,1111325,134270120,120532592,134239794,120469936,2526798,1406665,2448863,1385930,259905484,259737895
2025-10-28,TOTAL,320723,320723,3634378,3634378,211417782,198053572,211417782,198053572,4042558,2163208,4042558,2163208,419632221,419632221
2025-10-29,Client,62399,67543,468106,463859,11574131,9693147,11695857,9631999,1321191,508345,1319191,516715,23627319,23695164
2025-10-29,DII,8311,0,50405,97963,41,5770,0,0,0,1470,17749,13,65997,115725
2025-10-29,FII,12203,18351,333922,313773,2298832,2263984,2279592,2294662,192719,118575,198809,118516,5220235,5223703
2025-10-29,Pro,43581,40600,578064,554902,14811610,12786208,14709165,12822448,2403003,1298104,2381164,1291250,31920570,31799529
2025-10-29,TOTAL,126494,126494,1430497,1430497,28684614,24749109,28684614,24749109,3916913,1926494,3916913,1926494,60834121,60834121
2025-10-30,Client,65070,54227,391744,346899,10108562,10788691,9964022,10961891,1123453,406250,1005373,469042,22883770,22801454
2025-10-30,DII,1980,378,59455,55901,250,0,0,0,0,0,7176,0,61685,63455
2025-10-30,FII,8096,20230,260155,320244,2622780,2713455,2650454,2638783,189956,108082,199427,102402,5902524,5931540
2025-10-30,Pro,41590,41901,489689,477999,16550569,14696835,16667685,14598307,1968917,1108890,2070350,1051778,34856490,34908020
2025-10-30,TOTAL,116736,116736,1201043,1201043,29282161,28198981,29282161,28198981,3282326,1623222,3282326,1623222,63704469,63704469
2025-10-31,Client,65210,62359,424810,398201,18853494,21004936,18870719,21062899,1305926,496453,1232006,540165,42150829,42166349
2025-10-31,DII,2071,0,52639,100864,0,0,0,1700,0,1310,13128,0,56020,115692
2025-10-31,FII,13298,21523,301147,321502,4314606,3971579,4281182,3953810,218375,135870,220224,125925,8954875,8924166
2025-10-31,Pro,45507,42204,550257,508286,29982734,27724442,29998933,27682548,2354646,1333051,2413589,1300594,61990637,61946154
2025-10-31,TOTAL,126086,126086,1328853,1328853,53150834,52700957,53150834,52700957,3878947,1966684,3878947,1966684,113152361,113152361
2025-11-03,Client,53694,44557,355381,349264,24364079,23026310,24342788,22905127,1205409,468017,1147518,464089,49472890,49253343
2025-11-03,DII,603,0,54411,51032,0,0,0,0,255,1310,39235,355,56579,90622
2025-11-03,FII,9636,15790,283529,301887,4388510,4192710,4389691,4213849,196159,107417,200575,104267,9177961,9226059
2025-11-03,Pro,32428,36014,496734,487872,39811190,35462603,39831300,35562647,2276256,1231349,2290751,1239382,79310560,79447966
2025-11-03,TOTAL,96361,96361,1190055,1190055,68563779,62681623,68563779,62681623,3678079,1808093,3678079,1808093,138017990,138017990
2025-11-04,Client,56683,47270,367160,329946,45151429,49679170,45269093,50110606,1270060,468322,1126493,502198,96992824,97385606
2025-11-04,DII,590,2091,91857,56162,0,0,0,1700,0,0,28782,0,92447,88735
2025-11-04,FII,17720,28111,271340,343955,7630175,6749392,7530017,6547265,209546,120598,209197,109983,14998771,14768528
2025-11-04,Pro,34073,31594,485357,485651,88756647,85074136,88739141,84843127,2225793,1211173,2340927,1187912,177787179,177628352
2025-11-04,TOTAL,109066,109066,1215714,1215714,141538251,141502698,141538251,141502698,3705399,1800093,3705399,1800093,289871221,289871221
2025-11-06,Client,49327,51692,382256,360602,10601053,10977159,10620873,11012519,1293516,541839,1201596,552495,23845150,23799777
2025-11-06,DII,1415,234,79896,96698,0,500,0,500,0,440,19169,26,82251,116627
2025-11-06,FII,10815,13451,329543,339927,2725425,2686445,2756938,2685555,214831,127267,217869,119859,6094326,6133599
2025-11-06,Pro,33314,29494,565720,560188,17287633,15151914,17236300,15117444,2618504,1448999,2688217,1446165,37106084,37077808
2025-11-06,TOTAL,94871,94871,1357415,1357415,30614111,28816018,30614111,28816018,4126851,2118545,4126851,2118545,67127811,67127811
2025-11-07,Client,79470,70755,415687,384741,22252059,22025988,22313789,21964211,1519865,655043,1483227,643493,46948112,46860216
2025-11-07,DII,435,713,60221,73754,118,1770,0,19170,1000,612,23155,0,64156,116792
2025-11-07,FII,14016,28253,330084,353772,4183946,4445266,4152005,4413650,244324,134372,245028,135826,9352008,9328534
2025-11-07,Pro,55122,49322,575091,568816,35356730,30822496,35327059,30898489,3142581,1671782,3156360,1682490,71623802,71682536
2025-11-07,TOTAL,149043,149043,1381083,1381083,61792853,57295520,61792853,57295520,4907770,2461809,4907770,2461809,127988078,127988078
2025-11-10,Client,40210,41098,325820,307374,24431476,21709973,24364895,21664745,1418661,507384,1370966,488686,48433524,48237764
2025-11-10,DII,294,423,51364,83482,0,1930,0,880,60,494,14734,0,54142,99519
2025-11-10,FII,6448,11064,274148,275233,3751433,4330519,3774086,4354608,236657,125745,238954,131048,8724950,8784993
2025-11-10,Pro,29019,23386,457148,442391,36020132,34984719,36064060,35006908,2715303,1374954,2746027,1388843,75581275,75671615
2025-11-10,TOTAL,75971,75971,1108480,1108480,64203041,61027141,64203041,61027141,4370681,2008577,4370681,2008577,132793891,132793891
2025-11-11,Client,76998,71921,382657,370930,59119626,54910433,59444891,54948871,1520592,571781,1519970,563988,116582087,116920571
2025-11-11,DII,188,159,60535,76544,0,1100,0,6100,1000,227,10344,0,63050,93147
2025-11-11,FII,11226,14349,317340,321208,9352974,8556208,9231232,8627217,270658,144059,272709,139633,18652465,18606348
2025-11-11,Pro,42166,44149,504396,496246,107970155,101294199,107766632,101179752,2876665,1467058,2865892,1479504,214154639,213832175
2025-11-11,TOTAL,130578,130578,1264928,1264928,176442755,164761940,176442755,164761940,4668915,2183125,4668915,2183125,349452241,349452241
2025-11-12,Client,56807,66280,423085,451471,10072288,9238013,10109425,9125023,2019298,740167,2046042,691436,22549658,22489677
2025-11-12,DII,11493,412,79712,81933,1000,1700,0,0,1697,73,4598,0,95675,86943
2025-11-12,FII,12666,15076,357692,304757,1840177,2208709,1826787,2254851,351665,174202,349655,187438,4945111,4938564
2025-11-12,Pro,42085,41283,543692,566020,12551733,11890612,12528986,11959160,3599577,1817291,3571942,1852859,30444990,30520250
2025-11-12,TOTAL,123051,123051,1404181,1404181,24465198,23339034,24465198,23339034,5972237,2731733,5972237,2731733,58035434,58035434
2025-11-13,Client,60826,67718,412006,438266,11426096,9906263,11360163,9956279,1819349,658388,1767873,663554,24282928,24253853
2025-11-13,DII,526,528,91270,67435,0,20450,0,0,751,0,7677,0,112997,75640
2025-11-13,FII,12251,9958,319914,306656,2474623,2981730,2474682,2939951,319855,170149,323774,172350,6278522,6227371
2025-11-13,Pro,38854,34253,525884,536717,16592218,14634668,16658092,14646881,3352987,1777214,3393618,1769847,36921825,37039408
2025-11-13,TOTAL,112457,112457,1349074,1349074,30492937,27543111,30492937,27543111,5492942,2605751,5492942,2605751,67596272,67596272
2025-11-14,Client,86787,77657,405645,378696,24176476,22099990,24267931,22262337,1668634,671455,1608727,684095,49108987,49279443
2025-11-14,DII,4384,299,68241,80068,0,3400,0,18100,0,0,5786,20,76025,104273
2025-11-14,FII,13121,22793,281623,289273,4937504,4980730,4932469,4933927,301477,170941,307220,171341,10685396,10657023
2025-11-14,Pro,53399,56942,516055,523527,35706755,32152208,35620335,32021964,3211146,1823090,3259524,1810030,73462653,73292322
2025-11-14,TOTAL,157691,157691,1271564,1271564,64820735,59236328,64820735,59236328,5181257,2665486,5181257,2665486,133333061,133333061
2025-11-17,Client,54457,54578,398826,373131,23310270,20950390,23307317,20810354,1770350,646663,1755999,621430,47130956,46922809
2025-11-17,DII,415,740,97752,99535,0,0,0,0,0,355,9574,0,98522,109849
2025-11-17,FII,13164,12830,258874,277948,3638039,4239728,3626806,4275456,295732,148829,296455,150391,8594366,8639886
2025-11-17,Pro,28984,28872,473733,478571,32543413,33021125,32557599,33125433,3226256,1579125,3230310,1603151,70872636,71023936
2025-11-17,TOTAL,97020,97020,1229185,1229185,59491722,58211243,59491722,58211243,5292338,2374972,5292338,2374972,126696480,126696480
2025-11-18,Client,61931,61488,434204,382598,50644531,48424673,50659805,48703075,1695077,616699,1629921,662666,101877115,102099553
2025-11-18,DII,124,32,171674,166589,1333,547,1333,3061,0,0,9811,50,173678,180876
2025-11-18,FII,12994,12498,249945,286412,6479628,7358568,6577860,7221735,359409,180768,359960,179719,14641312,14638184
2025-11-18,Pro,34868,35899,472818,493042,87355417,87828529,87241911,87684446,3341941,1748556,3396735,1703588,180782129,180555621
2025-11-18,TOTAL,109917,109917,1328641,1328641,144480909,143612317,144480909,143612317,5396427,2546023,5396427,2546023,297474234,297474234
2025-11-19,Client,65443,71479,516137,516375,11528841,10110082,11668918,10004946,2080866,766505,2168405,748595,25067874,25178718
2025-11-19,DII,1744,1964,270149,256596,0,0,0,0,0,140,12857,164,272033,271581
2025-11-19,FII,13568,12350,312791,299921,2317685,2627440,2281345,2701423,464363,215075,459244,215719,5950922,5970002
2025-11-19,Pro,43413,38375,494763,520948,15183847,13388599,15080110,13419752,4166293,2012024,4071016,2029266,35288939,35159467
2025-11-19,TOTAL,124168,124168,1593840,1593840,29030373,26126121,29030373,26126121,6711522,2993744,6711522,2993744,66579768,66579768
2025-11-20,Client,67633,87589,757530,741808,10623116,9128933,10615748,9104054,2122939,760459,2231160,751089,23460610,23531448
2025-11-20,DII,42083,29947,787857,766389,0,1050,0,886,819,318,491,0,832127,797713
2025-11-20,FII,28922,26916,2073480,2066154,2445040,3159062,2411039,3128501,497313,232922,489869,228586,8436739,8351065
2025-11-20,Pro,50288,44474,744532,789048,15259417,14820618,15300786,14876222,4317002,2042559,4216553,2056583,37234416,37283666
2025-11-20,TOTAL,188926,188926,4363399,4363399,28327573,27109663,28327573,27109663,6938073,3036258,6938073,3036258,69963892,69963892
2025-11-21,Client,106560,110695,901899,878172,19615006,20536510,19541035,20883489,2187177,938487,2180955,994883,44285639,44589229
2025-11-21,DII,48007,53798,1100907,1095054,0,1177,0,993,10859,24,512,100,1160974,1150457
2025-11-21,FII,51502,55784,2272730,2289547,3645061,4391912,3657942,4297007,499707,253627,499209,245654,11114539,11045143
2025-11-21,Pro,72470,58262,778658,791421,26956460,28139902,27017550,27888012,4173503,2232810,4190570,2184311,62353803,62130126
2025-11-21,TOTAL,278539,278539,5054194,5054194,50216527,53069501,50216527,53069501,6871246,3424948,6871246,3424948,118914955,118914955
2025-11-24,Client,106907,105789,941931,963724,25131339,26236450,25007789,26302520,1765973,875249,1890167,837959,55057849,55107948
2025-11-24,DII,24646,42435,1286859,1327397,0,1333,0,1125,17955,1848,2700,1317,1332641,1374974
2025-11-24,FII,60056,51906,1852059,1767418,4608160,5497707,4646728,5490974,365134,170495,387043,202265,12553611,12546334
2025-11-24,Pro,69157,60636,936302,958612,36167638,38148336,36252620,38089207,3626210,1961974,3495362,1968025,80909617,80824462
2025-11-24,TOTAL,260766,260766,5017151,5017151,65907137,69883826,65907137,69883826,5775272,3009566,5775272,3009566,149853718,149853718
2025-11-25,Client,119750,108686,1024555,1062585,55132993,53100662,55295149,53204963,1177306,645989,1303085,633684,111201255,111608152
2025-11-25,DII,11753,10050,932955,914048,0,10418,0,8053,28079,8061,10616,0,991266,942767
2025-11-25,FII,40484,52412,506283,503544,11165613,11059099,11197440,11020972,117401,73354,122567,76057,22962234,22972992
2025-11-25,Pro,66181,67020,1002057,985673,111311534,105126534,111117551,105062725,2259946,1292766,2146464,1310429,221059018,220689862
2025-11-25,TOTAL,238168,238168,3465850,3465850,177610140,169296713,177610140,169296713,3582732,2020170,3582732,2020170,356213773,356213773
2025-11-26,Client,76970,79790,338384,336317,11024511,9293498,11222664,9015519,964169,393524,1052976,408967,22091056,22116233
2025-11-26,DII,238,15,39947,60855,0,4749,0,1139,86,3055,3814,36,48075,65859
2025-11-26,FII,21214,17272,274975,241605,2172381,2456019,2099101,2563219,141601,87095,147996,89128,5153285,5158321
2025-11-26,Pro,47825,49170,382019,396548,15610755,12574710,15485882,12749099,1723790,935064,1624860,920607,31274163,31226166
2025-11-26,TOTAL,146247,146247,1035325,1035325,28807647,24328976,28807647,24328976,2829646,1418738,2829646,1418738,58566579,58566579
2025-11-27,Client,59226,59329,316760,277060,11764789,10776336,11750450,10883720,926890,329121,864164,388614,24173122,24223337
2025-11-27,DII,239,11,66330,60303,0,300,0,0,0,300,13040,24,67169,73378
2025-11-27,FII,15320,11836,208793,242617,2648289,2975662,2647376,2929917,140493,78200,148246,81343,6066757,6061335
2025-11-27,Pro,32093,35702,358061,369964,16780329,16416029,16795581,16354690,1552209,884709,1594142,822349,36023430,35972428
2025-11-27,TOTAL,106878,106878,949944,949944,31193407,30168327,31193407,30168327,2619592,1292330,2619592,1292330,66330478,66330478
2025-11-28,Client,32967,34425,260714,235167,16465262,16452086,16351745,16509157,922549,340808,905428,366756,34474386,34402678
2025-11-28,DII,110,0,37495,62477,0,0,0,0,0,496,4732,8,38101,67217
2025-11-28,FII,8100,8433,187918,190277,2492925,3238828,2519557,3184619,120871,62078,125632,62161,6110720,6090679
2025-11-28,Pro,20246,18565,302322,300528,21286875,21943802,21373760,21940940,1513031,794253,1520659,768710,45860529,45923162
2025-11-28,TOTAL,61423,61423,788449,788449,40245062,41634716,40245062,41634716,2556451,1197635,2556451,1197635,86483736,86483736
2025-12-01,Client,56637,54296,275520,283774,25058319,27420968,24948136,27520279,1058148,389356,984065,403415,54258948,54193965
2025-12-01,DII,91,1203,61466,48309,0,0,0,0,0,504,17356,0,62061,66868
2025-12-01,FII,12005,11579,193885,200890,4026394,4521518,4034730,4507361,154510,85837,157568,87632,8994149,8999760
2025-12-01,Pro,35285,36940,342620,340518,36970882,39905856,37072729,39820702,1670544,892575,1724213,877225,79817762,79872327
2025-12-01,TOTAL,104018,104018,873491,873491,66055595,71848342,66055595,71848342,2883202,1368272,2883202,1368272,143132920,143132920
2025-12-02,Client,60350,42998,239026,256829,45670736,52157673,45796088,52368665,865154,333091,805637,348060,99326030,99618277
2025-12-02,DII,2139,9258,47715,87474,1000,0,0,0,150,0,17352,150,51004,114234
2025-12-02,FII,9296,21985,266367,214424,7952276,7151326,7954036,7100643,138027,79071,139780,77268,15596363,15508136
2025-12-02,Pro,36012,33556,326790,321171,84608293,90702421,84482181,90542112,1395398,791252,1435960,777936,177860166,177592916
2025-12-02,TOTAL,107797,107797,879898,879898,138232305,150011420,138232305,150011420,2398729,1203414,2398729,1203414,292833563,292833563
2025-12-03,Client,71647,54467,339310,331563,10054350,10556010,10073235,10592309,1135035,465424,997109,502121,22621776,22550804
2025-12-03,DII,349,9577,68042,73916,0,180,0,1250,24,350,38760,60,68945,123563
2025-12-03,FII,14462,28072,245422,282819,2337160,2160649,2321588,2134874,205587,102916,209665,98293,5066196,5075311
2025-12-03,Pro,39240,33582,440029,404505,14469579,12802831,14466266,12791237,1903438,1082950,1998550,1051166,30738067,30745306
2025-12-03,TOTAL,125698,125698,1092803,1092803,26861089,25519670,26861089,25519670,3244084,1651640,3244084,1651640,58494984,58494984
2025-12-04,Client,53856,55180,262779,282593,11163095,9768233,11173037,9773729,1029004,442192,1009732,417915,22719159,22712186
2025-12-04,DII,393,0,57057,81259,0,0,0,0,343,384,22108,0,58177,103367
2025-12-04,FII,6379,15440,240830,207665,2246743,2572783,2272944,2573056,166523,85827,167688,88455,5319085,5325248
2025-12-04,Pro,35475,25483,374794,363943,15472742,14129973,15436599,14124204,1812536,974590,1808878,996623,32800110,32755730
2025-12-04,TOTAL,96103,96103,935460,935460,28882580,26470989,28882580,26470989,3008406,1502993,3008406,1502993,60896531,60896531
2025-12-05,Client,69454,74630,353899,352520,22060122,19070490,22170322,18950330,1283650,635534,1295727,607444,43473149,43450973
2025-12-05,DII,8972,0,57689,75496,0,2100,0,0,10,1013,21466,0,69784,96962
2025-12-05,FII,11937,10709,271050,252349,3806747,4484397,3755218,4517024,210066,107725,218636,121852,8891922,8875788
2025-12-05,Pro,45331,50355,450369,452642,32322599,30505692,32263928,30595325,2412562,1371977,2370459,1386953,67108530,67119662
2025-12-05,TOTAL,135694,135694,1133007,1133007,58189468,54062679,58189468,54062679,3906288,2116249,3906288,2116249,119543385,119543385
2025-12-08,Client,74680,72238,352004,369449,27073015,30184825,26656410,30325527,1329678,785433,1119022,824228,59799635,59366874
2025-12-08,DII,267,0,93719,83130,25,430,50,3330,1380,58,42677,70,95879,129257
2025-12-08,FII,10755,27982,275893,293968,5300434,5119834,5428973,5046545,256383,136561,252550,126073,11099860,11176091
2025-12-08,Pro,58457,43939,517705,492774,46754484,46109805,47042525,46039492,2403585,1659057,2576777,1630738,97503093,97826245
2025-12-08,TOTAL,144159,144159,1239321,1239321,79127958,81414894,79127958,81414894,3991026,2581109,3991026,2581109,168498467,168498467
2025-12-09,Client,71859,68299,325334,327575,58728777,57751484,59037287,57860013,1102430,642628,1060475,652648,118622512,119006297
2025-12-09,DII,1976,1400,56619,86020,0,664,0,574,1650,240,32389,0,61149,120383
2025-12-09,FII,16100,20069,298179,277068,11205947,10124696,11081326,10036521,252548,136402,250915,137601,22033872,21803500
2025-12-09,Pro,46916,47083,476331,465800,121488165,110994946,121304276,110974682,2273904,1460308,2286753,1449329,236740570,236527923
2025-12-09,TOTAL,136851,136851,1156463,1156463,191422889,178871790,191422889,178871790,3630532,2239578,3630532,2239578,377458103,377458103
2025-12-10,Client,58308,55930,276563,280038,13125596,13384220,13036441,13444148,1223111,639825,1097955,636952,28707623,28551464
2025-12-10,DII,10,761,84941,71182,0,1000,0,1800,1737,135,18357,40,87823,92140
2025-12-10,FII,11273,17114,258470,275073,2735377,2692251,2726223,2691991,217736,117792,228448,119610,6032899,6058459
2025-12-10,Pro,35461,31247,412247,405928,18474422,17598353,18572731,17537885,2257948,1391566,2355772,1392716,40169997,40296279
2025-12-10,TOTAL,105052,105052,1032221,1032221,34335395,33675824,34335395,33675824,3700532,2149318,3700532,2149318,74998342,74998342
2025-12-11,Client,60076,58469,277792,285634,13257505,12218960,13458325,12075507,1160689,584249,1229595,535665,27559271,27643195
2025-12-11,DII,304,0,55300,74015,0,1140,0,1700,43,287,16503,140,57074,92358
2025-12-11,FII,15837,14482,273168,230126,3069447,3151516,3069194,3201049,241436,124454,238364,126330,6875858,6879545
2025-12-11,Pro,41488,44754,392200,408685,20816220,18350220,20615653,18443580,2336704,1272263,2254410,1319118,43209095,43086200
2025-12-11,TOTAL,117705,117705,998460,998460,37143172,33721836,37143172,33721836,3738872,1981253,3738872,1981253,77701298,77701298
2025-12-12,Client,56287,53078,332551,321328,21143643,19317487,21187265,19292602,1469666,589863,1492660,550256,42909497,42897189
2025-12-12,DII,7773,0,51819,48876,0,323,0,323,1221,132,19669,78,61268,68946
2025-12-12,FII,9568,13000,247156,239312,3355404,3810199,3305787,3826632,263962,127544,260943,128764,7813833,7774438
2025-12-12,Pro,33907,41457,398650,420660,27290205,26980054,27296200,26988506,2615750,1293879,2577327,1332320,58612445,58656470
2025-12-12,TOTAL,107535,107535,1030176,1030176,51789252,50108063,51789252,50108063,4350599,2011418,4350599,2011418,109397043,109397043
2025-12-15,Client,49976,48375,296794,272775,25791060,25061913,25759235,24952441,1266414,511352,1191681,505298,52977509,52729805
2025-12-15,DII,1552,1600,68942,58547,0,0,0,0,100,0,3052,45,70594,63244
2025-12-15,FII,11461,8970,208347,241696,4143555,4515445,4165298,4528195,237697,118414,244384,120201,9234919,9308744
2025-12-15,Pro,30172,34216,361900,362965,38232896,37543169,38242978,37639891,2171803,1161214,2236897,1165436,79501154,79682383
2025-12-15,TOTAL,93161,93161,935983,935983,68167511,67120527,68167511,67120527,3676014,1790980,3676014,1790980,141784176,141784176
2025-12-16,Client,57050,54385,280756,283135,45586930,47856113,45528137,48214399,1300795,539264,1165376,580718,95620908,95826150
2025-12-16,DII,1086,0,89719,77095,0,152,0,0,17,313,1311,0,91287,78406
2025-12-16,FII,8571,17491,281981,328207,6622632,6238800,6652956,6154827,261763,138200,267014,143260,13551947,13563755
2025-12-16,Pro,38632,33463,416913,380932,79886997,81612775,79915466,81338614,2257625,1300828,2386499,1254627,165513770,165309601
2025-12-16,TOTAL,105339,105339,1069369,1069369,132096559,135707840,132096559,135707840,3820200,1978605,3820200,1978605,274777912,274777912
2025-12-17,Client,43616,39758,260485,266841,9929961,10522380,9922778,10551382,1282049,595787,1214155,594861,22634278,22589775
2025-12-17,DII,1081,0,101405,94126,2927,976,0,4326,0,64,5164,0,106453,103616
2025-12-17,FII,6986,14791,249684,261582,2000904,1882646,2020578,1888634,281666,152447,283198,146593,4574333,4615376
2025-12-17,Pro,28855,25989,385971,374996,13484156,12509238,13474592,12470898,2324216,1347359,2385414,1354203,30079795,30086092
2025-12-17,TOTAL,80538,80538,997545,997545,25417948,24915240,25417948,24915240,3887931,2095657,3887931,2095657,57394859,57394859
2025-12-18,Client,54323,56049,311940,330934,11251747,10808265,11327616,10793511,1481033,695633,1529982,672926,24602941,24711018
2025-12-18,DII,94,263,169132,168025,0,947,0,1747,364,0,9295,0,170537,179330
2025-12-18,FII,10610,11442,393607,362542,2583128,2576975,2577538,2590969,334956,170087,337700,172635,6069363,6052826
2025-12-18,Pro,43944,41217,426416,439594,17339100,15047143,17268821,15047103,2902565,1566488,2841941,1586647,37325656,37225323
2025-12-18,TOTAL,108971,108971,1301095,1301095,31173975,28433330,31173975,28433330,4718918,2432208,4718918,2432208,68168497,68168497
2025-12-19,Client,45761,54539,393780,399232,17544228,16268024,17707986,16223870,1818276,807886,1931656,748101,36877955,37065384
2025-12-19,DII,116,160,142861,176284,0,500,0,0,227,0,359,0,143704,176803
2025-12-19,FII,14594,7897,434367,366315,2909490,3259293,2851337,3307415,374339,182026,377881,189213,7174109,7100058
2025-12-19,Pro,35898,33773,518044,547221,23461847,23642522,23356242,23639054,3548519,1844757,3431465,1897355,53051587,52905110
2025-12-19,TOTAL,96369,96369,1489052,1489052,43915565,43170339,43915565,43170339,5741361,2834669,5741361,2834669,97247355,97247355
2025-12-22,Client,39661,48380,464197,464178,16312853,15409464,16331903,15234379,2297276,933719,2322112,867476,35457170,35268428
2025-12-22,DII,235,585,261827,257592,0,2214,0,596,4187,700,13490,320,269163,272583
2025-12-22,FII,21880,7796,469019,456314,2505505,3073765,2464034,3096178,449373,212096,449486,211297,6731638,6685105
2025-12-22,Pro,21714,26729,505860,522819,23252564,25450806,23274985,25605096,4014893,2144202,3980641,2211624,55390039,55621894
2025-12-22,TOTAL,83490,83490,1700903,1700903,42070922,43936249,42070922,43936249,6765729,3290717,6765729,3290717,97848010,97848010
2025-12-23,Client,34009,40122,535829,534004,43544084,41411240,43609190,41621644,1876905,798891,1895309,817360,88200958,88517629
2025-12-23,DII,67,1632,509342,514354,0,1020,0,1181,1233,430,2058,58,512092,519283
2025-12-23,FII,19510,8567,848082,818768,5120093,5747827,5163626,5730706,423520,222275,420153,203904,12381307,12345724
2025-12-23,Pro,21365,24630,509335,535462,76289456,79713452,76180817,79520008,3613111,2040343,3597249,2040617,162187062,161898783
2025-12-23,TOTAL,74951,74951,2402588,2402588,124953633,126873539,124953633,126873539,5914769,3061939,5914769,3061939,263281419,263281419
2025-12-24,Client,44366,45109,645264,632153,8593966,8562273,8537310,8689545,2044011,855118,2060456,885818,20744998,20850391
2025-12-24,DII,70,5773,412939,404927,0,526,0,610,610,0,1439,0,414145,412749
2025-12-24,FII,11541,10760,1315673,1319357,1076539,1202257,1085700,1180279,459282,224412,443879,225503,4289704,4265478
2025-12-24,Pro,57766,52101,1545372,1562811,14336017,14012425,14383512,13907047,4212742,2412858,4210871,2381067,36577180,36497409
2025-12-24,TOTAL,113743,113743,3919248,3919248,24006522,23777481,24006522,23777481,6716645,3492388,6716645,3492388,62026027,62026027
2025-12-26,Client,62794,46129,795893,799835,13128941,14080142,13051830,14204254,2281564,1041330,2283106,1053890,31390664,31439044
2025-12-26,DII,42743,39669,826364,841798,1000,243,0,282,17953,345,1199,48,888648,882996
2025-12-26,FII,46615,56717,1872777,1854014,2819564,2517332,2831095,2465254,426425,203412,428438,199434,7886125,7834952
2025-12-26,Pro,40666,50303,810253,809640,20681360,18398897,20747940,18326824,4357717,2371592,4370916,2363307,46660485,46668930
2025-12-26,TOTAL,192818,192818,4305287,4305287,36630865,34996614,36630865,34996614,7083659,3616679,7083659,3616679,86825922,86825922
2025-12-29,Client,82089,72868,940693,929367,20802315,23146562,20779833,23112834,2035844,1184331,2074946,1196842,48191834,48166690
2025-12-29,DII,46529,42797,990531,990495,0,5035,0,1020,9614,3948,6852,54,1055657,1041218
2025-12-29,FII,59187,74974,1193829,1202414,4308855,4289887,4313864,4290768,361157,187315,377479,196256,10400230,10455755
2025-12-29,Pro,47157,44323,886549,889326,33435534,34077123,33453007,34113985,4270696,2547064,4218034,2529506,75264123,75248181
2025-12-29,TOTAL,234962,234962,4011602,4011602,58546704,61518607,58546704,61518607,6677311,3922658,6677311,3922658,134911844,134911844
2025-12-30,Client,130411,113636,1103728,1120794,54010324,51695542,54305526,51781541,1434787,868039,1629410,832979,109242831,109783886
2025-12-30,DII,6778,7587,1006988,1064364,0,1237,0,2483,11328,11809,14127,1297,1038140,1089858
2025-12-30,FII,56674,66415,608644,518912,9187082,8383086,9159203,8334052,148395,91241,150163,86453,18475122,18315198
2025-12-30,Pro,66377,72602,1158761,1174051,113740059,97197468,113472736,97159257,2946636,1742097,2747446,1792457,216851398,216418549
2025-12-30,TOTAL,260240,260240,3878121,3878121,176937465,157277333,176937465,157277333,4541146,2713186,4541146,2713186,345607491,345607491
2025-12-31,Client,66447,68814,371504,381193,12963282,10841890,13134615,10717285,1101489,432468,1103229,420206,25777080,25825342
2025-12-31,DII,4448,39,50441,70764,0,5750,0,2178,0,4652,45831,102,65291,118914
2025-12-31,FII,10841,12665,273940,231305,2094936,2381222,2053884,2388003,164280,94160,167638,99587,5019379,4953082
2025-12-31,Pro,38596,38814,441947,454570,17629091,15401218,17498810,15522614,1937864,1019079,1886935,1030464,36467795,36432207
2025-12-31,TOTAL,120332,120332,1137832,1137832,32687309,28630080,32687309,28630080,3203633,1550359,3203633,1550359,67329545,67329545
2026-01-01,Client,28343,27445,341531,303511,9458318,9225905,9359505,9228858,1121455,494640,1064067,519148,20670192,20502534
2026-01-01,DII,667,7,36282,43385,0,50,0,0,10280,50,50538,40,47329,93970
2026-01-01,FII,6338,4378,136150,148458,1493907,1789297,1493499,1807228,35681,31082,40494,32147,3492455,3526204
2026-01-01,Pro,15174,18692,356666,375275,13617901,14649550,13717122,14628716,1808323,1028793,1820640,1003230,31476407,31563675
2026-01-01,TOTAL,50522,50522,870629,870629,24570126,25664802,24570126,25664802,2975739,1554565,2975739,1554565,55686383,55686383
2026-01-02,Client,49373,62008,418354,419786,19779515,16202304,20003882,16084693,1751857,623277,1764028,607810,38824680,38942207
2026-01-02,DII,5870,3025,83703,61225,0,1600,0,0,5000,180,54500,0,96353,118750
2026-01-02,FII,22349,8669,284073,282868,2888664,3255131,2833709,3320191,209940,102298,204175,103237,6762455,6752849
2026-01-02,Pro,28231,32121,473858,496109,25743491,24295794,25574079,24349945,2819041,1341056,2763135,1355764,54701471,54571153
2026-01-02,TOTAL,105823,105823,1259988,1259988,48411670,43754829,48411670,43754829,4785838,2066811,4785838,2066811,100384959,100384959
2026-01-05,Client,60106,61295,402396,392601,31843570,32518983,31505758,32668702,1633376,566662,1474221,594550,67025093,66697127
2026-01-05,DII,124,307,95478,48063,0,0,0,0,3400,0,58246,0,99002,106616
2026-01-05,FII,17982,15759,302154,348853,5563247,5755461,5633610,5700506,264083,146923,268926,146769,12049850,12114423
2026-01-05,Pro,43920,44771,513500,524011,49037286,49157536,49304735,49062772,2854586,1542506,2954052,1514772,103149334,103405113
2026-01-05,TOTAL,122132,122132,1313528,1313528,86444103,87431980,86444103,87431980,4755445,2256091,4755445,2256091,182323279,182323279
2026-01-06,Client,49677,46203,417494,395631,54385166,60442896,54559567,60541615,1705316,674942,1565305,698076,117675491,117806397
2026-01-06,DII,242,0,47793,51552,0,0,0,0,4000,0,39888,0,52035,91440
2026-01-06,FII,2883,2115,90352,109063,1122984,1060042,1140659,1063990,214304,101978,214536,99498,2592543,2629861
2026-01-06,Pro,43738,48222,856572,855965,108495536,112738727,108303460,112636060,3148202,1794150,3252093,1773496,227076925,226869296
2026-01-06,TOTAL,96540,96540,1412211,1412211,164003686,174241665,164003686,174241665,5071822,2571070,5071822,2571070,347396994,347396994
2026-01-07,Client,49690,46052,401937,395540,13414844,14188180,13362144,14260601,1781114,680232,1681917,692819,30515997,30439073
2026-01-07,DII,545,179,79587,88104,0,0,0,0,2368,523,49853,60,83023,138196
2026-01-07,FII,10770,19154,316020,339807,2755628,2452190,2770580,2447525,242078,134866,247481,133694,5911552,5958241
2026-01-07,Pro,31580,27200,548906,522999,18942996,17763638,18980744,17695882,3084897,1667125,3131206,1656173,42039142,42014204
2026-01-07,TOTAL,92585,92585,1346450,1346450,35113468,34404008,35113468,34404008,5110457,2482746,5110457,2482746,78549714,78549714
2026-01-08,Client,77373,66932,433794,435517,13684373,14838634,13437251,14894992,1600867,753137,1443861,824951,31388178,31103504
2026-01-08,DII,2347,6500,103248,78606,0,0,0,1280,6402,557,36146,150,112554,122682
2026-01-08,FII,17452,48527,335000,390888,3789606,3879063,3891194,3847022,310228,165513,314705,153189,8496862,8645525
2026-01-08,Pro,65957,41170,634326,601357,25069110,22143226,25214644,22117629,3081638,1933161,3204423,1874078,52927418,53053301
2026-01-08,TOTAL,163129,163129,1506368,1506368,42543089,40860923,42543089,40860923,4999135,2852368,4999135,2852368,92925012,92925012
2026-01-09,Client,75130,67151,407350,431785,23491301,31640947,23544687,31690101,1501594,786836,1398974,826700,57903158,57959398
2026-01-09,DII,603,26,70446,94009,7103,3076,0,1315,3122,752,26700,143,85102,122193
2026-01-09,FII,17850,36566,353893,343016,5552149,5680893,5499060,5650853,287245,167328,286832,165392,12059358,11981719
2026-01-09,Pro,53297,43137,654024,616903,40641530,41121003,40648336,41103650,3079125,1954812,3158580,1917493,87503791,87488099
2026-01-09,TOTAL,146880,146880,1485713,1485713,69692083,78445919,69692083,78445919,4871086,2909728,4871086,2909728,157551409,157551409
2026-01-12,Client,88333,81841,361268,347829,40797230,39859726,40977790,39815110,1519260,736929,1477996,715025,83362746,83415591
2026-01-12,DII,25,0,23561,44663,0,0,4000,450,5558,0,10486,0,29144,59599
2026-01-12,FII,4686,5550,97199,79116,1748816,1575527,1745227,1580369,266631,137095,264783,137086,3829954,3812131
2026-01-12,Pro,88145,93798,890941,901361,82131487,69568774,81950516,69608098,3182484,1783793,3220668,1805706,157645624,157580147
2026-01-12,TOTAL,181189,181189,1372969,1372969,124677533,111004027,124677533,111004027,4973933,2657817,4973933,2657817,244867468,244867468
2026-01-13,Client,65853,61421,331526,333038,72041891,73883474,72186964,73972574,1514219,635475,1409387,642164,148472438,148605548
2026-01-13,DII,941,480,115303,90449,0,0,0,720,8124,300,24712,0,124668,116361
2026-01-13,FII,18191,22437,311134,346769,13906568,14347781,13951664,14352151,344600,177082,345471,177260,29105356,29195752
2026-01-13,Pro,46023,46670,554268,541975,152138357,150392172,151948188,150297982,2976651,1641753,3064024,1635186,307749224,307534025
2026-01-13,TOTAL,131008,131008,1312231,1312231,238086816,238623427,238086816,238623427,4843594,2454610,4843594,2454610,485451686,485451686
2026-01-14,Client,52386,51914,366746,355000,13844398,13447863,13874721,13454902,1727196,660140,1732488,658487,30098729,30127512
2026-01-14,DII,2338,6,86446,102210,10655,0,0,700,7135,371,16796,30,106945,119742
2026-01-14,FII,17152,18631,334154,328518,3034673,3016209,3054804,3027017,361072,194131,354745,190870,6957391,6974585
2026-01-14,Pro,35783,37108,547758,549376,19943321,17258245,19903522,17239698,3510031,1745914,3501405,1751169,43041052,42982278
2026-01-14,TOTAL,107659,107659,1335104,1335104,36833047,33722317,36833047,33722317,5605434,2600556,5605434,2600556,80204117,80204117
2026-01-16,Client,75945,75085,453425,438135,29413289,28569950,29472667,28670239,2193881,830883,2144845,844136,61537373,61645107
2026-01-16,DII,1012,564,113050,125422,0,11100,10655,0,14495,0,15338,48,139657,152027
2026-01-16,FII,27112,18353,444571,435624,5642047,5849224,5588192,5801359,446985,229995,450417,229314,12639934,12523259
2026-01-16,Pro,44509,54576,682835,694700,43903916,41699489,43887738,41658165,4344570,2219944,4389331,2207324,92895263,92891834
2026-01-16,TOTAL,148578,148578,1693881,1693881,78959252,76129763,78959252,76129763,6999931,3280822,6999931,3280822,167212227,167212227
2026-01-19,Client,64270,60301,459592,441213,34232167,34841249,34149952,34788122,2055425,899717,1947271,875323,72552420,72262182
2026-01-19,DII,371,303,160558,134097,0,795,0,1600,5183,0,42421,0,166907,178421
2026-01-19,FII,20328,23050,404481,433625,6892464,6585342,6921570,6602189,483788,266582,495329,273170,14652985,14748933
2026-01-19,Pro,41099,42414,700040,715736,58854602,51483612,58907711,51519087,4706148,2538429,4765523,2556235,118323930,118506706
2026-01-19,TOTAL,126068,126068,1724671,1724671,99979233,92910998,99979233,92910998,7250544,3704728,7250544,3704728,205696242,205696242
2026-01-20,Client,83638,78031,537091,582218,58819699,73662916,58773602,73901214,1930507,1007912,1912781,1063671,136041763,136311517
2026-01-20,DII,2212,2957,359620,318618,200,14032,107,14000,8696,635,12554,206,385395,348442
2026-01-20,FII,25178,33648,461330,463301,10449116,11347973,10619746,11266525,537517,291387,541119,275073,23112501,23199412
2026-01-20,Pro,59195,55587,796554,790458,124416860,129353061,124292420,129196243,4813007,2773372,4823273,2734356,262212049,261892337
2026-01-20,TOTAL,170223,170223,2154595,2154595,193685875,214377982,193685875,214377982,7289727,4073306,7289727,4073306,421751708,421751708
2026-01-21,Client,131636,134485,908191,916630,18824232,22498364,18928102,22445624,1934900,1297565,1989458,1247217,45594888,45661516
2026-01-21,DII,11717,8290,726279,726802,0,11349,0,250,3580,826,8666,264,753751,744272
2026-01-21,FII,51025,54180,2119610,2094337,5786526,5413277,5843067,5415035,644805,399359,650875,396586,14414602,14454080
2026-01-21,Pro,100397,97820,1186181,1202492,32320900,30761378,32160489,30823459,5389639,3439060,5323925,3492743,73197555,73100928
2026-01-21,TOTAL,294775,294775,4940261,4940261,56931658,58684368,56931658,58684368,7972924,5136810,7972924,5136810,133960796,133960796
2026-01-22,Client,115148,118388,908822,894533,18254666,16936568,18308158,17050606,1953315,997208,2079988,963118,39165727,39414791
2026-01-22,DII,49158,46047,1067662,1069444,0,1375,0,0,4655,3071,7928,82,1125921,1123501
2026-01-22,FII,76213,87691,2669857,2640544,5126398,5886138,5115873,5903146,478060,278148,477397,295788,14514814,14520439
2026-01-22,Pro,89733,78126,1111749,1153569,27117088,29138893,27074121,29009222,4951554,2882584,4822271,2902023,65291601,65039332
2026-01-22,TOTAL,330252,330252,5758090,5758090,50498152,51962974,50498152,51962974,7387584,4161011,7387584,4161011,120098063,120098063
2026-01-23,Client,112663,104832,1143864,1187705,28165948,36475965,28050410,36596690,2152692,1334654,2266512,1350639,69385786,69556788
2026-01-23,DII,33590,31830,1226212,1204863,0,8629,0,8629,11945,5987,8575,6077,1286363,1259974
2026-01-23,FII,80960,92293,2040237,2042175,6395817,7468042,6318693,7417980,458728,276873,458374,272913,16720657,16602428
2026-01-23,Pro,75328,73586,1401141,1376711,43206723,50912557,43399385,50841894,4944473,3321022,4834377,3308907,103861244,103834860
2026-01-23,TOTAL,302541,302541,5811454,5811454,77768488,94865193,77768488,94865193,7567838,4938536,7567838,4938536,191254050,191254050
2026-01-27,Client,176994,172780,1346499,1356456,75639429,70851907,76172543,70768401,1472746,1045083,1702948,914795,150532658,151087923
2026-01-27,DII,15611,14525,1133079,1173824,0,9829,107,752,30114,15909,19074,2862,1204542,1211144
2026-01-27,FII,74199,92389,943490,839916,16157433,15205242,15967666,15392579,146995,130653,182928,142385,32658012,32617863
2026-01-27,Pro,115042,102152,1621780,1674652,167161275,148591100,166817821,148496346,3395059,2099603,3139964,2231206,322983859,322462141
2026-01-27,TOTAL,381846,381846,5044848,5044848,258958137,234658078,258958137,234658078,5044914,3291248,5044914,3291248,507379071,507379071
2026-01-28,Client,82429,76290,442202,434587,10552586,9951681,10533752,9957184,1422260,543469,1405982,542351,22994627,22950146
2026-01-28,DII,7070,7521,111922,71031,0,0,0,0,0,3139,19278,293,122131,98123
2026-01-28,FII,23057,21987,380122,392868,2511043,2485975,2538554,2467465,182301,109381,180141,113348,5691879,5714363
2026-01-28,Pro,48291,55049,605596,641356,12904557,11840911,12895880,11853918,2543473,1322464,2542633,1322461,29265292,29311297
2026-01-28,TOTAL,160847,160847,1539842,1539842,25968186,24278567,25968186,24278567,4148034,1978453,4148034,1978453,58073929,58073929
2026-01-29,Client,80925,81717,455044,400860,9937446,8875731,10042202,8879468,1273081,503467,1204332,523536,21125694,21132115
2026-01-29,DII,24300,3400,126361,90821,0,16500,200,0,276,1020,15747,0,168457,110168
2026-01-29,FII,18448,29441,381741,463820,2648770,2407353,2648812,2430423,192009,102070,194952,106988,5750391,5874436
2026-01-29,Pro,62878,71993,629280,636925,13035438,11283164,12930440,11272857,2314965,1269804,2365300,1245837,28595529,28523352
2026-01-29,TOTAL,186551,186551,1592426,1592426,25621654,22582748,25621654,22582748,3780331,1876361,3780331,1876361,55640071,55640071
2026-01-30,Client,73840,72008,392478,404808,17256957,16620218,17105449,16631857,1366620,560487,1268282,598443,36270600,36080847
2026-01-30,DII,3204,95,124337,67822,0,0,400,0,141,269,26432,150,127951,94899
2026-01-30,FII,20423,28697,372201,442786,3367141,3218726,3345121,3168384,203910,103778,210479,102580,7286179,7298047
2026-01-30,Pro,54616,51283,653192,626792,20063411,18899583,20236539,18938286,2507055,1436923,2572533,1400284,43614780,43825717
2026-01-30,TOTAL,152083,152083,1542208,1542208,40687509,38738527,40687509,38738527,4077726,2101457,4077726,2101457,87299510,87299510
2026-02-02,Client,89622,96523,383510,394656,41198173,36470247,41430194,36350415,1397140,593064,1327340,554310,80131756,80153438
2026-02-02,DII,5123,461,93784,93138,0,5400,400,292,2910,215,81450,0,107432,175741
2026-02-02,FII,44002,37922,480260,465174,8215773,7011953,8154403,7041613,295156,112554,294376,119882,16159698,16113370
2026-02-02,Pro,71733,75574,706871,711457,70890248,58453246,70719197,58548526,3094801,1631728,3086841,1663369,134848627,134804964
2026-02-02,TOTAL,210480,210480,1664425,1664425,120304194,101940846,120304194,101940846,4790007,2337561,4790007,2337561,231247513,231247513
2026-02-03,Client,148874,174614,537679,594160,65715904,60504549,65861774,60466479,1712795,729539,1881029,677706,129349340,129655762
2026-02-03,DII,18577,965,179897,102645,1885,8400,0,29775,7320,2199,19439,2056,218278,154880
2026-02-03,FII,83159,43472,589965,535688,13724643,12836812,13752938,12929569,266254,193709,261323,205618,27694542,27728608
2026-02-03,Pro,154138,185697,904622,979670,132231843,132797580,132059563,132721518,3772092,2040582,3596670,2080649,271900857,271623767
2026-02-03,TOTAL,404748,404748,2212163,2212163,211674275,206147341,211674275,206147341,5758461,2966029,5758461,2966029,429163017,429163017
2026-02-04,Client,50328,57021,453804,445641,11987444,11174083,12103087,11061949,1857620,790177,1833761,783011,26313456,26284470
2026-02-04,DII,1439,7719,93860,77153,0,3400,125,10100,4910,88,34754,143,103697,129994
2026-02-04,FII,26987,16851,435242,434357,2548413,2599229,2522602,2656364,295914,172012,305638,160507,6077797,6096319
2026-02-04,Pro,43249,40412,640822,666577,15644101,13875405,15554144,13923704,3388962,1931687,3373253,1950303,35524226,35508393
2026-02-04,TOTAL,122003,122003,1623728,1623728,30179958,27652117,30179958,27652117,5547406,2893964,5547406,2893964,68019176,68019176
2026-02-05,Client,47941,40611,352456,327642,9862476,10551040,9717800,10602697,1434938,642118,1287854,653529,22890969,22630133
2026-02-05,DII,476,1767,70634,65816,0,0,0,0,2556,0,40524,0,73666,108107
2026-02-05,FII,22243,18949,311622,351495,2663087,2718806,2667871,2658858,233723,129175,244196,126789,6078656,6068158
2026-02-05,Pro,28858,38191,542062,531821,13827841,13586017,13967733,13594308,2566209,1520167,2664852,1511142,32071154,32308047
2026-02-05,TOTAL,99518,99518,1276774,1276774,26353404,26855863,26353404,26855863,4237426,2291460,4237426,2291460,61114445,61114445
2026-02-06,Client,62399,60537,353131,358025,23823429,24509573,23926880,24490931,1639740,740450,1512690,740004,51128722,51089067
2026-02-06,DII,1151,336,99121,62638,240,1900,150,1538,1161,1161,62766,1161,104734,128589
2026-02-06,FII,12130,18358,317498,351354,5251648,5113848,5209602,5090802,275401,154711,285742,148006,11125236,11103864
2026-02-06,Pro,47193,43642,554970,552703,35377990,31677112,35316675,31719162,3065635,1709470,3120739,1716621,72432370,72469542
2026-02-06,TOTAL,122873,122873,1324720,1324720,64453307,61302433,64453307,61302433,4981937,2605792,4981937,2605792,134791062,134791062
2026-02-09,Client,48409,58860,382459,383602,25570990,22068638,25530646,22071133,1842987,726594,1853263,669040,50640077,50566544
2026-02-09,DII,5722,1870,80823,61521,400,120,175,1538,34,0,22856,35,87099,87995
2026-02-09,FII,14888,10557,340919,329667,4189130,4716958,4137873,4740715,274530,146263,272026,156651,9682688,9647489
2026-02-09,Pro,38437,36169,521165,550576,36985318,35308684,37077144,35281014,3295481,1715893,3264887,1763024,77864978,77972814
2026-02-09,TOTAL,107456,107456,1325366,1325366,66745838,62094400,66745838,62094400,5413032,2588750,5413032,2588750,138274842,138274842
2026-02-10,Client,38673,51169,355357,348711,59466659,59355852,59664137,59496148,1839737,654664,1773843,651992,121710942,121986000
2026-02-10,DII,141,986,88639,67679,0,1230,36,0,9539,33,13336,0,99582,82037
2026-02-10,FII,23414,11109,276058,294014,7948365,8795272,7972215,8895394,315127,166503,327961,163900,17524739,17664593
2026-02-10,Pro,26431,25395,517062,526712,104267661,111700554,104046297,111461366,3205843,1701345,3255106,1706653,221418896,221021529
2026-02-10,TOTAL,88659,88659,1237116,1237116,171682685,179852908,171682685,179852908,5370246,2522545,5370246,2522545,360754159,360754159
2026-02-11,Client,35597,41033,384663,391846,10511023,11335520,10519880,11330273,2211703,881984,2144252,845026,25360490,25272310
2026-02-11,DII,5,2346,94161,51248,0,0,37,0,4721,0,20248,468,98887,74347
2026-02-11,FII,14701,13302,315522,323978,2070761,2376140,2079464,2411127,315380,164602,326408,172173,5257106,5326452
2026-02-11,Pro,30434,24056,554900,582174,13219588,14017848,13201991,13988108,3829497,2016567,3870393,2045486,33668834,33712208
2026-02-11,TOTAL,80737,80737,1349246,1349246,25801372,27729508,25801372,27729508,6361301,3063153,6361301,3063153,64385317,64385317
2026-02-12,Client,44394,45634,404544,392168,9567600,10896361,9473253,11002994,2087521,957044,1972211,966101,23957464,23852361
2026-02-12,DII,182,5610,95661,95548,107,107,40,800,7559,2836,19741,3072,106452,124811
2026-02-12,FII,15706,16698,345689,359892,2329110,2941763,2356124,2920304,392660,205267,415849,197290,6230195,6266157
2026-02-12,Pro,34498,26838,601113,599399,13672175,14080351,13739575,13994484,3812065,2261936,3892004,2260620,34462138,34512920
2026-02-12,TOTAL,94780,94780,1447007,1447007,25568992,27918582,25568992,27918582,6299805,3427083,6299805,3427083,64756249,64756249
2026-02-13,Client,74260,66954,447978,427869,17682095,22992166,17731345,23212177,2195608,1193901,2058715,1242931,44586008,44739991
2026-02-13,DII,888,598,103372,110596,0,0,0,4500,6044,6066,40272,1042,116370,157008
2026-02-13,FII,11456,25822,359891,397689,4075556,4411170,4031878,4286062,448043,218504,449732,212001,9524620,9403184
2026-02-13,Pro,54912,48142,711130,686217,28677548,29087847,28671976,28988444,4298212,2742228,4399188,2704725,65571877,65498692
2026-02-13,TOTAL,141516,141516,1622371,1622371,50435199,56491183,50435199,56491183,6947907,4160699,6947907,4160699,119798875,119798875
2026-02-16,Client,57605,60760,334698,349064,32087799,26072647,32230061,25924054,1859428,805658,1906616,791825,61217835,61262380
2026-02-16,DII,1036,0,70995,64294,0,330,0,1700,3015,352,12418,65,75728,78477
2026-02-16,FII,16047,13612,304704,298837,5894122,5429367,5885927,5472039,363112,193504,366387,194305,12200856,12231107
2026-02-16,Pro,44009,44325,508839,507041,49265262,40116199,49131195,40220750,3732099,2126120,3672233,2139439,95792528,95714983
2026-02-16,TOTAL,118697,118697,1219236,1219236,87247183,71618543,87247183,71618543,5957654,3125634,5957654,3125634,169286947,169286947
2026-02-17,Client,52634,50366,452866,445360,70061820,62947216,70176143,62847766,1966901,785034,1990236,797187,136266471,136307058
2026-02-17,DII,977,2832,199807,160033,0,0,0,3400,3173,756,11670,1524,204713,179459
2026-02-17,FII,15171,11291,341283,372984,11498775,10624322,11529991,10725964,446091,235935,444226,229802,23161577,23314258
2026-02-17,Pro,36968,41261,542887,558466,134743914,132342613,134598375,132337021,3926735,2154848,3896768,2148060,273747965,273579951
2026-02-17,TOTAL,105750,105750,1536843,1536843,216304509,205914151,216304509,205914151,6342900,3176573,6342900,3176573,433380726,433380726
2026-02-18,Client,48994,55898,554708,537236,13971321,11688245,14031166,11626485,2044617,871660,2119843,846681,29179545,29217309
2026-02-18,DII,289,4572,300812,270152,200,200,15,0,2164,344,3160,2331,304009,280230
2026-02-18,FII,23432,16768,657940,661565,2780212,2966409,2775659,3000777,464267,225340,464769,226709,7117600,7146247
2026-02-18,Pro,38311,33788,577366,621873,17830704,15483987,17775597,15511579,4276521,2339975,4199797,2361598,40546864,40504232
2026-02-18,TOTAL,111026,111026,2090826,2090826,34582437,30138841,34582437,30138841,6787569,3437319,6787569,3437319,77148018,77148018
2026-02-19,Client,96627,81481,752105,777377,13201194,15174146,13040973,15450283,1843961,912949,1886191,968052,31980982,32204357
2026-02-19,DII,9095,16589,754450,685648,0,0,0,1700,1662,0,1222,0,765207,705159
2026-02-19,FII,24284,27068,1626974,1660703,3339518,3731628,3384972,3676055,493740,273097,495788,261021,9489241,9505607
2026-02-19,Pro,79484,84352,1700583,1710384,21776673,22307808,21891440,22085544,4497977,2909417,4454139,2866390,53271942,53092249
2026-02-19,TOTAL,209490,209490,4834112,4834112,38317385,41213582,38317385,41213582,6837340,4095463,6837340,4095463,95507372,95507372
2026-02-20,Client,82327,96020,837017,875928,30770349,24788437,31026369,24750104,2092554,1069205,2259334,1021201,59639889,60028956
2026-02-20,DII,39702,37767,934346,928436,0,3400,0,0,15423,1919,6504,442,994790,973149
2026-02-20,FII,63913,59705,2451990,2381229,6136123,5609017,6051977,5641815,463633,256919,465453,249956,14981595,14850135
2026-02-20,Pro,75580,68030,981186,1018946,39068881,32583146,38897007,32592081,4579076,2637428,4419395,2693872,79925297,79689331
2026-02-20,TOTAL,261522,261522,5204539,5204539,75975353,62984000,75975353,62984000,7150686,3965471,7150686,3965471,155541571,155541571
2026-02-23,Client,86357,92946,920350,945434,34067564,33596967,33891928,33596717,1856421,1068546,1987525,1055650,71596205,71570200
2026-02-23,DII,54543,58982,1132443,1098502,0,18472,0,5793,24514,3313,16699,2874,1233285,1182850
2026-02-23,FII,90948,86369,1760935,1719772,6429152,7136763,6439824,7107852,394595,234152,390263,238250,16046545,15982330
2026-02-23,Pro,59542,53093,1055077,1105097,49337569,47856804,49502533,47898644,4289806,2763743,4170849,2772980,105362541,105503196
2026-02-23,TOTAL,291390,291390,4868805,4868805,89834285,88609006,89834285,88609006,6565336,4069754,6565336,4069754,194238576,194238576
2026-02-24,Client,145448,121880,1066671,1059964,66265642,81743158,66227728,81882227,1314173,967500,1440941,972409,151502592,151705149
2026-02-24,DII,23038,27173,896470,905241,645,19114,222,23114,25249,15495,22696,4375,980011,982821
2026-02-24,FII,42117,61224,610163,606369,14150160,15401720,14255873,15450872,122848,82247,131257,96400,30409255,30601995
2026-02-24,Pro,80179,80505,1245628,1247358,139410293,145935740,139342917,145743519,2957215,2129227,2824591,2121285,291758282,291360175
2026-02-24,TOTAL,290782,290782,3818932,3818932,219826740,243099732,219826740,243099732,4419485,3194469,4419485,3194469,474650140,474650140
2026-02-25,Client,68233,73187,401449,389323,14003565,14056938,13994485,14068672,1160444,504730,1123699,501530,30195359,30150896
2026-02-25,DII,26,4251,60514,76754,0,0,0,0,200,7058,32172,533,67798,113710
2026-02-25,FII,15123,13533,325075,309734,2999352,3358205,3007629,3373985,157653,107444,162218,103145,6962852,6970244
2026-02-25,Pro,47203,39614,501558,512785,17993684,17696991,17994487,17669477,2157597,1242224,2157805,1256248,39639257,39630416
2026-02-25,TOTAL,130585,130585,1288596,1288596,34996601,35112134,34996601,35112134,3475894,1861456,3475894,1861456,76865266,76865266
2026-02-26,Client,49955,48356,372037,349880,12802893,13283283,12807769,13329919,948790,406641,931812,414418,27863599,27882154
2026-02-26,DII,408,312,78471,91302,0,280,0,0,589,3299,21536,1350,83047,114500
2026-02-26,FII,10975,9474,295159,295618,3240843,3780109,3258950,3774785,150560,93676,150642,95371,7571322,7584840
2026-02-26,Pro,26597,29793,441646,450513,19274909,19156698,19251926,19115666,1800047,1025753,1795996,1018230,41725650,41662124
2026-02-26,TOTAL,87935,87935,1187313,1187313,35318645,36220370,35318645,36220370,2899986,1529369,2899986,1529369,77243618,77243618
2026-02-27,Client,97223,79041,339241,306662,22983174,30390031,22916467,30578393,927421,442703,824452,486431,55179793,55191446
2026-02-27,DII,626,1035,80668,120957,0,0,0,604,3242,3931,30167,912,88467,153675
2026-02-27,FII,9735,31123,331739,363138,5099763,5796498,5098165,5711163,133971,85164,140243,86840,11456870,11430672
2026-02-27,Pro,52013,48398,489920,450811,36726272,37927835,36794577,37824204,1665113,1090075,1734885,1047690,77951228,77900565
2026-02-27,TOTAL,159597,159597,1241568,1241568,64809209,74114364,64809209,74114364,2729747,1621873,2729747,1621873,144676358,144676358
2026-03-02,Client,110605,107291,381092,408164,64618579,80176347,64665851,79942872,1026078,635261,976039,649978,146947962,146750195
2026-03-02,DII,13614,3224,92709,89222,458,762,458,3680,3358,856,49018,1199,111757,146801
2026-03-02,FII,18827,38932,368823,364935,14413207,14702856,14389033,14873233,187358,106732,189135,103324,29797803,29958592
2026-03-02,Pro,81085,74684,612124,592427,147788507,151145271,147765409,151205451,2245356,1564136,2247958,1552484,303436479,303438413
2026-03-02,TOTAL,224131,224131,1454748,1454748,226820751,246025236,226820751,246025236,3462150,2306985,3462150,2306985,480294001,480294001
2026-03-04,Client,121484,109534,402321,371418,11747899,10934829,11672536,10866696,1125905,776783,1009777,780555,25109221,24810516
2026-03-04,DII,2059,18124,92136,106453,75,477,825,7889,1586,0,94704,959,96333,228954
2026-03-04,FII,29467,48707,417889,431291,3501279,2245953,3521124,2267860,200607,119332,203510,109783,6514527,6582275
2026-03-04,Pro,103943,80588,626715,629899,15897432,11124549,15952200,11163363,2332916,1723479,2353023,1728297,31809034,31907370
2026-03-04,TOTAL,256953,256953,1539061,1539061,31146685,24305808,31146685,24305808,3661014,2619594,3661014,2619594,63529115,63529115
2026-03-05,Client,91438,98618,420743,421241,12470664,10545225,12471338,10586635,1247761,565237,1249522,555651,25341068,25383005
2026-03-05,DII,4239,600,113017,100409,799,245,0,8368,1151,0,20337,40,119451,129754
2026-03-05,FII,31282,29417,364714,379386,3830115,3098145,3873688,3076700,195758,141940,203051,139666,7661954,7701908
2026-03-05,Pro,64979,63303,605294,602732,19184850,14851488,19141402,14823400,2442823,1363297,2414583,1375117,38512731,38420537
2026-03-05,TOTAL,191938,191938,1503768,1503768,35486428,28495103,35486428,28495103,3887493,2070474,3887493,2070474,71635204,71635204
2026-03-06,Client,87428,74262,354503,337209,16953982,18957390,16865978,19175362,1362113,566628,1299747,598775,38282044,38351333
2026-03-06,DII,472,2012,87867,93116,0,0,970,4320,2617,321,38915,100,91277,139433
2026-03-06,FII,20056,32499,354262,369313,4660633,4098503,4712323,4010162,77217,61623,81909,50269,9272294,9256475
2026-03-06,Pro,54200,53383,505349,502343,24100505,22952380,24135849,22818429,2464168,1341365,2485544,1320793,51417967,51316341
2026-03-06,TOTAL,162156,162156,1301981,1301981,45715120,46008273,45715120,46008273,3906115,1969937,3906115,1969937,99063582,99063582
2026-03-09,Client,126472,122875,413063,432945,25486591,22816286,25482613,22662004,1260407,711100,1166370,724254,50813919,50591061
2026-03-09,DII,2176,2220,104514,139112,604,458,750,2838,37309,369,73146,1770,145430,219836
2026-03-09,FII,45119,64730,400661,365459,6170470,4170725,6153851,4228292,199265,97806,203801,92081,11084046,11108214
2026-03-09,Pro,117956,101898,692134,672856,38629054,29064870,38649505,29159205,2755223,1806316,2808887,1797486,73065553,73189837
2026-03-09,TOTAL,291723,291723,1610372,1610372,70286719,56052339,70286719,56052339,4252204,2615591,4252204,2615591,135108948,135108948
2026-03-10,Client,83302,82544,374493,336512,68706325,61621293,68880916,61393096,1190501,466995,1179560,436684,132442909,132309312
2026-03-10,DII,253,1938,72235,91751,0,3500,0,4577,1237,40,28186,80,77265,126532
2026-03-10,FII,33175,26343,367022,356638,13073326,12622216,13108183,12773952,124889,82754,126443,84969,26303382,26476528
2026-03-10,Pro,59317,65222,519570,548419,142808837,140168640,142599389,140244024,2459434,1255482,2441872,1283538,287271280,287182464
2026-03-10,TOTAL,176047,176047,1333320,1333320,224588488,214415649,224588488,214415649,3776061,1805271,3776061,1805271,446094836,446094836
2026-03-11,Client,111388,98687,348555,363165,9257117,11528905,9101461,11642605,1367113,605483,1223826,632935,23218561,23062679
2026-03-11,DII,7052,1455,89184,53708,75,2670,77,2981,17323,438,59887,0,116742,118108
2026-03-11,FII,21351,40582,306140,337402,2690575,2708534,2746659,2672183,179033,100299,185943,100978,6005932,6083747
2026-03-11,Pro,71887,70954,520484,510088,12611628,13073716,12711198,12996056,2534456,1523691,2628269,1495998,30335862,30412563
2026-03-11,TOTAL,211678,211678,1264363,1264363,24559395,27313825,24559395,27313825,4097925,2229911,4097925,2229911,59677097,59677097
2026-03-12,Client,107751,99451,380759,382050,10109023,9352015,10093421,9294935,1332161,644202,1289451,638730,21925911,21798038
2026-03-12,DII,5720,2168,84660,97625,0,0,306,2702,15786,0,43677,134,106166,146612
2026-03-12,FII,23962,43988,347199,349454,3106954,2582946,3136406,2623435,200522,113599,204950,109909,6375182,6468142
2026-03-12,Pro,86809,78635,604599,588088,15080004,11618116,15065848,11632005,2761797,1580573,2772188,1589601,31731898,31726365
2026-03-12,TOTAL,224242,224242,1417217,1417217,28295981,23553077,28295981,23553077,4310266,2338374,4310266,2338374,60139157,60139157
2026-03-13,Client,149431,132600,433942,451415,17543443,21920273,17544642,21953747,1490393,794841,1340015,832463,42332323,42254882
2026-03-13,DII,6328,1182,128975,122614,804,700,1204,2657,44062,501,49996,225,181370,177878
2026-03-13,FII,40167,74380,364561,376102,4328266,3622144,4374403,3578869,225778,114988,230077,116606,8695904,8750437
2026-03-13,Pro,94426,82190,673521,650868,25018165,23340778,24970429,23348622,3003431,1878879,3143576,1839915,54009200,54035600
2026-03-13,TOTAL,290352,290352,1600999,1600999,46890678,48883895,46890678,48883895,4763664,2789209,4763664,2789209,105218797,105218797
2026-03-16,Client,125159,138604,383712,407452,33523380,30811622,33538436,30802598,1263526,691201,1265570,649664,66798600,66802324
2026-03-16,DII,4472,1576,117961,96579,1298,0,987,0,17414,4717,51443,4484,145862,155069
2026-03-16,FII,46572,34801,377463,371696,7809494,6974887,7793617,7004310,219805,127121,222464,127638,15555342,15554526
2026-03-16,Pro,99476,100698,647549,650958,54251657,43513414,54252789,43493015,2929372,1711159,2890640,1752412,103152627,103140512
2026-03-16,TOTAL,275679,275679,1526685,1526685,95585829,81299923,95585829,81299923,4430117,2534198,4430117,2534198,185652431,185652431
2026-03-17,Client,92359,99260,323653,320150,77979716,70649850,78213581,70431206,1182311,525985,1202016,504495,150753874,150770708
2026-03-17,DII,127,4375,87056,64340,684,16847,692,16901,17662,1819,35267,2265,124195,123840
2026-03-17,FII,31327,23333,347538,362289,15401697,13350993,15310161,13474867,224851,130060,233655,125630,29486466,29529935
2026-03-17,Pro,64039,60884,522816,534284,163428100,162352287,163285763,162447003,2757834,1475484,2711720,1500958,330600560,330540612
2026-03-17,TOTAL,187852,187852,1281063,1281063,256810197,246369977,256810197,246369977,4182658,2133348,4182658,2133348,510965095,510965095
2026-03-18,Client,88603,95265,395455,394255,13026435,9696974,13045314,9705298,1685241,638157,1705301,601727,25530865,25547160
2026-03-18,DII,925,5648,120298,73844,53,1550,0,1,1513,833,12295,2341,125172,94129
2026-03-18,FII,33050,18072,317634,355164,2546654,2327307,2557216,2341702,250877,139595,249117,143303,5615117,5664574
2026-03-18,Pro,59196,62789,558676,568800,16264922,12237321,16235534,12216151,3391451,1733174,3362369,1764388,34244740,34210031
2026-03-18,TOTAL,181774,181774,1392063,1392063,31838064,24263152,31838064,24263152,5329082,2511759,5329082,2511759,65515894,65515894
2026-03-19,Client,139216,117190,424794,421791,9889003,10678972,9816969,10820475,1351802,795791,1260557,872407,23279578,23309389
2026-03-19,DII,2487,5110,219547,122044,2805,3000,600,500,36695,106,38756,105,264640,167115
2026-03-19,FII,43612,46767,376505,502843,3596145,2575221,3644438,2535528,285473,159525,295416,142184,7036481,7167176
2026-03-19,Pro,81317,97565,720093,694261,16976713,14443099,17002659,14343789,3246979,2174050,3326220,2114776,37642251,37579270
2026-03-19,TOTAL,266632,266632,1740939,1740939,30464666,27700292,30464666,27700292,4920949,3129472,4920949,3129472,68222950,68222950
2026-03-20,Client,112090,115440,425048,392921,20258251,20951583,20243310,20995645,1764921,844614,1738452,824692,44356507,44310460
2026-03-20,DII,836,2899,123518,148085,403,5200,183,0,12455,19,33401,502,142431,185070
2026-03-20,FII,37817,43373,459601,463566,3721815,3888371,3746532,3862717,287299,190489,293784,188199,8585392,8598171
2026-03-20,Pro,89133,78164,677470,681065,24087516,23673352,24077960,23660144,3812072,2226472,3811110,2248201,54566015,54556644
2026-03-20,TOTAL,239876,239876,1685637,1685637,48067985,48518506,48067985,48518506,5876747,3261594,5876747,3261594,107650345,107650345
2026-03-23,Client,122269,120415,483037,530667,21047633,25659087,20998081,25627819,1547043,1073336,1443306,1077299,49932405,49797587
2026-03-23,DII,12296,135,240268,214658,1086,604,1031,0,68445,1866,69611,2327,324565,287762
2026-03-23,FII,44340,53793,499860,499475,4834869,4315466,4841524,4315892,322235,158854,341773,154382,10175624,10206839
2026-03-23,Pro,84367,88929,790990,769355,33989318,31187693,34032270,31219139,3622484,2513984,3705517,2514032,72188836,72329242
2026-03-23,TOTAL,263272,263272,2014155,2014155,59872906,61162850,59872906,61162850,5560207,3748040,5560207,3748040,132621430,132621430
2026-03-24,Client,146351,147624,804613,804756,73978773,66487613,74107898,66341933,1487355,761395,1627750,729665,143666100,143759626
2026-03-24,DII,17532,13451,741404,713643,1753,1450,1283,5212,3255,1441,13654,1216,766835,748459
2026-03-24,FII,71391,76142,2590711,2602565,17937628,12763106,17992422,12905136,304996,205481,310193,209168,33873313,34095626
2026-03-24,Pro,105029,103086,1155164,1170928,152352140,145795308,152168691,145795196,3856354,2213759,3700363,2242027,305477754,305180291
2026-03-24,TOTAL,340303,340303,5291892,5291892,244270294,225047477,244270294,225047477,5651960,3182076,5651960,3182076,483784002,483784002
2026-03-25,Client,124978,138744,801894,825144,10482333,8216366,10585822,8207435,1758685,871680,1957766,820771,22255936,22535682
2026-03-25,DII,34718,33076,1077081,1001327,400,858,292,2600,43336,4601,14544,2264,1160994,1054103
2026-03-25,FII,72874,62288,2925797,2935759,2432142,2190239,2389834,2209231,285673,179140,273120,173683,8085865,8043915
2026-03-25,Pro,73615,72077,1185008,1227550,12979015,10340891,12917942,10329088,4102873,2336732,3945137,2395435,31018134,30887229
2026-03-25,TOTAL,306185,306185,5989780,5989780,25893890,20748354,25893890,20748354,6190567,3392153,6190567,3392153,62520929,62520929
2026-03-27,Client,191360,160585,1036351,1033007,16334667,21007279,16319052,21077916,1749946,1209537,1747714,1246021,41529140,41584295
2026-03-27,DII,35699,31783,1179211,1142281,165,515,0,150,51881,11759,28740,10761,1279230,1213715
2026-03-27,FII,125168,166509,2116713,2171861,3399383,3757597,3388447,3751197,294208,148585,318930,175086,9841654,9972030
2026-03-27,Pro,90763,84113,1366052,1351178,22417302,24948775,22444018,24884903,3883759,2755794,3884410,2693807,55462445,55342429
2026-03-27,TOTAL,442990,442990,5698327,5698327,42151517,49714166,42151517,49714166,5979794,4125675,5979794,4125675,108112469,108112469
2026-03-30,Client,245499,202156,1103727,1171456,62931924,68320828,62726614,68484003,1044190,860293,1128823,850920,134506461,134563972
2026-03-30,DII,20282,15419,848265,893215,42,16122,644,16174,46767,18754,28837,7701,950232,961990
2026-03-30,FII,99255,139710,732482,654589,13918939,12786244,14060959,12711269,80365,72324,101230,76600,27689609,27744357
2026-03-30,Pro,151940,159691,1440269,1405483,149535546,131393636,149598234,131305384,2556805,1922576,2469237,1938726,287000772,286876755
2026-03-30,TOTAL,516976,516976,4124743,4124743,226386451,212516830,226386451,212516830,3728127,2873947,3728127,2873947,450147074,450147074
2026-04-01,Client,139390,140880,458278,428863,9954960,9193361,10003470,9229470,913777,400871,910989,382869,21060637,21096541
2026-04-01,DII,2924,2631,65745,96981,400,444,0,0,2792,0,27594,3527,72305,130733
2026-04-01,FII,33590,34365,379347,329264,2080700,1989612,2102653,1996870,88871,70624,94064,69757,4642744,4626973
2026-04-01,Pro,54387,52415,472815,521077,11443591,10087149,11373528,10044226,1834107,1074632,1806900,1089974,24966681,24888120
2026-04-01,TOTAL,230291,230291,1376185,1376185,23479651,21270566,23479651,21270566,2839547,1546127,2839547,1546127,50742367,50742367
2026-04-02,Client,124169,125870,350073,378336,9859209,9084425,9959602,8998631,807124,448815,819233,456329,20673815,20738001
2026-04-02,DII,9858,7201,77769,71839,681,1109,881,0,4072,2164,62613,428,95653,142962
2026-04-02,FII,35554,38753,381779,359317,3027957,2449146,3023124,2481074,114702,61217,106359,57220,6070355,6065847
2026-04-02,Pro,53532,51289,474845,474974,13520569,10524283,13424809,10579258,1737823,1071323,1675516,1069542,27382375,27275388
2026-04-02,TOTAL,223113,223113,1284466,1284466,26408416,22058963,26408416,22058963,2663721,1583519,2663721,1583519,54222198,54222198
2026-04-06,Client,104055,103517,336309,306135,30120109,23939272,30148840,23925353,1000046,411466,985439,393355,55911257,55862639
2026-04-06,DII,6925,7961,74626,96027,720,3044,40,1208,2025,193,43694,1068,87533,149998
2026-04-06,FII,23944,24386,336862,320969,4594850,4502721,4577946,4509179,141979,94829,140612,79846,9695185,9652938
2026-04-06,Pro,47792,46852,443238,467904,36982963,29835912,36971816,29845209,1947482,1036101,1921787,1068320,70293488,70321888
2026-04-06,TOTAL,182716,182716,1191035,1191035,71698642,58280949,71698642,58280949,3091532,1542589,3091532,1542589,135987463,135987463
2026-04-07,Client,84055,93704,276855,293475,76851953,62645415,77134399,62430019,820095,334232,809238,338807,141012605,141099642
2026-04-07,DII,157,8994,98182,65036,610,1908,666,926,1146,533,27610,1958,102536,105190
2026-04-07,FII,33058,24031,322585,335169,13212768,10908842,13106403,11003100,112109,64661,108782,65286,24654023,24642771
2026-04-07,Pro,49028,39569,381999,385941,135741325,131506990,135565188,131629110,1519927,848092,1507647,841467,270047361,269968922
2026-04-07,TOTAL,166298,166298,1079621,1079621,225806656,205063155,225806656,205063155,2453277,1247518,2453277,1247518,435816525,435816525
2026-04-08,Client,109141,126417,476253,503332,12149857,9421070,12150919,9323465,1599367,636969,1629323,594175,24392657,24327631
2026-04-08,DII,4558,5284,155291,91898,2461,1052,5020,452,8338,1030,11698,1615,172730,115967
2026-04-08,FII,49723,17688,520887,488822,1746094,1934102,1734157,1966419,149894,119191,157042,114406,4519891,4478534
2026-04-08,Pro,44384,58417,588057,656436,12948149,12554367,12956465,12620255,2941806,1628385,2901342,1675379,30705148,30868294
2026-04-08,TOTAL,207806,207806,1740488,1740488,26846561,23910591,26846561,23910591,4699405,2385575,4699405,2385575,59790426,59790426
2026-04-09,Client,93353,81754,350119,327198,10153367,10705359,10114704,10878575,1156459,464181,1100706,475415,22922838,22978352
2026-04-09,DII,1728,2239,94774,89629,0,2425,314,2608,2819,879,35653,872,102625,131315
2026-04-09,FII,15442,15760,346942,355535,2272778,2255733,2303123,2212513,157502,114674,172931,105377,5163071,5165239
2026-04-09,Pro,36064,46834,432767,452240,12641243,12829984,12649247,12699805,2087743,1202153,2095233,1200223,29229954,29143582
2026-04-09,TOTAL,146587,146587,1224602,1224602,25067388,25793501,25067388,25793501,3404523,1781887,3404523,1781887,57418488,57418488
2026-04-10,Client,72134,91694,353440,367389,21843433,18356333,21914852,18349642,1462286,545858,1451938,520791,42633484,42696306
2026-04-10,DII,173,2922,94789,46103,0,22599,477,1705,1050,1179,17344,956,119790,69507
2026-04-10,FII,35710,14219,358226,361193,3315848,3468338,3269294,3466790,181110,110972,194593,113165,7470204,7419254
2026-04-10,Pro,33886,33068,444739,476509,24999076,23507688,24973734,23536821,2569358,1371166,2549929,1394263,52925913,52964324
2026-04-10,TOTAL,141903,141903,1251194,1251194,50158357,45354958,50158357,45354958,4213804,2029175,4213804,2029175,103149391,103149391
2026-04-13,Client,80767,82649,328042,316247,64551670,60027882,64643635,59973111,1173147,495779,1104963,528581,126657287,126649186
2026-04-13,DII,3858,3375,93180,76084,627,4929,1003,10181,246,0,17691,219,102840,108553
2026-04-13,FII,14132,16259,310881,358242,10023702,9827952,10109571,9966684,148760,97905,162534,90685,20423332,20703975
2026-04-13,Pro,40925,37399,455178,436708,115478898,118263460,115300688,118174247,2123613,1287573,2160578,1261772,237649647,237371392
2026-04-13,TOTAL,139682,139682,1187281,1187281,190054897,188124223,190054897,188124223,3445766,1881257,3445766,1881257,384833106,384833106
2026-04-15,Client,64920,68735,379573,387719,9006307,8290953,8980191,8291624,1570263,619846,1576174,574766,19931862,19879209
2026-04-15,DII,3466,1111,120875,88171,437,5140,0,6597,3582,75,33919,4338,133575,134136
2026-04-15,FII,25056,17420,389020,378361,1405116,1741818,1419182,1757393,179318,115622,183396,118047,3855950,3873799
2026-04-15,Pro,24307,30483,482482,517699,9511997,10277759,9524484,10260056,2806521,1574742,2766195,1613134,24677808,24712051
2026-04-15,TOTAL,117749,117749,1371950,1371950,19923857,20315670,19923857,20315670,4559684,2310285,4559684,2310285,48599195,48599195
2026-04-16,Client,74245,69666,415237,391115,9913593,9244530,9783847,9343526,1544800,586923,1492925,597819,21779328,21678898
2026-04-16,DII,83,2606,168785,155342,600,4431,389,2463,1384,655,14272,1208,175938,176280
2026-04-16,FII,15456,13727,383635,404150,2103490,2177353,2154096,2131958,229357,134925,239955,127185,5044216,5071071
2026-04-16,Pro,28436,32221,512719,529769,11817447,12157907,11896798,12106274,2790154,1639388,2818543,1635679,28946051,29019284
2026-04-16,TOTAL,118220,118220,1480376,1480376,23835130,23584221,23835130,23584221,4565695,2361891,4565695,2361891,55945533,55945533
2026-04-17,Client,52933,63300,417736,419849,17964621,14427438,18153852,14316888,1875975,747700,1882303,724082,35486403,35560274
2026-04-17,DII,90,1975,145774,138213,140,4879,374,411,1440,963,22254,314,153286,163541
2026-04-17,FII,15415,7379,391077,380918,2415057,2242278,2340088,2291374,254729,139378,262375,148067,5457934,5430201
2026-04-17,Pro,24808,20592,520048,535655,18943323,16487073,18828827,16552995,3315840,1930833,3281052,1946411,41221925,41165532
2026-04-17,TOTAL,93246,93246,1474635,1474635,39323141,33161668,39323141,33161668,5447984,2818874,5447984,2818874,82319548,82319548
2026-04-20,Client,74268,75772,394395,392223,24760993,23185272,24737832,23232509,1637433,645535,1588205,674924,50697896,50701465
2026-04-20,DII,393,5280,190834,157587,1250,970,190,2652,4420,542,13724,3101,198409,182534
2026-04-20,FII,15823,14631,347270,367511,4158238,4115517,4197551,4140617,259101,147166,268103,145454,9043115,9133867
2026-04-20,Pro,39260,34061,482150,497328,35051617,31095810,35036525,31021791,2888109,1724385,2919031,1694149,71281331,71202885
2026-04-20,TOTAL,129744,129744,1414649,1414649,63972098,58397569,63972098,58397569,4789063,2517628,4789063,2517628,131220751,131220751
2026-04-21,Client,57049,81088,445994,445026,59171652,57071776,59425482,56837447,1613900,633090,1619658,625093,118993461,119033794
2026-04-21,DII,4066,1220,267007,271258,1250,6106,332,1119,10087,2180,10786,2187,290696,286902
2026-04-21,FII,24114,8301,374673,347672,7773202,8378036,7741672,8549477,267753,151066,267647,144920,16968844,17059689
2026-04-21,Pro,30604,25224,449329,473047,103166646,110816970,102945264,110884845,3056167,1837899,3049816,1852035,219357615,219230231
2026-04-21,TOTAL,115833,115833,1537003,1537003,170112750,176272888,170112750,176272888,4947907,2624235,4947907,2624235,355610616,355610616
2026-04-22,Client,73033,55070,604010,520821,8311626,8396936,8199903,8535253,2223000,940487,2059108,978443,20549092,20348598
2026-04-22,DII,789,1157,334626,336597,29,0,29,2550,5331,4588,29455,4284,345363,374072
2026-04-22,FII,12179,21545,552144,618292,1497516,1651585,1574755,1605969,337706,206562,368718,191587,4257692,4380866
2026-04-22,Pro,23317,31546,650100,665170,9358184,9665434,9392668,9570183,4285124,2667110,4393880,2644433,26649269,26697880
2026-04-22,TOTAL,109318,109318,2140880,2140880,19167355,19713955,19167355,19713955,6851161,3818747,6851161,3818747,51801416,51801416
2026-04-23,Client,86759,84156,778701,729843,8911859,7926723,8840292,8069660,2047734,841202,1960837,897293,20592978,20582081
2026-04-23,DII,12395,16230,689820,678269,31,10,992,1200,6892,5025,23467,4744,714173,724902
2026-04-23,FII,40350,47950,2467736,2541173,1982766,1880062,2021074,1850539,357885,204041,351743,192091,6932840,7004570
2026-04-23,Pro,42192,33360,980340,967312,11804121,10203586,11836419,10088982,4350634,2662787,4427098,2618927,30043660,29972098
2026-04-23,TOTAL,181696,181696,4916597,4916597,22698777,20010381,22698777,20010381,6763145,3713055,6763145,3713055,58283651,58283651
2026-04-24,Client,93289,82174,860843,784165,17144497,18272313,17165171,18344476,2213096,1284083,2120713,1293644,39868121,39790343
2026-04-24,DII,35719,37892,750486,803902,25,602,645,2300,17231,2935,19101,2306,806998,866146
2026-04-24,FII,52806,65971,2668316,2697622,2540022,2331539,2519913,2323197,369594,203135,395327,240454,8165412,8242484
2026-04-24,Pro,43848,39625,991859,985815,22073634,21574182,22072449,21508663,4701232,3133488,4766012,3087237,52518243,52459801
2026-04-24,TOTAL,225662,225662,5271504,5271504,41758178,42178636,41758178,42178636,7301153,4623641,7301153,4623641,101358774,101358774
2026-04-27,Client,90248,97860,960752,964098,27851805,25444850,27897679,25296717,2123325,968197,2293168,923985,57439177,57473507
2026-04-27,DII,49837,50940,939976,946205,1270,15351,320,12051,27163,9457,18769,1915,1043054,1030200
2026-04-27,FII,75834,77736,1902647,1869946,4379039,4691164,4356867,4747222,349532,202482,365628,202515,11600698,11619914
2026-04-27,Pro,43298,32681,1097987,1121113,38872165,38281706,38849413,38377081,5055060,2732144,4877515,2783865,86082360,86041668
2026-04-27,TOTAL,259217,259217,4901362,4901362,71104279,68433071,71104279,68433071,7555080,3912280,7555080,3912280,156165289,156165289
2026-04-28,Client,131416,109943,986133,979053,70568283,74742302,70426786,75131465,1429661,676169,1543290,702531,148533964,148893068
2026-04-28,DII,4208,6081,768084,749652,958,28080,700,15110,45341,14039,24710,2370,860710,798623
2026-04-28,FII,40790,60209,611176,653578,11804391,12960963,11939725,12908304,125687,86784,137123,89048,25629791,25787987
2026-04-28,Pro,51834,52015,1022177,1005287,133976289,137784740,133982710,137461206,2984509,1761180,2880075,1744223,277580729,277125516
2026-04-28,TOTAL,228248,228248,3387570,3387570,216349921,225516085,216349921,225516085,4585198,2538172,4585198,2538172,452605194,452605194
2026-04-29,Client,80075,87071,403354,407008,10684064,9558097,10740196,9536204,1235701,459261,1177126,474386,22420552,22421991
2026-04-29,DII,967,683,77544,86836,4230,2466,320,2050,257,1634,31003,1214,87098,122106
2026-04-29,FII,16188,16568,327164,318686,1752855,1906337,1767095,1916698,173505,123439,181868,117433,4299488,4318348
2026-04-29,Pro,39440,32348,462988,458520,12831376,10971120,12764914,10983068,2202334,1284647,2221800,1275948,27791905,27736598
2026-04-29,TOTAL,136670,136670,1271050,1271050,25272525,22438020,25272525,22438020,3611797,1868981,3611797,1868981,54599043,54599043
2026-04-30,Client,88185,75589,397962,353438,10226705,9756486,10255367,9920434,1071879,447642,965482,509906,21988859,22080216
2026-04-30,DII,823,7858,77064,116255,318,13842,3291,4536,71,1729,30257,481,93847,162678
2026-04-30,FII,14696,28114,353981,384079,2568775,2525354,2573055,2499140,177449,107256,180989,107404,5747511,5772781
2026-04-30,Pro,44701,36844,503314,478549,14322449,12585460,14286534,12457032,2077240,1324446,2149911,1263282,30857610,30672152
2026-04-30,TOTAL,148405,148405,1332321,1332321,27118247,24881142,27118247,24881142,3326639,1881073,3326639,1881073,58687827,58687827
2026-05-04,Client,73829,65465,396469,355633,33798905,33145697,33711629,33083370,1314156,474494,1235619,455036,69203550,68906752
2026-05-04,DII,242,41,71458,108715,1040,9300,2056,50,31,225,62927,977,82296,174766
2026-05-04,FII,11645,19741,356937,349905,5876440,6436502,5842668,6444635,171933,112952,185461,114799,12966409,12957209
2026-05-04,Pro,33453,33922,477786,488397,44222063,52131048,44342095,52194492,2451484,1323520,2453597,1340379,100639354,100852882
2026-05-04,TOTAL,119169,119169,1302650,1302650,83898448,91722547,83898448,91722547,3937604,1911191,3937604,1911191,182891609,182891609
2026-05-05,Client,65633,62451,311765,279439,74593364,71472688,74858011,71397076,1100505,382106,1048443,393245,147926061,148038665
2026-05-05,DII,84,3339,67809,83612,376,547,698,3474,159,1057,45752,1039,70032,137914
2026-05-05,FII,7723,13284,305088,319654,12379419,11112883,12360377,11301537,170339,99607,178802,96891,24075059,24270545
2026-05-05,Pro,32152,26518,390587,392544,147885561,127311529,147639634,127195560,2155678,1162095,2153684,1153690,278937602,278561630
2026-05-05,TOTAL,105592,105592,1075249,1075249,234858720,209897647,234858720,209897647,3426681,1644865,3426681,1644865,451008754,451008754
2026-05-06,Client,96741,108125,504174,477020,13159740,12309429,13343087,12241841,1742429,617926,1804225,593567,28430439,28567865
2026-05-06,DII,842,202,79810,112256,514,2340,300,1906,224,1464,41113,1070,85194,156847
2026-05-06,FII,23401,19863,399145,391377,2507412,2886957,2490348,2912844,262443,161470,260411,165168,6240828,6240011
2026-05-06,Pro,52163,44957,562419,564895,16148133,16630824,15982064,16672959,3405356,1771946,3304703,1793001,38570841,38362579
2026-05-06,TOTAL,173147,173147,1545548,1545548,31815799,31829550,31815799,31829550,5410452,2552806,5410452,2552806,73327302,73327302
2026-05-07,Client,68039,58214,408769,363318,11193889,10029926,11084313,10174173,1497955,514863,1417004,516372,23713441,23613394
2026-05-07,DII,1553,406,98789,68099,0,0,0,7200,109,600,17521,717,101051,93943
2026-05-07,FII,11914,13267,319770,376900,2213006,2426957,2279486,2405175,217310,125886,215453,127652,5314843,5417933
2026-05-07,Pro,30093,39712,463835,482846,13875374,13135505,13918470,13005840,2698447,1511365,2763843,1507973,31714619,31718684
2026-05-07,TOTAL,111599,111599,1291163,1291163,27282269,25592388,27282269,25592388,4413821,2152714,4413821,2152714,60843954,60843954
2026-05-08,Client,59908,50144,404178,357377,17970864,19085375,17921433,19107890,1742354,628088,1601190,656109,39890767,39694143
2026-05-08,DII,2774,568,67920,81962,0,740,30,2326,4051,0,29464,205,75485,114555
2026-05-08,FII,8501,22665,314611,373638,2754013,2957407,2747248,2949640,233540,126914,241802,126889,6394986,6461882
2026-05-08,Pro,32945,30751,468706,442438,20544238,20828217,20600404,20811883,3052820,1702366,3160309,1674165,46629292,46719950
2026-05-08,TOTAL,104128,104128,1255415,1255415,41269115,42871739,41269115,42871739,5032765,2457368,5032765,2457368,92990530,92990530
2026-05-11,Client,72061,64710,353357,338309,27140706,29061488,27002595,29035406,1587358,661720,1415944,690326,58876690,58547290
2026-05-11,DII,750,2177,71970,90390,75,1815,400,3515,657,244,23132,110,75511,119724
2026-05-11,FII,14113,24970,325672,349900,4039885,4596218,4088507,4569575,259395,145407,278930,130128,9380690,9442010
2026-05-11,Pro,37155,32222,464436,436836,38698637,37028334,38787801,37079359,3008850,1779174,3138254,1765981,81016586,81240453
2026-05-11,TOTAL,124079,124079,1215435,1215435,69879303,70687855,69879303,70687855,4856260,2586545,4856260,2586545,149349477,149349477
2026-05-12,Client,90612,69523,351823,365777,65979251,74610751,65827815,74866103,1441625,680857,1323130,711623,143154919,143163971
2026-05-12,DII,281,2382,101742,91402,245,4098,1468,12308,3351,403,47401,392,110120,155353
2026-05-12,FII,16848,33023,334981,349280,9368642,9067567,9517994,8964674,284941,166070,308788,141654,19239049,19315413
2026-05-12,Pro,37677,40490,489173,471260,134698247,117076774,134699108,116916105,2943175,1763898,2993773,1757559,257008944,256878295
2026-05-12,TOTAL,145418,145418,1277719,1277719,210046385,200759190,210046385,200759190,4673092,2611228,4673092,2611228,419513032,419513032
2026-05-13,Client,71622,76152,383370,382835,11359892,11977889,11468904,11902624,1622388,771807,1597670,718914,26186968,26147099
2026-05-13,DII,190,25,79107,98760,310,4290,340,2425,712,1667,20839,962,86276,123351
2026-05-13,FII,17713,18443,392165,365045,2014247,2216443,2018256,2248344,300321,185627,303555,177782,5126516,5131425
2026-05-13,Pro,41684,36589,543762,551764,13315338,13005220,13202287,13050449,3369988,1909029,3371345,1970472,32185021,32182906
2026-05-13,TOTAL,131209,131209,1398404,1398404,26689787,27203842,26689787,27203842,5293409,2868130,5293409,2868130,63584781,63584781
2026-05-14,Client,76302,84623,441854,438842,10974283,10602639,11143969,10524932,1896674,773561,1914482,737009,24765313,24843857
2026-05-14,DII,350,4142,113672,79426,139,2755,74,1045,2287,452,17062,748,119655,102497
2026-05-14,FII,29109,16846,370362,388497,2367047,2338231,2345083,2402650,369650,194328,383489,208981,5668727,5745546
2026-05-14,Pro,41773,41923,573724,592847,14430478,13125581,14282821,13140579,4058417,2129793,4011995,2151396,34359766,34221561
2026-05-14,TOTAL,147534,147534,1499612,1499612,27771947,26069206,27771947,26069206,6327028,3098134,6327028,3098134,64913461,64913461
2026-05-15,Client,68348,75124,356602,370060,20180008,22377664,20272752,22504597,1880488,713094,1819523,733733,45576204,45775789
2026-05-15,DII,138,355,120387,73384,40,1876,308,0,10002,57,20701,2547,132500,97295
2026-05-15,FII,26853,17749,333139,344349,3525093,3723249,3549564,3711637,349532,198421,342479,196146,8156287,8161924
2026-05-15,Pro,36301,38412,477612,499947,24219578,26374173,24102095,26260728,3622652,1972391,3679971,1951537,56702707,56532690
2026-05-15,TOTAL,131640,131640,1287740,1287740,47924719,52476962,47924719,52476962,5862674,2883963,5862674,2883963,110567698,110567698
2026-05-18,Client,74362,82736,348916,362594,32521683,30895685,32597164,30823220,1737973,832603,1726708,831910,66411222,66424332
2026-05-18,DII,352,4399,163458,143319,667,10750,88,4236,4021,683,44796,1503,179931,198341
2026-05-18,FII,28182,21541,350226,359085,5200082,5260950,5157929,5249027,415310,219045,419550,211212,11473795,11418344
2026-05-18,Pro,43423,37643,489639,487241,52650544,41546662,52617795,41637564,3763321,2111823,3729571,2119529,100605412,100629343
2026-05-18,TOTAL,146319,146319,1352239,1352239,90372976,77714047,90372976,77714047,5920625,3164154,5920625,3164154,178670360,178670360
2026-05-19,Client,53156,47723,374321,365915,64667965,70019728,64262973,70291466,1774975,666330,1786361,684066,137556475,137438504
2026-05-19,DII,1538,6,196020,172450,1960,280,350,2030,3933,2026,21611,2510,205757,198957
2026-05-19,FII,12958,19372,381303,407653,9459719,11175822,9737547,11078906,431208,262363,425325,263797,21723373,21932600
2026-05-19,Pro,26242,26793,472782,478408,124377924,140606820,124506698,140430248,3970302,2223612,3947121,2203958,271677682,271593226
2026-05-19,TOTAL,93894,93894,1424426,1424426,198507568,221802650,198507568,221802650,6180418,3154331,6180418,3154331,431163287,431163287
2026-05-20,Client,61896,59653,562680,533208,11037476,9424194,11158879,9337052,1783163,735034,1822718,727027,23604443,23638537
2026-05-20,DII,2025,1741,476010,476472,860,1040,0,1400,1763,3018,19624,2919,484716,502156
2026-05-20,FII,12474,18714,559444,585110,2484517,2057752,2501338,2107084,482291,264397,488546,265581,5860875,5966373
2026-05-20,Pro,32895,29182,500740,504084,13872225,11014163,13734861,11051613,4022432,2254472,3958761,2261394,31696927,31539895
2026-05-20,TOTAL,109290,109290,2098874,2098874,27395078,22497149,27395078,22497149,6289649,3256921,6289649,3256921,61646961,61646961
2026-05-21,Client,74198,69079,814374,782775,10376683,9741223,10263410,9864923,1787627,713542,1819151,734695,23507647,23534033
2026-05-21,DII,31670,31869,686654,686610,755,60,497,7289,3650,924,9298,2024,723713,737587
2026-05-21,FII,34835,43505,2594725,2598525,2400589,2773699,2434495,2737724,494316,314310,487620,308251,8612474,8610120
2026-05-21,Pro,43050,39300,883794,911637,14101820,15245352,14181445,15150398,4277025,2472290,4246549,2456096,37023331,36985425
2026-05-21,TOTAL,183753,183753,4979547,4979547,26879847,27760334,26879847,27760334,6562618,3501066,6562618,3501066,69867165,69867165
2026-05-22,Client,86040,87519,893871,895611,18733195,17564599,19023098,17515562,2248931,991562,2376279,963538,40518198,40861607
2026-05-22,DII,40312,39789,817034,849802,10488,6404,800,0,24246,1435,10301,1667,899919,902359
2026-05-22,FII,72238,66040,2728932,2670076,2861902,2828885,2767789,2849371,539121,290860,533198,294217,9321938,9180691
2026-05-22,Pro,35924,41166,918706,943054,22196755,21752241,22010653,21787196,4782656,2498044,4675176,2522479,52184326,51979724
2026-05-22,TOTAL,234514,234514,5358543,5358543,43802340,42152129,43802340,42152129,7594954,3781901,7594954,3781901,102924381,102924381
2026-05-25,Client,94721,114353,982654,997186,24332981,22852828,24373050,22748651,2091584,967030,2243432,951772,51321798,51428444
2026-05-25,DII,30691,28245,959804,955793,1563,7076,11525,7022,25259,10324,23795,6461,1034717,1032841
2026-05-25,FII,60499,50484,1879403,1844609,4347463,3860728,4229348,3899231,367381,211586,361705,214415,10727060,10599792
2026-05-25,Pro,48068,40897,956210,980483,32660654,33893234,32728738,33958962,4578391,2514030,4433683,2530322,74650587,74673085
2026-05-25,TOTAL,233979,233979,4778071,4778071,61342661,60613866,61342661,60613866,7062615,3702970,7062615,3702970,137734162,137734162
2026-05-26,Client,125640,113893,931288,949332,65919786,71594892,65592345,71875981,1411172,648057,1564495,672044,140630835,140768090
2026-05-26,DII,11385,3623,615445,595675,70,12600,0,16075,46781,19555,32405,3251,705836,651029
2026-05-26,FII,31918,52644,595489,570933,10404658,11266239,10668252,11242081,142657,95235,170373,96598,22536196,22800881
2026-05-26,Pro,45745,44528,896396,922678,120528517,131718558,120592434,131458152,2763908,1517985,2597245,1508939,257471109,257123976
2026-05-26,TOTAL,214688,214688,3038618,3038618,196853031,214592289,196853031,214592289,4364518,2280832,4364518,2280832,421343976,421343976
2026-05-27,Client,52515,35498,399957,358874,8402519,8207238,8454895,8277501,1075907,393656,1015814,425038,18531792,18567620
2026-05-27,DII,390,4768,58201,89791,4260,150,0,0,0,4726,25094,2366,67727,122019
2026-05-27,FII,7792,17939,290470,301089,1712341,1830808,1719155,1828140,160831,91549,173612,86173,4093791,4126108
2026-05-27,Pro,18758,21250,404731,403605,10727414,10750739,10672484,10683294,1781754,1025595,1803972,1001949,24708991,24586554
2026-05-27,TOTAL,79455,79455,1153359,1153359,20846534,20788935,20846534,20788935,3018492,1515526,3018492,1515526,47402301,47402301
2026-05-29,Client,90359,73927,496644,391885,19026788,22888324,18987344,22968973,1275307,458312,1138043,528466,44235734,44088638
2026-05-29,DII,24697,21842,134916,289712,2625,1958,1560,0,0,0,19336,308,164196,332758
2026-05-29,FII,10275,48572,741325,733581,3191611,3825897,3255066,3801621,199016,123497,217914,122723,8091621,8179477
2026-05-29,Pro,65994,46984,680361,638068,24889610,29958532,24866664,29904117,2265759,1368421,2364789,1298733,59228677,59119355
2026-05-29,TOTAL,191325,191325,2053246,2053246,47110634,56674711,47110634,56674711,3740082,1950230,3740082,1950230,111720228,111720228
2026-06-01,Client,72712,53358,291389,295260,27615100,34649972,27493379,34659531,1061125,431019,914400,456190,64121317,63872118
2026-06-01,DII,2004,4495,65918,76484,190,1230,140,10202,348,61,42490,550,69751,134361
2026-06-01,FII,10846,32717,304449,310861,4587638,4850833,4570701,4818473,177158,107061,187722,103385,10037985,10023859
2026-06-01,Pro,37656,32648,408420,387571,41418041,45253578,41556749,45267407,1895399,1118689,1989418,1096705,90131783,90330498
2026-06-01,TOTAL,123218,123218,1070176,1070176,73620969,84755613,73620969,84755613,3134030,1656830,3134030,1656830,164360836,164360836
2026-06-02,Client,81569,67830,327314,340498,82533546,81510220,82744679,81377489,1171182,463989,1140528,463197,166087820,166134221
2026-06-02,DII,1596,3903,73716,151446,820,2880,150,3327,221,0,67154,332,79233,226312
2026-06-02,FII,20005,26921,450720,355703,13019369,11611165,12987563,11751628,225998,136434,218709,127187,25463691,25467711
2026-06-02,Pro,38095,42611,436296,440399,165945639,155489696,165766982,155481517,2184538,1141298,2155548,1151005,325235562,325038062
2026-06-02,TOTAL,141265,141265,1288046,1288046,261499374,248613961,261499374,248613961,3581939,1741721,3581939,1741721,516866306,516866306
2026-06-03,Client,108974,99414,357756,291037,13529223,13151681,13658265,13188166,1234821,507343,1125154,554504,28889798,28916540
2026-06-03,DII,3774,221,67898,109401,535,110,30,110,128,100,27663,2702,72545,140127
2026-06-03,FII,30303,59460,358715,402712,2843610,2888591,2815173,2845689,253507,147293,269998,120601,6522019,6513633
2026-06-03,Pro,66613,50569,444991,426210,18068911,15838363,17968811,15844780,2141143,1261179,2206784,1238108,37821200,37735262
2026-06-03,TOTAL,209664,209664,1229360,1229360,34442279,31878745,34442279,31878745,3629599,1915915,3629599,1915915,73305562,73305562
2026-06-04,Client,55734,48150,274939,244973,11025035,10136162,11030423,10143687,998746,322692,942748,326641,22813308,22736622
2026-06-04,DII,426,82,52315,87834,45,20,25,0,9,13,18173,803,52828,106917
2026-06-04,FII,19659,24974,281654,283656,2258589,2414859,2281232,2435996,189368,113374,197213,105324,5277503,5328395
2026-06-04,Pro,27589,30202,328122,320567,14236688,13203392,14208677,13174750,1720046,910007,1750035,913318,30425844,30397549
2026-06-04,TOTAL,103408,103408,937030,937030,27520357,25754433,27520357,25754433,2908169,1346086,2908169,1346086,58569483,58569483
2026-06-05,Client,81421,76642,303878,299671,24669272,25564864,24739651,25608245,1233765,404874,1133092,419308,52258074,52276609
2026-06-05,DII,1308,693,50540,74766,265,66,112,106,536,0,11695,664,52715,88036
2026-06-05,FII,19900,23038,270686,258526,3998912,4716106,4000982,4702745,235151,143583,250088,135843,9384338,9371222
2026-06-05,Pro,52033,54289,399984,392125,30279712,31153979,30207416,31123919,2101539,1116751,2176116,1109393,65103998,65063258
2026-06-05,TOTAL,154662,154662,1025088,1025088,58948161,61435015,58948161,61435015,3570991,1665208,3570991,1665208,126799125,126799125
2026-06-08,Client,62382,59803,237034,274749,28464818,28779593,28358639,28788259,1047286,405130,922120,429025,58996243,58832595
2026-06-08,DII,9490,2938,62494,63763,15,2236,45,2219,948,0,45546,1642,75183,116153
2026-06-08,FII,9342,19250,228502,229731,4130862,4289739,4148739,4270531,124972,77874,135136,68295,8861291,8871682
2026-06-08,Pro,37838,37061,359977,319764,39433843,33881353,39522115,33891912,1790770,1012922,1861174,996964,76516703,76628990
2026-06-08,TOTAL,119052,119052,888007,888007,72029538,66952921,72029538,66952921,2963976,1495926,2963976,1495926,144449420,144449420
2026-06-09,Client,62958,69399,284284,269619,72211242,68913462,72669154,68916337,1063498,379703,1055607,358495,142915147,143338611
2026-06-09,DII,7077,962,45947,82380,50,1785,40,1785,2957,2313,30804,2481,60129,118452
2026-06-09,FII,15107,14494,284230,245768,8915802,8961462,8758217,9048126,169323,105297,177499,97671,18451221,18341775
2026-06-09,Pro,34357,34644,323650,340344,132043263,122529947,131742946,122440408,2009511,966104,1981379,994770,257906832,257534491
2026-06-09,TOTAL,119499,119499,938111,938111,213170357,200406656,213170357,200406656,3245289,1453417,3245289,1453417,419333329,419333329
2026-06-10,Client,61490,59713,286597,321615,11235454,10651655,11253333,10691010,1310812,466989,1224946,490518,24012997,24041135
2026-06-10,DII,4380,851,87960,53552,290,2139,15,1619,5957,3721,20483,3586,104447,80106
2026-06-10,FII,14466,9444,264654,273705,1886374,1831692,1897331,1827762,261164,152734,267848,140976,4411084,4417066
2026-06-10,Pro,32505,42833,363512,353851,12746935,11978971,12718374,11944066,2272617,1200477,2337273,1188841,28595017,28585238
2026-06-10,TOTAL,112841,112841,1002723,1002723,25869053,24464457,25869053,24464457,3850550,1823921,3850550,1823921,57123545,57123545
2026-06-11,Client,53244,59762,229575,226532,10865483,10288934,10890474,10291875,1057795,433331,1006915,438654,22928362,22914212
2026-06-11,DII,3154,667,75346,74479,0,1650,0,1650,4798,1873,21173,580,86821,98549
2026-06-11,FII,19186,14190,243893,253945,2172165,2340149,2188664,2333298,245716,142067,265271,131048,5163176,5186416
2026-06-11,Pro,27231,28196,321278,315136,14536717,12399576,14495227,12403486,2100865,1154616,2115815,1161605,30540283,30519465
2026-06-11,TOTAL,102815,102815,870092,870092,27574365,25030309,27574365,25030309,3409174,1731887,3409174,1731887,58718642,58718642
2026-06-12,Client,81121,100566,356748,360056,25321695,22844969,25488917,22786490,1474350,594078,1639711,552496,50672961,50928236
2026-06-12,DII,7355,1622,69667,100326,2760,50,680,5492,1967,350,16422,375,82149,124917
2026-06-12,FII,46080,22720,355451,290659,4143609,4014725,4058703,4009952,310792,186383,297038,199123,9057040,8878195
2026-06-12,Pro,40206,49854,401998,432823,32147009,29910321,32066773,29968131,3033038,1576518,2866976,1605335,67109090,66989892
2026-06-12,TOTAL,174762,174762,1183864,1183864,61615073,56770065,61615073,56770065,4820147,2357329,4820147,2357329,126921240,126921240
2026-06-15,Client,61708,70927,370489,385758,30132537,29869554,29967652,29825926,1769852,657016,1727010,628206,62861156,62605479
2026-06-15,DII,13711,1548,119649,78430,1763,75,50,935,3954,1800,9503,2861,140952,93327
2026-06-15,FII,19440,17058,346959,340265,4103320,4937785,4146627,4935210,325513,194340,319547,209241,9927357,9967948
2026-06-15,Pro,29515,34841,446216,478860,40252993,43417359,40376284,43462702,3256460,1838458,3299719,1851306,89241001,89503712
2026-06-15,TOTAL,124374,124374,1283313,1283313,74490613,78224773,74490613,78224773,5355779,2691614,5355779,2691614,162170466,162170466
2026-06-16,Client,33305,41573,295950,288642,65542638,60138025,65661273,60081996,1427308,525702,1430710,521101,127962928,128025295
2026-06-16,DII,2,6140,75832,48938,3223,78,1200,102,10483,1569,6562,1401,91187,64343
2026-06-16,FII,22296,10655,232942,259804,7911789,7459022,7914894,7703767,320096,169499,324886,166360,16115644,16380366
2026-06-16,Pro,20186,17421,339620,346960,107838037,102498679,107718320,102309939,2595730,1501412,2591459,1509320,214793664,214493419
2026-06-16,TOTAL,75789,75789,944344,944344,181295687,170095804,181295687,170095804,4353617,2198182,4353617,2198182,358963423,358963423
2026-06-17,Client,38846,44831,362983,373714,9676557,8342184,9676864,8307540,1794876,703058,1782064,675898,20918504,20860911
2026-06-17,DII,122,296,94850,62735,313,2300,2850,0,914,1274,8695,2251,99773,76827
2026-06-17,FII,16472,11560,286192,299977,1345108,1439097,1376137,1442911,359701,191285,362387,197057,3637855,3690029
2026-06-17,Pro,16699,15452,425443,433042,10184186,9383593,10150313,9416723,3099513,1768662,3101858,1789073,24878096,24906461
2026-06-17,TOTAL,72139,72139,1169468,1169468,21206164,19167174,21206164,19167174,5255004,2664279,5255004,2664279,49534228,49534228
2026-06-18,Client,49791,51310,375038,355414,10123478,9173052,10216231,9242700,1694900,623588,1673569,618553,22039847,22157777
2026-06-18,DII,2463,526,99078,64182,601,4650,45,120,625,1737,9202,2189,109154,76264
2026-06-18,FII,11205,7993,293573,336042,1848900,2123418,1826528,2108229,380057,222712,384370,213792,4879865,4876954
2026-06-18,Pro,20201,23831,407671,419722,12738517,13215346,12668692,13165417,3153384,1743817,3161825,1757320,31278936,31196807
2026-06-18,TOTAL,83660,83660,1175360,1175360,24711496,24516466,24711496,24516466,5228966,2591854,5228966,2591854,58307802,58307802
2026-06-19,Client,65102,58226,424107,389123,18622054,19465113,18609084,19607163,2047944,728455,1929296,778932,41352775,41371824
2026-06-19,DII,3190,276,151646,113911,15,0,0,2300,13394,1796,26514,1965,170041,144966
2026-06-19,FII,11496,16443,420182,493754,2872827,3191411,2932468,3124384,371828,226254,392002,194485,7093998,7153536
2026-06-19,Pro,26880,31723,524565,523712,24598416,25104779,24551760,25027456,3698771,2027062,3784125,2008185,55980473,55926961
2026-06-19,TOTAL,106668,106668,1520500,1520500,46093312,47761303,46093312,47761303,6131937,2983567,6131937,2983567,104597287,104597287
2026-06-22,Client,33664,41927,385601,397483,21472865,19702395,21406553,19623893,1866221,666123,1847465,629618,44126869,43946939
2026-06-22,DII,208,5150,165179,139236,260,80,4010,30,4165,3131,4245,2663,173023,155334
2026-06-22,FII,11916,8277,273625,296358,3212000,3040944,3207162,3023892,409309,221925,414997,220124,7169719,7170810
2026-06-22,Pro,23344,13778,426957,418285,27060734,26284149,27128134,26379753,3425479,1811512,3438467,1850286,59032175,59228703
2026-06-22,TOTAL,69132,69132,1251362,1251362,51745859,49027568,51745859,49027568,5705174,2702691,5705174,2702691,110501786,110501786
2026-06-23,Client,73629,64213,547238,524617,72882098,74111754,72725769,74589693,1985756,752405,1954634,827233,150352880,150686159
2026-06-23,DII,5555,5870,341741,330975,17620,844,140,2863,17022,457,5198,1015,383239,346061
2026-06-23,FII,13312,19089,474280,490411,11107825,12181403,11233561,11982993,257596,154336,268616,141911,24188752,24136581
2026-06-23,Pro,29155,32479,560696,577952,139875617,138655182,139923690,138373634,3891148,2158569,3923074,2095608,285170367,284926437
2026-06-23,TOTAL,121651,121651,1923955,1923955,223883160,224949183,223883160,224949183,6151522,3065767,6151522,3065767,460095238,460095238
2026-06-24,Client,93689,102978,816320,862375,13757204,11608028,13962946,11454368,2113570,907388,2217758,871476,29296199,29471901
2026-06-24,DII,24290,25081,746134,707055,220,70,60,979,9166,5459,6596,4327,785339,744098
2026-06-24,FII,65875,66367,2604295,2562880,2221411,2183119,2237183,2251965,279517,170822,269210,166641,7525039,7554246
2026-06-24,Pro,43939,33367,1020873,1055312,16825172,14288432,16603818,14372337,4560264,2488181,4468953,2529406,39226861,39063193
2026-06-24,TOTAL,227793,227793,5187622,5187622,32804007,28079649,32804007,28079649,6962517,3571850,6962517,3571850,76833438,76833438
2026-06-25,Client,89144,92251,922733,947756,12510898,11368823,12484570,11515783,2256781,931908,2352645,927724,28080287,28320729
2026-06-25,DII,23535,20611,1080773,1041626,110,520,20010,60,8451,4608,9618,2799,1117997,1094724
2026-06-25,FII,88235,82991,2787230,2770696,2571190,2892826,2540337,2899591,285178,191772,285783,179171,8816431,8758569
2026-06-25,Pro,39071,44132,977996,1008654,17039292,16504811,17076573,16351546,4849737,2673316,4752101,2691910,42084223,41924916
2026-06-25,TOTAL,239985,239985,5768732,5768732,32121490,30766980,32121490,30766980,7400147,3801604,7400147,3801604,80098938,80098938
2026-06-29,Client,97911,81607,1067961,1067411,30943222,35949720,30866819,35965728,1959829,1025743,2016260,1017545,71044386,71015370
2026-06-29,DII,15495,14649,1268072,1260385,225,8626,160,3076,26426,8835,26553,4718,1327679,1309541
2026-06-29,FII,83108,93750,2056429,2033129,4761247,5101873,4746707,5082298,719790,331834,743206,338621,13054281,13037711
2026-06-29,Pro,39167,45675,1134468,1166005,42068364,47772488,42159372,47781605,5030061,3397244,4950087,3402772,99441792,99505516
2026-06-29,TOTAL,235681,235681,5526930,5526930,77773058,88832707,77773058,88832707,7736106,4763656,7736106,4763656,184868138,184868138
2026-06-30,Client,135165,107950,987700,992576,75958613,76460947,76047061,76815187,1544409,825526,1747706,813316,155912360,156523796
2026-06-30,DII,14545,14664,778869,740517,129,7079,13,3383,36049,20065,33289,4673,856736,796539
2026-06-30,FII,52322,94754,563935,591908,12168278,12134969,12217924,12152177,138358,108360,157331,113197,25166222,25327291
2026-06-30,Pro,60442,45106,991821,997324,145732077,144010663,145594099,143642911,3215552,1938645,2996042,1961410,295949200,295236892
2026-06-30,TOTAL,262474,262474,3322325,3322325,233859097,232613658,233859097,232613658,4934368,2892596,4934368,2892596,477884518,477884518
2026-07-01,Client,38315,36899,318985,297223,11055090,9548800,11112376,9529699,1185213,424204,1086786,434418,22570607,22497401
2026-07-01,DII,38,30,62007,64119,160,2470,25,0,187,965,63805,554,65827,128533
2026-07-01,FII,8329,11978,254926,268171,1602749,1679752,1618771,1706504,112829,89589,129047,85296,3748174,3819767
2026-07-01,Pro,17737,15512,368951,375356,11982776,10654692,11909603,10649511,2074601,1181581,2093192,1176071,26280338,26219245
2026-07-01,TOTAL,64419,64419,1004869,1004869,24640775,21885714,24640775,21885714,3372830,1696339,3372830,1696339,52664946,52664946
2026-07-02,Client,36217,45754,307640,324540,10421970,9420694,10497891,9300159,1075111,405185,1117159,400242,21666817,21685745
2026-07-02,DII,3707,0,64787,69668,75,0,140,840,158,1217,26928,1532,69944,99108
2026-07-02,FII,14087,10928,311107,273387,1973383,1963695,1949163,2027436,127427,92937,125846,83273,4482636,4470033
2026-07-02,Pro,18164,15493,355346,371285,13663059,12583231,13611293,12639185,2016344,1098776,1949107,1113068,29734920,29699431
2026-07-02,TOTAL,72175,72175,1038880,1038880,26058487,23967620,26058487,23967620,3219040,1598115,3219040,1598115,55954317,55954317
2026-07-03,Client,40468,45757,339271,340745,19331141,19707743,19301209,19743331,1302701,460934,1248966,482640,41182258,41162648
2026-07-03,DII,112,134,73703,69044,670,465,835,80,706,799,41185,2262,76455,113540
2026-07-03,FII,13475,7342,301682,288902,2314134,2633504,2322707,2598371,179265,120553,195749,109062,5562613,5522133
2026-07-03,Pro,20756,21578,396766,412731,22384789,23909727,22405983,23909657,2320937,1273133,2317709,1261455,50306108,50329113
2026-07-03,TOTAL,74811,74811,1111422,1111422,44030734,46251439,44030734,46251439,3803609,1855419,3803609,1855419,97127434,97127434
2026-07-06,Client,35762,43827,275406,308498,26676122,23340629,26717715,23240950,1161255,417475,1138509,399372,51906649,51848871
2026-07-06,DII,1760,238,83827,58976,195,1074,55,1879,262,921,37331,891,88039,99370
2026-07-06,FII,17088,7600,249999,225304,3473359,3702980,3428539,3723128,186781,110242,193558,112409,7740449,7690538
2026-07-06,Pro,13446,16391,325838,342292,35248941,34721560,35252308,34800286,1982791,1039069,1961691,1055035,73331645,73428003
2026-07-06,TOTAL,68056,68056,935070,935070,65398617,61766243,65398617,61766243,3331089,1567707,3331089,1567707,133066782,133066782
2026-07-07,Client,44003,44476,300539,329430,67402038,70517568,67225117,71052698,1267969,473259,1168014,488926,140005376,140308661
2026-07-07,DII,3193,45,105193,87353,1170,2483,165,1721,484,424,45581,2205,112947,137070
2026-07-07,FII,10046,7605,328521,296873,8184095,9730830,8561132,9608221,226994,137836,234659,127671,18618322,18836161
2026-07-07,Pro,15625,20741,370719,391316,107696779,125162220,107497668,124750461,2218474,1300942,2265667,1293659,236764759,236219512
2026-07-07,TOTAL,72867,72867,1104972,1104972,183284082,205413101,183284082,205413101,3713921,1912461,3713921,1912461,395501404,395501404
2026-07-08,Client,108342,85346,376370,429787,13086884,15396600,12964040,15510626,1406004,662761,1327959,752370,31036961,31070128
2026-07-08,DII,8194,6208,198232,127019,1655,7900,1050,5898,6019,311,25806,800,222311,166781
2026-07-08,FII,15891,45639,415974,442111,2694308,3045543,2788938,2942662,327398,222865,345224,184553,6721979,6749127
2026-07-08,Pro,53075,48309,514091,505750,17843951,18795655,17872770,18786512,2631306,1818181,2671738,1766395,41656259,41651474
2026-07-08,TOTAL,185502,185502,1504667,1504667,33626798,37245698,33626798,37245698,4370727,2704118,4370727,2704118,79637510,79637510
2026-07-09,Client,47912,55451,299088,284199,11053910,9983897,11176109,10000535,1260084,516162,1199585,490106,23161053,23205985
2026-07-09,DII,270,1819,81926,104839,746,2901,450,2421,3534,270,37800,1672,89647,149001
2026-07-09,FII,14122,11787,304073,290057,2294997,2385535,2268075,2407974,239239,153861,255194,136954,5391827,5370041
2026-07-09,Pro,31716,24963,404570,410562,14814978,13360494,14719997,13321897,2308803,1347915,2319081,1389476,32268476,32185976
2026-07-09,TOTAL,94020,94020,1089657,1089657,28164631,25732827,28164631,25732827,3811660,2018208,3811660,2018208,60911003,60911003
2026-07-10,Client,40669,50654,319837,351659,19539463,17998187,19672563,17982145,1586406,593679,1596775,566417,40078241,40220213
2026-07-10,DII,106,2363,79596,74866,50,195,1330,40,3971,617,10455,997,84535,90051
2026-07-10,FII,18882,7342,298962,252105,2815989,2855851,2778372,2901518,146425,92377,151577,95669,6228486,6186583
2026-07-10,Pro,18097,17395,378884,398649,23059141,21952478,22962378,21923008,2592408,1384626,2570403,1408216,49385634,49280049
2026-07-10,TOTAL,77754,77754,1077279,1077279,45414643,42806711,45414643,42806711,4329210,2071299,4329210,2071299,95776896,95776896
2026-07-13,Client,46495,49295,322133,307318,33571279,29093143,33591134,29070043,1587897,578968,1546007,579122,65199915,65142919
2026-07-13,DII,112,203,73654,73549,410,4103,110,30,2347,1807,13785,1451,82433,89128
2026-07-13,FII,11322,11724,284782,295385,4749982,5141857,4707545,5166256,189795,108643,186949,109655,10486381,10477514
2026-07-13,Pro,26896,23603,393559,397876,48863604,40668069,48886486,40670843,2595212,1427253,2628510,1426443,93974593,94033761
2026-07-13,TOTAL,84825,84825,1074128,1074128,87185275,74907172,87185275,74907172,4375251,2116671,4375251,2116671,169743322,169743322
2026-07-14,Client,56089,43888,318073,295766,63790662,73248971,63780725,73455611,1418114,484985,1274537,530117,139316894,139380644
2026-07-14,DII,981,2901,117216,69633,215,1757,30,1317,3766,543,42818,1362,124478,118061
2026-07-14,FII,7684,18036,300650,382237,7910336,7875507,8226035,7868128,163768,111393,177064,100478,16369338,16771978
2026-07-14,Pro,28255,28184,423781,412084,108951057,126142700,108645480,125943879,2422037,1361613,2513266,1326577,239329443,238869470
2026-07-14,TOTAL,93009,93009,1159720,1159720,180652270,207268935,180652270,207268935,4007685,1958534,4007685,1958534,395140153,395140153
2026-07-15,Client,47045,53485,322987,321329,10424334,9711948,10438108,9733594,1586043,607227,1523806,605781,22699584,22676103
2026-07-15,DII,1001,664,97788,69497,30,40,105,170,3696,1031,8927,1497,103586,80860
2026-07-15,FII,12116,9363,283089,311814,1835750,2121931,1886009,2119327,182369,118144,193144,112062,4553399,4631719
2026-07-15,Pro,27460,24110,432261,433485,12126671,12276201,12062563,12257029,2705933,1511018,2752164,1518080,29079544,29047431
2026-07-15,TOTAL,87622,87622,1136125,1136125,24386785,24110120,24386785,24110120,4478041,2237420,4478041,2237420,56436113,56436113
2026-07-16,Client,31535,35292,309835,311252,8959161,8696785,8986845,8691278,1555694,647394,1533143,638838,20200404,20196648
2026-07-16,DII,633,2684,72689,99657,2525,60,0,0,3870,2114,11395,3331,81891,117067
2026-07-16,FII,22637,9811,309952,293298,1692467,1874735,1681957,1887492,198982,127280,204326,127481,4226053,4204365
2026-07-16,Pro,17306,24324,443773,432042,11972954,11622219,11958305,11615029,2763202,1603004,2772884,1610142,28422458,28412726
2026-07-16,TOTAL,72111,72111,1136249,1136249,22627107,22193799,22627107,22193799,4521748,2379792,4521748,2379792,52930806,52930806
2026-07-17,Client,59976,82845,354602,403400,21559755,17877371,21856083,17702945,1847453,784429,1852119,778689,42483586,42676081
2026-07-17,DII,154,4694,131383,92311,0,90,151,70,6856,1498,12813,506,139981,110545
2026-07-17,FII,46332,12974,382215,362837,3246246,3207816,3096773,3298128,251419,156136,242601,161275,7290164,7174588
2026-07-17,Pro,33139,39088,473711,483363,30453426,23501298,30306420,23585432,3166724,1809262,3164919,1810855,59437560,59390077
2026-07-17,TOTAL,139601,139601,1341911,1341911,55259427,44586575,55259427,44586575,5272452,2751325,5272452,2751325,109351291,109351291
2026-07-20,Client,58951,55533,388367,369523,30071498,27986206,29964344,28132569,1860772,734626,1819948,735930,61100420,61077847
2026-07-20,DII,1480,1833,136368,143159,166,5719,130,4262,9688,1949,21624,2659,155370,173667
2026-07-20,FII,14684,17979,337733,337575,3885277,4117658,3965723,4104984,302687,196589,314211,178768,8854628,8919240
2026-07-20,Pro,29363,29133,443207,455418,40669195,36264301,40695939,36132069,3286617,1828536,3303981,1844343,82521219,82460883
2026-07-20,TOTAL,104478,104478,1305675,1305675,74626136,68373884,74626136,68373884,5459764,2761700,5459764,2761700,152631637,152631637
2026-07-21,Client,33008,34311,396664,359651,59918007,60896286,59732905,60952558,1765604,638211,1719174,688459,123647780,123487058
2026-07-21,DII,16917,196,191486,183244,265,288,180,240,6986,3926,13130,758,219868,197748
2026-07-21,FII,4639,13663,347989,377746,6767538,6895563,7043448,7069567,218120,141914,233091,131232,14375763,14868747
2026-07-21,Pro,15868,22262,417619,433117,100453057,96076104,100362334,95845876,3241683,1807465,3266998,1771067,202011796,201701654
2026-07-21,TOTAL,70432,70432,1353758,1353758,167138867,163868241,167138867,163868241,5232393,2591516,5232393,2591516,340255207,340255207
2026-07-22,Client,61097,44595,500067,498305,9344635,10037220,9319137,10119826,2002671,910698,1978799,933687,22856388,22894349
2026-07-22,DII,126,1831,309002,280220,130,560,120,173,7311,2474,8187,2207,319603,292738
2026-07-22,FII,10172,33029,445530,458800,1714090,1612999,1793008,1577518,254518,160430,264688,155103,4197739,4282146
2026-07-22,Pro,32925,24865,506273,523547,12178858,11941257,12125448,11894519,3766793,2217680,3779619,2200285,30643786,30548283
2026-07-22,TOTAL,104320,104320,1760872,1760872,23237713,23592036,23237713,23592036,6031293,3291282,6031293,3291282,58017516,58017516
2026-07-23,Client,73256,70352,681940,693959,10597606,10179670,10602827,10257236,1922357,954896,1965645,952304,24409725,24542323
2026-07-23,DII,31365,37881,705077,708425,130,1704,235,637,11471,3285,15592,3817,753032,766587
2026-07-23,FII,49506,60884,2274717,2238244,2330436,2036791,2395950,2034672,357375,219565,350806,207406,7268390,7287962
2026-07-23,Pro,41239,26249,832373,853479,14607576,12769566,14536736,12695186,4321342,2596513,4280502,2610732,35168609,35002884
2026-07-23,TOTAL,195366,195366,4494107,4494107,27535748,24987731,27535748,24987731,6612545,3774259,6612545,3774259,67599756,67599756
2026-07-24,Client,84433,75422,905618,870864,23218864,22879533,23341149,22813076,2032840,1155210,2075008,1154227,50276498,50329746
2026-07-24,DII,17170,19348,803550,884368,180,12020,230,6140,15346,3721,12689,7622,851987,930397
2026-07-24,FII,61268,69033,2570797,2543234,4030635,3638592,3974958,3649942,395486,277078,430553,265029,10973856,10932749
2026-07-24,Pro,36307,35375,935744,917243,30831601,26019263,30764943,26080250,4493541,2880524,4418963,2889655,65196980,65106429
2026-07-24,TOTAL,199178,199178,5215709,5215709,58081280,52549408,58081280,52549408,6937213,4316533,6937213,4316533,127299321,127299321
2026-07-27,Client,70662,77967,1026179,1041778,30180246,27182379,30158389,27133846,2040103,976110,2163572,919113,61475679,61494665
2026-07-27,DII,13669,13712,1065459,1090753,320,14202,325,4730,34684,13559,22512,11281,1141893,1143313
2026-07-27,FII,53661,49739,1805087,1728608,4534831,4806675,4501559,4859803,396877,274485,393051,291370,11871616,11824130
2026-07-27,Pro,31193,27767,910581,946167,37876092,38424915,37931216,38429792,4331284,2557293,4223813,2599683,84131358,84158438
2026-07-27,TOTAL,169185,169185,4807306,4807306,72591489,70428171,72591489,70428171,6802948,3821447,6802948,3821447,158620546,158620546
2026-07-28,Client,94769,85019,979731,1028326,63602466,66317626,63591415,66589660,1774251,959455,1974615,950530,133728298,134219565
2026-07-28,DII,22281,22482,785157,761593,595,5734,420,6800,39272,17280,33396,4505,870319,829196
2026-07-28,FII,51778,67755,617289,573788,8972246,9196251,9132020,9236073,162078,116942,162574,119392,19116584,19291602
2026-07-28,Pro,42704,36276,935125,953595,107431554,110729688,107283006,110416766,3316807,2031026,3121823,2050276,224486904,223861742
2026-07-28,TOTAL,211532,211532,3317302,3317302,180006861,186249299,180006861,186249299,5292408,3124703,5292408,3124703,378202105,378202105
2026-07-29,Client,33174,51037,345282,379424,8807365,8059886,8987763,7922752,1444285,542875,1399612,529160,19232867,19269748
2026-07-29,DII,96,375,84947,92146,1335,7917,285,80,790,2788,52912,2349,97873,148147
2026-07-29,FII,21104,10321,353955,291786,1414347,1456715,1325013,1501439,175073,114545,180050,102129,3535739,3410738
2026-07-29,Pro,24205,16846,412287,433115,10307340,9113824,10217326,9214071,2405880,1366138,2393454,1392708,23629674,23667520
2026-07-29,TOTAL,78579,78579,1196471,1196471,20530387,18638342,20530387,18638342,4026028,2026346,4026028,2026346,46496153,46496153
2026-07-30,Client,32110,34012,308371,297039,9663947,9140448,9632721,9124464,1221564,495124,1150322,519241,20861564,20757799
2026-07-30,DII,67,4701,83893,67153,190,6491,175,0,867,3357,37339,825,94865,110193
2026-07-30,FII,18765,10559,275507,279596,2012311,1849770,2030384,1886221,156026,105271,168423,94712,4417650,4469895
2026-07-30,Pro,14437,16107,348918,372901,14468298,12078952,14481466,12064976,2116468,1291597,2138841,1280571,30318670,30354862
2026-07-30,TOTAL,65379,65379,1016689,1016689,26144746,23075661,26144746,23075661,3494925,1895349,3494925,1895349,55692749,55692749
2026-07-31,Client,29436,35000,350294,358367,19125189,17001014,19140946,17218425,1529858,612233,1494775,595220,38648024,38842733
2026-07-31,DII,285,4636,78950,87220,190,410,40,115,490,1772,17075,1052,82097,110138
2026-07-31,FII,17560,4061,337152,314978,2429898,2879025,2438138,2865980,165842,110982,174545,103616,5940459,5901318
2026-07-31,Pro,9992,13576,397742,403573,21447795,22417252,21423948,22213181,2579867,1479706,2589662,1504805,48332354,48148745
2026-07-31,TOTAL,57273,57273,1164138,1164138,43003072,42297701,43003072,42297701,4276057,2204693,4276057,2204693,93002934,93002934
2026-08-03,Client,38426,50068,343108,340231,25432071,22738907,25513861,22612319,1652705,625655,1579275,599691,50830872,50695445
2026-08-03,DII,601,153,72920,56135,780,166,1035,961,2765,498,39783,1748,77730,99815
2026-08-03,FII,29753,7456,286883,287597,3197500,3624367,3139735,3646504,182541,116250,189423,111681,7437294,7382396
2026-08-03,Pro,13820,24923,363222,382170,30662644,33252225,30638364,33355881,2648868,1463004,2678398,1492287,68403783,68572023
2026-08-03,TOTAL,82600,82600,1066133,1066133,59292995,59615665,59292995,59615665,4486879,2205407,4486879,2205407,126749679,126749679
2026-08-04,Client,51102,33087,312048,281757,58192984,64063037,58477413,64174068,1321184,479866,1207999,521602,124420221,124695926
2026-08-04,DII,5083,12899,66457,63126,1120,945,90,4325,953,258,6155,735,74816,87330
2026-08-04,FII,5711,8668,232744,248935,7887838,8933604,7742156,8970837,157193,96198,164332,86821,17313288,17221749
2026-08-04,Pro,26118,33360,312192,329623,85902114,94345553,85764397,94193909,2019737,1217781,2120581,1184945,183823495,183626815
2026-08-04,TOTAL,88014,88014,923441,923441,151984056,167343139,151984056,167343139,3499067,1794103,3499067,1794103,325631820,325631820
2026-08-05,Client,44115,42261,318776,297542,11772371,13302249,11874060,13359867,1483254,514967,1420429,525471,27435732,27519630
2026-08-05,DII,1713,4560,71057,113116,120,1454,130,200,940,362,9258,3235,75646,130499
2026-08-05,FII,7110,12240,253898,245361,2075400,2292819,2138994,2317375,152332,116987,174599,95705,4898546,4984274
2026-08-05,Pro,23558,17435,349711,337423,13469903,15306725,13304610,15225805,2358263,1337526,2390503,1345431,32845686,32621207
2026-08-05,TOTAL,76496,76496,993442,993442,27317794,30903247,27317794,30903247,3994789,1969842,3994789,1969842,65255610,65255610
2026-08-06,Client,26950,39234,334142,333722,9776931,9375782,9886481,9216651,1664490,614497,1596131,599116,21792792,21671335
2026-08-06,DII,29,545,78689,78743,605,915,50,0,704,236,6752,1407,81178,87497
2026-08-06,FII,19002,5217,253089,250000,1469948,1613798,1404402,1687343,193537,115666,195618,116801,3665040,3659381
2026-08-06,Pro,12630,13615,356825,360280,10148041,10463657,10104592,10550158,2547023,1431440,2607253,1444515,24959616,25080413
2026-08-06,TOTAL,58611,58611,1022745,1022745,21395525,21454152,21395525,21454152,4405754,2161839,4405754,2161839,50498626,50498626
2026-08-07,Client,29183,22664,330752,318185,15157367,16910329,15158293,17078591,1835926,737409,1737143,756178,35000966,35071054
2026-08-07,DII,114,257,71348,78240,1200,1560,37,90,1059,285,25288,882,75566,104794
2026-08-07,FII,4233,9173,241864,247494,1962420,2119656,2012406,2092871,221775,165090,244520,160203,4715038,4766667
2026-08-07,Pro,10661,12097,360548,360593,17453517,16874166,17403768,16734159,2843820,1698553,2895629,1684074,39241265,39090320
2026-08-07,TOTAL,44191,44191,1004512,1004512,34574504,35905711,34574504,35905711,4902580,2601337,4902580,2601337,79032835,79032835
2026-08-10,Client,19417,19451,287474,277161,22085717,22851870,22072017,22837976,1744513,698434,1694982,674613,47687425,47576200
2026-08-10,DII,299,39,70511,76384,129,123,97,1640,1608,634,24695,1913,73304,104768
2026-08-10,FII,4170,6275,223377,229961,2951908,3062934,2938813,3047554,166700,113822,175719,109648,6522911,6507970
2026-08-10,Pro,9241,7362,332717,330573,26642580,27476045,26669407,27503802,2761815,1519799,2779240,1546515,58742197,58836899
2026-08-10,TOTAL,33127,33127,914079,914079,51680334,53390972,51680334,53390972,4674636,2332689,4674636,2332689,113025837,113025837
2026-08-11,Client,32410,27088,266770,244335,41285999,41718062,41349961,41849318,1669252,633542,1570420,662365,85606035,85703487
2026-08-11,DII,54,3062,61320,79787,285,703,305,150,2013,230,10115,1810,64605,95229
2026-08-11,FII,4155,8123,200411,210847,5294337,5228136,5373806,5305155,146019,92347,160923,85978,10965405,11144832
2026-08-11,Pro,13645,11991,296224,289756,64801457,58949076,64658006,58741354,2593925,1486151,2669751,1462117,128140478,127832975
2026-08-11,TOTAL,50264,50264,824725,824725,111382078,105895977,111382078,105895977,4411209,2212270,4411209,2212270,224776523,224776523
2026-08-12,Client,49830,40605,352736,322743,9715911,10219995,9756857,10270867,1874253,808173,1791250,826085,23020898,23008407
2026-08-12,DII,377,1917,68151,116788,400,150,120,375,1988,1949,11902,1153,73015,132255
2026-08-12,FII,10460,19498,271483,263735,1868589,1955665,1901950,1941072,185188,127664,203442,113899,4419049,4443596
2026-08-12,Pro,21261,19908,381653,370757,13363623,11926809,13289596,11890305,3157125,1927340,3211960,1923989,30777811,30706515
2026-08-12,TOTAL,81928,81928,1074023,1074023,24948523,24102619,24948523,24102619,5218554,2865126,5218554,2865126,58290773,58290773
2026-08-13,Client,22840,18353,273991,254426,8641335,8713701,8594751,8625121,1643296,618630,1605012,633132,19913793,19730795
2026-08-13,DII,158,154,46463,75228,20,1,0,225,2565,338,19825,1567,49545,96999
2026-08-13,FII,4558,8091,200650,196481,1664707,1795315,1722608,1820936,154333,104797,169936,94220,3924360,4012272
2026-08-13,Pro,8838,9796,304801,299770,12194940,11223494,12183643,11286229,2762729,1558651,2768150,1553497,28053453,28101085
2026-08-13,TOTAL,36394,36394,825905,825905,22501002,21732511,22501002,21732511,4562923,2282416,4562923,2282416,51941151,51941151
2026-08-14,Client,27199,20903,255689,239754,15928549,16135176,15990342,16257306,1956374,737760,1914277,749263,35040747,35171845
2026-08-14,DII,791,50,61563,64244,180,2,220,150,1940,380,33045,984,64856,98693
2026-08-14,FII,4354,12350,197989,202151,2447595,2405139,2435400,2382080,191367,112429,197574,112352,5358873,5341907
2026-08-14,Pro,14588,13629,308873,317965,20504048,19156386,20454410,19057167,3297262,1793858,3302047,1781828,45075015,44927046
2026-08-14,TOTAL,46932,46932,824114,824114,38880372,37696703,38880372,37696703,5446943,2644427,5446943,2644427,85539491,85539491
2026-08-17,Client,43572,38663,266335,247874,25821892,25948978,25858869,26002052,1812111,642995,1792849,656378,54535883,54596685
2026-08-17,DII,437,188,71890,94175,245,105,185,4400,7554,626,5658,1034,80857,105640
2026-08-17,FII,5867,10756,189295,185588,4077054,3851773,4028934,3846493,188792,111012,197431,110870,8423793,8380072
2026-08-17,Pro,17965,18234,292185,292068,35060270,34307960,35071473,34255871,2999193,1555345,3011712,1541696,74232918,74191054
2026-08-17,TOTAL,67841,67841,819705,819705,64959461,64108816,64959461,64108816,5007650,2309978,5007650,2309978,137273451,137273451
2026-08-18,Client,41596,28391,303703,272198,50780279,53044757,50552203,53161734,1793187,666835,1756877,694956,106630357,106466359
2026-08-18,DII,236,202,180447,178974,190,3500,230,2600,1981,2028,13116,2098,188382,197220
2026-08-18,FII,7666,20237,261506,284119,6606106,6419643,6810988,6373014,227515,131538,242905,130616,13653974,13861879
2026-08-18,Pro,13904,14572,309537,319902,80486751,79832557,80509905,79763109,3287912,1784945,3297697,1757676,165715606,165662861
2026-08-18,TOTAL,63402,63402,1055193,1055193,137873326,139300457,137873326,139300457,5310595,2585346,5310595,2585346,286188319,286188319
2026-08-19,Client,44546,32934,472480,463908,9468033,9497123,9490710,9512542,1886455,828432,1906691,840164,22197069,22246949
2026-08-19,DII,401,3905,271007,281905,0,2396,0,5500,7442,2105,10773,2227,283351,304310
2026-08-19,FII,8934,24583,411499,399725,1743000,1507569,1824925,1547024,262663,149793,278137,149336,4083458,4223730
2026-08-19,Pro,25444,17903,389362,398810,12464576,10453283,12359974,10395305,3675913,2085518,3636872,2074121,29094096,28882985
2026-08-19,TOTAL,79325,79325,1544348,1544348,23675609,21460371,23675609,21460371,5832473,3065848,5832473,3065848,55657974,55657974
2026-08-20,Client,58180,70283,794097,806051,9233505,8538934,9395129,8516777,2010874,842216,2163793,792104,21477806,21744137
2026-08-20,DII,4383,4674,721211,732843,971,250,100,100,13020,3127,7615,2870,742962,748202
2026-08-20,FII,44318,46624,2246403,2197242,1835307,1928732,1755514,2021440,271304,144008,269606,146419,6470072,6436845
2026-08-20,Pro,31571,16871,686000,711575,13124867,13265595,13043907,13195194,4009208,2153476,3863392,2201434,33270717,33032373
2026-08-20,TOTAL,138452,138452,4447711,4447711,24194650,23733511,24194650,23733511,6304406,3142827,6304406,3142827,61961557,61961557
2026-08-21,Client,36386,38675,720573,704121,13101207,14034716,13147680,14041590,2292677,998884,2369282,996326,31184443,31297674
2026-08-21,DII,28168,27331,829278,831895,50,10924,100,10924,22830,8450,25364,7152,899700,902766
2026-08-21,FII,46462,44204,2245382,2229921,1738588,2059409,1722908,2070378,342844,159360,340566,165745,6592045,6573722
2026-08-21,Pro,14220,15026,634958,664254,15049404,17263862,15018561,17246019,4430802,2217772,4353941,2215243,39611018,39513044
2026-08-21,TOTAL,125236,125236,4430191,4430191,29889249,33368911,29889249,33368911,7089153,3384466,7089153,3384466,78287206,78287206
2026-08-24,Client,81574,71434,987754,983766,22977049,26229489,22814902,26375943,2121589,955691,2224432,951594,53353146,53422071
2026-08-24,DII,22043,25138,1130214,1127070,275,23464,357,4166,35285,16315,41692,12201,1227596,1210624
2026-08-24,FII,70302,79830,1550882,1548825,4142554,4138524,4124120,4024513,432740,193467,435748,201183,10528469,10414219
2026-08-24,Pro,28035,25552,740058,749247,34075326,34904220,34255825,34891075,4238230,2145218,4125972,2145713,76131087,76193384
2026-08-24,TOTAL,201954,201954,4408908,4408908,61195204,65295697,61195204,65295697,6827844,3310691,6827844,3310691,141240298,141240298
2026-08-25,Client,127186,131895,1015158,1027438,62289516,61359867,62901675,61169414,1519062,843201,1792799,820060,127153990,127843281
2026-08-25,DII,3309,9948,860684,880046,200,4961,284,19797,32229,14108,40775,8561,915491,959411
2026-08-25,FII,44977,54640,499764,455763,9151976,8297002,8945085,8390877,112260,86079,123959,89874,18192058,18060198
2026-08-25,Pro,56615,35604,833185,845544,106697877,101478327,106292525,101560069,2675336,1525367,2381354,1550260,213266707,212665356
2026-08-25,TOTAL,232087,232087,3208791,3208791,178139569,171140157,178139569,171140157,4338887,2468755,4338887,2468755,359528246,359528246
2026-08-26,Client,40088,37441,318735,252859,9238640,9980399,9142262,10039380,1082533,372328,978476,424340,21032723,20874758
2026-08-26,DII,272,25,46659,70685,20,2350,50,834,546,9776,45468,3609,59623,120671
2026-08-26,FII,9763,11596,220156,253011,1491879,1771882,1529334,1765567,122336,80190,135403,82521,3696206,3777432
2026-08-26,Pro,19687,20748,292109,301104,10990162,13211748,11049055,13160598,1835577,1089670,1881645,1041494,27438953,27454644
2026-08-26,TOTAL,69810,69810,877659,877659,21720701,24966379,21720701,24966379,3040992,1551964,3040992,1551964,52227505,52227505
2026-08-27,Client,37353,23478,261567,222430,9568114,10081740,9470033,10179719,1036424,399382,924295,450745,21384580,21270700
2026-08-27,DII,2100,176,54998,67038,645,1885,225,350,200,1300,22712,748,61128,91249
2026-08-27,FII,8142,19874,207180,233573,1863668,1895778,1893639,1825169,120024,93040,144039,79281,4187832,4195575
2026-08-27,Pro,13048,17115,271946,272650,12853453,12435002,12921983,12409167,1739763,1062506,1805365,1025454,28375718,28451734
2026-08-27,TOTAL,60643,60643,795691,795691,24285880,24414405,24285880,24414405,2896411,1556228,2896411,1556228,54009258,54009258
2026-08-28,Client,28873,26072,214731,207881,18389927,20368681,18587883,20332764,1012929,370364,980441,355233,40385505,40490274
2026-08-28,DII,4250,3550,43980,71592,175,1760,150,785,1681,547,35652,1312,52393,113041
2026-08-28,FII,5269,10110,198621,190765,2710512,2809947,2674676,2841947,123267,74576,123171,72880,5922192,5913549
2026-08-28,Pro,13466,12126,237312,224406,21565653,23803428,21403558,23808320,1694479,896425,1693092,912487,48210763,48053989
2026-08-28,TOTAL,51858,51858,694644,694644,42666267,46983816,42666267,46983816,2832356,1341912,2832356,1341912,94570853,94570853
2026-08-31,Client,34766,33506,297388,265783,27189568,29873540,27085083,29834520,1221773,543555,1084769,563903,59160590,58867564
2026-08-31,DII,333,258,53923,110778,440,435,480,3140,2379,3191,28412,2909,60701,145977
2026-08-31,FII,11785,18467,342155,327501,4426946,4377447,4422388,4420400,211076,165018,247084,149095,9534427,9584935
2026-08-31,Pro,21752,16405,347905,337309,34912995,35321489,35021998,35314851,2046032,1314073,2120995,1309930,73964246,74121488
2026-08-31,TOTAL,68636,68636,1041371,1041371,66529949,69572911,66529949,69572911,3481260,2025837,3481260,2025837,142719964,142719964
2026-09-01,Client,50861,41950,243333,250628,67810145,72620407,67885477,72683026,1168549,482792,1053403,517491,142376087,142431975
2026-09-01,DII,402,213,82844,57886,550,294,25,155,2302,169,20840,740,86561,79859
2026-09-01,FII,15434,28151,209739,222296,9174204,9324665,9267486,9394183,274025,178471,285819,170590,19176538,19368525
2026-09-01,Pro,23577,19960,283620,288726,108734461,111958939,108566372,111826941,2039537,1308640,2124351,1281251,224348774,224107601
2026-09-01,TOTAL,90274,90274,819536,819536,185719360,193904305,185719360,193904305,3484413,1970072,3484413,1970072,385987960,385987960
2026-09-02,Client,43836,30896,236623,248455,11818718,11551423,11807634,11506615,1210763,597828,1131572,585545,25459191,25310717
2026-09-02,DII,288,7498,50104,88708,200,690,775,2605,1737,733,41793,1126,53752,142505
2026-09-02,FII,15332,22463,280966,239287,1797412,1828539,1848604,1867781,290789,180269,309102,172420,4393307,4459657
2026-09-02,Pro,20132,18731,295639,286882,13077842,11674314,13037159,11677965,2179311,1367752,2200133,1387491,28614990,28608361
2026-09-02,TOTAL,79588,79588,863332,863332,26694172,25054966,26694172,25054966,3682600,2146582,3682600,2146582,58521240,58521240
2026-09-03,Client,35622,29696,214267,211190,11133893,10638340,11024423,10728021,1055690,386334,1016794,398852,23464146,23408976
2026-09-03,DII,105,85,73435,76512,265,2811,415,780,4065,1597,11062,3185,82278,92039
2026-09-03,FII,13503,19442,218532,201637,2162886,2379422,2175840,2322596,249720,157672,255155,147621,5181735,5122291
2026-09-03,Pro,13851,13858,241789,258684,14320023,14867580,14416389,14836756,1844269,1087271,1870733,1083216,32374783,32479636
2026-09-03,TOTAL,63081,63081,748023,748023,27617067,27888153,27617067,27888153,3153744,1632874,3153744,1632874,61102942,61102942
2026-09-04,Client,25636,21790,233596,225085,19353565,19667957,19510233,19582394,1302909,501463,1268887,497539,41085126,41105928
2026-09-04,DII,392,2310,38644,76721,234,1312,449,1244,1632,1185,11762,1543,43399,94029
2026-09-04,FII,6906,7642,238285,218039,2706224,2859986,2697471,2929124,254378,149694,251631,149779,6215473,6253686
2026-09-04,Pro,10740,11932,248533,239213,22901301,24403937,22753171,24420430,2044820,1165425,2071459,1168906,50774756,50665111
2026-09-04,TOTAL,43674,43674,759058,759058,44961324,46933192,44961324,46933192,3603739,1817767,3603739,1817767,98118754,98118754
