family,interval_min,rule,direction,entry_after_bars,target_pct,stop_pct,calls,win_rate,avg_pnl_pts,median_pnl_pts,target_rate,stop_rate,eod_rate,ambiguous_rate,train_jul_aug_calls,confirm_sep_calls,train_jul_aug_win_rate,confirm_sep_win_rate,train_jul_aug_avg_pnl_pts,confirm_sep_avg_pnl_pts
pdf_level_reaction,15,level_first4bars_touch15_buf5_all,UP,4,0.1,0.1,11,45.45454545454545,-2.3861363636363637,-23.70355,45.45454545454545,54.54545454545454,0.0,0.0,8,3,25.0,100.0,-12.10383125,23.527716666666667
pdf_level_reaction,15,level_first4bars_touch15_buf5_all,UP,4,0.2,0.2,11,45.45454545454545,-4.772272727272727,-47.4071,45.45454545454545,54.54545454545454,0.0,0.0,8,3,25.0,100.0,-24.2076625,47.05543333333333
pdf_level_reaction,15,level_first4bars_touch10_buf5_all,UP,4,0.1,0.1,10,50.0,-0.19855000000000125,-0.22574999999999967,50.0,50.0,0.0,0.0,7,3,28.57142857142857,100.0,-10.366950000000003,23.527716666666667
pdf_level_reaction,15,level_first4bars_touch10_buf5_all,UP,4,0.2,0.2,10,50.0,-0.3971000000000025,-0.45149999999999935,50.0,50.0,0.0,0.0,7,3,28.57142857142857,100.0,-20.733900000000006,47.05543333333333
pdf_level_reaction,15,level_first2bars_touch5_buf10_all,UP,2,0.3,0.3,10,50.0,-2.339680000000146,-4.675000000001091,30.0,40.0,30.0,0.0,8,2,37.5,100.0,-20.577256250000183,70.610625
pdf_level_reaction,15,level_first4bars_touch5_buf10_all,UP,4,0.3,0.3,10,50.0,-2.339680000000146,-4.675000000001091,30.0,40.0,30.0,0.0,8,2,37.5,100.0,-20.577256250000183,70.610625
pdf_level_reaction,15,level_first2bars_touch5_buf10_all,UP,2,0.1,0.1,10,40.0,-4.966265000000002,-23.82175,40.0,60.0,0.0,0.0,8,2,25.0,100.0,-12.09205,23.536875000000002
pdf_level_reaction,15,level_first4bars_touch5_buf10_all,UP,4,0.1,0.1,10,40.0,-4.966265000000002,-23.82175,40.0,60.0,0.0,0.0,8,2,25.0,100.0,-12.09205,23.536875000000002
pdf_level_reaction,15,level_first2bars_touch5_buf10_all,UP,2,0.15,0.15,10,40.0,-7.449397499999998,-35.732625,40.0,60.0,0.0,0.0,8,2,25.0,100.0,-18.138074999999997,35.3053125
pdf_level_reaction,15,level_first4bars_touch5_buf10_all,UP,4,0.15,0.15,10,40.0,-7.449397499999998,-35.732625,40.0,60.0,0.0,0.0,8,2,25.0,100.0,-18.138074999999997,35.3053125
pdf_level_reaction,15,level_first2bars_touch5_buf10_all,UP,2,0.2,0.2,10,40.0,-9.932530000000003,-47.6435,40.0,60.0,0.0,0.0,8,2,25.0,100.0,-24.1841,47.073750000000004
pdf_level_reaction,15,level_first4bars_touch5_buf10_all,UP,4,0.2,0.2,10,40.0,-9.932530000000003,-47.6435,40.0,60.0,0.0,0.0,8,2,25.0,100.0,-24.1841,47.073750000000004
pdf_level_reaction,15,level_first2bars_touch5_buf5_all,UP,2,0.1,0.1,9,44.44444444444444,-2.886755555555557,-23.70355,44.44444444444444,55.55555555555556,0.0,0.0,6,3,16.666666666666664,100.0,-16.09399166666667,23.527716666666667
pdf_level_reaction,15,level_first4bars_touch5_buf5_all,UP,4,0.1,0.1,9,44.44444444444444,-2.886755555555557,-23.70355,44.44444444444444,55.55555555555556,0.0,0.0,6,3,16.666666666666664,100.0,-16.09399166666667,23.527716666666667
pdf_level_reaction,15,level_first2bars_touch15_buf5_all,UP,2,0.1,0.1,9,44.44444444444444,-2.888566666666668,-23.70355,44.44444444444444,55.55555555555556,0.0,0.0,6,3,16.666666666666664,100.0,-16.096708333333336,23.527716666666667
pdf_level_reaction,15,level_first2bars_touch10_buf5_all,UP,2,0.1,0.1,9,44.44444444444444,-2.889305555555558,-23.70355,44.44444444444444,55.55555555555556,0.0,0.0,6,3,16.666666666666664,100.0,-16.09781666666667,23.527716666666667
pdf_level_reaction,15,level_first2bars_touch5_buf5_all,UP,2,0.2,0.2,9,44.44444444444444,-5.773511111111114,-47.4071,44.44444444444444,55.55555555555556,0.0,0.0,6,3,16.666666666666664,100.0,-32.18798333333334,47.05543333333333
pdf_level_reaction,15,level_first4bars_touch5_buf5_all,UP,4,0.2,0.2,9,44.44444444444444,-5.773511111111114,-47.4071,44.44444444444444,55.55555555555556,0.0,0.0,6,3,16.666666666666664,100.0,-32.18798333333334,47.05543333333333
pdf_level_reaction,15,level_first2bars_touch15_buf5_all,UP,2,0.2,0.2,9,44.44444444444444,-5.777133333333336,-47.4071,44.44444444444444,55.55555555555556,0.0,0.0,6,3,16.666666666666664,100.0,-32.19341666666667,47.05543333333333
pdf_level_reaction,15,level_first2bars_touch10_buf5_all,UP,2,0.2,0.2,9,44.44444444444444,-5.778611111111116,-47.4071,44.44444444444444,55.55555555555556,0.0,0.0,6,3,16.666666666666664,100.0,-32.19563333333334,47.05543333333333
pdf_level_reaction,15,level_first4bars_touch0_buf10_all,UP,4,0.1,0.1,9,33.33333333333333,-8.22087777777778,-23.939950000000003,33.33333333333333,66.66666666666666,0.0,0.0,7,2,14.285714285714285,100.0,-17.294521428571432,23.536875000000002
pdf_level_reaction,15,level_first4bars_touch0_buf10_all,UP,4,0.3,0.3,9,44.44444444444444,-10.708061111111274,-30.25,22.22222222222222,44.44444444444444,33.33333333333333,0.0,7,2,28.57142857142857,100.0,-33.94197142857164,70.610625
pdf_level_reaction,15,level_first4bars_touch0_buf10_all,UP,4,0.15,0.15,9,33.33333333333333,-12.331316666666664,-35.909925,33.33333333333333,66.66666666666666,0.0,0.0,7,2,14.285714285714285,100.0,-25.94178214285714,35.3053125
pdf_level_reaction,15,level_first4bars_touch0_buf10_all,UP,4,0.2,0.2,9,33.33333333333333,-16.44175555555556,-47.879900000000006,33.33333333333333,66.66666666666666,0.0,0.0,7,2,14.285714285714285,100.0,-34.589042857142864,47.073750000000004
pdf_level_reaction,15,level_first1bars_touch15_buf5_all,UP,1,0.1,0.1,8,50.0,-0.17236250000000197,-0.22574999999999967,50.0,50.0,0.0,0.0,5,3,20.0,100.0,-14.392410000000003,23.527716666666667
pdf_level_reaction,15,level_first1bars_touch15_buf5_all,UP,1,0.2,0.2,8,50.0,-0.34472500000000394,-0.45149999999999935,50.0,50.0,0.0,0.0,5,3,20.0,100.0,-28.784820000000007,47.05543333333333
pdf_level_reaction,15,level_first2bars_touch0_buf10_all,UP,2,0.3,0.3,8,50.0,-2.813600000000182,-4.675000000001091,25.0,37.5,37.5,0.0,6,2,33.33333333333333,100.0,-27.28834166666691,70.610625
pdf_level_reaction,15,level_first2bars_touch0_buf10_all,UP,2,0.1,0.1,8,37.5,-6.170831249999999,-23.82175,37.5,62.5,0.0,0.0,6,2,16.666666666666664,100.0,-16.073400000000003,23.536875000000002
pdf_level_reaction,15,level_first2bars_touch0_buf10_all,UP,2,0.15,0.15,8,37.5,-9.256246874999999,-35.732625,37.5,62.5,0.0,0.0,6,2,16.666666666666664,100.0,-24.1101,35.3053125
pdf_level_reaction,15,level_first2bars_touch0_buf10_all,UP,2,0.2,0.2,8,37.5,-12.341662499999998,-47.6435,37.5,62.5,0.0,0.0,6,2,16.666666666666664,100.0,-32.146800000000006,47.073750000000004
pdf_level_reaction,15,level_first1bars_touch15_buf10_all,UP,1,0.3,0.3,7,57.14285714285714,8.495050000000106,63.70000000000073,42.857142857142854,42.857142857142854,14.285714285714285,0.0,5,2,40.0,100.0,-16.35117999999985,70.610625
pdf_level_reaction,15,level_first2bars_touch0_buf5_inst,DOWN,2,0.08,0.08,7,71.42857142857143,8.099377142857143,19.062920000000002,71.42857142857143,28.57142857142857,0.0,0.0,5,2,60.0,100.0,3.8052240000000004,18.834760000000003
pdf_level_reaction,15,level_first2bars_touch5_buf5_inst,DOWN,2,0.08,0.08,7,71.42857142857143,8.099377142857143,19.062920000000002,71.42857142857143,28.57142857142857,0.0,0.0,5,2,60.0,100.0,3.8052240000000004,18.834760000000003
pdf_level_reaction,15,level_first2bars_touch10_buf5_inst,DOWN,2,0.08,0.08,7,71.42857142857143,8.099377142857143,19.062920000000002,71.42857142857143,28.57142857142857,0.0,0.0,5,2,60.0,100.0,3.8052240000000004,18.834760000000003
pdf_level_reaction,15,level_first2bars_touch15_buf5_inst,DOWN,2,0.08,0.08,7,71.42857142857143,8.099377142857143,19.062920000000002,71.42857142857143,28.57142857142857,0.0,0.0,5,2,60.0,100.0,3.8052240000000004,18.834760000000003
pdf_level_reaction,15,level_first1bars_touch10_buf5_all,UP,1,0.2,0.2,7,57.14285714285714,6.6407142857142825,46.5041,57.14285714285714,42.857142857142854,0.0,0.0,4,3,25.0,100.0,-23.670325000000005,47.05543333333333
pdf_level_reaction,15,level_first1bars_touch15_buf10_all,UP,1,0.1,0.1,7,57.14285714285714,3.33582857142857,23.25205,57.14285714285714,42.857142857142854,0.0,0.0,5,2,40.0,100.0,-4.744590000000002,23.536875000000002
pdf_level_reaction,15,level_first1bars_touch10_buf5_all,UP,1,0.1,0.1,7,57.14285714285714,3.3203571428571412,23.25205,57.14285714285714,42.857142857142854,0.0,0.0,4,3,25.0,100.0,-11.835162500000003,23.527716666666667
pdf_level_reaction,10,level_first6bars_touch15_buf0_inst,UP,6,0.1,0.1,7,42.857142857142854,-3.5941714285714284,-23.731400000000004,42.857142857142854,57.14285714285714,0.0,0.0,5,2,20.0,100.0,-14.52842,23.74145
pdf_level_reaction,15,level_first2bars_touch0_buf5_all,UP,2,0.1,0.1,7,42.857142857142854,-3.6692571428571457,-23.70355,42.857142857142854,57.14285714285714,0.0,0.0,4,3,0.0,100.0,-24.066987500000003,23.527716666666667
pdf_level_reaction,15,level_first4bars_touch0_buf5_all,UP,4,0.1,0.1,7,42.857142857142854,-3.6692571428571457,-23.70355,42.857142857142854,57.14285714285714,0.0,0.0,4,3,0.0,100.0,-24.066987500000003,23.527716666666667
pdf_level_reaction,10,level_first6bars_touch15_buf0_inst,UP,6,0.15,0.15,7,42.857142857142854,-5.391257142857141,-35.5971,42.857142857142854,57.14285714285714,0.0,0.0,5,2,20.0,100.0,-21.792629999999996,35.612175
pdf_level_reaction,15,level_first1bars_touch15_buf10_all,UP,1,0.15,0.15,7,42.857142857142854,-5.432464285714283,-35.555324999999996,42.857142857142854,57.14285714285714,0.0,0.0,5,2,20.0,100.0,-21.727574999999995,35.3053125
pdf_level_reaction,15,level_first1bars_touch15_buf10_all,UP,1,0.2,0.2,7,42.857142857142854,-7.24328571428572,-47.4071,42.857142857142854,57.14285714285714,0.0,0.0,5,2,20.0,100.0,-28.97010000000001,47.073750000000004
pdf_level_reaction,15,level_first2bars_touch0_buf5_all,UP,2,0.2,0.2,7,42.857142857142854,-7.338514285714291,-47.4071,42.857142857142854,57.14285714285714,0.0,0.0,4,3,0.0,100.0,-48.13397500000001,47.05543333333333
pdf_level_reaction,15,level_first4bars_touch0_buf5_all,UP,4,0.2,0.2,7,42.857142857142854,-7.338514285714291,-47.4071,42.857142857142854,57.14285714285714,0.0,0.0,4,3,0.0,100.0,-48.13397500000001,47.05543333333333
pdf_level_reaction,10,level_first6bars_touch15_buf5_inst,UP,6,0.08,0.08,7,28.57142857142857,-8.34624,-19.35272,28.57142857142857,71.42857142857143,0.0,0.0,6,1,16.666666666666664,100.0,-12.911066666666668,19.042720000000003
pdf_level_reaction,10,level_first6bars_touch15_buf5_inst,UP,6,0.1,0.1,7,28.57142857142857,-10.4328,-24.190900000000003,28.57142857142857,71.42857142857143,0.0,0.0,6,1,16.666666666666664,100.0,-16.138833333333334,23.8034
pdf_level_reaction,10,level_first6bars_touch15_buf5_inst,UP,6,0.15,0.15,7,28.57142857142857,-15.649199999999997,-36.28635,28.57142857142857,71.42857142857143,0.0,0.0,6,1,16.666666666666664,100.0,-24.208249999999996,35.7051
pdf_level_reaction,10,level_first6bars_touch15_buf5_inst,UP,6,0.2,0.2,7,28.57142857142857,-20.8656,-48.381800000000005,28.57142857142857,71.42857142857143,0.0,0.0,6,1,16.666666666666664,100.0,-32.27766666666667,47.6068
pdf_level_reaction,10,level_first6bars_touch15_buf5_inst,UP,6,0.3,0.3,7,28.57142857142857,-31.298399999999994,-72.5727,28.57142857142857,71.42857142857143,0.0,0.0,6,1,16.666666666666664,100.0,-48.41649999999999,71.4102
pdf_level_reaction,15,level_first1bars_touch10_buf10_all,UP,1,0.3,0.3,6,66.66666666666666,22.221591666666786,66.72807500000036,50.0,33.33333333333333,16.666666666666664,0.0,4,2,50.0,100.0,-1.9729249999998153,70.610625
pdf_level_reaction,15,level_first2bars_touch0_buf10_inst,DOWN,2,0.08,0.08,6,83.33333333333334,12.696093333333335,19.1934,83.33333333333334,16.666666666666664,0.0,0.0,4,2,75.0,100.0,9.62676,18.834760000000003
pdf_level_reaction,15,level_first2bars_touch5_buf10_inst,DOWN,2,0.08,0.08,6,83.33333333333334,12.696093333333335,19.1934,83.33333333333334,16.666666666666664,0.0,0.0,4,2,75.0,100.0,9.62676,18.834760000000003
pdf_level_reaction,15,level_first2bars_touch10_buf10_inst,DOWN,2,0.08,0.08,6,83.33333333333334,12.696093333333335,19.1934,83.33333333333334,16.666666666666664,0.0,0.0,4,2,75.0,100.0,9.62676,18.834760000000003
pdf_level_reaction,15,level_first2bars_touch15_buf10_inst,DOWN,2,0.08,0.08,6,83.33333333333334,12.696093333333335,19.1934,83.33333333333334,16.666666666666664,0.0,0.0,4,2,75.0,100.0,9.62676,18.834760000000003
pdf_level_reaction,15,level_first1bars_touch10_buf10_all,UP,1,0.1,0.1,6,66.66666666666666,7.9953666666666665,23.536875000000002,66.66666666666666,33.33333333333333,0.0,0.0,4,2,50.0,100.0,0.2246125000000001,23.536875000000002
pdf_level_reaction,15,level_first1bars_touch0_buf5_inst,DOWN,1,0.08,0.08,6,66.66666666666666,6.228626666666667,18.834760000000003,66.66666666666666,33.33333333333333,0.0,0.0,4,2,50.0,100.0,-0.07444000000000006,18.834760000000003
pdf_level_reaction,15,level_first1bars_touch5_buf5_inst,DOWN,1,0.08,0.08,6,66.66666666666666,6.228626666666667,18.834760000000003,66.66666666666666,33.33333333333333,0.0,0.0,4,2,50.0,100.0,-0.07444000000000006,18.834760000000003
pdf_level_reaction,15,level_first1bars_touch10_buf5_inst,DOWN,1,0.08,0.08,6,66.66666666666666,6.228626666666667,18.834760000000003,66.66666666666666,33.33333333333333,0.0,0.0,4,2,50.0,100.0,-0.07444000000000006,18.834760000000003
pdf_level_reaction,15,level_first1bars_touch15_buf5_inst,DOWN,1,0.08,0.08,6,66.66666666666666,6.228626666666667,18.834760000000003,66.66666666666666,33.33333333333333,0.0,0.0,4,2,50.0,100.0,-0.07444000000000006,18.834760000000003
pdf_level_reaction,15,level_first4bars_touch15_buf0_inst,UP,4,0.3,0.3,6,50.0,0.003700000000002035,0.17722500000000707,50.0,50.0,0.0,0.0,5,1,40.0,100.0,-14.28858,71.4651
pdf_level_reaction,10,level_first2bars_touch10_buf0_inst,UP,2,0.1,0.1,6,50.0,-0.14828333333333354,-0.025949999999999918,50.0,50.0,0.0,0.0,4,2,25.0,100.0,-12.093150000000001,23.74145
pdf_level_reaction,10,level_first2bars_touch15_buf0_inst,UP,2,0.1,0.1,6,50.0,-0.14828333333333354,-0.025949999999999918,50.0,50.0,0.0,0.0,4,2,25.0,100.0,-12.093150000000001,23.74145
pdf_level_reaction,10,level_first3bars_touch10_buf0_inst,UP,3,0.1,0.1,6,50.0,-0.14828333333333354,-0.025949999999999918,50.0,50.0,0.0,0.0,4,2,25.0,100.0,-12.093150000000001,23.74145
pdf_level_reaction,10,level_first3bars_touch15_buf0_inst,UP,3,0.1,0.1,6,50.0,-0.14828333333333354,-0.025949999999999918,50.0,50.0,0.0,0.0,4,2,25.0,100.0,-12.093150000000001,23.74145
pdf_level_reaction,10,level_first6bars_touch10_buf0_inst,UP,6,0.1,0.1,6,50.0,-0.14828333333333354,-0.025949999999999918,50.0,50.0,0.0,0.0,4,2,25.0,100.0,-12.093150000000001,23.74145
pdf_level_reaction,10,level_first1bars_touch0_buf0_inst,DOWN,1,0.08,0.08,6,50.0,-0.17320000000000016,-0.366439999999999,50.0,50.0,0.0,0.0,4,2,25.0,100.0,-9.67924,18.83888
pdf_level_reaction,10,level_first1bars_touch5_buf0_inst,DOWN,1,0.08,0.08,6,50.0,-0.17320000000000016,-0.366439999999999,50.0,50.0,0.0,0.0,4,2,25.0,100.0,-9.67924,18.83888
pdf_level_reaction,10,level_first1bars_touch10_buf0_inst,DOWN,1,0.08,0.08,6,50.0,-0.17320000000000016,-0.366439999999999,50.0,50.0,0.0,0.0,4,2,25.0,100.0,-9.67924,18.83888
pdf_level_reaction,10,level_first1bars_touch15_buf0_inst,DOWN,1,0.08,0.08,6,50.0,-0.17320000000000016,-0.366439999999999,50.0,50.0,0.0,0.0,4,2,25.0,100.0,-9.67924,18.83888
pdf_level_reaction,10,level_first2bars_touch5_buf0_inst,DOWN,2,0.08,0.08,6,50.0,-0.17320000000000016,-0.366439999999999,50.0,50.0,0.0,0.0,4,2,25.0,100.0,-9.67924,18.83888
pdf_level_reaction,10,level_first2bars_touch10_buf0_inst,DOWN,2,0.08,0.08,6,50.0,-0.17320000000000016,-0.366439999999999,50.0,50.0,0.0,0.0,4,2,25.0,100.0,-9.67924,18.83888
pdf_level_reaction,10,level_first2bars_touch15_buf0_inst,DOWN,2,0.08,0.08,6,50.0,-0.17320000000000016,-0.366439999999999,50.0,50.0,0.0,0.0,4,2,25.0,100.0,-9.67924,18.83888
pdf_level_reaction,10,level_first3bars_touch5_buf0_inst,DOWN,3,0.08,0.08,6,50.0,-0.17320000000000016,-0.366439999999999,50.0,50.0,0.0,0.0,4,2,25.0,100.0,-9.67924,18.83888
pdf_level_reaction,10,level_first3bars_touch10_buf0_inst,DOWN,3,0.08,0.08,6,50.0,-0.17320000000000016,-0.366439999999999,50.0,50.0,0.0,0.0,4,2,25.0,100.0,-9.67924,18.83888
pdf_level_reaction,10,level_first3bars_touch15_buf0_inst,DOWN,3,0.08,0.08,6,50.0,-0.17320000000000016,-0.366439999999999,50.0,50.0,0.0,0.0,4,2,25.0,100.0,-9.67924,18.83888
pdf_level_reaction,10,level_first6bars_touch5_buf0_inst,DOWN,6,0.08,0.08,6,50.0,-0.17320000000000016,-0.366439999999999,50.0,50.0,0.0,0.0,4,2,25.0,100.0,-9.67924,18.83888
pdf_level_reaction,10,level_first6bars_touch10_buf0_inst,DOWN,6,0.08,0.08,6,50.0,-0.17320000000000016,-0.366439999999999,50.0,50.0,0.0,0.0,4,2,25.0,100.0,-9.67924,18.83888
pdf_level_reaction,10,level_first6bars_touch15_buf0_inst,DOWN,6,0.08,0.08,6,50.0,-0.17320000000000016,-0.366439999999999,50.0,50.0,0.0,0.0,4,2,25.0,100.0,-9.67924,18.83888
pdf_level_reaction,15,level_first1bars_touch0_buf5_all,UP,1,0.1,0.1,6,50.0,-0.17776666666666863,-0.22574999999999967,50.0,50.0,0.0,0.0,3,3,0.0,100.0,-23.883250000000004,23.527716666666667
pdf_level_reaction,15,level_first1bars_touch5_buf5_all,UP,1,0.1,0.1,6,50.0,-0.17776666666666863,-0.22574999999999967,50.0,50.0,0.0,0.0,3,3,0.0,100.0,-23.883250000000004,23.527716666666667
pdf_level_reaction,15,level_first1bars_touch10_buf10_all,UP,1,0.15,0.15,6,50.0,-0.18252499999999827,-0.3386250000000004,50.0,50.0,0.0,0.0,4,2,25.0,100.0,-17.926443749999997,35.3053125
pdf_level_reaction,10,level_first2bars_touch10_buf0_inst,UP,2,0.15,0.15,6,50.0,-0.22242499999999885,-0.03892499999999899,50.0,50.0,0.0,0.0,4,2,25.0,100.0,-18.139725,35.612175
pdf_level_reaction,10,level_first2bars_touch15_buf0_inst,UP,2,0.15,0.15,6,50.0,-0.22242499999999885,-0.03892499999999899,50.0,50.0,0.0,0.0,4,2,25.0,100.0,-18.139725,35.612175
pdf_level_reaction,10,level_first3bars_touch10_buf0_inst,UP,3,0.15,0.15,6,50.0,-0.22242499999999885,-0.03892499999999899,50.0,50.0,0.0,0.0,4,2,25.0,100.0,-18.139725,35.612175
pdf_level_reaction,10,level_first3bars_touch15_buf0_inst,UP,3,0.15,0.15,6,50.0,-0.22242499999999885,-0.03892499999999899,50.0,50.0,0.0,0.0,4,2,25.0,100.0,-18.139725,35.612175
pdf_level_reaction,10,level_first6bars_touch10_buf0_inst,UP,6,0.15,0.15,6,50.0,-0.22242499999999885,-0.03892499999999899,50.0,50.0,0.0,0.0,4,2,25.0,100.0,-18.139725,35.612175
pdf_level_reaction,15,level_first1bars_touch10_buf10_all,UP,1,0.2,0.2,6,50.0,-0.24336666666667028,-0.45149999999999935,50.0,50.0,0.0,0.0,4,2,25.0,100.0,-23.901925000000006,47.073750000000004
pdf_level_reaction,15,level_first1bars_touch0_buf5_all,UP,1,0.2,0.2,6,50.0,-0.35553333333333725,-0.45149999999999935,50.0,50.0,0.0,0.0,3,3,0.0,100.0,-47.76650000000001,47.05543333333333
pdf_level_reaction,15,level_first1bars_touch5_buf5_all,UP,1,0.2,0.2,6,50.0,-0.35553333333333725,-0.45149999999999935,50.0,50.0,0.0,0.0,3,3,0.0,100.0,-47.76650000000001,47.05543333333333
pdf_level_reaction,15,level_first4bars_touch15_buf0_inst,UP,4,0.08,0.08,6,33.33333333333333,-6.447413333333334,-19.15402,33.33333333333333,66.66666666666666,0.0,0.0,5,1,20.0,100.0,-11.548368000000002,19.057360000000003
pdf_level_reaction,15,level_first4bars_touch15_buf10_inst,UP,4,0.08,0.08,6,33.33333333333333,-6.472760000000001,-19.167180000000002,33.33333333333333,66.66666666666666,0.0,0.0,5,1,20.0,100.0,-11.578784000000002,19.057360000000003
pdf_level_reaction,10,level_first2bars_touch10_buf5_inst,UP,2,0.08,0.08,6,33.33333333333333,-6.501346666666667,-19.16892,33.33333333333333,66.66666666666666,0.0,0.0,5,1,20.0,100.0,-11.61016,19.042720000000003
pdf_level_reaction,10,level_first2bars_touch15_buf5_inst,UP,2,0.08,0.08,6,33.33333333333333,-6.501346666666667,-19.16892,33.33333333333333,66.66666666666666,0.0,0.0,5,1,20.0,100.0,-11.61016,19.042720000000003
pdf_level_reaction,10,level_first3bars_touch10_buf5_inst,UP,3,0.08,0.08,6,33.33333333333333,-6.501346666666667,-19.16892,33.33333333333333,66.66666666666666,0.0,0.0,5,1,20.0,100.0,-11.61016,19.042720000000003
pdf_level_reaction,10,level_first3bars_touch15_buf5_inst,UP,3,0.08,0.08,6,33.33333333333333,-6.501346666666667,-19.16892,33.33333333333333,66.66666666666666,0.0,0.0,5,1,20.0,100.0,-11.61016,19.042720000000003
pdf_level_reaction,10,level_first6bars_touch10_buf5_inst,UP,6,0.08,0.08,6,33.33333333333333,-6.501346666666667,-19.16892,33.33333333333333,66.66666666666666,0.0,0.0,5,1,20.0,100.0,-11.61016,19.042720000000003
pdf_level_reaction,15,level_first4bars_touch15_buf0_inst,UP,4,0.1,0.1,6,33.33333333333333,-8.059266666666668,-23.942525,33.33333333333333,66.66666666666666,0.0,0.0,5,1,20.0,100.0,-14.43546,23.8217
pdf_level_reaction,15,level_first4bars_touch15_buf10_inst,UP,4,0.1,0.1,6,33.33333333333333,-8.090950000000001,-23.958975000000002,33.33333333333333,66.66666666666666,0.0,0.0,5,1,20.0,100.0,-14.47348,23.8217
pdf_level_reaction,10,level_first2bars_touch10_buf5_inst,UP,2,0.1,0.1,6,33.33333333333333,-8.126683333333334,-23.961150000000004,33.33333333333333,66.66666666666666,0.0,0.0,5,1,20.0,100.0,-14.5127,23.8034
pdf_level_reaction,10,level_first2bars_touch15_buf5_inst,UP,2,0.1,0.1,6,33.33333333333333,-8.126683333333334,-23.961150000000004,33.33333333333333,66.66666666666666,0.0,0.0,5,1,20.0,100.0,-14.5127,23.8034
pdf_level_reaction,10,level_first3bars_touch10_buf5_inst,UP,3,0.1,0.1,6,33.33333333333333,-8.126683333333334,-23.961150000000004,33.33333333333333,66.66666666666666,0.0,0.0,5,1,20.0,100.0,-14.5127,23.8034
pdf_level_reaction,10,level_first3bars_touch15_buf5_inst,UP,3,0.1,0.1,6,33.33333333333333,-8.126683333333334,-23.961150000000004,33.33333333333333,66.66666666666666,0.0,0.0,5,1,20.0,100.0,-14.5127,23.8034
pdf_level_reaction,10,level_first6bars_touch10_buf5_inst,UP,6,0.1,0.1,6,33.33333333333333,-8.126683333333334,-23.961150000000004,33.33333333333333,66.66666666666666,0.0,0.0,5,1,20.0,100.0,-14.5127,23.8034
pdf_level_reaction,15,level_first4bars_touch15_buf0_inst,UP,4,0.15,0.15,6,33.33333333333333,-12.088899999999997,-35.9137875,33.33333333333333,66.66666666666666,0.0,0.0,5,1,20.0,100.0,-21.65319,35.73255
pdf_level_reaction,15,level_first4bars_touch15_buf10_inst,UP,4,0.15,0.15,6,33.33333333333333,-12.136425000000001,-35.9384625,33.33333333333333,66.66666666666666,0.0,0.0,5,1,20.0,100.0,-21.71022,35.73255
pdf_level_reaction,10,level_first2bars_touch10_buf5_inst,UP,2,0.15,0.15,6,33.33333333333333,-12.190024999999999,-35.941725,33.33333333333333,66.66666666666666,0.0,0.0,5,1,20.0,100.0,-21.76905,35.7051
pdf_level_reaction,10,level_first2bars_touch15_buf5_inst,UP,2,0.15,0.15,6,33.33333333333333,-12.190024999999999,-35.941725,33.33333333333333,66.66666666666666,0.0,0.0,5,1,20.0,100.0,-21.76905,35.7051
pdf_level_reaction,10,level_first3bars_touch10_buf5_inst,UP,3,0.15,0.15,6,33.33333333333333,-12.190024999999999,-35.941725,33.33333333333333,66.66666666666666,0.0,0.0,5,1,20.0,100.0,-21.76905,35.7051
pdf_level_reaction,10,level_first3bars_touch15_buf5_inst,UP,3,0.15,0.15,6,33.33333333333333,-12.190024999999999,-35.941725,33.33333333333333,66.66666666666666,0.0,0.0,5,1,20.0,100.0,-21.76905,35.7051
pdf_level_reaction,10,level_first6bars_touch10_buf5_inst,UP,6,0.15,0.15,6,33.33333333333333,-12.190024999999999,-35.941725,33.33333333333333,66.66666666666666,0.0,0.0,5,1,20.0,100.0,-21.76905,35.7051
pdf_level_reaction,15,level_first4bars_touch15_buf0_inst,UP,4,0.2,0.2,6,33.33333333333333,-16.118533333333335,-47.88505,33.33333333333333,66.66666666666666,0.0,0.0,5,1,20.0,100.0,-28.87092,47.6434
pdf_level_reaction,15,level_first4bars_touch15_buf10_inst,UP,4,0.2,0.2,6,33.33333333333333,-16.181900000000002,-47.917950000000005,33.33333333333333,66.66666666666666,0.0,0.0,5,1,20.0,100.0,-28.94696,47.6434
pdf_level_reaction,10,level_first2bars_touch10_buf5_inst,UP,2,0.2,0.2,6,33.33333333333333,-16.25336666666667,-47.92230000000001,33.33333333333333,66.66666666666666,0.0,0.0,5,1,20.0,100.0,-29.0254,47.6068
pdf_level_reaction,10,level_first2bars_touch15_buf5_inst,UP,2,0.2,0.2,6,33.33333333333333,-16.25336666666667,-47.92230000000001,33.33333333333333,66.66666666666666,0.0,0.0,5,1,20.0,100.0,-29.0254,47.6068
pdf_level_reaction,10,level_first3bars_touch10_buf5_inst,UP,3,0.2,0.2,6,33.33333333333333,-16.25336666666667,-47.92230000000001,33.33333333333333,66.66666666666666,0.0,0.0,5,1,20.0,100.0,-29.0254,47.6068
pdf_level_reaction,10,level_first3bars_touch15_buf5_inst,UP,3,0.2,0.2,6,33.33333333333333,-16.25336666666667,-47.92230000000001,33.33333333333333,66.66666666666666,0.0,0.0,5,1,20.0,100.0,-29.0254,47.6068
pdf_level_reaction,10,level_first6bars_touch10_buf5_inst,UP,6,0.2,0.2,6,33.33333333333333,-16.25336666666667,-47.92230000000001,33.33333333333333,66.66666666666666,0.0,0.0,5,1,20.0,100.0,-29.0254,47.6068
pdf_level_reaction,15,level_first4bars_touch15_buf10_inst,UP,4,0.3,0.3,6,33.33333333333333,-24.272850000000002,-71.876925,33.33333333333333,66.66666666666666,0.0,0.0,5,1,20.0,100.0,-43.42044,71.4651
pdf_level_reaction,10,level_first2bars_touch10_buf5_inst,UP,2,0.3,0.3,6,33.33333333333333,-24.380049999999997,-71.88345,33.33333333333333,66.66666666666666,0.0,0.0,5,1,20.0,100.0,-43.5381,71.4102
pdf_level_reaction,10,level_first2bars_touch15_buf5_inst,UP,2,0.3,0.3,6,33.33333333333333,-24.380049999999997,-71.88345,33.33333333333333,66.66666666666666,0.0,0.0,5,1,20.0,100.0,-43.5381,71.4102
pdf_level_reaction,10,level_first3bars_touch10_buf5_inst,UP,3,0.3,0.3,6,33.33333333333333,-24.380049999999997,-71.88345,33.33333333333333,66.66666666666666,0.0,0.0,5,1,20.0,100.0,-43.5381,71.4102
pdf_level_reaction,10,level_first3bars_touch15_buf5_inst,UP,3,0.3,0.3,6,33.33333333333333,-24.380049999999997,-71.88345,33.33333333333333,66.66666666666666,0.0,0.0,5,1,20.0,100.0,-43.5381,71.4102
pdf_level_reaction,10,level_first6bars_touch10_buf5_inst,UP,6,0.3,0.3,6,33.33333333333333,-24.380049999999997,-71.88345,33.33333333333333,66.66666666666666,0.0,0.0,5,1,20.0,100.0,-43.5381,71.4102
pdf_level_reaction,15,level_first2bars_touch10_buf0_inst,UP,2,0.3,0.3,5,60.0,14.565630000000002,71.4651,60.0,40.0,0.0,0.0,4,1,50.0,100.0,0.3407625000000003,71.4651
pdf_level_reaction,15,level_first2bars_touch15_buf0_inst,UP,2,0.3,0.3,5,60.0,14.565630000000002,71.4651,60.0,40.0,0.0,0.0,4,1,50.0,100.0,0.3407625000000003,71.4651
pdf_level_reaction,15,level_first4bars_touch10_buf0_inst,UP,4,0.3,0.3,5,60.0,14.565630000000002,71.4651,60.0,40.0,0.0,0.0,4,1,50.0,100.0,0.3407625000000003,71.4651
pdf_level_reaction,15,level_first1bars_touch0_buf10_inst,DOWN,1,0.08,0.08,5,80.0,11.370536000000001,19.062920000000002,80.0,20.0,0.0,0.0,3,2,66.66666666666666,100.0,6.394386666666667,18.834760000000003
pdf_level_reaction,15,level_first1bars_touch5_buf10_inst,DOWN,1,0.08,0.08,5,80.0,11.370536000000001,19.062920000000002,80.0,20.0,0.0,0.0,3,2,66.66666666666666,100.0,6.394386666666667,18.834760000000003
pdf_level_reaction,15,level_first1bars_touch10_buf10_inst,DOWN,1,0.08,0.08,5,80.0,11.370536000000001,19.062920000000002,80.0,20.0,0.0,0.0,3,2,66.66666666666666,100.0,6.394386666666667,18.834760000000003
pdf_level_reaction,15,level_first1bars_touch15_buf10_inst,DOWN,1,0.08,0.08,5,80.0,11.370536000000001,19.062920000000002,80.0,20.0,0.0,0.0,3,2,66.66666666666666,100.0,6.394386666666667,18.834760000000003
pdf_level_reaction,10,level_first1bars_touch10_buf0_inst,UP,1,0.15,0.15,5,60.0,6.9963450000000025,35.51925,60.0,40.0,0.0,0.0,3,2,33.33333333333333,100.0,-12.080874999999997,35.612175
pdf_level_reaction,10,level_first1bars_touch15_buf0_inst,UP,1,0.15,0.15,5,60.0,6.9963450000000025,35.51925,60.0,40.0,0.0,0.0,3,2,33.33333333333333,100.0,-12.080874999999997,35.612175
pdf_level_reaction,10,level_first1bars_touch10_buf0_inst,UP,1,0.1,0.1,5,60.0,4.664230000000001,23.679500000000004,60.0,40.0,0.0,0.0,3,2,33.33333333333333,100.0,-8.053916666666668,23.74145
pdf_level_reaction,10,level_first1bars_touch15_buf0_inst,UP,1,0.1,0.1,5,60.0,4.664230000000001,23.679500000000004,60.0,40.0,0.0,0.0,3,2,33.33333333333333,100.0,-8.053916666666668,23.74145
pdf_level_reaction,15,level_first2bars_touch10_buf0_inst,UP,2,0.08,0.08,5,40.0,-3.853912,-18.96284,40.0,60.0,0.0,0.0,4,1,25.0,100.0,-9.58173,19.057360000000003
pdf_level_reaction,15,level_first2bars_touch15_buf0_inst,UP,2,0.08,0.08,5,40.0,-3.853912,-18.96284,40.0,60.0,0.0,0.0,4,1,25.0,100.0,-9.58173,19.057360000000003
pdf_level_reaction,15,level_first4bars_touch10_buf0_inst,UP,4,0.08,0.08,5,40.0,-3.853912,-18.96284,40.0,60.0,0.0,0.0,4,1,25.0,100.0,-9.58173,19.057360000000003
pdf_level_reaction,15,level_first4bars_touch15_buf5_inst,UP,4,0.08,0.08,5,40.0,-3.8678560000000006,-18.96284,40.0,60.0,0.0,0.0,4,1,25.0,100.0,-9.599160000000001,19.057360000000003
pdf_level_reaction,15,level_first2bars_touch10_buf10_inst,UP,2,0.08,0.08,5,40.0,-3.884327999999999,-18.96284,40.0,60.0,0.0,0.0,4,1,25.0,100.0,-9.61975,19.057360000000003
pdf_level_reaction,15,level_first2bars_touch15_buf10_inst,UP,2,0.08,0.08,5,40.0,-3.884327999999999,-18.96284,40.0,60.0,0.0,0.0,4,1,25.0,100.0,-9.61975,19.057360000000003
pdf_level_reaction,15,level_first4bars_touch10_buf10_inst,UP,4,0.08,0.08,5,40.0,-3.884327999999999,-18.96284,40.0,60.0,0.0,0.0,4,1,25.0,100.0,-9.61975,19.057360000000003
pdf_level_reaction,10,level_first2bars_touch5_buf5_inst,DOWN,2,0.08,0.08,5,40.0,-4.1248000000000005,-19.37624,40.0,60.0,0.0,0.0,3,2,0.0,100.0,-19.43392,18.83888
pdf_level_reaction,10,level_first2bars_touch10_buf5_inst,DOWN,2,0.08,0.08,5,40.0,-4.1248000000000005,-19.37624,40.0,60.0,0.0,0.0,3,2,0.0,100.0,-19.43392,18.83888
pdf_level_reaction,10,level_first2bars_touch15_buf5_inst,DOWN,2,0.08,0.08,5,40.0,-4.1248000000000005,-19.37624,40.0,60.0,0.0,0.0,3,2,0.0,100.0,-19.43392,18.83888
pdf_level_reaction,10,level_first3bars_touch5_buf5_inst,DOWN,3,0.08,0.08,5,40.0,-4.1248000000000005,-19.37624,40.0,60.0,0.0,0.0,3,2,0.0,100.0,-19.43392,18.83888
pdf_level_reaction,10,level_first3bars_touch10_buf5_inst,DOWN,3,0.08,0.08,5,40.0,-4.1248000000000005,-19.37624,40.0,60.0,0.0,0.0,3,2,0.0,100.0,-19.43392,18.83888
pdf_level_reaction,10,level_first3bars_touch15_buf5_inst,DOWN,3,0.08,0.08,5,40.0,-4.1248000000000005,-19.37624,40.0,60.0,0.0,0.0,3,2,0.0,100.0,-19.43392,18.83888
pdf_level_reaction,15,level_first2bars_touch10_buf0_inst,UP,2,0.1,0.1,5,40.0,-4.8173900000000005,-23.70355,40.0,60.0,0.0,0.0,4,1,25.0,100.0,-11.9771625,23.8217
pdf_level_reaction,15,level_first2bars_touch15_buf0_inst,UP,2,0.1,0.1,5,40.0,-4.8173900000000005,-23.70355,40.0,60.0,0.0,0.0,4,1,25.0,100.0,-11.9771625,23.8217
pdf_level_reaction,15,level_first4bars_touch10_buf0_inst,UP,4,0.1,0.1,5,40.0,-4.8173900000000005,-23.70355,40.0,60.0,0.0,0.0,4,1,25.0,100.0,-11.9771625,23.8217
pdf_level_reaction,15,level_first4bars_touch15_buf5_inst,UP,4,0.1,0.1,5,40.0,-4.834820000000001,-23.70355,40.0,60.0,0.0,0.0,4,1,25.0,100.0,-11.99895,23.8217
pdf_level_reaction,15,level_first2bars_touch10_buf10_inst,UP,2,0.1,0.1,5,40.0,-4.855409999999999,-23.70355,40.0,60.0,0.0,0.0,4,1,25.0,100.0,-12.024687499999999,23.8217
pdf_level_reaction,15,level_first2bars_touch15_buf10_inst,UP,2,0.1,0.1,5,40.0,-4.855409999999999,-23.70355,40.0,60.0,0.0,0.0,4,1,25.0,100.0,-12.024687499999999,23.8217
pdf_level_reaction,15,level_first4bars_touch10_buf10_inst,UP,4,0.1,0.1,5,40.0,-4.855409999999999,-23.70355,40.0,60.0,0.0,0.0,4,1,25.0,100.0,-12.024687499999999,23.8217
pdf_level_reaction,10,level_first6bars_touch5_buf0_inst,UP,6,0.1,0.1,5,40.0,-5.01112,-23.731400000000004,40.0,60.0,0.0,0.0,3,2,0.0,100.0,-24.1795,23.74145
pdf_level_reaction,15,level_first2bars_touch10_buf0_inst,UP,2,0.15,0.15,5,40.0,-7.226085,-35.555324999999996,40.0,60.0,0.0,0.0,4,1,25.0,100.0,-17.96574375,35.73255
pdf_level_reaction,15,level_first2bars_touch15_buf0_inst,UP,2,0.15,0.15,5,40.0,-7.226085,-35.555324999999996,40.0,60.0,0.0,0.0,4,1,25.0,100.0,-17.96574375,35.73255
pdf_level_reaction,15,level_first4bars_touch10_buf0_inst,UP,4,0.15,0.15,5,40.0,-7.226085,-35.555324999999996,40.0,60.0,0.0,0.0,4,1,25.0,100.0,-17.96574375,35.73255
pdf_level_reaction,15,level_first4bars_touch15_buf5_inst,UP,4,0.15,0.15,5,40.0,-7.252229999999997,-35.555324999999996,40.0,60.0,0.0,0.0,4,1,25.0,100.0,-17.998424999999997,35.73255
pdf_level_reaction,15,level_first2bars_touch10_buf10_inst,UP,2,0.15,0.15,5,40.0,-7.283114999999998,-35.555324999999996,40.0,60.0,0.0,0.0,4,1,25.0,100.0,-18.03703125,35.73255
pdf_level_reaction,15,level_first2bars_touch15_buf10_inst,UP,2,0.15,0.15,5,40.0,-7.283114999999998,-35.555324999999996,40.0,60.0,0.0,0.0,4,1,25.0,100.0,-18.03703125,35.73255
pdf_level_reaction,15,level_first4bars_touch10_buf10_inst,UP,4,0.15,0.15,5,40.0,-7.283114999999998,-35.555324999999996,40.0,60.0,0.0,0.0,4,1,25.0,100.0,-18.03703125,35.73255
pdf_level_reaction,10,level_first6bars_touch5_buf0_inst,UP,6,0.15,0.15,5,40.0,-7.516679999999999,-35.5971,40.0,60.0,0.0,0.0,3,2,0.0,100.0,-36.26925,35.612175
pdf_level_reaction,15,level_first2bars_touch10_buf0_inst,UP,2,0.2,0.2,5,40.0,-9.634780000000001,-47.4071,40.0,60.0,0.0,0.0,4,1,25.0,100.0,-23.954325,47.6434
pdf_level_reaction,15,level_first2bars_touch15_buf0_inst,UP,2,0.2,0.2,5,40.0,-9.634780000000001,-47.4071,40.0,60.0,0.0,0.0,4,1,25.0,100.0,-23.954325,47.6434
pdf_level_reaction,15,level_first4bars_touch10_buf0_inst,UP,4,0.2,0.2,5,40.0,-9.634780000000001,-47.4071,40.0,60.0,0.0,0.0,4,1,25.0,100.0,-23.954325,47.6434
pdf_level_reaction,15,level_first4bars_touch15_buf5_inst,UP,4,0.2,0.2,5,40.0,-9.669640000000001,-47.4071,40.0,60.0,0.0,0.0,4,1,25.0,100.0,-23.9979,47.6434
pdf_level_reaction,15,level_first2bars_touch10_buf10_inst,UP,2,0.2,0.2,5,40.0,-9.710819999999998,-47.4071,40.0,60.0,0.0,0.0,4,1,25.0,100.0,-24.049374999999998,47.6434
pdf_level_reaction,15,level_first2bars_touch15_buf10_inst,UP,2,0.2,0.2,5,40.0,-9.710819999999998,-47.4071,40.0,60.0,0.0,0.0,4,1,25.0,100.0,-24.049374999999998,47.6434
pdf_level_reaction,15,level_first4bars_touch10_buf10_inst,UP,4,0.2,0.2,5,40.0,-9.710819999999998,-47.4071,40.0,60.0,0.0,0.0,4,1,25.0,100.0,-24.049374999999998,47.6434
pdf_level_reaction,10,level_first6bars_touch5_buf5_inst,UP,6,0.08,0.08,5,20.0,-11.66816,-19.35272,20.0,80.0,0.0,0.0,4,1,0.0,100.0,-19.34588,19.042720000000003
pdf_level_reaction,15,level_first4bars_touch15_buf5_inst,UP,4,0.3,0.3,5,40.0,-14.504459999999995,-71.11064999999999,40.0,60.0,0.0,0.0,4,1,25.0,100.0,-35.996849999999995,71.4651
pdf_level_reaction,15,level_first2bars_touch10_buf10_inst,UP,2,0.3,0.3,5,40.0,-14.566229999999996,-71.11064999999999,40.0,60.0,0.0,0.0,4,1,25.0,100.0,-36.0740625,71.4651
pdf_level_reaction,15,level_first2bars_touch15_buf10_inst,UP,2,0.3,0.3,5,40.0,-14.566229999999996,-71.11064999999999,40.0,60.0,0.0,0.0,4,1,25.0,100.0,-36.0740625,71.4651
pdf_level_reaction,15,level_first4bars_touch10_buf10_inst,UP,4,0.3,0.3,5,40.0,-14.566229999999996,-71.11064999999999,40.0,60.0,0.0,0.0,4,1,25.0,100.0,-36.0740625,71.4651
pdf_level_reaction,10,level_first6bars_touch5_buf5_inst,UP,6,0.1,0.1,5,20.0,-14.5852,-24.190900000000003,20.0,80.0,0.0,0.0,4,1,0.0,100.0,-24.18235,23.8034
pdf_level_reaction,10,level_first6bars_touch5_buf5_inst,UP,6,0.15,0.15,5,20.0,-21.8778,-36.28635,20.0,80.0,0.0,0.0,4,1,0.0,100.0,-36.273525,35.7051
pdf_level_reaction,10,level_first6bars_touch5_buf5_inst,UP,6,0.2,0.2,5,20.0,-29.1704,-48.381800000000005,20.0,80.0,0.0,0.0,4,1,0.0,100.0,-48.3647,47.6068
pdf_level_reaction,10,level_first6bars_touch5_buf5_inst,UP,6,0.3,0.3,5,20.0,-43.7556,-72.5727,20.0,80.0,0.0,0.0,4,1,0.0,100.0,-72.54705,71.4102
pdf_level_reaction,15,level_first1bars_touch10_buf0_inst,UP,1,0.3,0.3,4,75.0,36.36783750000001,72.0048,75.0,25.0,0.0,0.0,3,1,66.66666666666666,100.0,24.668750000000003,71.4651
pdf_level_reaction,15,level_first1bars_touch15_buf0_inst,UP,1,0.3,0.3,4,75.0,36.36783750000001,72.0048,75.0,25.0,0.0,0.0,3,1,66.66666666666666,100.0,24.668750000000003,71.4651
pdf_level_reaction,15,level_first1bars_touch0_buf10_all,UP,1,0.3,0.3,4,75.0,33.45265000000018,66.72807500000036,50.0,25.0,25.0,0.0,2,2,50.0,100.0,-3.7053249999996325,70.610625
pdf_level_reaction,15,level_first1bars_touch5_buf10_all,UP,1,0.3,0.3,4,75.0,33.45265000000018,66.72807500000036,50.0,25.0,25.0,0.0,2,2,50.0,100.0,-3.7053249999996325,70.610625
pdf_level_reaction,15,level_first4bars_touch5_buf0_inst,UP,4,0.3,0.3,4,50.0,0.08707500000000579,0.17722500000000707,50.0,50.0,0.0,0.0,3,1,33.33333333333333,100.0,-23.705599999999993,71.4651
pdf_level_reaction,15,level_first2bars_touch10_buf5_inst,UP,2,0.3,0.3,4,50.0,0.07091250000000215,0.17722500000000707,50.0,50.0,0.0,0.0,3,1,33.33333333333333,100.0,-23.727149999999998,71.4651
pdf_level_reaction,15,level_first2bars_touch15_buf5_inst,UP,2,0.3,0.3,4,50.0,0.07091250000000215,0.17722500000000707,50.0,50.0,0.0,0.0,3,1,33.33333333333333,100.0,-23.727149999999998,71.4651
pdf_level_reaction,15,level_first4bars_touch10_buf5_inst,UP,4,0.3,0.3,4,50.0,0.07091250000000215,0.17722500000000707,50.0,50.0,0.0,0.0,3,1,33.33333333333333,100.0,-23.727149999999998,71.4651
pdf_level_reaction,15,level_first1bars_touch10_buf0_inst,UP,1,0.2,0.2,4,50.0,0.06372499999999981,0.11814999999999998,50.0,50.0,0.0,0.0,3,1,33.33333333333333,100.0,-15.796166666666666,47.6434
pdf_level_reaction,15,level_first1bars_touch15_buf0_inst,UP,1,0.2,0.2,4,50.0,0.06372499999999981,0.11814999999999998,50.0,50.0,0.0,0.0,3,1,33.33333333333333,100.0,-15.796166666666666,47.6434
pdf_level_reaction,15,level_first1bars_touch10_buf0_inst,UP,1,0.15,0.15,4,50.0,0.04779375000000208,0.08861250000000354,50.0,50.0,0.0,0.0,3,1,33.33333333333333,100.0,-11.847124999999998,35.73255
pdf_level_reaction,15,level_first1bars_touch15_buf0_inst,UP,1,0.15,0.15,4,50.0,0.04779375000000208,0.08861250000000354,50.0,50.0,0.0,0.0,3,1,33.33333333333333,100.0,-11.847124999999998,35.73255
pdf_level_reaction,15,level_first2bars_touch10_buf5_inst,UP,2,0.2,0.2,4,50.0,0.04727499999999907,0.11814999999999998,50.0,50.0,0.0,0.0,3,1,33.33333333333333,100.0,-15.818100000000001,47.6434
pdf_level_reaction,15,level_first2bars_touch15_buf5_inst,UP,2,0.2,0.2,4,50.0,0.04727499999999907,0.11814999999999998,50.0,50.0,0.0,0.0,3,1,33.33333333333333,100.0,-15.818100000000001,47.6434
pdf_level_reaction,15,level_first4bars_touch10_buf5_inst,UP,4,0.2,0.2,4,50.0,0.04727499999999907,0.11814999999999998,50.0,50.0,0.0,0.0,3,1,33.33333333333333,100.0,-15.818100000000001,47.6434
pdf_level_reaction,15,level_first2bars_touch10_buf5_inst,UP,2,0.15,0.15,4,50.0,0.03545625000000108,0.08861250000000354,50.0,50.0,0.0,0.0,3,1,33.33333333333333,100.0,-11.863574999999999,35.73255
pdf_level_reaction,15,level_first2bars_touch15_buf5_inst,UP,2,0.15,0.15,4,50.0,0.03545625000000108,0.08861250000000354,50.0,50.0,0.0,0.0,3,1,33.33333333333333,100.0,-11.863574999999999,35.73255
pdf_level_reaction,15,level_first4bars_touch10_buf5_inst,UP,4,0.15,0.15,4,50.0,0.03545625000000108,0.08861250000000354,50.0,50.0,0.0,0.0,3,1,33.33333333333333,100.0,-11.863574999999999,35.73255
pdf_level_reaction,15,level_first1bars_touch10_buf0_inst,UP,1,0.1,0.1,4,50.0,0.031862499999999905,0.05907499999999999,50.0,50.0,0.0,0.0,3,1,33.33333333333333,100.0,-7.898083333333333,23.8217
pdf_level_reaction,15,level_first1bars_touch15_buf0_inst,UP,1,0.1,0.1,4,50.0,0.031862499999999905,0.05907499999999999,50.0,50.0,0.0,0.0,3,1,33.33333333333333,100.0,-7.898083333333333,23.8217
pdf_level_reaction,15,level_first1bars_touch10_buf0_inst,UP,1,0.08,0.08,4,50.0,0.025490000000000457,0.04726000000000141,50.0,50.0,0.0,0.0,3,1,33.33333333333333,100.0,-6.318466666666667,19.057360000000003
pdf_level_reaction,15,level_first1bars_touch15_buf0_inst,UP,1,0.08,0.08,4,50.0,0.025490000000000457,0.04726000000000141,50.0,50.0,0.0,0.0,3,1,33.33333333333333,100.0,-6.318466666666667,19.057360000000003
pdf_level_reaction,15,level_first2bars_touch10_buf5_inst,UP,2,0.1,0.1,4,50.0,0.023637499999999534,0.05907499999999999,50.0,50.0,0.0,0.0,3,1,33.33333333333333,100.0,-7.909050000000001,23.8217
pdf_level_reaction,15,level_first2bars_touch15_buf5_inst,UP,2,0.1,0.1,4,50.0,0.023637499999999534,0.05907499999999999,50.0,50.0,0.0,0.0,3,1,33.33333333333333,100.0,-7.909050000000001,23.8217
pdf_level_reaction,15,level_first4bars_touch10_buf5_inst,UP,4,0.1,0.1,4,50.0,0.023637499999999534,0.05907499999999999,50.0,50.0,0.0,0.0,3,1,33.33333333333333,100.0,-7.909050000000001,23.8217
pdf_level_reaction,15,level_first2bars_touch10_buf5_inst,UP,2,0.08,0.08,4,50.0,0.018909999999999982,0.04726000000000141,50.0,50.0,0.0,0.0,3,1,33.33333333333333,100.0,-6.327240000000001,19.057360000000003
pdf_level_reaction,15,level_first2bars_touch15_buf5_inst,UP,2,0.08,0.08,4,50.0,0.018909999999999982,0.04726000000000141,50.0,50.0,0.0,0.0,3,1,33.33333333333333,100.0,-6.327240000000001,19.057360000000003
pdf_level_reaction,15,level_first4bars_touch10_buf5_inst,UP,4,0.08,0.08,4,50.0,0.018909999999999982,0.04726000000000141,50.0,50.0,0.0,0.0,3,1,33.33333333333333,100.0,-6.327240000000001,19.057360000000003
pdf_level_reaction,10,level_first1bars_touch10_buf5_inst,UP,1,0.08,0.08,4,50.0,-0.07167000000000012,0.02880000000000038,50.0,50.0,0.0,0.0,3,1,33.33333333333333,100.0,-6.443133333333335,19.042720000000003
pdf_level_reaction,10,level_first1bars_touch15_buf5_inst,UP,1,0.08,0.08,4,50.0,-0.07167000000000012,0.02880000000000038,50.0,50.0,0.0,0.0,3,1,33.33333333333333,100.0,-6.443133333333335,19.042720000000003
pdf_level_reaction,10,level_first1bars_touch10_buf5_inst,UP,1,0.1,0.1,4,50.0,-0.08958750000000038,0.03599999999999781,50.0,50.0,0.0,0.0,3,1,33.33333333333333,100.0,-8.053916666666668,23.8034
pdf_level_reaction,10,level_first1bars_touch15_buf5_inst,UP,1,0.1,0.1,4,50.0,-0.08958750000000038,0.03599999999999781,50.0,50.0,0.0,0.0,3,1,33.33333333333333,100.0,-8.053916666666668,23.8034
pdf_level_reaction,10,level_first1bars_touch10_buf5_inst,UP,1,0.15,0.15,4,50.0,-0.134381249999997,0.054000000000002046,50.0,50.0,0.0,0.0,3,1,33.33333333333333,100.0,-12.080874999999997,35.7051
pdf_level_reaction,10,level_first1bars_touch15_buf5_inst,UP,1,0.15,0.15,4,50.0,-0.134381249999997,0.054000000000002046,50.0,50.0,0.0,0.0,3,1,33.33333333333333,100.0,-12.080874999999997,35.7051
pdf_level_reaction,15,level_first1bars_touch0_buf10_all,UP,1,0.1,0.1,4,50.0,-0.14243750000000066,-0.22574999999999967,50.0,50.0,0.0,0.0,2,2,0.0,100.0,-23.82175,23.536875000000002
pdf_level_reaction,15,level_first1bars_touch5_buf10_all,UP,1,0.1,0.1,4,50.0,-0.14243750000000066,-0.22574999999999967,50.0,50.0,0.0,0.0,2,2,0.0,100.0,-23.82175,23.536875000000002
pdf_level_reaction,10,level_first1bars_touch10_buf5_inst,UP,1,0.2,0.2,4,50.0,-0.17917500000000075,0.07199999999999562,50.0,50.0,0.0,0.0,3,1,33.33333333333333,100.0,-16.107833333333335,47.6068
pdf_level_reaction,10,level_first1bars_touch15_buf5_inst,UP,1,0.2,0.2,4,50.0,-0.17917500000000075,0.07199999999999562,50.0,50.0,0.0,0.0,3,1,33.33333333333333,100.0,-16.107833333333335,47.6068
pdf_level_reaction,15,level_first1bars_touch0_buf10_all,UP,1,0.15,0.15,4,50.0,-0.21365624999999966,-0.3386250000000004,50.0,50.0,0.0,0.0,2,2,0.0,100.0,-35.732625,35.3053125
pdf_level_reaction,15,level_first1bars_touch5_buf10_all,UP,1,0.15,0.15,4,50.0,-0.21365624999999966,-0.3386250000000004,50.0,50.0,0.0,0.0,2,2,0.0,100.0,-35.732625,35.3053125
pdf_level_reaction,10,level_first1bars_touch5_buf0_inst,UP,1,0.1,0.1,4,50.0,-0.21608749999999954,-0.025949999999999918,50.0,50.0,0.0,0.0,2,2,0.0,100.0,-24.173625,23.74145
pdf_level_reaction,10,level_first2bars_touch5_buf0_inst,UP,2,0.1,0.1,4,50.0,-0.21608749999999954,-0.025949999999999918,50.0,50.0,0.0,0.0,2,2,0.0,100.0,-24.173625,23.74145
pdf_level_reaction,10,level_first3bars_touch5_buf0_inst,UP,3,0.1,0.1,4,50.0,-0.21608749999999954,-0.025949999999999918,50.0,50.0,0.0,0.0,2,2,0.0,100.0,-24.173625,23.74145
pdf_level_reaction,10,level_first1bars_touch10_buf5_inst,UP,1,0.3,0.3,4,50.0,-0.268762499999994,0.10800000000000409,50.0,50.0,0.0,0.0,3,1,33.33333333333333,100.0,-24.161749999999994,71.4102
pdf_level_reaction,10,level_first1bars_touch15_buf5_inst,UP,1,0.3,0.3,4,50.0,-0.268762499999994,0.10800000000000409,50.0,50.0,0.0,0.0,3,1,33.33333333333333,100.0,-24.161749999999994,71.4102
pdf_level_reaction,15,level_first1bars_touch0_buf10_all,UP,1,0.2,0.2,4,50.0,-0.2848750000000013,-0.45149999999999935,50.0,50.0,0.0,0.0,2,2,0.0,100.0,-47.6435,47.073750000000004
pdf_level_reaction,15,level_first1bars_touch5_buf10_all,UP,1,0.2,0.2,4,50.0,-0.2848750000000013,-0.45149999999999935,50.0,50.0,0.0,0.0,2,2,0.0,100.0,-47.6435,47.073750000000004
pdf_level_reaction,10,level_first2bars_touch0_buf5_inst,DOWN,2,0.08,0.08,4,50.0,-0.29355000000000153,-0.38453999999999944,50.0,50.0,0.0,0.0,2,2,0.0,100.0,-19.425980000000003,18.83888
pdf_level_reaction,10,level_first3bars_touch0_buf5_inst,DOWN,3,0.08,0.08,4,50.0,-0.29355000000000153,-0.38453999999999944,50.0,50.0,0.0,0.0,2,2,0.0,100.0,-19.425980000000003,18.83888
pdf_level_reaction,10,level_first1bars_touch5_buf0_inst,UP,1,0.15,0.15,4,50.0,-0.3241312499999971,-0.03892499999999899,50.0,50.0,0.0,0.0,2,2,0.0,100.0,-36.260437499999995,35.612175
pdf_level_reaction,10,level_first2bars_touch5_buf0_inst,UP,2,0.15,0.15,4,50.0,-0.3241312499999971,-0.03892499999999899,50.0,50.0,0.0,0.0,2,2,0.0,100.0,-36.260437499999995,35.612175
pdf_level_reaction,10,level_first3bars_touch5_buf0_inst,UP,3,0.15,0.15,4,50.0,-0.3241312499999971,-0.03892499999999899,50.0,50.0,0.0,0.0,2,2,0.0,100.0,-36.260437499999995,35.612175
pdf_level_reaction,15,level_first4bars_touch5_buf0_inst,UP,4,0.08,0.08,4,25.0,-9.649379999999999,-19.15402,25.0,75.0,0.0,0.0,3,1,0.0,100.0,-19.21829333333333,19.057360000000003
pdf_level_reaction,10,level_first2bars_touch0_buf5_inst,UP,2,0.08,0.08,4,25.0,-9.746950000000002,-19.16892,25.0,75.0,0.0,0.0,3,1,0.0,100.0,-19.34350666666667,19.042720000000003
pdf_level_reaction,10,level_first2bars_touch5_buf5_inst,UP,2,0.08,0.08,4,25.0,-9.746950000000002,-19.16892,25.0,75.0,0.0,0.0,3,1,0.0,100.0,-19.34350666666667,19.042720000000003
pdf_level_reaction,10,level_first3bars_touch0_buf5_inst,UP,3,0.08,0.08,4,25.0,-9.746950000000002,-19.16892,25.0,75.0,0.0,0.0,3,1,0.0,100.0,-19.34350666666667,19.042720000000003
pdf_level_reaction,10,level_first3bars_touch5_buf5_inst,UP,3,0.08,0.08,4,25.0,-9.746950000000002,-19.16892,25.0,75.0,0.0,0.0,3,1,0.0,100.0,-19.34350666666667,19.042720000000003
pdf_level_reaction,10,level_first6bars_touch0_buf5_inst,UP,6,0.08,0.08,4,25.0,-9.746950000000002,-19.16892,25.0,75.0,0.0,0.0,3,1,0.0,100.0,-19.34350666666667,19.042720000000003
pdf_level_reaction,15,level_first4bars_touch5_buf0_inst,UP,4,0.1,0.1,4,25.0,-12.061725000000001,-23.942525,25.0,75.0,0.0,0.0,3,1,0.0,100.0,-24.02286666666667,23.8217
pdf_level_reaction,10,level_first2bars_touch0_buf5_inst,UP,2,0.1,0.1,4,25.0,-12.183687500000001,-23.961150000000004,25.0,75.0,0.0,0.0,3,1,0.0,100.0,-24.179383333333334,23.8034
pdf_level_reaction,10,level_first2bars_touch5_buf5_inst,UP,2,0.1,0.1,4,25.0,-12.183687500000001,-23.961150000000004,25.0,75.0,0.0,0.0,3,1,0.0,100.0,-24.179383333333334,23.8034
pdf_level_reaction,10,level_first3bars_touch0_buf5_inst,UP,3,0.1,0.1,4,25.0,-12.183687500000001,-23.961150000000004,25.0,75.0,0.0,0.0,3,1,0.0,100.0,-24.179383333333334,23.8034
pdf_level_reaction,10,level_first3bars_touch5_buf5_inst,UP,3,0.1,0.1,4,25.0,-12.183687500000001,-23.961150000000004,25.0,75.0,0.0,0.0,3,1,0.0,100.0,-24.179383333333334,23.8034
pdf_level_reaction,10,level_first6bars_touch0_buf5_inst,UP,6,0.1,0.1,4,25.0,-12.183687500000001,-23.961150000000004,25.0,75.0,0.0,0.0,3,1,0.0,100.0,-24.179383333333334,23.8034
pdf_level_reaction,15,level_first4bars_touch5_buf0_inst,UP,4,0.15,0.15,4,25.0,-18.092587499999997,-35.9137875,25.0,75.0,0.0,0.0,3,1,0.0,100.0,-36.034299999999995,35.73255
pdf_level_reaction,10,level_first2bars_touch0_buf5_inst,UP,2,0.15,0.15,4,25.0,-18.275531249999997,-35.941725,25.0,75.0,0.0,0.0,3,1,0.0,100.0,-36.269074999999994,35.7051
pdf_level_reaction,10,level_first2bars_touch5_buf5_inst,UP,2,0.15,0.15,4,25.0,-18.275531249999997,-35.941725,25.0,75.0,0.0,0.0,3,1,0.0,100.0,-36.269074999999994,35.7051
pdf_level_reaction,10,level_first3bars_touch0_buf5_inst,UP,3,0.15,0.15,4,25.0,-18.275531249999997,-35.941725,25.0,75.0,0.0,0.0,3,1,0.0,100.0,-36.269074999999994,35.7051
pdf_level_reaction,10,level_first3bars_touch5_buf5_inst,UP,3,0.15,0.15,4,25.0,-18.275531249999997,-35.941725,25.0,75.0,0.0,0.0,3,1,0.0,100.0,-36.269074999999994,35.7051
pdf_level_reaction,10,level_first6bars_touch0_buf5_inst,UP,6,0.15,0.15,4,25.0,-18.275531249999997,-35.941725,25.0,75.0,0.0,0.0,3,1,0.0,100.0,-36.269074999999994,35.7051
pdf_level_reaction,15,level_first4bars_touch5_buf0_inst,UP,4,0.2,0.2,4,25.0,-24.123450000000002,-47.88505,25.0,75.0,0.0,0.0,3,1,0.0,100.0,-48.04573333333334,47.6434
pdf_level_reaction,10,level_first2bars_touch0_buf5_inst,UP,2,0.2,0.2,4,25.0,-24.367375000000003,-47.92230000000001,25.0,75.0,0.0,0.0,3,1,0.0,100.0,-48.35876666666667,47.6068
pdf_level_reaction,10,level_first2bars_touch5_buf5_inst,UP,2,0.2,0.2,4,25.0,-24.367375000000003,-47.92230000000001,25.0,75.0,0.0,0.0,3,1,0.0,100.0,-48.35876666666667,47.6068
pdf_level_reaction,10,level_first3bars_touch0_buf5_inst,UP,3,0.2,0.2,4,25.0,-24.367375000000003,-47.92230000000001,25.0,75.0,0.0,0.0,3,1,0.0,100.0,-48.35876666666667,47.6068
pdf_level_reaction,10,level_first3bars_touch5_buf5_inst,UP,3,0.2,0.2,4,25.0,-24.367375000000003,-47.92230000000001,25.0,75.0,0.0,0.0,3,1,0.0,100.0,-48.35876666666667,47.6068
pdf_level_reaction,10,level_first6bars_touch0_buf5_inst,UP,6,0.2,0.2,4,25.0,-24.367375000000003,-47.92230000000001,25.0,75.0,0.0,0.0,3,1,0.0,100.0,-48.35876666666667,47.6068
pdf_level_reaction,10,level_first2bars_touch0_buf5_inst,UP,2,0.3,0.3,4,25.0,-36.55106249999999,-71.88345,25.0,75.0,0.0,0.0,3,1,0.0,100.0,-72.53814999999999,71.4102
pdf_level_reaction,10,level_first2bars_touch5_buf5_inst,UP,2,0.3,0.3,4,25.0,-36.55106249999999,-71.88345,25.0,75.0,0.0,0.0,3,1,0.0,100.0,-72.53814999999999,71.4102
pdf_level_reaction,10,level_first3bars_touch0_buf5_inst,UP,3,0.3,0.3,4,25.0,-36.55106249999999,-71.88345,25.0,75.0,0.0,0.0,3,1,0.0,100.0,-72.53814999999999,71.4102
pdf_level_reaction,10,level_first3bars_touch5_buf5_inst,UP,3,0.3,0.3,4,25.0,-36.55106249999999,-71.88345,25.0,75.0,0.0,0.0,3,1,0.0,100.0,-72.53814999999999,71.4102
pdf_level_reaction,10,level_first6bars_touch0_buf5_inst,UP,6,0.3,0.3,4,25.0,-36.55106249999999,-71.88345,25.0,75.0,0.0,0.0,3,1,0.0,100.0,-72.53814999999999,71.4102
pdf_level_reaction,15,level_first1bars_touch10_buf5_inst,UP,1,0.3,0.3,3,66.66666666666666,24.308950000000006,71.4651,66.66666666666666,33.33333333333333,0.0,0.0,2,1,50.0,100.0,0.7308750000000046,71.4651
pdf_level_reaction,15,level_first1bars_touch10_buf10_inst,UP,1,0.3,0.3,3,66.66666666666666,24.308950000000006,71.4651,66.66666666666666,33.33333333333333,0.0,0.0,2,1,50.0,100.0,0.7308750000000046,71.4651
pdf_level_reaction,15,level_first1bars_touch15_buf5_inst,UP,1,0.3,0.3,3,66.66666666666666,24.308950000000006,71.4651,66.66666666666666,33.33333333333333,0.0,0.0,2,1,50.0,100.0,0.7308750000000046,71.4651
pdf_level_reaction,15,level_first1bars_touch15_buf10_inst,UP,1,0.3,0.3,3,66.66666666666666,24.308950000000006,71.4651,66.66666666666666,33.33333333333333,0.0,0.0,2,1,50.0,100.0,0.7308750000000046,71.4651
pdf_level_reaction,15,level_first1bars_touch0_buf0_inst,UP,1,0.3,0.3,3,66.66666666666666,24.299650000000003,71.4651,66.66666666666666,33.33333333333333,0.0,0.0,2,1,50.0,100.0,0.7169250000000034,71.4651
pdf_level_reaction,15,level_first1bars_touch5_buf0_inst,UP,1,0.3,0.3,3,66.66666666666666,24.299650000000003,71.4651,66.66666666666666,33.33333333333333,0.0,0.0,2,1,50.0,100.0,0.7169250000000034,71.4651
pdf_level_reaction,15,level_first2bars_touch0_buf0_inst,UP,2,0.3,0.3,3,66.66666666666666,24.299650000000003,71.4651,66.66666666666666,33.33333333333333,0.0,0.0,2,1,50.0,100.0,0.7169250000000034,71.4651
pdf_level_reaction,15,level_first2bars_touch5_buf0_inst,UP,2,0.3,0.3,3,66.66666666666666,24.299650000000003,71.4651,66.66666666666666,33.33333333333333,0.0,0.0,2,1,50.0,100.0,0.7169250000000034,71.4651
pdf_level_reaction,15,level_first4bars_touch0_buf0_inst,UP,4,0.3,0.3,3,66.66666666666666,24.299650000000003,71.4651,66.66666666666666,33.33333333333333,0.0,0.0,2,1,50.0,100.0,0.7169250000000034,71.4651
pdf_level_reaction,15,level_first1bars_touch10_buf5_inst,UP,1,0.2,0.2,3,66.66666666666666,16.205966666666665,47.6434,66.66666666666666,33.33333333333333,0.0,0.0,2,1,50.0,100.0,0.4872499999999995,47.6434
pdf_level_reaction,15,level_first1bars_touch10_buf10_inst,UP,1,0.2,0.2,3,66.66666666666666,16.205966666666665,47.6434,66.66666666666666,33.33333333333333,0.0,0.0,2,1,50.0,100.0,0.4872499999999995,47.6434
pdf_level_reaction,15,level_first1bars_touch15_buf5_inst,UP,1,0.2,0.2,3,66.66666666666666,16.205966666666665,47.6434,66.66666666666666,33.33333333333333,0.0,0.0,2,1,50.0,100.0,0.4872499999999995,47.6434
pdf_level_reaction,15,level_first1bars_touch15_buf10_inst,UP,1,0.2,0.2,3,66.66666666666666,16.205966666666665,47.6434,66.66666666666666,33.33333333333333,0.0,0.0,2,1,50.0,100.0,0.4872499999999995,47.6434
pdf_level_reaction,15,level_first1bars_touch10_buf5_inst,UP,1,0.15,0.15,3,66.66666666666666,12.154475000000003,35.73255,66.66666666666666,33.33333333333333,0.0,0.0,2,1,50.0,100.0,0.3654375000000023,35.73255
pdf_level_reaction,15,level_first1bars_touch10_buf10_inst,UP,1,0.15,0.15,3,66.66666666666666,12.154475000000003,35.73255,66.66666666666666,33.33333333333333,0.0,0.0,2,1,50.0,100.0,0.3654375000000023,35.73255
pdf_level_reaction,15,level_first1bars_touch15_buf5_inst,UP,1,0.15,0.15,3,66.66666666666666,12.154475000000003,35.73255,66.66666666666666,33.33333333333333,0.0,0.0,2,1,50.0,100.0,0.3654375000000023,35.73255
pdf_level_reaction,15,level_first1bars_touch15_buf10_inst,UP,1,0.15,0.15,3,66.66666666666666,12.154475000000003,35.73255,66.66666666666666,33.33333333333333,0.0,0.0,2,1,50.0,100.0,0.3654375000000023,35.73255
pdf_level_reaction,15,level_first1bars_touch10_buf5_inst,UP,1,0.1,0.1,3,66.66666666666666,8.102983333333333,23.8217,66.66666666666666,33.33333333333333,0.0,0.0,2,1,50.0,100.0,0.24362499999999976,23.8217
pdf_level_reaction,15,level_first1bars_touch10_buf10_inst,UP,1,0.1,0.1,3,66.66666666666666,8.102983333333333,23.8217,66.66666666666666,33.33333333333333,0.0,0.0,2,1,50.0,100.0,0.24362499999999976,23.8217
pdf_level_reaction,15,level_first1bars_touch15_buf5_inst,UP,1,0.1,0.1,3,66.66666666666666,8.102983333333333,23.8217,66.66666666666666,33.33333333333333,0.0,0.0,2,1,50.0,100.0,0.24362499999999976,23.8217
pdf_level_reaction,15,level_first1bars_touch15_buf10_inst,UP,1,0.1,0.1,3,66.66666666666666,8.102983333333333,23.8217,66.66666666666666,33.33333333333333,0.0,0.0,2,1,50.0,100.0,0.24362499999999976,23.8217
pdf_level_reaction,15,level_first1bars_touch10_buf5_inst,UP,1,0.08,0.08,3,66.66666666666666,6.482386666666667,19.057360000000003,66.66666666666666,33.33333333333333,0.0,0.0,2,1,50.0,100.0,0.19489999999999874,19.057360000000003
pdf_level_reaction,15,level_first1bars_touch10_buf10_inst,UP,1,0.08,0.08,3,66.66666666666666,6.482386666666667,19.057360000000003,66.66666666666666,33.33333333333333,0.0,0.0,2,1,50.0,100.0,0.19489999999999874,19.057360000000003
pdf_level_reaction,15,level_first1bars_touch15_buf5_inst,UP,1,0.08,0.08,3,66.66666666666666,6.482386666666667,19.057360000000003,66.66666666666666,33.33333333333333,0.0,0.0,2,1,50.0,100.0,0.19489999999999874,19.057360000000003
pdf_level_reaction,15,level_first1bars_touch15_buf10_inst,UP,1,0.08,0.08,3,66.66666666666666,6.482386666666667,19.057360000000003,66.66666666666666,33.33333333333333,0.0,0.0,2,1,50.0,100.0,0.19489999999999874,19.057360000000003
pdf_level_reaction,10,level_first1bars_touch0_buf5_inst,DOWN,1,0.08,0.08,3,66.66666666666666,6.100506666666667,18.60716,66.66666666666666,33.33333333333333,0.0,0.0,1,2,0.0,100.0,-19.37624,18.83888
pdf_level_reaction,10,level_first1bars_touch5_buf5_inst,DOWN,1,0.08,0.08,3,66.66666666666666,6.100506666666667,18.60716,66.66666666666666,33.33333333333333,0.0,0.0,1,2,0.0,100.0,-19.37624,18.83888
pdf_level_reaction,10,level_first1bars_touch10_buf5_inst,DOWN,1,0.08,0.08,3,66.66666666666666,6.100506666666667,18.60716,66.66666666666666,33.33333333333333,0.0,0.0,1,2,0.0,100.0,-19.37624,18.83888
pdf_level_reaction,10,level_first1bars_touch15_buf5_inst,DOWN,1,0.08,0.08,3,66.66666666666666,6.100506666666667,18.60716,66.66666666666666,33.33333333333333,0.0,0.0,1,2,0.0,100.0,-19.37624,18.83888
pdf_level_reaction,15,level_first1bars_touch0_buf0_inst,UP,1,0.08,0.08,3,33.33333333333333,-6.416893333333332,-18.96284,33.33333333333333,66.66666666666666,0.0,0.0,2,1,0.0,100.0,-19.15402,19.057360000000003
pdf_level_reaction,15,level_first1bars_touch5_buf0_inst,UP,1,0.08,0.08,3,33.33333333333333,-6.416893333333332,-18.96284,33.33333333333333,66.66666666666666,0.0,0.0,2,1,0.0,100.0,-19.15402,19.057360000000003
pdf_level_reaction,15,level_first2bars_touch0_buf0_inst,UP,2,0.08,0.08,3,33.33333333333333,-6.416893333333332,-18.96284,33.33333333333333,66.66666666666666,0.0,0.0,2,1,0.0,100.0,-19.15402,19.057360000000003
pdf_level_reaction,15,level_first2bars_touch5_buf0_inst,UP,2,0.08,0.08,3,33.33333333333333,-6.416893333333332,-18.96284,33.33333333333333,66.66666666666666,0.0,0.0,2,1,0.0,100.0,-19.15402,19.057360000000003
pdf_level_reaction,15,level_first4bars_touch0_buf0_inst,UP,4,0.08,0.08,3,33.33333333333333,-6.416893333333332,-18.96284,33.33333333333333,66.66666666666666,0.0,0.0,2,1,0.0,100.0,-19.15402,19.057360000000003
pdf_level_reaction,15,level_first2bars_touch0_buf10_inst,UP,2,0.08,0.08,3,33.33333333333333,-6.467586666666667,-18.96284,33.33333333333333,66.66666666666666,0.0,0.0,2,1,0.0,100.0,-19.23006,19.057360000000003
pdf_level_reaction,15,level_first2bars_touch5_buf10_inst,UP,2,0.08,0.08,3,33.33333333333333,-6.467586666666667,-18.96284,33.33333333333333,66.66666666666666,0.0,0.0,2,1,0.0,100.0,-19.23006,19.057360000000003
pdf_level_reaction,15,level_first4bars_touch0_buf10_inst,UP,4,0.08,0.08,3,33.33333333333333,-6.467586666666667,-18.96284,33.33333333333333,66.66666666666666,0.0,0.0,2,1,0.0,100.0,-19.23006,19.057360000000003
pdf_level_reaction,15,level_first4bars_touch5_buf10_inst,UP,4,0.08,0.08,3,33.33333333333333,-6.467586666666667,-18.96284,33.33333333333333,66.66666666666666,0.0,0.0,2,1,0.0,100.0,-19.23006,19.057360000000003
pdf_level_reaction,10,level_first1bars_touch0_buf0_inst,UP,1,0.08,0.08,3,33.33333333333333,-6.545026666666668,-18.985120000000002,33.33333333333333,66.66666666666666,0.0,0.0,2,1,0.0,100.0,-19.338900000000002,19.042720000000003
pdf_level_reaction,10,level_first1bars_touch0_buf5_inst,UP,1,0.08,0.08,3,33.33333333333333,-6.545026666666668,-18.985120000000002,33.33333333333333,66.66666666666666,0.0,0.0,2,1,0.0,100.0,-19.338900000000002,19.042720000000003
pdf_level_reaction,10,level_first1bars_touch5_buf5_inst,UP,1,0.08,0.08,3,33.33333333333333,-6.545026666666668,-18.985120000000002,33.33333333333333,66.66666666666666,0.0,0.0,2,1,0.0,100.0,-19.338900000000002,19.042720000000003
pdf_level_reaction,10,level_first2bars_touch0_buf0_inst,UP,2,0.08,0.08,3,33.33333333333333,-6.545026666666668,-18.985120000000002,33.33333333333333,66.66666666666666,0.0,0.0,2,1,0.0,100.0,-19.338900000000002,19.042720000000003
pdf_level_reaction,10,level_first3bars_touch0_buf0_inst,UP,3,0.08,0.08,3,33.33333333333333,-6.545026666666668,-18.985120000000002,33.33333333333333,66.66666666666666,0.0,0.0,2,1,0.0,100.0,-19.338900000000002,19.042720000000003
pdf_level_reaction,10,level_first6bars_touch0_buf0_inst,UP,6,0.08,0.08,3,33.33333333333333,-6.545026666666668,-18.985120000000002,33.33333333333333,66.66666666666666,0.0,0.0,2,1,0.0,100.0,-19.338900000000002,19.042720000000003
pdf_level_reaction,15,level_first1bars_touch0_buf0_inst,UP,1,0.1,0.1,3,33.33333333333333,-8.021116666666666,-23.70355,33.33333333333333,66.66666666666666,0.0,0.0,2,1,0.0,100.0,-23.942525,23.8217
pdf_level_reaction,15,level_first1bars_touch5_buf0_inst,UP,1,0.1,0.1,3,33.33333333333333,-8.021116666666666,-23.70355,33.33333333333333,66.66666666666666,0.0,0.0,2,1,0.0,100.0,-23.942525,23.8217
pdf_level_reaction,15,level_first2bars_touch0_buf0_inst,UP,2,0.1,0.1,3,33.33333333333333,-8.021116666666666,-23.70355,33.33333333333333,66.66666666666666,0.0,0.0,2,1,0.0,100.0,-23.942525,23.8217
pdf_level_reaction,15,level_first2bars_touch5_buf0_inst,UP,2,0.1,0.1,3,33.33333333333333,-8.021116666666666,-23.70355,33.33333333333333,66.66666666666666,0.0,0.0,2,1,0.0,100.0,-23.942525,23.8217
pdf_level_reaction,15,level_first4bars_touch0_buf0_inst,UP,4,0.1,0.1,3,33.33333333333333,-8.021116666666666,-23.70355,33.33333333333333,66.66666666666666,0.0,0.0,2,1,0.0,100.0,-23.942525,23.8217
pdf_level_reaction,15,level_first2bars_touch0_buf10_inst,UP,2,0.1,0.1,3,33.33333333333333,-8.084483333333331,-23.70355,33.33333333333333,66.66666666666666,0.0,0.0,2,1,0.0,100.0,-24.037574999999997,23.8217
pdf_level_reaction,15,level_first2bars_touch5_buf10_inst,UP,2,0.1,0.1,3,33.33333333333333,-8.084483333333331,-23.70355,33.33333333333333,66.66666666666666,0.0,0.0,2,1,0.0,100.0,-24.037574999999997,23.8217
pdf_level_reaction,15,level_first4bars_touch0_buf10_inst,UP,4,0.1,0.1,3,33.33333333333333,-8.084483333333331,-23.70355,33.33333333333333,66.66666666666666,0.0,0.0,2,1,0.0,100.0,-24.037574999999997,23.8217
pdf_level_reaction,15,level_first4bars_touch5_buf10_inst,UP,4,0.1,0.1,3,33.33333333333333,-8.084483333333331,-23.70355,33.33333333333333,66.66666666666666,0.0,0.0,2,1,0.0,100.0,-24.037574999999997,23.8217
pdf_level_reaction,10,level_first1bars_touch0_buf0_inst,UP,1,0.1,0.1,3,33.33333333333333,-8.181283333333335,-23.731400000000004,33.33333333333333,66.66666666666666,0.0,0.0,2,1,0.0,100.0,-24.173625,23.8034
pdf_level_reaction,10,level_first1bars_touch0_buf5_inst,UP,1,0.1,0.1,3,33.33333333333333,-8.181283333333335,-23.731400000000004,33.33333333333333,66.66666666666666,0.0,0.0,2,1,0.0,100.0,-24.173625,23.8034
pdf_level_reaction,10,level_first1bars_touch5_buf5_inst,UP,1,0.1,0.1,3,33.33333333333333,-8.181283333333335,-23.731400000000004,33.33333333333333,66.66666666666666,0.0,0.0,2,1,0.0,100.0,-24.173625,23.8034
pdf_level_reaction,10,level_first2bars_touch0_buf0_inst,UP,2,0.1,0.1,3,33.33333333333333,-8.181283333333335,-23.731400000000004,33.33333333333333,66.66666666666666,0.0,0.0,2,1,0.0,100.0,-24.173625,23.8034
pdf_level_reaction,10,level_first3bars_touch0_buf0_inst,UP,3,0.1,0.1,3,33.33333333333333,-8.181283333333335,-23.731400000000004,33.33333333333333,66.66666666666666,0.0,0.0,2,1,0.0,100.0,-24.173625,23.8034
pdf_level_reaction,10,level_first6bars_touch0_buf0_inst,UP,6,0.1,0.1,3,33.33333333333333,-8.181283333333335,-23.731400000000004,33.33333333333333,66.66666666666666,0.0,0.0,2,1,0.0,100.0,-24.173625,23.8034
pdf_level_reaction,15,level_first1bars_touch0_buf0_inst,UP,1,0.15,0.15,3,33.33333333333333,-12.031674999999998,-35.555324999999996,33.33333333333333,66.66666666666666,0.0,0.0,2,1,0.0,100.0,-35.9137875,35.73255
pdf_level_reaction,15,level_first1bars_touch5_buf0_inst,UP,1,0.15,0.15,3,33.33333333333333,-12.031674999999998,-35.555324999999996,33.33333333333333,66.66666666666666,0.0,0.0,2,1,0.0,100.0,-35.9137875,35.73255
pdf_level_reaction,15,level_first2bars_touch0_buf0_inst,UP,2,0.15,0.15,3,33.33333333333333,-12.031674999999998,-35.555324999999996,33.33333333333333,66.66666666666666,0.0,0.0,2,1,0.0,100.0,-35.9137875,35.73255
pdf_level_reaction,15,level_first2bars_touch5_buf0_inst,UP,2,0.15,0.15,3,33.33333333333333,-12.031674999999998,-35.555324999999996,33.33333333333333,66.66666666666666,0.0,0.0,2,1,0.0,100.0,-35.9137875,35.73255
pdf_level_reaction,15,level_first4bars_touch0_buf0_inst,UP,4,0.15,0.15,3,33.33333333333333,-12.031674999999998,-35.555324999999996,33.33333333333333,66.66666666666666,0.0,0.0,2,1,0.0,100.0,-35.9137875,35.73255
pdf_level_reaction,15,level_first2bars_touch0_buf10_inst,UP,2,0.15,0.15,3,33.33333333333333,-12.126724999999999,-35.555324999999996,33.33333333333333,66.66666666666666,0.0,0.0,2,1,0.0,100.0,-36.0563625,35.73255
pdf_level_reaction,15,level_first2bars_touch5_buf10_inst,UP,2,0.15,0.15,3,33.33333333333333,-12.126724999999999,-35.555324999999996,33.33333333333333,66.66666666666666,0.0,0.0,2,1,0.0,100.0,-36.0563625,35.73255
pdf_level_reaction,15,level_first4bars_touch0_buf10_inst,UP,4,0.15,0.15,3,33.33333333333333,-12.126724999999999,-35.555324999999996,33.33333333333333,66.66666666666666,0.0,0.0,2,1,0.0,100.0,-36.0563625,35.73255
pdf_level_reaction,15,level_first4bars_touch5_buf10_inst,UP,4,0.15,0.15,3,33.33333333333333,-12.126724999999999,-35.555324999999996,33.33333333333333,66.66666666666666,0.0,0.0,2,1,0.0,100.0,-36.0563625,35.73255
pdf_level_reaction,10,level_first1bars_touch0_buf0_inst,UP,1,0.15,0.15,3,33.33333333333333,-12.271924999999996,-35.5971,33.33333333333333,66.66666666666666,0.0,0.0,2,1,0.0,100.0,-36.260437499999995,35.7051
pdf_level_reaction,10,level_first1bars_touch0_buf5_inst,UP,1,0.15,0.15,3,33.33333333333333,-12.271924999999996,-35.5971,33.33333333333333,66.66666666666666,0.0,0.0,2,1,0.0,100.0,-36.260437499999995,35.7051
pdf_level_reaction,10,level_first1bars_touch5_buf5_inst,UP,1,0.15,0.15,3,33.33333333333333,-12.271924999999996,-35.5971,33.33333333333333,66.66666666666666,0.0,0.0,2,1,0.0,100.0,-36.260437499999995,35.7051
pdf_level_reaction,10,level_first2bars_touch0_buf0_inst,UP,2,0.15,0.15,3,33.33333333333333,-12.271924999999996,-35.5971,33.33333333333333,66.66666666666666,0.0,0.0,2,1,0.0,100.0,-36.260437499999995,35.7051
pdf_level_reaction,10,level_first3bars_touch0_buf0_inst,UP,3,0.15,0.15,3,33.33333333333333,-12.271924999999996,-35.5971,33.33333333333333,66.66666666666666,0.0,0.0,2,1,0.0,100.0,-36.260437499999995,35.7051
pdf_level_reaction,10,level_first6bars_touch0_buf0_inst,UP,6,0.15,0.15,3,33.33333333333333,-12.271924999999996,-35.5971,33.33333333333333,66.66666666666666,0.0,0.0,2,1,0.0,100.0,-36.260437499999995,35.7051
pdf_level_reaction,15,level_first1bars_touch0_buf0_inst,UP,1,0.2,0.2,3,33.33333333333333,-16.042233333333332,-47.4071,33.33333333333333,66.66666666666666,0.0,0.0,2,1,0.0,100.0,-47.88505,47.6434
pdf_level_reaction,15,level_first1bars_touch5_buf0_inst,UP,1,0.2,0.2,3,33.33333333333333,-16.042233333333332,-47.4071,33.33333333333333,66.66666666666666,0.0,0.0,2,1,0.0,100.0,-47.88505,47.6434
pdf_level_reaction,15,level_first2bars_touch0_buf0_inst,UP,2,0.2,0.2,3,33.33333333333333,-16.042233333333332,-47.4071,33.33333333333333,66.66666666666666,0.0,0.0,2,1,0.0,100.0,-47.88505,47.6434
pdf_level_reaction,15,level_first2bars_touch5_buf0_inst,UP,2,0.2,0.2,3,33.33333333333333,-16.042233333333332,-47.4071,33.33333333333333,66.66666666666666,0.0,0.0,2,1,0.0,100.0,-47.88505,47.6434
pdf_level_reaction,15,level_first4bars_touch0_buf0_inst,UP,4,0.2,0.2,3,33.33333333333333,-16.042233333333332,-47.4071,33.33333333333333,66.66666666666666,0.0,0.0,2,1,0.0,100.0,-47.88505,47.6434
pdf_level_reaction,15,level_first2bars_touch0_buf10_inst,UP,2,0.2,0.2,3,33.33333333333333,-16.168966666666662,-47.4071,33.33333333333333,66.66666666666666,0.0,0.0,2,1,0.0,100.0,-48.075149999999994,47.6434
pdf_level_reaction,15,level_first2bars_touch5_buf10_inst,UP,2,0.2,0.2,3,33.33333333333333,-16.168966666666662,-47.4071,33.33333333333333,66.66666666666666,0.0,0.0,2,1,0.0,100.0,-48.075149999999994,47.6434
pdf_level_reaction,15,level_first4bars_touch0_buf10_inst,UP,4,0.2,0.2,3,33.33333333333333,-16.168966666666662,-47.4071,33.33333333333333,66.66666666666666,0.0,0.0,2,1,0.0,100.0,-48.075149999999994,47.6434
pdf_level_reaction,15,level_first4bars_touch5_buf10_inst,UP,4,0.2,0.2,3,33.33333333333333,-16.168966666666662,-47.4071,33.33333333333333,66.66666666666666,0.0,0.0,2,1,0.0,100.0,-48.075149999999994,47.6434
pdf_level_reaction,10,level_first1bars_touch0_buf0_inst,UP,1,0.2,0.2,3,33.33333333333333,-16.36256666666667,-47.46280000000001,33.33333333333333,66.66666666666666,0.0,0.0,2,1,0.0,100.0,-48.34725,47.6068
pdf_level_reaction,10,level_first1bars_touch0_buf5_inst,UP,1,0.2,0.2,3,33.33333333333333,-16.36256666666667,-47.46280000000001,33.33333333333333,66.66666666666666,0.0,0.0,2,1,0.0,100.0,-48.34725,47.6068
pdf_level_reaction,10,level_first1bars_touch5_buf5_inst,UP,1,0.2,0.2,3,33.33333333333333,-16.36256666666667,-47.46280000000001,33.33333333333333,66.66666666666666,0.0,0.0,2,1,0.0,100.0,-48.34725,47.6068
pdf_level_reaction,10,level_first2bars_touch0_buf0_inst,UP,2,0.2,0.2,3,33.33333333333333,-16.36256666666667,-47.46280000000001,33.33333333333333,66.66666666666666,0.0,0.0,2,1,0.0,100.0,-48.34725,47.6068
pdf_level_reaction,10,level_first3bars_touch0_buf0_inst,UP,3,0.2,0.2,3,33.33333333333333,-16.36256666666667,-47.46280000000001,33.33333333333333,66.66666666666666,0.0,0.0,2,1,0.0,100.0,-48.34725,47.6068
pdf_level_reaction,10,level_first6bars_touch0_buf0_inst,UP,6,0.2,0.2,3,33.33333333333333,-16.36256666666667,-47.46280000000001,33.33333333333333,66.66666666666666,0.0,0.0,2,1,0.0,100.0,-48.34725,47.6068
pdf_level_reaction,15,level_first2bars_touch0_buf10_inst,UP,2,0.3,0.3,3,33.33333333333333,-24.253449999999997,-71.11064999999999,33.33333333333333,66.66666666666666,0.0,0.0,2,1,0.0,100.0,-72.112725,71.4651
pdf_level_reaction,15,level_first2bars_touch5_buf10_inst,UP,2,0.3,0.3,3,33.33333333333333,-24.253449999999997,-71.11064999999999,33.33333333333333,66.66666666666666,0.0,0.0,2,1,0.0,100.0,-72.112725,71.4651
pdf_level_reaction,15,level_first4bars_touch0_buf10_inst,UP,4,0.3,0.3,3,33.33333333333333,-24.253449999999997,-71.11064999999999,33.33333333333333,66.66666666666666,0.0,0.0,2,1,0.0,100.0,-72.112725,71.4651
pdf_level_reaction,15,level_first4bars_touch5_buf10_inst,UP,4,0.3,0.3,3,33.33333333333333,-24.253449999999997,-71.11064999999999,33.33333333333333,66.66666666666666,0.0,0.0,2,1,0.0,100.0,-72.112725,71.4651
pdf_level_reaction,10,level_first1bars_touch0_buf0_inst,UP,1,0.3,0.3,3,33.33333333333333,-24.543849999999992,-71.1942,33.33333333333333,66.66666666666666,0.0,0.0,2,1,0.0,100.0,-72.52087499999999,71.4102
pdf_level_reaction,10,level_first1bars_touch0_buf5_inst,UP,1,0.3,0.3,3,33.33333333333333,-24.543849999999992,-71.1942,33.33333333333333,66.66666666666666,0.0,0.0,2,1,0.0,100.0,-72.52087499999999,71.4102
pdf_level_reaction,10,level_first1bars_touch5_buf5_inst,UP,1,0.3,0.3,3,33.33333333333333,-24.543849999999992,-71.1942,33.33333333333333,66.66666666666666,0.0,0.0,2,1,0.0,100.0,-72.52087499999999,71.4102
pdf_level_reaction,10,level_first2bars_touch0_buf0_inst,UP,2,0.3,0.3,3,33.33333333333333,-24.543849999999992,-71.1942,33.33333333333333,66.66666666666666,0.0,0.0,2,1,0.0,100.0,-72.52087499999999,71.4102
pdf_level_reaction,10,level_first3bars_touch0_buf0_inst,UP,3,0.3,0.3,3,33.33333333333333,-24.543849999999992,-71.1942,33.33333333333333,66.66666666666666,0.0,0.0,2,1,0.0,100.0,-72.52087499999999,71.4102
pdf_level_reaction,10,level_first6bars_touch0_buf0_inst,UP,6,0.3,0.3,3,33.33333333333333,-24.543849999999992,-71.1942,33.33333333333333,66.66666666666666,0.0,0.0,2,1,0.0,100.0,-72.52087499999999,71.4102
pdf_level_reaction,15,level_first1bars_touch0_buf5_inst,UP,1,0.3,0.3,2,50.0,0.17722500000000707,0.17722500000000707,50.0,50.0,0.0,0.0,1,1,0.0,100.0,-71.11064999999999,71.4651
pdf_level_reaction,15,level_first1bars_touch0_buf10_inst,UP,1,0.3,0.3,2,50.0,0.17722500000000707,0.17722500000000707,50.0,50.0,0.0,0.0,1,1,0.0,100.0,-71.11064999999999,71.4651
pdf_level_reaction,15,level_first1bars_touch5_buf5_inst,UP,1,0.3,0.3,2,50.0,0.17722500000000707,0.17722500000000707,50.0,50.0,0.0,0.0,1,1,0.0,100.0,-71.11064999999999,71.4651
pdf_level_reaction,15,level_first1bars_touch5_buf10_inst,UP,1,0.3,0.3,2,50.0,0.17722500000000707,0.17722500000000707,50.0,50.0,0.0,0.0,1,1,0.0,100.0,-71.11064999999999,71.4651
pdf_level_reaction,15,level_first2bars_touch0_buf5_inst,UP,2,0.3,0.3,2,50.0,0.17722500000000707,0.17722500000000707,50.0,50.0,0.0,0.0,1,1,0.0,100.0,-71.11064999999999,71.4651
pdf_level_reaction,15,level_first2bars_touch5_buf5_inst,UP,2,0.3,0.3,2,50.0,0.17722500000000707,0.17722500000000707,50.0,50.0,0.0,0.0,1,1,0.0,100.0,-71.11064999999999,71.4651
pdf_level_reaction,15,level_first4bars_touch0_buf5_inst,UP,4,0.3,0.3,2,50.0,0.17722500000000707,0.17722500000000707,50.0,50.0,0.0,0.0,1,1,0.0,100.0,-71.11064999999999,71.4651
pdf_level_reaction,15,level_first4bars_touch5_buf5_inst,UP,4,0.3,0.3,2,50.0,0.17722500000000707,0.17722500000000707,50.0,50.0,0.0,0.0,1,1,0.0,100.0,-71.11064999999999,71.4651
pdf_level_reaction,15,level_first1bars_touch0_buf5_inst,UP,1,0.2,0.2,2,50.0,0.11814999999999998,0.11814999999999998,50.0,50.0,0.0,0.0,1,1,0.0,100.0,-47.4071,47.6434
pdf_level_reaction,15,level_first1bars_touch0_buf10_inst,UP,1,0.2,0.2,2,50.0,0.11814999999999998,0.11814999999999998,50.0,50.0,0.0,0.0,1,1,0.0,100.0,-47.4071,47.6434
pdf_level_reaction,15,level_first1bars_touch5_buf5_inst,UP,1,0.2,0.2,2,50.0,0.11814999999999998,0.11814999999999998,50.0,50.0,0.0,0.0,1,1,0.0,100.0,-47.4071,47.6434
pdf_level_reaction,15,level_first1bars_touch5_buf10_inst,UP,1,0.2,0.2,2,50.0,0.11814999999999998,0.11814999999999998,50.0,50.0,0.0,0.0,1,1,0.0,100.0,-47.4071,47.6434
pdf_level_reaction,15,level_first2bars_touch0_buf5_inst,UP,2,0.2,0.2,2,50.0,0.11814999999999998,0.11814999999999998,50.0,50.0,0.0,0.0,1,1,0.0,100.0,-47.4071,47.6434
pdf_level_reaction,15,level_first2bars_touch5_buf5_inst,UP,2,0.2,0.2,2,50.0,0.11814999999999998,0.11814999999999998,50.0,50.0,0.0,0.0,1,1,0.0,100.0,-47.4071,47.6434
pdf_level_reaction,15,level_first4bars_touch0_buf5_inst,UP,4,0.2,0.2,2,50.0,0.11814999999999998,0.11814999999999998,50.0,50.0,0.0,0.0,1,1,0.0,100.0,-47.4071,47.6434
pdf_level_reaction,15,level_first4bars_touch5_buf5_inst,UP,4,0.2,0.2,2,50.0,0.11814999999999998,0.11814999999999998,50.0,50.0,0.0,0.0,1,1,0.0,100.0,-47.4071,47.6434
pdf_level_reaction,15,level_first1bars_touch0_buf5_inst,UP,1,0.15,0.15,2,50.0,0.08861250000000354,0.08861250000000354,50.0,50.0,0.0,0.0,1,1,0.0,100.0,-35.555324999999996,35.73255
pdf_level_reaction,15,level_first1bars_touch0_buf10_inst,UP,1,0.15,0.15,2,50.0,0.08861250000000354,0.08861250000000354,50.0,50.0,0.0,0.0,1,1,0.0,100.0,-35.555324999999996,35.73255
pdf_level_reaction,15,level_first1bars_touch5_buf5_inst,UP,1,0.15,0.15,2,50.0,0.08861250000000354,0.08861250000000354,50.0,50.0,0.0,0.0,1,1,0.0,100.0,-35.555324999999996,35.73255
pdf_level_reaction,15,level_first1bars_touch5_buf10_inst,UP,1,0.15,0.15,2,50.0,0.08861250000000354,0.08861250000000354,50.0,50.0,0.0,0.0,1,1,0.0,100.0,-35.555324999999996,35.73255
pdf_level_reaction,15,level_first2bars_touch0_buf5_inst,UP,2,0.15,0.15,2,50.0,0.08861250000000354,0.08861250000000354,50.0,50.0,0.0,0.0,1,1,0.0,100.0,-35.555324999999996,35.73255
pdf_level_reaction,15,level_first2bars_touch5_buf5_inst,UP,2,0.15,0.15,2,50.0,0.08861250000000354,0.08861250000000354,50.0,50.0,0.0,0.0,1,1,0.0,100.0,-35.555324999999996,35.73255
pdf_level_reaction,15,level_first4bars_touch0_buf5_inst,UP,4,0.15,0.15,2,50.0,0.08861250000000354,0.08861250000000354,50.0,50.0,0.0,0.0,1,1,0.0,100.0,-35.555324999999996,35.73255
pdf_level_reaction,15,level_first4bars_touch5_buf5_inst,UP,4,0.15,0.15,2,50.0,0.08861250000000354,0.08861250000000354,50.0,50.0,0.0,0.0,1,1,0.0,100.0,-35.555324999999996,35.73255
pdf_level_reaction,15,level_first1bars_touch0_buf5_inst,UP,1,0.1,0.1,2,50.0,0.05907499999999999,0.05907499999999999,50.0,50.0,0.0,0.0,1,1,0.0,100.0,-23.70355,23.8217
pdf_level_reaction,15,level_first1bars_touch0_buf10_inst,UP,1,0.1,0.1,2,50.0,0.05907499999999999,0.05907499999999999,50.0,50.0,0.0,0.0,1,1,0.0,100.0,-23.70355,23.8217
pdf_level_reaction,15,level_first1bars_touch5_buf5_inst,UP,1,0.1,0.1,2,50.0,0.05907499999999999,0.05907499999999999,50.0,50.0,0.0,0.0,1,1,0.0,100.0,-23.70355,23.8217
pdf_level_reaction,15,level_first1bars_touch5_buf10_inst,UP,1,0.1,0.1,2,50.0,0.05907499999999999,0.05907499999999999,50.0,50.0,0.0,0.0,1,1,0.0,100.0,-23.70355,23.8217
pdf_level_reaction,15,level_first2bars_touch0_buf5_inst,UP,2,0.1,0.1,2,50.0,0.05907499999999999,0.05907499999999999,50.0,50.0,0.0,0.0,1,1,0.0,100.0,-23.70355,23.8217
pdf_level_reaction,15,level_first2bars_touch5_buf5_inst,UP,2,0.1,0.1,2,50.0,0.05907499999999999,0.05907499999999999,50.0,50.0,0.0,0.0,1,1,0.0,100.0,-23.70355,23.8217
pdf_level_reaction,15,level_first4bars_touch0_buf5_inst,UP,4,0.1,0.1,2,50.0,0.05907499999999999,0.05907499999999999,50.0,50.0,0.0,0.0,1,1,0.0,100.0,-23.70355,23.8217
pdf_level_reaction,15,level_first4bars_touch5_buf5_inst,UP,4,0.1,0.1,2,50.0,0.05907499999999999,0.05907499999999999,50.0,50.0,0.0,0.0,1,1,0.0,100.0,-23.70355,23.8217
pdf_level_reaction,15,level_first1bars_touch0_buf5_inst,UP,1,0.08,0.08,2,50.0,0.04726000000000141,0.04726000000000141,50.0,50.0,0.0,0.0,1,1,0.0,100.0,-18.96284,19.057360000000003
pdf_level_reaction,15,level_first1bars_touch0_buf10_inst,UP,1,0.08,0.08,2,50.0,0.04726000000000141,0.04726000000000141,50.0,50.0,0.0,0.0,1,1,0.0,100.0,-18.96284,19.057360000000003
pdf_level_reaction,15,level_first1bars_touch5_buf5_inst,UP,1,0.08,0.08,2,50.0,0.04726000000000141,0.04726000000000141,50.0,50.0,0.0,0.0,1,1,0.0,100.0,-18.96284,19.057360000000003
pdf_level_reaction,15,level_first1bars_touch5_buf10_inst,UP,1,0.08,0.08,2,50.0,0.04726000000000141,0.04726000000000141,50.0,50.0,0.0,0.0,1,1,0.0,100.0,-18.96284,19.057360000000003
pdf_level_reaction,15,level_first2bars_touch0_buf5_inst,UP,2,0.08,0.08,2,50.0,0.04726000000000141,0.04726000000000141,50.0,50.0,0.0,0.0,1,1,0.0,100.0,-18.96284,19.057360000000003
pdf_level_reaction,15,level_first2bars_touch5_buf5_inst,UP,2,0.08,0.08,2,50.0,0.04726000000000141,0.04726000000000141,50.0,50.0,0.0,0.0,1,1,0.0,100.0,-18.96284,19.057360000000003
pdf_level_reaction,15,level_first4bars_touch0_buf5_inst,UP,4,0.08,0.08,2,50.0,0.04726000000000141,0.04726000000000141,50.0,50.0,0.0,0.0,1,1,0.0,100.0,-18.96284,19.057360000000003
pdf_level_reaction,15,level_first4bars_touch5_buf5_inst,UP,4,0.08,0.08,2,50.0,0.04726000000000141,0.04726000000000141,50.0,50.0,0.0,0.0,1,1,0.0,100.0,-18.96284,19.057360000000003
pdf_level_reaction,15,level_first1bars_touch10_buf0_all,DOWN,1,0.2,0.2,12,58.333333333333336,9.990741666666606,46.901250000000005,58.333333333333336,33.33333333333333,8.333333333333332,0.0,6,6,33.33333333333333,83.33333333333334,-11.727300000000122,31.708783333333333
pdf_level_reaction,15,level_first1bars_touch10_buf5_all,DOWN,1,0.2,0.2,12,58.333333333333336,9.990741666666606,46.901250000000005,58.333333333333336,33.33333333333333,8.333333333333332,0.0,6,6,33.33333333333333,83.33333333333334,-11.727300000000122,31.708783333333333
pdf_level_reaction,15,level_first1bars_touch15_buf0_all,DOWN,1,0.2,0.2,12,58.333333333333336,9.990741666666606,46.901250000000005,58.333333333333336,33.33333333333333,8.333333333333332,0.0,6,6,33.33333333333333,83.33333333333334,-11.727300000000122,31.708783333333333
pdf_level_reaction,15,level_first1bars_touch15_buf5_all,DOWN,1,0.2,0.2,12,58.333333333333336,9.990741666666606,46.901250000000005,58.333333333333336,33.33333333333333,8.333333333333332,0.0,6,6,33.33333333333333,83.33333333333334,-11.727300000000122,31.708783333333333
pdf_level_reaction,15,level_first2bars_touch10_buf0_all,DOWN,2,0.2,0.2,12,58.333333333333336,9.990741666666606,46.901250000000005,58.333333333333336,33.33333333333333,8.333333333333332,0.0,6,6,33.33333333333333,83.33333333333334,-11.727300000000122,31.708783333333333
pdf_level_reaction,15,level_first2bars_touch15_buf0_all,DOWN,2,0.2,0.2,12,58.333333333333336,9.990741666666606,46.901250000000005,58.333333333333336,33.33333333333333,8.333333333333332,0.0,6,6,33.33333333333333,83.33333333333334,-11.727300000000122,31.708783333333333
pdf_level_reaction,15,level_first4bars_touch10_buf0_all,DOWN,4,0.2,0.2,12,58.333333333333336,9.990741666666606,46.901250000000005,58.333333333333336,33.33333333333333,8.333333333333332,0.0,6,6,33.33333333333333,83.33333333333334,-11.727300000000122,31.708783333333333
pdf_level_reaction,15,level_first4bars_touch15_buf0_all,DOWN,4,0.2,0.2,12,58.333333333333336,9.990741666666606,46.901250000000005,58.333333333333336,33.33333333333333,8.333333333333332,0.0,6,6,33.33333333333333,83.33333333333334,-11.727300000000122,31.708783333333333
pdf_level_reaction,15,level_first1bars_touch10_buf10_all,DOWN,1,0.2,0.2,10,60.0,11.956819999999926,46.901250000000005,60.0,30.0,10.0,0.0,4,6,25.0,83.33333333333334,-17.67112500000019,31.708783333333333
pdf_level_reaction,15,level_first1bars_touch15_buf10_all,DOWN,1,0.2,0.2,10,60.0,11.956819999999926,46.901250000000005,60.0,30.0,10.0,0.0,4,6,25.0,83.33333333333334,-17.67112500000019,31.708783333333333
pdf_level_reaction,10,level_first1bars_touch10_buf5_all,DOWN,1,0.08,0.08,8,75.0,9.372620000000001,18.76112,75.0,25.0,0.0,0.0,2,6,50.0,83.33333333333334,0.0017400000000016291,12.496246666666666
pdf_level_reaction,10,level_first1bars_touch15_buf5_all,DOWN,1,0.08,0.08,8,75.0,9.372620000000001,18.76112,75.0,25.0,0.0,0.0,2,6,50.0,83.33333333333334,0.0017400000000016291,12.496246666666666
pdf_level_reaction,10,level_first2bars_touch10_buf5_all,DOWN,2,0.08,0.08,8,75.0,9.372620000000001,18.76112,75.0,25.0,0.0,0.0,2,6,50.0,83.33333333333334,0.0017400000000016291,12.496246666666666
pdf_level_reaction,10,level_first2bars_touch15_buf5_all,DOWN,2,0.08,0.08,8,75.0,9.372620000000001,18.76112,75.0,25.0,0.0,0.0,2,6,50.0,83.33333333333334,0.0017400000000016291,12.496246666666666
pdf_level_reaction,10,level_first3bars_touch10_buf5_all,DOWN,3,0.08,0.08,8,75.0,9.372620000000001,18.76112,75.0,25.0,0.0,0.0,2,6,50.0,83.33333333333334,0.0017400000000016291,12.496246666666666
pdf_level_reaction,10,level_first3bars_touch15_buf5_all,DOWN,3,0.08,0.08,8,75.0,9.372620000000001,18.76112,75.0,25.0,0.0,0.0,2,6,50.0,83.33333333333334,0.0017400000000016291,12.496246666666666
pdf_level_reaction,10,level_first6bars_touch10_buf5_all,DOWN,6,0.08,0.08,8,75.0,9.372620000000001,18.76112,75.0,25.0,0.0,0.0,2,6,50.0,83.33333333333334,0.0017400000000016291,12.496246666666666
pdf_level_reaction,10,level_first6bars_touch15_buf5_all,DOWN,6,0.08,0.08,8,75.0,9.372620000000001,18.76112,75.0,25.0,0.0,0.0,2,6,50.0,83.33333333333334,0.0017400000000016291,12.496246666666666
pdf_level_reaction,15,level_first4bars_touch0_buf0_all,DOWN,4,0.3,0.3,11,63.63636363636363,21.38807727272734,70.3917,54.54545454545454,27.27272727272727,18.181818181818183,0.0,6,5,50.0,80.0,8.969891666666541,36.28990000000029
pdf_level_reaction,15,level_first1bars_touch5_buf0_all,DOWN,1,0.3,0.3,11,63.63636363636363,21.28085454545461,70.3917,54.54545454545454,27.27272727272727,18.181818181818183,0.0,6,5,50.0,80.0,8.77331666666654,36.28990000000029
pdf_level_reaction,15,level_first1bars_touch5_buf5_all,DOWN,1,0.3,0.3,11,63.63636363636363,21.28085454545461,70.3917,54.54545454545454,27.27272727272727,18.181818181818183,0.0,6,5,50.0,80.0,8.77331666666654,36.28990000000029
pdf_level_reaction,15,level_first2bars_touch5_buf0_all,DOWN,2,0.3,0.3,11,63.63636363636363,21.28085454545461,70.3917,54.54545454545454,27.27272727272727,18.181818181818183,0.0,6,5,50.0,80.0,8.77331666666654,36.28990000000029
pdf_level_reaction,15,level_first4bars_touch5_buf0_all,DOWN,4,0.3,0.3,11,63.63636363636363,21.28085454545461,70.3917,54.54545454545454,27.27272727272727,18.181818181818183,0.0,6,5,50.0,80.0,8.77331666666654,36.28990000000029
pdf_level_reaction,10,level_first6bars_touch0_buf0_all,DOWN,6,0.3,0.3,11,54.54545454545454,7.766177272727338,44.400000000001455,45.45454545454545,36.36363636363637,18.181818181818183,0.0,6,5,33.33333333333333,80.0,-17.167583333333457,37.68669000000029
pdf_level_reaction,15,level_first1bars_touch5_buf0_all,DOWN,1,0.2,0.2,11,54.54545454545454,6.637654545454478,46.927800000000005,54.54545454545454,36.36363636363637,9.090909090909092,0.0,6,5,33.33333333333333,80.0,-11.727300000000122,28.675599999999996
pdf_level_reaction,15,level_first1bars_touch5_buf5_all,DOWN,1,0.2,0.2,11,54.54545454545454,6.637654545454478,46.927800000000005,54.54545454545454,36.36363636363637,9.090909090909092,0.0,6,5,33.33333333333333,80.0,-11.727300000000122,28.675599999999996
pdf_level_reaction,15,level_first2bars_touch5_buf0_all,DOWN,2,0.2,0.2,11,54.54545454545454,6.637654545454478,46.927800000000005,54.54545454545454,36.36363636363637,9.090909090909092,0.0,6,5,33.33333333333333,80.0,-11.727300000000122,28.675599999999996
pdf_level_reaction,15,level_first4bars_touch5_buf0_all,DOWN,4,0.2,0.2,11,54.54545454545454,6.637654545454478,46.927800000000005,54.54545454545454,36.36363636363637,9.090909090909092,0.0,6,5,33.33333333333333,80.0,-11.727300000000122,28.675599999999996
pdf_level_reaction,10,level_first6bars_touch0_buf0_all,DOWN,6,0.08,0.08,11,45.45454545454545,-1.9548836363636368,-19.16612,45.45454545454545,54.54545454545454,0.0,0.0,6,5,16.666666666666664,80.0,-12.956386666666667,11.24692
pdf_level_reaction,15,level_first4bars_touch0_buf0_all,DOWN,4,0.2,0.2,11,45.45454545454545,-2.2342272727273396,-21.200000000000728,45.45454545454545,45.45454545454545,9.090909090909092,0.0,6,5,16.666666666666664,80.0,-27.992416666666788,28.675599999999996
pdf_level_reaction,15,level_first1bars_touch0_buf0_all,DOWN,1,0.3,0.3,10,60.0,16.14861000000007,53.89585000000073,50.0,30.0,20.0,0.0,5,5,40.0,80.0,-3.992680000000149,36.28990000000029
pdf_level_reaction,15,level_first1bars_touch0_buf5_all,DOWN,1,0.3,0.3,10,60.0,16.14861000000007,53.89585000000073,50.0,30.0,20.0,0.0,5,5,40.0,80.0,-3.992680000000149,36.28990000000029
pdf_level_reaction,15,level_first2bars_touch0_buf0_all,DOWN,2,0.3,0.3,10,60.0,16.14861000000007,53.89585000000073,50.0,30.0,20.0,0.0,5,5,40.0,80.0,-3.992680000000149,36.28990000000029
pdf_level_reaction,10,level_first2bars_touch5_buf5_all,DOWN,2,0.3,0.3,10,60.0,15.694810000000071,57.41130000000073,50.0,30.0,20.0,0.0,5,5,40.0,80.0,-6.297070000000142,37.68669000000029
pdf_level_reaction,10,level_first3bars_touch5_buf5_all,DOWN,3,0.3,0.3,10,60.0,15.694810000000071,57.41130000000073,50.0,30.0,20.0,0.0,5,5,40.0,80.0,-6.297070000000142,37.68669000000029
pdf_level_reaction,10,level_first6bars_touch5_buf5_all,DOWN,6,0.3,0.3,10,60.0,15.694810000000071,57.41130000000073,50.0,30.0,20.0,0.0,5,5,40.0,80.0,-6.297070000000142,37.68669000000029
pdf_level_reaction,10,level_first1bars_touch10_buf0_all,DOWN,1,0.08,0.08,10,60.0,3.669664,18.67502,60.0,40.0,0.0,0.0,5,5,40.0,80.0,-3.8674479999999996,11.206776
pdf_level_reaction,10,level_first1bars_touch15_buf0_all,DOWN,1,0.08,0.08,10,60.0,3.669664,18.67502,60.0,40.0,0.0,0.0,5,5,40.0,80.0,-3.8674479999999996,11.206776
pdf_level_reaction,10,level_first2bars_touch10_buf0_all,DOWN,2,0.08,0.08,10,60.0,3.669664,18.67502,60.0,40.0,0.0,0.0,5,5,40.0,80.0,-3.8674479999999996,11.206776
pdf_level_reaction,10,level_first2bars_touch15_buf0_all,DOWN,2,0.08,0.08,10,60.0,3.669664,18.67502,60.0,40.0,0.0,0.0,5,5,40.0,80.0,-3.8674479999999996,11.206776
pdf_level_reaction,10,level_first3bars_touch10_buf0_all,DOWN,3,0.08,0.08,10,60.0,3.669664,18.67502,60.0,40.0,0.0,0.0,5,5,40.0,80.0,-3.8674479999999996,11.206776
pdf_level_reaction,10,level_first3bars_touch15_buf0_all,DOWN,3,0.08,0.08,10,60.0,3.669664,18.67502,60.0,40.0,0.0,0.0,5,5,40.0,80.0,-3.8674479999999996,11.206776
pdf_level_reaction,10,level_first6bars_touch10_buf0_all,DOWN,6,0.08,0.08,10,60.0,3.669664,18.67502,60.0,40.0,0.0,0.0,5,5,40.0,80.0,-3.8674479999999996,11.206776
pdf_level_reaction,10,level_first6bars_touch15_buf0_all,DOWN,6,0.08,0.08,10,60.0,3.669664,18.67502,60.0,40.0,0.0,0.0,5,5,40.0,80.0,-3.8674479999999996,11.206776
pdf_level_reaction,15,level_first1bars_touch0_buf0_all,DOWN,1,0.2,0.2,10,50.0,2.4611999999999297,12.863899999999639,50.0,40.0,10.0,0.0,5,5,20.0,80.0,-23.753200000000145,28.675599999999996
pdf_level_reaction,15,level_first1bars_touch0_buf5_all,DOWN,1,0.2,0.2,10,50.0,2.4611999999999297,12.863899999999639,50.0,40.0,10.0,0.0,5,5,20.0,80.0,-23.753200000000145,28.675599999999996
pdf_level_reaction,15,level_first2bars_touch0_buf0_all,DOWN,2,0.2,0.2,10,50.0,2.4611999999999297,12.863899999999639,50.0,40.0,10.0,0.0,5,5,20.0,80.0,-23.753200000000145,28.675599999999996
pdf_level_reaction,10,level_first1bars_touch0_buf0_all,DOWN,1,0.3,0.3,10,50.0,1.1654350000000733,6.350000000000364,40.0,40.0,20.0,0.0,5,5,20.0,80.0,-35.35582000000014,37.68669000000029
pdf_level_reaction,10,level_first2bars_touch0_buf0_all,DOWN,2,0.3,0.3,10,50.0,1.1654350000000733,6.350000000000364,40.0,40.0,20.0,0.0,5,5,20.0,80.0,-35.35582000000014,37.68669000000029
pdf_level_reaction,10,level_first3bars_touch0_buf0_all,DOWN,3,0.3,0.3,10,50.0,1.1654350000000733,6.350000000000364,40.0,40.0,20.0,0.0,5,5,20.0,80.0,-35.35582000000014,37.68669000000029
pdf_level_reaction,10,level_first1bars_touch0_buf0_all,DOWN,1,0.08,0.08,10,50.0,-0.18307600000000016,-0.2794799999999995,50.0,50.0,0.0,0.0,5,5,20.0,80.0,-11.613071999999999,11.24692
pdf_level_reaction,10,level_first2bars_touch0_buf0_all,DOWN,2,0.08,0.08,10,50.0,-0.18307600000000016,-0.2794799999999995,50.0,50.0,0.0,0.0,5,5,20.0,80.0,-11.613071999999999,11.24692
pdf_level_reaction,10,level_first3bars_touch0_buf0_all,DOWN,3,0.08,0.08,10,50.0,-0.18307600000000016,-0.2794799999999995,50.0,50.0,0.0,0.0,5,5,20.0,80.0,-11.613071999999999,11.24692
pdf_level_reaction,10,level_first2bars_touch5_buf5_all,DOWN,2,0.08,0.08,10,50.0,-0.20358399999999968,-0.2794799999999995,50.0,50.0,0.0,0.0,5,5,20.0,80.0,-11.654087999999998,11.24692
pdf_level_reaction,10,level_first3bars_touch5_buf5_all,DOWN,3,0.08,0.08,10,50.0,-0.20358399999999968,-0.2794799999999995,50.0,50.0,0.0,0.0,5,5,20.0,80.0,-11.654087999999998,11.24692
pdf_level_reaction,10,level_first6bars_touch5_buf5_all,DOWN,6,0.08,0.08,10,50.0,-0.20358399999999968,-0.2794799999999995,50.0,50.0,0.0,0.0,5,5,20.0,80.0,-11.654087999999998,11.24692
pdf_level_reaction,15,level_first1bars_touch5_buf10_all,DOWN,1,0.3,0.3,9,66.66666666666666,25.956483333333413,70.3917,55.55555555555556,22.22222222222222,22.22222222222222,0.0,4,5,50.0,80.0,13.039712499999812,36.28990000000029
pdf_level_reaction,10,level_first6bars_touch0_buf5_all,DOWN,6,0.3,0.3,9,66.66666666666666,25.664944444444522,70.4226,55.55555555555556,22.22222222222222,22.22222222222222,0.0,4,5,50.0,80.0,10.63776249999982,37.68669000000029
pdf_level_reaction,15,level_first1bars_touch5_buf10_all,DOWN,1,0.2,0.2,9,55.55555555555556,8.077055555555471,46.927800000000005,55.55555555555556,33.33333333333333,11.11111111111111,0.0,4,5,25.0,80.0,-17.67112500000019,28.675599999999996
pdf_level_reaction,10,level_first6bars_touch0_buf5_all,DOWN,6,0.08,0.08,9,44.44444444444444,-2.4043022222222232,-19.16612,44.44444444444444,55.55555555555556,0.0,0.0,4,5,0.0,80.0,-19.46833,11.24692
pdf_level_reaction,15,level_first1bars_touch0_buf10_all,DOWN,1,0.3,0.3,8,62.5,20.12563125000009,53.89585000000073,50.0,25.0,25.0,0.0,3,5,33.33333333333333,80.0,-6.814816666666914,36.28990000000029
pdf_level_reaction,10,level_first2bars_touch0_buf5_all,DOWN,2,0.3,0.3,8,62.5,19.65136250000009,57.41130000000073,50.0,25.0,25.0,0.0,3,5,33.33333333333333,80.0,-10.407516666666908,37.68669000000029
pdf_level_reaction,10,level_first3bars_touch0_buf5_all,DOWN,3,0.3,0.3,8,62.5,19.65136250000009,57.41130000000073,50.0,25.0,25.0,0.0,3,5,33.33333333333333,80.0,-10.407516666666908,37.68669000000029
pdf_level_reaction,10,level_first1bars_touch5_buf5_all,DOWN,1,0.3,0.3,8,62.5,19.60636250000009,57.41130000000073,50.0,25.0,25.0,0.0,3,5,33.33333333333333,80.0,-10.527516666666907,37.68669000000029
pdf_level_reaction,10,level_first1bars_touch5_buf5_all,DOWN,1,0.08,0.08,8,62.5,4.611210000000002,18.693260000000002,62.5,37.5,0.0,0.0,3,5,33.33333333333333,80.0,-6.448306666666666,11.24692
pdf_level_reaction,15,level_first1bars_touch0_buf10_all,DOWN,1,0.2,0.2,8,50.0,3.0364124999999085,12.863899999999639,50.0,37.5,12.5,0.0,3,5,0.0,80.0,-39.69556666666691,28.675599999999996
pdf_level_reaction,10,level_first2bars_touch0_buf5_all,DOWN,2,0.08,0.08,8,50.0,-0.2457199999999986,-0.2794799999999995,50.0,50.0,0.0,0.0,3,5,0.0,80.0,-19.40012,11.24692
pdf_level_reaction,10,level_first3bars_touch0_buf5_all,DOWN,3,0.08,0.08,8,50.0,-0.2457199999999986,-0.2794799999999995,50.0,50.0,0.0,0.0,3,5,0.0,80.0,-19.40012,11.24692
pdf_level_reaction,10,level_first1bars_touch0_buf5_all,DOWN,1,0.3,0.3,7,57.14285714285714,12.025278571428673,44.400000000001455,42.857142857142854,28.57142857142857,28.57142857142857,0.0,2,5,0.0,80.0,-52.128250000000364,37.68669000000029
pdf_level_reaction,10,level_first1bars_touch0_buf5_all,DOWN,1,0.08,0.08,7,57.14285714285714,2.501422857142857,18.60716,57.14285714285714,42.857142857142854,0.0,0.0,2,5,0.0,80.0,-19.36232,11.24692
pdf_level_reaction,10,level_first6bars_touch15_buf5_all,UP,6,0.2,0.2,17,52.94117647058824,2.6945941176470596,46.45740000000001,52.94117647058824,47.05882352941176,0.0,0.0,13,4,46.15384615384615,75.0,-3.754492307692307,23.654125000000004
pdf_level_reaction,10,level_first6bars_touch15_buf5_all,UP,6,0.08,0.08,17,52.94117647058824,1.0805811764705882,18.58296,52.94117647058824,47.05882352941176,0.0,0.0,13,4,46.15384615384615,75.0,-1.498209230769231,9.461650000000002
pdf_level_reaction,10,level_first6bars_touch10_buf5_all,UP,6,0.2,0.2,16,56.25,5.896806250000001,46.7411,56.25,43.75,0.0,0.0,12,4,50.0,75.0,-0.02229999999999895,23.654125000000004
pdf_level_reaction,10,level_first6bars_touch10_buf5_all,UP,6,0.08,0.08,16,62.5,4.7941225,18.926320000000004,62.5,37.5,0.0,0.0,12,4,58.333333333333336,75.0,3.2382799999999996,9.461650000000002
pdf_level_reaction,10,level_first2bars_touch10_buf5_all,UP,2,0.08,0.08,15,60.0,3.8325546666666668,18.80992,60.0,40.0,0.0,0.0,11,4,54.54545454545454,75.0,1.7856109090909091,9.461650000000002
pdf_level_reaction,10,level_first3bars_touch10_buf5_all,UP,3,0.08,0.08,15,60.0,3.8325546666666668,18.80992,60.0,40.0,0.0,0.0,11,4,54.54545454545454,75.0,1.7856109090909091,9.461650000000002
pdf_level_reaction,10,level_first2bars_touch10_buf5_all,UP,2,0.2,0.2,15,53.333333333333336,3.0869866666666685,46.45740000000001,53.333333333333336,46.666666666666664,0.0,0.0,11,4,45.45454545454545,75.0,-4.3919727272727265,23.654125000000004
pdf_level_reaction,10,level_first3bars_touch10_buf5_all,UP,3,0.2,0.2,15,53.333333333333336,3.0869866666666685,46.45740000000001,53.333333333333336,46.666666666666664,0.0,0.0,11,4,45.45454545454545,75.0,-4.3919727272727265,23.654125000000004
pdf_level_reaction,10,level_first2bars_touch15_buf5_all,UP,2,0.2,0.2,15,53.333333333333336,3.086866666666668,46.45740000000001,53.333333333333336,46.666666666666664,0.0,0.0,11,4,45.45454545454545,75.0,-4.392136363636363,23.654125000000004
pdf_level_reaction,10,level_first3bars_touch15_buf5_all,UP,3,0.2,0.2,15,53.333333333333336,3.086866666666668,46.45740000000001,53.333333333333336,46.666666666666664,0.0,0.0,11,4,45.45454545454545,75.0,-4.392136363636363,23.654125000000004
pdf_level_reaction,10,level_first2bars_touch15_buf5_all,UP,2,0.08,0.08,15,53.333333333333336,1.2378560000000005,18.58296,53.333333333333336,46.666666666666664,0.0,0.0,11,4,45.45454545454545,75.0,-1.752614545454545,9.461650000000002
pdf_level_reaction,10,level_first3bars_touch15_buf5_all,UP,3,0.08,0.08,15,53.333333333333336,1.2378560000000005,18.58296,53.333333333333336,46.666666666666664,0.0,0.0,11,4,45.45454545454545,75.0,-1.752614545454545,9.461650000000002
pdf_level_reaction,15,level_first4bars_touch15_buf0_all,UP,4,0.1,0.1,13,46.15384615384615,-1.8779538461538483,-23.2042,46.15384615384615,53.84615384615385,0.0,0.0,9,4,33.33333333333333,75.0,-7.976927777777781,11.8447375
pdf_level_reaction,15,level_first4bars_touch15_buf0_all,UP,4,0.2,0.2,13,38.46153846153847,-11.325630769230772,-47.4071,38.46153846153847,61.53846153846154,0.0,0.0,9,4,22.22222222222222,75.0,-26.887900000000002,23.689475
pdf_level_reaction,15,level_first4bars_touch10_buf0_all,UP,4,0.1,0.1,12,50.0,-0.01261666666666835,0.023925000000000196,50.0,50.0,0.0,0.0,8,4,37.5,75.0,-5.9412937500000025,11.8447375
pdf_level_reaction,10,level_first1bars_touch15_buf5_all,UP,1,0.08,0.08,12,50.0,-0.10147999999999928,-0.003020000000001133,50.0,50.0,0.0,0.0,8,4,37.5,75.0,-4.883044999999999,9.461650000000002
pdf_level_reaction,10,level_first1bars_touch15_buf5_all,UP,1,0.2,0.2,12,50.0,-0.2634166666666656,-0.007549999999994839,50.0,50.0,0.0,0.0,8,4,37.5,75.0,-12.2221875,23.654125000000004
pdf_level_reaction,10,level_first3bars_touch5_buf5_all,UP,3,0.08,0.08,12,41.66666666666667,-3.34867,-18.787060000000004,41.66666666666667,58.333333333333336,0.0,0.0,8,4,25.0,75.0,-9.75383,9.461650000000002
pdf_level_reaction,10,level_first6bars_touch5_buf5_all,UP,6,0.08,0.08,12,41.66666666666667,-3.34867,-18.787060000000004,41.66666666666667,58.333333333333336,0.0,0.0,8,4,25.0,75.0,-9.75383,9.461650000000002
pdf_level_reaction,15,level_first4bars_touch10_buf0_all,UP,4,0.2,0.2,12,41.66666666666667,-8.22576666666667,-46.90775,41.66666666666667,58.333333333333336,0.0,0.0,8,4,25.0,75.0,-24.183387500000002,23.689475
pdf_level_reaction,10,level_first3bars_touch5_buf5_all,UP,3,0.2,0.2,12,41.66666666666667,-8.371675000000002,-46.967650000000006,41.66666666666667,58.333333333333336,0.0,0.0,8,4,25.0,75.0,-24.384575,23.654125000000004
pdf_level_reaction,10,level_first6bars_touch5_buf5_all,UP,6,0.2,0.2,12,41.66666666666667,-8.371675000000002,-46.967650000000006,41.66666666666667,58.333333333333336,0.0,0.0,8,4,25.0,75.0,-24.384575,23.654125000000004
pdf_level_reaction,10,level_first1bars_touch10_buf5_all,UP,1,0.08,0.08,11,54.54545454545454,1.658374545454546,18.58296,54.54545454545454,45.45454545454545,0.0,0.0,7,4,42.857142857142854,75.0,-2.8006399999999987,9.461650000000002
pdf_level_reaction,10,level_first3bars_touch0_buf5_all,UP,3,0.08,0.08,11,45.45454545454545,-1.86025090909091,-18.589000000000002,45.45454545454545,54.54545454545454,0.0,0.0,7,4,28.57142857142857,75.0,-8.329908571428572,9.461650000000002
pdf_level_reaction,10,level_first6bars_touch0_buf5_all,UP,6,0.08,0.08,11,45.45454545454545,-1.86025090909091,-18.589000000000002,45.45454545454545,54.54545454545454,0.0,0.0,7,4,28.57142857142857,75.0,-8.329908571428572,9.461650000000002
pdf_level_reaction,10,level_first2bars_touch5_buf5_all,UP,2,0.08,0.08,11,45.45454545454545,-1.8619636363636358,-18.589000000000002,45.45454545454545,54.54545454545454,0.0,0.0,7,4,28.57142857142857,75.0,-8.3326,9.461650000000002
pdf_level_reaction,15,level_first2bars_touch5_buf0_all,UP,2,0.1,0.1,11,45.45454545454545,-2.1951545454545465,-23.2042,45.45454545454545,54.54545454545454,0.0,0.0,7,4,28.57142857142857,75.0,-10.217950000000004,11.8447375
pdf_level_reaction,15,level_first4bars_touch5_buf0_all,UP,4,0.1,0.1,11,45.45454545454545,-2.1951545454545465,-23.2042,45.45454545454545,54.54545454545454,0.0,0.0,7,4,28.57142857142857,75.0,-10.217950000000004,11.8447375
pdf_level_reaction,15,level_first1bars_touch15_buf0_all,UP,1,0.1,0.1,11,45.45454545454545,-2.196636363636365,-23.2042,45.45454545454545,54.54545454545454,0.0,0.0,7,4,28.57142857142857,75.0,-10.220278571428574,11.8447375
pdf_level_reaction,15,level_first2bars_touch15_buf0_all,UP,2,0.1,0.1,11,45.45454545454545,-2.196636363636365,-23.2042,45.45454545454545,54.54545454545454,0.0,0.0,7,4,28.57142857142857,75.0,-10.220278571428574,11.8447375
pdf_level_reaction,15,level_first2bars_touch10_buf0_all,UP,2,0.1,0.1,11,45.45454545454545,-2.1972409090909113,-23.2042,45.45454545454545,54.54545454545454,0.0,0.0,7,4,28.57142857142857,75.0,-10.221228571428574,11.8447375
pdf_level_reaction,10,level_first3bars_touch0_buf5_all,UP,3,0.2,0.2,11,45.45454545454545,-4.650627272727274,-46.4725,45.45454545454545,54.54545454545454,0.0,0.0,7,4,28.57142857142857,75.0,-20.82477142857143,23.654125000000004
pdf_level_reaction,10,level_first6bars_touch0_buf5_all,UP,6,0.2,0.2,11,45.45454545454545,-4.650627272727274,-46.4725,45.45454545454545,54.54545454545454,0.0,0.0,7,4,28.57142857142857,75.0,-20.82477142857143,23.654125000000004
pdf_level_reaction,10,level_first2bars_touch5_buf5_all,UP,2,0.2,0.2,11,45.45454545454545,-4.654909090909092,-46.4725,45.45454545454545,54.54545454545454,0.0,0.0,7,4,28.57142857142857,75.0,-20.831500000000002,23.654125000000004
pdf_level_reaction,10,level_first1bars_touch10_buf5_all,UP,1,0.2,0.2,11,45.45454545454545,-4.710063636363636,-46.4725,45.45454545454545,54.54545454545454,0.0,0.0,7,4,28.57142857142857,75.0,-20.91817142857143,23.654125000000004
pdf_level_reaction,15,level_first2bars_touch5_buf0_all,UP,2,0.2,0.2,11,36.36363636363637,-13.336345454545459,-47.4071,36.36363636363637,63.63636363636363,0.0,0.0,7,4,14.285714285714285,75.0,-34.49395714285715,23.689475
pdf_level_reaction,15,level_first4bars_touch5_buf0_all,UP,4,0.2,0.2,11,36.36363636363637,-13.336345454545459,-47.4071,36.36363636363637,63.63636363636363,0.0,0.0,7,4,14.285714285714285,75.0,-34.49395714285715,23.689475
pdf_level_reaction,15,level_first1bars_touch15_buf0_all,UP,1,0.2,0.2,11,36.36363636363637,-13.339309090909092,-47.4071,36.36363636363637,63.63636363636363,0.0,0.0,7,4,14.285714285714285,75.0,-34.49861428571429,23.689475
pdf_level_reaction,15,level_first2bars_touch15_buf0_all,UP,2,0.2,0.2,11,36.36363636363637,-13.339309090909092,-47.4071,36.36363636363637,63.63636363636363,0.0,0.0,7,4,14.285714285714285,75.0,-34.49861428571429,23.689475
pdf_level_reaction,15,level_first2bars_touch10_buf0_all,UP,2,0.2,0.2,11,36.36363636363637,-13.340518181818185,-47.4071,36.36363636363637,63.63636363636363,0.0,0.0,7,4,14.285714285714285,75.0,-34.50051428571429,23.689475
pdf_level_reaction,10,level_first1bars_touch5_buf0_all,DOWN,1,0.3,0.3,10,50.0,3.992829999999927,19.361299999999638,50.0,40.0,10.0,0.0,6,4,33.33333333333333,75.0,-17.350858333333452,36.0083625
pdf_level_reaction,10,level_first2bars_touch5_buf0_all,DOWN,2,0.3,0.3,10,50.0,3.992829999999927,19.361299999999638,50.0,40.0,10.0,0.0,6,4,33.33333333333333,75.0,-17.350858333333452,36.0083625
pdf_level_reaction,10,level_first3bars_touch5_buf0_all,DOWN,3,0.3,0.3,10,50.0,3.992829999999927,19.361299999999638,50.0,40.0,10.0,0.0,6,4,33.33333333333333,75.0,-17.350858333333452,36.0083625
pdf_level_reaction,10,level_first6bars_touch5_buf0_all,DOWN,6,0.3,0.3,10,50.0,3.992829999999927,19.361299999999638,50.0,40.0,10.0,0.0,6,4,33.33333333333333,75.0,-17.350858333333452,36.0083625
pdf_level_reaction,15,level_first1bars_touch10_buf0_all,UP,1,0.1,0.1,10,50.0,0.04583999999999868,0.023925000000000196,50.0,50.0,0.0,0.0,6,4,33.33333333333333,75.0,-7.82009166666667,11.8447375
pdf_level_reaction,10,level_first1bars_touch5_buf0_all,DOWN,1,0.08,0.08,10,50.0,-0.1394639999999999,-0.2794799999999995,50.0,50.0,0.0,0.0,6,4,33.33333333333333,75.0,-6.447606666666665,9.32275
pdf_level_reaction,10,level_first2bars_touch5_buf0_all,DOWN,2,0.08,0.08,10,50.0,-0.1394639999999999,-0.2794799999999995,50.0,50.0,0.0,0.0,6,4,33.33333333333333,75.0,-6.447606666666665,9.32275
pdf_level_reaction,10,level_first3bars_touch5_buf0_all,DOWN,3,0.08,0.08,10,50.0,-0.1394639999999999,-0.2794799999999995,50.0,50.0,0.0,0.0,6,4,33.33333333333333,75.0,-6.447606666666665,9.32275
pdf_level_reaction,10,level_first6bars_touch5_buf0_all,DOWN,6,0.08,0.08,10,50.0,-0.1394639999999999,-0.2794799999999995,50.0,50.0,0.0,0.0,6,4,33.33333333333333,75.0,-6.447606666666665,9.32275
pdf_level_reaction,10,level_first2bars_touch0_buf5_all,UP,2,0.08,0.08,10,40.0,-3.9942199999999985,-18.787060000000004,40.0,60.0,0.0,0.0,6,4,16.666666666666664,75.0,-12.964799999999999,9.461650000000002
pdf_level_reaction,15,level_first1bars_touch10_buf0_all,UP,1,0.2,0.2,10,40.0,-9.748960000000002,-46.90775,40.0,60.0,0.0,0.0,6,4,16.666666666666664,75.0,-32.04125,23.689475
pdf_level_reaction,10,level_first2bars_touch0_buf5_all,UP,2,0.2,0.2,10,40.0,-9.98555,-46.967650000000006,40.0,60.0,0.0,0.0,6,4,16.666666666666664,75.0,-32.412,23.654125000000004
pdf_level_reaction,10,level_first1bars_touch0_buf0_all,UP,1,0.08,0.08,9,44.44444444444444,-2.2877199999999993,-18.589000000000002,44.44444444444444,55.55555555555556,0.0,0.0,5,4,20.0,75.0,-11.687216,9.461650000000002
pdf_level_reaction,10,level_first1bars_touch0_buf5_all,UP,1,0.08,0.08,9,44.44444444444444,-2.2877199999999993,-18.589000000000002,44.44444444444444,55.55555555555556,0.0,0.0,5,4,20.0,75.0,-11.687216,9.461650000000002
pdf_level_reaction,10,level_first1bars_touch5_buf5_all,UP,1,0.08,0.08,9,44.44444444444444,-2.2877199999999993,-18.589000000000002,44.44444444444444,55.55555555555556,0.0,0.0,5,4,20.0,75.0,-11.687216,9.461650000000002
pdf_level_reaction,10,level_first2bars_touch0_buf0_all,UP,2,0.08,0.08,9,44.44444444444444,-2.2877199999999993,-18.589000000000002,44.44444444444444,55.55555555555556,0.0,0.0,5,4,20.0,75.0,-11.687216,9.461650000000002
pdf_level_reaction,10,level_first3bars_touch0_buf0_all,UP,3,0.08,0.08,9,44.44444444444444,-2.2877199999999993,-18.589000000000002,44.44444444444444,55.55555555555556,0.0,0.0,5,4,20.0,75.0,-11.687216,9.461650000000002
pdf_level_reaction,10,level_first6bars_touch0_buf0_all,UP,6,0.08,0.08,9,44.44444444444444,-2.2877199999999993,-18.589000000000002,44.44444444444444,55.55555555555556,0.0,0.0,5,4,20.0,75.0,-11.687216,9.461650000000002
pdf_level_reaction,15,level_first1bars_touch0_buf0_all,UP,1,0.1,0.1,9,44.44444444444444,-2.6500777777777786,-23.2042,44.44444444444444,55.55555555555556,0.0,0.0,5,4,20.0,75.0,-14.245930000000005,11.8447375
pdf_level_reaction,15,level_first1bars_touch5_buf0_all,UP,1,0.1,0.1,9,44.44444444444444,-2.6500777777777786,-23.2042,44.44444444444444,55.55555555555556,0.0,0.0,5,4,20.0,75.0,-14.245930000000005,11.8447375
pdf_level_reaction,15,level_first2bars_touch0_buf0_all,UP,2,0.1,0.1,9,44.44444444444444,-2.6500777777777786,-23.2042,44.44444444444444,55.55555555555556,0.0,0.0,5,4,20.0,75.0,-14.245930000000005,11.8447375
pdf_level_reaction,15,level_first4bars_touch0_buf0_all,UP,4,0.1,0.1,9,44.44444444444444,-2.6500777777777786,-23.2042,44.44444444444444,55.55555555555556,0.0,0.0,5,4,20.0,75.0,-14.245930000000005,11.8447375
pdf_level_reaction,10,level_first1bars_touch0_buf0_all,UP,1,0.2,0.2,9,44.44444444444444,-5.7193,-46.4725,44.44444444444444,55.55555555555556,0.0,0.0,5,4,20.0,75.0,-29.218040000000002,23.654125000000004
pdf_level_reaction,10,level_first1bars_touch0_buf5_all,UP,1,0.2,0.2,9,44.44444444444444,-5.7193,-46.4725,44.44444444444444,55.55555555555556,0.0,0.0,5,4,20.0,75.0,-29.218040000000002,23.654125000000004
pdf_level_reaction,10,level_first1bars_touch5_buf5_all,UP,1,0.2,0.2,9,44.44444444444444,-5.7193,-46.4725,44.44444444444444,55.55555555555556,0.0,0.0,5,4,20.0,75.0,-29.218040000000002,23.654125000000004
pdf_level_reaction,10,level_first2bars_touch0_buf0_all,UP,2,0.2,0.2,9,44.44444444444444,-5.7193,-46.4725,44.44444444444444,55.55555555555556,0.0,0.0,5,4,20.0,75.0,-29.218040000000002,23.654125000000004
pdf_level_reaction,10,level_first3bars_touch0_buf0_all,UP,3,0.2,0.2,9,44.44444444444444,-5.7193,-46.4725,44.44444444444444,55.55555555555556,0.0,0.0,5,4,20.0,75.0,-29.218040000000002,23.654125000000004
pdf_level_reaction,10,level_first6bars_touch0_buf0_all,UP,6,0.2,0.2,9,44.44444444444444,-5.7193,-46.4725,44.44444444444444,55.55555555555556,0.0,0.0,5,4,20.0,75.0,-29.218040000000002,23.654125000000004
pdf_level_reaction,15,level_first1bars_touch0_buf0_all,UP,1,0.2,0.2,9,33.33333333333333,-16.2342,-47.4071,33.33333333333333,66.66666666666666,0.0,0.0,5,4,0.0,75.0,-48.173140000000004,23.689475
pdf_level_reaction,15,level_first1bars_touch5_buf0_all,UP,1,0.2,0.2,9,33.33333333333333,-16.2342,-47.4071,33.33333333333333,66.66666666666666,0.0,0.0,5,4,0.0,75.0,-48.173140000000004,23.689475
pdf_level_reaction,15,level_first2bars_touch0_buf0_all,UP,2,0.2,0.2,9,33.33333333333333,-16.2342,-47.4071,33.33333333333333,66.66666666666666,0.0,0.0,5,4,0.0,75.0,-48.173140000000004,23.689475
pdf_level_reaction,15,level_first4bars_touch0_buf0_all,UP,4,0.2,0.2,9,33.33333333333333,-16.2342,-47.4071,33.33333333333333,66.66666666666666,0.0,0.0,5,4,0.0,75.0,-48.173140000000004,23.689475
pdf_level_reaction,15,level_first2bars_touch10_buf5_all,DOWN,2,0.2,0.2,14,50.0,1.8098071428570914,12.837349999999638,50.0,42.857142857142854,7.142857142857142,0.0,7,7,28.57142857142857,71.42857142857143,-16.953357142857246,20.572971428571428
pdf_level_reaction,15,level_first2bars_touch15_buf5_all,DOWN,2,0.2,0.2,14,50.0,1.8098071428570914,12.837349999999638,50.0,42.857142857142854,7.142857142857142,0.0,7,7,28.57142857142857,71.42857142857143,-16.953357142857246,20.572971428571428
pdf_level_reaction,15,level_first4bars_touch10_buf5_all,DOWN,4,0.2,0.2,14,50.0,1.8098071428570914,12.837349999999638,50.0,42.857142857142854,7.142857142857142,0.0,7,7,28.57142857142857,71.42857142857143,-16.953357142857246,20.572971428571428
pdf_level_reaction,15,level_first4bars_touch15_buf5_all,DOWN,4,0.2,0.2,14,50.0,1.8098071428570914,12.837349999999638,50.0,42.857142857142854,7.142857142857142,0.0,7,7,28.57142857142857,71.42857142857143,-16.953357142857246,20.572971428571428
pdf_level_reaction,15,level_first2bars_touch10_buf10_all,DOWN,2,0.2,0.2,12,50.0,2.0847166666666044,12.837349999999638,50.0,41.66666666666667,8.333333333333332,0.0,5,7,20.0,71.42857142857143,-23.798840000000148,20.572971428571428
pdf_level_reaction,15,level_first2bars_touch15_buf10_all,DOWN,2,0.2,0.2,12,50.0,2.0847166666666044,12.837349999999638,50.0,41.66666666666667,8.333333333333332,0.0,5,7,20.0,71.42857142857143,-23.798840000000148,20.572971428571428
pdf_level_reaction,15,level_first4bars_touch10_buf10_all,DOWN,4,0.2,0.2,12,50.0,2.0847166666666044,12.837349999999638,50.0,41.66666666666667,8.333333333333332,0.0,5,7,20.0,71.42857142857143,-23.798840000000148,20.572971428571428
pdf_level_reaction,15,level_first4bars_touch15_buf10_all,DOWN,4,0.2,0.2,12,50.0,2.0847166666666044,12.837349999999638,50.0,41.66666666666667,8.333333333333332,0.0,5,7,20.0,71.42857142857143,-23.798840000000148,20.572971428571428
pdf_level_reaction,10,level_first1bars_touch10_buf10_all,DOWN,1,0.08,0.08,10,60.0,3.6589839999999993,18.67502,60.0,40.0,0.0,0.0,3,7,33.33333333333333,71.42857142857143,-6.448306666666666,7.990679999999999
pdf_level_reaction,10,level_first1bars_touch15_buf10_all,DOWN,1,0.08,0.08,10,60.0,3.6589839999999993,18.67502,60.0,40.0,0.0,0.0,3,7,33.33333333333333,71.42857142857143,-6.448306666666666,7.990679999999999
pdf_level_reaction,10,level_first2bars_touch10_buf10_all,DOWN,2,0.08,0.08,10,60.0,3.6589839999999993,18.67502,60.0,40.0,0.0,0.0,3,7,33.33333333333333,71.42857142857143,-6.448306666666666,7.990679999999999
pdf_level_reaction,10,level_first2bars_touch15_buf10_all,DOWN,2,0.08,0.08,10,60.0,3.6589839999999993,18.67502,60.0,40.0,0.0,0.0,3,7,33.33333333333333,71.42857142857143,-6.448306666666666,7.990679999999999
pdf_level_reaction,10,level_first3bars_touch10_buf10_all,DOWN,3,0.08,0.08,10,60.0,3.6589839999999993,18.67502,60.0,40.0,0.0,0.0,3,7,33.33333333333333,71.42857142857143,-6.448306666666666,7.990679999999999
pdf_level_reaction,10,level_first3bars_touch15_buf10_all,DOWN,3,0.08,0.08,10,60.0,3.6589839999999993,18.67502,60.0,40.0,0.0,0.0,3,7,33.33333333333333,71.42857142857143,-6.448306666666666,7.990679999999999
pdf_level_reaction,10,level_first6bars_touch10_buf10_all,DOWN,6,0.08,0.08,10,60.0,3.6589839999999993,18.67502,60.0,40.0,0.0,0.0,3,7,33.33333333333333,71.42857142857143,-6.448306666666666,7.990679999999999
pdf_level_reaction,10,level_first6bars_touch15_buf10_all,DOWN,6,0.08,0.08,10,60.0,3.6589839999999993,18.67502,60.0,40.0,0.0,0.0,3,7,33.33333333333333,71.42857142857143,-6.448306666666666,7.990679999999999
pdf_level_reaction,10,level_first6bars_touch15_buf10_all,UP,6,0.08,0.08,15,46.666666666666664,-1.3347493333333333,-18.589000000000002,46.666666666666664,53.333333333333336,0.0,0.0,12,3,41.66666666666667,66.66666666666666,-3.2354266666666667,6.2679599999999995
pdf_level_reaction,10,level_first6bars_touch15_buf10_all,UP,6,0.2,0.2,15,46.666666666666664,-3.344646666666665,-46.4725,46.666666666666664,53.333333333333336,0.0,0.0,12,3,41.66666666666667,66.66666666666666,-8.098283333333333,15.669900000000005
pdf_level_reaction,10,level_first6bars_touch10_buf10_all,UP,6,0.08,0.08,14,57.14285714285714,2.736774285714286,18.696440000000003,57.14285714285714,42.857142857142854,0.0,0.0,11,3,54.54545454545454,66.66666666666666,1.7737236363636362,6.2679599999999995
pdf_level_reaction,10,level_first6bars_touch10_buf10_all,UP,6,0.2,0.2,14,50.0,-0.11634999999999758,-0.007549999999994839,50.0,50.0,0.0,0.0,11,3,45.45454545454545,66.66666666666666,-4.421690909090907,15.669900000000005
pdf_level_reaction,15,level_first4bars_touch0_buf5_all,DOWN,4,0.3,0.3,13,53.84615384615385,7.187803846153902,37.400000000001455,46.15384615384615,38.46153846153847,15.384615384615385,0.0,7,6,42.857142857142854,66.66666666666666,-2.663600000000106,18.681108333333576
pdf_level_reaction,15,level_first2bars_touch5_buf5_all,DOWN,2,0.3,0.3,13,53.84615384615385,7.097076923076979,37.400000000001455,46.15384615384615,38.46153846153847,15.384615384615385,0.0,7,6,42.857142857142854,66.66666666666666,-2.8320928571429653,18.681108333333576
pdf_level_reaction,15,level_first4bars_touch5_buf5_all,DOWN,4,0.3,0.3,13,53.84615384615385,7.097076923076979,37.400000000001455,46.15384615384615,38.46153846153847,15.384615384615385,0.0,7,6,42.857142857142854,66.66666666666666,-2.8320928571429653,18.681108333333576
pdf_level_reaction,10,level_first2bars_touch10_buf10_all,UP,2,0.08,0.08,13,53.84615384615385,1.4690153846153844,18.58296,53.84615384615385,46.15384615384615,0.0,0.0,10,3,50.0,66.66666666666666,0.029331999999999782,6.2679599999999995
pdf_level_reaction,10,level_first3bars_touch10_buf10_all,UP,3,0.08,0.08,13,53.84615384615385,1.4690153846153844,18.58296,53.84615384615385,46.15384615384615,0.0,0.0,10,3,50.0,66.66666666666666,0.029331999999999782,6.2679599999999995
pdf_level_reaction,10,level_first2bars_touch15_buf10_all,UP,2,0.08,0.08,13,46.15384615384615,-1.5248676923076927,-18.589000000000002,46.15384615384615,53.84615384615385,0.0,0.0,10,3,40.0,66.66666666666666,-3.8627160000000003,6.2679599999999995
pdf_level_reaction,10,level_first3bars_touch15_buf10_all,UP,3,0.08,0.08,13,46.15384615384615,-1.5248676923076927,-18.589000000000002,46.15384615384615,53.84615384615385,0.0,0.0,10,3,40.0,66.66666666666666,-3.8627160000000003,6.2679599999999995
pdf_level_reaction,15,level_first2bars_touch5_buf5_all,DOWN,2,0.2,0.2,13,46.15384615384615,-1.6567230769231325,-21.200000000000728,46.15384615384615,46.15384615384615,7.6923076923076925,0.0,7,6,28.57142857142857,66.66666666666666,-16.953357142857246,16.189349999999994
pdf_level_reaction,15,level_first4bars_touch5_buf5_all,DOWN,4,0.2,0.2,13,46.15384615384615,-1.6567230769231325,-21.200000000000728,46.15384615384615,46.15384615384615,7.6923076923076925,0.0,7,6,28.57142857142857,66.66666666666666,-16.953357142857246,16.189349999999994
pdf_level_reaction,15,level_first4bars_touch15_buf10_all,UP,4,0.1,0.1,13,46.15384615384615,-1.9022499999999998,-23.52545,46.15384615384615,53.84615384615385,0.0,0.0,10,3,40.0,66.66666666666666,-4.827755,7.849433333333334
pdf_level_reaction,15,level_first4bars_touch15_buf10_all,UP,4,0.3,0.3,13,46.15384615384615,-3.305434615384559,-30.25,38.46153846153847,46.15384615384615,15.384615384615385,0.0,10,3,40.0,66.66666666666666,-11.361554999999926,23.548299999999998
pdf_level_reaction,10,level_first2bars_touch10_buf10_all,UP,2,0.2,0.2,13,46.15384615384615,-3.820999999999998,-46.4725,46.15384615384615,53.84615384615385,0.0,0.0,10,3,40.0,66.66666666666666,-9.668269999999998,15.669900000000005
pdf_level_reaction,10,level_first3bars_touch10_buf10_all,UP,3,0.2,0.2,13,46.15384615384615,-3.820999999999998,-46.4725,46.15384615384615,53.84615384615385,0.0,0.0,10,3,40.0,66.66666666666666,-9.668269999999998,15.669900000000005
pdf_level_reaction,10,level_first2bars_touch15_buf10_all,UP,2,0.2,0.2,13,46.15384615384615,-3.82113846153846,-46.4725,46.15384615384615,53.84615384615385,0.0,0.0,10,3,40.0,66.66666666666666,-9.668449999999998,15.669900000000005
pdf_level_reaction,10,level_first3bars_touch15_buf10_all,UP,3,0.2,0.2,13,46.15384615384615,-3.82113846153846,-46.4725,46.15384615384615,53.84615384615385,0.0,0.0,10,3,40.0,66.66666666666666,-9.668449999999998,15.669900000000005
pdf_level_reaction,15,level_first4bars_touch15_buf10_all,UP,4,0.15,0.15,13,38.46153846153847,-8.472871153846151,-35.555324999999996,38.46153846153847,61.53846153846154,0.0,0.0,10,3,30.0,66.66666666666666,-14.546977499999997,11.774149999999999
pdf_level_reaction,15,level_first4bars_touch0_buf5_all,DOWN,4,0.2,0.2,13,38.46153846153847,-9.163700000000055,-46.24190000000001,38.46153846153847,53.84615384615385,7.6923076923076925,0.0,7,6,14.285714285714285,66.66666666666666,-30.894885714285817,16.189349999999994
pdf_level_reaction,15,level_first4bars_touch15_buf10_all,UP,4,0.2,0.2,13,38.46153846153847,-11.297161538461541,-47.4071,38.46153846153847,61.53846153846154,0.0,0.0,10,3,30.0,66.66666666666666,-19.39597,15.698866666666667
pdf_level_reaction,15,level_first1bars_touch10_buf0_all,DOWN,1,0.3,0.3,12,58.333333333333336,16.136616666666665,53.89585000000073,50.0,25.0,25.0,0.0,6,6,50.0,66.66666666666666,8.77331666666654,23.49991666666679
pdf_level_reaction,15,level_first1bars_touch10_buf5_all,DOWN,1,0.3,0.3,12,58.333333333333336,16.136616666666665,53.89585000000073,50.0,25.0,25.0,0.0,6,6,50.0,66.66666666666666,8.77331666666654,23.49991666666679
pdf_level_reaction,15,level_first1bars_touch15_buf0_all,DOWN,1,0.3,0.3,12,58.333333333333336,16.136616666666665,53.89585000000073,50.0,25.0,25.0,0.0,6,6,50.0,66.66666666666666,8.77331666666654,23.49991666666679
pdf_level_reaction,15,level_first1bars_touch15_buf5_all,DOWN,1,0.3,0.3,12,58.333333333333336,16.136616666666665,53.89585000000073,50.0,25.0,25.0,0.0,6,6,50.0,66.66666666666666,8.77331666666654,23.49991666666679
pdf_level_reaction,15,level_first2bars_touch10_buf0_all,DOWN,2,0.3,0.3,12,58.333333333333336,16.136616666666665,53.89585000000073,50.0,25.0,25.0,0.0,6,6,50.0,66.66666666666666,8.77331666666654,23.49991666666679
pdf_level_reaction,15,level_first2bars_touch15_buf0_all,DOWN,2,0.3,0.3,12,58.333333333333336,16.136616666666665,53.89585000000073,50.0,25.0,25.0,0.0,6,6,50.0,66.66666666666666,8.77331666666654,23.49991666666679
pdf_level_reaction,15,level_first4bars_touch10_buf0_all,DOWN,4,0.3,0.3,12,58.333333333333336,16.136616666666665,53.89585000000073,50.0,25.0,25.0,0.0,6,6,50.0,66.66666666666666,8.77331666666654,23.49991666666679
pdf_level_reaction,15,level_first4bars_touch15_buf0_all,DOWN,4,0.3,0.3,12,58.333333333333336,16.136616666666665,53.89585000000073,50.0,25.0,25.0,0.0,6,6,50.0,66.66666666666666,8.77331666666654,23.49991666666679
pdf_level_reaction,15,level_first4bars_touch10_buf10_all,UP,4,0.3,0.3,12,50.0,2.484612500000061,16.725000000000364,41.66666666666667,41.66666666666667,16.666666666666664,0.0,9,3,44.44444444444444,66.66666666666666,-4.536616666666585,23.548299999999998
pdf_level_reaction,15,level_first2bars_touch0_buf5_all,DOWN,2,0.3,0.3,12,50.0,1.6382250000000613,8.100000000000364,41.66666666666667,41.66666666666667,16.666666666666664,0.0,6,6,33.33333333333333,66.66666666666666,-15.404658333333458,18.681108333333576
pdf_level_reaction,15,level_first4bars_touch10_buf10_all,UP,4,0.1,0.1,12,50.0,-0.03893750000000088,-0.13669999999999938,50.0,50.0,0.0,0.0,9,3,44.44444444444444,66.66666666666666,-2.668394444444446,7.849433333333334
pdf_level_reaction,15,level_first1bars_touch10_buf0_all,DOWN,1,0.08,0.08,12,50.0,-0.1620433333333334,-0.1656999999999993,50.0,50.0,0.0,0.0,6,6,33.33333333333333,66.66666666666666,-6.50188,6.177793333333334
pdf_level_reaction,15,level_first1bars_touch10_buf5_all,DOWN,1,0.08,0.08,12,50.0,-0.1620433333333334,-0.1656999999999993,50.0,50.0,0.0,0.0,6,6,33.33333333333333,66.66666666666666,-6.50188,6.177793333333334
pdf_level_reaction,15,level_first1bars_touch15_buf0_all,DOWN,1,0.08,0.08,12,50.0,-0.1620433333333334,-0.1656999999999993,50.0,50.0,0.0,0.0,6,6,33.33333333333333,66.66666666666666,-6.50188,6.177793333333334
pdf_level_reaction,15,level_first1bars_touch15_buf5_all,DOWN,1,0.08,0.08,12,50.0,-0.1620433333333334,-0.1656999999999993,50.0,50.0,0.0,0.0,6,6,33.33333333333333,66.66666666666666,-6.50188,6.177793333333334
pdf_level_reaction,15,level_first2bars_touch10_buf0_all,DOWN,2,0.08,0.08,12,50.0,-0.1620433333333334,-0.1656999999999993,50.0,50.0,0.0,0.0,6,6,33.33333333333333,66.66666666666666,-6.50188,6.177793333333334
pdf_level_reaction,15,level_first2bars_touch15_buf0_all,DOWN,2,0.08,0.08,12,50.0,-0.1620433333333334,-0.1656999999999993,50.0,50.0,0.0,0.0,6,6,33.33333333333333,66.66666666666666,-6.50188,6.177793333333334
pdf_level_reaction,15,level_first4bars_touch10_buf0_all,DOWN,4,0.08,0.08,12,50.0,-0.1620433333333334,-0.1656999999999993,50.0,50.0,0.0,0.0,6,6,33.33333333333333,66.66666666666666,-6.50188,6.177793333333334
pdf_level_reaction,15,level_first4bars_touch15_buf0_all,DOWN,4,0.08,0.08,12,50.0,-0.1620433333333334,-0.1656999999999993,50.0,50.0,0.0,0.0,6,6,33.33333333333333,66.66666666666666,-6.50188,6.177793333333334
pdf_level_reaction,15,level_first2bars_touch0_buf5_all,DOWN,2,0.2,0.2,12,41.66666666666667,-5.82830000000006,-33.72095000000037,41.66666666666667,50.0,8.333333333333332,0.0,6,6,16.666666666666664,66.66666666666666,-27.84595000000012,16.189349999999994
pdf_level_reaction,15,level_first4bars_touch10_buf10_all,UP,4,0.15,0.15,12,41.66666666666667,-6.1461937499999975,-35.42175,41.66666666666667,58.333333333333336,0.0,0.0,9,3,33.33333333333333,66.66666666666666,-12.119641666666663,11.774149999999999
pdf_level_reaction,15,level_first4bars_touch10_buf10_all,UP,4,0.2,0.2,12,41.66666666666667,-8.194925000000005,-47.229,41.66666666666667,58.333333333333336,0.0,0.0,9,3,33.33333333333333,66.66666666666666,-16.15952222222223,15.698866666666667
pdf_level_reaction,15,level_first2bars_touch5_buf10_all,DOWN,2,0.3,0.3,11,54.54545454545454,8.343722727272793,37.400000000001455,45.45454545454545,36.36363636363637,18.181818181818183,0.0,5,6,40.0,66.66666666666666,-4.061140000000148,18.681108333333576
pdf_level_reaction,10,level_first2bars_touch5_buf10_all,DOWN,2,0.3,0.3,11,54.54545454545454,7.776172727272795,44.400000000001455,45.45454545454545,36.36363636363637,18.181818181818183,0.0,5,6,40.0,66.66666666666666,-6.297070000000142,19.50387500000024
pdf_level_reaction,10,level_first3bars_touch5_buf10_all,DOWN,3,0.3,0.3,11,54.54545454545454,7.776172727272795,44.400000000001455,45.45454545454545,36.36363636363637,18.181818181818183,0.0,5,6,40.0,66.66666666666666,-6.297070000000142,19.50387500000024
pdf_level_reaction,10,level_first6bars_touch5_buf10_all,DOWN,6,0.3,0.3,11,54.54545454545454,7.776172727272795,44.400000000001455,45.45454545454545,36.36363636363637,18.181818181818183,0.0,5,6,40.0,66.66666666666666,-6.297070000000142,19.50387500000024
pdf_level_reaction,10,level_first2bars_touch5_buf10_all,DOWN,2,0.08,0.08,11,45.45454545454545,-1.9162327272727273,-19.042720000000003,45.45454545454545,54.54545454545454,0.0,0.0,5,6,20.0,66.66666666666666,-11.654087999999998,6.198646666666666
pdf_level_reaction,10,level_first3bars_touch5_buf10_all,DOWN,3,0.08,0.08,11,45.45454545454545,-1.9162327272727273,-19.042720000000003,45.45454545454545,54.54545454545454,0.0,0.0,5,6,20.0,66.66666666666666,-11.654087999999998,6.198646666666666
pdf_level_reaction,10,level_first6bars_touch5_buf10_all,DOWN,6,0.08,0.08,11,45.45454545454545,-1.9162327272727273,-19.042720000000003,45.45454545454545,54.54545454545454,0.0,0.0,5,6,20.0,66.66666666666666,-11.654087999999998,6.198646666666666
pdf_level_reaction,15,level_first2bars_touch5_buf10_all,DOWN,2,0.2,0.2,11,45.45454545454545,-1.9871000000000685,-21.200000000000728,45.45454545454545,45.45454545454545,9.090909090909092,0.0,5,6,20.0,66.66666666666666,-23.798840000000148,16.189349999999994
pdf_level_reaction,15,level_first2bars_touch15_buf10_all,UP,2,0.1,0.1,11,45.45454545454545,-2.2253500000000006,-23.52545,45.45454545454545,54.54545454545454,0.0,0.0,8,3,37.5,66.66666666666666,-6.003393750000001,7.849433333333334
pdf_level_reaction,15,level_first2bars_touch10_buf10_all,UP,2,0.1,0.1,11,45.45454545454545,-2.2259545454545466,-23.52545,45.45454545454545,54.54545454545454,0.0,0.0,8,3,37.5,66.66666666666666,-6.004225000000002,7.849433333333334
pdf_level_reaction,15,level_first4bars_touch15_buf5_all,UP,4,0.3,0.3,11,45.45454545454545,-2.791845454545455,-18.450000000000728,36.36363636363637,45.45454545454545,18.181818181818183,0.0,8,3,37.5,66.66666666666666,-12.675418749999999,23.564349999999994
pdf_level_reaction,15,level_first2bars_touch15_buf10_all,UP,2,0.3,0.3,11,45.45454545454545,-3.838131818181752,-30.25,36.36363636363637,45.45454545454545,18.181818181818183,0.0,8,3,37.5,66.66666666666666,-14.108043749999908,23.548299999999998
pdf_level_reaction,15,level_first2bars_touch10_buf10_all,UP,2,0.3,0.3,11,45.45454545454545,-3.8399454545453877,-30.25,36.36363636363637,45.45454545454545,18.181818181818183,0.0,8,3,37.5,66.66666666666666,-14.110537499999907,23.548299999999998
pdf_level_reaction,15,level_first4bars_touch15_buf5_all,UP,4,0.08,0.08,11,36.36363636363637,-5.291025454545456,-18.96284,36.36363636363637,63.63636363636363,0.0,9.090909090909092,8,3,25.0,66.66666666666666,-9.683065000000001,6.42108
pdf_level_reaction,10,level_first6bars_touch0_buf10_all,UP,6,0.08,0.08,11,36.36363636363637,-5.3813818181818185,-18.985120000000002,36.36363636363637,63.63636363636363,0.0,0.0,8,3,25.0,66.66666666666666,-9.749885,6.2679599999999995
pdf_level_reaction,10,level_first3bars_touch5_buf10_all,UP,3,0.08,0.08,11,36.36363636363637,-5.384250909090909,-18.985120000000002,36.36363636363637,63.63636363636363,0.0,0.0,8,3,25.0,66.66666666666666,-9.75383,6.2679599999999995
pdf_level_reaction,10,level_first6bars_touch5_buf10_all,UP,6,0.08,0.08,11,36.36363636363637,-5.384250909090909,-18.985120000000002,36.36363636363637,63.63636363636363,0.0,0.0,8,3,25.0,66.66666666666666,-9.75383,6.2679599999999995
pdf_level_reaction,15,level_first2bars_touch15_buf10_all,UP,2,0.15,0.15,11,36.36363636363637,-9.979247727272725,-35.555324999999996,36.36363636363637,63.63636363636363,0.0,0.0,8,3,25.0,66.66666666666666,-18.136771874999997,11.774149999999999
pdf_level_reaction,15,level_first2bars_touch10_buf10_all,UP,2,0.15,0.15,11,36.36363636363637,-9.980154545454543,-35.555324999999996,36.36363636363637,63.63636363636363,0.0,0.0,8,3,25.0,66.66666666666666,-18.138018749999997,11.774149999999999
pdf_level_reaction,15,level_first4bars_touch15_buf5_all,UP,4,0.15,0.15,11,36.36363636363637,-9.99085909090909,-35.555324999999996,36.36363636363637,63.63636363636363,0.0,0.0,8,3,25.0,66.66666666666666,-18.155746875,11.782174999999997
pdf_level_reaction,15,level_first2bars_touch15_buf10_all,UP,2,0.2,0.2,11,36.36363636363637,-13.305663636363642,-47.4071,36.36363636363637,63.63636363636363,0.0,0.0,8,3,25.0,66.66666666666666,-24.182362500000004,15.698866666666667
pdf_level_reaction,15,level_first2bars_touch10_buf10_all,UP,2,0.2,0.2,11,36.36363636363637,-13.306872727272735,-47.4071,36.36363636363637,63.63636363636363,0.0,0.0,8,3,25.0,66.66666666666666,-24.184025000000005,15.698866666666667
pdf_level_reaction,10,level_first6bars_touch0_buf10_all,UP,6,0.2,0.2,11,36.36363636363637,-13.453454545454543,-47.46280000000001,36.36363636363637,63.63636363636363,0.0,0.0,8,3,25.0,66.66666666666666,-24.374712499999998,15.669900000000005
pdf_level_reaction,10,level_first3bars_touch5_buf10_all,UP,3,0.2,0.2,11,36.36363636363637,-13.460627272727272,-47.46280000000001,36.36363636363637,63.63636363636363,0.0,0.0,8,3,25.0,66.66666666666666,-24.384575,15.669900000000005
pdf_level_reaction,10,level_first6bars_touch5_buf10_all,UP,6,0.2,0.2,11,36.36363636363637,-13.460627272727272,-47.46280000000001,36.36363636363637,63.63636363636363,0.0,0.0,8,3,25.0,66.66666666666666,-24.384575,15.669900000000005
pdf_level_reaction,15,level_first1bars_touch10_buf10_all,DOWN,1,0.3,0.3,10,60.0,19.315834999999996,53.89585000000073,50.0,20.0,30.0,0.0,4,6,50.0,66.66666666666666,13.039712499999812,23.49991666666679
pdf_level_reaction,15,level_first1bars_touch15_buf10_all,DOWN,1,0.3,0.3,10,60.0,19.315834999999996,53.89585000000073,50.0,20.0,30.0,0.0,4,6,50.0,66.66666666666666,13.039712499999812,23.49991666666679
pdf_level_reaction,15,level_first4bars_touch10_buf5_all,UP,4,0.3,0.3,10,50.0,4.207570000000001,22.625,40.0,40.0,20.0,0.0,7,3,42.857142857142854,66.66666666666666,-4.088192857142857,23.564349999999994
pdf_level_reaction,15,level_first1bars_touch10_buf10_all,DOWN,1,0.08,0.08,10,60.0,3.688904,18.67824,60.0,40.0,0.0,0.0,4,6,50.0,66.66666666666666,-0.0444299999999993,6.177793333333334
pdf_level_reaction,15,level_first1bars_touch15_buf10_all,DOWN,1,0.08,0.08,10,60.0,3.688904,18.67824,60.0,40.0,0.0,0.0,4,6,50.0,66.66666666666666,-0.0444299999999993,6.177793333333334
pdf_level_reaction,15,level_first2bars_touch0_buf10_all,DOWN,2,0.3,0.3,10,50.0,1.9177650000000726,8.100000000000364,40.0,40.0,20.0,0.0,4,6,25.0,66.66666666666666,-23.227250000000183,18.681108333333576
pdf_level_reaction,15,level_first4bars_touch10_buf5_all,UP,4,0.08,0.08,10,40.0,-3.879167999999999,-18.78224,40.0,60.0,0.0,10.0,7,3,28.57142857142857,66.66666666666666,-8.29356,6.42108
pdf_level_reaction,10,level_first3bars_touch0_buf10_all,UP,3,0.08,0.08,10,40.0,-3.9505480000000004,-18.787060000000004,40.0,60.0,0.0,0.0,7,3,28.57142857142857,66.66666666666666,-8.329908571428572,6.2679599999999995
pdf_level_reaction,10,level_first2bars_touch5_buf10_all,UP,2,0.08,0.08,10,40.0,-3.9524320000000004,-18.787060000000004,40.0,60.0,0.0,0.0,7,3,28.57142857142857,66.66666666666666,-8.3326,6.2679599999999995
pdf_level_reaction,10,level_first1bars_touch15_buf10_all,UP,1,0.08,0.08,10,40.0,-3.9608879999999997,-18.787060000000004,40.0,60.0,0.0,0.0,7,3,28.57142857142857,66.66666666666666,-8.34468,6.2679599999999995
pdf_level_reaction,15,level_first2bars_touch0_buf10_all,DOWN,2,0.2,0.2,10,40.0,-7.026030000000074,-33.72095000000037,40.0,50.0,10.0,0.0,4,6,0.0,66.66666666666666,-41.849100000000185,16.189349999999994
pdf_level_reaction,15,level_first4bars_touch10_buf5_all,UP,4,0.15,0.15,10,40.0,-7.350645,-35.4097125,40.0,60.0,0.0,0.0,7,3,28.57142857142857,66.66666666666666,-15.550424999999999,11.782174999999997
pdf_level_reaction,10,level_first3bars_touch0_buf10_all,UP,3,0.2,0.2,10,40.0,-9.87637,-46.967650000000006,40.0,60.0,0.0,0.0,7,3,28.57142857142857,66.66666666666666,-20.82477142857143,15.669900000000005
pdf_level_reaction,10,level_first2bars_touch5_buf10_all,UP,2,0.2,0.2,10,40.0,-9.88108,-46.967650000000006,40.0,60.0,0.0,0.0,7,3,28.57142857142857,66.66666666666666,-20.831500000000002,15.669900000000005
pdf_level_reaction,10,level_first1bars_touch15_buf10_all,UP,1,0.2,0.2,10,40.0,-9.91388,-46.967650000000006,40.0,60.0,0.0,0.0,7,3,28.57142857142857,66.66666666666666,-20.878357142857144,15.669900000000005
pdf_level_reaction,10,level_first2bars_touch0_buf10_all,DOWN,2,0.3,0.3,9,55.55555555555556,9.53341111111119,44.400000000001455,44.44444444444444,33.33333333333333,22.22222222222222,0.0,3,6,33.33333333333333,66.66666666666666,-10.407516666666908,19.50387500000024
pdf_level_reaction,10,level_first3bars_touch0_buf10_all,DOWN,3,0.3,0.3,9,55.55555555555556,9.53341111111119,44.400000000001455,44.44444444444444,33.33333333333333,22.22222222222222,0.0,3,6,33.33333333333333,66.66666666666666,-10.407516666666908,19.50387500000024
pdf_level_reaction,10,level_first6bars_touch0_buf10_all,DOWN,6,0.3,0.3,9,55.55555555555556,9.53341111111119,44.400000000001455,44.44444444444444,33.33333333333333,22.22222222222222,0.0,3,6,33.33333333333333,66.66666666666666,-10.407516666666908,19.50387500000024
pdf_level_reaction,10,level_first1bars_touch5_buf10_all,DOWN,1,0.3,0.3,9,55.55555555555556,9.493411111111191,44.400000000001455,44.44444444444444,33.33333333333333,22.22222222222222,0.0,3,6,33.33333333333333,66.66666666666666,-10.527516666666907,19.50387500000024
pdf_level_reaction,10,level_first1bars_touch5_buf10_all,DOWN,1,0.08,0.08,9,55.55555555555556,1.9829955555555547,18.60716,55.55555555555556,44.44444444444444,0.0,0.0,3,6,33.33333333333333,66.66666666666666,-6.448306666666666,6.198646666666666
pdf_level_reaction,10,level_first1bars_touch10_buf10_all,UP,1,0.08,0.08,9,44.44444444444444,-2.238777777777778,-18.589000000000002,44.44444444444444,55.55555555555556,0.0,0.0,6,3,33.33333333333333,66.66666666666666,-6.492146666666666,6.2679599999999995
pdf_level_reaction,10,level_first2bars_touch0_buf10_all,DOWN,2,0.08,0.08,9,44.44444444444444,-2.3342755555555565,-19.042720000000003,44.44444444444444,55.55555555555556,0.0,0.0,3,6,0.0,66.66666666666666,-19.40012,6.198646666666666
pdf_level_reaction,10,level_first3bars_touch0_buf10_all,DOWN,3,0.08,0.08,9,44.44444444444444,-2.3342755555555565,-19.042720000000003,44.44444444444444,55.55555555555556,0.0,0.0,3,6,0.0,66.66666666666666,-19.40012,6.198646666666666
pdf_level_reaction,10,level_first6bars_touch0_buf10_all,DOWN,6,0.08,0.08,9,44.44444444444444,-2.3342755555555565,-19.042720000000003,44.44444444444444,55.55555555555556,0.0,0.0,3,6,0.0,66.66666666666666,-19.40012,6.198646666666666
pdf_level_reaction,15,level_first2bars_touch5_buf5_all,UP,2,0.3,0.3,9,44.44444444444444,-3.323355555555556,-18.450000000000728,33.33333333333333,44.44444444444444,22.22222222222222,0.0,6,3,33.33333333333333,66.66666666666666,-16.767208333333333,23.564349999999994
pdf_level_reaction,15,level_first4bars_touch5_buf5_all,UP,4,0.3,0.3,9,44.44444444444444,-3.323355555555556,-18.450000000000728,33.33333333333333,44.44444444444444,22.22222222222222,0.0,6,3,33.33333333333333,66.66666666666666,-16.767208333333333,23.564349999999994
pdf_level_reaction,15,level_first2bars_touch15_buf5_all,UP,2,0.3,0.3,9,44.44444444444444,-3.3287888888888895,-18.450000000000728,33.33333333333333,44.44444444444444,22.22222222222222,0.0,6,3,33.33333333333333,66.66666666666666,-16.775358333333333,23.564349999999994
pdf_level_reaction,15,level_first2bars_touch10_buf5_all,UP,2,0.3,0.3,9,44.44444444444444,-3.3310055555555556,-18.450000000000728,33.33333333333333,44.44444444444444,22.22222222222222,0.0,6,3,33.33333333333333,66.66666666666666,-16.778683333333333,23.564349999999994
pdf_level_reaction,15,level_first2bars_touch5_buf5_all,UP,2,0.08,0.08,9,33.33333333333333,-6.4431022222222225,-18.96284,33.33333333333333,66.66666666666666,0.0,11.11111111111111,6,3,16.666666666666664,66.66666666666666,-12.875193333333334,6.42108
pdf_level_reaction,15,level_first4bars_touch5_buf5_all,UP,4,0.08,0.08,9,33.33333333333333,-6.4431022222222225,-18.96284,33.33333333333333,66.66666666666666,0.0,11.11111111111111,6,3,16.666666666666664,66.66666666666666,-12.875193333333334,6.42108
pdf_level_reaction,15,level_first2bars_touch15_buf5_all,UP,2,0.08,0.08,9,33.33333333333333,-6.444551111111112,-18.96284,33.33333333333333,66.66666666666666,0.0,11.11111111111111,6,3,16.666666666666664,66.66666666666666,-12.877366666666665,6.42108
pdf_level_reaction,15,level_first2bars_touch10_buf5_all,UP,2,0.08,0.08,9,33.33333333333333,-6.4451422222222225,-18.96284,33.33333333333333,66.66666666666666,0.0,11.11111111111111,6,3,16.666666666666664,66.66666666666666,-12.878253333333333,6.42108
pdf_level_reaction,10,level_first2bars_touch0_buf10_all,UP,2,0.08,0.08,9,33.33333333333333,-6.55388,-18.985120000000002,33.33333333333333,66.66666666666666,0.0,0.0,6,3,16.666666666666664,66.66666666666666,-12.964799999999999,6.2679599999999995
pdf_level_reaction,15,level_first2bars_touch5_buf5_all,UP,2,0.15,0.15,9,33.33333333333333,-12.1666,-35.555324999999996,33.33333333333333,66.66666666666666,0.0,0.0,6,3,16.666666666666664,66.66666666666666,-24.140987499999998,11.782174999999997
pdf_level_reaction,15,level_first4bars_touch5_buf5_all,UP,4,0.15,0.15,9,33.33333333333333,-12.1666,-35.555324999999996,33.33333333333333,66.66666666666666,0.0,0.0,6,3,16.666666666666664,66.66666666666666,-24.140987499999998,11.782174999999997
pdf_level_reaction,15,level_first2bars_touch15_buf5_all,UP,2,0.15,0.15,9,33.33333333333333,-12.169316666666667,-35.555324999999996,33.33333333333333,66.66666666666666,0.0,0.0,6,3,16.666666666666664,66.66666666666666,-24.145062499999998,11.782174999999997
pdf_level_reaction,15,level_first2bars_touch10_buf5_all,UP,2,0.15,0.15,9,33.33333333333333,-12.170425000000002,-35.555324999999996,33.33333333333333,66.66666666666666,0.0,0.0,6,3,16.666666666666664,66.66666666666666,-24.146725,11.782174999999997
pdf_level_reaction,10,level_first2bars_touch0_buf10_all,UP,2,0.2,0.2,9,33.33333333333333,-16.3847,-47.46280000000001,33.33333333333333,66.66666666666666,0.0,0.0,6,3,16.666666666666664,66.66666666666666,-32.412,15.669900000000005
pdf_level_reaction,10,level_first1bars_touch10_buf10_all,UP,1,0.2,0.2,9,33.33333333333333,-16.420944444444444,-47.46280000000001,33.33333333333333,66.66666666666666,0.0,0.0,6,3,16.666666666666664,66.66666666666666,-32.466366666666666,15.669900000000005
pdf_level_reaction,10,level_first1bars_touch10_buf5_all,DOWN,1,0.3,0.3,8,62.5,22.525924999999997,57.41130000000073,50.0,12.5,37.5,0.0,2,6,50.0,66.66666666666666,20.48697499999964,23.20557500000012
pdf_level_reaction,10,level_first1bars_touch15_buf5_all,DOWN,1,0.3,0.3,8,62.5,22.525924999999997,57.41130000000073,50.0,12.5,37.5,0.0,2,6,50.0,66.66666666666666,20.48697499999964,23.20557500000012
pdf_level_reaction,10,level_first2bars_touch10_buf5_all,DOWN,2,0.3,0.3,8,62.5,22.525924999999997,57.41130000000073,50.0,12.5,37.5,0.0,2,6,50.0,66.66666666666666,20.48697499999964,23.20557500000012
pdf_level_reaction,10,level_first2bars_touch15_buf5_all,DOWN,2,0.3,0.3,8,62.5,22.525924999999997,57.41130000000073,50.0,12.5,37.5,0.0,2,6,50.0,66.66666666666666,20.48697499999964,23.20557500000012
pdf_level_reaction,10,level_first3bars_touch10_buf5_all,DOWN,3,0.3,0.3,8,62.5,22.525924999999997,57.41130000000073,50.0,12.5,37.5,0.0,2,6,50.0,66.66666666666666,20.48697499999964,23.20557500000012
pdf_level_reaction,10,level_first3bars_touch15_buf5_all,DOWN,3,0.3,0.3,8,62.5,22.525924999999997,57.41130000000073,50.0,12.5,37.5,0.0,2,6,50.0,66.66666666666666,20.48697499999964,23.20557500000012
pdf_level_reaction,10,level_first6bars_touch10_buf5_all,DOWN,6,0.3,0.3,8,62.5,22.525924999999997,57.41130000000073,50.0,12.5,37.5,0.0,2,6,50.0,66.66666666666666,20.48697499999964,23.20557500000012
pdf_level_reaction,10,level_first6bars_touch15_buf5_all,DOWN,6,0.3,0.3,8,62.5,22.525924999999997,57.41130000000073,50.0,12.5,37.5,0.0,2,6,50.0,66.66666666666666,20.48697499999964,23.20557500000012
pdf_level_reaction,10,level_first1bars_touch10_buf5_all,DOWN,1,0.2,0.2,8,62.5,13.89464999999991,46.9028,62.5,25.0,12.5,0.0,2,6,50.0,66.66666666666666,8.374649999999637,15.734650000000002
pdf_level_reaction,10,level_first1bars_touch15_buf5_all,DOWN,1,0.2,0.2,8,62.5,13.89464999999991,46.9028,62.5,25.0,12.5,0.0,2,6,50.0,66.66666666666666,8.374649999999637,15.734650000000002
pdf_level_reaction,10,level_first2bars_touch10_buf5_all,DOWN,2,0.2,0.2,8,62.5,13.89464999999991,46.9028,62.5,25.0,12.5,0.0,2,6,50.0,66.66666666666666,8.374649999999637,15.734650000000002
pdf_level_reaction,10,level_first2bars_touch15_buf5_all,DOWN,2,0.2,0.2,8,62.5,13.89464999999991,46.9028,62.5,25.0,12.5,0.0,2,6,50.0,66.66666666666666,8.374649999999637,15.734650000000002
pdf_level_reaction,10,level_first3bars_touch10_buf5_all,DOWN,3,0.2,0.2,8,62.5,13.89464999999991,46.9028,62.5,25.0,12.5,0.0,2,6,50.0,66.66666666666666,8.374649999999637,15.734650000000002
pdf_level_reaction,10,level_first3bars_touch15_buf5_all,DOWN,3,0.2,0.2,8,62.5,13.89464999999991,46.9028,62.5,25.0,12.5,0.0,2,6,50.0,66.66666666666666,8.374649999999637,15.734650000000002
pdf_level_reaction,10,level_first6bars_touch10_buf5_all,DOWN,6,0.2,0.2,8,62.5,13.89464999999991,46.9028,62.5,25.0,12.5,0.0,2,6,50.0,66.66666666666666,8.374649999999637,15.734650000000002
pdf_level_reaction,10,level_first6bars_touch15_buf5_all,DOWN,6,0.2,0.2,8,62.5,13.89464999999991,46.9028,62.5,25.0,12.5,0.0,2,6,50.0,66.66666666666666,8.374649999999637,15.734650000000002
pdf_level_reaction,15,level_first1bars_touch15_buf5_all,UP,1,0.3,0.3,8,50.0,5.486937499999998,22.625,37.5,37.5,25.0,0.0,5,3,40.0,66.66666666666666,-5.3595099999999976,23.564349999999994
pdf_level_reaction,15,level_first4bars_touch0_buf5_inst,DOWN,4,0.08,0.08,8,62.5,4.720260000000001,18.834760000000003,62.5,37.5,0.0,0.0,5,3,60.0,66.66666666666666,3.8052240000000004,6.24532
pdf_level_reaction,15,level_first4bars_touch5_buf5_inst,DOWN,4,0.08,0.08,8,62.5,4.720260000000001,18.834760000000003,62.5,37.5,0.0,0.0,5,3,60.0,66.66666666666666,3.8052240000000004,6.24532
pdf_level_reaction,15,level_first4bars_touch10_buf5_inst,DOWN,4,0.08,0.08,8,62.5,4.720260000000001,18.834760000000003,62.5,37.5,0.0,0.0,5,3,60.0,66.66666666666666,3.8052240000000004,6.24532
pdf_level_reaction,15,level_first4bars_touch15_buf5_inst,DOWN,4,0.08,0.08,8,62.5,4.720260000000001,18.834760000000003,62.5,37.5,0.0,0.0,5,3,60.0,66.66666666666666,3.8052240000000004,6.24532
pdf_level_reaction,15,level_first4bars_touch0_buf5_inst,DOWN,4,0.3,0.3,8,50.0,1.713206250000182,5.325000000000728,37.5,37.5,25.0,0.0,5,3,40.0,66.66666666666666,-3.9711100000001465,11.187066666667397
pdf_level_reaction,15,level_first4bars_touch5_buf5_inst,DOWN,4,0.3,0.3,8,50.0,1.713206250000182,5.325000000000728,37.5,37.5,25.0,0.0,5,3,40.0,66.66666666666666,-3.9711100000001465,11.187066666667397
pdf_level_reaction,15,level_first4bars_touch10_buf5_inst,DOWN,4,0.3,0.3,8,50.0,1.713206250000182,5.325000000000728,37.5,37.5,25.0,0.0,5,3,40.0,66.66666666666666,-3.9711100000001465,11.187066666667397
pdf_level_reaction,15,level_first4bars_touch15_buf5_inst,DOWN,4,0.3,0.3,8,50.0,1.713206250000182,5.325000000000728,37.5,37.5,25.0,0.0,5,3,40.0,66.66666666666666,-3.9711100000001465,11.187066666667397
pdf_level_reaction,10,level_first1bars_touch0_buf10_all,DOWN,1,0.3,0.3,8,50.0,1.595843750000089,6.350000000000364,37.5,37.5,25.0,0.0,2,6,0.0,66.66666666666666,-52.128250000000364,19.50387500000024
pdf_level_reaction,10,level_first1bars_touch0_buf10_all,DOWN,1,0.08,0.08,8,50.0,-0.19159499999999952,-0.2177800000000012,50.0,50.0,0.0,0.0,2,6,0.0,66.66666666666666,-19.36232,6.198646666666666
pdf_level_reaction,15,level_first1bars_touch15_buf5_all,UP,1,0.08,0.08,8,37.5,-4.7883,-18.78224,37.5,62.5,0.0,12.5,5,3,20.0,66.66666666666666,-11.513928,6.42108
pdf_level_reaction,10,level_first1bars_touch0_buf10_all,UP,1,0.08,0.08,8,37.5,-4.954025,-18.787060000000004,37.5,62.5,0.0,0.0,5,3,20.0,66.66666666666666,-11.687216,6.2679599999999995
pdf_level_reaction,10,level_first1bars_touch5_buf10_all,UP,1,0.08,0.08,8,37.5,-4.954025,-18.787060000000004,37.5,62.5,0.0,0.0,5,3,20.0,66.66666666666666,-11.687216,6.2679599999999995
pdf_level_reaction,15,level_first1bars_touch15_buf5_all,UP,1,0.15,0.15,8,37.5,-9.074568750000001,-35.4097125,37.5,62.5,0.0,0.0,5,3,20.0,66.66666666666666,-21.588614999999997,11.782174999999997
pdf_level_reaction,10,level_first1bars_touch0_buf10_all,UP,1,0.2,0.2,8,37.5,-12.3850625,-46.967650000000006,37.5,62.5,0.0,0.0,5,3,20.0,66.66666666666666,-29.218040000000002,15.669900000000005
pdf_level_reaction,10,level_first1bars_touch5_buf10_all,UP,1,0.2,0.2,8,37.5,-12.3850625,-46.967650000000006,37.5,62.5,0.0,0.0,5,3,20.0,66.66666666666666,-29.218040000000002,15.669900000000005
pdf_level_reaction,10,level_first2bars_touch0_buf0_inst,DOWN,2,0.2,0.2,7,71.42857142857143,23.2249999999999,47.676500000000004,71.42857142857143,14.285714285714285,14.285714285714285,0.0,4,3,75.0,66.66666666666666,28.516099999999817,16.170200000000005
pdf_level_reaction,10,level_first3bars_touch0_buf0_inst,DOWN,3,0.2,0.2,7,71.42857142857143,23.2249999999999,47.676500000000004,71.42857142857143,14.285714285714285,14.285714285714285,0.0,4,3,75.0,66.66666666666666,28.516099999999817,16.170200000000005
pdf_level_reaction,10,level_first6bars_touch0_buf0_inst,DOWN,6,0.2,0.2,7,71.42857142857143,23.2249999999999,47.676500000000004,71.42857142857143,14.285714285714285,14.285714285714285,0.0,4,3,75.0,66.66666666666666,28.516099999999817,16.170200000000005
pdf_level_reaction,15,level_first1bars_touch10_buf5_all,UP,1,0.3,0.3,7,57.14285714285714,16.822814285714283,63.70000000000073,42.857142857142854,28.57142857142857,28.57142857142857,0.0,4,3,50.0,66.66666666666666,11.766662500000002,23.564349999999994
pdf_level_reaction,15,level_first1bars_touch0_buf0_inst,DOWN,1,0.3,0.3,7,57.14285714285714,13.102885714285815,37.400000000001455,42.857142857142854,28.57142857142857,28.57142857142857,0.0,4,3,50.0,66.66666666666666,13.152249999999814,13.037066666667153
pdf_level_reaction,15,level_first1bars_touch5_buf0_inst,DOWN,1,0.3,0.3,7,57.14285714285714,13.102885714285815,37.400000000001455,42.857142857142854,28.57142857142857,28.57142857142857,0.0,4,3,50.0,66.66666666666666,13.152249999999814,13.037066666667153
pdf_level_reaction,15,level_first1bars_touch10_buf0_inst,DOWN,1,0.3,0.3,7,57.14285714285714,13.102885714285815,37.400000000001455,42.857142857142854,28.57142857142857,28.57142857142857,0.0,4,3,50.0,66.66666666666666,13.152249999999814,13.037066666667153
pdf_level_reaction,15,level_first1bars_touch15_buf0_inst,DOWN,1,0.3,0.3,7,57.14285714285714,13.102885714285815,37.400000000001455,42.857142857142854,28.57142857142857,28.57142857142857,0.0,4,3,50.0,66.66666666666666,13.152249999999814,13.037066666667153
pdf_level_reaction,15,level_first2bars_touch0_buf0_inst,DOWN,2,0.3,0.3,7,57.14285714285714,13.102885714285815,37.400000000001455,42.857142857142854,28.57142857142857,28.57142857142857,0.0,4,3,50.0,66.66666666666666,13.152249999999814,13.037066666667153
pdf_level_reaction,15,level_first2bars_touch5_buf0_inst,DOWN,2,0.3,0.3,7,57.14285714285714,13.102885714285815,37.400000000001455,42.857142857142854,28.57142857142857,28.57142857142857,0.0,4,3,50.0,66.66666666666666,13.152249999999814,13.037066666667153
pdf_level_reaction,15,level_first2bars_touch10_buf0_inst,DOWN,2,0.3,0.3,7,57.14285714285714,13.102885714285815,37.400000000001455,42.857142857142854,28.57142857142857,28.57142857142857,0.0,4,3,50.0,66.66666666666666,13.152249999999814,13.037066666667153
pdf_level_reaction,15,level_first2bars_touch15_buf0_inst,DOWN,2,0.3,0.3,7,57.14285714285714,13.102885714285815,37.400000000001455,42.857142857142854,28.57142857142857,28.57142857142857,0.0,4,3,50.0,66.66666666666666,13.152249999999814,13.037066666667153
pdf_level_reaction,15,level_first4bars_touch0_buf0_inst,DOWN,4,0.3,0.3,7,57.14285714285714,13.102885714285815,37.400000000001455,42.857142857142854,28.57142857142857,28.57142857142857,0.0,4,3,50.0,66.66666666666666,13.152249999999814,13.037066666667153
pdf_level_reaction,15,level_first4bars_touch5_buf0_inst,DOWN,4,0.3,0.3,7,57.14285714285714,13.102885714285815,37.400000000001455,42.857142857142854,28.57142857142857,28.57142857142857,0.0,4,3,50.0,66.66666666666666,13.152249999999814,13.037066666667153
pdf_level_reaction,15,level_first4bars_touch10_buf0_inst,DOWN,4,0.3,0.3,7,57.14285714285714,13.102885714285815,37.400000000001455,42.857142857142854,28.57142857142857,28.57142857142857,0.0,4,3,50.0,66.66666666666666,13.152249999999814,13.037066666667153
pdf_level_reaction,15,level_first4bars_touch15_buf0_inst,DOWN,4,0.3,0.3,7,57.14285714285714,13.102885714285815,37.400000000001455,42.857142857142854,28.57142857142857,28.57142857142857,0.0,4,3,50.0,66.66666666666666,13.152249999999814,13.037066666667153
pdf_level_reaction,15,level_first4bars_touch0_buf10_inst,DOWN,4,0.08,0.08,7,71.42857142857143,8.17757142857143,19.062920000000002,71.42857142857143,28.57142857142857,0.0,0.0,4,3,75.0,66.66666666666666,9.62676,6.24532
pdf_level_reaction,15,level_first4bars_touch5_buf10_inst,DOWN,4,0.08,0.08,7,71.42857142857143,8.17757142857143,19.062920000000002,71.42857142857143,28.57142857142857,0.0,0.0,4,3,75.0,66.66666666666666,9.62676,6.24532
pdf_level_reaction,15,level_first4bars_touch10_buf10_inst,DOWN,4,0.08,0.08,7,71.42857142857143,8.17757142857143,19.062920000000002,71.42857142857143,28.57142857142857,0.0,0.0,4,3,75.0,66.66666666666666,9.62676,6.24532
pdf_level_reaction,15,level_first4bars_touch15_buf10_inst,DOWN,4,0.08,0.08,7,71.42857142857143,8.17757142857143,19.062920000000002,71.42857142857143,28.57142857142857,0.0,0.0,4,3,75.0,66.66666666666666,9.62676,6.24532
pdf_level_reaction,15,level_first1bars_touch0_buf0_inst,DOWN,1,0.08,0.08,7,57.14285714285714,2.633394285714286,18.6066,57.14285714285714,42.857142857142854,0.0,0.0,4,3,50.0,66.66666666666666,-0.07444000000000006,6.243840000000001
pdf_level_reaction,15,level_first1bars_touch5_buf0_inst,DOWN,1,0.08,0.08,7,57.14285714285714,2.633394285714286,18.6066,57.14285714285714,42.857142857142854,0.0,0.0,4,3,50.0,66.66666666666666,-0.07444000000000006,6.243840000000001
pdf_level_reaction,15,level_first1bars_touch10_buf0_inst,DOWN,1,0.08,0.08,7,57.14285714285714,2.633394285714286,18.6066,57.14285714285714,42.857142857142854,0.0,0.0,4,3,50.0,66.66666666666666,-0.07444000000000006,6.243840000000001
pdf_level_reaction,15,level_first1bars_touch15_buf0_inst,DOWN,1,0.08,0.08,7,57.14285714285714,2.633394285714286,18.6066,57.14285714285714,42.857142857142854,0.0,0.0,4,3,50.0,66.66666666666666,-0.07444000000000006,6.243840000000001
pdf_level_reaction,15,level_first2bars_touch0_buf0_inst,DOWN,2,0.08,0.08,7,57.14285714285714,2.633394285714286,18.6066,57.14285714285714,42.857142857142854,0.0,0.0,4,3,50.0,66.66666666666666,-0.07444000000000006,6.243840000000001
pdf_level_reaction,15,level_first2bars_touch5_buf0_inst,DOWN,2,0.08,0.08,7,57.14285714285714,2.633394285714286,18.6066,57.14285714285714,42.857142857142854,0.0,0.0,4,3,50.0,66.66666666666666,-0.07444000000000006,6.243840000000001
pdf_level_reaction,15,level_first2bars_touch10_buf0_inst,DOWN,2,0.08,0.08,7,57.14285714285714,2.633394285714286,18.6066,57.14285714285714,42.857142857142854,0.0,0.0,4,3,50.0,66.66666666666666,-0.07444000000000006,6.243840000000001
pdf_level_reaction,15,level_first2bars_touch15_buf0_inst,DOWN,2,0.08,0.08,7,57.14285714285714,2.633394285714286,18.6066,57.14285714285714,42.857142857142854,0.0,0.0,4,3,50.0,66.66666666666666,-0.07444000000000006,6.243840000000001
pdf_level_reaction,15,level_first4bars_touch0_buf0_inst,DOWN,4,0.08,0.08,7,57.14285714285714,2.633394285714286,18.6066,57.14285714285714,42.857142857142854,0.0,0.0,4,3,50.0,66.66666666666666,-0.07444000000000006,6.243840000000001
pdf_level_reaction,15,level_first4bars_touch5_buf0_inst,DOWN,4,0.08,0.08,7,57.14285714285714,2.633394285714286,18.6066,57.14285714285714,42.857142857142854,0.0,0.0,4,3,50.0,66.66666666666666,-0.07444000000000006,6.243840000000001
pdf_level_reaction,15,level_first4bars_touch10_buf0_inst,DOWN,4,0.08,0.08,7,57.14285714285714,2.633394285714286,18.6066,57.14285714285714,42.857142857142854,0.0,0.0,4,3,50.0,66.66666666666666,-0.07444000000000006,6.243840000000001
pdf_level_reaction,15,level_first4bars_touch15_buf0_inst,DOWN,4,0.08,0.08,7,57.14285714285714,2.633394285714286,18.6066,57.14285714285714,42.857142857142854,0.0,0.0,4,3,50.0,66.66666666666666,-0.07444000000000006,6.243840000000001
pdf_level_reaction,15,level_first1bars_touch10_buf5_all,UP,1,0.08,0.08,7,42.857142857142854,-2.658468571428571,-18.60164,42.857142857142854,57.14285714285714,0.0,14.285714285714285,4,3,25.0,66.66666666666666,-9.46813,6.42108
pdf_level_reaction,10,level_first2bars_touch0_buf0_inst,DOWN,2,0.08,0.08,7,42.857142857142854,-2.8542857142857136,-18.9408,42.857142857142854,57.14285714285714,0.0,0.0,4,3,25.0,66.66666666666666,-9.67924,6.245653333333333
pdf_level_reaction,10,level_first3bars_touch0_buf0_inst,DOWN,3,0.08,0.08,7,42.857142857142854,-2.8542857142857136,-18.9408,42.857142857142854,57.14285714285714,0.0,0.0,4,3,25.0,66.66666666666666,-9.67924,6.245653333333333
pdf_level_reaction,10,level_first6bars_touch0_buf0_inst,DOWN,6,0.08,0.08,7,42.857142857142854,-2.8542857142857136,-18.9408,42.857142857142854,57.14285714285714,0.0,0.0,4,3,25.0,66.66666666666666,-9.67924,6.245653333333333
pdf_level_reaction,15,level_first1bars_touch0_buf0_inst,DOWN,1,0.2,0.2,7,42.857142857142854,-3.1283714285715343,-21.200000000000728,42.857142857142854,42.857142857142854,14.285714285714285,0.0,4,3,25.0,66.66666666666666,-17.596100000000185,16.161933333333334
pdf_level_reaction,15,level_first1bars_touch5_buf0_inst,DOWN,1,0.2,0.2,7,42.857142857142854,-3.1283714285715343,-21.200000000000728,42.857142857142854,42.857142857142854,14.285714285714285,0.0,4,3,25.0,66.66666666666666,-17.596100000000185,16.161933333333334
pdf_level_reaction,15,level_first1bars_touch10_buf0_inst,DOWN,1,0.2,0.2,7,42.857142857142854,-3.1283714285715343,-21.200000000000728,42.857142857142854,42.857142857142854,14.285714285714285,0.0,4,3,25.0,66.66666666666666,-17.596100000000185,16.161933333333334
pdf_level_reaction,15,level_first1bars_touch15_buf0_inst,DOWN,1,0.2,0.2,7,42.857142857142854,-3.1283714285715343,-21.200000000000728,42.857142857142854,42.857142857142854,14.285714285714285,0.0,4,3,25.0,66.66666666666666,-17.596100000000185,16.161933333333334
pdf_level_reaction,15,level_first2bars_touch0_buf0_inst,DOWN,2,0.2,0.2,7,42.857142857142854,-3.1283714285715343,-21.200000000000728,42.857142857142854,42.857142857142854,14.285714285714285,0.0,4,3,25.0,66.66666666666666,-17.596100000000185,16.161933333333334
pdf_level_reaction,15,level_first2bars_touch5_buf0_inst,DOWN,2,0.2,0.2,7,42.857142857142854,-3.1283714285715343,-21.200000000000728,42.857142857142854,42.857142857142854,14.285714285714285,0.0,4,3,25.0,66.66666666666666,-17.596100000000185,16.161933333333334
pdf_level_reaction,15,level_first2bars_touch10_buf0_inst,DOWN,2,0.2,0.2,7,42.857142857142854,-3.1283714285715343,-21.200000000000728,42.857142857142854,42.857142857142854,14.285714285714285,0.0,4,3,25.0,66.66666666666666,-17.596100000000185,16.161933333333334
pdf_level_reaction,15,level_first2bars_touch15_buf0_inst,DOWN,2,0.2,0.2,7,42.857142857142854,-3.1283714285715343,-21.200000000000728,42.857142857142854,42.857142857142854,14.285714285714285,0.0,4,3,25.0,66.66666666666666,-17.596100000000185,16.161933333333334
pdf_level_reaction,15,level_first4bars_touch0_buf0_inst,DOWN,4,0.2,0.2,7,42.857142857142854,-3.1283714285715343,-21.200000000000728,42.857142857142854,42.857142857142854,14.285714285714285,0.0,4,3,25.0,66.66666666666666,-17.596100000000185,16.161933333333334
pdf_level_reaction,15,level_first4bars_touch5_buf0_inst,DOWN,4,0.2,0.2,7,42.857142857142854,-3.1283714285715343,-21.200000000000728,42.857142857142854,42.857142857142854,14.285714285714285,0.0,4,3,25.0,66.66666666666666,-17.596100000000185,16.161933333333334
pdf_level_reaction,15,level_first4bars_touch10_buf0_inst,DOWN,4,0.2,0.2,7,42.857142857142854,-3.1283714285715343,-21.200000000000728,42.857142857142854,42.857142857142854,14.285714285714285,0.0,4,3,25.0,66.66666666666666,-17.596100000000185,16.161933333333334
pdf_level_reaction,15,level_first4bars_touch15_buf0_inst,DOWN,4,0.2,0.2,7,42.857142857142854,-3.1283714285715343,-21.200000000000728,42.857142857142854,42.857142857142854,14.285714285714285,0.0,4,3,25.0,66.66666666666666,-17.596100000000185,16.161933333333334
pdf_level_reaction,15,level_first2bars_touch0_buf5_all,UP,2,0.3,0.3,7,42.857142857142854,-4.146028571428573,-18.450000000000728,28.57142857142857,42.857142857142854,28.57142857142857,0.0,4,3,25.0,66.66666666666666,-24.9288125,23.564349999999994
pdf_level_reaction,15,level_first4bars_touch0_buf5_all,UP,4,0.3,0.3,7,42.857142857142854,-4.146028571428573,-18.450000000000728,28.57142857142857,42.857142857142854,28.57142857142857,0.0,4,3,25.0,66.66666666666666,-24.9288125,23.564349999999994
pdf_level_reaction,15,level_first1bars_touch10_buf5_all,UP,1,0.15,0.15,7,42.857142857142854,-5.094921428571431,-35.264100000000006,42.857142857142854,57.14285714285714,0.0,0.0,4,3,25.0,66.66666666666666,-17.75274375,11.782174999999997
pdf_level_reaction,15,level_first2bars_touch0_buf5_all,UP,2,0.08,0.08,7,28.57142857142857,-8.250160000000003,-18.96284,28.57142857142857,71.42857142857143,0.0,14.285714285714285,4,3,0.0,66.66666666666666,-19.253590000000003,6.42108
pdf_level_reaction,15,level_first4bars_touch0_buf5_all,UP,4,0.08,0.08,7,28.57142857142857,-8.250160000000003,-18.96284,28.57142857142857,71.42857142857143,0.0,14.285714285714285,4,3,0.0,66.66666666666666,-19.253590000000003,6.42108
pdf_level_reaction,10,level_first2bars_touch5_buf10_inst,DOWN,2,0.08,0.08,7,28.57142857142857,-8.477034285714286,-19.37624,28.57142857142857,71.42857142857143,0.0,0.0,4,3,0.0,66.66666666666666,-19.49357,6.2116799999999985
pdf_level_reaction,10,level_first2bars_touch10_buf10_inst,DOWN,2,0.08,0.08,7,28.57142857142857,-8.477034285714286,-19.37624,28.57142857142857,71.42857142857143,0.0,0.0,4,3,0.0,66.66666666666666,-19.49357,6.2116799999999985
pdf_level_reaction,10,level_first2bars_touch15_buf10_inst,DOWN,2,0.08,0.08,7,28.57142857142857,-8.477034285714286,-19.37624,28.57142857142857,71.42857142857143,0.0,0.0,4,3,0.0,66.66666666666666,-19.49357,6.2116799999999985
pdf_level_reaction,10,level_first3bars_touch5_buf10_inst,DOWN,3,0.08,0.08,7,28.57142857142857,-8.477034285714286,-19.37624,28.57142857142857,71.42857142857143,0.0,0.0,4,3,0.0,66.66666666666666,-19.49357,6.2116799999999985
pdf_level_reaction,10,level_first3bars_touch10_buf10_inst,DOWN,3,0.08,0.08,7,28.57142857142857,-8.477034285714286,-19.37624,28.57142857142857,71.42857142857143,0.0,0.0,4,3,0.0,66.66666666666666,-19.49357,6.2116799999999985
pdf_level_reaction,10,level_first3bars_touch15_buf10_inst,DOWN,3,0.08,0.08,7,28.57142857142857,-8.477034285714286,-19.37624,28.57142857142857,71.42857142857143,0.0,0.0,4,3,0.0,66.66666666666666,-19.49357,6.2116799999999985
pdf_level_reaction,15,level_first4bars_touch0_buf10_inst,DOWN,4,0.3,0.3,7,42.857142857142854,-8.478257142856934,-21.200000000000728,28.57142857142857,42.857142857142854,28.57142857142857,0.0,4,3,25.0,66.66666666666666,-23.227250000000183,11.187066666667397
pdf_level_reaction,15,level_first4bars_touch5_buf10_inst,DOWN,4,0.3,0.3,7,42.857142857142854,-8.478257142856934,-21.200000000000728,28.57142857142857,42.857142857142854,28.57142857142857,0.0,4,3,25.0,66.66666666666666,-23.227250000000183,11.187066666667397
pdf_level_reaction,15,level_first4bars_touch10_buf10_inst,DOWN,4,0.3,0.3,7,42.857142857142854,-8.478257142856934,-21.200000000000728,28.57142857142857,42.857142857142854,28.57142857142857,0.0,4,3,25.0,66.66666666666666,-23.227250000000183,11.187066666667397
pdf_level_reaction,15,level_first4bars_touch15_buf10_inst,DOWN,4,0.3,0.3,7,42.857142857142854,-8.478257142856934,-21.200000000000728,28.57142857142857,42.857142857142854,28.57142857142857,0.0,4,3,25.0,66.66666666666666,-23.227250000000183,11.187066666667397
pdf_level_reaction,10,level_first2bars_touch0_buf0_inst,DOWN,2,0.3,0.3,7,42.857142857142854,-8.797814285714187,-31.700000000000728,28.57142857142857,42.857142857142854,28.57142857142857,0.0,4,3,25.0,66.66666666666666,-26.05565000000019,14.212633333333812
pdf_level_reaction,10,level_first3bars_touch0_buf0_inst,DOWN,3,0.3,0.3,7,42.857142857142854,-8.797814285714187,-31.700000000000728,28.57142857142857,42.857142857142854,28.57142857142857,0.0,4,3,25.0,66.66666666666666,-26.05565000000019,14.212633333333812
pdf_level_reaction,10,level_first6bars_touch0_buf0_inst,DOWN,6,0.3,0.3,7,42.857142857142854,-8.797814285714187,-31.700000000000728,28.57142857142857,42.857142857142854,28.57142857142857,0.0,4,3,25.0,66.66666666666666,-26.05565000000019,14.212633333333812
pdf_level_reaction,15,level_first2bars_touch0_buf5_all,UP,2,0.15,0.15,7,28.57142857142857,-15.57934285714286,-35.555324999999996,28.57142857142857,71.42857142857143,0.0,0.0,4,3,0.0,66.66666666666666,-36.10048125,11.782174999999997
pdf_level_reaction,15,level_first4bars_touch0_buf5_all,UP,4,0.15,0.15,7,28.57142857142857,-15.57934285714286,-35.555324999999996,28.57142857142857,71.42857142857143,0.0,0.0,4,3,0.0,66.66666666666666,-36.10048125,11.782174999999997
pdf_level_reaction,15,level_first1bars_touch0_buf5_all,UP,1,0.3,0.3,6,50.0,7.472066666666666,22.625,33.33333333333333,33.33333333333333,33.33333333333333,0.0,3,3,33.33333333333333,66.66666666666666,-8.620216666666664,23.564349999999994
pdf_level_reaction,15,level_first1bars_touch5_buf5_all,UP,1,0.3,0.3,6,50.0,7.472066666666666,22.625,33.33333333333333,33.33333333333333,33.33333333333333,0.0,3,3,33.33333333333333,66.66666666666666,-8.620216666666664,23.564349999999994
pdf_level_reaction,10,level_first6bars_touch5_buf5_inst,DOWN,6,0.3,0.3,6,50.0,-0.8774833333330937,-3.5499999999992724,33.33333333333333,33.33333333333333,33.33333333333333,0.0,3,3,33.33333333333333,66.66666666666666,-10.534266666666909,8.779300000000722
pdf_level_reaction,10,level_first6bars_touch10_buf5_inst,DOWN,6,0.3,0.3,6,50.0,-0.8774833333330937,-3.5499999999992724,33.33333333333333,33.33333333333333,33.33333333333333,0.0,3,3,33.33333333333333,66.66666666666666,-10.534266666666909,8.779300000000722
pdf_level_reaction,10,level_first6bars_touch15_buf5_inst,DOWN,6,0.3,0.3,6,50.0,-0.8774833333330937,-3.5499999999992724,33.33333333333333,33.33333333333333,33.33333333333333,0.0,3,3,33.33333333333333,66.66666666666666,-10.534266666666909,8.779300000000722
pdf_level_reaction,10,level_first6bars_touch0_buf5_inst,DOWN,6,0.3,0.3,6,50.0,-0.8968583333330926,-3.5499999999992724,33.33333333333333,33.33333333333333,33.33333333333333,0.0,3,3,33.33333333333333,66.66666666666666,-10.573016666666907,8.779300000000722
pdf_level_reaction,15,level_first1bars_touch0_buf5_all,UP,1,0.08,0.08,6,33.33333333333333,-6.342759999999999,-18.78224,33.33333333333333,66.66666666666666,0.0,16.666666666666664,3,3,0.0,66.66666666666666,-19.1066,6.42108
pdf_level_reaction,15,level_first1bars_touch5_buf5_all,UP,1,0.08,0.08,6,33.33333333333333,-6.342759999999999,-18.78224,33.33333333333333,66.66666666666666,0.0,16.666666666666664,3,3,0.0,66.66666666666666,-19.1066,6.42108
pdf_level_reaction,10,level_first6bars_touch5_buf5_inst,DOWN,6,0.08,0.08,6,33.33333333333333,-6.59196,-19.152,33.33333333333333,66.66666666666666,0.0,0.0,3,3,0.0,66.66666666666666,-19.43392,6.25
pdf_level_reaction,10,level_first6bars_touch10_buf5_inst,DOWN,6,0.08,0.08,6,33.33333333333333,-6.59196,-19.152,33.33333333333333,66.66666666666666,0.0,0.0,3,3,0.0,66.66666666666666,-19.43392,6.25
pdf_level_reaction,10,level_first6bars_touch15_buf5_inst,DOWN,6,0.08,0.08,6,33.33333333333333,-6.59196,-19.152,33.33333333333333,66.66666666666666,0.0,0.0,3,3,0.0,66.66666666666666,-19.43392,6.25
pdf_level_reaction,10,level_first6bars_touch0_buf5_inst,DOWN,6,0.08,0.08,6,33.33333333333333,-6.597126666666667,-19.152,33.33333333333333,66.66666666666666,0.0,0.0,3,3,0.0,66.66666666666666,-19.444253333333332,6.25
pdf_level_reaction,10,level_first2bars_touch0_buf10_inst,DOWN,2,0.08,0.08,6,33.33333333333333,-6.648240000000002,-19.20948,33.33333333333333,66.66666666666666,0.0,0.0,3,3,0.0,66.66666666666666,-19.50816,6.2116799999999985
pdf_level_reaction,10,level_first3bars_touch0_buf10_inst,DOWN,3,0.08,0.08,6,33.33333333333333,-6.648240000000002,-19.20948,33.33333333333333,66.66666666666666,0.0,0.0,3,3,0.0,66.66666666666666,-19.50816,6.2116799999999985
pdf_level_reaction,15,level_first1bars_touch0_buf5_all,UP,1,0.15,0.15,6,33.33333333333333,-12.021350000000004,-35.4097125,33.33333333333333,66.66666666666666,0.0,0.0,3,3,0.0,66.66666666666666,-35.824875,11.782174999999997
pdf_level_reaction,15,level_first1bars_touch5_buf5_all,UP,1,0.15,0.15,6,33.33333333333333,-12.021350000000004,-35.4097125,33.33333333333333,66.66666666666666,0.0,0.0,3,3,0.0,66.66666666666666,-35.824875,11.782174999999997
pdf_level_reaction,10,level_first1bars_touch0_buf10_inst,DOWN,1,0.08,0.08,4,50.0,-0.1852999999999998,-0.2177800000000012,50.0,50.0,0.0,0.0,1,3,0.0,66.66666666666666,-19.37624,6.2116799999999985
pdf_level_reaction,10,level_first1bars_touch5_buf10_inst,DOWN,1,0.08,0.08,4,50.0,-0.1852999999999998,-0.2177800000000012,50.0,50.0,0.0,0.0,1,3,0.0,66.66666666666666,-19.37624,6.2116799999999985
pdf_level_reaction,10,level_first1bars_touch10_buf10_inst,DOWN,1,0.08,0.08,4,50.0,-0.1852999999999998,-0.2177800000000012,50.0,50.0,0.0,0.0,1,3,0.0,66.66666666666666,-19.37624,6.2116799999999985
pdf_level_reaction,10,level_first1bars_touch15_buf10_inst,DOWN,1,0.08,0.08,4,50.0,-0.1852999999999998,-0.2177800000000012,50.0,50.0,0.0,0.0,1,3,0.0,66.66666666666666,-19.37624,6.2116799999999985
pdf_level_reaction,10,level_first6bars_touch15_buf0_all,UP,6,0.2,0.2,15,53.333333333333336,3.127626666666667,46.45740000000001,53.333333333333336,46.666666666666664,0.0,0.0,10,5,50.0,60.0,-0.03430999999999997,9.451500000000001
pdf_level_reaction,10,level_first6bars_touch15_buf0_all,UP,6,0.1,0.1,15,53.333333333333336,1.5860933333333338,23.228700000000003,53.333333333333336,46.666666666666664,0.0,0.0,10,5,50.0,60.0,-0.017154999999999986,4.792590000000001
pdf_level_reaction,10,level_first6bars_touch15_buf0_all,UP,6,0.08,0.08,15,46.666666666666664,-1.3435999999999992,-18.589000000000002,46.666666666666664,53.333333333333336,0.0,0.0,10,5,40.0,60.0,-3.9056999999999986,3.7806000000000006
pdf_level_reaction,10,level_first6bars_touch15_buf0_all,UP,6,0.15,0.15,15,40.0,-7.32887,-35.2686,40.0,60.0,0.0,0.0,10,5,30.0,60.0,-14.5877475,7.188885000000001
pdf_level_reaction,10,level_first6bars_touch10_buf0_all,UP,6,0.2,0.2,14,57.14285714285714,6.818228571428572,46.7411,57.14285714285714,42.857142857142854,0.0,0.0,9,5,55.55555555555556,60.0,5.3553000000000015,9.451500000000001
pdf_level_reaction,10,level_first6bars_touch10_buf0_all,UP,6,0.1,0.1,14,57.14285714285714,3.432985714285716,23.454100000000004,57.14285714285714,42.857142857142854,0.0,0.0,9,5,55.55555555555556,60.0,2.6776500000000008,4.792590000000001
pdf_level_reaction,10,level_first6bars_touch10_buf0_all,UP,6,0.08,0.08,14,57.14285714285714,2.7272914285714296,18.696440000000003,57.14285714285714,42.857142857142854,0.0,0.0,9,5,55.55555555555556,60.0,2.1421200000000002,3.7806000000000006
pdf_level_reaction,10,level_first6bars_touch10_buf0_all,UP,6,0.15,0.15,14,42.857142857142854,-5.251960714285715,-35.0614875,42.857142857142854,57.14285714285714,0.0,0.0,9,5,33.33333333333333,60.0,-12.163541666666667,7.188885000000001
pdf_level_reaction,10,level_first2bars_touch10_buf0_all,UP,2,0.2,0.2,13,53.84615384615385,3.6470076923076937,46.45740000000001,53.84615384615385,46.15384615384615,0.0,0.0,8,5,50.0,60.0,0.019200000000001438,9.451500000000001
pdf_level_reaction,10,level_first3bars_touch10_buf0_all,UP,3,0.2,0.2,13,53.84615384615385,3.6470076923076937,46.45740000000001,53.84615384615385,46.15384615384615,0.0,0.0,8,5,50.0,60.0,0.019200000000001438,9.451500000000001
pdf_level_reaction,10,level_first2bars_touch15_buf0_all,UP,2,0.2,0.2,13,53.84615384615385,3.646869230769232,46.45740000000001,53.84615384615385,46.15384615384615,0.0,0.0,8,5,50.0,60.0,0.018975000000001074,9.451500000000001
pdf_level_reaction,10,level_first3bars_touch15_buf0_all,UP,3,0.2,0.2,13,53.84615384615385,3.646869230769232,46.45740000000001,53.84615384615385,46.15384615384615,0.0,0.0,8,5,50.0,60.0,0.018975000000001074,9.451500000000001
pdf_level_reaction,10,level_first2bars_touch10_buf0_all,UP,2,0.1,0.1,13,53.84615384615385,1.849211538461539,23.228700000000003,53.84615384615385,46.15384615384615,0.0,0.0,8,5,50.0,60.0,0.009600000000000719,4.792590000000001
pdf_level_reaction,10,level_first3bars_touch10_buf0_all,UP,3,0.1,0.1,13,53.84615384615385,1.849211538461539,23.228700000000003,53.84615384615385,46.15384615384615,0.0,0.0,8,5,50.0,60.0,0.009600000000000719,4.792590000000001
pdf_level_reaction,10,level_first2bars_touch15_buf0_all,UP,2,0.1,0.1,13,53.84615384615385,1.8491423076923081,23.228700000000003,53.84615384615385,46.15384615384615,0.0,0.0,8,5,50.0,60.0,0.009487500000000537,4.792590000000001
pdf_level_reaction,10,level_first3bars_touch15_buf0_all,UP,3,0.1,0.1,13,53.84615384615385,1.8491423076923081,23.228700000000003,53.84615384615385,46.15384615384615,0.0,0.0,8,5,50.0,60.0,0.009487500000000537,4.792590000000001
pdf_level_reaction,10,level_first2bars_touch10_buf0_all,UP,2,0.08,0.08,13,53.84615384615385,1.4588030769230775,18.58296,53.84615384615385,46.15384615384615,0.0,0.0,8,5,50.0,60.0,0.007680000000000575,3.7806000000000006
pdf_level_reaction,10,level_first3bars_touch10_buf0_all,UP,3,0.08,0.08,13,53.84615384615385,1.4588030769230775,18.58296,53.84615384615385,46.15384615384615,0.0,0.0,8,5,50.0,60.0,0.007680000000000575,3.7806000000000006
pdf_level_reaction,10,level_first2bars_touch15_buf0_all,UP,2,0.08,0.08,13,46.15384615384615,-1.5350799999999996,-18.589000000000002,46.15384615384615,53.84615384615385,0.0,0.0,8,5,37.5,60.0,-4.857379999999999,3.7806000000000006
pdf_level_reaction,10,level_first3bars_touch15_buf0_all,UP,3,0.08,0.08,13,46.15384615384615,-1.5350799999999996,-18.589000000000002,46.15384615384615,53.84615384615385,0.0,0.0,8,5,37.5,60.0,-4.857379999999999,3.7806000000000006
pdf_level_reaction,10,level_first2bars_touch10_buf0_all,UP,2,0.15,0.15,13,38.46153846153847,-8.427732692307693,-35.2686,38.46153846153847,61.53846153846154,0.0,0.0,8,5,25.0,60.0,-18.18811875,7.188885000000001
pdf_level_reaction,10,level_first3bars_touch10_buf0_all,UP,3,0.15,0.15,13,38.46153846153847,-8.427732692307693,-35.2686,38.46153846153847,61.53846153846154,0.0,0.0,8,5,25.0,60.0,-18.18811875,7.188885000000001
pdf_level_reaction,10,level_first2bars_touch15_buf0_all,UP,2,0.15,0.15,13,38.46153846153847,-8.42783653846154,-35.2686,38.46153846153847,61.53846153846154,0.0,0.0,8,5,25.0,60.0,-18.1882875,7.188885000000001
pdf_level_reaction,10,level_first3bars_touch15_buf0_all,UP,3,0.15,0.15,13,38.46153846153847,-8.42783653846154,-35.2686,38.46153846153847,61.53846153846154,0.0,0.0,8,5,25.0,60.0,-18.1882875,7.188885000000001
pdf_level_reaction,10,level_first1bars_touch15_buf0_all,UP,1,0.1,0.1,12,50.0,-0.04764999999999997,-0.0037749999999974193,50.0,50.0,0.0,0.0,7,5,42.857142857142854,60.0,-3.5049642857142866,4.792590000000001
pdf_level_reaction,10,level_first1bars_touch15_buf0_all,UP,1,0.2,0.2,12,50.0,-0.15100000000000038,-0.007549999999994839,50.0,50.0,0.0,0.0,7,5,42.857142857142854,60.0,-7.009928571428573,9.451500000000001
pdf_level_reaction,10,level_first1bars_touch15_buf0_all,UP,1,0.08,0.08,12,41.66666666666667,-3.303713333333332,-18.7663,41.66666666666667,58.333333333333336,0.0,0.0,7,5,28.57142857142857,60.0,-8.363937142857143,3.7806000000000006
pdf_level_reaction,10,level_first3bars_touch5_buf0_all,UP,3,0.08,0.08,12,41.66666666666667,-3.314576666666666,-18.7663,41.66666666666667,58.333333333333336,0.0,0.0,7,5,28.57142857142857,60.0,-8.38256,3.7806000000000006
pdf_level_reaction,10,level_first6bars_touch5_buf0_all,UP,6,0.08,0.08,12,41.66666666666667,-3.314576666666666,-18.7663,41.66666666666667,58.333333333333336,0.0,0.0,7,5,28.57142857142857,60.0,-8.38256,3.7806000000000006
pdf_level_reaction,10,level_first3bars_touch5_buf0_all,UP,3,0.1,0.1,12,41.66666666666667,-4.115370833333333,-23.374325,41.66666666666667,58.333333333333336,0.0,0.0,7,5,28.57142857142857,60.0,-10.478200000000001,4.792590000000001
pdf_level_reaction,10,level_first6bars_touch5_buf0_all,UP,6,0.1,0.1,12,41.66666666666667,-4.115370833333333,-23.374325,41.66666666666667,58.333333333333336,0.0,0.0,7,5,28.57142857142857,60.0,-10.478200000000001,4.792590000000001
pdf_level_reaction,10,level_first1bars_touch15_buf0_all,UP,1,0.15,0.15,12,41.66666666666667,-6.053824999999999,-35.0614875,41.66666666666667,58.333333333333336,0.0,0.0,7,5,28.57142857142857,60.0,-15.512903571428575,7.188885000000001
pdf_level_reaction,10,level_first3bars_touch5_buf0_all,UP,3,0.2,0.2,12,41.66666666666667,-8.286441666666667,-46.91575,41.66666666666667,58.333333333333336,0.0,0.0,7,5,28.57142857142857,60.0,-20.956400000000002,9.451500000000001
pdf_level_reaction,10,level_first6bars_touch5_buf0_all,UP,6,0.2,0.2,12,41.66666666666667,-8.286441666666667,-46.91575,41.66666666666667,58.333333333333336,0.0,0.0,7,5,28.57142857142857,60.0,-20.956400000000002,9.451500000000001
pdf_level_reaction,10,level_first3bars_touch5_buf0_all,UP,3,0.15,0.15,12,33.33333333333333,-12.155406249999999,-35.43285,33.33333333333333,66.66666666666666,0.0,0.0,7,5,14.285714285714285,60.0,-25.972757142857144,7.188885000000001
pdf_level_reaction,10,level_first6bars_touch5_buf0_all,UP,6,0.15,0.15,12,33.33333333333333,-12.155406249999999,-35.43285,33.33333333333333,66.66666666666666,0.0,0.0,7,5,14.285714285714285,60.0,-25.972757142857144,7.188885000000001
pdf_level_reaction,10,level_first6bars_touch0_buf0_all,DOWN,6,0.2,0.2,11,54.54545454545454,5.823790909090842,46.9484,54.54545454545454,36.36363636363637,9.090909090909092,0.0,6,5,50.0,60.0,2.751833333333211,9.510140000000002
pdf_level_reaction,10,level_first2bars_touch5_buf0_all,UP,2,0.08,0.08,11,45.45454545454545,-1.8247709090909083,-18.589000000000002,45.45454545454545,54.54545454545454,0.0,0.0,6,5,33.33333333333333,60.0,-6.495913333333333,3.7806000000000006
pdf_level_reaction,10,level_first1bars_touch10_buf0_all,UP,1,0.08,0.08,11,45.45454545454545,-1.8349709090909085,-18.589000000000002,45.45454545454545,54.54545454545454,0.0,0.0,6,5,33.33333333333333,60.0,-6.514613333333332,3.7806000000000006
pdf_level_reaction,15,level_first1bars_touch5_buf0_all,DOWN,1,0.08,0.08,11,45.45454545454545,-1.8813090909090908,-18.938,45.45454545454545,54.54545454545454,0.0,0.0,6,5,33.33333333333333,60.0,-6.50188,3.6633760000000004
pdf_level_reaction,15,level_first1bars_touch5_buf5_all,DOWN,1,0.08,0.08,11,45.45454545454545,-1.8813090909090908,-18.938,45.45454545454545,54.54545454545454,0.0,0.0,6,5,33.33333333333333,60.0,-6.50188,3.6633760000000004
pdf_level_reaction,15,level_first2bars_touch5_buf0_all,DOWN,2,0.08,0.08,11,45.45454545454545,-1.8813090909090908,-18.938,45.45454545454545,54.54545454545454,0.0,0.0,6,5,33.33333333333333,60.0,-6.50188,3.6633760000000004
pdf_level_reaction,15,level_first4bars_touch5_buf0_all,DOWN,4,0.08,0.08,11,45.45454545454545,-1.8813090909090908,-18.938,45.45454545454545,54.54545454545454,0.0,0.0,6,5,33.33333333333333,60.0,-6.50188,3.6633760000000004
pdf_level_reaction,15,level_first4bars_touch0_buf0_all,DOWN,4,0.08,0.08,11,45.45454545454545,-1.9099018181818181,-18.938,45.45454545454545,54.54545454545454,0.0,0.0,6,5,33.33333333333333,60.0,-6.554299999999999,3.6633760000000004
pdf_level_reaction,10,level_first2bars_touch5_buf0_all,UP,2,0.1,0.1,11,45.45454545454545,-2.2505818181818182,-23.23625,45.45454545454545,54.54545454545454,0.0,0.0,6,5,33.33333333333333,60.0,-8.119891666666668,4.792590000000001
pdf_level_reaction,10,level_first1bars_touch10_buf0_all,UP,1,0.1,0.1,11,45.45454545454545,-2.263331818181818,-23.23625,45.45454545454545,54.54545454545454,0.0,0.0,6,5,33.33333333333333,60.0,-8.143266666666667,4.792590000000001
pdf_level_reaction,10,level_first2bars_touch5_buf0_all,UP,2,0.2,0.2,11,45.45454545454545,-4.561927272727272,-46.4725,45.45454545454545,54.54545454545454,0.0,0.0,6,5,33.33333333333333,60.0,-16.239783333333335,9.451500000000001
pdf_level_reaction,10,level_first1bars_touch10_buf0_all,UP,1,0.2,0.2,11,45.45454545454545,-4.587427272727274,-46.4725,45.45454545454545,54.54545454545454,0.0,0.0,6,5,33.33333333333333,60.0,-16.286533333333335,9.451500000000001
pdf_level_reaction,10,level_first2bars_touch5_buf0_all,UP,2,0.15,0.15,11,36.36363636363637,-9.902072727272726,-35.2686,36.36363636363637,63.63636363636363,0.0,0.0,6,5,16.666666666666664,60.0,-24.144537500000002,7.188885000000001
pdf_level_reaction,10,level_first1bars_touch10_buf0_all,UP,1,0.15,0.15,11,36.36363636363637,-9.921197727272727,-35.2686,36.36363636363637,63.63636363636363,0.0,0.0,6,5,16.666666666666664,60.0,-24.179600000000004,7.188885000000001
pdf_level_reaction,10,level_first1bars_touch10_buf0_all,DOWN,1,0.2,0.2,10,70.0,20.956259999999926,47.31245,70.0,20.0,10.0,0.0,5,5,80.0,60.0,32.502739999999854,9.409780000000001
pdf_level_reaction,10,level_first1bars_touch15_buf0_all,DOWN,1,0.2,0.2,10,70.0,20.956259999999926,47.31245,70.0,20.0,10.0,0.0,5,5,80.0,60.0,32.502739999999854,9.409780000000001
pdf_level_reaction,10,level_first2bars_touch10_buf0_all,DOWN,2,0.2,0.2,10,70.0,20.956259999999926,47.31245,70.0,20.0,10.0,0.0,5,5,80.0,60.0,32.502739999999854,9.409780000000001
pdf_level_reaction,10,level_first2bars_touch15_buf0_all,DOWN,2,0.2,0.2,10,70.0,20.956259999999926,47.31245,70.0,20.0,10.0,0.0,5,5,80.0,60.0,32.502739999999854,9.409780000000001
pdf_level_reaction,10,level_first3bars_touch10_buf0_all,DOWN,3,0.2,0.2,10,70.0,20.956259999999926,47.31245,70.0,20.0,10.0,0.0,5,5,80.0,60.0,32.502739999999854,9.409780000000001
pdf_level_reaction,10,level_first3bars_touch15_buf0_all,DOWN,3,0.2,0.2,10,70.0,20.956259999999926,47.31245,70.0,20.0,10.0,0.0,5,5,80.0,60.0,32.502739999999854,9.409780000000001
pdf_level_reaction,10,level_first6bars_touch10_buf0_all,DOWN,6,0.2,0.2,10,70.0,20.956259999999926,47.31245,70.0,20.0,10.0,0.0,5,5,80.0,60.0,32.502739999999854,9.409780000000001
pdf_level_reaction,10,level_first6bars_touch15_buf0_all,DOWN,6,0.2,0.2,10,70.0,20.956259999999926,47.31245,70.0,20.0,10.0,0.0,5,5,80.0,60.0,32.502739999999854,9.409780000000001
pdf_level_reaction,10,level_first1bars_touch0_buf0_all,DOWN,1,0.2,0.2,10,60.0,11.32440999999993,47.1537,60.0,30.0,10.0,0.0,5,5,60.0,60.0,13.138679999999855,9.510140000000002
pdf_level_reaction,10,level_first2bars_touch0_buf0_all,DOWN,2,0.2,0.2,10,60.0,11.32440999999993,47.1537,60.0,30.0,10.0,0.0,5,5,60.0,60.0,13.138679999999855,9.510140000000002
pdf_level_reaction,10,level_first3bars_touch0_buf0_all,DOWN,3,0.2,0.2,10,60.0,11.32440999999993,47.1537,60.0,30.0,10.0,0.0,5,5,60.0,60.0,13.138679999999855,9.510140000000002
pdf_level_reaction,10,level_first1bars_touch10_buf0_all,DOWN,1,0.3,0.3,10,50.0,6.328479999999852,19.361299999999638,50.0,30.0,20.0,0.0,5,5,40.0,60.0,-6.309730000000149,18.96668999999985
pdf_level_reaction,10,level_first1bars_touch15_buf0_all,DOWN,1,0.3,0.3,10,50.0,6.328479999999852,19.361299999999638,50.0,30.0,20.0,0.0,5,5,40.0,60.0,-6.309730000000149,18.96668999999985
pdf_level_reaction,10,level_first2bars_touch10_buf0_all,DOWN,2,0.3,0.3,10,50.0,6.328479999999852,19.361299999999638,50.0,30.0,20.0,0.0,5,5,40.0,60.0,-6.309730000000149,18.96668999999985
pdf_level_reaction,10,level_first2bars_touch15_buf0_all,DOWN,2,0.3,0.3,10,50.0,6.328479999999852,19.361299999999638,50.0,30.0,20.0,0.0,5,5,40.0,60.0,-6.309730000000149,18.96668999999985
pdf_level_reaction,10,level_first3bars_touch10_buf0_all,DOWN,3,0.3,0.3,10,50.0,6.328479999999852,19.361299999999638,50.0,30.0,20.0,0.0,5,5,40.0,60.0,-6.309730000000149,18.96668999999985
pdf_level_reaction,10,level_first3bars_touch15_buf0_all,DOWN,3,0.3,0.3,10,50.0,6.328479999999852,19.361299999999638,50.0,30.0,20.0,0.0,5,5,40.0,60.0,-6.309730000000149,18.96668999999985
pdf_level_reaction,10,level_first6bars_touch10_buf0_all,DOWN,6,0.3,0.3,10,50.0,6.328479999999852,19.361299999999638,50.0,30.0,20.0,0.0,5,5,40.0,60.0,-6.309730000000149,18.96668999999985
pdf_level_reaction,10,level_first6bars_touch15_buf0_all,DOWN,6,0.3,0.3,10,50.0,6.328479999999852,19.361299999999638,50.0,30.0,20.0,0.0,5,5,40.0,60.0,-6.309730000000149,18.96668999999985
pdf_level_reaction,10,level_first1bars_touch10_buf0_all,DOWN,1,0.1,0.1,10,60.0,4.770300000000001,23.4514,60.0,40.0,0.0,0.0,5,5,60.0,60.0,4.835710000000001,4.704890000000001
pdf_level_reaction,10,level_first1bars_touch15_buf0_all,DOWN,1,0.1,0.1,10,60.0,4.770300000000001,23.4514,60.0,40.0,0.0,0.0,5,5,60.0,60.0,4.835710000000001,4.704890000000001
pdf_level_reaction,10,level_first2bars_touch10_buf0_all,DOWN,2,0.1,0.1,10,60.0,4.770300000000001,23.4514,60.0,40.0,0.0,0.0,5,5,60.0,60.0,4.835710000000001,4.704890000000001
pdf_level_reaction,10,level_first2bars_touch15_buf0_all,DOWN,2,0.1,0.1,10,60.0,4.770300000000001,23.4514,60.0,40.0,0.0,0.0,5,5,60.0,60.0,4.835710000000001,4.704890000000001
pdf_level_reaction,10,level_first3bars_touch10_buf0_all,DOWN,3,0.1,0.1,10,60.0,4.770300000000001,23.4514,60.0,40.0,0.0,0.0,5,5,60.0,60.0,4.835710000000001,4.704890000000001
pdf_level_reaction,10,level_first3bars_touch15_buf0_all,DOWN,3,0.1,0.1,10,60.0,4.770300000000001,23.4514,60.0,40.0,0.0,0.0,5,5,60.0,60.0,4.835710000000001,4.704890000000001
pdf_level_reaction,10,level_first6bars_touch10_buf0_all,DOWN,6,0.1,0.1,10,60.0,4.770300000000001,23.4514,60.0,40.0,0.0,0.0,5,5,60.0,60.0,4.835710000000001,4.704890000000001
pdf_level_reaction,10,level_first6bars_touch15_buf0_all,DOWN,6,0.1,0.1,10,60.0,4.770300000000001,23.4514,60.0,40.0,0.0,0.0,5,5,60.0,60.0,4.835710000000001,4.704890000000001
pdf_level_reaction,10,level_first2bars_touch5_buf5_all,DOWN,2,0.2,0.2,10,50.0,1.599379999999929,7.624199999999636,50.0,40.0,10.0,0.0,5,5,40.0,60.0,-6.311380000000144,9.510140000000002
pdf_level_reaction,10,level_first3bars_touch5_buf5_all,DOWN,3,0.2,0.2,10,50.0,1.599379999999929,7.624199999999636,50.0,40.0,10.0,0.0,5,5,40.0,60.0,-6.311380000000144,9.510140000000002
pdf_level_reaction,10,level_first6bars_touch5_buf5_all,DOWN,6,0.2,0.2,10,50.0,1.599379999999929,7.624199999999636,50.0,40.0,10.0,0.0,5,5,40.0,60.0,-6.311380000000144,9.510140000000002
pdf_level_reaction,15,level_first1bars_touch0_buf0_all,DOWN,1,0.08,0.08,10,50.0,-0.13335199999999894,-0.1656999999999993,50.0,50.0,0.0,0.0,5,5,40.0,60.0,-3.9300799999999994,3.6633760000000004
pdf_level_reaction,15,level_first1bars_touch0_buf5_all,DOWN,1,0.08,0.08,10,50.0,-0.13335199999999894,-0.1656999999999993,50.0,50.0,0.0,0.0,5,5,40.0,60.0,-3.9300799999999994,3.6633760000000004
pdf_level_reaction,15,level_first2bars_touch0_buf0_all,DOWN,2,0.08,0.08,10,50.0,-0.13335199999999894,-0.1656999999999993,50.0,50.0,0.0,0.0,5,5,40.0,60.0,-3.9300799999999994,3.6633760000000004
pdf_level_reaction,10,level_first1bars_touch5_buf0_all,UP,1,0.08,0.08,10,40.0,-3.953308,-18.7663,40.0,60.0,0.0,0.0,5,5,20.0,60.0,-11.687216,3.7806000000000006
pdf_level_reaction,10,level_first1bars_touch5_buf0_all,UP,1,0.1,0.1,10,40.0,-4.908215,-23.374325,40.0,60.0,0.0,0.0,5,5,20.0,60.0,-14.609020000000001,4.792590000000001
pdf_level_reaction,10,level_first1bars_touch5_buf0_all,UP,1,0.2,0.2,10,40.0,-9.88327,-46.91575,40.0,60.0,0.0,0.0,5,5,20.0,60.0,-29.218040000000002,9.451500000000001
pdf_level_reaction,10,level_first1bars_touch5_buf0_all,UP,1,0.15,0.15,10,30.0,-14.541142500000001,-35.43285,30.0,70.0,0.0,0.0,5,5,0.0,60.0,-36.27117,7.188885000000001
pdf_level_reaction,15,level_first1bars_touch5_buf10_all,DOWN,1,0.08,0.08,9,55.55555555555556,2.0154622222222227,18.6066,55.55555555555556,44.44444444444444,0.0,0.0,4,5,50.0,60.0,-0.0444299999999993,3.6633760000000004
pdf_level_reaction,10,level_first6bars_touch0_buf5_all,DOWN,6,0.2,0.2,9,44.44444444444444,-3.6681555555556358,-31.700000000000728,44.44444444444444,44.44444444444444,11.11111111111111,0.0,4,5,25.0,60.0,-20.141025000000184,9.510140000000002
pdf_level_reaction,15,level_first1bars_touch0_buf10_all,DOWN,1,0.08,0.08,8,62.5,4.687505,18.68886,62.5,37.5,0.0,0.0,3,5,66.66666666666666,60.0,6.394386666666667,3.6633760000000004
pdf_level_reaction,10,level_first2bars_touch0_buf5_all,DOWN,2,0.2,0.2,8,50.0,2.021124999999909,7.624199999999636,50.0,37.5,12.5,0.0,3,5,33.33333333333333,60.0,-10.460566666666912,9.510140000000002
pdf_level_reaction,10,level_first3bars_touch0_buf5_all,DOWN,3,0.2,0.2,8,50.0,2.021124999999909,7.624199999999636,50.0,37.5,12.5,0.0,3,5,33.33333333333333,60.0,-10.460566666666912,9.510140000000002
pdf_level_reaction,10,level_first1bars_touch5_buf5_all,DOWN,1,0.2,0.2,8,50.0,1.9911249999999079,7.624199999999636,50.0,37.5,12.5,0.0,3,5,33.33333333333333,60.0,-10.540566666666912,9.510140000000002
pdf_level_reaction,10,level_first1bars_touch0_buf5_all,DOWN,1,0.2,0.2,7,42.857142857142854,-4.645757142857247,-31.700000000000728,42.857142857142854,42.857142857142854,14.285714285714285,0.0,2,5,0.0,60.0,-40.03550000000037,9.510140000000002
pdf_level_reaction,15,level_first2bars_touch10_buf5_all,DOWN,2,0.3,0.3,14,50.0,3.7008571428571426,8.100000000000364,42.857142857142854,35.714285714285715,21.428571428571427,0.0,7,7,42.857142857142854,57.14285714285714,-2.8320928571429653,10.233807142857247
pdf_level_reaction,15,level_first2bars_touch15_buf5_all,DOWN,2,0.3,0.3,14,50.0,3.7008571428571426,8.100000000000364,42.857142857142854,35.714285714285715,21.428571428571427,0.0,7,7,42.857142857142854,57.14285714285714,-2.8320928571429653,10.233807142857247
pdf_level_reaction,15,level_first4bars_touch10_buf5_all,DOWN,4,0.3,0.3,14,50.0,3.7008571428571426,8.100000000000364,42.857142857142854,35.714285714285715,21.428571428571427,0.0,7,7,42.857142857142854,57.14285714285714,-2.8320928571429653,10.233807142857247
pdf_level_reaction,15,level_first4bars_touch15_buf5_all,DOWN,4,0.3,0.3,14,50.0,3.7008571428571426,8.100000000000364,42.857142857142854,35.714285714285715,21.428571428571427,0.0,7,7,42.857142857142854,57.14285714285714,-2.8320928571429653,10.233807142857247
pdf_level_reaction,15,level_first2bars_touch10_buf5_all,DOWN,2,0.08,0.08,14,50.0,-0.07981428571428571,0.05491999999999919,50.0,50.0,0.0,0.0,7,7,42.857142857142854,57.14285714285714,-2.812485714285714,2.652857142857143
pdf_level_reaction,15,level_first2bars_touch15_buf5_all,DOWN,2,0.08,0.08,14,50.0,-0.07981428571428571,0.05491999999999919,50.0,50.0,0.0,0.0,7,7,42.857142857142854,57.14285714285714,-2.812485714285714,2.652857142857143
pdf_level_reaction,15,level_first4bars_touch10_buf5_all,DOWN,4,0.08,0.08,14,50.0,-0.07981428571428571,0.05491999999999919,50.0,50.0,0.0,0.0,7,7,42.857142857142854,57.14285714285714,-2.812485714285714,2.652857142857143
pdf_level_reaction,15,level_first4bars_touch15_buf5_all,DOWN,4,0.08,0.08,14,50.0,-0.07981428571428571,0.05491999999999919,50.0,50.0,0.0,0.0,7,7,42.857142857142854,57.14285714285714,-2.812485714285714,2.652857142857143
pdf_level_reaction,15,level_first2bars_touch10_buf10_all,DOWN,2,0.3,0.3,12,50.0,4.277579166666666,8.100000000000364,41.66666666666667,33.33333333333333,25.0,0.0,5,7,40.0,57.14285714285714,-4.061140000000148,10.233807142857247
pdf_level_reaction,15,level_first2bars_touch15_buf10_all,DOWN,2,0.3,0.3,12,50.0,4.277579166666666,8.100000000000364,41.66666666666667,33.33333333333333,25.0,0.0,5,7,40.0,57.14285714285714,-4.061140000000148,10.233807142857247
pdf_level_reaction,15,level_first4bars_touch10_buf10_all,DOWN,4,0.3,0.3,12,50.0,4.277579166666666,8.100000000000364,41.66666666666667,33.33333333333333,25.0,0.0,5,7,40.0,57.14285714285714,-4.061140000000148,10.233807142857247
pdf_level_reaction,15,level_first4bars_touch15_buf10_all,DOWN,4,0.3,0.3,12,50.0,4.277579166666666,8.100000000000364,41.66666666666667,33.33333333333333,25.0,0.0,5,7,40.0,57.14285714285714,-4.061140000000148,10.233807142857247
pdf_level_reaction,15,level_first4bars_touch5_buf10_all,DOWN,4,0.08,0.08,12,58.333333333333336,3.1464466666666677,18.68886,58.333333333333336,41.66666666666667,0.0,0.0,5,7,60.0,57.14285714285714,3.829232000000001,2.6587428571428577
pdf_level_reaction,15,level_first2bars_touch10_buf10_all,DOWN,2,0.08,0.08,12,58.333333333333336,3.143013333333334,18.67824,58.333333333333336,41.66666666666667,0.0,0.0,5,7,60.0,57.14285714285714,3.829232000000001,2.652857142857143
pdf_level_reaction,15,level_first2bars_touch15_buf10_all,DOWN,2,0.08,0.08,12,58.333333333333336,3.143013333333334,18.67824,58.333333333333336,41.66666666666667,0.0,0.0,5,7,60.0,57.14285714285714,3.829232000000001,2.652857142857143
pdf_level_reaction,15,level_first4bars_touch10_buf10_all,DOWN,4,0.08,0.08,12,58.333333333333336,3.143013333333334,18.67824,58.333333333333336,41.66666666666667,0.0,0.0,5,7,60.0,57.14285714285714,3.829232000000001,2.652857142857143
pdf_level_reaction,15,level_first4bars_touch15_buf10_all,DOWN,4,0.08,0.08,12,58.333333333333336,3.143013333333334,18.67824,58.333333333333336,41.66666666666667,0.0,0.0,5,7,60.0,57.14285714285714,3.829232000000001,2.652857142857143
pdf_level_reaction,15,level_first4bars_touch5_buf10_all,DOWN,4,0.3,0.3,12,50.0,1.7762000000000597,8.100000000000364,41.66666666666667,41.66666666666667,16.666666666666664,0.0,5,7,40.0,57.14285714285714,-4.061140000000148,5.94572857142878
pdf_level_reaction,15,level_first4bars_touch5_buf10_all,DOWN,4,0.2,0.2,12,41.66666666666667,-5.7363166666667285,-33.72095000000037,41.66666666666667,50.0,8.333333333333332,0.0,5,7,20.0,57.14285714285714,-23.798840000000148,7.165485714285714
pdf_level_reaction,15,level_first4bars_touch0_buf10_all,DOWN,4,0.08,0.08,11,63.63636363636363,5.192567272727273,18.77112,63.63636363636363,36.36363636363637,0.0,0.0,4,7,75.0,57.14285714285714,9.62676,2.6587428571428577
pdf_level_reaction,15,level_first4bars_touch0_buf10_all,DOWN,4,0.3,0.3,11,45.45454545454545,-4.662627272727207,-21.200000000000728,36.36363636363637,45.45454545454545,18.181818181818183,0.0,4,7,25.0,57.14285714285714,-23.227250000000183,5.94572857142878
pdf_level_reaction,15,level_first4bars_touch0_buf10_all,DOWN,4,0.2,0.2,11,36.36363636363637,-10.658000000000067,-46.24190000000001,36.36363636363637,54.54545454545454,9.090909090909092,0.0,4,7,0.0,57.14285714285714,-41.849100000000185,7.165485714285714
pdf_level_reaction,10,level_first1bars_touch10_buf10_all,DOWN,1,0.3,0.3,10,50.0,3.624069999999999,6.350000000000364,40.0,30.0,30.0,0.0,3,7,33.33333333333333,57.14285714285714,-10.527516666666907,9.689035714285817
pdf_level_reaction,10,level_first1bars_touch15_buf10_all,DOWN,1,0.3,0.3,10,50.0,3.624069999999999,6.350000000000364,40.0,30.0,30.0,0.0,3,7,33.33333333333333,57.14285714285714,-10.527516666666907,9.689035714285817
pdf_level_reaction,10,level_first2bars_touch10_buf10_all,DOWN,2,0.3,0.3,10,50.0,3.624069999999999,6.350000000000364,40.0,30.0,30.0,0.0,3,7,33.33333333333333,57.14285714285714,-10.527516666666907,9.689035714285817
pdf_level_reaction,10,level_first2bars_touch15_buf10_all,DOWN,2,0.3,0.3,10,50.0,3.624069999999999,6.350000000000364,40.0,30.0,30.0,0.0,3,7,33.33333333333333,57.14285714285714,-10.527516666666907,9.689035714285817
pdf_level_reaction,10,level_first3bars_touch10_buf10_all,DOWN,3,0.3,0.3,10,50.0,3.624069999999999,6.350000000000364,40.0,30.0,30.0,0.0,3,7,33.33333333333333,57.14285714285714,-10.527516666666907,9.689035714285817
pdf_level_reaction,10,level_first3bars_touch15_buf10_all,DOWN,3,0.3,0.3,10,50.0,3.624069999999999,6.350000000000364,40.0,30.0,30.0,0.0,3,7,33.33333333333333,57.14285714285714,-10.527516666666907,9.689035714285817
pdf_level_reaction,10,level_first6bars_touch10_buf10_all,DOWN,6,0.3,0.3,10,50.0,3.624069999999999,6.350000000000364,40.0,30.0,30.0,0.0,3,7,33.33333333333333,57.14285714285714,-10.527516666666907,9.689035714285817
pdf_level_reaction,10,level_first6bars_touch15_buf10_all,DOWN,6,0.3,0.3,10,50.0,3.624069999999999,6.350000000000364,40.0,30.0,30.0,0.0,3,7,33.33333333333333,57.14285714285714,-10.527516666666907,9.689035714285817
pdf_level_reaction,10,level_first1bars_touch10_buf10_all,DOWN,1,0.2,0.2,10,50.0,1.5179399999999283,7.578599999999639,50.0,40.0,10.0,0.0,3,7,33.33333333333333,57.14285714285714,-10.540566666666912,6.6858714285714305
pdf_level_reaction,10,level_first1bars_touch15_buf10_all,DOWN,1,0.2,0.2,10,50.0,1.5179399999999283,7.578599999999639,50.0,40.0,10.0,0.0,3,7,33.33333333333333,57.14285714285714,-10.540566666666912,6.6858714285714305
pdf_level_reaction,10,level_first2bars_touch10_buf10_all,DOWN,2,0.2,0.2,10,50.0,1.5179399999999283,7.578599999999639,50.0,40.0,10.0,0.0,3,7,33.33333333333333,57.14285714285714,-10.540566666666912,6.6858714285714305
pdf_level_reaction,10,level_first2bars_touch15_buf10_all,DOWN,2,0.2,0.2,10,50.0,1.5179399999999283,7.578599999999639,50.0,40.0,10.0,0.0,3,7,33.33333333333333,57.14285714285714,-10.540566666666912,6.6858714285714305
pdf_level_reaction,10,level_first3bars_touch10_buf10_all,DOWN,3,0.2,0.2,10,50.0,1.5179399999999283,7.578599999999639,50.0,40.0,10.0,0.0,3,7,33.33333333333333,57.14285714285714,-10.540566666666912,6.6858714285714305
pdf_level_reaction,10,level_first3bars_touch15_buf10_all,DOWN,3,0.2,0.2,10,50.0,1.5179399999999283,7.578599999999639,50.0,40.0,10.0,0.0,3,7,33.33333333333333,57.14285714285714,-10.540566666666912,6.6858714285714305
pdf_level_reaction,10,level_first6bars_touch10_buf10_all,DOWN,6,0.2,0.2,10,50.0,1.5179399999999283,7.578599999999639,50.0,40.0,10.0,0.0,3,7,33.33333333333333,57.14285714285714,-10.540566666666912,6.6858714285714305
pdf_level_reaction,10,level_first6bars_touch15_buf10_all,DOWN,6,0.2,0.2,10,50.0,1.5179399999999283,7.578599999999639,50.0,40.0,10.0,0.0,3,7,33.33333333333333,57.14285714285714,-10.540566666666912,6.6858714285714305
pdf_level_reaction,10,level_first6bars_touch15_buf5_all,UP,6,0.1,0.1,17,52.94117647058824,1.4463088235294115,23.228700000000003,52.94117647058824,47.05882352941176,0.0,0.0,13,4,53.84615384615385,50.0,1.8695230769230768,0.0708625000000005
pdf_level_reaction,10,level_first6bars_touch15_buf5_all,UP,6,0.3,0.3,17,41.17647058823529,-10.337029411764703,-69.70875,41.17647058823529,52.94117647058824,5.88235294117647,0.0,13,4,38.46153846153847,50.0,-13.583065384615386,0.21258750000000148
pdf_level_reaction,10,level_first6bars_touch15_buf5_all,UP,6,0.15,0.15,17,35.294117647058826,-10.694192647058822,-35.5971,35.294117647058826,64.70588235294117,0.0,0.0,13,4,30.76923076923077,50.0,-14.017419230769232,0.10629375000000074
pdf_level_reaction,10,level_first6bars_touch10_buf5_all,UP,6,0.1,0.1,16,56.25,3.053603125,23.51605,56.25,43.75,0.0,0.0,12,4,58.333333333333336,50.0,4.04785,0.0708625000000005
pdf_level_reaction,10,level_first6bars_touch10_buf5_all,UP,6,0.3,0.3,16,43.75,-6.4323937499999975,-48.729375,43.75,50.0,6.25,0.0,12,4,41.66666666666667,50.0,-8.647387499999999,0.21258750000000148
pdf_level_reaction,10,level_first6bars_touch10_buf5_all,UP,6,0.15,0.15,16,37.5,-9.087229687499999,-35.43285,37.5,62.5,0.0,0.0,12,4,33.33333333333333,50.0,-12.151737500000001,0.10629375000000074
pdf_level_reaction,10,level_first2bars_touch10_buf5_all,UP,2,0.1,0.1,15,53.333333333333336,1.6557066666666673,23.228700000000003,53.333333333333336,46.666666666666664,0.0,0.0,11,4,54.54545454545454,50.0,2.2320136363636367,0.0708625000000005
pdf_level_reaction,10,level_first3bars_touch10_buf5_all,UP,3,0.1,0.1,15,53.333333333333336,1.6557066666666673,23.228700000000003,53.333333333333336,46.666666666666664,0.0,0.0,11,4,54.54545454545454,50.0,2.2320136363636367,0.0708625000000005
pdf_level_reaction,10,level_first2bars_touch15_buf5_all,UP,2,0.1,0.1,15,53.333333333333336,1.6556466666666672,23.228700000000003,53.333333333333336,46.666666666666664,0.0,0.0,11,4,54.54545454545454,50.0,2.2319318181818186,0.0708625000000005
pdf_level_reaction,10,level_first3bars_touch15_buf5_all,UP,3,0.1,0.1,15,53.333333333333336,1.6556466666666672,23.228700000000003,53.333333333333336,46.666666666666664,0.0,0.0,11,4,54.54545454545454,50.0,2.2319318181818186,0.0708625000000005
pdf_level_reaction,10,level_first2bars_touch10_buf5_all,UP,2,0.3,0.3,15,40.0,-11.665629999999998,-69.70875,40.0,53.333333333333336,6.666666666666667,0.0,11,4,36.36363636363637,50.0,-15.984981818181815,0.21258750000000148
pdf_level_reaction,10,level_first3bars_touch10_buf5_all,UP,3,0.3,0.3,15,40.0,-11.665629999999998,-69.70875,40.0,53.333333333333336,6.666666666666667,0.0,11,4,36.36363636363637,50.0,-15.984981818181815,0.21258750000000148
pdf_level_reaction,10,level_first2bars_touch15_buf5_all,UP,2,0.3,0.3,15,40.0,-11.665809999999999,-69.70875,40.0,53.333333333333336,6.666666666666667,0.0,11,4,36.36363636363637,50.0,-15.98522727272727,0.21258750000000148
pdf_level_reaction,10,level_first3bars_touch15_buf5_all,UP,3,0.3,0.3,15,40.0,-11.665809999999999,-69.70875,40.0,53.333333333333336,6.666666666666667,0.0,11,4,36.36363636363637,50.0,-15.98522727272727,0.21258750000000148
pdf_level_reaction,10,level_first2bars_touch10_buf5_all,UP,2,0.15,0.15,15,33.33333333333333,-12.095249999999998,-35.5971,33.33333333333333,66.66666666666666,0.0,0.0,11,4,27.27272727272727,50.0,-16.532175,0.10629375000000074
pdf_level_reaction,10,level_first3bars_touch10_buf5_all,UP,3,0.15,0.15,15,33.33333333333333,-12.095249999999998,-35.5971,33.33333333333333,66.66666666666666,0.0,0.0,11,4,27.27272727272727,50.0,-16.532175,0.10629375000000074
pdf_level_reaction,10,level_first2bars_touch15_buf5_all,UP,2,0.15,0.15,15,33.33333333333333,-12.095339999999998,-35.5971,33.33333333333333,66.66666666666666,0.0,0.0,11,4,27.27272727272727,50.0,-16.532297727272727,0.10629375000000074
pdf_level_reaction,10,level_first3bars_touch15_buf5_all,UP,3,0.15,0.15,15,33.33333333333333,-12.095339999999998,-35.5971,33.33333333333333,66.66666666666666,0.0,0.0,11,4,27.27272727272727,50.0,-16.532297727272727,0.10629375000000074
pdf_level_reaction,15,level_first2bars_touch5_buf5_all,DOWN,2,0.08,0.08,13,46.15384615384615,-1.5282523076923076,-18.496760000000002,46.15384615384615,53.84615384615385,0.0,0.0,7,6,42.857142857142854,50.0,-2.812485714285714,-0.029980000000000118
pdf_level_reaction,15,level_first4bars_touch5_buf5_all,DOWN,4,0.08,0.08,13,46.15384615384615,-1.5282523076923076,-18.496760000000002,46.15384615384615,53.84615384615385,0.0,0.0,7,6,42.857142857142854,50.0,-2.812485714285714,-0.029980000000000118
pdf_level_reaction,15,level_first4bars_touch0_buf5_all,DOWN,4,0.08,0.08,13,46.15384615384615,-1.5524461538461531,-18.496760000000002,46.15384615384615,53.84615384615385,0.0,0.0,7,6,42.857142857142854,50.0,-2.857417142857142,-0.029980000000000118
pdf_level_reaction,15,level_first4bars_touch15_buf0_all,UP,4,0.3,0.3,13,46.15384615384615,-2.132969230769231,-18.450000000000728,38.46153846153847,46.15384615384615,15.384615384615385,0.0,9,4,44.44444444444444,50.0,-3.201005555555554,0.2701124999999962
pdf_level_reaction,15,level_first4bars_touch15_buf0_all,UP,4,0.08,0.08,13,38.46153846153847,-4.364153846153846,-18.60164,38.46153846153847,61.53846153846154,0.0,7.6923076923076925,9,4,33.33333333333333,50.0,-6.3815422222222224,0.17497000000000007
pdf_level_reaction,15,level_first4bars_touch15_buf0_all,UP,4,0.15,0.15,13,30.76923076923077,-13.919469230769229,-35.555324999999996,30.76923076923077,69.23076923076923,0.0,0.0,9,4,22.22222222222222,50.0,-20.165924999999998,0.1350562499999981
pdf_level_reaction,15,level_first4bars_touch10_buf0_all,UP,4,0.3,0.3,12,50.0,3.7547833333333323,22.625,41.66666666666667,41.66666666666667,16.666666666666664,0.0,8,4,50.0,50.0,5.49711875,0.2701124999999962
pdf_level_reaction,10,level_first1bars_touch15_buf5_all,UP,1,0.1,0.1,12,50.0,0.008558333333333223,-0.0037749999999974193,50.0,50.0,0.0,0.0,8,4,50.0,50.0,-0.022593750000000412,0.0708625000000005
pdf_level_reaction,15,level_first2bars_touch0_buf5_all,DOWN,2,0.08,0.08,12,50.0,-0.04219999999999994,0.05491999999999919,50.0,50.0,0.0,0.0,6,6,50.0,50.0,-0.05441999999999977,-0.029980000000000118
pdf_level_reaction,15,level_first4bars_touch10_buf0_all,UP,4,0.08,0.08,12,41.66666666666667,-3.1103666666666654,-18.5825,41.66666666666667,58.333333333333336,0.0,8.333333333333332,8,4,37.5,50.0,-4.753034999999999,0.17497000000000007
pdf_level_reaction,10,level_first3bars_touch5_buf5_all,UP,3,0.1,0.1,12,33.33333333333333,-8.104570833333334,-23.621900000000004,33.33333333333333,66.66666666666666,0.0,0.0,8,4,25.0,50.0,-12.1922875,0.0708625000000005
pdf_level_reaction,10,level_first6bars_touch5_buf5_all,UP,6,0.1,0.1,12,33.33333333333333,-8.104570833333334,-23.621900000000004,33.33333333333333,66.66666666666666,0.0,0.0,8,4,25.0,50.0,-12.1922875,0.0708625000000005
pdf_level_reaction,15,level_first1bars_touch10_buf0_all,DOWN,1,0.1,0.1,12,33.33333333333333,-8.117395833333333,-23.827350000000003,33.33333333333333,66.66666666666666,0.0,0.0,6,6,16.666666666666664,50.0,-16.204283333333333,-0.03050833333333299
pdf_level_reaction,15,level_first1bars_touch10_buf5_all,DOWN,1,0.1,0.1,12,33.33333333333333,-8.117395833333333,-23.827350000000003,33.33333333333333,66.66666666666666,0.0,0.0,6,6,16.666666666666664,50.0,-16.204283333333333,-0.03050833333333299
pdf_level_reaction,15,level_first1bars_touch15_buf0_all,DOWN,1,0.1,0.1,12,33.33333333333333,-8.117395833333333,-23.827350000000003,33.33333333333333,66.66666666666666,0.0,0.0,6,6,16.666666666666664,50.0,-16.204283333333333,-0.03050833333333299
pdf_level_reaction,15,level_first1bars_touch15_buf5_all,DOWN,1,0.1,0.1,12,33.33333333333333,-8.117395833333333,-23.827350000000003,33.33333333333333,66.66666666666666,0.0,0.0,6,6,16.666666666666664,50.0,-16.204283333333333,-0.03050833333333299
pdf_level_reaction,15,level_first2bars_touch10_buf0_all,DOWN,2,0.1,0.1,12,33.33333333333333,-8.117395833333333,-23.827350000000003,33.33333333333333,66.66666666666666,0.0,0.0,6,6,16.666666666666664,50.0,-16.204283333333333,-0.03050833333333299
pdf_level_reaction,15,level_first2bars_touch15_buf0_all,DOWN,2,0.1,0.1,12,33.33333333333333,-8.117395833333333,-23.827350000000003,33.33333333333333,66.66666666666666,0.0,0.0,6,6,16.666666666666664,50.0,-16.204283333333333,-0.03050833333333299
pdf_level_reaction,15,level_first4bars_touch10_buf0_all,DOWN,4,0.1,0.1,12,33.33333333333333,-8.117395833333333,-23.827350000000003,33.33333333333333,66.66666666666666,0.0,0.0,6,6,16.666666666666664,50.0,-16.204283333333333,-0.03050833333333299
pdf_level_reaction,15,level_first4bars_touch15_buf0_all,DOWN,4,0.1,0.1,12,33.33333333333333,-8.117395833333333,-23.827350000000003,33.33333333333333,66.66666666666666,0.0,0.0,6,6,16.666666666666664,50.0,-16.204283333333333,-0.03050833333333299
pdf_level_reaction,10,level_first1bars_touch15_buf5_all,UP,1,0.3,0.3,12,41.66666666666667,-8.459937499999999,-48.729375,41.66666666666667,50.0,8.333333333333332,0.0,8,4,37.5,50.0,-12.796199999999999,0.21258750000000148
pdf_level_reaction,15,level_first4bars_touch10_buf0_all,UP,4,0.15,0.15,12,33.33333333333333,-12.046675,-35.4097125,33.33333333333333,66.66666666666666,0.0,0.0,8,4,25.0,50.0,-18.137540625,0.1350562499999981
pdf_level_reaction,10,level_first1bars_touch15_buf5_all,UP,1,0.15,0.15,12,33.33333333333333,-12.058012500000002,-35.43285,33.33333333333333,66.66666666666666,0.0,0.0,8,4,25.0,50.0,-18.140165625,0.10629375000000074
pdf_level_reaction,10,level_first3bars_touch5_buf5_all,UP,3,0.15,0.15,12,25.0,-18.139206249999997,-35.745599999999996,25.0,75.0,0.0,0.0,8,4,12.5,50.0,-27.261956249999997,0.10629375000000074
pdf_level_reaction,10,level_first6bars_touch5_buf5_all,UP,6,0.15,0.15,12,25.0,-18.139206249999997,-35.745599999999996,25.0,75.0,0.0,0.0,8,4,12.5,50.0,-27.261956249999997,0.10629375000000074
pdf_level_reaction,10,level_first3bars_touch5_buf5_all,UP,3,0.3,0.3,12,33.33333333333333,-20.622325,-70.122975,33.33333333333333,58.333333333333336,8.333333333333332,0.0,8,4,25.0,50.0,-31.039781249999997,0.21258750000000148
pdf_level_reaction,10,level_first6bars_touch5_buf5_all,UP,6,0.3,0.3,12,33.33333333333333,-20.622325,-70.122975,33.33333333333333,58.333333333333336,8.333333333333332,0.0,8,4,25.0,50.0,-31.039781249999997,0.21258750000000148
pdf_level_reaction,15,level_first2bars_touch5_buf10_all,DOWN,2,0.08,0.08,11,54.54545454545454,1.7242072727272733,18.6066,54.54545454545454,45.45454545454545,0.0,0.0,5,6,60.0,50.0,3.829232000000001,-0.029980000000000118
pdf_level_reaction,10,level_first1bars_touch10_buf5_all,UP,1,0.1,0.1,11,45.45454545454545,-2.2020136363636365,-23.23625,45.45454545454545,54.54545454545454,0.0,0.0,7,4,42.857142857142854,50.0,-3.5008000000000004,0.0708625000000005
pdf_level_reaction,15,level_first2bars_touch5_buf0_all,UP,2,0.3,0.3,11,45.45454545454545,-2.4480454545454546,-18.450000000000728,36.36363636363637,45.45454545454545,18.181818181818183,0.0,7,4,42.857142857142854,50.0,-4.001278571428571,0.2701124999999962
pdf_level_reaction,15,level_first4bars_touch5_buf0_all,UP,4,0.3,0.3,11,45.45454545454545,-2.4480454545454546,-18.450000000000728,36.36363636363637,45.45454545454545,18.181818181818183,0.0,7,4,42.857142857142854,50.0,-4.001278571428571,0.2701124999999962
pdf_level_reaction,15,level_first1bars_touch15_buf0_all,UP,1,0.3,0.3,11,45.45454545454545,-2.4524909090909093,-18.450000000000728,36.36363636363637,45.45454545454545,18.181818181818183,0.0,7,4,42.857142857142854,50.0,-4.008264285714286,0.2701124999999962
pdf_level_reaction,15,level_first2bars_touch15_buf0_all,UP,2,0.3,0.3,11,45.45454545454545,-2.4524909090909093,-18.450000000000728,36.36363636363637,45.45454545454545,18.181818181818183,0.0,7,4,42.857142857142854,50.0,-4.008264285714286,0.2701124999999962
pdf_level_reaction,15,level_first2bars_touch10_buf0_all,UP,2,0.3,0.3,11,45.45454545454545,-2.454304545454545,-18.450000000000728,36.36363636363637,45.45454545454545,18.181818181818183,0.0,7,4,42.857142857142854,50.0,-4.011114285714285,0.2701124999999962
pdf_level_reaction,10,level_first2bars_touch5_buf10_all,DOWN,2,0.2,0.2,11,45.45454545454545,-2.8739090909091547,-31.700000000000728,45.45454545454545,45.45454545454545,9.090909090909092,0.0,5,6,40.0,50.0,-6.311380000000144,-0.009349999999998934
pdf_level_reaction,10,level_first3bars_touch5_buf10_all,DOWN,3,0.2,0.2,11,45.45454545454545,-2.8739090909091547,-31.700000000000728,45.45454545454545,45.45454545454545,9.090909090909092,0.0,5,6,40.0,50.0,-6.311380000000144,-0.009349999999998934
pdf_level_reaction,10,level_first6bars_touch5_buf10_all,DOWN,6,0.2,0.2,11,45.45454545454545,-2.8739090909091547,-31.700000000000728,45.45454545454545,45.45454545454545,9.090909090909092,0.0,5,6,40.0,50.0,-6.311380000000144,-0.009349999999998934
pdf_level_reaction,15,level_first2bars_touch5_buf0_all,UP,2,0.08,0.08,11,36.36363636363637,-5.138239999999999,-18.60164,36.36363636363637,63.63636363636363,0.0,9.090909090909092,7,4,28.57142857142857,50.0,-8.174359999999998,0.17497000000000007
pdf_level_reaction,15,level_first4bars_touch5_buf0_all,UP,4,0.08,0.08,11,36.36363636363637,-5.138239999999999,-18.60164,36.36363636363637,63.63636363636363,0.0,9.090909090909092,7,4,28.57142857142857,50.0,-8.174359999999998,0.17497000000000007
pdf_level_reaction,15,level_first1bars_touch15_buf0_all,UP,1,0.08,0.08,11,36.36363636363637,-5.139425454545454,-18.60164,36.36363636363637,63.63636363636363,0.0,9.090909090909092,7,4,28.57142857142857,50.0,-8.176222857142857,0.17497000000000007
pdf_level_reaction,15,level_first2bars_touch15_buf0_all,UP,2,0.08,0.08,11,36.36363636363637,-5.139425454545454,-18.60164,36.36363636363637,63.63636363636363,0.0,9.090909090909092,7,4,28.57142857142857,50.0,-8.176222857142857,0.17497000000000007
pdf_level_reaction,15,level_first2bars_touch10_buf0_all,UP,2,0.08,0.08,11,36.36363636363637,-5.139909090909089,-18.60164,36.36363636363637,63.63636363636363,0.0,9.090909090909092,7,4,28.57142857142857,50.0,-8.176982857142857,0.17497000000000007
pdf_level_reaction,10,level_first3bars_touch0_buf5_all,UP,3,0.1,0.1,11,36.36363636363637,-6.600295454545455,-23.512400000000003,36.36363636363637,63.63636363636363,0.0,0.0,7,4,28.57142857142857,50.0,-10.412385714285715,0.0708625000000005
pdf_level_reaction,10,level_first6bars_touch0_buf5_all,UP,6,0.1,0.1,11,36.36363636363637,-6.600295454545455,-23.512400000000003,36.36363636363637,63.63636363636363,0.0,0.0,7,4,28.57142857142857,50.0,-10.412385714285715,0.0708625000000005
pdf_level_reaction,10,level_first2bars_touch5_buf5_all,UP,2,0.1,0.1,11,36.36363636363637,-6.602436363636364,-23.512400000000003,36.36363636363637,63.63636363636363,0.0,0.0,7,4,28.57142857142857,50.0,-10.415750000000001,0.0708625000000005
pdf_level_reaction,10,level_first3bars_touch0_buf5_all,UP,3,0.3,0.3,11,36.36363636363637,-15.773918181818177,-69.70875,36.36363636363637,54.54545454545454,9.090909090909092,0.0,7,4,28.57142857142857,50.0,-24.909064285714287,0.21258750000000148
pdf_level_reaction,10,level_first6bars_touch0_buf5_all,UP,6,0.3,0.3,11,36.36363636363637,-15.773918181818177,-69.70875,36.36363636363637,54.54545454545454,9.090909090909092,0.0,7,4,28.57142857142857,50.0,-24.909064285714287,0.21258750000000148
pdf_level_reaction,10,level_first2bars_touch5_buf5_all,UP,2,0.3,0.3,11,36.36363636363637,-15.780340909090905,-69.70875,36.36363636363637,54.54545454545454,9.090909090909092,0.0,7,4,28.57142857142857,50.0,-24.919157142857138,0.21258750000000148
pdf_level_reaction,10,level_first1bars_touch10_buf5_all,UP,1,0.3,0.3,11,36.36363636363637,-15.863072727272725,-69.70875,36.36363636363637,54.54545454545454,9.090909090909092,0.0,7,4,28.57142857142857,50.0,-25.04916428571428,0.21258750000000148
pdf_level_reaction,15,level_first2bars_touch5_buf0_all,UP,2,0.15,0.15,11,27.27272727272727,-16.413913636363638,-35.555324999999996,27.27272727272727,72.72727272727273,0.0,0.0,7,4,14.285714285714285,50.0,-25.87046785714286,0.1350562499999981
pdf_level_reaction,15,level_first4bars_touch5_buf0_all,UP,4,0.15,0.15,11,27.27272727272727,-16.413913636363638,-35.555324999999996,27.27272727272727,72.72727272727273,0.0,0.0,7,4,14.285714285714285,50.0,-25.87046785714286,0.1350562499999981
pdf_level_reaction,15,level_first1bars_touch15_buf0_all,UP,1,0.15,0.15,11,27.27272727272727,-16.416136363636365,-35.555324999999996,27.27272727272727,72.72727272727273,0.0,0.0,7,4,14.285714285714285,50.0,-25.873960714285715,0.1350562499999981
pdf_level_reaction,15,level_first2bars_touch15_buf0_all,UP,2,0.15,0.15,11,27.27272727272727,-16.416136363636365,-35.555324999999996,27.27272727272727,72.72727272727273,0.0,0.0,7,4,14.285714285714285,50.0,-25.873960714285715,0.1350562499999981
pdf_level_reaction,15,level_first2bars_touch10_buf0_all,UP,2,0.15,0.15,11,27.27272727272727,-16.417043181818183,-35.555324999999996,27.27272727272727,72.72727272727273,0.0,0.0,7,4,14.285714285714285,50.0,-25.875385714285716,0.1350562499999981
pdf_level_reaction,10,level_first3bars_touch0_buf5_all,UP,3,0.15,0.15,11,27.27272727272727,-16.42664318181818,-35.5971,27.27272727272727,72.72727272727273,0.0,0.0,7,4,14.285714285714285,50.0,-25.874035714285714,0.10629375000000074
pdf_level_reaction,10,level_first6bars_touch0_buf5_all,UP,6,0.15,0.15,11,27.27272727272727,-16.42664318181818,-35.5971,27.27272727272727,72.72727272727273,0.0,0.0,7,4,14.285714285714285,50.0,-25.874035714285714,0.10629375000000074
pdf_level_reaction,10,level_first2bars_touch5_buf5_all,UP,2,0.15,0.15,11,27.27272727272727,-16.429854545454546,-35.5971,27.27272727272727,72.72727272727273,0.0,0.0,7,4,14.285714285714285,50.0,-25.879082142857147,0.10629375000000074
pdf_level_reaction,10,level_first1bars_touch10_buf5_all,UP,1,0.15,0.15,11,27.27272727272727,-16.471220454545456,-35.5971,27.27272727272727,72.72727272727273,0.0,0.0,7,4,14.285714285714285,50.0,-25.944085714285716,0.10629375000000074
pdf_level_reaction,10,level_first1bars_touch5_buf0_all,DOWN,1,0.2,0.2,10,60.0,11.433439999999928,47.31245,60.0,30.0,10.0,0.0,6,4,66.66666666666666,50.0,19.023783333333213,0.04792499999999933
pdf_level_reaction,10,level_first2bars_touch5_buf0_all,DOWN,2,0.2,0.2,10,60.0,11.433439999999928,47.31245,60.0,30.0,10.0,0.0,6,4,66.66666666666666,50.0,19.023783333333213,0.04792499999999933
pdf_level_reaction,10,level_first3bars_touch5_buf0_all,DOWN,3,0.2,0.2,10,60.0,11.433439999999928,47.31245,60.0,30.0,10.0,0.0,6,4,66.66666666666666,50.0,19.023783333333213,0.04792499999999933
pdf_level_reaction,10,level_first6bars_touch5_buf0_all,DOWN,6,0.2,0.2,10,60.0,11.433439999999928,47.31245,60.0,30.0,10.0,0.0,6,4,66.66666666666666,50.0,19.023783333333213,0.04792499999999933
pdf_level_reaction,10,level_first1bars_touch5_buf0_all,DOWN,1,0.15,0.15,10,60.0,7.319535,35.484337499999995,60.0,40.0,0.0,0.0,6,4,66.66666666666666,50.0,12.175262500000002,0.03594374999999772
pdf_level_reaction,10,level_first2bars_touch5_buf0_all,DOWN,2,0.15,0.15,10,60.0,7.319535,35.484337499999995,60.0,40.0,0.0,0.0,6,4,66.66666666666666,50.0,12.175262500000002,0.03594374999999772
pdf_level_reaction,10,level_first3bars_touch5_buf0_all,DOWN,3,0.15,0.15,10,60.0,7.319535,35.484337499999995,60.0,40.0,0.0,0.0,6,4,66.66666666666666,50.0,12.175262500000002,0.03594374999999772
pdf_level_reaction,10,level_first6bars_touch5_buf0_all,DOWN,6,0.15,0.15,10,60.0,7.319535,35.484337499999995,60.0,40.0,0.0,0.0,6,4,66.66666666666666,50.0,12.175262500000002,0.03594374999999772
pdf_level_reaction,15,level_first1bars_touch10_buf0_all,UP,1,0.3,0.3,10,50.0,4.688680000000001,22.625,40.0,40.0,20.0,0.0,6,4,50.0,50.0,7.6343916666666685,0.2701124999999962
pdf_level_reaction,15,level_first2bars_touch0_buf10_all,DOWN,2,0.08,0.08,10,60.0,3.832716,18.68886,60.0,40.0,0.0,0.0,4,6,75.0,50.0,9.62676,-0.029980000000000118
pdf_level_reaction,10,level_first1bars_touch5_buf0_all,DOWN,1,0.1,0.1,10,50.0,0.008889999999999888,0.10762500000000053,50.0,50.0,0.0,0.0,6,4,50.0,50.0,-0.0011583333333332984,0.023962499999999665
pdf_level_reaction,10,level_first2bars_touch5_buf0_all,DOWN,2,0.1,0.1,10,50.0,0.008889999999999888,0.10762500000000053,50.0,50.0,0.0,0.0,6,4,50.0,50.0,-0.0011583333333332984,0.023962499999999665
pdf_level_reaction,10,level_first3bars_touch5_buf0_all,DOWN,3,0.1,0.1,10,50.0,0.008889999999999888,0.10762500000000053,50.0,50.0,0.0,0.0,6,4,50.0,50.0,-0.0011583333333332984,0.023962499999999665
pdf_level_reaction,10,level_first6bars_touch5_buf0_all,DOWN,6,0.1,0.1,10,50.0,0.008889999999999888,0.10762500000000053,50.0,50.0,0.0,0.0,6,4,50.0,50.0,-0.0011583333333332984,0.023962499999999665
pdf_level_reaction,15,level_first1bars_touch10_buf0_all,UP,1,0.08,0.08,10,40.0,-3.683656,-18.5825,40.0,60.0,0.0,10.0,6,4,33.33333333333333,50.0,-6.256073333333333,0.17497000000000007
pdf_level_reaction,15,level_first1bars_touch10_buf10_all,DOWN,1,0.1,0.1,10,40.0,-4.88668,-23.465375,40.0,60.0,0.0,0.0,4,6,25.0,50.0,-12.1709375,-0.03050833333333299
pdf_level_reaction,15,level_first1bars_touch15_buf10_all,DOWN,1,0.1,0.1,10,40.0,-4.88668,-23.465375,40.0,60.0,0.0,0.0,4,6,25.0,50.0,-12.1709375,-0.03050833333333299
pdf_level_reaction,15,level_first2bars_touch5_buf10_all,UP,2,0.08,0.08,10,30.0,-7.693339999999999,-19.0574,30.0,70.0,0.0,10.0,8,2,25.0,50.0,-9.673639999999999,0.2278600000000015
pdf_level_reaction,15,level_first4bars_touch5_buf10_all,UP,4,0.08,0.08,10,30.0,-7.693339999999999,-19.0574,30.0,70.0,0.0,10.0,8,2,25.0,50.0,-9.673639999999999,0.2278600000000015
pdf_level_reaction,10,level_first2bars_touch0_buf5_all,UP,2,0.1,0.1,10,30.0,-9.695255,-23.621900000000004,30.0,70.0,0.0,0.0,6,4,16.666666666666664,50.0,-16.206,0.0708625000000005
pdf_level_reaction,15,level_first1bars_touch10_buf0_all,UP,1,0.15,0.15,10,30.0,-14.36454,-35.4097125,30.0,70.0,0.0,0.0,6,4,16.666666666666664,50.0,-24.030937500000004,0.1350562499999981
pdf_level_reaction,10,level_first2bars_touch0_buf5_all,UP,2,0.15,0.15,10,20.0,-21.7217025,-35.745599999999996,20.0,80.0,0.0,0.0,6,4,0.0,50.0,-36.2737,0.10629375000000074
pdf_level_reaction,10,level_first2bars_touch0_buf5_all,UP,2,0.3,0.3,10,30.0,-24.6561,-70.122975,30.0,60.0,10.0,0.0,6,4,16.666666666666664,50.0,-41.23522499999999,0.21258750000000148
pdf_level_reaction,15,level_first1bars_touch0_buf0_all,UP,1,0.3,0.3,9,44.44444444444444,-2.89338888888889,-18.450000000000728,33.33333333333333,44.44444444444444,22.22222222222222,0.0,5,4,40.0,50.0,-5.4241899999999985,0.2701124999999962
pdf_level_reaction,15,level_first1bars_touch5_buf0_all,UP,1,0.3,0.3,9,44.44444444444444,-2.89338888888889,-18.450000000000728,33.33333333333333,44.44444444444444,22.22222222222222,0.0,5,4,40.0,50.0,-5.4241899999999985,0.2701124999999962
pdf_level_reaction,15,level_first2bars_touch0_buf0_all,UP,2,0.3,0.3,9,44.44444444444444,-2.89338888888889,-18.450000000000728,33.33333333333333,44.44444444444444,22.22222222222222,0.0,5,4,40.0,50.0,-5.4241899999999985,0.2701124999999962
pdf_level_reaction,15,level_first4bars_touch0_buf0_all,UP,4,0.3,0.3,9,44.44444444444444,-2.89338888888889,-18.450000000000728,33.33333333333333,44.44444444444444,22.22222222222222,0.0,5,4,40.0,50.0,-5.4241899999999985,0.2701124999999962
pdf_level_reaction,10,level_first2bars_touch0_buf10_all,DOWN,2,0.2,0.2,9,44.44444444444444,-3.493088888888968,-31.700000000000728,44.44444444444444,44.44444444444444,11.11111111111111,0.0,3,6,33.33333333333333,50.0,-10.460566666666912,-0.009349999999998934
pdf_level_reaction,10,level_first3bars_touch0_buf10_all,DOWN,3,0.2,0.2,9,44.44444444444444,-3.493088888888968,-31.700000000000728,44.44444444444444,44.44444444444444,11.11111111111111,0.0,3,6,33.33333333333333,50.0,-10.460566666666912,-0.009349999999998934
pdf_level_reaction,10,level_first6bars_touch0_buf10_all,DOWN,6,0.2,0.2,9,44.44444444444444,-3.493088888888968,-31.700000000000728,44.44444444444444,44.44444444444444,11.11111111111111,0.0,3,6,33.33333333333333,50.0,-10.460566666666912,-0.009349999999998934
pdf_level_reaction,10,level_first1bars_touch5_buf10_all,DOWN,1,0.2,0.2,9,44.44444444444444,-3.5197555555556357,-31.700000000000728,44.44444444444444,44.44444444444444,11.11111111111111,0.0,3,6,33.33333333333333,50.0,-10.540566666666912,-0.009349999999998934
pdf_level_reaction,15,level_first1bars_touch0_buf0_all,UP,1,0.08,0.08,9,33.33333333333333,-6.25376,-18.60164,33.33333333333333,66.66666666666666,0.0,11.11111111111111,5,4,20.0,50.0,-11.396744,0.17497000000000007
pdf_level_reaction,15,level_first1bars_touch5_buf0_all,UP,1,0.08,0.08,9,33.33333333333333,-6.25376,-18.60164,33.33333333333333,66.66666666666666,0.0,11.11111111111111,5,4,20.0,50.0,-11.396744,0.17497000000000007
pdf_level_reaction,15,level_first2bars_touch0_buf0_all,UP,2,0.08,0.08,9,33.33333333333333,-6.25376,-18.60164,33.33333333333333,66.66666666666666,0.0,11.11111111111111,5,4,20.0,50.0,-11.396744,0.17497000000000007
pdf_level_reaction,15,level_first4bars_touch0_buf0_all,UP,4,0.08,0.08,9,33.33333333333333,-6.25376,-18.60164,33.33333333333333,66.66666666666666,0.0,11.11111111111111,5,4,20.0,50.0,-11.396744,0.17497000000000007
pdf_level_reaction,10,level_first1bars_touch0_buf0_all,UP,1,0.1,0.1,9,33.33333333333333,-8.084627777777778,-23.512400000000003,33.33333333333333,66.66666666666666,0.0,0.0,5,4,20.0,50.0,-14.609020000000001,0.0708625000000005
pdf_level_reaction,10,level_first1bars_touch0_buf5_all,UP,1,0.1,0.1,9,33.33333333333333,-8.084627777777778,-23.512400000000003,33.33333333333333,66.66666666666666,0.0,0.0,5,4,20.0,50.0,-14.609020000000001,0.0708625000000005
pdf_level_reaction,10,level_first1bars_touch5_buf5_all,UP,1,0.1,0.1,9,33.33333333333333,-8.084627777777778,-23.512400000000003,33.33333333333333,66.66666666666666,0.0,0.0,5,4,20.0,50.0,-14.609020000000001,0.0708625000000005
pdf_level_reaction,10,level_first2bars_touch0_buf0_all,UP,2,0.1,0.1,9,33.33333333333333,-8.084627777777778,-23.512400000000003,33.33333333333333,66.66666666666666,0.0,0.0,5,4,20.0,50.0,-14.609020000000001,0.0708625000000005
pdf_level_reaction,10,level_first3bars_touch0_buf0_all,UP,3,0.1,0.1,9,33.33333333333333,-8.084627777777778,-23.512400000000003,33.33333333333333,66.66666666666666,0.0,0.0,5,4,20.0,50.0,-14.609020000000001,0.0708625000000005
pdf_level_reaction,10,level_first6bars_touch0_buf0_all,UP,6,0.1,0.1,9,33.33333333333333,-8.084627777777778,-23.512400000000003,33.33333333333333,66.66666666666666,0.0,0.0,5,4,20.0,50.0,-14.609020000000001,0.0708625000000005
pdf_level_reaction,15,level_first4bars_touch0_buf10_all,UP,4,0.08,0.08,9,22.22222222222222,-10.7104,-19.151960000000003,22.22222222222222,77.77777777777779,0.0,11.11111111111111,7,2,14.285714285714285,50.0,-13.835617142857142,0.2278600000000015
pdf_level_reaction,10,level_first1bars_touch0_buf0_all,UP,1,0.3,0.3,9,33.33333333333333,-19.33203333333333,-69.70875,33.33333333333333,55.55555555555556,11.11111111111111,0.0,5,4,20.0,50.0,-34.967729999999996,0.21258750000000148
pdf_level_reaction,10,level_first1bars_touch0_buf5_all,UP,1,0.3,0.3,9,33.33333333333333,-19.33203333333333,-69.70875,33.33333333333333,55.55555555555556,11.11111111111111,0.0,5,4,20.0,50.0,-34.967729999999996,0.21258750000000148
pdf_level_reaction,10,level_first1bars_touch5_buf5_all,UP,1,0.3,0.3,9,33.33333333333333,-19.33203333333333,-69.70875,33.33333333333333,55.55555555555556,11.11111111111111,0.0,5,4,20.0,50.0,-34.967729999999996,0.21258750000000148
pdf_level_reaction,10,level_first2bars_touch0_buf0_all,UP,2,0.3,0.3,9,33.33333333333333,-19.33203333333333,-69.70875,33.33333333333333,55.55555555555556,11.11111111111111,0.0,5,4,20.0,50.0,-34.967729999999996,0.21258750000000148
pdf_level_reaction,10,level_first3bars_touch0_buf0_all,UP,3,0.3,0.3,9,33.33333333333333,-19.33203333333333,-69.70875,33.33333333333333,55.55555555555556,11.11111111111111,0.0,5,4,20.0,50.0,-34.967729999999996,0.21258750000000148
pdf_level_reaction,10,level_first6bars_touch0_buf0_all,UP,6,0.3,0.3,9,33.33333333333333,-19.33203333333333,-69.70875,33.33333333333333,55.55555555555556,11.11111111111111,0.0,5,4,20.0,50.0,-34.967729999999996,0.21258750000000148
pdf_level_reaction,15,level_first1bars_touch0_buf0_all,UP,1,0.15,0.15,9,22.22222222222222,-20.012116666666667,-35.555324999999996,22.22222222222222,77.77777777777779,0.0,0.0,5,4,0.0,50.0,-36.129855,0.1350562499999981
pdf_level_reaction,15,level_first1bars_touch5_buf0_all,UP,1,0.15,0.15,9,22.22222222222222,-20.012116666666667,-35.555324999999996,22.22222222222222,77.77777777777779,0.0,0.0,5,4,0.0,50.0,-36.129855,0.1350562499999981
pdf_level_reaction,15,level_first2bars_touch0_buf0_all,UP,2,0.15,0.15,9,22.22222222222222,-20.012116666666667,-35.555324999999996,22.22222222222222,77.77777777777779,0.0,0.0,5,4,0.0,50.0,-36.129855,0.1350562499999981
pdf_level_reaction,15,level_first4bars_touch0_buf0_all,UP,4,0.15,0.15,9,22.22222222222222,-20.012116666666667,-35.555324999999996,22.22222222222222,77.77777777777779,0.0,0.0,5,4,0.0,50.0,-36.129855,0.1350562499999981
pdf_level_reaction,10,level_first1bars_touch0_buf0_all,UP,1,0.15,0.15,9,22.22222222222222,-20.10340833333333,-35.5971,22.22222222222222,77.77777777777779,0.0,0.0,5,4,0.0,50.0,-36.27117,0.10629375000000074
pdf_level_reaction,10,level_first1bars_touch0_buf5_all,UP,1,0.15,0.15,9,22.22222222222222,-20.10340833333333,-35.5971,22.22222222222222,77.77777777777779,0.0,0.0,5,4,0.0,50.0,-36.27117,0.10629375000000074
pdf_level_reaction,10,level_first1bars_touch5_buf5_all,UP,1,0.15,0.15,9,22.22222222222222,-20.10340833333333,-35.5971,22.22222222222222,77.77777777777779,0.0,0.0,5,4,0.0,50.0,-36.27117,0.10629375000000074
pdf_level_reaction,10,level_first2bars_touch0_buf0_all,UP,2,0.15,0.15,9,22.22222222222222,-20.10340833333333,-35.5971,22.22222222222222,77.77777777777779,0.0,0.0,5,4,0.0,50.0,-36.27117,0.10629375000000074
pdf_level_reaction,10,level_first3bars_touch0_buf0_all,UP,3,0.15,0.15,9,22.22222222222222,-20.10340833333333,-35.5971,22.22222222222222,77.77777777777779,0.0,0.0,5,4,0.0,50.0,-36.27117,0.10629375000000074
pdf_level_reaction,10,level_first6bars_touch0_buf0_all,UP,6,0.15,0.15,9,22.22222222222222,-20.10340833333333,-35.5971,22.22222222222222,77.77777777777779,0.0,0.0,5,4,0.0,50.0,-36.27117,0.10629375000000074
pdf_level_reaction,10,level_first1bars_touch10_buf5_all,DOWN,1,0.1,0.1,8,50.0,-0.018837500000000507,0.08482500000000215,50.0,50.0,0.0,0.0,2,6,50.0,50.0,0.002174999999999372,-0.025841666666667134
pdf_level_reaction,10,level_first1bars_touch15_buf5_all,DOWN,1,0.1,0.1,8,50.0,-0.018837500000000507,0.08482500000000215,50.0,50.0,0.0,0.0,2,6,50.0,50.0,0.002174999999999372,-0.025841666666667134
pdf_level_reaction,10,level_first2bars_touch10_buf5_all,DOWN,2,0.1,0.1,8,50.0,-0.018837500000000507,0.08482500000000215,50.0,50.0,0.0,0.0,2,6,50.0,50.0,0.002174999999999372,-0.025841666666667134
pdf_level_reaction,10,level_first2bars_touch15_buf5_all,DOWN,2,0.1,0.1,8,50.0,-0.018837500000000507,0.08482500000000215,50.0,50.0,0.0,0.0,2,6,50.0,50.0,0.002174999999999372,-0.025841666666667134
pdf_level_reaction,10,level_first3bars_touch10_buf5_all,DOWN,3,0.1,0.1,8,50.0,-0.018837500000000507,0.08482500000000215,50.0,50.0,0.0,0.0,2,6,50.0,50.0,0.002174999999999372,-0.025841666666667134
pdf_level_reaction,10,level_first3bars_touch15_buf5_all,DOWN,3,0.1,0.1,8,50.0,-0.018837500000000507,0.08482500000000215,50.0,50.0,0.0,0.0,2,6,50.0,50.0,0.002174999999999372,-0.025841666666667134
pdf_level_reaction,10,level_first6bars_touch10_buf5_all,DOWN,6,0.1,0.1,8,50.0,-0.018837500000000507,0.08482500000000215,50.0,50.0,0.0,0.0,2,6,50.0,50.0,0.002174999999999372,-0.025841666666667134
pdf_level_reaction,10,level_first6bars_touch15_buf5_all,DOWN,6,0.1,0.1,8,50.0,-0.018837500000000507,0.08482500000000215,50.0,50.0,0.0,0.0,2,6,50.0,50.0,0.002174999999999372,-0.025841666666667134
pdf_level_reaction,10,level_first6bars_touch5_buf10_inst,DOWN,6,0.3,0.3,8,50.0,-0.36289374999982016,-3.5499999999992724,37.5,37.5,25.0,0.0,4,4,50.0,50.0,10.54228749999982,-11.26807499999946
pdf_level_reaction,10,level_first6bars_touch10_buf10_inst,DOWN,6,0.3,0.3,8,50.0,-0.36289374999982016,-3.5499999999992724,37.5,37.5,25.0,0.0,4,4,50.0,50.0,10.54228749999982,-11.26807499999946
pdf_level_reaction,10,level_first6bars_touch15_buf10_inst,DOWN,6,0.3,0.3,8,50.0,-0.36289374999982016,-3.5499999999992724,37.5,37.5,25.0,0.0,4,4,50.0,50.0,10.54228749999982,-11.26807499999946
pdf_level_reaction,15,level_first2bars_touch0_buf10_all,UP,2,0.08,0.08,8,25.0,-9.587075,-19.0574,25.0,75.0,0.0,12.5,6,2,16.666666666666664,50.0,-12.858719999999998,0.2278600000000015
pdf_level_reaction,10,level_first6bars_touch5_buf10_inst,DOWN,6,0.08,0.08,8,25.0,-9.783375000000001,-19.20948,25.0,75.0,0.0,0.0,4,4,0.0,50.0,-19.49357,-0.07318000000000069
pdf_level_reaction,10,level_first6bars_touch10_buf10_inst,DOWN,6,0.08,0.08,8,25.0,-9.783375000000001,-19.20948,25.0,75.0,0.0,0.0,4,4,0.0,50.0,-19.49357,-0.07318000000000069
pdf_level_reaction,10,level_first6bars_touch15_buf10_inst,DOWN,6,0.08,0.08,8,25.0,-9.783375000000001,-19.20948,25.0,75.0,0.0,0.0,4,4,0.0,50.0,-19.49357,-0.07318000000000069
pdf_level_reaction,10,level_first1bars_touch0_buf10_all,DOWN,1,0.2,0.2,8,37.5,-10.01588750000009,-39.10895000000036,37.5,50.0,12.5,0.0,2,6,0.0,50.0,-40.03550000000037,-0.009349999999998934
pdf_level_reaction,10,level_first6bars_touch0_buf10_inst,DOWN,6,0.3,0.3,7,57.14285714285714,10.004800000000206,24.600000000002183,42.857142857142854,28.57142857142857,28.57142857142857,0.0,3,4,66.66666666666666,50.0,38.368633333333094,-11.26807499999946
pdf_level_reaction,15,level_first2bars_touch0_buf5_inst,DOWN,2,0.15,0.15,7,57.14285714285714,5.2700892857142865,35.742975,57.14285714285714,42.857142857142854,0.0,0.0,5,2,60.0,50.0,7.2070050000000005,0.4278000000000013
pdf_level_reaction,15,level_first2bars_touch5_buf5_inst,DOWN,2,0.15,0.15,7,57.14285714285714,5.2700892857142865,35.742975,57.14285714285714,42.857142857142854,0.0,0.0,5,2,60.0,50.0,7.2070050000000005,0.4278000000000013
pdf_level_reaction,15,level_first2bars_touch10_buf5_inst,DOWN,2,0.15,0.15,7,57.14285714285714,5.2700892857142865,35.742975,57.14285714285714,42.857142857142854,0.0,0.0,5,2,60.0,50.0,7.2070050000000005,0.4278000000000013
pdf_level_reaction,15,level_first2bars_touch15_buf5_inst,DOWN,2,0.15,0.15,7,57.14285714285714,5.2700892857142865,35.742975,57.14285714285714,42.857142857142854,0.0,0.0,5,2,60.0,50.0,7.2070050000000005,0.4278000000000013
pdf_level_reaction,15,level_first2bars_touch0_buf5_inst,DOWN,2,0.3,0.3,7,42.857142857142854,-2.592050000000104,-21.200000000000728,42.857142857142854,42.857142857142854,14.285714285714285,0.0,5,2,40.0,50.0,-3.9711100000001465,0.8556000000000026
pdf_level_reaction,15,level_first2bars_touch5_buf5_inst,DOWN,2,0.3,0.3,7,42.857142857142854,-2.592050000000104,-21.200000000000728,42.857142857142854,42.857142857142854,14.285714285714285,0.0,5,2,40.0,50.0,-3.9711100000001465,0.8556000000000026
pdf_level_reaction,15,level_first2bars_touch10_buf5_inst,DOWN,2,0.3,0.3,7,42.857142857142854,-2.592050000000104,-21.200000000000728,42.857142857142854,42.857142857142854,14.285714285714285,0.0,5,2,40.0,50.0,-3.9711100000001465,0.8556000000000026
pdf_level_reaction,15,level_first2bars_touch15_buf5_inst,DOWN,2,0.3,0.3,7,42.857142857142854,-2.592050000000104,-21.200000000000728,42.857142857142854,42.857142857142854,14.285714285714285,0.0,5,2,40.0,50.0,-3.9711100000001465,0.8556000000000026
pdf_level_reaction,15,level_first1bars_touch15_buf10_all,UP,1,0.08,0.08,7,42.857142857142854,-2.6460914285714288,-18.60164,42.857142857142854,57.14285714285714,0.0,14.285714285714285,5,2,40.0,50.0,-3.795672000000001,0.2278600000000015
pdf_level_reaction,15,level_first2bars_touch0_buf5_inst,DOWN,2,0.1,0.1,7,42.857142857142854,-3.444078571428572,-23.258250000000004,42.857142857142854,57.14285714285714,0.0,0.0,5,2,40.0,50.0,-4.935790000000001,0.2851999999999997
pdf_level_reaction,15,level_first2bars_touch5_buf5_inst,DOWN,2,0.1,0.1,7,42.857142857142854,-3.444078571428572,-23.258250000000004,42.857142857142854,57.14285714285714,0.0,0.0,5,2,40.0,50.0,-4.935790000000001,0.2851999999999997
pdf_level_reaction,15,level_first2bars_touch10_buf5_inst,DOWN,2,0.1,0.1,7,42.857142857142854,-3.444078571428572,-23.258250000000004,42.857142857142854,57.14285714285714,0.0,0.0,5,2,40.0,50.0,-4.935790000000001,0.2851999999999997
pdf_level_reaction,15,level_first2bars_touch15_buf5_inst,DOWN,2,0.1,0.1,7,42.857142857142854,-3.444078571428572,-23.258250000000004,42.857142857142854,57.14285714285714,0.0,0.0,5,2,40.0,50.0,-4.935790000000001,0.2851999999999997
pdf_level_reaction,10,level_first6bars_touch15_buf0_inst,UP,6,0.08,0.08,7,28.57142857142857,-8.287794285714286,-18.985120000000002,28.57142857142857,71.42857142857143,0.0,0.0,5,2,20.0,50.0,-11.622736,0.04956000000000138
pdf_level_reaction,10,level_first6bars_touch0_buf10_inst,DOWN,6,0.08,0.08,7,28.57142857142857,-8.402457142857143,-19.042720000000003,28.57142857142857,71.42857142857143,0.0,0.0,3,4,0.0,50.0,-19.50816,-0.07318000000000069
pdf_level_reaction,15,level_first2bars_touch0_buf5_inst,DOWN,2,0.2,0.2,7,28.57142857142857,-16.793328571428678,-46.51650000000001,28.57142857142857,57.14285714285714,14.285714285714285,0.0,5,2,20.0,50.0,-23.738820000000146,0.5703999999999994
pdf_level_reaction,15,level_first2bars_touch5_buf5_inst,DOWN,2,0.2,0.2,7,28.57142857142857,-16.793328571428678,-46.51650000000001,28.57142857142857,57.14285714285714,14.285714285714285,0.0,5,2,20.0,50.0,-23.738820000000146,0.5703999999999994
pdf_level_reaction,15,level_first2bars_touch10_buf5_inst,DOWN,2,0.2,0.2,7,28.57142857142857,-16.793328571428678,-46.51650000000001,28.57142857142857,57.14285714285714,14.285714285714285,0.0,5,2,20.0,50.0,-23.738820000000146,0.5703999999999994
pdf_level_reaction,15,level_first2bars_touch15_buf5_inst,DOWN,2,0.2,0.2,7,28.57142857142857,-16.793328571428678,-46.51650000000001,28.57142857142857,57.14285714285714,14.285714285714285,0.0,5,2,20.0,50.0,-23.738820000000146,0.5703999999999994
pdf_level_reaction,10,level_first6bars_touch15_buf0_inst,UP,6,0.2,0.2,7,28.57142857142857,-20.719485714285717,-47.46280000000001,28.57142857142857,71.42857142857143,0.0,0.0,5,2,20.0,50.0,-29.05684,0.12389999999999546
pdf_level_reaction,10,level_first6bars_touch15_buf0_inst,UP,6,0.3,0.3,7,28.57142857142857,-27.273728571428773,-71.1942,28.57142857142857,57.14285714285714,14.285714285714285,0.0,5,2,20.0,50.0,-43.58525999999999,13.505099999999274
pdf_level_reaction,10,level_first1bars_touch0_buf0_inst,DOWN,1,0.2,0.2,6,66.66666666666666,19.20383333333321,48.0133,66.66666666666666,16.666666666666664,16.666666666666664,0.0,4,2,75.0,50.0,28.516099999999817,0.5793000000000035
pdf_level_reaction,10,level_first1bars_touch5_buf0_inst,DOWN,1,0.2,0.2,6,66.66666666666666,19.20383333333321,48.0133,66.66666666666666,16.666666666666664,16.666666666666664,0.0,4,2,75.0,50.0,28.516099999999817,0.5793000000000035
pdf_level_reaction,10,level_first1bars_touch10_buf0_inst,DOWN,1,0.2,0.2,6,66.66666666666666,19.20383333333321,48.0133,66.66666666666666,16.666666666666664,16.666666666666664,0.0,4,2,75.0,50.0,28.516099999999817,0.5793000000000035
pdf_level_reaction,10,level_first1bars_touch15_buf0_inst,DOWN,1,0.2,0.2,6,66.66666666666666,19.20383333333321,48.0133,66.66666666666666,16.666666666666664,16.666666666666664,0.0,4,2,75.0,50.0,28.516099999999817,0.5793000000000035
pdf_level_reaction,10,level_first2bars_touch5_buf0_inst,DOWN,2,0.2,0.2,6,66.66666666666666,19.20383333333321,48.0133,66.66666666666666,16.666666666666664,16.666666666666664,0.0,4,2,75.0,50.0,28.516099999999817,0.5793000000000035
pdf_level_reaction,10,level_first2bars_touch10_buf0_inst,DOWN,2,0.2,0.2,6,66.66666666666666,19.20383333333321,48.0133,66.66666666666666,16.666666666666664,16.666666666666664,0.0,4,2,75.0,50.0,28.516099999999817,0.5793000000000035
pdf_level_reaction,10,level_first2bars_touch15_buf0_inst,DOWN,2,0.2,0.2,6,66.66666666666666,19.20383333333321,48.0133,66.66666666666666,16.666666666666664,16.666666666666664,0.0,4,2,75.0,50.0,28.516099999999817,0.5793000000000035
pdf_level_reaction,10,level_first3bars_touch5_buf0_inst,DOWN,3,0.2,0.2,6,66.66666666666666,19.20383333333321,48.0133,66.66666666666666,16.666666666666664,16.666666666666664,0.0,4,2,75.0,50.0,28.516099999999817,0.5793000000000035
pdf_level_reaction,10,level_first3bars_touch10_buf0_inst,DOWN,3,0.2,0.2,6,66.66666666666666,19.20383333333321,48.0133,66.66666666666666,16.666666666666664,16.666666666666664,0.0,4,2,75.0,50.0,28.516099999999817,0.5793000000000035
pdf_level_reaction,10,level_first3bars_touch15_buf0_inst,DOWN,3,0.2,0.2,6,66.66666666666666,19.20383333333321,48.0133,66.66666666666666,16.666666666666664,16.666666666666664,0.0,4,2,75.0,50.0,28.516099999999817,0.5793000000000035
pdf_level_reaction,10,level_first6bars_touch5_buf0_inst,DOWN,6,0.2,0.2,6,66.66666666666666,19.20383333333321,48.0133,66.66666666666666,16.666666666666664,16.666666666666664,0.0,4,2,75.0,50.0,28.516099999999817,0.5793000000000035
pdf_level_reaction,10,level_first6bars_touch10_buf0_inst,DOWN,6,0.2,0.2,6,66.66666666666666,19.20383333333321,48.0133,66.66666666666666,16.666666666666664,16.666666666666664,0.0,4,2,75.0,50.0,28.516099999999817,0.5793000000000035
pdf_level_reaction,10,level_first6bars_touch15_buf0_inst,DOWN,6,0.2,0.2,6,66.66666666666666,19.20383333333321,48.0133,66.66666666666666,16.666666666666664,16.666666666666664,0.0,4,2,75.0,50.0,28.516099999999817,0.5793000000000035
pdf_level_reaction,10,level_first1bars_touch0_buf0_inst,DOWN,1,0.15,0.15,6,66.66666666666666,12.310299999999998,36.009975,66.66666666666666,33.33333333333333,0.0,0.0,4,2,75.0,50.0,18.2482125,0.4344749999999955
pdf_level_reaction,10,level_first1bars_touch5_buf0_inst,DOWN,1,0.15,0.15,6,66.66666666666666,12.310299999999998,36.009975,66.66666666666666,33.33333333333333,0.0,0.0,4,2,75.0,50.0,18.2482125,0.4344749999999955
pdf_level_reaction,10,level_first1bars_touch10_buf0_inst,DOWN,1,0.15,0.15,6,66.66666666666666,12.310299999999998,36.009975,66.66666666666666,33.33333333333333,0.0,0.0,4,2,75.0,50.0,18.2482125,0.4344749999999955
pdf_level_reaction,10,level_first1bars_touch15_buf0_inst,DOWN,1,0.15,0.15,6,66.66666666666666,12.310299999999998,36.009975,66.66666666666666,33.33333333333333,0.0,0.0,4,2,75.0,50.0,18.2482125,0.4344749999999955
pdf_level_reaction,10,level_first2bars_touch5_buf0_inst,DOWN,2,0.15,0.15,6,66.66666666666666,12.310299999999998,36.009975,66.66666666666666,33.33333333333333,0.0,0.0,4,2,75.0,50.0,18.2482125,0.4344749999999955
pdf_level_reaction,10,level_first2bars_touch10_buf0_inst,DOWN,2,0.15,0.15,6,66.66666666666666,12.310299999999998,36.009975,66.66666666666666,33.33333333333333,0.0,0.0,4,2,75.0,50.0,18.2482125,0.4344749999999955
pdf_level_reaction,10,level_first2bars_touch15_buf0_inst,DOWN,2,0.15,0.15,6,66.66666666666666,12.310299999999998,36.009975,66.66666666666666,33.33333333333333,0.0,0.0,4,2,75.0,50.0,18.2482125,0.4344749999999955
pdf_level_reaction,10,level_first3bars_touch5_buf0_inst,DOWN,3,0.15,0.15,6,66.66666666666666,12.310299999999998,36.009975,66.66666666666666,33.33333333333333,0.0,0.0,4,2,75.0,50.0,18.2482125,0.4344749999999955
pdf_level_reaction,10,level_first3bars_touch10_buf0_inst,DOWN,3,0.15,0.15,6,66.66666666666666,12.310299999999998,36.009975,66.66666666666666,33.33333333333333,0.0,0.0,4,2,75.0,50.0,18.2482125,0.4344749999999955
pdf_level_reaction,10,level_first3bars_touch15_buf0_inst,DOWN,3,0.15,0.15,6,66.66666666666666,12.310299999999998,36.009975,66.66666666666666,33.33333333333333,0.0,0.0,4,2,75.0,50.0,18.2482125,0.4344749999999955
pdf_level_reaction,10,level_first6bars_touch5_buf0_inst,DOWN,6,0.15,0.15,6,66.66666666666666,12.310299999999998,36.009975,66.66666666666666,33.33333333333333,0.0,0.0,4,2,75.0,50.0,18.2482125,0.4344749999999955
pdf_level_reaction,10,level_first6bars_touch10_buf0_inst,DOWN,6,0.15,0.15,6,66.66666666666666,12.310299999999998,36.009975,66.66666666666666,33.33333333333333,0.0,0.0,4,2,75.0,50.0,18.2482125,0.4344749999999955
pdf_level_reaction,10,level_first6bars_touch15_buf0_inst,DOWN,6,0.15,0.15,6,66.66666666666666,12.310299999999998,36.009975,66.66666666666666,33.33333333333333,0.0,0.0,4,2,75.0,50.0,18.2482125,0.4344749999999955
pdf_level_reaction,15,level_first1bars_touch0_buf5_inst,DOWN,1,0.3,0.3,6,50.0,9.053366666666543,25.142974999999637,50.0,33.33333333333333,16.666666666666664,0.0,4,2,50.0,50.0,13.152249999999814,0.8556000000000026
pdf_level_reaction,15,level_first1bars_touch5_buf5_inst,DOWN,1,0.3,0.3,6,50.0,9.053366666666543,25.142974999999637,50.0,33.33333333333333,16.666666666666664,0.0,4,2,50.0,50.0,13.152249999999814,0.8556000000000026
pdf_level_reaction,15,level_first1bars_touch10_buf5_inst,DOWN,1,0.3,0.3,6,50.0,9.053366666666543,25.142974999999637,50.0,33.33333333333333,16.666666666666664,0.0,4,2,50.0,50.0,13.152249999999814,0.8556000000000026
pdf_level_reaction,15,level_first1bars_touch15_buf5_inst,DOWN,1,0.3,0.3,6,50.0,9.053366666666543,25.142974999999637,50.0,33.33333333333333,16.666666666666664,0.0,4,2,50.0,50.0,13.152249999999814,0.8556000000000026
pdf_level_reaction,15,level_first1bars_touch10_buf10_all,UP,1,0.08,0.08,6,50.0,0.1957466666666665,0.2278600000000015,50.0,50.0,0.0,16.666666666666664,4,2,50.0,50.0,0.17968999999999902,0.2278600000000015
pdf_level_reaction,15,level_first1bars_touch0_buf5_inst,DOWN,1,0.15,0.15,6,50.0,0.10972500000000214,0.4278000000000013,50.0,50.0,0.0,0.0,4,2,50.0,50.0,-0.04931249999999743,0.4278000000000013
pdf_level_reaction,15,level_first1bars_touch5_buf5_inst,DOWN,1,0.15,0.15,6,50.0,0.10972500000000214,0.4278000000000013,50.0,50.0,0.0,0.0,4,2,50.0,50.0,-0.04931249999999743,0.4278000000000013
pdf_level_reaction,15,level_first1bars_touch10_buf5_inst,DOWN,1,0.15,0.15,6,50.0,0.10972500000000214,0.4278000000000013,50.0,50.0,0.0,0.0,4,2,50.0,50.0,-0.04931249999999743,0.4278000000000013
pdf_level_reaction,15,level_first1bars_touch15_buf5_inst,DOWN,1,0.15,0.15,6,50.0,0.10972500000000214,0.4278000000000013,50.0,50.0,0.0,0.0,4,2,50.0,50.0,-0.04931249999999743,0.4278000000000013
pdf_level_reaction,10,level_first1bars_touch0_buf0_inst,DOWN,1,0.1,0.1,6,50.0,0.08886666666666738,0.28965000000000174,50.0,50.0,0.0,0.0,4,2,50.0,50.0,-0.011524999999999785,0.28965000000000174
pdf_level_reaction,10,level_first1bars_touch5_buf0_inst,DOWN,1,0.1,0.1,6,50.0,0.08886666666666738,0.28965000000000174,50.0,50.0,0.0,0.0,4,2,50.0,50.0,-0.011524999999999785,0.28965000000000174
pdf_level_reaction,10,level_first1bars_touch10_buf0_inst,DOWN,1,0.1,0.1,6,50.0,0.08886666666666738,0.28965000000000174,50.0,50.0,0.0,0.0,4,2,50.0,50.0,-0.011524999999999785,0.28965000000000174
pdf_level_reaction,10,level_first1bars_touch15_buf0_inst,DOWN,1,0.1,0.1,6,50.0,0.08886666666666738,0.28965000000000174,50.0,50.0,0.0,0.0,4,2,50.0,50.0,-0.011524999999999785,0.28965000000000174
pdf_level_reaction,10,level_first2bars_touch5_buf0_inst,DOWN,2,0.1,0.1,6,50.0,0.08886666666666738,0.28965000000000174,50.0,50.0,0.0,0.0,4,2,50.0,50.0,-0.011524999999999785,0.28965000000000174
pdf_level_reaction,10,level_first2bars_touch10_buf0_inst,DOWN,2,0.1,0.1,6,50.0,0.08886666666666738,0.28965000000000174,50.0,50.0,0.0,0.0,4,2,50.0,50.0,-0.011524999999999785,0.28965000000000174
pdf_level_reaction,10,level_first2bars_touch15_buf0_inst,DOWN,2,0.1,0.1,6,50.0,0.08886666666666738,0.28965000000000174,50.0,50.0,0.0,0.0,4,2,50.0,50.0,-0.011524999999999785,0.28965000000000174
pdf_level_reaction,10,level_first3bars_touch5_buf0_inst,DOWN,3,0.1,0.1,6,50.0,0.08886666666666738,0.28965000000000174,50.0,50.0,0.0,0.0,4,2,50.0,50.0,-0.011524999999999785,0.28965000000000174
pdf_level_reaction,10,level_first3bars_touch10_buf0_inst,DOWN,3,0.1,0.1,6,50.0,0.08886666666666738,0.28965000000000174,50.0,50.0,0.0,0.0,4,2,50.0,50.0,-0.011524999999999785,0.28965000000000174
pdf_level_reaction,10,level_first3bars_touch15_buf0_inst,DOWN,3,0.1,0.1,6,50.0,0.08886666666666738,0.28965000000000174,50.0,50.0,0.0,0.0,4,2,50.0,50.0,-0.011524999999999785,0.28965000000000174
pdf_level_reaction,10,level_first6bars_touch5_buf0_inst,DOWN,6,0.1,0.1,6,50.0,0.08886666666666738,0.28965000000000174,50.0,50.0,0.0,0.0,4,2,50.0,50.0,-0.011524999999999785,0.28965000000000174
pdf_level_reaction,10,level_first6bars_touch10_buf0_inst,DOWN,6,0.1,0.1,6,50.0,0.08886666666666738,0.28965000000000174,50.0,50.0,0.0,0.0,4,2,50.0,50.0,-0.011524999999999785,0.28965000000000174
pdf_level_reaction,10,level_first6bars_touch15_buf0_inst,DOWN,6,0.1,0.1,6,50.0,0.08886666666666738,0.28965000000000174,50.0,50.0,0.0,0.0,4,2,50.0,50.0,-0.011524999999999785,0.28965000000000174
pdf_level_reaction,15,level_first2bars_touch0_buf10_inst,DOWN,2,0.15,0.15,6,50.0,0.06065000000000135,0.4278000000000013,50.0,50.0,0.0,0.0,4,2,50.0,50.0,-0.12292499999999862,0.4278000000000013
pdf_level_reaction,15,level_first2bars_touch5_buf10_inst,DOWN,2,0.15,0.15,6,50.0,0.06065000000000135,0.4278000000000013,50.0,50.0,0.0,0.0,4,2,50.0,50.0,-0.12292499999999862,0.4278000000000013
pdf_level_reaction,15,level_first2bars_touch10_buf10_inst,DOWN,2,0.15,0.15,6,50.0,0.06065000000000135,0.4278000000000013,50.0,50.0,0.0,0.0,4,2,50.0,50.0,-0.12292499999999862,0.4278000000000013
pdf_level_reaction,15,level_first2bars_touch15_buf10_inst,DOWN,2,0.15,0.15,6,50.0,0.06065000000000135,0.4278000000000013,50.0,50.0,0.0,0.0,4,2,50.0,50.0,-0.12292499999999862,0.4278000000000013
pdf_level_reaction,15,level_first2bars_touch0_buf10_inst,DOWN,2,0.1,0.1,6,50.0,0.040433333333333245,0.2851999999999997,50.0,50.0,0.0,0.0,4,2,50.0,50.0,-0.08194999999999997,0.2851999999999997
pdf_level_reaction,15,level_first2bars_touch5_buf10_inst,DOWN,2,0.1,0.1,6,50.0,0.040433333333333245,0.2851999999999997,50.0,50.0,0.0,0.0,4,2,50.0,50.0,-0.08194999999999997,0.2851999999999997
pdf_level_reaction,15,level_first2bars_touch10_buf10_inst,DOWN,2,0.1,0.1,6,50.0,0.040433333333333245,0.2851999999999997,50.0,50.0,0.0,0.0,4,2,50.0,50.0,-0.08194999999999997,0.2851999999999997
pdf_level_reaction,15,level_first2bars_touch15_buf10_inst,DOWN,2,0.1,0.1,6,50.0,0.040433333333333245,0.2851999999999997,50.0,50.0,0.0,0.0,4,2,50.0,50.0,-0.08194999999999997,0.2851999999999997
pdf_level_reaction,10,level_first2bars_touch10_buf0_inst,UP,2,0.08,0.08,6,33.33333333333333,-6.433160000000001,-18.96436,33.33333333333333,66.66666666666666,0.0,0.0,4,2,25.0,50.0,-9.674520000000001,0.04956000000000138
pdf_level_reaction,10,level_first2bars_touch15_buf0_inst,UP,2,0.08,0.08,6,33.33333333333333,-6.433160000000001,-18.96436,33.33333333333333,66.66666666666666,0.0,0.0,4,2,25.0,50.0,-9.674520000000001,0.04956000000000138
pdf_level_reaction,10,level_first3bars_touch10_buf0_inst,UP,3,0.08,0.08,6,33.33333333333333,-6.433160000000001,-18.96436,33.33333333333333,66.66666666666666,0.0,0.0,4,2,25.0,50.0,-9.674520000000001,0.04956000000000138
pdf_level_reaction,10,level_first3bars_touch15_buf0_inst,UP,3,0.08,0.08,6,33.33333333333333,-6.433160000000001,-18.96436,33.33333333333333,66.66666666666666,0.0,0.0,4,2,25.0,50.0,-9.674520000000001,0.04956000000000138
pdf_level_reaction,10,level_first6bars_touch10_buf0_inst,UP,6,0.08,0.08,6,33.33333333333333,-6.433160000000001,-18.96436,33.33333333333333,66.66666666666666,0.0,0.0,4,2,25.0,50.0,-9.674520000000001,0.04956000000000138
pdf_level_reaction,15,level_first1bars_touch0_buf5_inst,DOWN,1,0.1,0.1,6,33.33333333333333,-8.0439,-23.744525000000003,33.33333333333333,66.66666666666666,0.0,0.0,4,2,25.0,50.0,-12.208450000000001,0.2851999999999997
pdf_level_reaction,15,level_first1bars_touch5_buf5_inst,DOWN,1,0.1,0.1,6,33.33333333333333,-8.0439,-23.744525000000003,33.33333333333333,66.66666666666666,0.0,0.0,4,2,25.0,50.0,-12.208450000000001,0.2851999999999997
pdf_level_reaction,15,level_first1bars_touch10_buf5_inst,DOWN,1,0.1,0.1,6,33.33333333333333,-8.0439,-23.744525000000003,33.33333333333333,66.66666666666666,0.0,0.0,4,2,25.0,50.0,-12.208450000000001,0.2851999999999997
pdf_level_reaction,15,level_first1bars_touch15_buf5_inst,DOWN,1,0.1,0.1,6,33.33333333333333,-8.0439,-23.744525000000003,33.33333333333333,66.66666666666666,0.0,0.0,4,2,25.0,50.0,-12.208450000000001,0.2851999999999997
pdf_level_reaction,15,level_first1bars_touch0_buf5_inst,DOWN,1,0.2,0.2,6,33.33333333333333,-11.540600000000124,-33.85825000000037,33.33333333333333,50.0,16.666666666666664,0.0,4,2,25.0,50.0,-17.596100000000185,0.5703999999999994
pdf_level_reaction,15,level_first1bars_touch5_buf5_inst,DOWN,1,0.2,0.2,6,33.33333333333333,-11.540600000000124,-33.85825000000037,33.33333333333333,50.0,16.666666666666664,0.0,4,2,25.0,50.0,-17.596100000000185,0.5703999999999994
pdf_level_reaction,15,level_first1bars_touch10_buf5_inst,DOWN,1,0.2,0.2,6,33.33333333333333,-11.540600000000124,-33.85825000000037,33.33333333333333,50.0,16.666666666666664,0.0,4,2,25.0,50.0,-17.596100000000185,0.5703999999999994
pdf_level_reaction,15,level_first1bars_touch15_buf5_inst,DOWN,1,0.2,0.2,6,33.33333333333333,-11.540600000000124,-33.85825000000037,33.33333333333333,50.0,16.666666666666664,0.0,4,2,25.0,50.0,-17.596100000000185,0.5703999999999994
pdf_level_reaction,15,level_first2bars_touch0_buf10_inst,DOWN,2,0.3,0.3,6,33.33333333333333,-15.199633333333454,-45.48737500000036,33.33333333333333,50.0,16.666666666666664,0.0,4,2,25.0,50.0,-23.227250000000183,0.8556000000000026
pdf_level_reaction,15,level_first2bars_touch5_buf10_inst,DOWN,2,0.3,0.3,6,33.33333333333333,-15.199633333333454,-45.48737500000036,33.33333333333333,50.0,16.666666666666664,0.0,4,2,25.0,50.0,-23.227250000000183,0.8556000000000026
pdf_level_reaction,15,level_first2bars_touch10_buf10_inst,DOWN,2,0.3,0.3,6,33.33333333333333,-15.199633333333454,-45.48737500000036,33.33333333333333,50.0,16.666666666666664,0.0,4,2,25.0,50.0,-23.227250000000183,0.8556000000000026
pdf_level_reaction,15,level_first2bars_touch15_buf10_inst,DOWN,2,0.3,0.3,6,33.33333333333333,-15.199633333333454,-45.48737500000036,33.33333333333333,50.0,16.666666666666664,0.0,4,2,25.0,50.0,-23.227250000000183,0.8556000000000026
pdf_level_reaction,10,level_first2bars_touch10_buf0_inst,UP,2,0.2,0.2,6,33.33333333333333,-16.082900000000006,-47.41090000000001,33.33333333333333,66.66666666666666,0.0,0.0,4,2,25.0,50.0,-24.186300000000003,0.12389999999999546
pdf_level_reaction,10,level_first2bars_touch15_buf0_inst,UP,2,0.2,0.2,6,33.33333333333333,-16.082900000000006,-47.41090000000001,33.33333333333333,66.66666666666666,0.0,0.0,4,2,25.0,50.0,-24.186300000000003,0.12389999999999546
pdf_level_reaction,10,level_first3bars_touch10_buf0_inst,UP,3,0.2,0.2,6,33.33333333333333,-16.082900000000006,-47.41090000000001,33.33333333333333,66.66666666666666,0.0,0.0,4,2,25.0,50.0,-24.186300000000003,0.12389999999999546
pdf_level_reaction,10,level_first3bars_touch15_buf0_inst,UP,3,0.2,0.2,6,33.33333333333333,-16.082900000000006,-47.41090000000001,33.33333333333333,66.66666666666666,0.0,0.0,4,2,25.0,50.0,-24.186300000000003,0.12389999999999546
pdf_level_reaction,10,level_first6bars_touch10_buf0_inst,UP,6,0.2,0.2,6,33.33333333333333,-16.082900000000006,-47.41090000000001,33.33333333333333,66.66666666666666,0.0,0.0,4,2,25.0,50.0,-24.186300000000003,0.12389999999999546
pdf_level_reaction,10,level_first1bars_touch0_buf0_inst,DOWN,1,0.3,0.3,6,33.33333333333333,-17.08078333333346,-50.73842500000037,33.33333333333333,50.0,16.666666666666664,0.0,4,2,25.0,50.0,-26.05565000000019,0.868949999999991
pdf_level_reaction,10,level_first1bars_touch5_buf0_inst,DOWN,1,0.3,0.3,6,33.33333333333333,-17.08078333333346,-50.73842500000037,33.33333333333333,50.0,16.666666666666664,0.0,4,2,25.0,50.0,-26.05565000000019,0.868949999999991
pdf_level_reaction,10,level_first1bars_touch10_buf0_inst,DOWN,1,0.3,0.3,6,33.33333333333333,-17.08078333333346,-50.73842500000037,33.33333333333333,50.0,16.666666666666664,0.0,4,2,25.0,50.0,-26.05565000000019,0.868949999999991
pdf_level_reaction,10,level_first1bars_touch15_buf0_inst,DOWN,1,0.3,0.3,6,33.33333333333333,-17.08078333333346,-50.73842500000037,33.33333333333333,50.0,16.666666666666664,0.0,4,2,25.0,50.0,-26.05565000000019,0.868949999999991
pdf_level_reaction,10,level_first2bars_touch5_buf0_inst,DOWN,2,0.3,0.3,6,33.33333333333333,-17.08078333333346,-50.73842500000037,33.33333333333333,50.0,16.666666666666664,0.0,4,2,25.0,50.0,-26.05565000000019,0.868949999999991
pdf_level_reaction,10,level_first2bars_touch10_buf0_inst,DOWN,2,0.3,0.3,6,33.33333333333333,-17.08078333333346,-50.73842500000037,33.33333333333333,50.0,16.666666666666664,0.0,4,2,25.0,50.0,-26.05565000000019,0.868949999999991
pdf_level_reaction,10,level_first2bars_touch15_buf0_inst,DOWN,2,0.3,0.3,6,33.33333333333333,-17.08078333333346,-50.73842500000037,33.33333333333333,50.0,16.666666666666664,0.0,4,2,25.0,50.0,-26.05565000000019,0.868949999999991
pdf_level_reaction,10,level_first3bars_touch5_buf0_inst,DOWN,3,0.3,0.3,6,33.33333333333333,-17.08078333333346,-50.73842500000037,33.33333333333333,50.0,16.666666666666664,0.0,4,2,25.0,50.0,-26.05565000000019,0.868949999999991
pdf_level_reaction,10,level_first3bars_touch10_buf0_inst,DOWN,3,0.3,0.3,6,33.33333333333333,-17.08078333333346,-50.73842500000037,33.33333333333333,50.0,16.666666666666664,0.0,4,2,25.0,50.0,-26.05565000000019,0.868949999999991
pdf_level_reaction,10,level_first3bars_touch15_buf0_inst,DOWN,3,0.3,0.3,6,33.33333333333333,-17.08078333333346,-50.73842500000037,33.33333333333333,50.0,16.666666666666664,0.0,4,2,25.0,50.0,-26.05565000000019,0.868949999999991
pdf_level_reaction,10,level_first6bars_touch5_buf0_inst,DOWN,6,0.3,0.3,6,33.33333333333333,-17.08078333333346,-50.73842500000037,33.33333333333333,50.0,16.666666666666664,0.0,4,2,25.0,50.0,-26.05565000000019,0.868949999999991
pdf_level_reaction,10,level_first6bars_touch10_buf0_inst,DOWN,6,0.3,0.3,6,33.33333333333333,-17.08078333333346,-50.73842500000037,33.33333333333333,50.0,16.666666666666664,0.0,4,2,25.0,50.0,-26.05565000000019,0.868949999999991
pdf_level_reaction,10,level_first6bars_touch15_buf0_inst,DOWN,6,0.3,0.3,6,33.33333333333333,-17.08078333333346,-50.73842500000037,33.33333333333333,50.0,16.666666666666664,0.0,4,2,25.0,50.0,-26.05565000000019,0.868949999999991
pdf_level_reaction,10,level_first2bars_touch10_buf0_inst,UP,2,0.3,0.3,6,33.33333333333333,-19.68460000000024,-57.797100000000725,33.33333333333333,50.0,16.666666666666664,0.0,4,2,25.0,50.0,-36.27945,13.505099999999274
pdf_level_reaction,10,level_first2bars_touch15_buf0_inst,UP,2,0.3,0.3,6,33.33333333333333,-19.68460000000024,-57.797100000000725,33.33333333333333,50.0,16.666666666666664,0.0,4,2,25.0,50.0,-36.27945,13.505099999999274
pdf_level_reaction,10,level_first3bars_touch10_buf0_inst,UP,3,0.3,0.3,6,33.33333333333333,-19.68460000000024,-57.797100000000725,33.33333333333333,50.0,16.666666666666664,0.0,4,2,25.0,50.0,-36.27945,13.505099999999274
pdf_level_reaction,10,level_first3bars_touch15_buf0_inst,UP,3,0.3,0.3,6,33.33333333333333,-19.68460000000024,-57.797100000000725,33.33333333333333,50.0,16.666666666666664,0.0,4,2,25.0,50.0,-36.27945,13.505099999999274
pdf_level_reaction,10,level_first6bars_touch10_buf0_inst,UP,6,0.3,0.3,6,33.33333333333333,-19.68460000000024,-57.797100000000725,33.33333333333333,50.0,16.666666666666664,0.0,4,2,25.0,50.0,-36.27945,13.505099999999274
pdf_level_reaction,15,level_first2bars_touch0_buf10_inst,DOWN,2,0.2,0.2,6,16.666666666666664,-27.709266666666792,-47.4131,16.666666666666664,66.66666666666666,16.666666666666664,0.0,4,2,0.0,50.0,-41.849100000000185,0.5703999999999994
pdf_level_reaction,15,level_first2bars_touch5_buf10_inst,DOWN,2,0.2,0.2,6,16.666666666666664,-27.709266666666792,-47.4131,16.666666666666664,66.66666666666666,16.666666666666664,0.0,4,2,0.0,50.0,-41.849100000000185,0.5703999999999994
pdf_level_reaction,15,level_first2bars_touch10_buf10_inst,DOWN,2,0.2,0.2,6,16.666666666666664,-27.709266666666792,-47.4131,16.666666666666664,66.66666666666666,16.666666666666664,0.0,4,2,0.0,50.0,-41.849100000000185,0.5703999999999994
pdf_level_reaction,15,level_first2bars_touch15_buf10_inst,DOWN,2,0.2,0.2,6,16.666666666666664,-27.709266666666792,-47.4131,16.666666666666664,66.66666666666666,16.666666666666664,0.0,4,2,0.0,50.0,-41.849100000000185,0.5703999999999994
pdf_level_reaction,15,level_first1bars_touch0_buf10_inst,DOWN,1,0.3,0.3,5,40.0,-3.7466500000001473,-21.200000000000728,40.0,40.0,20.0,0.0,3,2,33.33333333333333,50.0,-6.814816666666914,0.8556000000000026
pdf_level_reaction,15,level_first1bars_touch5_buf10_inst,DOWN,1,0.3,0.3,5,40.0,-3.7466500000001473,-21.200000000000728,40.0,40.0,20.0,0.0,3,2,33.33333333333333,50.0,-6.814816666666914,0.8556000000000026
pdf_level_reaction,15,level_first1bars_touch10_buf10_inst,DOWN,1,0.3,0.3,5,40.0,-3.7466500000001473,-21.200000000000728,40.0,40.0,20.0,0.0,3,2,33.33333333333333,50.0,-6.814816666666914,0.8556000000000026
pdf_level_reaction,15,level_first1bars_touch15_buf10_inst,DOWN,1,0.3,0.3,5,40.0,-3.7466500000001473,-21.200000000000728,40.0,40.0,20.0,0.0,3,2,33.33333333333333,50.0,-6.814816666666914,0.8556000000000026
pdf_level_reaction,10,level_first1bars_touch10_buf0_inst,UP,1,0.08,0.08,5,40.0,-3.846056,-18.9436,40.0,60.0,0.0,0.0,3,2,33.33333333333333,50.0,-6.443133333333335,0.04956000000000138
pdf_level_reaction,10,level_first1bars_touch15_buf0_inst,UP,1,0.08,0.08,5,40.0,-3.846056,-18.9436,40.0,60.0,0.0,0.0,3,2,33.33333333333333,50.0,-6.443133333333335,0.04956000000000138
pdf_level_reaction,15,level_first1bars_touch0_buf10_inst,DOWN,1,0.1,0.1,5,40.0,-4.78245,-23.258250000000004,40.0,60.0,0.0,0.0,3,2,33.33333333333333,50.0,-8.160883333333333,0.2851999999999997
pdf_level_reaction,15,level_first1bars_touch5_buf10_inst,DOWN,1,0.1,0.1,5,40.0,-4.78245,-23.258250000000004,40.0,60.0,0.0,0.0,3,2,33.33333333333333,50.0,-8.160883333333333,0.2851999999999997
pdf_level_reaction,15,level_first1bars_touch10_buf10_inst,DOWN,1,0.1,0.1,5,40.0,-4.78245,-23.258250000000004,40.0,60.0,0.0,0.0,3,2,33.33333333333333,50.0,-8.160883333333333,0.2851999999999997
pdf_level_reaction,15,level_first1bars_touch15_buf10_inst,DOWN,1,0.1,0.1,5,40.0,-4.78245,-23.258250000000004,40.0,60.0,0.0,0.0,3,2,33.33333333333333,50.0,-8.160883333333333,0.2851999999999997
pdf_level_reaction,10,level_first2bars_touch5_buf5_inst,DOWN,2,0.3,0.3,5,40.0,-5.972980000000149,-31.700000000000728,40.0,40.0,20.0,0.0,3,2,33.33333333333333,50.0,-10.534266666666909,0.868949999999991
pdf_level_reaction,10,level_first2bars_touch10_buf5_inst,DOWN,2,0.3,0.3,5,40.0,-5.972980000000149,-31.700000000000728,40.0,40.0,20.0,0.0,3,2,33.33333333333333,50.0,-10.534266666666909,0.868949999999991
pdf_level_reaction,10,level_first2bars_touch15_buf5_inst,DOWN,2,0.3,0.3,5,40.0,-5.972980000000149,-31.700000000000728,40.0,40.0,20.0,0.0,3,2,33.33333333333333,50.0,-10.534266666666909,0.868949999999991
pdf_level_reaction,10,level_first3bars_touch5_buf5_inst,DOWN,3,0.3,0.3,5,40.0,-5.972980000000149,-31.700000000000728,40.0,40.0,20.0,0.0,3,2,33.33333333333333,50.0,-10.534266666666909,0.868949999999991
pdf_level_reaction,10,level_first3bars_touch10_buf5_inst,DOWN,3,0.3,0.3,5,40.0,-5.972980000000149,-31.700000000000728,40.0,40.0,20.0,0.0,3,2,33.33333333333333,50.0,-10.534266666666909,0.868949999999991
pdf_level_reaction,10,level_first3bars_touch15_buf5_inst,DOWN,3,0.3,0.3,5,40.0,-5.972980000000149,-31.700000000000728,40.0,40.0,20.0,0.0,3,2,33.33333333333333,50.0,-10.534266666666909,0.868949999999991
pdf_level_reaction,10,level_first2bars_touch5_buf5_inst,DOWN,2,0.2,0.2,5,40.0,-6.095320000000143,-31.700000000000728,40.0,40.0,20.0,0.0,3,2,33.33333333333333,50.0,-10.545066666666907,0.5793000000000035
pdf_level_reaction,10,level_first2bars_touch10_buf5_inst,DOWN,2,0.2,0.2,5,40.0,-6.095320000000143,-31.700000000000728,40.0,40.0,20.0,0.0,3,2,33.33333333333333,50.0,-10.545066666666907,0.5793000000000035
pdf_level_reaction,10,level_first2bars_touch15_buf5_inst,DOWN,2,0.2,0.2,5,40.0,-6.095320000000143,-31.700000000000728,40.0,40.0,20.0,0.0,3,2,33.33333333333333,50.0,-10.545066666666907,0.5793000000000035
pdf_level_reaction,10,level_first3bars_touch5_buf5_inst,DOWN,3,0.2,0.2,5,40.0,-6.095320000000143,-31.700000000000728,40.0,40.0,20.0,0.0,3,2,33.33333333333333,50.0,-10.545066666666907,0.5793000000000035
pdf_level_reaction,10,level_first3bars_touch10_buf5_inst,DOWN,3,0.2,0.2,5,40.0,-6.095320000000143,-31.700000000000728,40.0,40.0,20.0,0.0,3,2,33.33333333333333,50.0,-10.545066666666907,0.5793000000000035
pdf_level_reaction,10,level_first3bars_touch15_buf5_inst,DOWN,3,0.2,0.2,5,40.0,-6.095320000000143,-31.700000000000728,40.0,40.0,20.0,0.0,3,2,33.33333333333333,50.0,-10.545066666666907,0.5793000000000035
pdf_level_reaction,10,level_first2bars_touch5_buf5_inst,DOWN,2,0.15,0.15,5,40.0,-7.08258,-34.888425000000005,40.0,60.0,0.0,0.0,3,2,33.33333333333333,50.0,-12.093949999999998,0.4344749999999955
pdf_level_reaction,10,level_first2bars_touch10_buf5_inst,DOWN,2,0.15,0.15,5,40.0,-7.08258,-34.888425000000005,40.0,60.0,0.0,0.0,3,2,33.33333333333333,50.0,-12.093949999999998,0.4344749999999955
pdf_level_reaction,10,level_first2bars_touch15_buf5_inst,DOWN,2,0.15,0.15,5,40.0,-7.08258,-34.888425000000005,40.0,60.0,0.0,0.0,3,2,33.33333333333333,50.0,-12.093949999999998,0.4344749999999955
pdf_level_reaction,10,level_first3bars_touch5_buf5_inst,DOWN,3,0.15,0.15,5,40.0,-7.08258,-34.888425000000005,40.0,60.0,0.0,0.0,3,2,33.33333333333333,50.0,-12.093949999999998,0.4344749999999955
pdf_level_reaction,10,level_first3bars_touch10_buf5_inst,DOWN,3,0.15,0.15,5,40.0,-7.08258,-34.888425000000005,40.0,60.0,0.0,0.0,3,2,33.33333333333333,50.0,-12.093949999999998,0.4344749999999955
pdf_level_reaction,10,level_first3bars_touch15_buf5_inst,DOWN,3,0.15,0.15,5,40.0,-7.08258,-34.888425000000005,40.0,60.0,0.0,0.0,3,2,33.33333333333333,50.0,-12.093949999999998,0.4344749999999955
pdf_level_reaction,15,level_first1bars_touch0_buf10_inst,DOWN,1,0.15,0.15,5,40.0,-7.173674999999998,-34.887375,40.0,60.0,0.0,0.0,3,2,33.33333333333333,50.0,-12.241324999999996,0.4278000000000013
pdf_level_reaction,15,level_first1bars_touch5_buf10_inst,DOWN,1,0.15,0.15,5,40.0,-7.173674999999998,-34.887375,40.0,60.0,0.0,0.0,3,2,33.33333333333333,50.0,-12.241324999999996,0.4278000000000013
pdf_level_reaction,15,level_first1bars_touch10_buf10_inst,DOWN,1,0.15,0.15,5,40.0,-7.173674999999998,-34.887375,40.0,60.0,0.0,0.0,3,2,33.33333333333333,50.0,-12.241324999999996,0.4278000000000013
pdf_level_reaction,15,level_first1bars_touch15_buf10_inst,DOWN,1,0.15,0.15,5,40.0,-7.173674999999998,-34.887375,40.0,60.0,0.0,0.0,3,2,33.33333333333333,50.0,-12.241324999999996,0.4278000000000013
pdf_level_reaction,10,level_first1bars_touch10_buf0_inst,UP,1,0.3,0.3,5,40.0,-9.095010000000286,-44.400000000001455,40.0,40.0,20.0,0.0,3,2,33.33333333333333,50.0,-24.161749999999994,13.505099999999274
pdf_level_reaction,10,level_first1bars_touch15_buf0_inst,UP,1,0.3,0.3,5,40.0,-9.095010000000286,-44.400000000001455,40.0,40.0,20.0,0.0,3,2,33.33333333333333,50.0,-24.161749999999994,13.505099999999274
pdf_level_reaction,10,level_first1bars_touch10_buf0_inst,UP,1,0.2,0.2,5,40.0,-9.615140000000002,-47.35900000000001,40.0,60.0,0.0,0.0,3,2,33.33333333333333,50.0,-16.107833333333335,0.12389999999999546
pdf_level_reaction,10,level_first1bars_touch15_buf0_inst,UP,1,0.2,0.2,5,40.0,-9.615140000000002,-47.35900000000001,40.0,60.0,0.0,0.0,3,2,33.33333333333333,50.0,-16.107833333333335,0.12389999999999546
pdf_level_reaction,10,level_first6bars_touch5_buf0_inst,UP,6,0.08,0.08,5,20.0,-11.586336,-18.985120000000002,20.0,80.0,0.0,0.0,3,2,0.0,50.0,-19.3436,0.04956000000000138
pdf_level_reaction,10,level_first2bars_touch5_buf5_inst,DOWN,2,0.1,0.1,5,20.0,-14.459579999999999,-24.2203,20.0,80.0,0.0,0.0,3,2,0.0,50.0,-24.2924,0.28965000000000174
pdf_level_reaction,10,level_first2bars_touch10_buf5_inst,DOWN,2,0.1,0.1,5,20.0,-14.459579999999999,-24.2203,20.0,80.0,0.0,0.0,3,2,0.0,50.0,-24.2924,0.28965000000000174
pdf_level_reaction,10,level_first2bars_touch15_buf5_inst,DOWN,2,0.1,0.1,5,20.0,-14.459579999999999,-24.2203,20.0,80.0,0.0,0.0,3,2,0.0,50.0,-24.2924,0.28965000000000174
pdf_level_reaction,10,level_first3bars_touch5_buf5_inst,DOWN,3,0.1,0.1,5,20.0,-14.459579999999999,-24.2203,20.0,80.0,0.0,0.0,3,2,0.0,50.0,-24.2924,0.28965000000000174
pdf_level_reaction,10,level_first3bars_touch10_buf5_inst,DOWN,3,0.1,0.1,5,20.0,-14.459579999999999,-24.2203,20.0,80.0,0.0,0.0,3,2,0.0,50.0,-24.2924,0.28965000000000174
pdf_level_reaction,10,level_first3bars_touch15_buf5_inst,DOWN,3,0.1,0.1,5,20.0,-14.459579999999999,-24.2203,20.0,80.0,0.0,0.0,3,2,0.0,50.0,-24.2924,0.28965000000000174
pdf_level_reaction,15,level_first1bars_touch0_buf10_inst,DOWN,1,0.2,0.2,5,20.0,-23.589180000000148,-46.51650000000001,20.0,60.0,20.0,0.0,3,2,0.0,50.0,-39.69556666666691,0.5703999999999994
pdf_level_reaction,15,level_first1bars_touch5_buf10_inst,DOWN,1,0.2,0.2,5,20.0,-23.589180000000148,-46.51650000000001,20.0,60.0,20.0,0.0,3,2,0.0,50.0,-39.69556666666691,0.5703999999999994
pdf_level_reaction,15,level_first1bars_touch10_buf10_inst,DOWN,1,0.2,0.2,5,20.0,-23.589180000000148,-46.51650000000001,20.0,60.0,20.0,0.0,3,2,0.0,50.0,-39.69556666666691,0.5703999999999994
pdf_level_reaction,15,level_first1bars_touch15_buf10_inst,DOWN,1,0.2,0.2,5,20.0,-23.589180000000148,-46.51650000000001,20.0,60.0,20.0,0.0,3,2,0.0,50.0,-39.69556666666691,0.5703999999999994
pdf_level_reaction,10,level_first6bars_touch5_buf0_inst,UP,6,0.2,0.2,5,20.0,-28.965840000000004,-47.46280000000001,20.0,80.0,0.0,0.0,3,2,0.0,50.0,-48.359,0.12389999999999546
pdf_level_reaction,10,level_first6bars_touch5_buf0_inst,UP,6,0.3,0.3,5,20.0,-38.12106000000029,-71.1942,20.0,60.0,20.0,0.0,3,2,0.0,50.0,-72.5385,13.505099999999274
pdf_level_reaction,10,level_first2bars_touch0_buf5_inst,DOWN,2,0.3,0.3,4,50.0,10.767962499999815,19.907374999999632,50.0,25.0,25.0,0.0,2,2,50.0,50.0,20.66697499999964,0.868949999999991
pdf_level_reaction,10,level_first3bars_touch0_buf5_inst,DOWN,3,0.3,0.3,4,50.0,10.767962499999815,19.907374999999632,50.0,25.0,25.0,0.0,2,2,50.0,50.0,20.66697499999964,0.868949999999991
pdf_level_reaction,10,level_first2bars_touch0_buf5_inst,DOWN,2,0.2,0.2,4,50.0,4.536974999999821,7.988249999999638,50.0,25.0,25.0,0.0,2,2,50.0,50.0,8.494649999999638,0.5793000000000035
pdf_level_reaction,10,level_first3bars_touch0_buf5_inst,DOWN,3,0.2,0.2,4,50.0,4.536974999999821,7.988249999999638,50.0,25.0,25.0,0.0,2,2,50.0,50.0,8.494649999999638,0.5793000000000035
pdf_level_reaction,10,level_first2bars_touch0_buf5_inst,DOWN,2,0.15,0.15,4,50.0,0.26386874999999854,0.4344749999999955,50.0,50.0,0.0,0.0,2,2,50.0,50.0,0.09326250000000158,0.4344749999999955
pdf_level_reaction,10,level_first3bars_touch0_buf5_inst,DOWN,3,0.15,0.15,4,50.0,0.26386874999999854,0.4344749999999955,50.0,50.0,0.0,0.0,2,2,50.0,50.0,0.09326250000000158,0.4344749999999955
pdf_level_reaction,15,level_first1bars_touch0_buf10_all,UP,1,0.08,0.08,4,25.0,-9.41477,-18.78224,25.0,75.0,0.0,25.0,2,2,0.0,50.0,-19.0574,0.2278600000000015
pdf_level_reaction,15,level_first1bars_touch5_buf10_all,UP,1,0.08,0.08,4,25.0,-9.41477,-18.78224,25.0,75.0,0.0,25.0,2,2,0.0,50.0,-19.0574,0.2278600000000015
pdf_level_reaction,10,level_first1bars_touch5_buf0_inst,UP,1,0.08,0.08,4,25.0,-9.644670000000001,-18.96436,25.0,75.0,0.0,0.0,2,2,0.0,50.0,-19.338900000000002,0.04956000000000138
pdf_level_reaction,10,level_first2bars_touch5_buf0_inst,UP,2,0.08,0.08,4,25.0,-9.644670000000001,-18.96436,25.0,75.0,0.0,0.0,2,2,0.0,50.0,-19.338900000000002,0.04956000000000138
pdf_level_reaction,10,level_first3bars_touch5_buf0_inst,UP,3,0.08,0.08,4,25.0,-9.644670000000001,-18.96436,25.0,75.0,0.0,0.0,2,2,0.0,50.0,-19.338900000000002,0.04956000000000138
pdf_level_reaction,10,level_first2bars_touch0_buf5_inst,DOWN,2,0.1,0.1,4,25.0,-11.9964125,-23.739625,25.0,75.0,0.0,0.0,2,2,0.0,50.0,-24.282475,0.28965000000000174
pdf_level_reaction,10,level_first3bars_touch0_buf5_inst,DOWN,3,0.1,0.1,4,25.0,-11.9964125,-23.739625,25.0,75.0,0.0,0.0,2,2,0.0,50.0,-24.282475,0.28965000000000174
pdf_level_reaction,10,level_first1bars_touch5_buf0_inst,UP,1,0.2,0.2,4,25.0,-24.111675000000005,-47.41090000000001,25.0,75.0,0.0,0.0,2,2,0.0,50.0,-48.34725,0.12389999999999546
pdf_level_reaction,10,level_first2bars_touch5_buf0_inst,UP,2,0.2,0.2,4,25.0,-24.111675000000005,-47.41090000000001,25.0,75.0,0.0,0.0,2,2,0.0,50.0,-48.34725,0.12389999999999546
pdf_level_reaction,10,level_first3bars_touch5_buf0_inst,UP,3,0.2,0.2,4,25.0,-24.111675000000005,-47.41090000000001,25.0,75.0,0.0,0.0,2,2,0.0,50.0,-48.34725,0.12389999999999546
pdf_level_reaction,10,level_first1bars_touch5_buf0_inst,UP,1,0.3,0.3,4,25.0,-29.507887500000358,-57.797100000000725,25.0,50.0,25.0,0.0,2,2,0.0,50.0,-72.52087499999999,13.505099999999274
pdf_level_reaction,10,level_first2bars_touch5_buf0_inst,UP,2,0.3,0.3,4,25.0,-29.507887500000358,-57.797100000000725,25.0,50.0,25.0,0.0,2,2,0.0,50.0,-72.52087499999999,13.505099999999274
pdf_level_reaction,10,level_first3bars_touch5_buf0_inst,UP,3,0.3,0.3,4,25.0,-29.507887500000358,-57.797100000000725,25.0,50.0,25.0,0.0,2,2,0.0,50.0,-72.52087499999999,13.505099999999274
pdf_level_reaction,10,level_first1bars_touch0_buf5_inst,DOWN,1,0.1,0.1,3,33.33333333333333,-7.880333333333333,-23.25895,33.33333333333333,66.66666666666666,0.0,0.0,1,2,0.0,50.0,-24.2203,0.28965000000000174
pdf_level_reaction,10,level_first1bars_touch5_buf5_inst,DOWN,1,0.1,0.1,3,33.33333333333333,-7.880333333333333,-23.25895,33.33333333333333,66.66666666666666,0.0,0.0,1,2,0.0,50.0,-24.2203,0.28965000000000174
pdf_level_reaction,10,level_first1bars_touch10_buf5_inst,DOWN,1,0.1,0.1,3,33.33333333333333,-7.880333333333333,-23.25895,33.33333333333333,66.66666666666666,0.0,0.0,1,2,0.0,50.0,-24.2203,0.28965000000000174
pdf_level_reaction,10,level_first1bars_touch15_buf5_inst,DOWN,1,0.1,0.1,3,33.33333333333333,-7.880333333333333,-23.25895,33.33333333333333,66.66666666666666,0.0,0.0,1,2,0.0,50.0,-24.2203,0.28965000000000174
pdf_level_reaction,10,level_first1bars_touch0_buf5_inst,DOWN,1,0.3,0.3,3,33.33333333333333,-9.987366666666915,-31.700000000000728,33.33333333333333,33.33333333333333,33.33333333333333,0.0,1,2,0.0,50.0,-31.700000000000728,0.868949999999991
pdf_level_reaction,10,level_first1bars_touch5_buf5_inst,DOWN,1,0.3,0.3,3,33.33333333333333,-9.987366666666915,-31.700000000000728,33.33333333333333,33.33333333333333,33.33333333333333,0.0,1,2,0.0,50.0,-31.700000000000728,0.868949999999991
pdf_level_reaction,10,level_first1bars_touch10_buf5_inst,DOWN,1,0.3,0.3,3,33.33333333333333,-9.987366666666915,-31.700000000000728,33.33333333333333,33.33333333333333,33.33333333333333,0.0,1,2,0.0,50.0,-31.700000000000728,0.868949999999991
pdf_level_reaction,10,level_first1bars_touch15_buf5_inst,DOWN,1,0.3,0.3,3,33.33333333333333,-9.987366666666915,-31.700000000000728,33.33333333333333,33.33333333333333,33.33333333333333,0.0,1,2,0.0,50.0,-31.700000000000728,0.868949999999991
pdf_level_reaction,10,level_first1bars_touch0_buf5_inst,DOWN,1,0.2,0.2,3,33.33333333333333,-10.180466666666907,-31.700000000000728,33.33333333333333,33.33333333333333,33.33333333333333,0.0,1,2,0.0,50.0,-31.700000000000728,0.5793000000000035
pdf_level_reaction,10,level_first1bars_touch5_buf5_inst,DOWN,1,0.2,0.2,3,33.33333333333333,-10.180466666666907,-31.700000000000728,33.33333333333333,33.33333333333333,33.33333333333333,0.0,1,2,0.0,50.0,-31.700000000000728,0.5793000000000035
pdf_level_reaction,10,level_first1bars_touch10_buf5_inst,DOWN,1,0.2,0.2,3,33.33333333333333,-10.180466666666907,-31.700000000000728,33.33333333333333,33.33333333333333,33.33333333333333,0.0,1,2,0.0,50.0,-31.700000000000728,0.5793000000000035
pdf_level_reaction,10,level_first1bars_touch15_buf5_inst,DOWN,1,0.2,0.2,3,33.33333333333333,-10.180466666666907,-31.700000000000728,33.33333333333333,33.33333333333333,33.33333333333333,0.0,1,2,0.0,50.0,-31.700000000000728,0.5793000000000035
pdf_level_reaction,10,level_first1bars_touch0_buf5_inst,DOWN,1,0.15,0.15,3,33.33333333333333,-11.820500000000003,-34.888425000000005,33.33333333333333,66.66666666666666,0.0,0.0,1,2,0.0,50.0,-36.33045,0.4344749999999955
pdf_level_reaction,10,level_first1bars_touch5_buf5_inst,DOWN,1,0.15,0.15,3,33.33333333333333,-11.820500000000003,-34.888425000000005,33.33333333333333,66.66666666666666,0.0,0.0,1,2,0.0,50.0,-36.33045,0.4344749999999955
pdf_level_reaction,10,level_first1bars_touch10_buf5_inst,DOWN,1,0.15,0.15,3,33.33333333333333,-11.820500000000003,-34.888425000000005,33.33333333333333,66.66666666666666,0.0,0.0,1,2,0.0,50.0,-36.33045,0.4344749999999955
pdf_level_reaction,10,level_first1bars_touch15_buf5_inst,DOWN,1,0.15,0.15,3,33.33333333333333,-11.820500000000003,-34.888425000000005,33.33333333333333,66.66666666666666,0.0,0.0,1,2,0.0,50.0,-36.33045,0.4344749999999955
pdf_level_reaction,15,level_first2bars_touch10_buf5_all,DOWN,2,0.1,0.1,14,35.714285714285715,-6.883917857142859,-23.465375,35.714285714285715,64.28571428571429,0.0,0.0,7,7,28.57142857142857,42.857142857142854,-10.438692857142858,-3.3291428571428576
pdf_level_reaction,15,level_first2bars_touch15_buf5_all,DOWN,2,0.1,0.1,14,35.714285714285715,-6.883917857142859,-23.465375,35.714285714285715,64.28571428571429,0.0,0.0,7,7,28.57142857142857,42.857142857142854,-10.438692857142858,-3.3291428571428576
pdf_level_reaction,15,level_first4bars_touch10_buf5_all,DOWN,4,0.1,0.1,14,35.714285714285715,-6.883917857142859,-23.465375,35.714285714285715,64.28571428571429,0.0,0.0,7,7,28.57142857142857,42.857142857142854,-10.438692857142858,-3.3291428571428576
pdf_level_reaction,15,level_first4bars_touch15_buf5_all,DOWN,4,0.1,0.1,14,35.714285714285715,-6.883917857142859,-23.465375,35.714285714285715,64.28571428571429,0.0,0.0,7,7,28.57142857142857,42.857142857142854,-10.438692857142858,-3.3291428571428576
pdf_level_reaction,15,level_first2bars_touch10_buf10_all,DOWN,2,0.1,0.1,12,41.66666666666667,-3.986075000000001,-23.189600000000006,41.66666666666667,58.333333333333336,0.0,0.0,5,7,40.0,42.857142857142854,-4.90578,-3.3291428571428576
pdf_level_reaction,15,level_first2bars_touch15_buf10_all,DOWN,2,0.1,0.1,12,41.66666666666667,-3.986075000000001,-23.189600000000006,41.66666666666667,58.333333333333336,0.0,0.0,5,7,40.0,42.857142857142854,-4.90578,-3.3291428571428576
pdf_level_reaction,15,level_first4bars_touch10_buf10_all,DOWN,4,0.1,0.1,12,41.66666666666667,-3.986075000000001,-23.189600000000006,41.66666666666667,58.333333333333336,0.0,0.0,5,7,40.0,42.857142857142854,-4.90578,-3.3291428571428576
pdf_level_reaction,15,level_first4bars_touch15_buf10_all,DOWN,4,0.1,0.1,12,41.66666666666667,-3.986075000000001,-23.189600000000006,41.66666666666667,58.333333333333336,0.0,0.0,5,7,40.0,42.857142857142854,-4.90578,-3.3291428571428576
pdf_level_reaction,10,level_first1bars_touch10_buf10_all,DOWN,1,0.1,0.1,10,40.0,-4.81396,-23.469225,40.0,60.0,0.0,0.0,3,7,33.33333333333333,42.857142857142854,-8.060383333333332,-3.4226357142857147
pdf_level_reaction,10,level_first1bars_touch15_buf10_all,DOWN,1,0.1,0.1,10,40.0,-4.81396,-23.469225,40.0,60.0,0.0,0.0,3,7,33.33333333333333,42.857142857142854,-8.060383333333332,-3.4226357142857147
pdf_level_reaction,10,level_first2bars_touch10_buf10_all,DOWN,2,0.1,0.1,10,40.0,-4.81396,-23.469225,40.0,60.0,0.0,0.0,3,7,33.33333333333333,42.857142857142854,-8.060383333333332,-3.4226357142857147
pdf_level_reaction,10,level_first2bars_touch15_buf10_all,DOWN,2,0.1,0.1,10,40.0,-4.81396,-23.469225,40.0,60.0,0.0,0.0,3,7,33.33333333333333,42.857142857142854,-8.060383333333332,-3.4226357142857147
pdf_level_reaction,10,level_first3bars_touch10_buf10_all,DOWN,3,0.1,0.1,10,40.0,-4.81396,-23.469225,40.0,60.0,0.0,0.0,3,7,33.33333333333333,42.857142857142854,-8.060383333333332,-3.4226357142857147
pdf_level_reaction,10,level_first3bars_touch15_buf10_all,DOWN,3,0.1,0.1,10,40.0,-4.81396,-23.469225,40.0,60.0,0.0,0.0,3,7,33.33333333333333,42.857142857142854,-8.060383333333332,-3.4226357142857147
pdf_level_reaction,10,level_first6bars_touch10_buf10_all,DOWN,6,0.1,0.1,10,40.0,-4.81396,-23.469225,40.0,60.0,0.0,0.0,3,7,33.33333333333333,42.857142857142854,-8.060383333333332,-3.4226357142857147
pdf_level_reaction,10,level_first6bars_touch15_buf10_all,DOWN,6,0.1,0.1,10,40.0,-4.81396,-23.469225,40.0,60.0,0.0,0.0,3,7,33.33333333333333,42.857142857142854,-8.060383333333332,-3.4226357142857147
pdf_level_reaction,10,level_first6bars_touch15_buf0_all,UP,6,0.3,0.3,15,40.0,-9.828770000000096,-44.400000000001455,40.0,46.666666666666664,13.333333333333334,0.0,10,5,40.0,40.0,-10.388189999999998,-8.70993000000029
pdf_level_reaction,10,level_first6bars_touch10_buf0_all,UP,6,0.3,0.3,14,42.857142857142854,-5.330025000000103,-36.07500000000073,42.857142857142854,42.857142857142854,14.285714285714285,0.0,9,5,44.44444444444444,40.0,-3.452299999999999,-8.70993000000029
pdf_level_reaction,10,level_first2bars_touch10_buf0_all,UP,2,0.3,0.3,13,38.46153846153847,-11.283576923077034,-44.400000000001455,38.46153846153847,46.15384615384615,15.384615384615385,0.0,8,5,37.5,40.0,-12.892106249999998,-8.70993000000029
pdf_level_reaction,10,level_first3bars_touch10_buf0_all,UP,3,0.3,0.3,13,38.46153846153847,-11.283576923077034,-44.400000000001455,38.46153846153847,46.15384615384615,15.384615384615385,0.0,8,5,37.5,40.0,-12.892106249999998,-8.70993000000029
pdf_level_reaction,10,level_first2bars_touch15_buf0_all,UP,2,0.3,0.3,13,38.46153846153847,-11.283784615384727,-44.400000000001455,38.46153846153847,46.15384615384615,15.384615384615385,0.0,8,5,37.5,40.0,-12.892443749999998,-8.70993000000029
pdf_level_reaction,10,level_first3bars_touch15_buf0_all,UP,3,0.3,0.3,13,38.46153846153847,-11.283784615384727,-44.400000000001455,38.46153846153847,46.15384615384615,15.384615384615385,0.0,8,5,37.5,40.0,-12.892443749999998,-8.70993000000029
pdf_level_reaction,10,level_first1bars_touch15_buf0_all,UP,1,0.3,0.3,12,41.66666666666667,-6.071437500000119,-36.07500000000073,41.66666666666667,41.66666666666667,16.666666666666664,0.0,7,5,42.857142857142854,40.0,-4.186799999999997,-8.70993000000029
pdf_level_reaction,10,level_first3bars_touch5_buf0_all,UP,3,0.3,0.3,12,33.33333333333333,-18.27460000000012,-57.054375000000725,33.33333333333333,50.0,16.666666666666664,0.0,7,5,28.57142857142857,40.0,-25.106507142857144,-8.70993000000029
pdf_level_reaction,10,level_first6bars_touch5_buf0_all,UP,6,0.3,0.3,12,33.33333333333333,-18.27460000000012,-57.054375000000725,33.33333333333333,50.0,16.666666666666664,0.0,7,5,28.57142857142857,40.0,-25.106507142857144,-8.70993000000029
pdf_level_reaction,10,level_first6bars_touch0_buf0_all,DOWN,6,0.15,0.15,11,45.45454545454545,-3.231606818181817,-34.888425000000005,45.45454545454545,54.54545454545454,0.0,0.0,6,5,50.0,40.0,-0.02869999999999943,-7.075095000000003
pdf_level_reaction,15,level_first1bars_touch5_buf0_all,DOWN,1,0.15,0.15,11,45.45454545454545,-3.2374909090909068,-34.887375,45.45454545454545,54.54545454545454,0.0,0.0,6,5,50.0,40.0,-0.030299999999999255,-7.086120000000001
pdf_level_reaction,15,level_first1bars_touch5_buf5_all,DOWN,1,0.15,0.15,11,45.45454545454545,-3.2374909090909068,-34.887375,45.45454545454545,54.54545454545454,0.0,0.0,6,5,50.0,40.0,-0.030299999999999255,-7.086120000000001
pdf_level_reaction,15,level_first2bars_touch5_buf0_all,DOWN,2,0.15,0.15,11,45.45454545454545,-3.2374909090909068,-34.887375,45.45454545454545,54.54545454545454,0.0,0.0,6,5,50.0,40.0,-0.030299999999999255,-7.086120000000001
pdf_level_reaction,15,level_first4bars_touch5_buf0_all,DOWN,4,0.15,0.15,11,45.45454545454545,-3.2374909090909068,-34.887375,45.45454545454545,54.54545454545454,0.0,0.0,6,5,50.0,40.0,-0.030299999999999255,-7.086120000000001
pdf_level_reaction,10,level_first6bars_touch0_buf0_all,DOWN,6,0.1,0.1,11,36.36363636363637,-6.582404545454546,-23.679500000000004,36.36363636363637,63.63636363636363,0.0,0.0,6,5,33.33333333333333,40.0,-8.137133333333333,-4.71673
pdf_level_reaction,15,level_first4bars_touch0_buf0_all,DOWN,4,0.15,0.15,11,36.36363636363637,-9.89140227272727,-35.50875,36.36363636363637,63.63636363636363,0.0,0.0,6,5,33.33333333333333,40.0,-12.229137499999998,-7.086120000000001
pdf_level_reaction,15,level_first1bars_touch5_buf0_all,DOWN,1,0.1,0.1,11,27.27272727272727,-10.986009090909091,-23.982200000000002,27.27272727272727,72.72727272727273,0.0,0.0,6,5,16.666666666666664,40.0,-16.204283333333333,-4.724079999999999
pdf_level_reaction,15,level_first1bars_touch5_buf5_all,DOWN,1,0.1,0.1,11,27.27272727272727,-10.986009090909091,-23.982200000000002,27.27272727272727,72.72727272727273,0.0,0.0,6,5,16.666666666666664,40.0,-16.204283333333333,-4.724079999999999
pdf_level_reaction,15,level_first2bars_touch5_buf0_all,DOWN,2,0.1,0.1,11,27.27272727272727,-10.986009090909091,-23.982200000000002,27.27272727272727,72.72727272727273,0.0,0.0,6,5,16.666666666666664,40.0,-16.204283333333333,-4.724079999999999
pdf_level_reaction,15,level_first4bars_touch5_buf0_all,DOWN,4,0.1,0.1,11,27.27272727272727,-10.986009090909091,-23.982200000000002,27.27272727272727,72.72727272727273,0.0,0.0,6,5,16.666666666666664,40.0,-16.204283333333333,-4.724079999999999
pdf_level_reaction,15,level_first4bars_touch0_buf0_all,DOWN,4,0.1,0.1,11,27.27272727272727,-11.021749999999999,-23.982200000000002,27.27272727272727,72.72727272727273,0.0,0.0,6,5,16.666666666666664,40.0,-16.269808333333334,-4.724079999999999
pdf_level_reaction,10,level_first2bars_touch5_buf0_all,UP,2,0.3,0.3,11,36.36363636363637,-13.219186363636492,-44.400000000001455,36.36363636363637,45.45454545454545,18.181818181818183,0.0,6,5,33.33333333333333,40.0,-16.976899999999997,-8.70993000000029
pdf_level_reaction,10,level_first1bars_touch10_buf0_all,UP,1,0.3,0.3,11,36.36363636363637,-13.257436363636492,-44.400000000001455,36.36363636363637,45.45454545454545,18.181818181818183,0.0,6,5,33.33333333333333,40.0,-17.047024999999994,-8.70993000000029
pdf_level_reaction,10,level_first1bars_touch10_buf0_all,DOWN,1,0.15,0.15,10,60.0,7.433069999999999,35.484337499999995,60.0,40.0,0.0,0.0,5,5,80.0,40.0,21.865965,-6.999825000000003
pdf_level_reaction,10,level_first1bars_touch15_buf0_all,DOWN,1,0.15,0.15,10,60.0,7.433069999999999,35.484337499999995,60.0,40.0,0.0,0.0,5,5,80.0,40.0,21.865965,-6.999825000000003
pdf_level_reaction,10,level_first2bars_touch10_buf0_all,DOWN,2,0.15,0.15,10,60.0,7.433069999999999,35.484337499999995,60.0,40.0,0.0,0.0,5,5,80.0,40.0,21.865965,-6.999825000000003
pdf_level_reaction,10,level_first2bars_touch15_buf0_all,DOWN,2,0.15,0.15,10,60.0,7.433069999999999,35.484337499999995,60.0,40.0,0.0,0.0,5,5,80.0,40.0,21.865965,-6.999825000000003
pdf_level_reaction,10,level_first3bars_touch10_buf0_all,DOWN,3,0.15,0.15,10,60.0,7.433069999999999,35.484337499999995,60.0,40.0,0.0,0.0,5,5,80.0,40.0,21.865965,-6.999825000000003
pdf_level_reaction,10,level_first3bars_touch15_buf0_all,DOWN,3,0.15,0.15,10,60.0,7.433069999999999,35.484337499999995,60.0,40.0,0.0,0.0,5,5,80.0,40.0,21.865965,-6.999825000000003
pdf_level_reaction,10,level_first6bars_touch10_buf0_all,DOWN,6,0.15,0.15,10,60.0,7.433069999999999,35.484337499999995,60.0,40.0,0.0,0.0,5,5,80.0,40.0,21.865965,-6.999825000000003
pdf_level_reaction,10,level_first6bars_touch15_buf0_all,DOWN,6,0.15,0.15,10,60.0,7.433069999999999,35.484337499999995,60.0,40.0,0.0,0.0,5,5,80.0,40.0,21.865965,-6.999825000000003
pdf_level_reaction,10,level_first1bars_touch0_buf0_all,DOWN,1,0.15,0.15,10,50.0,0.13391249999999957,0.16143749999999812,50.0,50.0,0.0,0.0,5,5,60.0,40.0,7.342920000000001,-7.075095000000003
pdf_level_reaction,10,level_first2bars_touch0_buf0_all,DOWN,2,0.15,0.15,10,50.0,0.13391249999999957,0.16143749999999812,50.0,50.0,0.0,0.0,5,5,60.0,40.0,7.342920000000001,-7.075095000000003
pdf_level_reaction,10,level_first3bars_touch0_buf0_all,DOWN,3,0.15,0.15,10,50.0,0.13391249999999957,0.16143749999999812,50.0,50.0,0.0,0.0,5,5,60.0,40.0,7.342920000000001,-7.075095000000003
pdf_level_reaction,10,level_first1bars_touch0_buf0_all,DOWN,1,0.1,0.1,10,40.0,-4.781525,-23.469225,40.0,60.0,0.0,0.0,5,5,40.0,40.0,-4.84632,-4.71673
pdf_level_reaction,10,level_first2bars_touch0_buf0_all,DOWN,2,0.1,0.1,10,40.0,-4.781525,-23.469225,40.0,60.0,0.0,0.0,5,5,40.0,40.0,-4.84632,-4.71673
pdf_level_reaction,10,level_first3bars_touch0_buf0_all,DOWN,3,0.1,0.1,10,40.0,-4.781525,-23.469225,40.0,60.0,0.0,0.0,5,5,40.0,40.0,-4.84632,-4.71673
pdf_level_reaction,10,level_first2bars_touch5_buf5_all,DOWN,2,0.15,0.15,10,40.0,-7.15986,-35.203837500000006,40.0,60.0,0.0,0.0,5,5,40.0,40.0,-7.244624999999997,-7.075095000000003
pdf_level_reaction,10,level_first3bars_touch5_buf5_all,DOWN,3,0.15,0.15,10,40.0,-7.15986,-35.203837500000006,40.0,60.0,0.0,0.0,5,5,40.0,40.0,-7.244624999999997,-7.075095000000003
pdf_level_reaction,10,level_first6bars_touch5_buf5_all,DOWN,6,0.15,0.15,10,40.0,-7.15986,-35.203837500000006,40.0,60.0,0.0,0.0,5,5,40.0,40.0,-7.244624999999997,-7.075095000000003
pdf_level_reaction,15,level_first1bars_touch0_buf0_all,DOWN,1,0.15,0.15,10,40.0,-7.191404999999998,-35.1980625,40.0,60.0,0.0,0.0,5,5,40.0,40.0,-7.296689999999998,-7.086120000000001
pdf_level_reaction,15,level_first1bars_touch0_buf5_all,DOWN,1,0.15,0.15,10,40.0,-7.191404999999998,-35.1980625,40.0,60.0,0.0,0.0,5,5,40.0,40.0,-7.296689999999998,-7.086120000000001
pdf_level_reaction,15,level_first2bars_touch0_buf0_all,DOWN,2,0.15,0.15,10,40.0,-7.191404999999998,-35.1980625,40.0,60.0,0.0,0.0,5,5,40.0,40.0,-7.296689999999998,-7.086120000000001
pdf_level_reaction,10,level_first2bars_touch5_buf5_all,DOWN,2,0.1,0.1,10,30.0,-9.642170000000002,-23.818575000000003,30.0,70.0,0.0,0.0,5,5,20.0,40.0,-14.567610000000002,-4.71673
pdf_level_reaction,10,level_first3bars_touch5_buf5_all,DOWN,3,0.1,0.1,10,30.0,-9.642170000000002,-23.818575000000003,30.0,70.0,0.0,0.0,5,5,20.0,40.0,-14.567610000000002,-4.71673
pdf_level_reaction,10,level_first6bars_touch5_buf5_all,DOWN,6,0.1,0.1,10,30.0,-9.642170000000002,-23.818575000000003,30.0,70.0,0.0,0.0,5,5,20.0,40.0,-14.567610000000002,-4.71673
pdf_level_reaction,15,level_first1bars_touch0_buf0_all,DOWN,1,0.1,0.1,10,30.0,-9.6645,-23.827350000000003,30.0,70.0,0.0,0.0,5,5,20.0,40.0,-14.604920000000002,-4.724079999999999
pdf_level_reaction,15,level_first1bars_touch0_buf5_all,DOWN,1,0.1,0.1,10,30.0,-9.6645,-23.827350000000003,30.0,70.0,0.0,0.0,5,5,20.0,40.0,-14.604920000000002,-4.724079999999999
pdf_level_reaction,15,level_first2bars_touch0_buf0_all,DOWN,2,0.1,0.1,10,30.0,-9.6645,-23.827350000000003,30.0,70.0,0.0,0.0,5,5,20.0,40.0,-14.604920000000002,-4.724079999999999
pdf_level_reaction,10,level_first1bars_touch5_buf0_all,UP,1,0.3,0.3,10,30.0,-21.838830000000144,-57.054375000000725,30.0,50.0,20.0,0.0,5,5,20.0,40.0,-34.967729999999996,-8.70993000000029
pdf_level_reaction,15,level_first1bars_touch5_buf10_all,DOWN,1,0.15,0.15,9,44.44444444444444,-3.983658333333334,-34.887375,44.44444444444444,55.55555555555556,0.0,0.0,4,5,50.0,40.0,-0.1055812499999984,-7.086120000000001
pdf_level_reaction,15,level_first1bars_touch5_buf10_all,DOWN,1,0.1,0.1,9,33.33333333333333,-8.033794444444444,-23.6725,33.33333333333333,66.66666666666666,0.0,0.0,4,5,25.0,40.0,-12.1709375,-4.724079999999999
pdf_level_reaction,10,level_first6bars_touch0_buf5_all,DOWN,6,0.15,0.15,9,33.33333333333333,-12.039333333333339,-35.51925,33.33333333333333,66.66666666666666,0.0,0.0,4,5,25.0,40.0,-18.24463125,-7.075095000000003
pdf_level_reaction,10,level_first6bars_touch0_buf5_all,DOWN,6,0.1,0.1,9,22.22222222222222,-13.436144444444446,-23.957650000000005,22.22222222222222,77.77777777777779,0.0,0.0,4,5,0.0,40.0,-24.335412500000004,-4.71673
pdf_level_reaction,10,level_first1bars_touch5_buf5_all,DOWN,1,0.1,0.1,8,37.5,-5.970600000000001,-23.469225,37.5,62.5,0.0,0.0,3,5,33.33333333333333,40.0,-8.060383333333332,-4.71673
pdf_level_reaction,15,level_first1bars_touch0_buf10_all,DOWN,1,0.1,0.1,8,37.5,-6.0128812499999995,-23.465375,37.5,62.5,0.0,0.0,3,5,33.33333333333333,40.0,-8.160883333333333,-4.724079999999999
pdf_level_reaction,10,level_first2bars_touch0_buf5_all,DOWN,2,0.15,0.15,8,37.5,-8.9334,-35.203837500000006,37.5,62.5,0.0,0.0,3,5,33.33333333333333,40.0,-12.030574999999999,-7.075095000000003
pdf_level_reaction,10,level_first3bars_touch0_buf5_all,DOWN,3,0.15,0.15,8,37.5,-8.9334,-35.203837500000006,37.5,62.5,0.0,0.0,3,5,33.33333333333333,40.0,-12.030574999999999,-7.075095000000003
pdf_level_reaction,10,level_first1bars_touch5_buf5_all,DOWN,1,0.15,0.15,8,37.5,-8.955900000000002,-35.203837500000006,37.5,62.5,0.0,0.0,3,5,33.33333333333333,40.0,-12.090575,-7.075095000000003
pdf_level_reaction,15,level_first1bars_touch0_buf10_all,DOWN,1,0.15,0.15,8,37.5,-9.019321875,-35.1980625,37.5,62.5,0.0,0.0,3,5,33.33333333333333,40.0,-12.241324999999996,-7.086120000000001
pdf_level_reaction,10,level_first2bars_touch0_buf5_all,DOWN,2,0.1,0.1,8,25.0,-12.0417625,-23.818575000000003,25.0,75.0,0.0,0.0,3,5,0.0,40.0,-24.25015,-4.71673
pdf_level_reaction,10,level_first3bars_touch0_buf5_all,DOWN,3,0.1,0.1,8,25.0,-12.0417625,-23.818575000000003,25.0,75.0,0.0,0.0,3,5,0.0,40.0,-24.25015,-4.71673
pdf_level_reaction,10,level_first1bars_touch0_buf5_all,DOWN,1,0.1,0.1,7,28.57142857142857,-10.284207142857143,-23.679500000000004,28.57142857142857,71.42857142857143,0.0,0.0,2,5,0.0,40.0,-24.2029,-4.71673
pdf_level_reaction,10,level_first1bars_touch0_buf5_all,DOWN,1,0.15,0.15,7,28.57142857142857,-15.426310714285718,-35.51925,28.57142857142857,71.42857142857143,0.0,0.0,2,5,0.0,40.0,-36.30435,-7.075095000000003
pdf_level_reaction,10,level_first6bars_touch15_buf10_all,UP,6,0.1,0.1,15,46.666666666666664,-1.5601100000000003,-23.23625,46.666666666666664,53.333333333333336,0.0,0.0,12,3,50.0,33.33333333333333,0.009858333333333155,-7.839983333333332
pdf_level_reaction,10,level_first6bars_touch15_buf10_all,UP,6,0.15,0.15,15,26.666666666666668,-16.918974999999996,-35.8941,26.666666666666668,73.33333333333333,0.0,0.0,12,3,25.0,33.33333333333333,-18.208724999999998,-11.759974999999999
pdf_level_reaction,10,level_first6bars_touch15_buf10_all,UP,6,0.3,0.3,15,33.33333333333333,-21.31308,-70.5372,33.33333333333333,60.0,6.666666666666667,0.0,12,3,33.33333333333333,33.33333333333333,-20.7613625,-23.519949999999998
pdf_level_reaction,10,level_first6bars_touch10_buf10_all,UP,6,0.1,0.1,14,50.0,0.06205357142857183,-0.0037749999999974193,50.0,50.0,0.0,0.0,11,3,54.54545454545454,33.33333333333333,2.217154545454546,-7.839983333333332
pdf_level_reaction,10,level_first6bars_touch10_buf10_all,UP,6,0.15,0.15,14,28.57142857142857,-15.527073214285712,-35.745599999999996,28.57142857142857,71.42857142857143,0.0,0.0,11,3,27.27272727272727,33.33333333333333,-16.554463636363636,-11.759974999999999
pdf_level_reaction,10,level_first6bars_touch10_buf10_all,UP,6,0.3,0.3,14,35.714285714285715,-17.634642857142858,-70.122975,35.714285714285715,57.14285714285714,7.142857142857142,0.0,11,3,36.36363636363637,33.33333333333333,-16.029559090909093,-23.519949999999998
pdf_level_reaction,10,level_first2bars_touch10_buf10_all,UP,2,0.1,0.1,13,46.15384615384615,-1.7810230769230766,-23.23625,46.15384615384615,53.84615384615385,0.0,0.0,10,3,50.0,33.33333333333333,0.03666500000000035,-7.839983333333332
pdf_level_reaction,10,level_first3bars_touch10_buf10_all,UP,3,0.1,0.1,13,46.15384615384615,-1.7810230769230766,-23.23625,46.15384615384615,53.84615384615385,0.0,0.0,10,3,50.0,33.33333333333333,0.03666500000000035,-7.839983333333332
pdf_level_reaction,10,level_first2bars_touch15_buf10_all,UP,2,0.1,0.1,13,46.15384615384615,-1.7810923076923073,-23.23625,46.15384615384615,53.84615384615385,0.0,0.0,10,3,50.0,33.33333333333333,0.036575000000000205,-7.839983333333332
pdf_level_reaction,10,level_first3bars_touch15_buf10_all,UP,3,0.1,0.1,13,46.15384615384615,-1.7810923076923073,-23.23625,46.15384615384615,53.84615384615385,0.0,0.0,10,3,50.0,33.33333333333333,0.036575000000000205,-7.839983333333332
pdf_level_reaction,15,level_first2bars_touch5_buf5_all,DOWN,2,0.15,0.15,13,46.15384615384615,-2.6201192307692294,-34.681425,46.15384615384615,53.84615384615385,0.0,0.0,7,6,57.14285714285714,33.33333333333333,5.150067857142857,-11.685337500000001
pdf_level_reaction,15,level_first4bars_touch5_buf5_all,DOWN,4,0.15,0.15,13,46.15384615384615,-2.6201192307692294,-34.681425,46.15384615384615,53.84615384615385,0.0,0.0,7,6,57.14285714285714,33.33333333333333,5.150067857142857,-11.685337500000001
pdf_level_reaction,15,level_first4bars_touch15_buf10_all,UP,4,0.08,0.08,13,38.46153846153847,-4.38359076923077,-18.82036,38.46153846153847,61.53846153846154,0.0,7.6923076923076925,10,3,40.0,33.33333333333333,-3.862204000000001,-6.121546666666666
pdf_level_reaction,15,level_first4bars_touch0_buf5_all,DOWN,4,0.15,0.15,13,38.46153846153847,-8.25035192307692,-34.887375,38.46153846153847,61.53846153846154,0.0,0.0,7,6,42.857142857142854,33.33333333333333,-5.306078571428571,-11.685337500000001
pdf_level_reaction,15,level_first2bars_touch5_buf5_all,DOWN,2,0.1,0.1,13,30.76923076923077,-9.216323076923077,-23.6725,30.76923076923077,69.23076923076923,0.0,0.0,7,6,28.57142857142857,33.33333333333333,-10.438692857142858,-7.7902249999999995
pdf_level_reaction,15,level_first4bars_touch5_buf5_all,DOWN,4,0.1,0.1,13,30.76923076923077,-9.216323076923077,-23.6725,30.76923076923077,69.23076923076923,0.0,0.0,7,6,28.57142857142857,33.33333333333333,-10.438692857142858,-7.7902249999999995
pdf_level_reaction,15,level_first4bars_touch0_buf5_all,DOWN,4,0.1,0.1,13,30.76923076923077,-9.246565384615383,-23.6725,30.76923076923077,69.23076923076923,0.0,0.0,7,6,28.57142857142857,33.33333333333333,-10.494857142857144,-7.7902249999999995
pdf_level_reaction,10,level_first2bars_touch10_buf10_all,UP,2,0.15,0.15,13,23.076923076923077,-19.493238461538457,-35.8941,23.076923076923077,76.92307692307693,0.0,0.0,10,3,20.0,33.33333333333333,-21.8132175,-11.759974999999999
pdf_level_reaction,10,level_first3bars_touch10_buf10_all,UP,3,0.15,0.15,13,23.076923076923077,-19.493238461538457,-35.8941,23.076923076923077,76.92307692307693,0.0,0.0,10,3,20.0,33.33333333333333,-21.8132175,-11.759974999999999
pdf_level_reaction,10,level_first2bars_touch15_buf10_all,UP,2,0.15,0.15,13,23.076923076923077,-19.493342307692306,-35.8941,23.076923076923077,76.92307692307693,0.0,0.0,10,3,20.0,33.33333333333333,-21.8133525,-11.759974999999999
pdf_level_reaction,10,level_first3bars_touch15_buf10_all,UP,3,0.15,0.15,13,23.076923076923077,-19.493342307692306,-35.8941,23.076923076923077,76.92307692307693,0.0,0.0,10,3,20.0,33.33333333333333,-21.8133525,-11.759974999999999
pdf_level_reaction,10,level_first2bars_touch10_buf10_all,UP,2,0.3,0.3,13,30.76923076923077,-24.534703846153846,-70.5372,30.76923076923077,61.53846153846154,7.6923076923076925,0.0,10,3,30.0,33.33333333333333,-24.83913,-23.519949999999998
pdf_level_reaction,10,level_first3bars_touch10_buf10_all,UP,3,0.3,0.3,13,30.76923076923077,-24.534703846153846,-70.5372,30.76923076923077,61.53846153846154,7.6923076923076925,0.0,10,3,30.0,33.33333333333333,-24.83913,-23.519949999999998
pdf_level_reaction,10,level_first2bars_touch15_buf10_all,UP,2,0.3,0.3,13,30.76923076923077,-24.534911538461536,-70.5372,30.76923076923077,61.53846153846154,7.6923076923076925,0.0,10,3,30.0,33.33333333333333,-24.8394,-23.519949999999998
pdf_level_reaction,10,level_first3bars_touch15_buf10_all,UP,3,0.3,0.3,13,30.76923076923077,-24.534911538461536,-70.5372,30.76923076923077,61.53846153846154,7.6923076923076925,0.0,10,3,30.0,33.33333333333333,-24.8394,-23.519949999999998
pdf_level_reaction,15,level_first4bars_touch10_buf10_all,UP,4,0.08,0.08,12,41.66666666666667,-3.131423333333333,-18.711,41.66666666666667,58.333333333333336,0.0,8.333333333333332,9,3,44.44444444444444,33.33333333333333,-2.1347155555555553,-6.121546666666666
pdf_level_reaction,15,level_first2bars_touch0_buf5_all,DOWN,2,0.15,0.15,12,41.66666666666667,-5.863599999999998,-34.7844,41.66666666666667,58.333333333333336,0.0,0.0,6,6,50.0,33.33333333333333,-0.04186249999999939,-11.685337500000001
pdf_level_reaction,15,level_first1bars_touch10_buf0_all,DOWN,1,0.15,0.15,12,41.66666666666667,-5.897368749999996,-35.021699999999996,41.66666666666667,58.333333333333336,0.0,0.0,6,6,50.0,33.33333333333333,-0.030299999999999255,-11.764437499999994
pdf_level_reaction,15,level_first1bars_touch10_buf5_all,DOWN,1,0.15,0.15,12,41.66666666666667,-5.897368749999996,-35.021699999999996,41.66666666666667,58.333333333333336,0.0,0.0,6,6,50.0,33.33333333333333,-0.030299999999999255,-11.764437499999994
pdf_level_reaction,15,level_first1bars_touch15_buf0_all,DOWN,1,0.15,0.15,12,41.66666666666667,-5.897368749999996,-35.021699999999996,41.66666666666667,58.333333333333336,0.0,0.0,6,6,50.0,33.33333333333333,-0.030299999999999255,-11.764437499999994
pdf_level_reaction,15,level_first1bars_touch15_buf5_all,DOWN,1,0.15,0.15,12,41.66666666666667,-5.897368749999996,-35.021699999999996,41.66666666666667,58.333333333333336,0.0,0.0,6,6,50.0,33.33333333333333,-0.030299999999999255,-11.764437499999994
pdf_level_reaction,15,level_first2bars_touch10_buf0_all,DOWN,2,0.15,0.15,12,41.66666666666667,-5.897368749999996,-35.021699999999996,41.66666666666667,58.333333333333336,0.0,0.0,6,6,50.0,33.33333333333333,-0.030299999999999255,-11.764437499999994
pdf_level_reaction,15,level_first2bars_touch15_buf0_all,DOWN,2,0.15,0.15,12,41.66666666666667,-5.897368749999996,-35.021699999999996,41.66666666666667,58.333333333333336,0.0,0.0,6,6,50.0,33.33333333333333,-0.030299999999999255,-11.764437499999994
pdf_level_reaction,15,level_first4bars_touch10_buf0_all,DOWN,4,0.15,0.15,12,41.66666666666667,-5.897368749999996,-35.021699999999996,41.66666666666667,58.333333333333336,0.0,0.0,6,6,50.0,33.33333333333333,-0.030299999999999255,-11.764437499999994
pdf_level_reaction,15,level_first4bars_touch15_buf0_all,DOWN,4,0.15,0.15,12,41.66666666666667,-5.897368749999996,-35.021699999999996,41.66666666666667,58.333333333333336,0.0,0.0,6,6,50.0,33.33333333333333,-0.030299999999999255,-11.764437499999994
pdf_level_reaction,15,level_first2bars_touch0_buf5_all,DOWN,2,0.1,0.1,12,33.33333333333333,-7.967591666666667,-23.465375,33.33333333333333,66.66666666666666,0.0,0.0,6,6,33.33333333333333,33.33333333333333,-8.144958333333335,-7.7902249999999995
pdf_level_reaction,15,level_first2bars_touch5_buf10_all,DOWN,2,0.15,0.15,11,45.45454545454545,-3.1183704545454543,-34.681425,45.45454545454545,54.54545454545454,0.0,0.0,5,6,60.0,33.33333333333333,7.16199,-11.685337500000001
pdf_level_reaction,15,level_first2bars_touch15_buf10_all,UP,2,0.08,0.08,11,36.36363636363637,-5.162396363636365,-18.82036,36.36363636363637,63.63636363636363,0.0,9.090909090909092,8,3,37.5,33.33333333333333,-4.802715000000002,-6.121546666666666
pdf_level_reaction,15,level_first2bars_touch10_buf10_all,UP,2,0.08,0.08,11,36.36363636363637,-5.16288,-18.82036,36.36363636363637,63.63636363636363,0.0,9.090909090909092,8,3,37.5,33.33333333333333,-4.80338,-6.121546666666666
pdf_level_reaction,15,level_first2bars_touch5_buf10_all,DOWN,2,0.1,0.1,11,36.36363636363637,-6.479113636363636,-23.258250000000004,36.36363636363637,63.63636363636363,0.0,0.0,5,6,40.0,33.33333333333333,-4.90578,-7.7902249999999995
pdf_level_reaction,10,level_first2bars_touch5_buf10_all,DOWN,2,0.15,0.15,11,36.36363636363637,-9.75488181818182,-35.51925,36.36363636363637,63.63636363636363,0.0,0.0,5,6,40.0,33.33333333333333,-7.244624999999997,-11.846762500000002
pdf_level_reaction,10,level_first3bars_touch5_buf10_all,DOWN,3,0.15,0.15,11,36.36363636363637,-9.75488181818182,-35.51925,36.36363636363637,63.63636363636363,0.0,0.0,5,6,40.0,33.33333333333333,-7.244624999999997,-11.846762500000002
pdf_level_reaction,10,level_first6bars_touch5_buf10_all,DOWN,6,0.15,0.15,11,36.36363636363637,-9.75488181818182,-35.51925,36.36363636363637,63.63636363636363,0.0,0.0,5,6,40.0,33.33333333333333,-7.244624999999997,-11.846762500000002
pdf_level_reaction,10,level_first2bars_touch5_buf10_all,DOWN,2,0.1,0.1,11,27.27272727272727,-10.929554545454545,-23.8034,27.27272727272727,72.72727272727273,0.0,0.0,5,6,20.0,33.33333333333333,-14.567610000000002,-7.897841666666669
pdf_level_reaction,10,level_first3bars_touch5_buf10_all,DOWN,3,0.1,0.1,11,27.27272727272727,-10.929554545454545,-23.8034,27.27272727272727,72.72727272727273,0.0,0.0,5,6,20.0,33.33333333333333,-14.567610000000002,-7.897841666666669
pdf_level_reaction,10,level_first6bars_touch5_buf10_all,DOWN,6,0.1,0.1,11,27.27272727272727,-10.929554545454545,-23.8034,27.27272727272727,72.72727272727273,0.0,0.0,5,6,20.0,33.33333333333333,-14.567610000000002,-7.897841666666669
pdf_level_reaction,10,level_first6bars_touch0_buf10_all,UP,6,0.1,0.1,11,27.27272727272727,-11.00170909090909,-23.731400000000004,27.27272727272727,72.72727272727273,0.0,0.0,8,3,25.0,33.33333333333333,-12.187356249999999,-7.839983333333332
pdf_level_reaction,10,level_first3bars_touch5_buf10_all,UP,3,0.1,0.1,11,27.27272727272727,-11.005295454545454,-23.731400000000004,27.27272727272727,72.72727272727273,0.0,0.0,8,3,25.0,33.33333333333333,-12.1922875,-7.839983333333332
pdf_level_reaction,10,level_first6bars_touch5_buf10_all,UP,6,0.1,0.1,11,27.27272727272727,-11.005295454545454,-23.731400000000004,27.27272727272727,72.72727272727273,0.0,0.0,8,3,25.0,33.33333333333333,-12.1922875,-7.839983333333332
pdf_level_reaction,10,level_first6bars_touch0_buf10_all,UP,6,0.15,0.15,11,18.181818181818183,-23.028763636363635,-35.8941,18.181818181818183,81.81818181818183,0.0,0.0,8,3,12.5,33.33333333333333,-27.254559375,-11.759974999999999
pdf_level_reaction,10,level_first3bars_touch5_buf10_all,UP,3,0.15,0.15,11,18.181818181818183,-23.03414318181818,-35.8941,18.181818181818183,81.81818181818183,0.0,0.0,8,3,12.5,33.33333333333333,-27.261956249999997,-11.759974999999999
pdf_level_reaction,10,level_first6bars_touch5_buf10_all,UP,6,0.15,0.15,11,18.181818181818183,-23.03414318181818,-35.8941,18.181818181818183,81.81818181818183,0.0,0.0,8,3,12.5,33.33333333333333,-27.261956249999997,-11.759974999999999
pdf_level_reaction,10,level_first6bars_touch0_buf10_all,UP,6,0.3,0.3,11,27.27272727272727,-28.97815909090909,-70.5372,27.27272727272727,63.63636363636363,9.090909090909092,0.0,8,3,25.0,33.33333333333333,-31.0249875,-23.519949999999998
pdf_level_reaction,10,level_first3bars_touch5_buf10_all,UP,3,0.3,0.3,11,27.27272727272727,-28.98891818181818,-70.5372,27.27272727272727,63.63636363636363,9.090909090909092,0.0,8,3,25.0,33.33333333333333,-31.039781249999997,-23.519949999999998
pdf_level_reaction,10,level_first6bars_touch5_buf10_all,UP,6,0.3,0.3,11,27.27272727272727,-28.98891818181818,-70.5372,27.27272727272727,63.63636363636363,9.090909090909092,0.0,8,3,25.0,33.33333333333333,-31.039781249999997,-23.519949999999998
pdf_level_reaction,15,level_first2bars_touch0_buf10_all,DOWN,2,0.1,0.1,10,40.0,-4.7069149999999995,-23.189600000000006,40.0,60.0,0.0,0.0,4,6,50.0,33.33333333333333,-0.08194999999999997,-7.7902249999999995
pdf_level_reaction,10,level_first1bars_touch15_buf10_all,UP,1,0.1,0.1,10,40.0,-4.78862,-23.374325,40.0,60.0,0.0,0.0,7,3,42.857142857142854,33.33333333333333,-3.4808928571428583,-7.839983333333332
pdf_level_reaction,15,level_first2bars_touch0_buf10_all,DOWN,2,0.15,0.15,10,40.0,-7.0603725,-34.7844,40.0,60.0,0.0,0.0,4,6,50.0,33.33333333333333,-0.12292499999999862,-11.685337500000001
pdf_level_reaction,15,level_first1bars_touch10_buf10_all,DOWN,1,0.15,0.15,10,40.0,-7.100894999999997,-35.021699999999996,40.0,60.0,0.0,0.0,4,6,50.0,33.33333333333333,-0.1055812499999984,-11.764437499999994
pdf_level_reaction,15,level_first1bars_touch15_buf10_all,DOWN,1,0.15,0.15,10,40.0,-7.100894999999997,-35.021699999999996,40.0,60.0,0.0,0.0,4,6,50.0,33.33333333333333,-0.1055812499999984,-11.764437499999994
pdf_level_reaction,10,level_first3bars_touch0_buf10_all,UP,3,0.1,0.1,10,30.0,-9.640665,-23.621900000000004,30.0,70.0,0.0,0.0,7,3,28.57142857142857,33.33333333333333,-10.412385714285715,-7.839983333333332
pdf_level_reaction,10,level_first2bars_touch5_buf10_all,UP,2,0.1,0.1,10,30.0,-9.64302,-23.621900000000004,30.0,70.0,0.0,0.0,7,3,28.57142857142857,33.33333333333333,-10.415750000000001,-7.839983333333332
pdf_level_reaction,10,level_first3bars_touch0_buf10_all,UP,3,0.15,0.15,10,20.0,-21.6398175,-35.745599999999996,20.0,80.0,0.0,0.0,7,3,14.285714285714285,33.33333333333333,-25.874035714285714,-11.759974999999999
pdf_level_reaction,10,level_first2bars_touch5_buf10_all,UP,2,0.15,0.15,10,20.0,-21.643349999999998,-35.745599999999996,20.0,80.0,0.0,0.0,7,3,14.285714285714285,33.33333333333333,-25.879082142857147,-11.759974999999999
pdf_level_reaction,10,level_first1bars_touch15_buf10_all,UP,1,0.15,0.15,10,20.0,-21.667949999999998,-35.745599999999996,20.0,80.0,0.0,0.0,7,3,14.285714285714285,33.33333333333333,-25.914225000000005,-11.759974999999999
pdf_level_reaction,10,level_first3bars_touch0_buf10_all,UP,3,0.3,0.3,10,30.0,-24.49233,-70.122975,30.0,60.0,10.0,0.0,7,3,28.57142857142857,33.33333333333333,-24.909064285714287,-23.519949999999998
pdf_level_reaction,10,level_first2bars_touch5_buf10_all,UP,2,0.3,0.3,10,30.0,-24.499394999999993,-70.122975,30.0,60.0,10.0,0.0,7,3,28.57142857142857,33.33333333333333,-24.919157142857138,-23.519949999999998
pdf_level_reaction,10,level_first1bars_touch15_buf10_all,UP,1,0.3,0.3,10,30.0,-24.548594999999995,-70.122975,30.0,60.0,10.0,0.0,7,3,28.57142857142857,33.33333333333333,-24.98944285714285,-23.519949999999998
pdf_level_reaction,10,level_first1bars_touch5_buf10_all,DOWN,1,0.1,0.1,9,33.33333333333333,-7.952022222222222,-23.679500000000004,33.33333333333333,66.66666666666666,0.0,0.0,3,6,33.33333333333333,33.33333333333333,-8.060383333333332,-7.897841666666669
pdf_level_reaction,10,level_first1bars_touch10_buf10_all,UP,1,0.1,0.1,9,33.33333333333333,-8.02345,-23.512400000000003,33.33333333333333,66.66666666666666,0.0,0.0,6,3,33.33333333333333,33.33333333333333,-8.115183333333334,-7.839983333333332
pdf_level_reaction,10,level_first2bars_touch0_buf10_all,DOWN,2,0.15,0.15,9,33.33333333333333,-11.908033333333334,-35.51925,33.33333333333333,66.66666666666666,0.0,0.0,3,6,33.33333333333333,33.33333333333333,-12.030574999999999,-11.846762500000002
pdf_level_reaction,10,level_first3bars_touch0_buf10_all,DOWN,3,0.15,0.15,9,33.33333333333333,-11.908033333333334,-35.51925,33.33333333333333,66.66666666666666,0.0,0.0,3,6,33.33333333333333,33.33333333333333,-12.030574999999999,-11.846762500000002
pdf_level_reaction,10,level_first6bars_touch0_buf10_all,DOWN,6,0.15,0.15,9,33.33333333333333,-11.908033333333334,-35.51925,33.33333333333333,66.66666666666666,0.0,0.0,3,6,33.33333333333333,33.33333333333333,-12.030574999999999,-11.846762500000002
pdf_level_reaction,10,level_first1bars_touch5_buf10_all,DOWN,1,0.15,0.15,9,33.33333333333333,-11.928033333333335,-35.51925,33.33333333333333,66.66666666666666,0.0,0.0,3,6,33.33333333333333,33.33333333333333,-12.090575,-11.846762500000002
pdf_level_reaction,10,level_first2bars_touch0_buf10_all,DOWN,2,0.1,0.1,9,22.22222222222222,-13.34861111111111,-23.8034,22.22222222222222,77.77777777777779,0.0,0.0,3,6,0.0,33.33333333333333,-24.25015,-7.897841666666669
pdf_level_reaction,10,level_first3bars_touch0_buf10_all,DOWN,3,0.1,0.1,9,22.22222222222222,-13.34861111111111,-23.8034,22.22222222222222,77.77777777777779,0.0,0.0,3,6,0.0,33.33333333333333,-24.25015,-7.897841666666669
pdf_level_reaction,10,level_first6bars_touch0_buf10_all,DOWN,6,0.1,0.1,9,22.22222222222222,-13.34861111111111,-23.8034,22.22222222222222,77.77777777777779,0.0,0.0,3,6,0.0,33.33333333333333,-24.25015,-7.897841666666669
pdf_level_reaction,10,level_first2bars_touch0_buf10_all,UP,2,0.1,0.1,9,22.22222222222222,-13.417327777777777,-23.731400000000004,22.22222222222222,77.77777777777779,0.0,0.0,6,3,16.666666666666664,33.33333333333333,-16.206,-7.839983333333332
pdf_level_reaction,10,level_first2bars_touch0_buf10_all,UP,2,0.15,0.15,9,11.11111111111111,-28.10245833333333,-35.8941,11.11111111111111,88.88888888888889,0.0,0.0,6,3,0.0,33.33333333333333,-36.2737,-11.759974999999999
pdf_level_reaction,10,level_first1bars_touch10_buf10_all,UP,1,0.15,0.15,9,11.11111111111111,-28.129641666666664,-35.8941,11.11111111111111,88.88888888888889,0.0,0.0,6,3,0.0,33.33333333333333,-36.314475,-11.759974999999999
pdf_level_reaction,10,level_first2bars_touch0_buf10_all,UP,2,0.3,0.3,9,22.22222222222222,-35.33013333333333,-70.5372,22.22222222222222,66.66666666666666,11.11111111111111,0.0,6,3,16.666666666666664,33.33333333333333,-41.23522499999999,-23.519949999999998
pdf_level_reaction,10,level_first1bars_touch10_buf10_all,UP,1,0.3,0.3,9,22.22222222222222,-35.3845,-70.5372,22.22222222222222,66.66666666666666,11.11111111111111,0.0,6,3,16.666666666666664,33.33333333333333,-41.316775,-23.519949999999998
pdf_level_reaction,15,level_first4bars_touch0_buf5_inst,DOWN,4,0.15,0.15,8,50.0,0.1737750000000009,0.4278000000000013,50.0,50.0,0.0,0.0,5,3,60.0,33.33333333333333,7.2070050000000005,-11.548274999999999
pdf_level_reaction,15,level_first4bars_touch5_buf5_inst,DOWN,4,0.15,0.15,8,50.0,0.1737750000000009,0.4278000000000013,50.0,50.0,0.0,0.0,5,3,60.0,33.33333333333333,7.2070050000000005,-11.548274999999999
pdf_level_reaction,15,level_first4bars_touch10_buf5_inst,DOWN,4,0.15,0.15,8,50.0,0.1737750000000009,0.4278000000000013,50.0,50.0,0.0,0.0,5,3,60.0,33.33333333333333,7.2070050000000005,-11.548274999999999
pdf_level_reaction,15,level_first4bars_touch15_buf5_inst,DOWN,4,0.15,0.15,8,50.0,0.1737750000000009,0.4278000000000013,50.0,50.0,0.0,0.0,5,3,60.0,33.33333333333333,7.2070050000000005,-11.548274999999999
pdf_level_reaction,15,level_first4bars_touch0_buf5_inst,DOWN,4,0.1,0.1,8,37.5,-5.971937500000001,-23.462600000000002,37.5,62.5,0.0,0.0,5,3,40.0,33.33333333333333,-4.935790000000001,-7.69885
pdf_level_reaction,15,level_first4bars_touch5_buf5_inst,DOWN,4,0.1,0.1,8,37.5,-5.971937500000001,-23.462600000000002,37.5,62.5,0.0,0.0,5,3,40.0,33.33333333333333,-4.935790000000001,-7.69885
pdf_level_reaction,15,level_first4bars_touch10_buf5_inst,DOWN,4,0.1,0.1,8,37.5,-5.971937500000001,-23.462600000000002,37.5,62.5,0.0,0.0,5,3,40.0,33.33333333333333,-4.935790000000001,-7.69885
pdf_level_reaction,15,level_first4bars_touch15_buf5_inst,DOWN,4,0.1,0.1,8,37.5,-5.971937500000001,-23.462600000000002,37.5,62.5,0.0,0.0,5,3,40.0,33.33333333333333,-4.935790000000001,-7.69885
pdf_level_reaction,10,level_first1bars_touch10_buf5_all,DOWN,1,0.15,0.15,8,37.5,-8.813981250000001,-35.015662500000005,37.5,62.5,0.0,0.0,2,6,50.0,33.33333333333333,0.0032625000000017224,-11.753062500000004
pdf_level_reaction,10,level_first1bars_touch15_buf5_all,DOWN,1,0.15,0.15,8,37.5,-8.813981250000001,-35.015662500000005,37.5,62.5,0.0,0.0,2,6,50.0,33.33333333333333,0.0032625000000017224,-11.753062500000004
pdf_level_reaction,10,level_first2bars_touch10_buf5_all,DOWN,2,0.15,0.15,8,37.5,-8.813981250000001,-35.015662500000005,37.5,62.5,0.0,0.0,2,6,50.0,33.33333333333333,0.0032625000000017224,-11.753062500000004
pdf_level_reaction,10,level_first2bars_touch15_buf5_all,DOWN,2,0.15,0.15,8,37.5,-8.813981250000001,-35.015662500000005,37.5,62.5,0.0,0.0,2,6,50.0,33.33333333333333,0.0032625000000017224,-11.753062500000004
pdf_level_reaction,10,level_first3bars_touch10_buf5_all,DOWN,3,0.15,0.15,8,37.5,-8.813981250000001,-35.015662500000005,37.5,62.5,0.0,0.0,2,6,50.0,33.33333333333333,0.0032625000000017224,-11.753062500000004
pdf_level_reaction,10,level_first3bars_touch15_buf5_all,DOWN,3,0.15,0.15,8,37.5,-8.813981250000001,-35.015662500000005,37.5,62.5,0.0,0.0,2,6,50.0,33.33333333333333,0.0032625000000017224,-11.753062500000004
pdf_level_reaction,10,level_first6bars_touch10_buf5_all,DOWN,6,0.15,0.15,8,37.5,-8.813981250000001,-35.015662500000005,37.5,62.5,0.0,0.0,2,6,50.0,33.33333333333333,0.0032625000000017224,-11.753062500000004
pdf_level_reaction,10,level_first6bars_touch15_buf5_all,DOWN,6,0.15,0.15,8,37.5,-8.813981250000001,-35.015662500000005,37.5,62.5,0.0,0.0,2,6,50.0,33.33333333333333,0.0032625000000017224,-11.753062500000004
pdf_level_reaction,10,level_first1bars_touch0_buf10_all,DOWN,1,0.1,0.1,8,25.0,-11.974106250000002,-23.74145,25.0,75.0,0.0,0.0,2,6,0.0,33.33333333333333,-24.2029,-7.897841666666669
pdf_level_reaction,10,level_first1bars_touch0_buf10_all,UP,1,0.1,0.1,8,25.0,-12.07063125,-23.621900000000004,25.0,75.0,0.0,0.0,5,3,20.0,33.33333333333333,-14.609020000000001,-7.839983333333332
pdf_level_reaction,10,level_first1bars_touch5_buf10_all,UP,1,0.1,0.1,8,25.0,-12.07063125,-23.621900000000004,25.0,75.0,0.0,0.0,5,3,20.0,33.33333333333333,-14.609020000000001,-7.839983333333332
pdf_level_reaction,10,level_first1bars_touch0_buf10_all,DOWN,1,0.15,0.15,8,25.0,-17.961159375,-35.612175,25.0,75.0,0.0,0.0,2,6,0.0,33.33333333333333,-36.30435,-11.846762500000002
pdf_level_reaction,15,level_first4bars_touch0_buf5_inst,DOWN,4,0.2,0.2,8,25.0,-20.610900000000093,-46.925200000000004,25.0,62.5,12.5,0.0,5,3,20.0,33.33333333333333,-23.738820000000146,-15.3977
pdf_level_reaction,15,level_first4bars_touch5_buf5_inst,DOWN,4,0.2,0.2,8,25.0,-20.610900000000093,-46.925200000000004,25.0,62.5,12.5,0.0,5,3,20.0,33.33333333333333,-23.738820000000146,-15.3977
pdf_level_reaction,15,level_first4bars_touch10_buf5_inst,DOWN,4,0.2,0.2,8,25.0,-20.610900000000093,-46.925200000000004,25.0,62.5,12.5,0.0,5,3,20.0,33.33333333333333,-23.738820000000146,-15.3977
pdf_level_reaction,15,level_first4bars_touch15_buf5_inst,DOWN,4,0.2,0.2,8,25.0,-20.610900000000093,-46.925200000000004,25.0,62.5,12.5,0.0,5,3,20.0,33.33333333333333,-23.738820000000146,-15.3977
pdf_level_reaction,10,level_first1bars_touch0_buf10_all,UP,1,0.15,0.15,8,12.5,-27.079471875,-35.745599999999996,12.5,87.5,0.0,0.0,5,3,0.0,33.33333333333333,-36.27117,-11.759974999999999
pdf_level_reaction,10,level_first1bars_touch5_buf10_all,UP,1,0.15,0.15,8,12.5,-27.079471875,-35.745599999999996,12.5,87.5,0.0,0.0,5,3,0.0,33.33333333333333,-36.27117,-11.759974999999999
pdf_level_reaction,10,level_first1bars_touch0_buf10_all,UP,1,0.3,0.3,8,25.0,-30.674812499999998,-70.122975,25.0,62.5,12.5,0.0,5,3,20.0,33.33333333333333,-34.967729999999996,-23.519949999999998
pdf_level_reaction,10,level_first1bars_touch5_buf10_all,UP,1,0.3,0.3,8,25.0,-30.674812499999998,-70.122975,25.0,62.5,12.5,0.0,5,3,20.0,33.33333333333333,-34.967729999999996,-23.519949999999998
pdf_level_reaction,10,level_first2bars_touch0_buf0_inst,DOWN,2,0.15,0.15,7,57.14285714285714,5.4782571428571405,35.757374999999996,57.14285714285714,42.857142857142854,0.0,0.0,4,3,75.0,33.33333333333333,18.2482125,-11.548350000000005
pdf_level_reaction,10,level_first3bars_touch0_buf0_inst,DOWN,3,0.15,0.15,7,57.14285714285714,5.4782571428571405,35.757374999999996,57.14285714285714,42.857142857142854,0.0,0.0,4,3,75.0,33.33333333333333,18.2482125,-11.548350000000005
pdf_level_reaction,10,level_first6bars_touch0_buf0_inst,DOWN,6,0.15,0.15,7,57.14285714285714,5.4782571428571405,35.757374999999996,57.14285714285714,42.857142857142854,0.0,0.0,4,3,75.0,33.33333333333333,18.2482125,-11.548350000000005
pdf_level_reaction,10,level_first2bars_touch0_buf0_inst,DOWN,2,0.1,0.1,7,42.857142857142854,-3.3061142857142847,-23.25895,42.857142857142854,57.14285714285714,0.0,0.0,4,3,50.0,33.33333333333333,-0.011524999999999785,-7.698899999999998
pdf_level_reaction,10,level_first3bars_touch0_buf0_inst,DOWN,3,0.1,0.1,7,42.857142857142854,-3.3061142857142847,-23.25895,42.857142857142854,57.14285714285714,0.0,0.0,4,3,50.0,33.33333333333333,-0.011524999999999785,-7.698899999999998
pdf_level_reaction,10,level_first6bars_touch0_buf0_inst,DOWN,6,0.1,0.1,7,42.857142857142854,-3.3061142857142847,-23.25895,42.857142857142854,57.14285714285714,0.0,0.0,4,3,50.0,33.33333333333333,-0.011524999999999785,-7.698899999999998
pdf_level_reaction,15,level_first4bars_touch0_buf10_inst,DOWN,4,0.1,0.1,7,42.857142857142854,-3.3463357142857144,-23.258250000000004,42.857142857142854,57.14285714285714,0.0,0.0,4,3,50.0,33.33333333333333,-0.08194999999999997,-7.69885
pdf_level_reaction,15,level_first4bars_touch5_buf10_inst,DOWN,4,0.1,0.1,7,42.857142857142854,-3.3463357142857144,-23.258250000000004,42.857142857142854,57.14285714285714,0.0,0.0,4,3,50.0,33.33333333333333,-0.08194999999999997,-7.69885
pdf_level_reaction,15,level_first4bars_touch10_buf10_inst,DOWN,4,0.1,0.1,7,42.857142857142854,-3.3463357142857144,-23.258250000000004,42.857142857142854,57.14285714285714,0.0,0.0,4,3,50.0,33.33333333333333,-0.08194999999999997,-7.69885
pdf_level_reaction,15,level_first4bars_touch15_buf10_inst,DOWN,4,0.1,0.1,7,42.857142857142854,-3.3463357142857144,-23.258250000000004,42.857142857142854,57.14285714285714,0.0,0.0,4,3,50.0,33.33333333333333,-0.08194999999999997,-7.69885
pdf_level_reaction,10,level_first2bars_touch5_buf10_inst,DOWN,2,0.3,0.3,7,42.857142857142854,-3.929021428571535,-31.700000000000728,42.857142857142854,42.857142857142854,14.285714285714285,0.0,4,3,50.0,33.33333333333333,10.54228749999982,-23.224100000000007
pdf_level_reaction,10,level_first2bars_touch10_buf10_inst,DOWN,2,0.3,0.3,7,42.857142857142854,-3.929021428571535,-31.700000000000728,42.857142857142854,42.857142857142854,14.285714285714285,0.0,4,3,50.0,33.33333333333333,10.54228749999982,-23.224100000000007
pdf_level_reaction,10,level_first2bars_touch15_buf10_inst,DOWN,2,0.3,0.3,7,42.857142857142854,-3.929021428571535,-31.700000000000728,42.857142857142854,42.857142857142854,14.285714285714285,0.0,4,3,50.0,33.33333333333333,10.54228749999982,-23.224100000000007
pdf_level_reaction,10,level_first3bars_touch5_buf10_inst,DOWN,3,0.3,0.3,7,42.857142857142854,-3.929021428571535,-31.700000000000728,42.857142857142854,42.857142857142854,14.285714285714285,0.0,4,3,50.0,33.33333333333333,10.54228749999982,-23.224100000000007
pdf_level_reaction,10,level_first3bars_touch10_buf10_inst,DOWN,3,0.3,0.3,7,42.857142857142854,-3.929021428571535,-31.700000000000728,42.857142857142854,42.857142857142854,14.285714285714285,0.0,4,3,50.0,33.33333333333333,10.54228749999982,-23.224100000000007
pdf_level_reaction,10,level_first3bars_touch15_buf10_inst,DOWN,3,0.3,0.3,7,42.857142857142854,-3.929021428571535,-31.700000000000728,42.857142857142854,42.857142857142854,14.285714285714285,0.0,4,3,50.0,33.33333333333333,10.54228749999982,-23.224100000000007
pdf_level_reaction,15,level_first1bars_touch0_buf0_inst,DOWN,1,0.15,0.15,7,42.857142857142854,-4.97862857142857,-34.887375,42.857142857142854,57.14285714285714,0.0,0.0,4,3,50.0,33.33333333333333,-0.04931249999999743,-11.551049999999998
pdf_level_reaction,15,level_first1bars_touch5_buf0_inst,DOWN,1,0.15,0.15,7,42.857142857142854,-4.97862857142857,-34.887375,42.857142857142854,57.14285714285714,0.0,0.0,4,3,50.0,33.33333333333333,-0.04931249999999743,-11.551049999999998
pdf_level_reaction,15,level_first1bars_touch10_buf0_inst,DOWN,1,0.15,0.15,7,42.857142857142854,-4.97862857142857,-34.887375,42.857142857142854,57.14285714285714,0.0,0.0,4,3,50.0,33.33333333333333,-0.04931249999999743,-11.551049999999998
pdf_level_reaction,15,level_first1bars_touch15_buf0_inst,DOWN,1,0.15,0.15,7,42.857142857142854,-4.97862857142857,-34.887375,42.857142857142854,57.14285714285714,0.0,0.0,4,3,50.0,33.33333333333333,-0.04931249999999743,-11.551049999999998
pdf_level_reaction,15,level_first2bars_touch0_buf0_inst,DOWN,2,0.15,0.15,7,42.857142857142854,-4.97862857142857,-34.887375,42.857142857142854,57.14285714285714,0.0,0.0,4,3,50.0,33.33333333333333,-0.04931249999999743,-11.551049999999998
pdf_level_reaction,15,level_first2bars_touch5_buf0_inst,DOWN,2,0.15,0.15,7,42.857142857142854,-4.97862857142857,-34.887375,42.857142857142854,57.14285714285714,0.0,0.0,4,3,50.0,33.33333333333333,-0.04931249999999743,-11.551049999999998
pdf_level_reaction,15,level_first2bars_touch10_buf0_inst,DOWN,2,0.15,0.15,7,42.857142857142854,-4.97862857142857,-34.887375,42.857142857142854,57.14285714285714,0.0,0.0,4,3,50.0,33.33333333333333,-0.04931249999999743,-11.551049999999998
pdf_level_reaction,15,level_first2bars_touch15_buf0_inst,DOWN,2,0.15,0.15,7,42.857142857142854,-4.97862857142857,-34.887375,42.857142857142854,57.14285714285714,0.0,0.0,4,3,50.0,33.33333333333333,-0.04931249999999743,-11.551049999999998
pdf_level_reaction,15,level_first4bars_touch0_buf0_inst,DOWN,4,0.15,0.15,7,42.857142857142854,-4.97862857142857,-34.887375,42.857142857142854,57.14285714285714,0.0,0.0,4,3,50.0,33.33333333333333,-0.04931249999999743,-11.551049999999998
pdf_level_reaction,15,level_first4bars_touch5_buf0_inst,DOWN,4,0.15,0.15,7,42.857142857142854,-4.97862857142857,-34.887375,42.857142857142854,57.14285714285714,0.0,0.0,4,3,50.0,33.33333333333333,-0.04931249999999743,-11.551049999999998
pdf_level_reaction,15,level_first4bars_touch10_buf0_inst,DOWN,4,0.15,0.15,7,42.857142857142854,-4.97862857142857,-34.887375,42.857142857142854,57.14285714285714,0.0,0.0,4,3,50.0,33.33333333333333,-0.04931249999999743,-11.551049999999998
pdf_level_reaction,15,level_first4bars_touch15_buf0_inst,DOWN,4,0.15,0.15,7,42.857142857142854,-4.97862857142857,-34.887375,42.857142857142854,57.14285714285714,0.0,0.0,4,3,50.0,33.33333333333333,-0.04931249999999743,-11.551049999999998
pdf_level_reaction,15,level_first4bars_touch0_buf10_inst,DOWN,4,0.15,0.15,7,42.857142857142854,-5.0195035714285705,-34.887375,42.857142857142854,57.14285714285714,0.0,0.0,4,3,50.0,33.33333333333333,-0.12292499999999862,-11.548274999999999
pdf_level_reaction,15,level_first4bars_touch5_buf10_inst,DOWN,4,0.15,0.15,7,42.857142857142854,-5.0195035714285705,-34.887375,42.857142857142854,57.14285714285714,0.0,0.0,4,3,50.0,33.33333333333333,-0.12292499999999862,-11.548274999999999
pdf_level_reaction,15,level_first4bars_touch10_buf10_inst,DOWN,4,0.15,0.15,7,42.857142857142854,-5.0195035714285705,-34.887375,42.857142857142854,57.14285714285714,0.0,0.0,4,3,50.0,33.33333333333333,-0.12292499999999862,-11.548274999999999
pdf_level_reaction,15,level_first4bars_touch15_buf10_inst,DOWN,4,0.15,0.15,7,42.857142857142854,-5.0195035714285705,-34.887375,42.857142857142854,57.14285714285714,0.0,0.0,4,3,50.0,33.33333333333333,-0.12292499999999862,-11.548274999999999
pdf_level_reaction,15,level_first1bars_touch0_buf0_inst,DOWN,1,0.1,0.1,7,28.57142857142857,-10.276557142857143,-23.6725,28.57142857142857,71.42857142857143,0.0,0.0,4,3,25.0,33.33333333333333,-12.208450000000001,-7.7007
pdf_level_reaction,15,level_first1bars_touch5_buf0_inst,DOWN,1,0.1,0.1,7,28.57142857142857,-10.276557142857143,-23.6725,28.57142857142857,71.42857142857143,0.0,0.0,4,3,25.0,33.33333333333333,-12.208450000000001,-7.7007
pdf_level_reaction,15,level_first1bars_touch10_buf0_inst,DOWN,1,0.1,0.1,7,28.57142857142857,-10.276557142857143,-23.6725,28.57142857142857,71.42857142857143,0.0,0.0,4,3,25.0,33.33333333333333,-12.208450000000001,-7.7007
pdf_level_reaction,15,level_first1bars_touch15_buf0_inst,DOWN,1,0.1,0.1,7,28.57142857142857,-10.276557142857143,-23.6725,28.57142857142857,71.42857142857143,0.0,0.0,4,3,25.0,33.33333333333333,-12.208450000000001,-7.7007
pdf_level_reaction,15,level_first2bars_touch0_buf0_inst,DOWN,2,0.1,0.1,7,28.57142857142857,-10.276557142857143,-23.6725,28.57142857142857,71.42857142857143,0.0,0.0,4,3,25.0,33.33333333333333,-12.208450000000001,-7.7007
pdf_level_reaction,15,level_first2bars_touch5_buf0_inst,DOWN,2,0.1,0.1,7,28.57142857142857,-10.276557142857143,-23.6725,28.57142857142857,71.42857142857143,0.0,0.0,4,3,25.0,33.33333333333333,-12.208450000000001,-7.7007
pdf_level_reaction,15,level_first2bars_touch10_buf0_inst,DOWN,2,0.1,0.1,7,28.57142857142857,-10.276557142857143,-23.6725,28.57142857142857,71.42857142857143,0.0,0.0,4,3,25.0,33.33333333333333,-12.208450000000001,-7.7007
pdf_level_reaction,15,level_first2bars_touch15_buf0_inst,DOWN,2,0.1,0.1,7,28.57142857142857,-10.276557142857143,-23.6725,28.57142857142857,71.42857142857143,0.0,0.0,4,3,25.0,33.33333333333333,-12.208450000000001,-7.7007
pdf_level_reaction,15,level_first4bars_touch0_buf0_inst,DOWN,4,0.1,0.1,7,28.57142857142857,-10.276557142857143,-23.6725,28.57142857142857,71.42857142857143,0.0,0.0,4,3,25.0,33.33333333333333,-12.208450000000001,-7.7007
pdf_level_reaction,15,level_first4bars_touch5_buf0_inst,DOWN,4,0.1,0.1,7,28.57142857142857,-10.276557142857143,-23.6725,28.57142857142857,71.42857142857143,0.0,0.0,4,3,25.0,33.33333333333333,-12.208450000000001,-7.7007
pdf_level_reaction,15,level_first4bars_touch10_buf0_inst,DOWN,4,0.1,0.1,7,28.57142857142857,-10.276557142857143,-23.6725,28.57142857142857,71.42857142857143,0.0,0.0,4,3,25.0,33.33333333333333,-12.208450000000001,-7.7007
pdf_level_reaction,15,level_first4bars_touch15_buf0_inst,DOWN,4,0.1,0.1,7,28.57142857142857,-10.276557142857143,-23.6725,28.57142857142857,71.42857142857143,0.0,0.0,4,3,25.0,33.33333333333333,-12.208450000000001,-7.7007
pdf_level_reaction,10,level_first2bars_touch5_buf10_inst,DOWN,2,0.15,0.15,7,28.57142857142857,-15.429139285714289,-35.7051,28.57142857142857,71.42857142857143,0.0,0.0,4,3,25.0,33.33333333333333,-18.291956250000002,-11.612050000000004
pdf_level_reaction,10,level_first2bars_touch10_buf10_inst,DOWN,2,0.15,0.15,7,28.57142857142857,-15.429139285714289,-35.7051,28.57142857142857,71.42857142857143,0.0,0.0,4,3,25.0,33.33333333333333,-18.291956250000002,-11.612050000000004
pdf_level_reaction,10,level_first2bars_touch15_buf10_inst,DOWN,2,0.15,0.15,7,28.57142857142857,-15.429139285714289,-35.7051,28.57142857142857,71.42857142857143,0.0,0.0,4,3,25.0,33.33333333333333,-18.291956250000002,-11.612050000000004
pdf_level_reaction,10,level_first3bars_touch5_buf10_inst,DOWN,3,0.15,0.15,7,28.57142857142857,-15.429139285714289,-35.7051,28.57142857142857,71.42857142857143,0.0,0.0,4,3,25.0,33.33333333333333,-18.291956250000002,-11.612050000000004
pdf_level_reaction,10,level_first3bars_touch10_buf10_inst,DOWN,3,0.15,0.15,7,28.57142857142857,-15.429139285714289,-35.7051,28.57142857142857,71.42857142857143,0.0,0.0,4,3,25.0,33.33333333333333,-18.291956250000002,-11.612050000000004
pdf_level_reaction,10,level_first3bars_touch15_buf10_inst,DOWN,3,0.15,0.15,7,28.57142857142857,-15.429139285714289,-35.7051,28.57142857142857,71.42857142857143,0.0,0.0,4,3,25.0,33.33333333333333,-18.291956250000002,-11.612050000000004
pdf_level_reaction,10,level_first2bars_touch5_buf10_inst,DOWN,2,0.1,0.1,7,14.285714285714285,-17.24170714285714,-24.2203,14.285714285714285,85.71428571428571,0.0,0.0,4,3,0.0,33.33333333333333,-24.3669625,-7.741366666666665
pdf_level_reaction,10,level_first2bars_touch10_buf10_inst,DOWN,2,0.1,0.1,7,14.285714285714285,-17.24170714285714,-24.2203,14.285714285714285,85.71428571428571,0.0,0.0,4,3,0.0,33.33333333333333,-24.3669625,-7.741366666666665
pdf_level_reaction,10,level_first2bars_touch15_buf10_inst,DOWN,2,0.1,0.1,7,14.285714285714285,-17.24170714285714,-24.2203,14.285714285714285,85.71428571428571,0.0,0.0,4,3,0.0,33.33333333333333,-24.3669625,-7.741366666666665
pdf_level_reaction,10,level_first3bars_touch5_buf10_inst,DOWN,3,0.1,0.1,7,14.285714285714285,-17.24170714285714,-24.2203,14.285714285714285,85.71428571428571,0.0,0.0,4,3,0.0,33.33333333333333,-24.3669625,-7.741366666666665
pdf_level_reaction,10,level_first3bars_touch10_buf10_inst,DOWN,3,0.1,0.1,7,14.285714285714285,-17.24170714285714,-24.2203,14.285714285714285,85.71428571428571,0.0,0.0,4,3,0.0,33.33333333333333,-24.3669625,-7.741366666666665
pdf_level_reaction,10,level_first3bars_touch15_buf10_inst,DOWN,3,0.1,0.1,7,14.285714285714285,-17.24170714285714,-24.2203,14.285714285714285,85.71428571428571,0.0,0.0,4,3,0.0,33.33333333333333,-24.3669625,-7.741366666666665
pdf_level_reaction,10,level_first2bars_touch5_buf10_inst,DOWN,2,0.2,0.2,7,28.57142857142857,-18.180671428571532,-46.5179,28.57142857142857,57.14285714285714,14.285714285714285,0.0,4,3,25.0,33.33333333333333,-20.204125000000182,-15.48273333333333
pdf_level_reaction,10,level_first2bars_touch10_buf10_inst,DOWN,2,0.2,0.2,7,28.57142857142857,-18.180671428571532,-46.5179,28.57142857142857,57.14285714285714,14.285714285714285,0.0,4,3,25.0,33.33333333333333,-20.204125000000182,-15.48273333333333
pdf_level_reaction,10,level_first2bars_touch15_buf10_inst,DOWN,2,0.2,0.2,7,28.57142857142857,-18.180671428571532,-46.5179,28.57142857142857,57.14285714285714,14.285714285714285,0.0,4,3,25.0,33.33333333333333,-20.204125000000182,-15.48273333333333
pdf_level_reaction,10,level_first3bars_touch5_buf10_inst,DOWN,3,0.2,0.2,7,28.57142857142857,-18.180671428571532,-46.5179,28.57142857142857,57.14285714285714,14.285714285714285,0.0,4,3,25.0,33.33333333333333,-20.204125000000182,-15.48273333333333
pdf_level_reaction,10,level_first3bars_touch10_buf10_inst,DOWN,3,0.2,0.2,7,28.57142857142857,-18.180671428571532,-46.5179,28.57142857142857,57.14285714285714,14.285714285714285,0.0,4,3,25.0,33.33333333333333,-20.204125000000182,-15.48273333333333
pdf_level_reaction,10,level_first3bars_touch15_buf10_inst,DOWN,3,0.2,0.2,7,28.57142857142857,-18.180671428571532,-46.5179,28.57142857142857,57.14285714285714,14.285714285714285,0.0,4,3,25.0,33.33333333333333,-20.204125000000182,-15.48273333333333
pdf_level_reaction,15,level_first4bars_touch0_buf10_inst,DOWN,4,0.2,0.2,7,14.285714285714285,-30.51278571428582,-47.3339,14.285714285714285,71.42857142857143,14.285714285714285,0.0,4,3,0.0,33.33333333333333,-41.849100000000185,-15.3977
pdf_level_reaction,15,level_first4bars_touch5_buf10_inst,DOWN,4,0.2,0.2,7,14.285714285714285,-30.51278571428582,-47.3339,14.285714285714285,71.42857142857143,14.285714285714285,0.0,4,3,0.0,33.33333333333333,-41.849100000000185,-15.3977
pdf_level_reaction,15,level_first4bars_touch10_buf10_inst,DOWN,4,0.2,0.2,7,14.285714285714285,-30.51278571428582,-47.3339,14.285714285714285,71.42857142857143,14.285714285714285,0.0,4,3,0.0,33.33333333333333,-41.849100000000185,-15.3977
pdf_level_reaction,15,level_first4bars_touch15_buf10_inst,DOWN,4,0.2,0.2,7,14.285714285714285,-30.51278571428582,-47.3339,14.285714285714285,71.42857142857143,14.285714285714285,0.0,4,3,0.0,33.33333333333333,-41.849100000000185,-15.3977
pdf_level_reaction,10,level_first2bars_touch0_buf10_inst,DOWN,2,0.3,0.3,6,50.0,7.572266666666543,19.907374999999632,50.0,33.33333333333333,16.666666666666664,0.0,3,3,66.66666666666666,33.33333333333333,38.368633333333094,-23.224100000000007
pdf_level_reaction,10,level_first3bars_touch0_buf10_inst,DOWN,3,0.3,0.3,6,50.0,7.572266666666543,19.907374999999632,50.0,33.33333333333333,16.666666666666664,0.0,3,3,66.66666666666666,33.33333333333333,38.368633333333094,-23.224100000000007
pdf_level_reaction,10,level_first6bars_touch5_buf5_inst,DOWN,6,0.15,0.15,6,33.33333333333333,-11.817075,-35.1889875,33.33333333333333,66.66666666666666,0.0,0.0,3,3,33.33333333333333,33.33333333333333,-12.093949999999998,-11.540200000000004
pdf_level_reaction,10,level_first6bars_touch10_buf5_inst,DOWN,6,0.15,0.15,6,33.33333333333333,-11.817075,-35.1889875,33.33333333333333,66.66666666666666,0.0,0.0,3,3,33.33333333333333,33.33333333333333,-12.093949999999998,-11.540200000000004
pdf_level_reaction,10,level_first6bars_touch15_buf5_inst,DOWN,6,0.15,0.15,6,33.33333333333333,-11.817075,-35.1889875,33.33333333333333,66.66666666666666,0.0,0.0,3,3,33.33333333333333,33.33333333333333,-12.093949999999998,-11.540200000000004
pdf_level_reaction,10,level_first6bars_touch0_buf5_inst,DOWN,6,0.15,0.15,6,33.33333333333333,-11.826762500000001,-35.1889875,33.33333333333333,66.66666666666666,0.0,0.0,3,3,33.33333333333333,33.33333333333333,-12.113324999999998,-11.540200000000004
pdf_level_reaction,10,level_first2bars_touch0_buf10_inst,DOWN,2,0.15,0.15,6,33.33333333333333,-11.922600000000003,-35.2967625,33.33333333333333,66.66666666666666,0.0,0.0,3,3,33.33333333333333,33.33333333333333,-12.23315,-11.612050000000004
pdf_level_reaction,10,level_first3bars_touch0_buf10_inst,DOWN,3,0.15,0.15,6,33.33333333333333,-11.922600000000003,-35.2967625,33.33333333333333,66.66666666666666,0.0,0.0,3,3,33.33333333333333,33.33333333333333,-12.23315,-11.612050000000004
pdf_level_reaction,10,level_first6bars_touch5_buf5_inst,DOWN,6,0.2,0.2,6,33.33333333333333,-12.96600000000012,-39.10895000000036,33.33333333333333,50.0,16.666666666666664,0.0,3,3,33.33333333333333,33.33333333333333,-10.545066666666907,-15.386933333333332
pdf_level_reaction,10,level_first6bars_touch10_buf5_inst,DOWN,6,0.2,0.2,6,33.33333333333333,-12.96600000000012,-39.10895000000036,33.33333333333333,50.0,16.666666666666664,0.0,3,3,33.33333333333333,33.33333333333333,-10.545066666666907,-15.386933333333332
pdf_level_reaction,10,level_first6bars_touch15_buf5_inst,DOWN,6,0.2,0.2,6,33.33333333333333,-12.96600000000012,-39.10895000000036,33.33333333333333,50.0,16.666666666666664,0.0,3,3,33.33333333333333,33.33333333333333,-10.545066666666907,-15.386933333333332
pdf_level_reaction,10,level_first6bars_touch0_buf5_inst,DOWN,6,0.2,0.2,6,33.33333333333333,-12.978916666666786,-39.10895000000036,33.33333333333333,50.0,16.666666666666664,0.0,3,3,33.33333333333333,33.33333333333333,-10.570900000000242,-15.386933333333332
pdf_level_reaction,10,level_first2bars_touch0_buf10_inst,DOWN,2,0.2,0.2,6,33.33333333333333,-13.106700000000123,-39.10895000000036,33.33333333333333,50.0,16.666666666666664,0.0,3,3,33.33333333333333,33.33333333333333,-10.730666666666911,-15.48273333333333
pdf_level_reaction,10,level_first3bars_touch0_buf10_inst,DOWN,3,0.2,0.2,6,33.33333333333333,-13.106700000000123,-39.10895000000036,33.33333333333333,50.0,16.666666666666664,0.0,3,3,33.33333333333333,33.33333333333333,-10.730666666666911,-15.48273333333333
pdf_level_reaction,10,level_first6bars_touch5_buf5_inst,DOWN,6,0.1,0.1,6,16.666666666666664,-15.992933333333333,-23.94,16.666666666666664,83.33333333333334,0.0,0.0,3,3,0.0,33.33333333333333,-24.2924,-7.693466666666666
pdf_level_reaction,10,level_first6bars_touch10_buf5_inst,DOWN,6,0.1,0.1,6,16.666666666666664,-15.992933333333333,-23.94,16.666666666666664,83.33333333333334,0.0,0.0,3,3,0.0,33.33333333333333,-24.2924,-7.693466666666666
pdf_level_reaction,10,level_first6bars_touch15_buf5_inst,DOWN,6,0.1,0.1,6,16.666666666666664,-15.992933333333333,-23.94,16.666666666666664,83.33333333333334,0.0,0.0,3,3,0.0,33.33333333333333,-24.2924,-7.693466666666666
pdf_level_reaction,10,level_first6bars_touch0_buf5_inst,DOWN,6,0.1,0.1,6,16.666666666666664,-15.999391666666668,-23.94,16.666666666666664,83.33333333333334,0.0,0.0,3,3,0.0,33.33333333333333,-24.30531666666667,-7.693466666666666
pdf_level_reaction,10,level_first2bars_touch0_buf10_inst,DOWN,2,0.1,0.1,6,16.666666666666664,-16.063283333333334,-24.011850000000003,16.666666666666664,83.33333333333334,0.0,0.0,3,3,0.0,33.33333333333333,-24.3852,-7.741366666666665
pdf_level_reaction,10,level_first3bars_touch0_buf10_inst,DOWN,3,0.1,0.1,6,16.666666666666664,-16.063283333333334,-24.011850000000003,16.666666666666664,83.33333333333334,0.0,0.0,3,3,0.0,33.33333333333333,-24.3852,-7.741366666666665
pdf_level_reaction,10,level_first1bars_touch0_buf10_inst,DOWN,1,0.1,0.1,4,25.0,-11.8611,-23.531174999999998,25.0,75.0,0.0,0.0,1,3,0.0,33.33333333333333,-24.2203,-7.741366666666665
pdf_level_reaction,10,level_first1bars_touch5_buf10_inst,DOWN,1,0.1,0.1,4,25.0,-11.8611,-23.531174999999998,25.0,75.0,0.0,0.0,1,3,0.0,33.33333333333333,-24.2203,-7.741366666666665
pdf_level_reaction,10,level_first1bars_touch10_buf10_inst,DOWN,1,0.1,0.1,4,25.0,-11.8611,-23.531174999999998,25.0,75.0,0.0,0.0,1,3,0.0,33.33333333333333,-24.2203,-7.741366666666665
pdf_level_reaction,10,level_first1bars_touch15_buf10_inst,DOWN,1,0.1,0.1,4,25.0,-11.8611,-23.531174999999998,25.0,75.0,0.0,0.0,1,3,0.0,33.33333333333333,-24.2203,-7.741366666666665
pdf_level_reaction,10,level_first1bars_touch0_buf10_inst,DOWN,1,0.15,0.15,4,25.0,-17.791650000000004,-35.2967625,25.0,75.0,0.0,0.0,1,3,0.0,33.33333333333333,-36.33045,-11.612050000000004
pdf_level_reaction,10,level_first1bars_touch5_buf10_inst,DOWN,1,0.15,0.15,4,25.0,-17.791650000000004,-35.2967625,25.0,75.0,0.0,0.0,1,3,0.0,33.33333333333333,-36.33045,-11.612050000000004
pdf_level_reaction,10,level_first1bars_touch10_buf10_inst,DOWN,1,0.15,0.15,4,25.0,-17.791650000000004,-35.2967625,25.0,75.0,0.0,0.0,1,3,0.0,33.33333333333333,-36.33045,-11.612050000000004
pdf_level_reaction,10,level_first1bars_touch15_buf10_inst,DOWN,1,0.15,0.15,4,25.0,-17.791650000000004,-35.2967625,25.0,75.0,0.0,0.0,1,3,0.0,33.33333333333333,-36.33045,-11.612050000000004
pdf_level_reaction,10,level_first1bars_touch0_buf10_inst,DOWN,1,0.2,0.2,4,25.0,-19.53705000000018,-39.10895000000036,25.0,50.0,25.0,0.0,1,3,0.0,33.33333333333333,-31.700000000000728,-15.48273333333333
pdf_level_reaction,10,level_first1bars_touch5_buf10_inst,DOWN,1,0.2,0.2,4,25.0,-19.53705000000018,-39.10895000000036,25.0,50.0,25.0,0.0,1,3,0.0,33.33333333333333,-31.700000000000728,-15.48273333333333
pdf_level_reaction,10,level_first1bars_touch10_buf10_inst,DOWN,1,0.2,0.2,4,25.0,-19.53705000000018,-39.10895000000036,25.0,50.0,25.0,0.0,1,3,0.0,33.33333333333333,-31.700000000000728,-15.48273333333333
pdf_level_reaction,10,level_first1bars_touch15_buf10_inst,DOWN,1,0.2,0.2,4,25.0,-19.53705000000018,-39.10895000000036,25.0,50.0,25.0,0.0,1,3,0.0,33.33333333333333,-31.700000000000728,-15.48273333333333
pdf_level_reaction,10,level_first1bars_touch0_buf10_inst,DOWN,1,0.3,0.3,4,25.0,-25.343075000000187,-50.73842500000037,25.0,50.0,25.0,0.0,1,3,0.0,33.33333333333333,-31.700000000000728,-23.224100000000007
pdf_level_reaction,10,level_first1bars_touch5_buf10_inst,DOWN,1,0.3,0.3,4,25.0,-25.343075000000187,-50.73842500000037,25.0,50.0,25.0,0.0,1,3,0.0,33.33333333333333,-31.700000000000728,-23.224100000000007
pdf_level_reaction,10,level_first1bars_touch10_buf10_inst,DOWN,1,0.3,0.3,4,25.0,-25.343075000000187,-50.73842500000037,25.0,50.0,25.0,0.0,1,3,0.0,33.33333333333333,-31.700000000000728,-23.224100000000007
pdf_level_reaction,10,level_first1bars_touch15_buf10_inst,DOWN,1,0.3,0.3,4,25.0,-25.343075000000187,-50.73842500000037,25.0,50.0,25.0,0.0,1,3,0.0,33.33333333333333,-31.700000000000728,-23.224100000000007
pdf_level_reaction,15,level_first2bars_touch10_buf5_all,DOWN,2,0.15,0.15,14,42.857142857142854,-4.9441124999999975,-34.7844,42.857142857142854,57.14285714285714,0.0,0.0,7,7,57.14285714285714,28.57142857142857,5.150067857142857,-15.038292857142851
pdf_level_reaction,15,level_first2bars_touch15_buf5_all,DOWN,2,0.15,0.15,14,42.857142857142854,-4.9441124999999975,-34.7844,42.857142857142854,57.14285714285714,0.0,0.0,7,7,57.14285714285714,28.57142857142857,5.150067857142857,-15.038292857142851
pdf_level_reaction,15,level_first4bars_touch10_buf5_all,DOWN,4,0.15,0.15,14,42.857142857142854,-4.9441124999999975,-34.7844,42.857142857142854,57.14285714285714,0.0,0.0,7,7,57.14285714285714,28.57142857142857,5.150067857142857,-15.038292857142851
pdf_level_reaction,15,level_first4bars_touch15_buf5_all,DOWN,4,0.15,0.15,14,42.857142857142854,-4.9441124999999975,-34.7844,42.857142857142854,57.14285714285714,0.0,0.0,7,7,57.14285714285714,28.57142857142857,5.150067857142857,-15.038292857142851
pdf_level_reaction,15,level_first2bars_touch10_buf10_all,DOWN,2,0.15,0.15,12,41.66666666666667,-5.788174999999999,-34.7844,41.66666666666667,58.333333333333336,0.0,0.0,5,7,60.0,28.57142857142857,7.16199,-15.038292857142851
pdf_level_reaction,15,level_first2bars_touch15_buf10_all,DOWN,2,0.15,0.15,12,41.66666666666667,-5.788174999999999,-34.7844,41.66666666666667,58.333333333333336,0.0,0.0,5,7,60.0,28.57142857142857,7.16199,-15.038292857142851
pdf_level_reaction,15,level_first4bars_touch10_buf10_all,DOWN,4,0.15,0.15,12,41.66666666666667,-5.788174999999999,-34.7844,41.66666666666667,58.333333333333336,0.0,0.0,5,7,60.0,28.57142857142857,7.16199,-15.038292857142851
pdf_level_reaction,15,level_first4bars_touch15_buf10_all,DOWN,4,0.15,0.15,12,41.66666666666667,-5.788174999999999,-34.7844,41.66666666666667,58.333333333333336,0.0,0.0,5,7,60.0,28.57142857142857,7.16199,-15.038292857142851
pdf_level_reaction,15,level_first4bars_touch5_buf10_all,DOWN,4,0.15,0.15,12,41.66666666666667,-5.7946124999999995,-34.7844,41.66666666666667,58.333333333333336,0.0,0.0,5,7,60.0,28.57142857142857,7.16199,-15.04932857142857
pdf_level_reaction,15,level_first4bars_touch5_buf10_all,DOWN,4,0.1,0.1,12,33.33333333333333,-7.896591666666667,-23.37355,33.33333333333333,66.66666666666666,0.0,0.0,5,7,40.0,28.57142857142857,-4.90578,-10.032885714285714
pdf_level_reaction,15,level_first4bars_touch0_buf10_all,DOWN,4,0.1,0.1,11,36.36363636363637,-6.414363636363635,-23.258250000000004,36.36363636363637,63.63636363636363,0.0,0.0,4,7,50.0,28.57142857142857,-0.08194999999999997,-10.032885714285714
pdf_level_reaction,15,level_first4bars_touch0_buf10_all,DOWN,4,0.15,0.15,11,36.36363636363637,-9.621545454545453,-34.887375,36.36363636363637,63.63636363636363,0.0,0.0,4,7,50.0,28.57142857142857,-0.12292499999999862,-15.04932857142857
pdf_level_reaction,10,level_first1bars_touch10_buf10_all,DOWN,1,0.15,0.15,10,30.0,-14.24952,-35.331075,30.0,70.0,0.0,0.0,3,7,33.33333333333333,28.57142857142857,-12.090575,-15.174782142857143
pdf_level_reaction,10,level_first1bars_touch15_buf10_all,DOWN,1,0.15,0.15,10,30.0,-14.24952,-35.331075,30.0,70.0,0.0,0.0,3,7,33.33333333333333,28.57142857142857,-12.090575,-15.174782142857143
pdf_level_reaction,10,level_first2bars_touch10_buf10_all,DOWN,2,0.15,0.15,10,30.0,-14.24952,-35.331075,30.0,70.0,0.0,0.0,3,7,33.33333333333333,28.57142857142857,-12.090575,-15.174782142857143
pdf_level_reaction,10,level_first2bars_touch15_buf10_all,DOWN,2,0.15,0.15,10,30.0,-14.24952,-35.331075,30.0,70.0,0.0,0.0,3,7,33.33333333333333,28.57142857142857,-12.090575,-15.174782142857143
pdf_level_reaction,10,level_first3bars_touch10_buf10_all,DOWN,3,0.15,0.15,10,30.0,-14.24952,-35.331075,30.0,70.0,0.0,0.0,3,7,33.33333333333333,28.57142857142857,-12.090575,-15.174782142857143
pdf_level_reaction,10,level_first3bars_touch15_buf10_all,DOWN,3,0.15,0.15,10,30.0,-14.24952,-35.331075,30.0,70.0,0.0,0.0,3,7,33.33333333333333,28.57142857142857,-12.090575,-15.174782142857143
pdf_level_reaction,10,level_first6bars_touch10_buf10_all,DOWN,6,0.15,0.15,10,30.0,-14.24952,-35.331075,30.0,70.0,0.0,0.0,3,7,33.33333333333333,28.57142857142857,-12.090575,-15.174782142857143
pdf_level_reaction,10,level_first6bars_touch15_buf10_all,DOWN,6,0.15,0.15,10,30.0,-14.24952,-35.331075,30.0,70.0,0.0,0.0,3,7,33.33333333333333,28.57142857142857,-12.090575,-15.174782142857143
pdf_level_reaction,10,level_first6bars_touch5_buf10_inst,DOWN,6,0.15,0.15,8,25.0,-17.936690625000004,-35.597325,25.0,75.0,0.0,0.0,4,4,25.0,25.0,-18.291956250000002,-17.581425000000003
pdf_level_reaction,10,level_first6bars_touch10_buf10_inst,DOWN,6,0.15,0.15,8,25.0,-17.936690625000004,-35.597325,25.0,75.0,0.0,0.0,4,4,25.0,25.0,-18.291956250000002,-17.581425000000003
pdf_level_reaction,10,level_first6bars_touch15_buf10_inst,DOWN,6,0.15,0.15,8,25.0,-17.936690625000004,-35.597325,25.0,75.0,0.0,0.0,4,4,25.0,25.0,-18.291956250000002,-17.581425000000003
pdf_level_reaction,10,level_first6bars_touch5_buf10_inst,DOWN,6,0.1,0.1,8,12.5,-18.04395625,-24.011850000000003,12.5,87.5,0.0,0.0,4,4,0.0,25.0,-24.3669625,-11.720949999999998
pdf_level_reaction,10,level_first6bars_touch10_buf10_inst,DOWN,6,0.1,0.1,8,12.5,-18.04395625,-24.011850000000003,12.5,87.5,0.0,0.0,4,4,0.0,25.0,-24.3669625,-11.720949999999998
pdf_level_reaction,10,level_first6bars_touch15_buf10_inst,DOWN,6,0.1,0.1,8,12.5,-18.04395625,-24.011850000000003,12.5,87.5,0.0,0.0,4,4,0.0,25.0,-24.3669625,-11.720949999999998
pdf_level_reaction,10,level_first6bars_touch5_buf10_inst,DOWN,6,0.2,0.2,8,25.0,-21.82301250000009,-46.91865,25.0,62.5,12.5,0.0,4,4,25.0,25.0,-20.204125000000182,-23.441899999999997
pdf_level_reaction,10,level_first6bars_touch10_buf10_inst,DOWN,6,0.2,0.2,8,25.0,-21.82301250000009,-46.91865,25.0,62.5,12.5,0.0,4,4,25.0,25.0,-20.204125000000182,-23.441899999999997
pdf_level_reaction,10,level_first6bars_touch15_buf10_inst,DOWN,6,0.2,0.2,8,25.0,-21.82301250000009,-46.91865,25.0,62.5,12.5,0.0,4,4,25.0,25.0,-20.204125000000182,-23.441899999999997
pdf_level_reaction,10,level_first6bars_touch0_buf10_inst,DOWN,6,0.15,0.15,7,28.57142857142857,-15.289307142857146,-35.48955,28.57142857142857,71.42857142857143,0.0,0.0,3,4,33.33333333333333,25.0,-12.23315,-17.581425000000003
pdf_level_reaction,10,level_first6bars_touch0_buf10_inst,DOWN,6,0.1,0.1,7,14.285714285714285,-17.148485714285716,-23.8034,14.285714285714285,85.71428571428571,0.0,0.0,3,4,0.0,25.0,-24.3852,-11.720949999999998
pdf_level_reaction,10,level_first6bars_touch0_buf10_inst,DOWN,6,0.2,0.2,7,28.57142857142857,-17.994228571428675,-46.5179,28.57142857142857,57.14285714285714,14.285714285714285,0.0,3,4,33.33333333333333,25.0,-10.730666666666911,-23.441899999999997
pdf_level_reaction,10,level_first6bars_touch15_buf10_inst,UP,6,0.08,0.08,5,20.0,-11.55276,-19.35272,20.0,80.0,0.0,0.0,5,0,20.0,,-11.55276,
pdf_level_reaction,10,level_first6bars_touch15_buf10_inst,UP,6,0.1,0.1,5,20.0,-14.440950000000004,-24.190900000000003,20.0,80.0,0.0,0.0,5,0,20.0,,-14.440950000000004,
pdf_level_reaction,10,level_first6bars_touch15_buf10_inst,UP,6,0.15,0.15,5,20.0,-21.661424999999998,-36.28635,20.0,80.0,0.0,0.0,5,0,20.0,,-21.661424999999998,
pdf_level_reaction,10,level_first6bars_touch15_buf10_inst,UP,6,0.2,0.2,5,20.0,-28.88190000000001,-48.381800000000005,20.0,80.0,0.0,0.0,5,0,20.0,,-28.88190000000001,
pdf_level_reaction,10,level_first6bars_touch15_buf10_inst,UP,6,0.3,0.3,5,20.0,-51.05159000000058,-72.5727,0.0,80.0,20.0,0.0,5,0,20.0,,-51.05159000000058,
pdf_level_reaction,10,level_first2bars_touch10_buf10_inst,UP,2,0.08,0.08,4,25.0,-9.58705,-19.16892,25.0,75.0,0.0,0.0,4,0,25.0,,-9.58705,
pdf_level_reaction,10,level_first2bars_touch15_buf10_inst,UP,2,0.08,0.08,4,25.0,-9.58705,-19.16892,25.0,75.0,0.0,0.0,4,0,25.0,,-9.58705,
pdf_level_reaction,10,level_first3bars_touch10_buf10_inst,UP,3,0.08,0.08,4,25.0,-9.58705,-19.16892,25.0,75.0,0.0,0.0,4,0,25.0,,-9.58705,
pdf_level_reaction,10,level_first3bars_touch15_buf10_inst,UP,3,0.08,0.08,4,25.0,-9.58705,-19.16892,25.0,75.0,0.0,0.0,4,0,25.0,,-9.58705,
pdf_level_reaction,10,level_first6bars_touch10_buf10_inst,UP,6,0.08,0.08,4,25.0,-9.58705,-19.16892,25.0,75.0,0.0,0.0,4,0,25.0,,-9.58705,
pdf_level_reaction,10,level_first2bars_touch10_buf10_inst,UP,2,0.1,0.1,4,25.0,-11.9838125,-23.961150000000004,25.0,75.0,0.0,0.0,4,0,25.0,,-11.9838125,
pdf_level_reaction,10,level_first2bars_touch15_buf10_inst,UP,2,0.1,0.1,4,25.0,-11.9838125,-23.961150000000004,25.0,75.0,0.0,0.0,4,0,25.0,,-11.9838125,
pdf_level_reaction,10,level_first3bars_touch10_buf10_inst,UP,3,0.1,0.1,4,25.0,-11.9838125,-23.961150000000004,25.0,75.0,0.0,0.0,4,0,25.0,,-11.9838125,
pdf_level_reaction,10,level_first3bars_touch15_buf10_inst,UP,3,0.1,0.1,4,25.0,-11.9838125,-23.961150000000004,25.0,75.0,0.0,0.0,4,0,25.0,,-11.9838125,
pdf_level_reaction,10,level_first6bars_touch10_buf10_inst,UP,6,0.1,0.1,4,25.0,-11.9838125,-23.961150000000004,25.0,75.0,0.0,0.0,4,0,25.0,,-11.9838125,
pdf_level_reaction,10,level_first2bars_touch10_buf10_inst,UP,2,0.15,0.15,4,25.0,-17.97571875,-35.941725,25.0,75.0,0.0,0.0,4,0,25.0,,-17.97571875,
pdf_level_reaction,10,level_first2bars_touch15_buf10_inst,UP,2,0.15,0.15,4,25.0,-17.97571875,-35.941725,25.0,75.0,0.0,0.0,4,0,25.0,,-17.97571875,
pdf_level_reaction,10,level_first3bars_touch10_buf10_inst,UP,3,0.15,0.15,4,25.0,-17.97571875,-35.941725,25.0,75.0,0.0,0.0,4,0,25.0,,-17.97571875,
pdf_level_reaction,10,level_first3bars_touch15_buf10_inst,UP,3,0.15,0.15,4,25.0,-17.97571875,-35.941725,25.0,75.0,0.0,0.0,4,0,25.0,,-17.97571875,
pdf_level_reaction,10,level_first6bars_touch10_buf10_inst,UP,6,0.15,0.15,4,25.0,-17.97571875,-35.941725,25.0,75.0,0.0,0.0,4,0,25.0,,-17.97571875,
pdf_level_reaction,10,level_first2bars_touch10_buf10_inst,UP,2,0.2,0.2,4,25.0,-23.967625,-47.92230000000001,25.0,75.0,0.0,0.0,4,0,25.0,,-23.967625,
pdf_level_reaction,10,level_first2bars_touch15_buf10_inst,UP,2,0.2,0.2,4,25.0,-23.967625,-47.92230000000001,25.0,75.0,0.0,0.0,4,0,25.0,,-23.967625,
pdf_level_reaction,10,level_first3bars_touch10_buf10_inst,UP,3,0.2,0.2,4,25.0,-23.967625,-47.92230000000001,25.0,75.0,0.0,0.0,4,0,25.0,,-23.967625,
pdf_level_reaction,10,level_first3bars_touch15_buf10_inst,UP,3,0.2,0.2,4,25.0,-23.967625,-47.92230000000001,25.0,75.0,0.0,0.0,4,0,25.0,,-23.967625,
pdf_level_reaction,10,level_first6bars_touch10_buf10_inst,UP,6,0.2,0.2,4,25.0,-23.967625,-47.92230000000001,25.0,75.0,0.0,0.0,4,0,25.0,,-23.967625,
pdf_level_reaction,10,level_first2bars_touch10_buf10_inst,UP,2,0.3,0.3,4,25.0,-45.61236250000073,-71.88345,0.0,75.0,25.0,0.0,4,0,25.0,,-45.61236250000073,
pdf_level_reaction,10,level_first2bars_touch15_buf10_inst,UP,2,0.3,0.3,4,25.0,-45.61236250000073,-71.88345,0.0,75.0,25.0,0.0,4,0,25.0,,-45.61236250000073,
pdf_level_reaction,10,level_first3bars_touch10_buf10_inst,UP,3,0.3,0.3,4,25.0,-45.61236250000073,-71.88345,0.0,75.0,25.0,0.0,4,0,25.0,,-45.61236250000073,
pdf_level_reaction,10,level_first3bars_touch15_buf10_inst,UP,3,0.3,0.3,4,25.0,-45.61236250000073,-71.88345,0.0,75.0,25.0,0.0,4,0,25.0,,-45.61236250000073,
pdf_level_reaction,10,level_first6bars_touch10_buf10_inst,UP,6,0.3,0.3,4,25.0,-45.61236250000073,-71.88345,0.0,75.0,25.0,0.0,4,0,25.0,,-45.61236250000073,
pdf_level_reaction,10,level_first6bars_touch5_buf10_inst,UP,6,0.08,0.08,3,0.0,-19.230279999999997,-19.35272,0.0,100.0,0.0,0.0,3,0,0.0,,-19.230279999999997,
pdf_level_reaction,10,level_first6bars_touch5_buf10_inst,UP,6,0.1,0.1,3,0.0,-24.037850000000002,-24.190900000000003,0.0,100.0,0.0,0.0,3,0,0.0,,-24.037850000000002,
pdf_level_reaction,10,level_first6bars_touch5_buf10_inst,UP,6,0.15,0.15,3,0.0,-36.056774999999995,-36.28635,0.0,100.0,0.0,0.0,3,0,0.0,,-36.056774999999995,
pdf_level_reaction,10,level_first6bars_touch5_buf10_inst,UP,6,0.2,0.2,3,0.0,-48.075700000000005,-48.381800000000005,0.0,100.0,0.0,0.0,3,0,0.0,,-48.075700000000005,
pdf_level_reaction,10,level_first6bars_touch5_buf10_inst,UP,6,0.3,0.3,3,0.0,-72.11354999999999,-72.5727,0.0,100.0,0.0,0.0,3,0,0.0,,-72.11354999999999,
pdf_level_reaction,10,level_first2bars_touch0_buf10_inst,UP,2,0.08,0.08,2,0.0,-19.16892,-19.16892,0.0,100.0,0.0,0.0,2,0,0.0,,-19.16892,
pdf_level_reaction,10,level_first2bars_touch5_buf10_inst,UP,2,0.08,0.08,2,0.0,-19.16892,-19.16892,0.0,100.0,0.0,0.0,2,0,0.0,,-19.16892,
pdf_level_reaction,10,level_first3bars_touch0_buf10_inst,UP,3,0.08,0.08,2,0.0,-19.16892,-19.16892,0.0,100.0,0.0,0.0,2,0,0.0,,-19.16892,
pdf_level_reaction,10,level_first3bars_touch5_buf10_inst,UP,3,0.08,0.08,2,0.0,-19.16892,-19.16892,0.0,100.0,0.0,0.0,2,0,0.0,,-19.16892,
pdf_level_reaction,10,level_first6bars_touch0_buf10_inst,UP,6,0.08,0.08,2,0.0,-19.16892,-19.16892,0.0,100.0,0.0,0.0,2,0,0.0,,-19.16892,
pdf_level_reaction,10,level_first2bars_touch0_buf10_inst,UP,2,0.1,0.1,2,0.0,-23.961150000000004,-23.961150000000004,0.0,100.0,0.0,0.0,2,0,0.0,,-23.961150000000004,
pdf_level_reaction,10,level_first2bars_touch5_buf10_inst,UP,2,0.1,0.1,2,0.0,-23.961150000000004,-23.961150000000004,0.0,100.0,0.0,0.0,2,0,0.0,,-23.961150000000004,
pdf_level_reaction,10,level_first3bars_touch0_buf10_inst,UP,3,0.1,0.1,2,0.0,-23.961150000000004,-23.961150000000004,0.0,100.0,0.0,0.0,2,0,0.0,,-23.961150000000004,
pdf_level_reaction,10,level_first3bars_touch5_buf10_inst,UP,3,0.1,0.1,2,0.0,-23.961150000000004,-23.961150000000004,0.0,100.0,0.0,0.0,2,0,0.0,,-23.961150000000004,
pdf_level_reaction,10,level_first6bars_touch0_buf10_inst,UP,6,0.1,0.1,2,0.0,-23.961150000000004,-23.961150000000004,0.0,100.0,0.0,0.0,2,0,0.0,,-23.961150000000004,
pdf_level_reaction,10,level_first2bars_touch0_buf10_inst,UP,2,0.15,0.15,2,0.0,-35.941725,-35.941725,0.0,100.0,0.0,0.0,2,0,0.0,,-35.941725,
pdf_level_reaction,10,level_first2bars_touch5_buf10_inst,UP,2,0.15,0.15,2,0.0,-35.941725,-35.941725,0.0,100.0,0.0,0.0,2,0,0.0,,-35.941725,
pdf_level_reaction,10,level_first3bars_touch0_buf10_inst,UP,3,0.15,0.15,2,0.0,-35.941725,-35.941725,0.0,100.0,0.0,0.0,2,0,0.0,,-35.941725,
pdf_level_reaction,10,level_first3bars_touch5_buf10_inst,UP,3,0.15,0.15,2,0.0,-35.941725,-35.941725,0.0,100.0,0.0,0.0,2,0,0.0,,-35.941725,
pdf_level_reaction,10,level_first6bars_touch0_buf10_inst,UP,6,0.15,0.15,2,0.0,-35.941725,-35.941725,0.0,100.0,0.0,0.0,2,0,0.0,,-35.941725,
pdf_level_reaction,10,level_first2bars_touch0_buf10_inst,UP,2,0.2,0.2,2,0.0,-47.92230000000001,-47.92230000000001,0.0,100.0,0.0,0.0,2,0,0.0,,-47.92230000000001,
pdf_level_reaction,10,level_first2bars_touch5_buf10_inst,UP,2,0.2,0.2,2,0.0,-47.92230000000001,-47.92230000000001,0.0,100.0,0.0,0.0,2,0,0.0,,-47.92230000000001,
pdf_level_reaction,10,level_first3bars_touch0_buf10_inst,UP,3,0.2,0.2,2,0.0,-47.92230000000001,-47.92230000000001,0.0,100.0,0.0,0.0,2,0,0.0,,-47.92230000000001,
pdf_level_reaction,10,level_first3bars_touch5_buf10_inst,UP,3,0.2,0.2,2,0.0,-47.92230000000001,-47.92230000000001,0.0,100.0,0.0,0.0,2,0,0.0,,-47.92230000000001,
pdf_level_reaction,10,level_first6bars_touch0_buf10_inst,UP,6,0.2,0.2,2,0.0,-47.92230000000001,-47.92230000000001,0.0,100.0,0.0,0.0,2,0,0.0,,-47.92230000000001,
pdf_level_reaction,10,level_first2bars_touch0_buf10_inst,UP,2,0.3,0.3,2,0.0,-71.88345,-71.88345,0.0,100.0,0.0,0.0,2,0,0.0,,-71.88345,
pdf_level_reaction,10,level_first2bars_touch5_buf10_inst,UP,2,0.3,0.3,2,0.0,-71.88345,-71.88345,0.0,100.0,0.0,0.0,2,0,0.0,,-71.88345,
pdf_level_reaction,10,level_first3bars_touch0_buf10_inst,UP,3,0.3,0.3,2,0.0,-71.88345,-71.88345,0.0,100.0,0.0,0.0,2,0,0.0,,-71.88345,
pdf_level_reaction,10,level_first3bars_touch5_buf10_inst,UP,3,0.3,0.3,2,0.0,-71.88345,-71.88345,0.0,100.0,0.0,0.0,2,0,0.0,,-71.88345,
pdf_level_reaction,10,level_first6bars_touch0_buf10_inst,UP,6,0.3,0.3,2,0.0,-71.88345,-71.88345,0.0,100.0,0.0,0.0,2,0,0.0,,-71.88345,
pdf_level_reaction,10,level_first1bars_touch0_buf10_inst,UP,1,0.08,0.08,1,0.0,-18.985120000000002,-18.985120000000002,0.0,100.0,0.0,0.0,1,0,0.0,,-18.985120000000002,
pdf_level_reaction,10,level_first1bars_touch5_buf10_inst,UP,1,0.08,0.08,1,0.0,-18.985120000000002,-18.985120000000002,0.0,100.0,0.0,0.0,1,0,0.0,,-18.985120000000002,
pdf_level_reaction,10,level_first1bars_touch10_buf10_inst,UP,1,0.08,0.08,1,0.0,-18.985120000000002,-18.985120000000002,0.0,100.0,0.0,0.0,1,0,0.0,,-18.985120000000002,
pdf_level_reaction,10,level_first1bars_touch15_buf10_inst,UP,1,0.08,0.08,1,0.0,-18.985120000000002,-18.985120000000002,0.0,100.0,0.0,0.0,1,0,0.0,,-18.985120000000002,
pdf_level_reaction,10,level_first1bars_touch0_buf10_inst,UP,1,0.1,0.1,1,0.0,-23.731400000000004,-23.731400000000004,0.0,100.0,0.0,0.0,1,0,0.0,,-23.731400000000004,
pdf_level_reaction,10,level_first1bars_touch5_buf10_inst,UP,1,0.1,0.1,1,0.0,-23.731400000000004,-23.731400000000004,0.0,100.0,0.0,0.0,1,0,0.0,,-23.731400000000004,
pdf_level_reaction,10,level_first1bars_touch10_buf10_inst,UP,1,0.1,0.1,1,0.0,-23.731400000000004,-23.731400000000004,0.0,100.0,0.0,0.0,1,0,0.0,,-23.731400000000004,
pdf_level_reaction,10,level_first1bars_touch15_buf10_inst,UP,1,0.1,0.1,1,0.0,-23.731400000000004,-23.731400000000004,0.0,100.0,0.0,0.0,1,0,0.0,,-23.731400000000004,
pdf_level_reaction,10,level_first1bars_touch0_buf10_inst,UP,1,0.15,0.15,1,0.0,-35.5971,-35.5971,0.0,100.0,0.0,0.0,1,0,0.0,,-35.5971,
pdf_level_reaction,10,level_first1bars_touch5_buf10_inst,UP,1,0.15,0.15,1,0.0,-35.5971,-35.5971,0.0,100.0,0.0,0.0,1,0,0.0,,-35.5971,
pdf_level_reaction,10,level_first1bars_touch10_buf10_inst,UP,1,0.15,0.15,1,0.0,-35.5971,-35.5971,0.0,100.0,0.0,0.0,1,0,0.0,,-35.5971,
pdf_level_reaction,10,level_first1bars_touch15_buf10_inst,UP,1,0.15,0.15,1,0.0,-35.5971,-35.5971,0.0,100.0,0.0,0.0,1,0,0.0,,-35.5971,
pdf_level_reaction,10,level_first1bars_touch0_buf10_inst,UP,1,0.2,0.2,1,0.0,-47.46280000000001,-47.46280000000001,0.0,100.0,0.0,0.0,1,0,0.0,,-47.46280000000001,
pdf_level_reaction,10,level_first1bars_touch5_buf10_inst,UP,1,0.2,0.2,1,0.0,-47.46280000000001,-47.46280000000001,0.0,100.0,0.0,0.0,1,0,0.0,,-47.46280000000001,
pdf_level_reaction,10,level_first1bars_touch10_buf10_inst,UP,1,0.2,0.2,1,0.0,-47.46280000000001,-47.46280000000001,0.0,100.0,0.0,0.0,1,0,0.0,,-47.46280000000001,
pdf_level_reaction,10,level_first1bars_touch15_buf10_inst,UP,1,0.2,0.2,1,0.0,-47.46280000000001,-47.46280000000001,0.0,100.0,0.0,0.0,1,0,0.0,,-47.46280000000001,
pdf_level_reaction,10,level_first1bars_touch0_buf10_inst,UP,1,0.3,0.3,1,0.0,-71.1942,-71.1942,0.0,100.0,0.0,0.0,1,0,0.0,,-71.1942,
pdf_level_reaction,10,level_first1bars_touch5_buf10_inst,UP,1,0.3,0.3,1,0.0,-71.1942,-71.1942,0.0,100.0,0.0,0.0,1,0,0.0,,-71.1942,
pdf_level_reaction,10,level_first1bars_touch10_buf10_inst,UP,1,0.3,0.3,1,0.0,-71.1942,-71.1942,0.0,100.0,0.0,0.0,1,0,0.0,,-71.1942,
pdf_level_reaction,10,level_first1bars_touch15_buf10_inst,UP,1,0.3,0.3,1,0.0,-71.1942,-71.1942,0.0,100.0,0.0,0.0,1,0,0.0,,-71.1942,
