band,entry_minute,filter,stop_multiplier,calls,train_2017_2023_calls,val_2024_2025_calls,confirm_2026_calls,win_rate,train_2017_2023_win_rate,val_2024_2025_win_rate,confirm_2026_win_rate,avg_pnl_pts,train_2017_2023_avg_pnl_pts,val_2024_2025_avg_pnl_pts,confirm_2026_avg_pnl_pts,mean_target_distance_pts,ambiguous_rate
0.03-0.12,5,after_favourable_0.02pct,4.0,10,5,4,1,100.0,100.0,100.0,100.0,8.01498999999967,6.159979999999632,9.699999999999818,10.549999999999272,8.01498999999967,0.0
0.03-0.12,5,after_favourable_0.02pct,5.0,10,5,4,1,100.0,100.0,100.0,100.0,8.01498999999967,6.159979999999632,9.699999999999818,10.549999999999272,8.01498999999967,0.0
0.02-0.10,5,after_favourable_0.02pct,1.5,3,1,1,1,100.0,100.0,100.0,100.0,9.43333333333309,5.5,12.25,10.549999999999272,9.43333333333309,0.0
0.02-0.10,5,after_favourable_0.02pct,2.0,3,1,1,1,100.0,100.0,100.0,100.0,9.43333333333309,5.5,12.25,10.549999999999272,9.43333333333309,0.0
0.02-0.10,5,after_favourable_0.02pct,2.5,3,1,1,1,100.0,100.0,100.0,100.0,9.43333333333309,5.5,12.25,10.549999999999272,9.43333333333309,0.0
0.02-0.10,5,after_favourable_0.02pct,3.0,3,1,1,1,100.0,100.0,100.0,100.0,9.43333333333309,5.5,12.25,10.549999999999272,9.43333333333309,0.0
0.02-0.10,5,after_favourable_0.02pct,4.0,3,1,1,1,100.0,100.0,100.0,100.0,9.43333333333309,5.5,12.25,10.549999999999272,9.43333333333309,0.0
0.02-0.10,5,after_favourable_0.02pct,5.0,3,1,1,1,100.0,100.0,100.0,100.0,9.43333333333309,5.5,12.25,10.549999999999272,9.43333333333309,0.0
0.05-0.15,1,after_favourable_0.02pct,5.0,33,21,11,1,96.96969696969697,95.23809523809523,100.0,100.0,10.098472727272593,6.864266666666351,14.295454545454875,31.849999999998545,11.098472727272593,0.0
0.05-0.15,1,toward_target,5.0,48,28,18,2,91.66666666666666,85.71428571428571,100.0,100.0,6.964535416666156,-1.6679392857150301,17.70833333333313,31.125,13.680210416666531,0.0
0.05-0.15,1,toward_target,3.0,48,28,18,2,85.41666666666666,78.57142857142857,94.44444444444444,100.0,6.8635187499993435,-1.2553964285721122,16.797222222221535,31.125,13.680210416666531,2.083333333333333
0.05-0.15,1,toward_target,4.0,48,28,18,2,85.41666666666666,78.57142857142857,94.44444444444444,100.0,5.159345833332547,-4.030407142857972,16.569444444443636,31.125,13.680210416666531,2.083333333333333
0.05-0.15,1,toward_target,2.5,48,28,18,2,81.25,71.42857142857143,94.44444444444444,100.0,6.3739312499994485,-2.1679035714290484,16.911111111110383,31.125,13.680210416666531,2.083333333333333
0.05-0.15,15,not_away_more_than_0.03pct,4.0,27,12,14,1,85.18518518518519,75.0,92.85714285714286,100.0,6.022162962963126,-0.9209666666676336,9.892857142858182,35.150000000001455,17.23704814814819,0.0
0.05-0.15,15,not_away_more_than_0.03pct,5.0,27,12,14,1,85.18518518518519,75.0,92.85714285714286,100.0,4.53696296296315,-1.766833333334489,7.753571428572676,35.150000000001455,17.23704814814819,0.0
0.05-0.15,1,after_favourable_0.02pct,3.0,33,21,11,1,87.87878787878788,85.71428571428571,90.9090909090909,100.0,8.395454545454193,4.969047619047377,12.804545454544991,31.849999999998545,11.098472727272593,3.0303030303030303
0.05-0.15,1,after_favourable_0.02pct,4.0,33,21,11,1,87.87878787878788,85.71428571428571,90.9090909090909,100.0,7.719699999999593,4.10238571428549,12.43181818181752,31.849999999998545,11.098472727272593,3.0303030303030303
0.05-0.15,1,after_favourable_0.02pct,2.5,33,21,11,1,84.84848484848484,80.95238095238095,90.9090909090909,100.0,7.853028787878484,4.019045238095107,12.990909090908561,31.849999999998545,11.098472727272593,3.0303030303030303
0.05-0.15,1,after_favourable_0.02pct,1.5,33,21,11,1,81.81818181818183,76.19047619047619,90.9090909090909,100.0,8.598480303030197,4.995230952380855,13.363636363636363,31.849999999998545,11.098472727272593,6.0606060606060606
0.05-0.15,1,after_favourable_0.02pct,2.0,33,21,11,1,81.81818181818183,76.19047619047619,90.9090909090909,100.0,8.09848181818162,4.30713809523799,13.177272727272463,31.849999999998545,11.098472727272593,6.0606060606060606
0.03-0.12,5,toward_target,4.0,19,8,10,1,89.47368421052632,87.5,90.0,100.0,7.336836842104515,4.737487499999588,9.094999999998981,10.549999999999272,11.271047368420975,0.0
0.03-0.12,5,toward_target,5.0,19,8,10,1,89.47368421052632,87.5,90.0,100.0,6.5499947368412235,4.412487499999543,7.859999999998763,10.549999999999272,11.271047368420975,0.0
0.03-0.12,5,not_away_more_than_0.03pct,4.0,35,18,16,1,80.0,72.22222222222221,87.5,100.0,1.6028028571425759,-2.197327777777799,5.318749999999454,10.549999999999272,14.738531428571358,0.0
0.03-0.12,5,not_away_more_than_0.03pct,5.0,35,18,16,1,80.0,72.22222222222221,87.5,100.0,1.0856571428567154,-4.652888888888912,6.949999999999136,10.549999999999272,14.738531428571358,0.0
0.05-0.15,10,not_away_more_than_0.03pct,4.0,29,14,12,3,89.65517241379311,92.85714285714286,83.33333333333334,100.0,9.741389655171838,6.500021428571537,9.458333333331515,26.00000000000121,18.646562068965697,0.0
0.05-0.15,10,not_away_more_than_0.03pct,5.0,29,14,12,3,89.65517241379311,92.85714285714286,83.33333333333334,100.0,8.55345862068893,6.500021428571537,6.587499999997817,26.00000000000121,18.646562068965697,0.0
0.05-0.15,10,not_away_more_than_0.03pct,3.0,29,14,12,3,86.20689655172413,85.71428571428571,83.33333333333334,100.0,10.287886206896317,5.171335714286215,12.32916666666521,26.00000000000121,18.646562068965697,0.0
0.02-0.10,5,not_away_more_than_0.03pct,4.0,22,15,6,1,72.72727272727273,66.66666666666666,83.33333333333334,100.0,4.165899999999221,2.929986666666203,6.19166666666509,10.549999999999272,11.486322727272967,4.545454545454546
0.02-0.10,5,not_away_more_than_0.03pct,5.0,22,15,6,1,72.72727272727273,66.66666666666666,83.33333333333334,100.0,2.786368181817207,1.7300066666660616,4.133333333331393,10.549999999999272,11.486322727272967,4.545454545454546
0.03-0.12,5,after_favourable_0.02pct,2.5,10,5,4,1,80.0,80.0,75.0,100.0,-0.42000999999963823,1.0499800000001414,-4.9999999999990905,10.549999999999272,8.01498999999967,0.0
0.03-0.12,5,after_favourable_0.02pct,3.0,10,5,4,1,80.0,80.0,75.0,100.0,-1.6250099999997474,0.3199800000002142,-7.099999999999454,10.549999999999272,8.01498999999967,0.0
0.02-0.10,5,toward_target,4.0,9,4,4,1,77.77777777777779,75.0,75.0,100.0,1.616666666665373,3.149999999999636,-2.1500000000023647,10.549999999999272,9.922222222222343,0.0
0.02-0.10,5,toward_target,5.0,9,4,4,1,77.77777777777779,75.0,75.0,100.0,-0.0444444444460209,2.4999999999995453,-5.23750000000291,10.549999999999272,9.922222222222343,0.0
0.03-0.12,5,not_away_more_than_0.03pct,3.0,35,18,16,1,68.57142857142857,61.111111111111114,75.0,100.0,-1.2243371428570493,-3.3639888888887475,0.44687500000009095,10.549999999999272,14.738531428571358,0.0
0.03-0.12,5,after_favourable_0.02pct,2.0,10,5,4,1,70.0,60.0,75.0,100.0,0.45498999999999795,1.1199799999998503,-2.899999999999636,10.549999999999272,8.01498999999967,10.0
0.03-0.12,5,not_away_more_than_0.03pct,2.5,35,18,16,1,65.71428571428571,55.55555555555556,75.0,100.0,0.016378571428608015,-3.11259722222207,2.8781249999999545,10.549999999999272,14.738531428571358,0.0
0.03-0.12,5,not_away_more_than_0.03pct,2.0,35,18,16,1,62.857142857142854,50.0,75.0,100.0,2.0028085714285617,-1.4112055555555747,5.3093750000000455,10.549999999999272,14.738531428571358,2.857142857142857
0.05-0.15,1,after_favourable_0.02pct,1.0,33,21,11,1,72.72727272727273,71.42857142857143,72.72727272727273,100.0,7.1621151515149295,5.278561904761729,8.513636363636165,31.849999999998545,11.098472727272593,6.0606060606060606
0.05-0.15,15,not_away_more_than_0.03pct,1.5,27,12,14,1,66.66666666666666,58.333333333333336,71.42857142857143,100.0,1.4823722222220197,-1.3854958333339102,1.5357142857142858,35.150000000001455,17.23704814814819,0.0
0.05-0.15,15,not_away_more_than_0.03pct,2.0,27,12,14,1,66.66666666666666,58.333333333333336,71.42857142857143,100.0,-0.5500407407410725,-1.5125916666673522,-2.275000000000156,35.150000000001455,17.23704814814819,0.0
0.05-0.15,15,not_away_more_than_0.03pct,2.5,27,12,14,1,66.66666666666666,58.333333333333336,71.42857142857143,100.0,-3.4139388888893505,-3.5105291666674625,-6.085714285714597,35.150000000001455,17.23704814814819,0.0
0.05-0.15,15,not_away_more_than_0.03pct,3.0,27,12,14,1,66.66666666666666,58.333333333333336,71.42857142857143,100.0,-5.655600000000454,-4.108433333334233,-9.89642857142878,35.150000000001455,17.23704814814819,0.0
0.03-0.12,5,toward_target,2.5,19,8,10,1,68.42105263157895,62.5,70.0,100.0,-0.2236894736841733,-1.9062624999999116,0.04500000000007276,10.549999999999272,11.271047368420975,0.0
0.03-0.12,5,toward_target,3.0,19,8,10,1,68.42105263157895,62.5,70.0,100.0,-1.8657947368421064,-3.0875125000000025,-2.129999999999927,10.549999999999272,11.271047368420975,0.0
0.03-0.12,5,toward_target,2.0,19,8,10,1,63.1578947368421,50.0,70.0,100.0,1.2447315789472908,-1.1375125000001844,2.2200000000000726,10.549999999999272,11.271047368420975,5.263157894736842
0.05-0.15,10,toward_target,4.0,15,7,6,2,86.66666666666667,100.0,66.66666666666666,100.0,2.916693333332417,10.042914285714298,-10.975000000002789,19.650000000001455,14.400026666667205,0.0
0.05-0.15,10,toward_target,5.0,15,7,6,2,86.66666666666667,100.0,66.66666666666666,100.0,0.6200266666654595,10.042914285714298,-16.716666666670182,19.650000000001455,14.400026666667205,0.0
0.05-0.15,10,toward_target,3.0,15,7,6,2,80.0,85.71428571428571,66.66666666666666,100.0,3.9732533333330746,7.385542857143654,-5.233333333335395,19.650000000001455,14.400026666667205,0.0
0.02-0.10,5,not_away_more_than_0.03pct,3.0,22,15,6,1,63.63636363636363,60.0,66.66666666666666,100.0,1.2999772727269538,1.7299666666663447,-1.3166666666669091,10.549999999999272,11.486322727272967,4.545454545454546
0.02-0.10,5,not_away_more_than_0.03pct,2.0,22,15,6,1,59.09090909090909,53.333333333333336,66.66666666666666,100.0,2.738599999999761,2.0599466666664132,3.133333333333212,10.549999999999272,11.486322727272967,4.545454545454546
0.02-0.10,5,not_away_more_than_0.03pct,2.5,22,15,6,1,59.09090909090909,53.333333333333336,66.66666666666666,100.0,1.3511068181815062,0.9149566666664517,0.9083333333328483,10.549999999999272,11.486322727272967,4.545454545454546
0.02-0.10,5,not_away_more_than_0.03pct,1.5,22,15,6,1,54.54545454545454,46.666666666666664,66.66666666666666,100.0,3.671547727272561,2.538269999999708,5.358333333333576,10.549999999999272,11.486322727272967,4.545454545454546
0.05-0.15,1,after_favourable_0.02pct,0.75,33,21,11,1,66.66666666666666,66.66666666666666,63.63636363636363,100.0,6.887871969696899,5.327370238095162,7.597727272727339,31.849999999998545,11.098472727272593,6.0606060606060606
0.03-0.12,5,not_away_more_than_0.03pct,1.5,35,18,16,1,57.14285714285714,50.0,62.5,100.0,2.1242385714284735,0.5040749999999308,3.420312499999909,10.549999999999272,14.738531428571358,5.714285714285714
0.05-0.15,10,after_favourable_0.02pct,4.0,11,4,5,2,81.81818181818183,100.0,60.0,100.0,-1.754509090910274,9.500100000000202,-19.320000000003347,19.650000000001455,13.904581818182619,0.0
0.05-0.15,10,after_favourable_0.02pct,5.0,11,4,5,2,81.81818181818183,100.0,60.0,100.0,-4.8863272727288525,9.500100000000202,-26.21000000000422,19.650000000001455,13.904581818182619,0.0
0.05-0.15,10,after_favourable_0.02pct,3.0,11,4,5,2,72.72727272727273,75.0,60.0,100.0,-0.3137454545457414,4.849700000001576,-12.430000000002474,19.650000000001455,13.904581818182619,0.0
0.03-0.12,5,after_favourable_0.02pct,1.5,10,5,4,1,60.0,60.0,50.0,100.0,0.9024899999998525,1.9599799999999958,-2.831250000000182,10.549999999999272,8.01498999999967,20.0
0.05-0.15,15,not_away_more_than_0.03pct,1.0,27,12,14,1,55.55555555555556,58.333333333333336,50.0,100.0,-0.5370629629631165,1.2582749999995333,-4.625,35.150000000001455,17.23704814814819,3.7037037037037033
0.03-0.12,5,toward_target,1.5,19,8,10,1,52.63157894736842,50.0,50.0,100.0,-0.7223736842107954,0.11248749999981555,-2.517500000000291,10.549999999999272,11.271047368420975,10.526315789473683
0.02-0.10,5,toward_target,1.5,9,4,4,1,55.55555555555556,50.0,50.0,100.0,-0.7166666666667475,-0.8500000000003638,-3.399999999999636,10.549999999999272,9.922222222222343,0.0
0.02-0.10,5,toward_target,2.0,9,4,4,1,55.55555555555556,50.0,50.0,100.0,-2.844444444444687,-2.300000000000182,-6.737500000000182,10.549999999999272,9.922222222222343,0.0
0.02-0.10,5,toward_target,2.5,9,4,4,1,55.55555555555556,50.0,50.0,100.0,-4.972222222222626,-3.75,-10.075000000000728,10.549999999999272,9.922222222222343,0.0
0.02-0.10,5,toward_target,3.0,9,4,4,1,55.55555555555556,50.0,50.0,100.0,-7.100000000000364,-5.200000000000273,-13.412500000000364,10.549999999999272,9.922222222222343,0.0
0.03-0.12,5,not_away_more_than_0.03pct,1.0,35,18,16,1,45.714285714285715,38.88888888888889,50.0,100.0,1.395645714285638,-0.5973555555554211,3.065624999999727,10.549999999999272,14.738531428571358,5.714285714285714
0.03-0.12,5,toward_target,1.0,19,8,10,1,42.10526315789473,37.5,40.0,100.0,-0.5079000000002308,-0.7625125000001844,-1.4100000000002182,10.549999999999272,11.271047368420975,10.526315789473683
0.02-0.10,5,not_away_more_than_0.03pct,1.0,22,15,6,1,36.36363636363637,33.33333333333333,33.33333333333333,100.0,0.027186363636329505,0.19654000000009547,-2.1500000000002424,10.549999999999272,11.486322727272967,4.545454545454546
0.03-0.12,5,not_away_more_than_0.03pct,0.75,35,18,16,1,34.285714285714285,33.33333333333333,31.25,100.0,-1.1936164285715287,-1.3139763888888814,-1.792187500000182,10.549999999999272,14.738531428571358,8.571428571428571
0.03-0.12,5,toward_target,0.75,19,8,10,1,36.84210526315789,37.5,30.0,100.0,0.36578421052619986,0.12811249999981555,-0.4625,10.549999999999272,11.271047368420975,15.789473684210526
0.05-0.15,15,not_away_more_than_0.03pct,0.75,27,12,14,1,44.44444444444444,58.333333333333336,28.57142857142857,100.0,-1.5139101851855903,2.5801604166661796,-7.641964285714754,35.150000000001455,17.23704814814819,3.7037037037037033
0.03-0.12,5,after_favourable_0.02pct,1.0,10,5,4,1,50.0,60.0,25.0,100.0,-0.12501000000011117,2.7999799999997776,-6.449999999999818,10.549999999999272,8.01498999999967,20.0
0.02-0.10,5,toward_target,0.75,9,4,4,1,33.33333333333333,25.0,25.0,100.0,-1.5597222222220606,-2.393750000000182,-3.7531249999992724,10.549999999999272,9.922222222222343,0.0
0.02-0.10,5,toward_target,1.0,9,4,4,1,33.33333333333333,25.0,25.0,100.0,-3.2000000000001214,-3.650000000000091,-6.1875,10.549999999999272,9.922222222222343,0.0
0.02-0.10,5,not_away_more_than_0.03pct,0.75,22,15,6,1,27.27272727272727,26.666666666666668,16.666666666666664,100.0,-2.562553409090883,-1.1734116666667735,-8.220833333332848,10.549999999999272,11.486322727272967,4.545454545454546
0.02-0.10,5,after_favourable_0.02pct,0.75,3,1,1,1,66.66666666666666,100.0,0.0,100.0,2.2874999999997576,5.5,-9.1875,10.549999999999272,9.43333333333309,0.0
0.02-0.10,5,after_favourable_0.02pct,1.0,3,1,1,1,66.66666666666666,100.0,0.0,100.0,1.2666666666664241,5.5,-12.25,10.549999999999272,9.43333333333309,0.0
0.03-0.12,5,after_favourable_0.02pct,0.75,10,5,4,1,40.0,60.0,0.0,100.0,-0.24501000000000203,3.2199799999998504,-7.274999999999636,10.549999999999272,8.01498999999967,30.0
0.05-0.15,5,not_away_more_than_0.03pct,4.0,54,27,22,5,85.18518518518519,81.48148148148148,90.9090909090909,80.0,5.357372222222053,2.4517814814816017,9.352272727272396,3.4699999999989815,15.78886111111118,1.8518518518518516
0.05-0.15,5,not_away_more_than_0.03pct,5.0,54,27,22,5,85.18518518518519,81.48148148148148,90.9090909090909,80.0,4.678666666666383,0.8554814814816146,10.538636363635801,-0.4600000000013097,15.78886111111118,1.8518518518518516
0.03-0.12,0,none,5.0,393,257,104,32,82.69720101781171,80.1556420233463,90.38461538461539,78.125,1.9374109573792286,-0.46556964980524473,10.705326021634741,-7.259375000000887,12.992941014630949,2.2900763358778624
0.03-0.12,0,not_away_more_than_0.03pct,5.0,393,257,104,32,82.69720101781171,80.1556420233463,90.38461538461539,78.125,1.9374109573792286,-0.46556964980524473,10.705326021634741,-7.259375000000887,12.992941014630949,2.2900763358778624
0.03-0.12,0,none,4.0,393,257,104,32,77.60814249363868,73.54085603112841,87.5,78.125,1.2433414201654387,-1.821291439688606,10.110625751202056,-2.962500000000773,12.992941014630949,3.5623409669211195
0.03-0.12,0,not_away_more_than_0.03pct,4.0,393,257,104,32,77.60814249363868,73.54085603112841,87.5,78.125,1.2433414201654387,-1.821291439688606,10.110625751202056,-2.962500000000773,12.992941014630949,3.5623409669211195
0.02-0.10,0,none,5.0,351,231,93,27,79.2022792022792,78.35497835497836,81.72043010752688,77.77777777777779,0.5445732727920174,0.0623203463204987,4.082787298386941,-7.516666666667502,10.222219017093963,4.273504273504273
0.02-0.10,0,not_away_more_than_0.03pct,5.0,351,231,93,27,79.2022792022792,78.35497835497836,81.72043010752688,77.77777777777779,0.5445732727920174,0.0623203463204987,4.082787298386941,-7.516666666667502,10.222219017093963,4.273504273504273
0.02-0.10,0,none,4.0,351,231,93,27,72.93447293447294,70.56277056277057,77.41935483870968,77.77777777777779,-0.6730883725072362,-1.954782683982715,3.308610551075128,-3.42222222222295,10.222219017093963,6.552706552706552
0.02-0.10,0,not_away_more_than_0.03pct,4.0,351,231,93,27,72.93447293447294,70.56277056277057,77.41935483870968,77.77777777777779,-0.6730883725072362,-1.954782683982715,3.308610551075128,-3.42222222222295,10.222219017093963,6.552706552706552
0.05-0.15,5,after_favourable_0.02pct,4.0,27,14,9,4,88.88888888888889,85.71428571428571,100.0,75.0,7.137037037036862,5.710714285714208,14.833333333333334,-5.1875000000009095,11.657403703703798,3.7037037037037033
0.05-0.15,5,after_favourable_0.02pct,5.0,27,14,9,4,88.88888888888889,85.71428571428571,100.0,75.0,6.3537037037034745,5.6035714285713505,14.833333333333334,-10.100000000001273,11.657403703703798,3.7037037037037033
0.05-0.15,1,not_away_more_than_0.03pct,5.0,79,47,28,4,91.13924050632912,89.36170212765957,96.42857142857143,75.0,6.363905063290813,3.7616702127656256,15.367857142857117,-26.087500000002365,16.689251898734245,0.0
0.05-0.15,5,toward_target,4.0,36,16,16,4,88.88888888888889,87.5,93.75,75.0,8.00833333333296,6.090624999999932,13.224999999999454,-5.1875000000009095,13.113886111111242,2.7777777777777777
0.05-0.15,5,toward_target,5.0,36,16,16,4,88.88888888888889,87.5,93.75,75.0,7.077777777777303,5.996874999999932,12.453124999999318,-10.100000000001273,13.113886111111242,2.7777777777777777
0.05-0.15,1,not_away_more_than_0.03pct,3.0,79,47,28,4,87.34177215189874,85.1063829787234,92.85714285714286,75.0,8.106958227847816,4.5265893617018635,16.06249999999987,-5.512500000001637,16.689251898734245,1.2658227848101267
0.05-0.15,1,not_away_more_than_0.03pct,4.0,79,47,28,4,87.34177215189874,85.1063829787234,92.85714285714286,75.0,5.961384810126208,2.6138170212762293,14.689285714285559,-15.800000000002001,16.689251898734245,1.2658227848101267
0.05-0.15,0,none,5.0,428,265,122,41,84.57943925233646,82.64150943396227,93.44262295081968,70.73170731707317,3.111418866822354,0.4751966745283357,16.630820952868877,-20.07804878048889,18.247105549065353,0.0
0.05-0.15,0,not_away_more_than_0.03pct,5.0,428,265,122,41,84.57943925233646,82.64150943396227,93.44262295081968,70.73170731707317,3.111418866822354,0.4751966745283357,16.630820952868877,-20.07804878048889,18.247105549065353,0.0
0.05-0.15,0,none,4.0,428,265,122,41,80.60747663551402,76.60377358490567,92.62295081967213,70.73170731707317,2.5251700569508664,-1.5886301179245423,17.081227587090176,-14.198780487805534,18.247105549065353,0.46728971962616817
0.05-0.15,0,not_away_more_than_0.03pct,4.0,428,265,122,41,80.60747663551402,76.60377358490567,92.62295081967213,70.73170731707317,2.5251700569508664,-1.5886301179245423,17.081227587090176,-14.198780487805534,18.247105549065353,0.46728971962616817
0.03-0.12,0,none,3.0,393,257,104,32,71.2468193384224,67.70428015564202,80.76923076923077,68.75,0.27434317748097653,-1.5589050583655897,6.263033353365315,-4.4656250000003865,12.992941014630949,6.106870229007633
0.03-0.12,0,not_away_more_than_0.03pct,3.0,393,257,104,32,71.2468193384224,67.70428015564202,80.76923076923077,68.75,0.27434317748097653,-1.5589050583655897,6.263033353365315,-4.4656250000003865,12.992941014630949,6.106870229007633
0.03-0.12,0,none,2.5,393,257,104,32,67.43002544529261,64.59143968871595,74.03846153846155,68.75,0.1462590012723582,-1.2336571984434594,4.091150841346321,-1.5921875000003638,12.992941014630949,7.124681933842239
0.03-0.12,0,not_away_more_than_0.03pct,2.5,393,257,104,32,67.43002544529261,64.59143968871595,74.03846153846155,68.75,0.1462590012723582,-1.2336571984434594,4.091150841346321,-1.5921875000003638,12.992941014630949,7.124681933842239
0.05-0.15,10,none,4.0,148,92,37,19,67.56756756756756,64.13043478260869,75.67567567567568,68.42105263157895,1.9345087837837986,-3.011877173912877,7.3202702702698375,15.397368421052784,47.039229476351515,0.0
0.05-0.15,10,none,5.0,148,92,37,19,67.56756756756756,64.13043478260869,75.67567567567568,68.42105263157895,1.7696547297296708,-3.755338043478095,9.756756756756069,12.968421052631655,47.039229476351515,0.0
0.05-0.15,10,not_away_more_than_0.03pct,2.5,29,14,12,3,79.3103448275862,78.57142857142857,83.33333333333334,66.66666666666666,6.945651724137296,2.0302785714288154,13.76458333333206,2.6083333333311507,18.646562068965697,0.0
0.05-0.15,10,not_away_more_than_0.03pct,2.0,29,14,12,3,75.86206896551724,78.57142857142857,75.0,66.66666666666666,7.7947965517235165,3.5463642857144544,13.212499999998727,5.949999999998302,18.646562068965697,0.0
0.02-0.10,0,none,3.0,351,231,93,27,65.8119658119658,63.63636363636363,70.96774193548387,66.66666666666666,-1.7034188034188231,-2.4357142857142056,1.4215053763438983,-6.201851851852148,10.222219017093963,9.971509971509972
0.02-0.10,0,not_away_more_than_0.03pct,3.0,351,231,93,27,65.8119658119658,63.63636363636363,70.96774193548387,66.66666666666666,-1.7034188034188231,-2.4357142857142056,1.4215053763438983,-6.201851851852148,10.222219017093963,9.971509971509972
0.02-0.10,0,none,2.5,351,231,93,27,61.25356125356125,60.17316017316018,62.365591397849464,66.66666666666666,-2.1235732861467143,-2.315477056277058,-1.3067099294353821,-3.295370370370586,10.222219017093963,11.68091168091168
0.02-0.10,0,not_away_more_than_0.03pct,2.5,351,231,93,27,61.25356125356125,60.17316017316018,62.365591397849464,66.66666666666666,-2.1235732861467143,-2.315477056277058,-1.3067099294353821,-3.295370370370586,10.222219017093963,11.68091168091168
0.05-0.15,5,none,5.0,180,109,51,20,71.11111111111111,66.05504587155964,84.31372549019608,65.0,2.7341684895832055,-3.0201804759172948,11.049999999999343,12.889999999999782,38.466972725694504,0.5555555555555556
0.05-0.15,5,none,4.0,180,109,51,20,70.55555555555556,65.13761467889908,84.31372549019608,65.0,2.8527801562499007,-3.5958676318806373,12.31372549019558,13.872499999999855,38.466972725694504,0.5555555555555556
0.05-0.15,10,after_adverse_0.02pct,4.0,126,80,29,17,63.49206349206349,58.75,75.86206896551724,64.70588235294117,0.931007936508072,-5.203662499999814,9.66724137931042,14.897058823529411,52.544092559523946,0.0
0.05-0.15,10,after_adverse_0.02pct,5.0,126,80,29,17,63.49206349206349,58.75,75.86206896551724,64.70588235294117,1.0107825396826229,-6.058642499999815,13.963793103448175,12.182352941176385,52.544092559523946,0.0
0.05-0.15,1,none,5.0,230,144,64,22,76.95652173913044,73.61111111111111,89.0625,63.63636363636363,5.500847119565191,0.0798252604165681,18.81562500000024,2.249999999999669,33.54414000000011,0.0
0.05-0.15,15,none,4.0,137,84,34,19,66.42335766423358,60.71428571428571,82.35294117647058,63.1578947368421,3.135749908759152,-5.288717410714482,9.99117647058847,28.113157894737494,51.96464233576652,0.0
0.05-0.15,15,none,5.0,137,84,34,19,66.42335766423358,60.71428571428571,82.35294117647058,63.1578947368421,3.510582025547572,-6.185122172619144,13.716176470588621,28.113157894737494,51.96464233576652,0.0
0.05-0.15,10,none,3.0,148,92,37,19,66.21621621621621,63.04347826086957,75.67567567567568,63.1578947368421,0.8098236486487351,-4.318435869565015,9.785135135135016,8.163157894736765,47.039229476351515,0.0
0.05-0.15,15,none,3.0,137,84,34,19,62.77372262773723,58.333333333333336,73.52941176470588,63.1578947368421,0.7631396897810111,-6.699403125000052,3.916176470587957,28.113157894737494,51.96464233576652,0.0
0.05-0.15,3,after_adverse_0.02pct,4.0,150,97,37,16,68.66666666666667,65.97938144329896,78.37837837837837,62.5,3.355681395833393,-2.439152480670019,13.321621621621464,15.44062500000041,43.61204314583339,0.0
0.05-0.15,3,after_adverse_0.02pct,5.0,150,97,37,16,68.66666666666667,65.97938144329896,78.37837837837837,62.5,3.2900133958334603,-3.0700823775772283,14.709459459459557,15.44062500000041,43.61204314583339,0.0
0.05-0.15,3,after_adverse_0.02pct,2.5,150,97,37,16,68.0,64.94845360824742,78.37837837837837,62.5,2.7096660625000246,-4.26185660438154,16.664189189189504,12.704687500000091,43.61204314583339,0.0
0.05-0.15,3,after_adverse_0.02pct,3.0,150,97,37,16,68.0,64.94845360824742,78.37837837837837,62.5,2.699002062499979,-3.9623679445877062,16.062162162162338,12.181249999999864,43.61204314583339,0.0
0.05-0.15,3,after_adverse_0.02pct,2.0,150,97,37,16,65.33333333333333,61.855670103092784,75.67567567567568,62.5,2.5753320625000073,-4.75928031572172,16.69324324324348,14.393749999999955,43.61204314583339,0.0
0.05-0.15,1,after_adverse_0.02pct,5.0,158,100,40,18,69.62025316455697,66.0,82.5,61.111111111111114,4.428784414557079,-1.7480206249999901,18.017500000000382,8.547222222222343,41.64843607594952,0.0
0.05-0.15,15,after_adverse_0.02pct,4.0,114,73,23,18,63.1578947368421,58.9041095890411,78.26086956521739,61.111111111111114,3.2828889254386238,-5.69315976027406,12.64565217391298,27.72222222222283,59.30706754385979,0.0
0.05-0.15,15,after_adverse_0.02pct,5.0,114,73,23,18,63.1578947368421,58.9041095890411,78.26086956521739,61.111111111111114,4.085102960526456,-6.5855926369862425,19.454347826086988,27.72222222222283,59.30706754385979,0.0
0.05-0.15,15,after_adverse_0.02pct,3.0,114,73,23,18,62.28070175438597,58.9041095890411,73.91304347826086,61.111111111111114,2.090362609649147,-6.7924474315067815,10.223913043477692,27.72222222222283,59.30706754385979,0.0
0.05-0.15,0,none,3.0,428,265,122,41,75.23364485981308,71.69811320754717,87.70491803278688,60.97560975609756,1.3325966705607482,-1.343234787735807,13.349660604508125,-17.1304878048781,18.247105549065353,1.4018691588785046
0.05-0.15,0,not_away_more_than_0.03pct,3.0,428,265,122,41,75.23364485981308,71.69811320754717,87.70491803278688,60.97560975609756,1.3325966705607482,-1.343234787735807,13.349660604508125,-17.1304878048781,18.247105549065353,1.4018691588785046
0.05-0.15,0,none,2.5,428,265,122,41,71.96261682242991,68.67924528301886,82.78688524590164,60.97560975609756,1.6981215646904648,-0.8844806367924252,11.811339331455008,-11.702439024390227,18.247105549065353,1.6355140186915886
0.05-0.15,0,not_away_more_than_0.03pct,2.5,428,265,122,41,71.96261682242991,68.67924528301886,82.78688524590164,60.97560975609756,1.6981215646904648,-0.8844806367924252,11.811339331455008,-11.702439024390227,18.247105549065353,1.6355140186915886
0.05-0.15,5,none,3.0,180,109,51,20,66.66666666666666,62.38532110091744,78.43137254901961,60.0,1.110833489583173,-3.69174286123845,9.942156862744799,4.764999999998873,38.466972725694504,0.5555555555555556
0.05-0.15,5,after_adverse_0.02pct,5.0,137,90,32,15,64.96350364963503,61.111111111111114,78.125,60.0,0.5452680885035769,-5.303314131944313,9.12187499999925,17.340000000000146,45.90734737682482,0.0
0.05-0.15,5,after_adverse_0.02pct,3.0,137,90,32,15,64.23357664233576,60.0,78.125,60.0,1.26278487682467,-4.7533163541666,14.2843749999995,9.579999999999322,45.90734737682482,0.0
0.05-0.15,5,after_adverse_0.02pct,4.0,137,90,32,15,64.23357664233576,60.0,78.125,60.0,0.45658268704373367,-6.0172019097221385,10.749999999999432,17.340000000000146,45.90734737682482,0.0
0.05-0.15,5,after_adverse_0.02pct,2.5,137,90,32,15,63.503649635036496,58.88888888888889,78.125,60.0,1.6286688184305458,-5.266359687499992,16.957812499999477,10.296666666666715,45.90734737682482,0.0
0.05-0.15,5,not_away_more_than_0.03pct,3.0,54,27,22,5,72.22222222222221,70.37037037037037,77.27272727272727,60.0,-1.0889240740742496,-0.6074777777776709,0.2727272727272727,-9.680000000002474,15.78886111111118,1.8518518518518516
0.05-0.15,1,none,4.0,230,144,64,22,75.21739130434783,72.22222222222221,87.5,59.09090909090909,4.534763206521648,-0.7444754340278779,19.70781250000016,-5.050000000000761,33.54414000000011,0.43478260869565216
0.05-0.15,2,after_adverse_0.02pct,4.0,158,100,41,17,70.88607594936708,67.0,85.36585365853658,58.82352941176471,6.76295023734185,-0.439038624999921,22.859756097560975,10.305882352941433,43.584515822785036,0.0
0.05-0.15,2,after_adverse_0.02pct,5.0,158,100,41,17,70.88607594936708,67.0,85.36585365853658,58.82352941176471,6.322438844936901,-1.61204662499993,22.02926829268321,15.114705882353626,43.584515822785036,0.0
0.05-0.15,2,after_adverse_0.02pct,2.5,158,100,41,17,69.62025316455697,65.0,85.36585365853658,58.82352941176471,5.901842958860862,-3.3083381250000277,25.139634146341784,13.682352941176813,43.584515822785036,0.0
0.05-0.15,2,after_adverse_0.02pct,3.0,158,100,41,17,69.62025316455697,65.0,85.36585365853658,58.82352941176471,5.018006566455703,-4.443049625000076,25.01341463414641,12.447058823529755,43.584515822785036,0.0
0.05-0.15,2,after_adverse_0.02pct,2.0,158,100,41,17,68.35443037974683,63.0,85.36585365853658,58.82352941176471,4.694246439873484,-4.66609062500007,26.214634146341712,7.852941176471016,43.584515822785036,0.0
0.05-0.15,10,after_adverse_0.02pct,3.0,126,80,29,17,62.698412698412696,58.75,75.86206896551724,58.82352941176471,-0.5158317460316048,-6.473684999999842,11.62413793103481,6.811764705882096,52.544092559523946,0.0
0.05-0.15,10,after_adverse_0.02pct,2.5,126,80,29,17,61.904761904761905,57.49999999999999,75.86206896551724,58.82352941176471,-0.4703888888887175,-6.271174999999767,10.237068965517116,8.561764705882737,52.544092559523946,0.0
0.05-0.15,10,after_adverse_0.02pct,2.0,126,80,29,17,60.317460317460316,55.00000000000001,75.86206896551724,58.82352941176471,0.06787301587312883,-6.902474999999777,11.11551724137901,14.023529411765006,52.544092559523946,0.0
0.05-0.15,10,none,2.5,148,92,37,19,64.86486486486487,61.95652173913043,75.67567567567568,57.89473684210527,0.5064520270270805,-4.117066304347566,9.1635135135131,6.035526315789435,47.039229476351515,0.0
0.05-0.15,15,none,2.5,137,84,34,19,62.04379562043796,58.333333333333336,73.52941176470588,57.89473684210527,0.5364933394159154,-5.538993005952415,5.958823529411187,17.69342105263173,51.96464233576652,0.0
0.05-0.15,10,none,2.0,148,92,37,19,62.83783783783784,59.78260869565217,72.97297297297297,57.89473684210527,1.0033858108108198,-4.640748913043234,9.672972972972422,11.449999999999962,47.039229476351515,0.0
0.05-0.15,15,none,2.0,137,84,34,19,60.58394160583942,57.14285714285714,70.58823529411765,57.89473684210527,1.7635068430656353,-4.3928519345238,6.088235294117219,21.2421052631582,51.96464233576652,0.0
0.05-0.15,15,none,1.5,137,84,34,19,59.12408759124088,54.761904761904766,70.58823529411765,57.89473684210527,2.599274726277304,-5.376480505952432,10.208088235293712,24.244736842105723,51.96464233576652,0.0
0.05-0.15,2,none,5.0,203,126,56,21,74.8768472906404,72.22222222222221,87.5,57.14285714285714,5.017948460591214,-0.37505128968244944,18.116071428571754,2.447619047618424,37.16035320197061,0.0
0.05-0.15,2,none,4.0,203,126,56,21,73.89162561576354,71.42857142857143,85.71428571428571,57.14285714285714,5.5775607758620795,0.49599077380959883,18.749107142857287,0.9428571428564153,37.16035320197061,0.0
0.05-0.15,2,none,3.0,203,126,56,21,71.92118226600985,68.25396825396825,85.71428571428571,57.14285714285714,4.547998214285677,-2.8020346230159268,20.89196428571443,5.064285714285298,37.16035320197061,0.0
0.05-0.15,2,none,2.5,203,126,56,21,70.93596059113301,66.66666666666666,85.71428571428571,57.14285714285714,5.222364963054214,-2.24809454365082,21.267410714285948,7.258333333333125,37.16035320197061,0.0
0.05-0.15,3,none,4.0,193,120,52,21,73.05699481865285,70.83333333333334,84.61538461538461,57.14285714285714,3.667610929404218,-0.8941757552082891,15.674038461538448,0.004761904762355178,37.664785864637416,0.0
0.05-0.15,3,none,5.0,193,120,52,21,73.05699481865285,70.83333333333334,84.61538461538461,57.14285714285714,3.4857440900260923,-1.0058449218748593,16.66153846153863,-3.473809523809039,37.664785864637416,0.0
0.05-0.15,3,none,3.0,193,120,52,21,72.02072538860104,69.16666666666667,84.61538461538461,57.14285714285714,3.6681197376943184,-1.9125240885417345,17.624038461538685,1.0,37.664785864637416,0.0
0.05-0.15,3,none,2.5,193,120,52,21,71.50259067357513,68.33333333333333,84.61538461538461,57.14285714285714,3.784439167746144,-2.28523533854177,18.052403846154167,3.1380952380953073,37.664785864637416,0.0
0.05-0.15,3,none,2.0,193,120,52,21,68.39378238341969,65.83333333333333,78.84615384615384,57.14285714285714,3.206977768782454,-2.5112774218750626,15.208653846154238,6.164285714285749,37.664785864637416,0.0
0.03-0.12,10,after_adverse_0.02pct,4.0,92,64,21,7,64.13043478260869,60.9375,76.19047619047619,57.14285714285714,-1.1820239130432169,-9.582753124999897,12.147619047619498,35.63571428571543,45.9945554347828,0.0
0.03-0.12,10,after_adverse_0.02pct,5.0,92,64,21,7,64.13043478260869,60.9375,76.19047619047619,57.14285714285714,-0.4428749999997703,-10.467101562499863,18.08095238095259,35.63571428571543,45.9945554347828,0.0
0.03-0.12,10,none,4.0,108,74,27,7,66.66666666666666,64.86486486486487,74.07407407407408,57.14285714285714,-1.0471916666666334,-7.155360810810733,6.183333333332956,35.63571428571543,40.78609814814832,0.0
0.03-0.12,10,none,5.0,108,74,27,7,66.66666666666666,64.86486486486487,74.07407407407408,57.14285714285714,-0.7365277777778121,-7.920202702702595,9.522222222221494,35.63571428571543,40.78609814814832,0.0
0.05-0.15,3,after_adverse_0.02pct,1.5,150,97,37,16,60.66666666666667,56.70103092783505,72.97297297297297,56.25,1.5734813958333689,-5.6229669136598215,18.546621621621878,5.951562499999909,43.61204314583339,0.0
0.03-0.12,1,none,5.0,174,117,48,9,77.01149425287356,74.35897435897436,87.5,55.55555555555556,4.023263793103425,-2.79275299145302,18.055208333333137,17.794444444445414,29.887924137931137,0.0
0.03-0.12,1,after_adverse_0.02pct,5.0,124,85,30,9,70.96774193548387,68.23529411764706,83.33333333333334,55.55555555555556,2.060477419355016,-6.401774117647074,21.316666666667153,17.794444444445414,36.749597580645336,0.0
0.05-0.15,1,after_adverse_0.02pct,4.0,158,100,40,18,68.9873417721519,66.0,82.5,55.55555555555556,3.3104287183545287,-2.2735226249999685,19.95750000000053,-2.6611111111115964,41.64843607594952,0.0
0.05-0.15,15,after_adverse_0.02pct,2.5,114,73,23,18,61.40350877192983,58.9041095890411,73.91304347826086,55.55555555555556,1.4254468201753185,-5.5554666095889695,11.609782608694767,16.723611111111193,59.30706754385979,0.0
0.05-0.15,15,after_adverse_0.02pct,2.0,114,73,23,18,59.64912280701754,57.534246575342465,69.56521739130434,55.55555555555556,2.360101206140315,-4.565047431506746,10.167391304347131,20.469444444444687,59.30706754385979,0.0
0.05-0.15,15,after_adverse_0.02pct,1.5,114,73,23,18,57.89473684210527,54.794520547945204,69.56521739130434,55.55555555555556,3.0215051535087056,-5.717786472602723,14.623913043477565,23.638888888889294,59.30706754385979,0.0
0.05-0.15,5,none,2.5,180,109,51,20,65.55555555555556,61.46788990825688,78.43137254901961,55.00000000000001,1.0705618229165843,-3.9456318520642024,12.344607843136984,-0.3400000000001455,38.466972725694504,0.5555555555555556
0.05-0.15,1,none,3.0,230,144,64,22,73.91304347826086,70.83333333333334,87.5,54.54545454545454,3.5075740760868226,-1.6306108506945267,20.81406250000009,-13.206818181819306,33.54414000000011,0.43478260869565216
0.05-0.15,5,after_adverse_0.02pct,2.0,137,90,32,15,60.58394160583942,57.77777777777777,71.875,53.333333333333336,-0.609508553832366,-5.6944741319445,11.435937499999113,4.203333333333285,45.90734737682482,0.0
0.05-0.15,5,after_adverse_0.02pct,1.5,137,90,32,15,56.934306569343065,53.333333333333336,68.75,53.333333333333336,1.063087431569203,-5.3231335763889644,13.764062499999682,12.284999999999854,45.90734737682482,0.0
0.03-0.12,0,none,2.0,393,257,104,32,61.32315521628499,60.311284046692606,66.34615384615384,53.125,-0.6467557808523857,-1.0030354085602262,1.8111065204328112,-5.773437500000682,12.992941014630949,9.414758269720101
0.03-0.12,0,not_away_more_than_0.03pct,2.0,393,257,104,32,61.32315521628499,60.311284046692606,66.34615384615384,53.125,-0.6467557808523857,-1.0030354085602262,1.8111065204328112,-5.773437500000682,12.992941014630949,9.414758269720101
0.03-0.12,0,none,1.5,393,257,104,32,54.961832061068705,55.252918287937746,54.807692307692314,53.125,-0.8456477655852922,-0.7018274319065674,-0.9307204026443358,-1.7242187500006594,12.992941014630949,11.450381679389313
0.03-0.12,0,not_away_more_than_0.03pct,1.5,393,257,104,32,54.961832061068705,55.252918287937746,54.807692307692314,53.125,-0.8456477655852922,-0.7018274319065674,-0.9307204026443358,-1.7242187500006594,12.992941014630949,11.450381679389313
0.05-0.15,15,none,1.0,137,84,34,19,53.284671532846716,50.0,61.76470588235294,52.63157894736842,3.1036477189780696,-2.976788839285724,10.823529411764385,16.17105263157933,51.96464233576652,0.7299270072992701
0.05-0.15,2,none,2.0,203,126,56,21,67.98029556650246,65.07936507936508,80.35714285714286,52.38095238095239,3.643545504926125,-3.0500814484127354,20.408928571428792,-0.9023809523811602,37.16035320197061,0.0
0.05-0.15,0,none,2.0,428,265,122,41,66.35514018691589,64.90566037735849,74.59016393442623,51.21951219512195,0.9433129380841293,-0.29895176886790786,8.273034067623023,-12.837804878048923,18.247105549065353,3.0373831775700935
0.05-0.15,0,not_away_more_than_0.03pct,2.0,428,265,122,41,66.35514018691589,64.90566037735849,74.59016393442623,51.21951219512195,0.9433129380841293,-0.29895176886790786,8.273034067623023,-12.837804878048923,18.247105549065353,3.0373831775700935
0.05-0.15,2,after_favourable_0.02pct,5.0,22,11,9,2,90.9090909090909,90.9090909090909,100.0,50.0,-1.1227409090915899,0.1681545454547714,11.077777777777454,-63.125000000007276,11.109077272727188,0.0
0.05-0.15,2,not_away_more_than_0.03pct,5.0,56,31,21,4,91.07142857142857,93.54838709677419,95.23809523809523,50.0,5.404412499999872,7.116035483871113,13.695238095238718,-51.387500000006185,16.78834107142864,0.0
0.05-0.15,1,toward_target,2.0,48,28,18,2,77.08333333333334,67.85714285714286,94.44444444444444,50.0,5.367685416666139,-0.708967857143242,17.024999999999434,-14.475000000002183,13.680210416666531,4.166666666666666
0.05-0.15,1,not_away_more_than_0.03pct,2.5,79,47,28,4,83.54430379746836,80.85106382978722,92.85714285714286,50.0,6.630056962025172,4.112755319148802,16.74910714285696,-34.625,16.689251898734245,1.2658227848101267
0.05-0.15,2,not_away_more_than_0.03pct,4.0,56,31,21,4,87.5,90.32258064516128,90.47619047619048,50.0,6.1901357142856535,6.872503225806506,13.761904761905456,-38.85000000000491,16.78834107142864,0.0
0.05-0.15,2,not_away_more_than_0.03pct,3.0,56,31,21,4,83.92857142857143,83.87096774193549,90.47619047619048,50.0,7.381205357142822,6.383790322580675,15.271428571429126,-26.312500000003638,16.78834107142864,0.0
0.05-0.15,2,not_away_more_than_0.03pct,2.5,56,31,21,4,80.35714285714286,77.41935483870968,90.47619047619048,50.0,7.332103571428498,4.97492903225805,16.026190476190788,-20.043750000002547,16.78834107142864,0.0
0.05-0.15,2,after_favourable_0.02pct,4.0,22,11,9,2,86.36363636363636,90.9090909090909,88.88888888888889,50.0,-0.23183181818223436,1.7181545454547054,8.272222222222304,-49.22500000000582,11.109077272727188,0.0
0.05-0.15,2,after_favourable_0.02pct,2.5,22,11,9,2,77.27272727272727,72.72727272727273,88.88888888888889,50.0,1.1022590909086085,-0.09320909090919569,9.113888888888646,-28.375000000003638,11.109077272727188,0.0
0.05-0.15,2,after_favourable_0.02pct,3.0,22,11,9,2,77.27272727272727,72.72727272727273,88.88888888888889,50.0,-0.32728636363671365,-1.459118181818088,8.833333333333334,-35.325000000004366,11.109077272727188,0.0
0.05-0.15,1,none,2.5,230,144,64,22,72.17391304347827,68.75,87.5,50.0,2.3201669021739177,-2.5349764756944575,21.700390624999955,-22.27954545454519,33.54414000000011,0.43478260869565216
0.03-0.12,5,none,4.0,131,87,36,8,70.99236641221374,67.81609195402298,83.33333333333334,50.0,1.0221305343510658,-5.6643781609195845,11.523611111110768,26.481250000000728,33.82978396946563,0.0
0.03-0.12,5,none,5.0,131,87,36,8,70.99236641221374,67.81609195402298,83.33333333333334,50.0,-0.7931381679390358,-8.200587356321863,11.047222222221738,26.481250000000728,33.82978396946563,0.0
0.05-0.15,1,after_adverse_0.02pct,3.0,158,100,40,18,67.08860759493672,64.0,82.5,50.0,1.036986946202519,-4.326560624999984,21.625000000000362,-14.916666666667677,41.64843607594952,0.0
0.05-0.15,1,after_adverse_0.02pct,2.0,158,100,40,18,66.45569620253164,63.0,82.5,50.0,3.4730540348102203,-2.5550746249999245,25.313750000000162,-11.572222222222182,41.64843607594952,0.0
0.05-0.15,1,after_adverse_0.02pct,2.5,158,100,40,18,66.45569620253164,63.0,82.5,50.0,0.19424359177226713,-5.3733451249999415,22.991875000000164,-19.536111111110788,41.64843607594952,0.0
0.02-0.10,1,none,5.0,134,89,37,8,74.6268656716418,74.15730337078652,81.08108108108108,50.0,1.9040499999998803,-0.9472730337079309,5.936486486486034,14.975000000000819,29.710804477612083,0.7462686567164178
0.02-0.10,1,none,4.0,134,89,37,8,73.13432835820896,73.03370786516854,78.37837837837837,50.0,3.8346552238804517,1.4167842696629072,7.241891891891223,14.975000000000819,29.710804477612083,1.4925373134328357
0.02-0.10,1,none,3.0,134,89,37,8,72.38805970149254,71.91011235955057,78.37837837837837,50.0,4.5917470149251765,2.7797089887640603,8.758108108107498,5.481249999999363,29.710804477612083,1.4925373134328357
0.02-0.10,1,none,2.5,134,89,37,8,71.64179104477611,70.78651685393258,78.37837837837837,50.0,6.197904477611714,4.372968539325862,10.14729729729653,8.234374999999545,29.710804477612083,1.4925373134328357
0.02-0.10,1,after_adverse_0.02pct,4.0,107,72,27,8,73.83177570093457,75.0,77.77777777777779,50.0,4.189185046729091,1.6408722222222676,7.788888888888997,14.975000000000819,34.46821028037399,0.0
0.02-0.10,1,after_adverse_0.02pct,5.0,107,72,27,8,73.83177570093457,75.0,77.77777777777779,50.0,1.7700168224300201,-1.1938638888888515,5.7611111111112185,14.975000000000819,34.46821028037399,0.0
0.02-0.10,1,after_adverse_0.02pct,2.5,107,72,27,8,72.89719626168224,73.61111111111111,77.77777777777779,50.0,6.867236448598076,5.254781944444504,10.762037037036794,8.234374999999545,34.46821028037399,0.0
0.02-0.10,1,after_adverse_0.02pct,3.0,107,72,27,8,72.89719626168224,73.61111111111111,77.77777777777779,50.0,4.729379439252328,2.9714388888889465,9.194444444444445,5.481249999999363,34.46821028037399,0.0
0.05-0.15,5,after_favourable_0.02pct,2.5,27,14,9,4,70.37037037037037,71.42857142857143,77.77777777777779,50.0,-3.412040740740984,0.4107071428569335,-3.5416666666662624,-16.50000000000182,11.657403703703798,3.7037037037037033
0.05-0.15,5,after_favourable_0.02pct,3.0,27,14,9,4,70.37037037037037,71.42857142857143,77.77777777777779,50.0,-5.564818518518964,-0.5892928571429366,-6.166666666666667,-21.62500000000273,11.657403703703798,3.7037037037037033
0.05-0.15,1,toward_target,1.5,48,28,18,2,70.83333333333334,67.85714285714286,77.77777777777779,50.0,3.3572729166664126,1.0499678571425517,8.083333333333334,-6.875000000001819,13.680210416666531,4.166666666666666
0.03-0.12,5,none,3.0,131,87,36,8,67.93893129770993,65.51724137931035,77.77777777777779,50.0,1.0553404580152193,-3.877590804597673,10.559722222222161,11.931249999999181,33.82978396946563,0.0
0.03-0.12,5,none,2.5,131,87,36,8,67.17557251908397,64.36781609195403,77.77777777777779,50.0,2.7923713740457123,-2.439360344827612,12.240972222222101,17.168749999999363,33.82978396946563,0.0
0.05-0.15,5,after_favourable_0.02pct,2.0,27,14,9,4,66.66666666666666,64.28571428571429,77.77777777777779,50.0,-1.3814851851855363,1.1749928571426997,-0.9166666666666666,-11.375000000001819,11.657403703703798,7.4074074074074066
0.05-0.15,1,after_adverse_0.02pct,1.5,158,100,40,18,62.0253164556962,57.99999999999999,77.5,50.0,2.775905617088627,-3.2500691249999547,22.307499999999983,-7.15000000000004,41.64843607594952,0.0
0.02-0.10,10,none,4.0,92,61,25,6,69.56521739130434,68.85245901639344,76.0,50.0,3.3978445652175018,-1.1671852459016994,7.210000000000291,33.92500000000109,40.359244565217566,1.0869565217391304
0.02-0.10,10,none,5.0,92,61,25,6,69.56521739130434,68.85245901639344,76.0,50.0,4.8358934782609335,-1.0409475409836528,12.194000000000088,33.92500000000109,40.359244565217566,1.0869565217391304
0.02-0.10,10,none,3.0,92,61,25,6,66.30434782608695,63.934426229508205,76.0,50.0,1.9913271739133644,-4.339309836065293,9.774000000000234,33.92500000000109,40.359244565217566,1.0869565217391304
0.02-0.10,10,none,2.5,92,61,25,6,65.21739130434783,62.295081967213115,76.0,50.0,1.96850326086959,-3.2749622950818105,7.092999999999447,33.92500000000109,40.359244565217566,1.0869565217391304
0.02-0.10,10,none,2.0,92,61,25,6,64.13043478260869,60.65573770491803,76.0,50.0,4.234800000000079,-1.0335803278686384,9.963999999999505,33.92500000000109,40.359244565217566,1.0869565217391304
0.02-0.10,1,none,2.0,134,89,37,8,69.40298507462687,68.53932584269663,75.67567567567568,50.0,7.604064179104279,6.08645617977535,11.222972972972187,7.749999999999545,29.710804477612083,2.2388059701492535
0.05-0.15,5,toward_target,2.5,36,16,16,4,69.44444444444444,68.75,75.0,50.0,-1.6590305555557987,-0.5156312500001832,0.907812500000091,-16.50000000000182,13.113886111111242,2.7777777777777777
0.05-0.15,5,toward_target,3.0,36,16,16,4,69.44444444444444,68.75,75.0,50.0,-3.7694472222225763,-1.6718812500000695,-1.4031250000000455,-21.62500000000273,13.113886111111242,2.7777777777777777
0.05-0.15,5,toward_target,2.0,36,16,16,4,66.66666666666666,62.5,75.0,50.0,0.35971944444418114,0.4343687499998623,3.21875,-11.375000000001819,13.113886111111242,5.555555555555555
0.05-0.15,5,none,2.0,180,109,51,20,62.77777777777778,59.63302752293578,74.50980392156863,50.0,-0.12335651041686206,-4.159671301605534,9.604901960783787,-2.9325000000002546,38.466972725694504,1.1111111111111112
0.02-0.10,1,after_adverse_0.02pct,2.0,107,72,27,8,71.02803738317756,72.22222222222221,74.07407407407408,50.0,8.44434485981299,7.225623611111183,11.899999999999569,7.749999999999545,34.46821028037399,0.0
0.02-0.10,10,after_adverse_0.02pct,3.0,78,50,22,6,67.94871794871796,68.0,72.72727272727273,50.0,2.0115307692311455,-4.986011999999719,9.211363636364034,33.92500000000109,45.975007692307905,0.0
0.02-0.10,10,after_adverse_0.02pct,4.0,78,50,22,6,67.94871794871796,68.0,72.72727272727273,50.0,2.761546153846398,-2.5339879999999537,6.297727272727736,33.92500000000109,45.975007692307905,0.0
0.02-0.10,10,after_adverse_0.02pct,5.0,78,50,22,6,67.94871794871796,68.0,72.72727272727273,50.0,4.510265384615591,-2.2979859999999097,11.961363636363869,33.92500000000109,45.975007692307905,0.0
0.02-0.10,10,after_adverse_0.02pct,2.5,78,50,22,6,66.66666666666666,66.0,72.72727272727273,50.0,1.8381416666667205,-3.915998999999829,6.164772727272231,33.92500000000109,45.975007692307905,0.0
0.02-0.10,10,after_adverse_0.02pct,2.0,78,50,22,6,65.38461538461539,64.0,72.72727272727273,50.0,4.364741025641123,-1.4100039999997898,9.427272727272298,33.92500000000109,45.975007692307905,0.0
0.02-0.10,10,none,1.5,92,61,25,6,58.69565217391305,54.09836065573771,72.0,50.0,1.8980836956522738,-3.043054098360505,7.470999999999913,28.912500000000364,40.359244565217566,1.0869565217391304
0.02-0.10,1,after_adverse_0.02pct,1.5,107,72,27,8,65.42056074766354,65.27777777777779,70.37037037037037,50.0,7.7340700934578095,5.897159722222164,12.06018518518478,9.665625000000091,34.46821028037399,0.0
0.05-0.15,5,none,1.5,180,109,51,20,58.88888888888889,55.96330275229357,68.62745098039215,50.0,1.2966193229165381,-3.6782891915137803,10.435294117646787,5.106249999999636,38.466972725694504,1.6666666666666667
0.02-0.10,10,after_adverse_0.02pct,1.5,78,50,22,6,58.97435897435898,56.00000000000001,68.18181818181817,50.0,1.4621455128206156,-4.090052999999898,6.594318181818215,28.912500000000364,45.975007692307905,0.0
0.05-0.15,10,toward_target,2.5,15,7,6,2,73.33333333333333,85.71428571428571,66.66666666666666,50.0,0.5982666666658285,7.717714285714984,-2.3625000000016976,-15.437500000003638,14.400026666667205,0.0
0.05-0.15,5,after_favourable_0.02pct,1.5,27,14,9,4,62.96296296296296,64.28571428571429,66.66666666666666,50.0,0.490737037036659,2.214278571428622,0.8055555555551513,-6.250000000001819,11.657403703703798,11.11111111111111
0.05-0.15,15,after_adverse_0.02pct,1.0,114,73,23,18,52.63157894736842,49.31506849315068,65.21739130434783,50.0,3.645179276315742,-3.3910898972602284,16.999999999999368,15.11666666666699,59.30706754385979,0.0
0.02-0.10,1,none,1.5,134,89,37,8,61.940298507462686,61.79775280898876,64.86486486486487,50.0,5.947908582089399,4.893761235955046,7.679729729729179,9.665625000000091,29.710804477612083,2.2388059701492535
0.02-0.10,10,none,1.0,92,61,25,6,47.82608695652174,40.98360655737705,64.0,50.0,1.3630293478261435,-5.322972131147432,11.773999999999942,25.958333333333332,40.359244565217566,1.0869565217391304
0.02-0.10,10,after_adverse_0.02pct,1.0,78,50,22,6,48.717948717948715,42.0,63.63636363636363,50.0,1.1089487179487594,-6.792039999999906,12.288636363636298,25.958333333333332,45.975007692307905,0.0
0.05-0.15,5,toward_target,1.5,36,16,16,4,61.111111111111114,62.5,62.5,50.0,0.565274999999676,1.6249937500000442,1.2093749999996817,-6.250000000001819,13.113886111111242,8.333333333333332
0.05-0.15,10,after_favourable_0.02pct,2.5,11,4,5,2,63.63636363636363,75.0,60.0,50.0,-4.916000000001077,5.431000000001404,-8.985000000002037,-15.437500000003638,13.904581818182619,0.0
0.05-0.15,2,after_favourable_0.02pct,2.0,22,11,9,2,63.63636363636363,72.72727272727273,55.55555555555556,50.0,-2.3772863636366477,1.2727000000000275,-2.6055555555556364,-21.42500000000291,11.109077272727188,0.0
0.05-0.15,10,toward_target,2.0,15,7,6,2,66.66666666666666,85.71428571428571,50.0,50.0,0.9799466666658797,8.049885714286315,-3.4666666666683645,-10.42500000000291,14.400026666667205,0.0
0.05-0.15,1,toward_target,1.0,48,28,18,2,58.333333333333336,64.28571428571429,50.0,50.0,0.8218604166664818,2.505332142856852,-1.7861111111109897,0.7249999999985448,13.680210416666531,4.166666666666666
0.05-0.15,2,after_favourable_0.02pct,1.5,22,11,9,2,59.09090909090909,72.72727272727273,44.44444444444444,50.0,-1.442059090909011,2.6386090909092506,-3.5333333333328483,-14.475000000002183,11.109077272727188,0.0
0.05-0.15,2,after_favourable_0.02pct,1.0,22,11,9,2,54.54545454545454,63.63636363636363,44.44444444444444,50.0,0.8772681818180982,3.622718181818279,-0.6111111111111112,-7.525000000001455,11.109077272727188,4.545454545454546
0.05-0.15,1,toward_target,0.75,48,28,18,2,52.083333333333336,57.14285714285714,44.44444444444444,50.0,1.574206249999861,2.6008714285712164,-0.35069444444424236,4.524999999997817,13.680210416666531,4.166666666666666
0.05-0.15,10,after_favourable_0.02pct,2.0,11,4,5,2,54.54545454545454,75.0,40.0,50.0,-4.3955272727282795,6.0123000000012325,-10.310000000002038,-10.42500000000291,13.904581818182619,0.0
0.05-0.15,2,after_favourable_0.02pct,0.75,22,11,9,2,45.45454545454545,54.54545454545454,33.33333333333333,50.0,1.1181761363637137,3.8124886363639234,-1.026388888888808,-4.050000000001091,11.109077272727188,9.090909090909092
0.05-0.15,0,none,1.5,428,265,122,41,59.57943925233645,58.867924528301884,64.75409836065575,48.78048780487805,0.5825423371786592,-0.22436101415096688,5.349252369364563,-8.385975609756205,18.247105549065353,4.439252336448598
0.05-0.15,0,not_away_more_than_0.03pct,1.5,428,265,122,41,59.57943925233645,58.867924528301884,64.75409836065575,48.78048780487805,0.5825423371786592,-0.22436101415096688,5.349252369364563,-8.385975609756205,18.247105549065353,4.439252336448598
0.02-0.10,0,none,2.0,351,231,93,27,54.700854700854705,55.41125541125541,54.83870967741935,48.148148148148145,-2.732820334757881,-1.8775822510822338,-3.1101982526881957,-8.750000000000673,10.222219017093963,15.384615384615385
0.02-0.10,0,not_away_more_than_0.03pct,2.0,351,231,93,27,54.700854700854705,55.41125541125541,54.83870967741935,48.148148148148145,-2.732820334757881,-1.8775822510822338,-3.1101982526881957,-8.750000000000673,10.222219017093963,15.384615384615385
0.02-0.10,0,none,1.5,351,231,93,27,49.572649572649574,51.515151515151516,45.16129032258064,48.148148148148145,-2.2070480413106495,-1.14254783549783,-4.199949596774405,-4.450000000000728,10.222219017093963,18.233618233618234
0.02-0.10,0,not_away_more_than_0.03pct,1.5,351,231,93,27,49.572649572649574,51.515151515151516,45.16129032258064,48.148148148148145,-2.2070480413106495,-1.14254783549783,-4.199949596774405,-4.450000000000728,10.222219017093963,18.233618233618234
0.05-0.15,3,none,1.5,193,120,52,21,62.17616580310881,61.66666666666667,69.23076923076923,47.61904761904761,1.3576122247409543,-3.033382005208341,13.098557692307832,-2.6238095238096277,37.664785864637416,0.0
0.05-0.15,15,none,0.75,137,84,34,19,45.98540145985402,42.857142857142854,52.94117647058824,47.368421052631575,4.077924361313832,-2.002819791666622,11.778308823529027,17.18157894736865,51.96464233576652,0.7299270072992701
0.05-0.15,2,after_adverse_0.02pct,1.5,158,100,41,17,62.65822784810127,60.0,75.60975609756098,47.05882352941176,2.1777980221518596,-3.431079125000106,19.12500000000009,-5.701470588235251,43.584515822785036,0.0
0.05-0.15,10,after_adverse_0.02pct,1.5,126,80,29,17,57.14285714285714,53.75,72.41379310344827,47.05882352941176,-0.44564920634916017,-6.6043974999999815,14.897413793103498,2.363235294117818,52.544092559523946,0.0
0.05-0.15,2,after_adverse_0.02pct,1.0,158,100,41,17,56.9620253164557,55.00000000000001,65.85365853658537,47.05882352941176,4.103457832278511,-0.19803662500007704,14.50365853658549,4.323529411765134,43.584515822785036,0.0
0.05-0.15,10,after_adverse_0.02pct,1.0,126,80,29,17,51.587301587301596,47.5,65.51724137931035,47.05882352941176,1.6369007936508362,-5.315631249999842,14.946551724137706,11.649999999999958,52.544092559523946,0.0
0.05-0.15,1,none,2.0,230,144,64,22,71.30434782608695,68.05555555555556,87.5,45.45454545454545,4.53713320652174,-0.29416223958331655,23.18359375,-18.084090909091007,33.54414000000011,0.8695652173913043
0.05-0.15,1,none,1.5,230,144,64,22,65.65217391304347,63.888888888888886,76.5625,45.45454545454545,3.183874510869543,-0.6396448784722174,16.989062499999932,-11.950000000000067,33.54414000000011,0.8695652173913043
0.03-0.12,1,none,3.0,174,117,48,9,75.28735632183908,73.50427350427351,85.41666666666666,44.44444444444444,5.336192528735473,0.947841880341904,18.64166666666627,-8.57777777777907,29.887924137931137,0.5747126436781609
0.03-0.12,1,none,4.0,174,117,48,9,75.28735632183908,73.50427350427351,85.41666666666666,44.44444444444444,4.312921264367701,-0.8397581196581102,18.54791666666627,-4.622222222222465,29.887924137931137,0.5747126436781609
0.03-0.12,1,none,2.5,174,117,48,9,74.13793103448276,71.7948717948718,85.41666666666666,44.44444444444444,6.1064497126435215,1.5311730769231235,19.13281249999947,-3.8888888888896975,29.887924137931137,0.5747126436781609
0.03-0.12,1,none,2.0,174,117,48,9,72.98850574712644,70.08547008547008,85.41666666666666,44.44444444444444,7.55602356321829,3.0196418803419736,20.419791666666242,-2.077777777778667,29.887924137931137,1.1494252873563218
0.03-0.12,1,after_adverse_0.02pct,2.5,124,85,30,9,70.16129032258065,68.23529411764706,83.33333333333334,44.44444444444444,5.058859274193515,-0.09589941176467726,22.348333333333358,-3.8888888888896975,36.749597580645336,0.0
0.03-0.12,1,after_adverse_0.02pct,3.0,124,85,30,9,70.16129032258065,68.23529411764706,83.33333333333334,44.44444444444444,3.618132258064502,-1.5306070588235077,21.86500000000027,-8.57777777777907,36.749597580645336,0.0
0.03-0.12,1,after_adverse_0.02pct,4.0,124,85,30,9,70.16129032258065,68.23529411764706,83.33333333333334,44.44444444444444,2.501202419354931,-3.73942235294117,22.320000000000437,-4.622222222222465,36.749597580645336,0.0
0.03-0.12,1,after_adverse_0.02pct,2.0,124,85,30,9,69.35483870967742,67.05882352941175,83.33333333333334,44.44444444444444,6.917333870967732,1.8035223529412392,24.10500000000005,-2.077777777778667,36.749597580645336,0.0
0.03-0.12,1,after_adverse_0.02pct,1.5,124,85,30,9,63.70967741935484,61.1764705882353,76.66666666666667,44.44444444444444,5.545752822580579,1.27233352941178,18.75749999999983,1.8666666666661815,36.749597580645336,0.0
0.03-0.12,1,none,1.5,174,117,48,9,65.51724137931035,64.95726495726495,70.83333333333334,44.44444444444444,4.983314942528628,2.5619384615385306,11.469791666666197,1.8666666666661815,29.887924137931137,1.1494252873563218
0.05-0.15,1,after_adverse_0.02pct,1.0,158,100,40,18,53.16455696202531,50.0,65.0,44.44444444444444,1.3464768196202535,-1.6945666250000067,13.891250000000037,-9.636111111111152,41.64843607594952,0.0
0.05-0.15,15,after_adverse_0.02pct,0.75,114,73,23,18,45.614035087719294,41.0958904109589,60.86956521739131,44.44444444444444,4.8238044956140165,-2.4876546232875603,19.13967391304291,16.183333333333493,59.30706754385979,0.0
0.05-0.15,3,after_adverse_0.02pct,1.0,150,97,37,16,47.333333333333336,44.329896907216494,56.75675675675676,43.75,-3.6193519375000323,-7.509822583762929,8.417567567567488,-7.868749999999864,43.61204314583339,0.0
0.05-0.15,3,after_adverse_0.02pct,0.75,150,97,37,16,44.0,40.20618556701031,54.054054054054056,43.75,-0.7812592708333977,-5.007746295103193,10.32668918918913,-0.8453124999998636,43.61204314583339,0.0
0.03-0.12,0,none,1.0,393,257,104,32,43.25699745547074,45.525291828793776,37.5,43.75,-1.3928912849872572,-0.4095696498053799,-4.051412259615343,-0.650000000000432,12.992941014630949,17.557251908396946
0.03-0.12,0,not_away_more_than_0.03pct,1.0,393,257,104,32,43.25699745547074,45.525291828793776,37.5,43.75,-1.3928912849872572,-0.4095696498053799,-4.051412259615343,-0.650000000000432,12.992941014630949,17.557251908396946
0.03-0.12,2,after_adverse_0.02pct,5.0,121,81,33,7,71.900826446281,69.1358024691358,84.84848484848484,42.857142857142854,3.091699173553904,-5.2716592592591,19.487878787878856,22.57142857142961,37.60952975206622,0.0
0.03-0.12,15,none,4.0,100,69,24,7,67.0,63.76811594202898,83.33333333333334,42.857142857142854,-1.044501999999975,-9.66666956521745,9.589583333333545,47.485714285714494,43.68302600000013,0.0
0.03-0.12,15,none,5.0,100,69,24,7,67.0,63.76811594202898,83.33333333333334,42.857142857142854,0.19002200000015365,-10.147069565217295,16.114583333333638,47.485714285714494,43.68302600000013,0.0
0.02-0.10,2,none,5.0,124,83,34,7,75.80645161290323,75.90361445783132,82.35294117647058,42.857142857142854,4.5564137096775115,1.612593975903603,8.033823529411915,22.57142857142961,31.447987096774327,0.8064516129032258
0.03-0.12,2,after_adverse_0.02pct,4.0,121,81,33,7,71.07438016528926,69.1358024691358,81.81818181818183,42.857142857142854,3.7284851239669967,-2.6413987654319544,17.84393939393924,10.892857142857142,37.60952975206622,0.0
0.03-0.12,2,after_adverse_0.02pct,3.0,121,81,33,7,70.24793388429752,67.90123456790124,81.81818181818183,42.857142857142854,5.361549586776871,-1.2333641975308212,19.272727272727163,16.09285714285735,37.60952975206622,0.0
0.03-0.12,2,after_adverse_0.02pct,2.0,121,81,33,7,69.42148760330579,66.66666666666666,81.81818181818183,42.857142857142854,7.234647107438057,1.5036086419753432,19.518181818181883,15.642857142857142,37.60952975206622,0.0
0.03-0.12,2,after_adverse_0.02pct,2.5,121,81,33,7,69.42148760330579,66.66666666666666,81.81818181818183,42.857142857142854,5.286906611570314,-1.3794358024691367,18.806060606060782,18.692857142857456,37.60952975206622,0.0
0.03-0.12,3,after_adverse_0.02pct,3.0,115,79,29,7,69.56521739130434,68.35443037974683,79.3103448275862,42.857142857142854,2.8178399999997845,-3.481625316455945,17.21206896551704,14.278571428571533,38.135663478260916,0.0
0.03-0.12,3,after_adverse_0.02pct,4.0,115,79,29,7,69.56521739130434,68.35443037974683,79.3103448275862,42.857142857142854,1.3074391304347797,-5.611955696202591,15.227586206896376,21.72857142857278,38.135663478260916,0.0
0.03-0.12,3,after_adverse_0.02pct,5.0,115,79,29,7,69.56521739130434,68.35443037974683,79.3103448275862,42.857142857142854,0.338317391304372,-7.698651898734262,17.06896551724138,21.72857142857278,38.135663478260916,0.0
0.02-0.10,2,after_adverse_0.02pct,5.0,101,66,28,7,73.26732673267327,74.24242424242425,78.57142857142857,42.857142857142854,3.5999485148517447,0.17567878787890964,6.928571428571819,22.57142857142961,36.2797178217824,0.0
0.03-0.12,5,after_adverse_0.02pct,3.0,106,76,23,7,66.98113207547169,65.78947368421053,78.26086956521739,42.857142857142854,0.7335009433961359,-4.423669736842098,14.306521739130245,12.128571428570597,38.831162264150905,0.0
0.03-0.12,5,after_adverse_0.02pct,4.0,106,76,23,7,66.98113207547169,65.78947368421053,78.26086956521739,42.857142857142854,-0.9570698113207501,-7.292755263157926,10.934782608695494,28.757142857143794,38.831162264150905,0.0
0.03-0.12,5,after_adverse_0.02pct,5.0,106,76,23,7,66.98113207547169,65.78947368421053,78.26086956521739,42.857142857142854,-3.059430188679248,-10.161836842105266,10.726086956521454,28.757142857143794,38.831162264150905,0.0
0.03-0.12,5,after_adverse_0.02pct,2.5,106,76,23,7,66.0377358490566,64.47368421052632,78.26086956521739,42.857142857142854,2.585869339622493,-2.9016164473684847,15.99239130434754,18.114285714285092,38.831162264150905,0.0
0.03-0.12,15,after_adverse_0.02pct,4.0,86,61,18,7,62.7906976744186,60.65573770491803,77.77777777777779,42.857142857142854,-2.9546511627906384,-11.934426229508256,7.861111111111516,47.485714285714494,48.99014883720949,0.0
0.03-0.12,15,after_adverse_0.02pct,5.0,86,61,18,7,62.7906976744186,60.65573770491803,77.77777777777779,42.857142857142854,-1.519158139534675,-12.477829508196606,16.561111111111636,47.485714285714494,48.99014883720949,0.0
0.02-0.10,3,none,5.0,116,79,30,7,73.27586206896551,74.68354430379746,76.66666666666667,42.857142857142854,2.5569379310344442,-0.4347493670888117,5.96166666666674,21.72857142857278,31.958163793103548,0.8620689655172413
0.02-0.10,3,none,4.0,116,79,30,7,72.41379310344827,73.41772151898735,76.66666666666667,42.857142857142854,3.055631896551686,0.9734594936707472,4.18166666666657,21.72857142857278,31.958163793103548,0.8620689655172413
0.02-0.10,3,none,3.0,116,79,30,7,70.6896551724138,70.88607594936708,76.66666666666667,42.857142857142854,3.2615905172410278,2.43600632911362,2.864999999999418,14.278571428571533,31.958163793103548,0.8620689655172413
0.02-0.10,2,none,4.0,124,83,34,7,73.38709677419355,74.69879518072288,76.47058823529412,42.857142857142854,3.412874999999971,3.1848975903614196,2.4294117647058395,10.892857142857142,31.447987096774327,0.8064516129032258
0.02-0.10,2,none,3.0,124,83,34,7,72.58064516129032,73.49397590361446,76.47058823529412,42.857142857142854,4.847551612903096,4.034293975903509,4.517647058823273,16.09285714285735,31.447987096774327,0.8064516129032258
0.02-0.10,2,none,2.5,124,83,34,7,70.16129032258065,69.87951807228916,76.47058823529412,42.857142857142854,5.400158870967619,3.624032530120377,6.999264705882096,18.692857142857456,31.447987096774327,0.8064516129032258
0.03-0.12,10,after_adverse_0.02pct,3.0,92,64,21,7,63.04347826086957,60.9375,76.19047619047619,42.857142857142854,-2.962483695651866,-10.274976562499717,15.200000000000381,9.40714285714317,45.9945554347828,0.0
0.03-0.12,10,after_adverse_0.02pct,2.0,92,64,21,7,61.95652173913043,59.375,76.19047619047619,42.857142857142854,-0.20378369565198384,-5.967939062499681,11.973809523809212,15.964285714286234,45.9945554347828,0.0
0.03-0.12,10,after_adverse_0.02pct,2.5,92,64,21,7,61.95652173913043,59.375,76.19047619047619,42.857142857142854,-2.695623913043243,-9.268709374999673,12.209523809523706,12.6857142857147,45.9945554347828,0.0
0.03-0.12,3,after_adverse_0.02pct,2.5,115,79,29,7,68.69565217391305,68.35443037974683,75.86206896551724,42.857142857142854,3.443923478260726,-1.3078962025319003,13.116379310344827,17.00000000000052,38.135663478260916,0.0
0.02-0.10,2,after_adverse_0.02pct,4.0,101,66,28,7,72.27722772277228,74.24242424242425,75.0,42.857142857142854,2.771741584158494,2.6514530303031387,1.025000000000026,10.892857142857142,36.2797178217824,0.0
0.02-0.10,2,after_adverse_0.02pct,3.0,101,66,28,7,71.28712871287128,72.72727272727273,75.0,42.857142857142854,4.369270297029649,3.545398484848468,3.380357142856935,16.09285714285735,36.2797178217824,0.0
0.02-0.10,5,none,4.0,107,72,28,7,70.09345794392523,70.83333333333334,75.0,42.857142857142854,2.318694392523212,-0.3395791666668326,4.337499999999636,21.585714285715117,33.65327943925243,0.9345794392523363
0.02-0.10,5,none,5.0,107,72,28,7,70.09345794392523,70.83333333333334,75.0,42.857142857142854,0.35794859813066526,-2.481243055555726,2.3517857142852727,21.585714285715117,33.65327943925243,0.9345794392523363
0.02-0.10,2,after_adverse_0.02pct,2.5,101,66,28,7,69.3069306930693,69.6969696969697,75.0,42.857142857142854,5.34004455445542,3.515068181818165,6.303571428571298,18.692857142857456,36.2797178217824,0.0
0.02-0.10,2,after_adverse_0.02pct,2.0,101,66,28,7,68.31683168316832,68.18181818181817,75.0,42.857142857142854,6.811839603960366,5.2241787878787855,8.346428571428467,15.642857142857142,36.2797178217824,0.0
0.03-0.12,10,none,3.0,108,74,27,7,62.96296296296296,60.810810810810814,74.07407407407408,42.857142857142854,-2.9393240740738897,-8.76752702702669,9.833333333333064,9.40714285714317,40.78609814814832,0.0
0.03-0.12,10,none,2.5,108,74,27,7,62.03703703703704,59.45945945945946,74.07407407407408,42.857142857142854,-2.4657050925924757,-7.770556081080744,8.145370370369804,12.6857142857147,40.78609814814832,0.0
0.02-0.10,2,none,2.0,124,83,34,7,68.54838709677419,68.67469879518072,73.52941176470588,42.857142857142854,6.284642741935401,5.117418072289085,7.207352941176342,15.642857142857142,31.447987096774327,0.8064516129032258
0.02-0.10,3,none,2.5,116,79,30,7,68.96551724137932,69.62025316455697,73.33333333333333,42.857142857142854,4.386805603447979,4.025562658227569,2.3949999999994662,17.00000000000052,31.958163793103548,0.8620689655172413
0.02-0.10,3,none,2.0,116,79,30,7,64.65517241379311,63.29113924050633,73.33333333333333,42.857142857142854,3.678833620689351,1.7771481012655788,6.211666666666133,14.285714285714286,31.958163793103548,0.8620689655172413
0.03-0.12,3,after_adverse_0.02pct,2.0,115,79,29,7,65.21739130434783,64.55696202531645,72.41379310344827,42.857142857142854,2.176526956521601,-2.4189797468356167,11.772413793103373,14.285714285714286,38.135663478260916,0.0
0.03-0.12,15,after_adverse_0.02pct,3.0,86,61,18,7,61.627906976744185,60.65573770491803,72.22222222222221,42.857142857142854,-5.470365116279175,-14.568055737705018,4.766666666666424,47.485714285714494,48.99014883720949,0.0
0.02-0.10,3,after_adverse_0.02pct,3.0,96,64,25,7,70.83333333333334,73.4375,72.0,42.857142857142854,2.8780906249996483,2.642135937499745,0.2899999999992724,14.278571428571533,36.516654166666704,0.0
0.02-0.10,3,after_adverse_0.02pct,4.0,96,64,25,7,70.83333333333334,73.4375,72.0,42.857142857142854,2.2312854166666134,0.23989687499982892,1.8699999999998544,21.72857142857278,36.516654166666704,0.0
0.02-0.10,3,after_adverse_0.02pct,5.0,96,64,25,7,70.83333333333334,73.4375,72.0,42.857142857142854,1.3432812499999613,-1.9264843750002285,4.006000000000058,21.72857142857278,36.516654166666704,0.0
0.02-0.10,5,none,3.0,107,72,28,7,68.22429906542055,69.44444444444444,71.42857142857143,42.857142857142854,1.0415887850465488,1.0104166666665908,0.142857142856883,4.957142857141922,33.65327943925243,0.9345794392523363
0.02-0.10,5,none,2.5,107,72,28,7,67.28971962616822,68.05555555555556,71.42857142857143,42.857142857142854,3.352335514018518,2.5267347222221463,3.5776785714282857,10.942857142856415,33.65327943925243,0.9345794392523363
0.02-0.10,5,none,2.0,107,72,28,7,64.48598130841121,63.888888888888886,71.42857142857143,42.857142857142854,4.605139252336269,2.8194430555554897,6.116071428571039,16.92857142857091,33.65327943925243,0.9345794392523363
0.05-0.15,2,none,1.5,203,126,56,21,62.06896551724138,61.111111111111114,71.42857142857143,42.857142857142854,1.8068511699507483,-2.240747718253982,15.307142857143065,-9.908333333333715,37.16035320197061,0.0
0.03-0.12,10,after_adverse_0.02pct,1.5,92,64,21,7,57.608695652173914,54.6875,71.42857142857143,42.857142857142854,-0.22746032608683495,-6.506271093749859,13.850000000000104,14.946428571428571,45.9945554347828,0.0
0.03-0.12,15,none,3.0,100,69,24,7,62.0,60.86956521739131,70.83333333333334,42.857142857142854,-5.500016000000159,-12.696400000000116,-0.26458333333372747,47.485714285714494,43.68302600000013,0.0
0.03-0.12,10,none,2.0,108,74,27,7,61.111111111111114,59.45945945945946,70.37037037037037,42.857142857142854,-0.3175657407406544,-4.789149999999657,7.716666666665939,15.964285714286234,40.78609814814832,0.0
0.03-0.12,2,after_adverse_0.02pct,1.5,121,81,33,7,63.63636363636363,62.96296296296296,69.6969696969697,42.857142857142854,5.702010330578469,2.5067067901234643,10.086363636363481,22.007142857142753,37.60952975206622,0.0
0.02-0.10,3,after_adverse_0.02pct,2.5,96,64,25,7,69.79166666666666,73.4375,68.0,42.857142857142854,4.455694791666342,4.931198437499717,-0.2740000000006694,17.00000000000052,36.516654166666704,0.0
0.02-0.10,3,after_adverse_0.02pct,2.0,96,64,25,7,64.58333333333334,65.625,68.0,42.857142857142854,3.434864583333024,1.9077656249997972,4.30599999999933,14.285714285714286,36.516654166666704,0.0
0.02-0.10,2,after_adverse_0.02pct,1.5,101,66,28,7,63.366336633663366,63.63636363636363,67.85714285714286,42.857142857142854,6.810613861386025,5.557530303030227,5.965178571428363,22.007142857142753,36.2797178217824,0.0
0.02-0.10,2,none,1.5,124,83,34,7,62.903225806451616,62.65060240963856,67.64705882352942,42.857142857142854,6.011061290322466,4.839115662650537,5.578676470588,22.007142857142753,31.447987096774327,0.8064516129032258
0.03-0.12,10,none,1.5,108,74,27,7,57.407407407407405,55.4054054054054,66.66666666666666,42.857142857142854,-0.05463518518510884,-5.1280486486484484,9.961111111110869,14.946428571428571,40.78609814814832,0.0
0.03-0.12,10,after_adverse_0.02pct,1.0,92,64,21,7,50.0,45.3125,66.66666666666666,42.857142857142854,0.802720652173973,-5.77812031249988,15.89523809523806,15.692857142856935,45.9945554347828,0.0
0.03-0.12,3,after_adverse_0.02pct,1.5,115,79,29,7,60.0,59.49367088607595,65.51724137931035,42.857142857142854,2.834349565217338,-1.8243645569620663,11.204310344827562,20.735714285713975,38.135663478260916,0.0
0.02-0.10,5,none,1.5,107,72,28,7,58.87850467289719,58.333333333333336,64.28571428571429,42.857142857142854,3.942491588784867,1.8728694444442782,4.521428571428389,22.914285714285402,33.65327943925243,0.9345794392523363
0.05-0.15,2,none,1.0,203,126,56,21,55.66502463054187,55.55555555555556,60.71428571428571,42.857142857142854,3.1002223522167687,0.3670249007936368,10.347321428571506,0.1738095238095931,37.16035320197061,0.49261083743842365
0.03-0.12,2,after_adverse_0.02pct,1.0,121,81,33,7,54.54545454545454,53.086419753086425,60.60606060606061,42.857142857142854,5.337157851239651,1.9098283950616737,9.333333333333334,26.157142857143167,37.60952975206622,0.0
0.02-0.10,3,after_adverse_0.02pct,1.5,96,64,25,7,58.333333333333336,59.375,60.0,42.857142857142854,3.660385937499806,1.5901882812499366,4.1789999999995056,20.735714285713975,36.516654166666704,0.0
0.03-0.12,10,none,1.0,108,74,27,7,49.074074074074076,45.94594594594595,59.25925925925925,42.857142857142854,0.7995425925926241,-4.579721621621477,11.681481481481265,15.692857142856935,40.78609814814832,0.0
0.02-0.10,2,none,1.0,124,83,34,7,50.0,46.98795180722892,58.82352941176471,42.857142857142854,4.2362612903225605,2.102968674698808,4.930882352941005,26.157142857143167,31.447987096774327,0.8064516129032258
0.02-0.10,2,after_adverse_0.02pct,1.0,101,66,28,7,50.495049504950494,48.484848484848484,57.14285714285714,42.857142857142854,4.975220792079181,2.8135954545454243,4.774999999999896,26.157142857143167,36.2797178217824,0.0
0.02-0.10,3,none,1.5,116,79,30,7,56.896551724137936,58.22784810126582,56.666666666666664,42.857142857142854,2.8665491379307744,1.720818987341611,1.7141666666661572,20.735714285713975,31.958163793103548,0.8620689655172413
0.02-0.10,5,none,1.0,107,72,28,7,46.728971962616825,45.83333333333333,50.0,42.857142857142854,2.2569616822427836,-0.1757652777779539,3.335714285714078,22.964285714285193,33.65327943925243,0.9345794392523363
0.03-0.12,2,after_adverse_0.02pct,0.75,121,81,33,7,44.62809917355372,44.44444444444444,45.45454545454545,42.857142857142854,2.616496694214641,0.9158469135800036,2.0140151515149753,25.13571428571387,37.60952975206622,0.0
0.02-0.10,2,none,0.75,124,83,34,7,38.70967741935484,37.34939759036144,41.17647058823529,42.857142857142854,1.7336364919352756,0.628565361445612,-0.38676470588260975,25.13571428571387,31.447987096774327,1.6129032258064515
0.02-0.10,2,after_adverse_0.02pct,0.75,101,66,28,7,38.613861386138616,37.878787878787875,39.285714285714285,42.857142857142854,1.87732128712846,0.750332575757332,-1.2808035714288053,25.13571428571387,36.2797178217824,0.0
0.05-0.15,10,none,1.5,148,92,37,19,59.45945945945946,58.69565217391305,70.27027027027027,42.10526315789473,0.46771959459458134,-4.356277173912986,13.210135135134978,-0.9881578947369187,47.039229476351515,0.0
0.05-0.15,10,none,1.0,148,92,37,19,53.37837837837838,52.17391304347826,62.16216216216216,42.10526315789473,1.9776945945946076,-3.3777304347824373,12.018918918918644,8.355263157894546,47.039229476351515,0.0
0.05-0.15,2,after_adverse_0.02pct,0.75,158,100,41,17,46.835443037974684,45.0,53.65853658536586,41.17647058823529,1.0864578322784664,-2.663896625000052,8.380182926829482,5.556617647058481,43.584515822785036,0.0
0.05-0.15,1,none,1.0,230,144,64,22,56.086956521739125,56.25,60.9375,40.909090909090914,1.6601810326086786,0.2645252604166394,9.313281250000045,-11.46818181818195,33.54414000000011,0.8695652173913043
0.02-0.10,0,none,1.0,351,231,93,27,37.89173789173789,39.82683982683983,32.25806451612903,40.74074074074074,-2.1846680199430772,-1.2457645021645103,-4.6128696236559605,-1.8537037037042157,10.222219017093963,25.925925925925924
0.02-0.10,0,not_away_more_than_0.03pct,1.0,351,231,93,27,37.89173789173789,39.82683982683983,32.25806451612903,40.74074074074074,-2.1846680199430772,-1.2457645021645103,-4.6128696236559605,-1.8537037037042157,10.222219017093963,25.925925925925924
0.03-0.12,0,none,0.75,393,257,104,32,39.44020356234097,43.190661478599225,29.807692307692307,40.625,-0.48008688573464514,0.43014338521408807,-3.236139385516708,1.1667968750000455,12.992941014630949,21.119592875318066
0.03-0.12,0,not_away_more_than_0.03pct,0.75,393,257,104,32,39.44020356234097,43.190661478599225,29.807692307692307,40.625,-0.48008688573464514,0.43014338521408807,-3.236139385516708,1.1667968750000455,12.992941014630949,21.119592875318066
0.05-0.15,3,not_away_more_than_0.03pct,4.0,50,26,19,5,90.0,92.3076923076923,100.0,40.0,8.07693400000011,7.172949999999848,24.4368421052635,-49.38999999999942,18.536944000000258,0.0
0.05-0.15,3,not_away_more_than_0.03pct,5.0,50,26,19,5,90.0,92.3076923076923,100.0,40.0,7.571932000000342,9.011407692307959,24.4368421052635,-63.999999999999275,18.536944000000258,0.0
0.05-0.15,3,not_away_more_than_0.03pct,3.0,50,26,19,5,88.0,88.46153846153845,100.0,40.0,10.04893600000014,8.155646153846087,24.4368421052635,-34.77999999999956,18.536944000000258,0.0
0.05-0.15,3,not_away_more_than_0.03pct,2.5,50,26,19,5,86.0,84.61538461538461,100.0,40.0,10.465937000000048,7.552763461538304,24.4368421052635,-27.475,18.536944000000258,0.0
0.05-0.15,3,not_away_more_than_0.03pct,2.0,50,26,19,5,80.0,80.76923076923077,89.47368421052632,40.0,7.949938000000256,7.038342307692242,16.59736842105332,-20.16999999999971,18.536944000000258,0.0
0.05-0.15,5,not_away_more_than_0.03pct,2.5,54,27,22,5,68.51851851851852,66.66666666666666,77.27272727272727,40.0,-1.9250342592593168,-0.10469814814812842,2.7329545454545454,-32.250000000000725,15.78886111111118,1.8518518518518516
0.05-0.15,5,not_away_more_than_0.03pct,2.0,54,27,22,5,66.66666666666666,62.96296296296296,77.27272727272727,40.0,0.5444111111110369,1.3647481481481616,5.193181818181818,-24.340000000000874,15.78886111111118,3.7037037037037033
0.05-0.15,5,not_away_more_than_0.03pct,1.5,54,27,22,5,62.96296296296296,62.96296296296296,68.18181818181817,40.0,1.8050601851850674,2.9767870370371248,4.511363636363471,-16.43000000000102,15.78886111111118,5.555555555555555
0.05-0.15,5,after_adverse_0.02pct,1.0,137,90,32,15,48.175182481751825,45.55555555555556,59.375,40.0,-2.143856729014758,-6.422315243055709,11.231249999999818,-5.0066666666668125,45.90734737682482,0.0
0.05-0.15,0,none,1.0,428,265,122,41,48.831775700934585,51.320754716981135,46.72131147540984,39.02439024390244,-0.2657918370327424,0.5865406839622425,0.050473872950771964,-6.715853658536639,18.247105549065353,7.476635514018691
0.05-0.15,0,not_away_more_than_0.03pct,1.0,428,265,122,41,48.831775700934585,51.320754716981135,46.72131147540984,39.02439024390244,-0.2657918370327424,0.5865406839622425,0.050473872950771964,-6.715853658536639,18.247105549065353,7.476635514018691
0.05-0.15,3,none,1.0,193,120,52,21,50.259067357512954,50.83333333333333,53.84615384615385,38.095238095238095,-2.657020676813499,-4.730041588541705,5.332692307692294,-10.595238095238095,37.664785864637416,0.0
0.05-0.15,2,none,0.75,203,126,56,21,46.79802955665024,46.82539682539682,50.0,38.095238095238095,1.0558943965517371,-1.4144122023809316,6.201785714285896,2.1553571428566576,37.16035320197061,0.9852216748768473
0.05-0.15,3,none,0.75,193,120,52,21,45.59585492227979,45.0,50.0,38.095238095238095,-0.46472106541456165,-3.087947213541747,7.002403846153846,-3.964880952380987,37.664785864637416,0.5181347150259068
0.03-0.12,2,none,5.0,153,103,42,8,75.81699346405229,73.7864077669903,88.09523809523809,37.5,3.564665359477147,-2.841322330096976,18.852380952380848,5.781249999999545,32.26177320261441,0.0
0.03-0.12,3,none,5.0,143,97,38,8,73.42657342657343,72.16494845360825,84.21052631578947,37.5,1.457369230769282,-4.921094845360824,17.62236842105267,2.0125000000007276,33.23076363636374,0.0
0.03-0.12,3,none,4.0,143,97,38,8,72.72727272727273,71.1340206185567,84.21052631578947,37.5,2.239534265734301,-3.497903092783483,16.217105263157798,5.4125000000008185,33.23076363636374,0.0
0.03-0.12,3,none,3.0,143,97,38,8,71.32867132867133,69.0721649484536,84.21052631578947,37.5,3.3814538461536525,-2.1505371134022875,17.731578947368305,2.293749999999818,33.23076363636374,0.0
0.03-0.12,2,none,4.0,153,103,42,8,73.8562091503268,72.81553398058253,83.33333333333334,37.5,3.888532026143735,-1.0116951456309888,16.95952380952362,-1.6437500000010914,32.26177320261441,0.0
0.03-0.12,2,none,3.0,153,103,42,8,73.20261437908496,71.84466019417476,83.33333333333334,37.5,5.488536601307108,0.28782621359223237,18.20238095238078,5.699999999999363,32.26177320261441,0.0
0.03-0.12,2,none,2.5,153,103,42,8,71.24183006535948,68.93203883495146,83.33333333333334,37.5,5.135389542483632,-0.3969456310679888,17.895833333333332,9.371874999999818,32.26177320261441,0.0
0.03-0.12,3,none,2.5,143,97,38,8,69.93006993006993,68.04123711340206,81.57894736842105,37.5,3.8358230769229467,-0.5928072164950527,14.605921052631617,6.375,33.23076363636374,0.0
0.03-0.12,2,none,2.0,153,103,42,8,69.93464052287581,68.93203883495146,78.57142857142857,37.5,6.363667320261419,2.061564077669917,16.583333333333332,8.099999999999454,32.26177320261441,0.0
0.03-0.12,3,none,2.0,143,97,38,8,65.73426573426573,64.94845360824742,73.68421052631578,37.5,1.9831979020978219,-1.3309556701032559,9.660526315789626,5.699999999999818,33.23076363636374,0.0
0.03-0.12,5,none,2.0,131,87,36,8,61.832061068702295,59.77011494252874,72.22222222222221,37.5,0.13855419847309453,-2.5034413793103854,6.637499999999515,-0.37500000000045475,33.82978396946563,0.7633587786259541
0.03-0.12,2,none,1.5,153,103,42,8,64.05228758169935,64.07766990291263,69.04761904761905,37.5,5.090633660130657,2.4955529126214016,9.554761904761714,15.065624999999272,32.26177320261441,0.0
0.02-0.10,1,after_adverse_0.02pct,1.0,107,72,27,8,54.20560747663551,51.388888888888886,66.66666666666666,37.5,3.6191523364485083,2.0055458333334224,13.918518518518088,-16.618750000000546,34.46821028037399,0.0
0.03-0.12,5,none,1.5,131,87,36,8,56.48854961832062,56.32183908045977,61.111111111111114,37.5,0.07651030534335398,-2.16439252873571,3.584722222221899,8.659374999999727,33.82978396946563,1.5267175572519083
0.03-0.12,2,none,1.0,153,103,42,8,53.59477124183007,52.42718446601942,59.523809523809526,37.5,4.307808496732036,1.6217932038835166,7.888095238095221,20.09375,32.26177320261441,0.6535947712418301
0.03-0.12,3,none,1.5,143,97,38,8,58.74125874125874,60.824742268041234,57.89473684210527,37.5,1.4735811188810104,-0.6799268041237887,4.534868421052459,13.043749999999818,33.23076363636374,0.0
0.02-0.10,1,none,1.0,134,89,37,8,50.74626865671642,49.43820224719101,56.75675675675676,37.5,2.7104358208954222,1.9297573033708728,8.767567567567115,-16.618750000000546,29.710804477612083,2.2388059701492535
0.03-0.12,5,none,1.0,131,87,36,8,48.854961832061065,49.42528735632184,50.0,37.5,1.0010999999998436,-0.5115620689656022,2.1013888888886263,12.499999999999545,33.82978396946563,1.5267175572519083
0.03-0.12,2,none,0.75,153,103,42,8,44.44444444444444,44.66019417475729,45.23809523809524,37.5,2.306337581699207,1.0207004854367643,2.1083333333332295,19.898437499999545,32.26177320261441,1.3071895424836601
0.02-0.10,0,none,0.75,351,231,93,27,33.903133903133906,38.095238095238095,22.58064516129032,37.03703703703704,-1.5295621015847118,-0.45645811688308485,-4.5874674479165805,-0.17777777777775083,10.222219017093963,29.914529914529915
0.02-0.10,0,not_away_more_than_0.03pct,0.75,351,231,93,27,33.903133903133906,38.095238095238095,22.58064516129032,37.03703703703704,-1.5295621015847118,-0.45645811688308485,-4.5874674479165805,-0.17777777777775083,10.222219017093963,29.914529914529915
0.05-0.15,5,none,1.0,180,109,51,20,48.888888888888886,47.706422018348626,56.86274509803921,35.0,-1.440332621527927,-4.612017173165257,8.09901960784298,-8.480000000000292,38.466972725694504,1.6666666666666667
0.05-0.15,0,none,0.75,428,265,122,41,45.09345794392524,48.679245283018865,40.98360655737705,34.146341463414636,0.8932486291618278,1.7395333254717253,1.1506891969775246,-5.342682926829339,18.247105549065353,10.046728971962617
0.05-0.15,0,not_away_more_than_0.03pct,0.75,428,265,122,41,45.09345794392524,48.679245283018865,40.98360655737705,34.146341463414636,0.8932486291618278,1.7395333254717253,1.1506891969775246,-5.342682926829339,18.247105549065353,10.046728971962617
0.05-0.15,3,toward_target,4.0,29,17,9,3,89.65517241379311,94.11764705882352,100.0,33.33333333333333,4.894803448276246,9.688194117647285,16.64444444444477,-57.51666666666521,13.61033793103462,0.0
0.05-0.15,3,toward_target,5.0,29,17,9,3,89.65517241379311,94.11764705882352,100.0,33.33333333333333,3.151696551724571,9.41171764705905,16.64444444444477,-72.79999999999806,13.61033793103462,0.0
0.05-0.15,3,after_favourable_0.02pct,4.0,20,12,5,3,85.0,91.66666666666666,100.0,33.33333333333333,-0.5425299999996241,7.087450000000142,15.330000000000291,-57.51666666666521,12.094995000000017,0.0
0.05-0.15,3,after_favourable_0.02pct,5.0,20,12,5,3,85.0,91.66666666666666,100.0,33.33333333333333,-3.070034999999552,6.69577500000014,15.330000000000291,-72.79999999999806,12.094995000000017,0.0
0.05-0.15,3,toward_target,3.0,29,17,9,3,86.20689655172413,88.23529411764706,100.0,33.33333333333333,6.431013793103783,9.611729411764934,16.64444444444477,-42.23333333333236,13.61033793103462,0.0
0.05-0.15,3,after_favourable_0.02pct,1.5,20,12,5,3,80.0,83.33333333333334,100.0,33.33333333333333,5.588732500000242,7.754137500000222,15.330000000000291,-19.308333333333092,12.094995000000017,0.0
0.05-0.15,3,after_favourable_0.02pct,2.0,20,12,5,3,80.0,83.33333333333334,100.0,33.33333333333333,4.287480000000232,7.495800000000145,15.330000000000291,-26.949999999999516,12.094995000000017,0.0
0.05-0.15,3,after_favourable_0.02pct,2.5,20,12,5,3,80.0,83.33333333333334,100.0,33.33333333333333,2.986227500000223,7.237462500000068,15.330000000000291,-34.59166666666594,12.094995000000017,0.0
0.05-0.15,3,after_favourable_0.02pct,3.0,20,12,5,3,80.0,83.33333333333334,100.0,33.33333333333333,1.684975000000304,6.979125000000143,15.330000000000291,-42.23333333333236,12.094995000000017,0.0
0.05-0.15,3,toward_target,2.5,29,17,9,3,82.75862068965517,82.35294117647058,100.0,33.33333333333333,6.218084482758874,7.899967647058956,16.64444444444477,-34.59166666666594,13.61033793103462,0.0
0.05-0.15,2,toward_target,5.0,30,16,11,3,86.66666666666667,93.75,90.9090909090909,33.33333333333333,-5.97167666666719,3.940606250000201,-0.38181818181758653,-79.33333333334183,12.798323333333247,0.0
0.05-0.15,3,toward_target,2.0,29,17,9,3,79.3103448275862,82.35294117647058,88.88888888888889,33.33333333333333,4.889637931034768,8.352911764705983,8.961111111111677,-26.949999999999516,13.61033793103462,0.0
0.05-0.15,2,toward_target,4.0,30,16,11,3,80.0,87.5,81.81818181818183,33.33333333333333,-4.9183266666670535,2.693762500000048,-0.25454545454472693,-62.61666666667346,12.798323333333247,0.0
0.05-0.15,2,toward_target,3.0,30,16,11,3,73.33333333333333,75.0,81.81818181818183,33.33333333333333,-3.108330000000327,0.971881250000024,2.62727272727319,-45.90000000000509,12.798323333333247,0.0
0.05-0.15,2,toward_target,2.5,30,16,11,3,70.0,68.75,81.81818181818183,33.33333333333333,-2.146665000000333,0.21719062500005748,4.068181818181818,-37.5416666666703,12.798323333333247,0.0
0.05-0.15,3,after_favourable_0.02pct,1.0,20,12,5,3,70.0,75.0,80.0,33.33333333333333,3.2800250000000233,4.537541666666584,9.230000000000292,-11.666666666666666,12.094995000000017,0.0
0.05-0.15,3,after_favourable_0.02pct,0.75,20,12,5,3,65.0,66.66666666666666,80.0,33.33333333333333,4.023146250000082,4.50316041666656,9.992500000000291,-7.845833333332848,12.094995000000017,5.0
0.02-0.10,15,none,4.0,85,57,22,6,68.23529411764706,68.42105263157895,77.27272727272727,33.33333333333333,1.2247458823528552,-1.5394140350877583,-3.8227272727275374,45.99166666666679,41.74473058823537,1.1764705882352942
0.02-0.10,15,none,5.0,85,57,22,6,68.23529411764706,68.42105263157895,77.27272727272727,33.33333333333333,2.751809411764621,-1.6113368421053262,2.263636363636165,45.99166666666679,41.74473058823537,1.1764705882352942
0.02-0.10,15,none,3.0,85,57,22,6,65.88235294117646,64.91228070175438,77.27272727272727,33.33333333333333,-0.6588235294119787,-5.983333333333576,0.41363636363613215,45.99166666666679,41.74473058823537,1.1764705882352942
0.02-0.10,15,none,2.5,85,57,22,6,64.70588235294117,63.1578947368421,77.27272727272727,33.33333333333333,-0.18794470588267465,-5.805268421052907,1.7715909090903468,45.99166666666679,41.74473058823537,1.1764705882352942
0.02-0.10,5,after_adverse_0.02pct,3.0,91,62,23,6,70.32967032967034,72.58064516129032,73.91304347826086,33.33333333333333,1.5730791208789614,1.2629064516128687,1.7695652173910197,4.02499999999903,37.95276813186817,0.0
0.02-0.10,5,after_adverse_0.02pct,4.0,91,62,23,6,70.32967032967034,72.58064516129032,73.91304347826086,33.33333333333333,2.2576934065933867,-0.777417741935595,4.917391304347762,23.42500000000109,37.95276813186817,0.0
0.02-0.10,5,after_adverse_0.02pct,5.0,91,62,23,6,70.32967032967034,72.58064516129032,73.91304347826086,33.33333333333333,0.1615373626373584,-3.15645322580654,3.036956521739067,23.42500000000109,37.95276813186817,0.0
0.02-0.10,5,after_adverse_0.02pct,2.5,91,62,23,6,69.23076923076923,70.96774193548387,73.91304347826086,33.33333333333333,4.0571461538459985,2.8971822580644524,5.370652173912791,11.008333333332606,37.95276813186817,0.0
0.02-0.10,5,after_adverse_0.02pct,2.0,91,62,23,6,65.93406593406593,66.12903225806451,73.91304347826086,33.33333333333333,5.297258241758055,3.11049193548382,7.880434782608221,17.99166666666618,37.95276813186817,0.0
0.02-0.10,15,after_adverse_0.02pct,3.0,73,48,19,6,67.12328767123287,68.75,73.68421052631578,33.33333333333333,-1.122616438356277,-7.0364791666668225,-1.0605263157895504,45.99166666666679,47.23632739726039,0.0
0.02-0.10,15,after_adverse_0.02pct,4.0,73,48,19,6,67.12328767123287,68.75,73.68421052631578,33.33333333333333,0.46372602739729574,-2.682249999999916,-5.9657894736843256,45.99166666666679,47.23632739726039,0.0
0.02-0.10,15,after_adverse_0.02pct,5.0,73,48,19,6,67.12328767123287,68.75,73.68421052631578,33.33333333333333,2.2979726027397813,-2.682249999999916,1.0815789473683828,45.99166666666679,47.23632739726039,0.0
0.02-0.10,15,after_adverse_0.02pct,2.5,73,48,19,6,65.75342465753424,66.66666666666666,73.68421052631578,33.33333333333333,-0.6852890410961278,-6.9937729166668605,0.5118421052626984,45.99166666666679,47.23632739726039,0.0
0.02-0.10,15,none,2.0,85,57,22,6,62.35294117647059,61.40350877192983,72.72727272727273,33.33333333333333,1.7435235294115152,-2.9710614035089398,1.8909090909085287,45.99166666666679,41.74473058823537,1.1764705882352942
0.02-0.10,15,none,1.5,85,57,22,6,56.470588235294116,52.63157894736842,72.72727272727273,33.33333333333333,2.0591147058821018,-4.695618421052802,7.578409090908528,45.99166666666679,41.74473058823537,1.1764705882352942
0.02-0.10,15,none,1.0,85,57,22,6,51.76470588235295,45.614035087719294,72.72727272727273,33.33333333333333,2.3541141176468527,-3.9798298245615324,13.265909090908695,22.516666666666424,41.74473058823537,1.1764705882352942
0.03-0.12,1,after_adverse_0.02pct,1.0,124,85,30,9,54.83870967741935,51.76470588235295,70.0,33.33333333333333,3.5217637096773236,1.5141023529412077,16.043333333333067,-19.255555555556285,36.749597580645336,0.0
0.02-0.10,15,after_adverse_0.02pct,2.0,73,48,19,6,63.013698630136986,64.58333333333334,68.42105263157895,33.33333333333333,1.452724657534069,-3.79689791666677,0.6499999999995405,45.99166666666679,47.23632739726039,0.0
0.02-0.10,15,after_adverse_0.02pct,1.5,73,48,19,6,56.16438356164384,54.166666666666664,68.42105263157895,33.33333333333333,1.7092376712326731,-6.013555208333476,7.235526315789014,45.99166666666679,47.23632739726039,0.0
0.02-0.10,15,after_adverse_0.02pct,1.0,73,48,19,6,50.68493150684932,45.83333333333333,68.42105263157895,33.33333333333333,1.9417739726025889,-5.332302083333427,13.821052631578679,22.516666666666424,47.23632739726039,0.0
0.05-0.15,3,toward_target,1.5,29,17,9,3,72.41379310344827,82.35294117647058,66.66666666666666,33.33333333333333,3.4206741379309498,8.805855882353011,0.8249999999995149,-19.308333333333092,13.61033793103462,0.0
0.02-0.10,5,after_adverse_0.02pct,1.5,91,62,23,6,60.43956043956044,61.29032258064516,65.21739130434783,33.33333333333333,4.395026373626164,2.045925806451446,5.358695652173597,24.974999999999756,37.95276813186817,0.0
0.02-0.10,15,none,0.75,85,57,22,6,44.70588235294118,38.59649122807017,63.63636363636363,33.33333333333333,3.289999705882142,-3.3945179824562124,12.876704545453983,31.641666666666424,41.74473058823537,1.1764705882352942
0.02-0.10,15,after_adverse_0.02pct,0.75,73,48,19,6,43.83561643835616,37.5,63.1578947368421,33.33333333333333,3.2445188356163124,-4.7216171875000255,14.401973684210182,31.641666666666424,47.23632739726039,0.0
0.03-0.12,1,none,1.0,174,117,48,9,55.74712643678161,55.55555555555556,60.416666666666664,33.33333333333333,3.0692367816091273,2.280317948718003,9.178124999999758,-19.255555555556285,29.887924137931137,1.1494252873563218
0.02-0.10,5,after_adverse_0.02pct,1.0,91,62,23,6,49.45054945054945,48.38709677419355,56.52173913043478,33.33333333333333,2.986768131867903,-0.21780806451633614,5.87391304347804,25.03333333333285,37.95276813186817,0.0
0.05-0.15,3,toward_target,1.0,29,17,9,3,65.51724137931035,76.47058823529412,55.55555555555556,33.33333333333333,2.968979310344868,6.805905882352924,0.6000000000001617,-11.666666666666666,13.61033793103462,0.0
0.05-0.15,2,toward_target,2.0,30,16,11,3,60.0,68.75,54.54545454545454,33.33333333333333,-3.611666666666861,1.6625000000001364,-4.309090909090711,-29.18333333333673,12.798323333333247,0.0
0.05-0.15,1,after_adverse_0.02pct,0.75,158,100,40,18,45.56962025316456,46.0,50.0,33.33333333333333,-0.39331716772148523,0.040308875000082484,7.7840624999999815,-20.974305555555677,41.64843607594952,0.0
0.05-0.15,5,after_adverse_0.02pct,0.75,137,90,32,15,40.87591240875913,40.0,46.875,33.33333333333333,-4.1475886633212,-6.496884965277827,4.9519531250000455,-9.464166666666763,45.90734737682482,0.0
0.05-0.15,2,toward_target,1.5,30,16,11,3,56.666666666666664,68.75,45.45454545454545,33.33333333333333,-1.839168333333267,3.1078093750002154,-3.856818181817454,-20.825000000003154,12.798323333333247,0.0
0.05-0.15,2,toward_target,1.0,30,16,11,3,50.0,56.25,45.45454545454545,33.33333333333333,-0.26833000000005996,2.0093812500001604,-0.2545454545453884,-12.466666666668365,12.798323333333247,3.3333333333333335
0.05-0.15,3,toward_target,0.75,29,17,9,3,55.172413793103445,64.70588235294117,44.44444444444444,33.33333333333333,2.3500112068966326,5.681636764705806,-0.5444444444442019,-7.845833333332848,13.61033793103462,3.4482758620689653
0.05-0.15,2,toward_target,0.75,30,16,11,3,43.333333333333336,50.0,36.36363636363637,33.33333333333333,0.6037516666667823,2.6781281250003985,0.011363636363636364,-8.28750000000097,12.798323333333247,6.666666666666667
0.05-0.15,1,none,0.75,230,144,64,22,48.69565217391305,51.388888888888886,48.4375,31.818181818181817,0.4743122282608807,1.3837105034722805,5.2898437500000455,-19.486931818182214,33.54414000000011,0.8695652173913043
0.05-0.15,5,none,0.75,180,109,51,20,42.22222222222222,43.11926605504588,45.09803921568628,30.0,-2.8873397048611777,-4.56108850344041,3.6791666666666094,-10.510000000000218,38.466972725694504,2.2222222222222223
0.05-0.15,10,after_adverse_0.02pct,0.75,126,80,29,17,38.88888888888889,36.25,51.724137931034484,29.411764705882355,-4.706948214285755,-8.6106309374999,9.193965517241129,-10.050000000000342,52.544092559523946,0.0
0.03-0.12,15,after_adverse_0.02pct,2.5,86,61,18,7,59.30232558139535,59.01639344262295,72.22222222222221,28.57142857142857,-6.629087209302587,-13.485270491803409,6.537499999999353,19.26071428571387,48.99014883720949,0.0
0.03-0.12,15,none,2.5,100,69,24,7,60.0,59.42028985507246,70.83333333333334,28.57142857142857,-6.210017000000317,-11.651473913043631,2.0052083333325754,19.26071428571387,43.68302600000013,0.0
0.03-0.12,5,after_adverse_0.02pct,2.0,106,76,23,7,60.37735849056604,60.526315789473685,69.56521739130434,28.57142857142857,-0.9570556603776085,-3.0558934210526836,6.276086956520885,-1.9357142857147014,38.831162264150905,0.0
0.03-0.12,15,none,2.0,100,69,24,7,57.99999999999999,57.971014492753625,66.66666666666666,28.57142857142857,-3.9785130000001665,-8.673207246376874,1.5645833333328483,23.292857142857038,43.68302600000013,0.0
0.03-0.12,15,after_adverse_0.02pct,2.0,86,61,18,7,56.97674418604651,57.377049180327866,66.66666666666666,28.57142857142857,-4.367454651162916,-10.215591803278734,4.6944444444440405,23.292857142857038,48.99014883720949,0.0
0.03-0.12,15,none,1.5,100,69,24,7,55.00000000000001,53.62318840579711,66.66666666666666,28.57142857142857,-1.9140115000000697,-7.712335507246425,6.228124999999788,27.32500000000021,43.68302600000013,0.0
0.03-0.12,15,after_adverse_0.02pct,1.5,86,61,18,7,53.48837209302325,52.459016393442624,66.66666666666666,28.57142857142857,-2.300011046511679,-9.227884426229556,9.656944444444283,27.32500000000021,48.99014883720949,0.0
0.03-0.12,15,none,1.0,100,69,24,7,51.0,49.275362318840585,62.5,28.57142857142857,-1.0920100000001367,-5.194217391304398,7.106249999999666,11.235714285713973,43.68302600000013,0.0
0.03-0.12,15,after_adverse_0.02pct,1.0,86,61,18,7,48.837209302325576,47.540983606557376,61.111111111111114,28.57142857142857,-1.6773348837210336,-6.478701639344301,9.57222222222198,11.235714285713973,48.99014883720949,0.0
0.03-0.12,5,after_adverse_0.02pct,1.5,106,76,23,7,55.660377358490564,56.57894736842105,60.86956521739131,28.57142857142857,-0.6811382075473478,-2.799350657894832,3.557608695651731,8.389285714285506,38.831162264150905,0.0
0.03-0.12,15,after_adverse_0.02pct,0.75,86,61,18,7,43.02325581395349,40.98360655737705,55.55555555555556,28.57142857142857,0.38778749999993695,-5.042422540983576,10.74583333333309,21.07321428571387,48.99014883720949,0.0
0.03-0.12,3,after_adverse_0.02pct,1.0,115,79,29,7,48.69565217391305,48.10126582278481,55.172413793103445,28.57142857142857,-0.0769730434783528,-1.9361000000000694,7.1206896551722885,-8.914285714285922,38.135663478260916,0.0
0.03-0.12,3,after_adverse_0.02pct,0.75,115,79,29,7,46.08695652173913,44.303797468354425,55.172413793103445,28.57142857142857,2.472160869565019,0.23858860759477626,10.645689655172113,-6.182142857143065,38.135663478260916,0.0
0.03-0.12,5,after_adverse_0.02pct,1.0,106,76,23,7,49.056603773584904,50.0,52.17391304347826,28.57142857142857,0.7428830188677548,-0.8151894736843133,2.228260869564901,12.778571428571013,38.831162264150905,0.0
0.02-0.10,3,after_adverse_0.02pct,1.0,96,64,25,7,47.91666666666667,48.4375,52.0,28.57142857142857,1.536947916666539,1.5296406249999563,4.48199999999968,-8.914285714285922,36.516654166666704,0.0
0.02-0.10,3,none,1.0,116,79,30,7,48.275862068965516,49.36708860759494,50.0,28.57142857142857,1.473229310344699,1.8727164556961426,2.844999999999709,-8.914285714285922,31.958163793103548,0.8620689655172413
0.03-0.12,15,none,0.75,100,69,24,7,44.0,43.47826086956522,50.0,28.57142857142857,0.3827452499998435,-3.8806228260869515,6.605208333332787,21.07321428571387,43.68302600000013,0.0
0.02-0.10,3,after_adverse_0.02pct,0.75,96,64,25,7,43.75,43.75,48.0,28.57142857142857,2.9067419270831656,2.3950738281248505,6.7614999999997965,-6.182142857143065,36.516654166666704,0.0
0.02-0.10,3,none,0.75,116,79,30,7,43.103448275862064,44.303797468354425,43.333333333333336,28.57142857142857,2.257821551723972,2.253415189873257,4.23874999999983,-6.182142857143065,31.958163793103548,0.8620689655172413
0.02-0.10,5,none,0.75,107,72,28,7,40.18691588785047,40.27777777777778,42.857142857142854,28.57142857142857,0.23711448598112278,-0.25786458333355866,3.8160714285713766,-8.987500000000312,33.65327943925243,0.9345794392523363
0.05-0.15,10,none,0.75,148,92,37,19,41.891891891891895,42.391304347826086,48.64864864864865,26.31578947368421,-3.324415878378401,-6.209386413043356,7.5560810810809045,-10.543421052632,47.039229476351515,0.0
0.05-0.15,1,not_away_more_than_0.03pct,2.0,79,47,28,4,81.0126582278481,78.72340425531915,92.85714285714286,25.0,6.821515189873302,5.11169574468078,17.43571428571418,-47.38750000000073,16.689251898734245,2.5316455696202533
0.05-0.15,2,not_away_more_than_0.03pct,2.0,56,31,21,4,73.21428571428571,77.41935483870968,76.19047619047619,25.0,5.016030357142848,6.0950870967742725,11.638095238095653,-38.11250000000291,16.78834107142864,0.0
0.05-0.15,1,not_away_more_than_0.03pct,1.5,79,47,28,4,73.41772151898735,76.59574468085107,75.0,25.0,4.570565189873378,5.661694680851028,8.184821428571402,-33.55000000000018,16.689251898734245,2.5316455696202533
0.05-0.15,2,not_away_more_than_0.03pct,1.5,56,31,21,4,66.07142857142857,70.96774193548387,66.66666666666666,25.0,4.3307607142859785,5.400729032258353,8.869047619048311,-27.787500000002183,16.78834107142864,0.0
0.05-0.15,1,not_away_more_than_0.03pct,1.0,79,47,28,4,62.0253164556962,68.08510638297872,57.14285714285714,25.0,2.6018569620252805,4.098865957446717,3.276785714285844,-19.712500000000546,16.689251898734245,2.5316455696202533
0.05-0.15,2,not_away_more_than_0.03pct,1.0,56,31,21,4,57.14285714285714,61.29032258064516,57.14285714285714,25.0,2.763366071428631,3.677370967742043,5.266666666666944,-17.462500000001455,16.78834107142864,1.7857142857142856
0.03-0.12,3,none,1.0,143,97,38,8,49.65034965034965,51.546391752577314,50.0,25.0,-0.20178181818190133,-0.6041731958763362,3.1407894736840767,-11.200000000000273,33.23076363636374,0.0
0.05-0.15,5,toward_target,1.0,36,16,16,4,47.22222222222222,50.0,50.0,25.0,-0.5027805555558492,1.446868749999794,0.9468749999998636,-14.100000000001273,13.113886111111242,8.333333333333332
0.02-0.10,1,after_adverse_0.02pct,0.75,107,72,27,8,45.794392523364486,47.22222222222222,48.148148148148145,25.0,0.5311775700934517,2.987826388889011,4.989814814814491,-36.62656250000009,34.46821028037399,0.0
0.05-0.15,2,not_away_more_than_0.03pct,0.75,56,31,21,4,51.78571428571429,58.06451612903226,47.61904761904761,25.0,3.257112946428736,4.627768548387277,4.1970238095241905,-12.300000000001091,16.78834107142864,3.571428571428571
0.03-0.12,3,none,0.75,143,97,38,8,46.15384615384615,47.42268041237113,47.368421052631575,25.0,1.7504069930068114,0.9075587628864651,5.946052631578679,-7.959375000000364,33.23076363636374,0.0
0.05-0.15,1,not_away_more_than_0.03pct,0.75,79,47,28,4,54.43037974683544,61.702127659574465,46.42857142857143,25.0,2.188572468354438,4.045685638297885,1.2116071428573767,-12.793750000001637,16.689251898734245,2.5316455696202533
0.05-0.15,5,after_favourable_0.02pct,1.0,27,14,9,4,48.148148148148145,57.14285714285714,44.44444444444444,25.0,-1.416670370370681,2.9035642857140505,-2.5,-14.100000000001273,11.657403703703798,11.11111111111111
0.05-0.15,5,toward_target,0.75,36,16,16,4,44.44444444444444,50.0,43.75,25.0,0.8833305555552519,2.213274999999726,2.2531249999999545,-9.915625000001455,13.113886111111242,11.11111111111111
0.02-0.10,1,none,0.75,134,89,37,8,44.02985074626866,46.06741573033708,43.24324324324324,25.0,0.5318845149253212,2.8762362359551576,2.927027027026614,-36.62656250000009,29.710804477612083,2.2388059701492535
0.03-0.12,5,none,0.75,131,87,36,8,42.74809160305343,44.827586206896555,41.66666666666667,25.0,-0.416733587786425,-0.33568505747137967,2.307986111110848,-13.559375000000273,33.82978396946563,2.2900763358778624
0.05-0.15,5,after_favourable_0.02pct,0.75,27,14,9,4,44.44444444444444,57.14285714285714,33.33333333333333,25.0,-0.20370740740778542,3.4669571428568298,-1.5972222222222223,-9.915625000001455,11.657403703703798,14.814814814814813
0.03-0.12,1,after_adverse_0.02pct,0.75,124,85,30,9,45.16129032258064,45.88235294117647,50.0,22.22222222222222,0.1623830645160876,1.9224764705883204,5.999999999999636,-35.91944444444461,36.749597580645336,0.0
0.03-0.12,1,none,0.75,174,117,48,9,47.701149425287355,50.427350427350426,45.83333333333333,22.22222222222222,0.6824512931034197,2.643773717948806,2.764583333333045,-35.91944444444461,29.887924137931137,1.1494252873563218
0.05-0.15,3,not_away_more_than_0.03pct,1.5,50,26,19,5,70.0,80.76923076923077,68.42105263157895,20.0,3.931938999999984,8.071998076923101,7.213157894736804,-30.065000000000147,18.536944000000258,0.0
0.05-0.15,5,not_away_more_than_0.03pct,1.0,54,27,22,5,50.0,51.85185185185185,54.54545454545454,20.0,0.8981018518517414,2.396203703703779,3.5590909090907106,-18.900000000000727,15.78886111111118,5.555555555555555
0.05-0.15,3,not_away_more_than_0.03pct,1.0,50,26,19,5,60.0,73.07692307692307,52.63157894736842,20.0,2.1289559999999255,6.471069230769199,1.8315789473683828,-19.320000000000437,18.536944000000258,0.0
0.05-0.15,3,not_away_more_than_0.03pct,0.75,50,26,19,5,52.0,61.53846153846154,47.368421052631575,20.0,2.384454499999956,4.954720192307692,3.1651315789474066,-13.947500000000582,18.536944000000258,2.0
0.05-0.15,5,not_away_more_than_0.03pct,0.75,54,27,22,5,42.592592592592595,48.148148148148145,40.909090909090914,20.0,0.012931944444298333,2.1087342592592098,0.5454545454543801,-13.647500000000582,15.78886111111118,7.4074074074074066
0.02-0.10,10,after_adverse_0.02pct,0.75,78,50,22,6,39.743589743589745,34.0,59.09090909090909,16.666666666666664,-2.2378442307692055,-6.257037000000018,13.925000000000265,-28.00833333333382,45.975007692307905,0.0
0.02-0.10,10,none,0.75,92,61,25,6,39.130434782608695,34.42622950819672,56.00000000000001,16.666666666666664,-1.5547701086956018,-4.759243442622899,12.613000000000175,-28.00833333333382,40.359244565217566,1.0869565217391304
0.02-0.10,5,after_adverse_0.02pct,0.75,91,62,23,6,41.75824175824176,41.935483870967744,47.82608695652174,16.666666666666664,0.3807401098898821,-0.4268572580647801,5.851086956521613,-12.243750000000242,37.95276813186817,0.0
0.03-0.12,10,after_adverse_0.02pct,0.75,92,64,21,7,40.21739130434783,37.5,57.14285714285714,14.285714285714285,-2.6355980978261435,-4.958984765624933,13.20833333333316,-28.925000000000832,45.9945554347828,0.0
0.03-0.12,10,none,0.75,108,74,27,7,39.81481481481482,39.189189189189186,48.148148148148145,14.285714285714285,-2.1091418981481924,-3.7819233108106887,9.42777777777748,-28.925000000000832,40.78609814814832,0.0
0.03-0.12,5,after_adverse_0.02pct,0.75,106,76,23,7,43.39622641509434,44.73684210526316,47.82608695652174,14.285714285714285,-0.7378830188680918,-0.707606578947506,4.112499999999747,-17.003571428571636,38.831162264150905,0.0
0.03-0.12,2,toward_target,5.0,14,8,5,1,92.85714285714286,100.0,100.0,0.0,0.30354285714188983,7.762449999999944,10.779999999999564,-111.75000000001091,9.882114285714254,0.0
0.03-0.12,3,not_away_more_than_0.03pct,5.0,34,21,12,1,91.17647058823529,90.47619047619048,100.0,0.0,8.477861764705855,8.009395238095403,21.337499999999938,-136.00000000000364,14.269055882353046,0.0
0.03-0.12,2,not_away_more_than_0.03pct,5.0,42,26,15,1,90.47619047619048,88.46153846153845,100.0,0.0,7.330919047618625,5.380715384615262,18.649999999999757,-111.75000000001091,13.497585714285552,0.0
0.03-0.12,3,not_away_more_than_0.03pct,4.0,34,21,12,1,88.23529411764706,85.71428571428571,100.0,0.0,8.489644117647057,6.733233333333503,21.337499999999938,-108.80000000000291,14.269055882353046,0.0
0.03-0.12,3,not_away_more_than_0.03pct,3.0,34,21,12,1,82.35294117647058,76.19047619047619,100.0,0.0,8.183714705882107,4.942680952380691,21.337499999999938,-81.60000000000218,14.269055882353046,0.0
0.03-0.12,3,not_away_more_than_0.03pct,2.5,34,21,12,1,79.41176470588235,71.42857142857143,100.0,0.0,7.977102941176247,3.960547619047464,21.337499999999938,-68.00000000000364,14.269055882353046,0.0
0.03-0.12,2,not_away_more_than_0.03pct,3.0,42,26,15,1,83.33333333333334,84.61538461538461,86.66666666666667,0.0,6.5475952380948,5.773038461538258,12.79666666666623,-67.05000000000655,13.497585714285552,0.0
0.03-0.12,2,not_away_more_than_0.03pct,4.0,42,26,15,1,83.33333333333334,84.61538461538461,86.66666666666667,0.0,4.842835714285208,4.723042307692105,11.333333333332849,-89.40000000000873,13.497585714285552,0.0
0.03-0.12,2,not_away_more_than_0.03pct,2.5,42,26,15,1,76.19047619047619,73.07692307692307,86.66666666666667,0.0,4.679083333332918,1.9027499999997768,13.5283333333328,-55.87500000000364,13.497585714285552,0.0
0.03-0.12,3,not_away_more_than_0.03pct,2.0,34,21,12,1,70.58823529411765,66.66666666666666,83.33333333333334,0.0,3.4572558823529107,3.087938095237838,8.925000000000486,-54.400000000001455,14.269055882353046,0.0
0.03-0.12,2,toward_target,3.0,14,8,5,1,78.57142857142857,87.5,80.0,0.0,-0.06071428571483141,4.062499999999773,6.740000000000146,-67.05000000000655,9.882114285714254,0.0
0.03-0.12,2,toward_target,4.0,14,8,5,1,78.57142857142857,87.5,80.0,0.0,-2.5464214285721027,3.1375124999997297,5.730000000000291,-89.40000000000873,9.882114285714254,0.0
0.03-0.12,2,toward_target,2.5,14,8,5,1,71.42857142857143,75.0,80.0,0.0,-1.0178607142860139,0.6749937500001124,7.244999999999709,-55.87500000000364,9.882114285714254,0.0
0.03-0.12,2,not_away_more_than_0.03pct,2.0,42,26,15,1,71.42857142857143,73.07692307692307,73.33333333333333,0.0,3.98801904761872,3.0556461538459327,8.849999999999758,-44.700000000004366,13.497585714285552,0.0
0.05-0.15,10,not_away_more_than_0.03pct,1.5,29,14,12,3,65.51724137931035,78.57142857142857,66.66666666666666,0.0,2.612044827586001,5.062450000000093,10.156249999999696,-39.000000000001215,18.646562068965697,0.0
0.03-0.12,2,not_away_more_than_0.03pct,1.5,42,26,15,1,64.28571428571429,65.38461538461539,66.66666666666666,0.0,2.7088595238092674,2.0450807692306907,6.274999999999758,-33.52500000000509,13.497585714285552,0.0
0.03-0.12,2,not_away_more_than_0.03pct,1.0,42,26,15,1,52.38095238095239,50.0,60.0,0.0,1.6547000000000047,0.8383615384616581,4.669999999999951,-22.350000000002183,13.497585714285552,2.380952380952381
0.05-0.15,10,toward_target,1.5,15,7,6,2,60.0,85.71428571428571,50.0,0.0,0.008293333332888626,8.382057142857645,0.06666666666569654,-29.475000000002183,14.400026666667205,0.0
0.05-0.15,10,not_away_more_than_0.03pct,1.0,29,14,12,3,55.172413793103445,71.42857142857143,50.0,0.0,0.7154931034480703,5.478521428571574,1.8374999999996362,-26.00000000000121,18.646562068965697,0.0
0.05-0.15,10,toward_target,1.0,15,7,6,2,53.333333333333336,71.42857142857143,50.0,0.0,1.8599599999996523,6.514200000000399,3.599999999999151,-19.650000000001455,14.400026666667205,0.0
0.03-0.12,3,not_away_more_than_0.03pct,1.5,34,21,12,1,58.82352941176471,66.66666666666666,50.0,0.0,-0.7420029411769065,4.131995238094879,-5.933333333334001,-40.79999999999927,14.269055882353046,0.0
0.03-0.12,3,not_away_more_than_0.03pct,1.0,34,21,12,1,52.94117647058824,57.14285714285714,50.0,0.0,0.7072676470588168,2.714147619047816,-0.47916666666696983,-27.200000000000728,14.269055882353046,0.0
0.03-0.12,2,not_away_more_than_0.03pct,0.75,42,26,15,1,45.23809523809524,46.15384615384615,46.666666666666664,0.0,1.4395250000000357,1.7513480769231626,2.1125,-16.762500000000728,13.497585714285552,4.761904761904762
0.03-0.12,3,not_away_more_than_0.03pct,0.75,34,21,12,1,47.05882352941176,52.38095238095239,41.66666666666667,0.0,0.5705058823528709,1.960580952381081,-0.1145833333336365,-20.400000000001455,14.269055882353046,0.0
0.03-0.12,2,toward_target,1.5,14,8,5,1,57.14285714285714,75.0,40.0,0.0,-2.733939285714509,2.6999812500000644,-5.269999999999709,-33.52500000000509,9.882114285714254,0.0
0.03-0.12,2,toward_target,2.0,14,8,5,1,57.14285714285714,75.0,40.0,0.0,-5.257150000000105,1.6874875000000884,-8.479999999999563,-44.700000000004366,9.882114285714254,0.0
0.05-0.15,10,after_favourable_0.02pct,1.0,11,4,5,2,45.45454545454545,75.0,40.0,0.0,-1.7954909090913134,7.174900000000889,-1.8300000000010186,-19.650000000001455,13.904581818182619,0.0
0.05-0.15,10,after_favourable_0.02pct,1.5,11,4,5,2,45.45454545454545,75.0,40.0,0.0,-5.720509090909631,6.593600000001061,-6.070000000001164,-29.475000000002183,13.904581818182619,0.0
0.03-0.12,2,toward_target,1.0,14,8,5,1,42.857142857142854,50.0,40.0,0.0,-3.1178571428571167,-1.3749999999997726,-2.0599999999998544,-22.350000000002183,9.882114285714254,7.142857142857142
0.05-0.15,10,toward_target,0.75,15,7,6,2,46.666666666666664,71.42857142857143,33.33333333333333,0.0,2.2783016666665694,6.9552892857147,2.493749999999636,-14.737500000001091,14.400026666667205,0.0
0.05-0.15,10,not_away_more_than_0.03pct,0.75,29,14,12,3,44.827586206896555,71.42857142857143,25.0,0.0,-1.674588793103449,6.374066071428778,-6.608333333333273,-19.50000000000121,18.646562068965697,0.0
0.05-0.15,10,after_favourable_0.02pct,0.75,11,4,5,2,36.36363636363637,75.0,20.0,0.0,-1.4000272727273775,7.465550000000803,-3.1575000000004367,-14.737500000001091,13.904581818182619,0.0
0.03-0.12,2,toward_target,0.75,14,8,5,1,28.57142857142857,37.5,20.0,0.0,-3.124110714285312,-0.9765687499993874,-3.832499999999709,-16.762500000000728,9.882114285714254,14.285714285714285
0.03-0.12,2,after_favourable_0.02pct,5.0,9,4,5,0,100.0,100.0,100.0,,8.177744444444114,4.924924999999803,10.779999999999564,,8.177744444444114,0.0
0.03-0.12,15,toward_target,4.0,9,4,5,0,100.0,100.0,100.0,,9.344444444444283,6.175000000000182,11.879999999999564,,9.344444444444283,0.0
0.03-0.12,15,toward_target,5.0,9,4,5,0,100.0,100.0,100.0,,9.344444444444283,6.175000000000182,11.879999999999564,,9.344444444444283,0.0
0.02-0.10,2,toward_target,5.0,8,4,4,0,100.0,100.0,100.0,,10.174987499999816,9.249975000000177,11.099999999999454,,10.174987499999816,0.0
0.02-0.10,3,toward_target,4.0,8,4,4,0,100.0,100.0,100.0,,10.262500000000273,5.550000000000182,14.975000000000364,,10.262500000000273,0.0
0.02-0.10,3,toward_target,5.0,8,4,4,0,100.0,100.0,100.0,,10.262500000000273,5.550000000000182,14.975000000000364,,10.262500000000273,0.0
0.02-0.10,15,toward_target,4.0,6,3,3,0,100.0,100.0,100.0,,8.39166666666612,7.033333333333455,9.749999999998787,,8.39166666666612,0.0
0.02-0.10,15,toward_target,5.0,6,3,3,0,100.0,100.0,100.0,,8.39166666666612,7.033333333333455,9.749999999998787,,8.39166666666612,0.0
0.03-0.12,15,after_favourable_0.02pct,4.0,6,2,4,0,100.0,100.0,100.0,,9.216666666666242,3.550000000000182,12.049999999999272,,9.216666666666242,0.0
0.03-0.12,15,after_favourable_0.02pct,5.0,6,2,4,0,100.0,100.0,100.0,,9.216666666666242,3.550000000000182,12.049999999999272,,9.216666666666242,0.0
0.02-0.10,2,after_favourable_0.02pct,5.0,5,1,4,0,100.0,100.0,100.0,,9.55999999999949,3.399999999999636,11.099999999999454,,9.55999999999949,0.0
0.02-0.10,10,toward_target,4.0,5,4,1,0,100.0,100.0,100.0,,6.510079999999652,5.675099999999929,9.849999999998545,,6.510079999999652,0.0
0.02-0.10,10,toward_target,5.0,5,4,1,0,100.0,100.0,100.0,,6.510079999999652,5.675099999999929,9.849999999998545,,6.510079999999652,0.0
0.02-0.10,3,after_favourable_0.02pct,4.0,4,3,1,0,100.0,100.0,100.0,,5.699999999999818,4.333333333333333,9.799999999999272,,5.699999999999818,0.0
0.02-0.10,3,after_favourable_0.02pct,5.0,4,3,1,0,100.0,100.0,100.0,,5.699999999999818,4.333333333333333,9.799999999999272,,5.699999999999818,0.0
0.02-0.10,10,after_favourable_0.02pct,4.0,3,2,1,0,100.0,100.0,100.0,,6.983466666665966,5.550199999999677,9.849999999998545,,6.983466666665966,0.0
0.02-0.10,10,after_favourable_0.02pct,5.0,3,2,1,0,100.0,100.0,100.0,,6.983466666665966,5.550199999999677,9.849999999998545,,6.983466666665966,0.0
0.02-0.10,15,after_favourable_0.02pct,4.0,3,1,2,0,100.0,100.0,100.0,,7.183333333331878,3.5,9.024999999997817,,7.183333333331878,0.0
0.02-0.10,15,after_favourable_0.02pct,5.0,3,1,2,0,100.0,100.0,100.0,,7.183333333331878,3.5,9.024999999997817,,7.183333333331878,0.0
0.03-0.12,1,after_favourable_0.02pct,5.0,17,11,6,0,94.11764705882352,90.9090909090909,100.0,,6.44996470588226,3.045399999999724,12.69166666666691,,8.391141176470496,0.0
0.03-0.12,15,not_away_more_than_0.03pct,4.0,18,9,9,0,94.44444444444444,88.88888888888889,100.0,,14.272211111111169,8.733311111110904,19.811111111111433,,14.577766666666726,0.0
0.03-0.12,15,not_away_more_than_0.03pct,5.0,18,9,9,0,94.44444444444444,88.88888888888889,100.0,,14.272211111111169,8.733311111110904,19.811111111111433,,14.577766666666726,0.0
0.03-0.12,3,toward_target,4.0,15,9,6,0,93.33333333333333,88.88888888888889,100.0,,9.933306666666855,5.366622222222456,16.783333333333456,,11.500006666666861,0.0
0.03-0.12,3,toward_target,5.0,15,9,6,0,93.33333333333333,88.88888888888889,100.0,,9.619966666666853,4.84438888888912,16.783333333333456,,11.500006666666861,0.0
0.03-0.12,1,toward_target,5.0,28,16,12,0,92.85714285714286,87.5,100.0,,7.189267857142307,0.5624687499995389,16.024999999999334,,11.089267857142463,0.0
0.05-0.15,15,toward_target,4.0,15,6,9,0,93.33333333333333,83.33333333333334,100.0,,9.03655999999925,-0.6419333333348428,15.488888888888646,,12.420026666666672,0.0
0.05-0.15,15,toward_target,5.0,15,6,9,0,93.33333333333333,83.33333333333334,100.0,,8.359866666665766,-2.3336666666685537,15.488888888888646,,12.420026666666672,0.0
0.03-0.12,3,after_favourable_0.02pct,4.0,8,6,2,0,87.5,83.33333333333334,100.0,,4.206212499999992,1.0166166666667777,13.774999999999636,,7.143775000000005,0.0
0.03-0.12,3,after_favourable_0.02pct,5.0,8,6,2,0,87.5,83.33333333333334,100.0,,3.61869999999999,0.23326666666677434,13.774999999999636,,7.143775000000005,0.0
0.02-0.10,3,not_away_more_than_0.03pct,5.0,23,17,6,0,86.95652173913044,82.35294117647058,100.0,,9.054339130434528,6.641164705882094,15.891666666666424,,10.528182608695795,4.3478260869565215
0.02-0.10,2,not_away_more_than_0.03pct,5.0,33,21,12,0,87.87878787878788,80.95238095238095,100.0,,10.242451515151101,6.0857571428566315,17.516666666666424,,12.633312121211985,3.0303030303030303
0.03-0.12,3,toward_target,3.0,15,9,6,0,86.66666666666667,77.77777777777779,100.0,,9.846646666666857,5.222188888889125,16.783333333333456,,11.500006666666861,0.0
0.02-0.10,3,not_away_more_than_0.03pct,4.0,23,17,6,0,82.6086956521739,76.47058823529412,100.0,,7.863039130434592,5.029405882352769,15.891666666666424,,10.528182608695795,4.3478260869565215
0.02-0.10,10,not_away_more_than_0.03pct,4.0,17,12,5,0,82.35294117647058,75.0,100.0,,9.435352941175712,5.5750833333328655,18.699999999998546,,11.188223529411463,5.88235294117647
0.02-0.10,10,not_away_more_than_0.03pct,5.0,17,12,5,0,82.35294117647058,75.0,100.0,,9.19419999999916,5.233449999999418,18.699999999998546,,11.188223529411463,5.88235294117647
0.05-0.15,15,after_favourable_0.02pct,4.0,11,4,7,0,90.9090909090909,75.0,100.0,,6.8998545454535565,-5.362900000002355,13.907142857142649,,11.513672727272768,0.0
0.05-0.15,15,after_favourable_0.02pct,5.0,11,4,7,0,90.9090909090909,75.0,100.0,,5.977090909089714,-7.900500000002921,13.907142857142649,,11.513672727272768,0.0
0.02-0.10,3,toward_target,3.0,8,4,4,0,87.5,75.0,100.0,,9.512500000000273,4.050000000000182,14.975000000000364,,10.262500000000273,0.0
0.02-0.10,1,after_favourable_0.02pct,5.0,6,4,2,0,83.33333333333334,75.0,100.0,,0.09164999999999661,-4.412525000000187,9.100000000000364,,5.591649999999997,0.0
0.02-0.10,1,toward_target,5.0,13,7,6,0,84.61538461538461,71.42857142857143,100.0,,1.7923076923069368,-9.007142857143533,14.391666666665818,,10.192307692307272,0.0
0.02-0.10,15,not_away_more_than_0.03pct,4.0,14,10,4,0,78.57142857142857,70.0,100.0,,7.985814285713526,5.8601399999992285,13.299999999999272,,10.114299999999796,7.142857142857142
0.02-0.10,15,not_away_more_than_0.03pct,5.0,14,10,4,0,78.57142857142857,70.0,100.0,,7.692985714284857,5.450179999999091,13.299999999999272,,10.114299999999796,7.142857142857142
0.03-0.12,3,toward_target,2.5,15,9,6,0,80.0,66.66666666666666,100.0,,7.906650000000082,1.988861111111166,16.783333333333456,,11.500006666666861,0.0
0.03-0.12,3,after_favourable_0.02pct,0.75,8,6,2,0,75.0,66.66666666666666,100.0,,5.7875031250000575,3.1250041666668644,13.774999999999636,,7.143775000000005,0.0
0.03-0.12,3,after_favourable_0.02pct,1.0,8,6,2,0,75.0,66.66666666666666,100.0,,5.59375,2.866666666666788,13.774999999999636,,7.143775000000005,0.0
0.03-0.12,3,after_favourable_0.02pct,1.5,8,6,2,0,75.0,66.66666666666666,100.0,,5.206243750000112,2.349991666666938,13.774999999999636,,7.143775000000005,0.0
0.03-0.12,3,after_favourable_0.02pct,2.0,8,6,2,0,75.0,66.66666666666666,100.0,,4.8187374999999975,1.8333166666667846,13.774999999999636,,7.143775000000005,0.0
0.03-0.12,3,after_favourable_0.02pct,2.5,8,6,2,0,75.0,66.66666666666666,100.0,,4.4312312499998825,1.3166416666666312,13.774999999999636,,7.143775000000005,0.0
0.03-0.12,3,after_favourable_0.02pct,3.0,8,6,2,0,75.0,66.66666666666666,100.0,,4.043724999999995,0.7999666666667812,13.774999999999636,,7.143775000000005,0.0
0.02-0.10,3,after_favourable_0.02pct,0.75,4,3,1,0,75.0,66.66666666666666,100.0,,5.043749999999818,3.4583333333333335,9.799999999999272,,5.699999999999818,0.0
0.02-0.10,3,after_favourable_0.02pct,1.0,4,3,1,0,75.0,66.66666666666666,100.0,,4.949999999999818,3.3333333333333335,9.799999999999272,,5.699999999999818,0.0
0.02-0.10,3,after_favourable_0.02pct,1.5,4,3,1,0,75.0,66.66666666666666,100.0,,4.762499999999818,3.0833333333333335,9.799999999999272,,5.699999999999818,0.0
0.02-0.10,3,after_favourable_0.02pct,2.0,4,3,1,0,75.0,66.66666666666666,100.0,,4.574999999999818,2.8333333333333335,9.799999999999272,,5.699999999999818,0.0
0.02-0.10,3,after_favourable_0.02pct,2.5,4,3,1,0,75.0,66.66666666666666,100.0,,4.387499999999818,2.5833333333333335,9.799999999999272,,5.699999999999818,0.0
0.02-0.10,3,after_favourable_0.02pct,3.0,4,3,1,0,75.0,66.66666666666666,100.0,,4.199999999999818,2.3333333333333335,9.799999999999272,,5.699999999999818,0.0
0.02-0.10,3,not_away_more_than_0.03pct,3.0,23,17,6,0,73.91304347826086,64.70588235294117,100.0,,6.2020782608690395,2.782223529411139,15.891666666666424,,10.528182608695795,4.3478260869565215
0.02-0.10,3,not_away_more_than_0.03pct,2.5,23,17,6,0,69.56521739130434,58.82352941176471,100.0,,5.292293478260509,1.5513382352937162,15.891666666666424,,10.528182608695795,4.3478260869565215
0.02-0.10,3,not_away_more_than_0.03pct,2.0,23,17,6,0,65.21739130434783,52.94117647058824,100.0,,4.482508695651711,0.45574705882298827,15.891666666666424,,10.528182608695795,4.3478260869565215
0.02-0.10,10,not_away_more_than_0.03pct,3.0,17,12,5,0,64.70588235294117,50.0,100.0,,5.264858823529186,-0.33311666666638,18.699999999998546,,11.188223529411463,5.88235294117647
0.02-0.10,15,not_away_more_than_0.03pct,1.0,14,10,4,0,64.28571428571429,50.0,100.0,,7.1357285714280545,4.6700199999995675,13.299999999999272,,10.114299999999796,7.142857142857142
0.02-0.10,15,not_away_more_than_0.03pct,1.5,14,10,4,0,64.28571428571429,50.0,100.0,,6.557171428570915,3.8600399999995716,13.299999999999272,,10.114299999999796,7.142857142857142
0.02-0.10,15,not_away_more_than_0.03pct,2.0,14,10,4,0,64.28571428571429,50.0,100.0,,5.978614285713645,3.0500599999993936,13.299999999999272,,10.114299999999796,7.142857142857142
0.02-0.10,15,not_away_more_than_0.03pct,2.5,14,10,4,0,64.28571428571429,50.0,100.0,,5.400057142856375,2.240079999999216,13.299999999999272,,10.114299999999796,7.142857142857142
0.02-0.10,15,not_away_more_than_0.03pct,3.0,14,10,4,0,64.28571428571429,50.0,100.0,,4.821499999999235,1.43009999999922,13.299999999999272,,10.114299999999796,7.142857142857142
0.02-0.10,3,toward_target,2.0,8,4,4,0,75.0,50.0,100.0,,6.25,-2.475000000000364,14.975000000000364,,10.262500000000273,0.0
0.02-0.10,3,toward_target,2.5,8,4,4,0,75.0,50.0,100.0,,5.581250000000182,-3.8125,14.975000000000364,,10.262500000000273,0.0
0.02-0.10,10,toward_target,1.5,5,4,1,0,60.0,50.0,100.0,,2.2349300000001677,0.33116250000057335,9.849999999998545,,6.510079999999652,0.0
0.02-0.10,10,toward_target,2.0,5,4,1,0,60.0,50.0,100.0,,1.3799000000002706,-0.7376249999992979,9.849999999998545,,6.510079999999652,0.0
0.02-0.10,10,toward_target,2.5,5,4,1,0,60.0,50.0,100.0,,0.5248700000003736,-1.806412499999169,9.849999999998545,,6.510079999999652,0.0
0.02-0.10,10,toward_target,3.0,5,4,1,0,60.0,50.0,100.0,,-0.3301599999995233,-2.8751999999990403,9.849999999998545,,6.510079999999652,0.0
0.02-0.10,10,after_favourable_0.02pct,1.0,3,2,1,0,66.66666666666666,50.0,100.0,,3.8832000000002154,0.8998000000010506,9.849999999998545,,6.983466666665966,0.0
0.02-0.10,10,after_favourable_0.02pct,1.5,3,2,1,0,66.66666666666666,50.0,100.0,,3.1081333333337775,-0.2627999999986059,9.849999999998545,,6.983466666665966,0.0
0.02-0.10,10,after_favourable_0.02pct,2.0,3,2,1,0,66.66666666666666,50.0,100.0,,2.33306666666734,-1.4253999999982625,9.849999999998545,,6.983466666665966,0.0
0.02-0.10,10,after_favourable_0.02pct,2.5,3,2,1,0,66.66666666666666,50.0,100.0,,1.5580000000009022,-2.587999999997919,9.849999999998545,,6.983466666665966,0.0
0.02-0.10,10,after_favourable_0.02pct,3.0,3,2,1,0,66.66666666666666,50.0,100.0,,0.7829333333344645,-3.7505999999975757,9.849999999998545,,6.983466666665966,0.0
0.02-0.10,10,not_away_more_than_0.03pct,2.0,17,12,5,0,58.82352941176471,41.66666666666667,100.0,,4.597176470587917,-1.2789999999998447,18.699999999998546,,11.188223529411463,5.88235294117647
0.02-0.10,10,not_away_more_than_0.03pct,2.5,17,12,5,0,58.82352941176471,41.66666666666667,100.0,,3.5898529411760514,-2.7060416666666547,18.699999999998546,,11.188223529411463,5.88235294117647
0.02-0.10,15,toward_target,1.0,6,3,3,0,66.66666666666666,33.33333333333333,100.0,,4.358333333332666,-1.0333333333334547,9.749999999998787,,8.39166666666612,0.0
0.02-0.10,15,toward_target,1.5,6,3,3,0,66.66666666666666,33.33333333333333,100.0,,3.3499999999994543,-3.0499999999998786,9.749999999998787,,8.39166666666612,0.0
0.02-0.10,15,toward_target,2.0,6,3,3,0,66.66666666666666,33.33333333333333,100.0,,2.341666666665939,-5.066666666666909,9.749999999998787,,8.39166666666612,0.0
0.02-0.10,15,toward_target,2.5,6,3,3,0,66.66666666666666,33.33333333333333,100.0,,1.3333333333324238,-7.08333333333394,9.749999999998787,,8.39166666666612,0.0
0.02-0.10,15,toward_target,3.0,6,3,3,0,66.66666666666666,33.33333333333333,100.0,,0.32499999999921175,-9.100000000000364,9.749999999998787,,8.39166666666612,0.0
0.02-0.10,10,toward_target,1.0,5,4,1,0,40.0,25.0,100.0,,0.009920000000056462,-2.4500999999995656,9.849999999998545,,6.510079999999652,0.0
0.02-0.10,15,after_favourable_0.02pct,0.75,3,1,2,0,66.66666666666666,0.0,100.0,,5.141666666665212,-2.625,9.024999999997817,,7.183333333331878,0.0
0.02-0.10,15,after_favourable_0.02pct,1.0,3,1,2,0,66.66666666666666,0.0,100.0,,4.849999999998545,-3.5,9.024999999997817,,7.183333333331878,0.0
0.02-0.10,15,after_favourable_0.02pct,1.5,3,1,2,0,66.66666666666666,0.0,100.0,,4.266666666665212,-5.25,9.024999999997817,,7.183333333331878,0.0
0.02-0.10,15,after_favourable_0.02pct,2.0,3,1,2,0,66.66666666666666,0.0,100.0,,3.6833333333318783,-7.0,9.024999999997817,,7.183333333331878,0.0
0.02-0.10,15,after_favourable_0.02pct,2.5,3,1,2,0,66.66666666666666,0.0,100.0,,3.099999999998545,-8.75,9.024999999997817,,7.183333333331878,0.0
0.02-0.10,15,after_favourable_0.02pct,3.0,3,1,2,0,66.66666666666666,0.0,100.0,,2.5166666666652113,-10.5,9.024999999997817,,7.183333333331878,0.0
0.03-0.12,1,not_away_more_than_0.03pct,5.0,56,35,21,0,91.07142857142857,88.57142857142857,95.23809523809523,,8.94372857142808,5.371394285714165,14.897619047617939,,13.804442857142833,0.0
0.02-0.10,1,not_away_more_than_0.03pct,5.0,33,20,13,0,78.78787878787878,70.0,92.3076923076923,,3.6985151515142536,-1.3874500000005354,11.523076923075468,,12.807557575757748,3.0303030303030303
0.03-0.12,1,toward_target,3.0,28,16,12,0,85.71428571428571,81.25,91.66666666666666,,7.446424999999246,2.037493749999726,14.658333333331939,,11.089267857142463,3.571428571428571
0.03-0.12,1,toward_target,4.0,28,16,12,0,85.71428571428571,81.25,91.66666666666666,,6.535714285713441,0.6999999999997044,14.31666666666509,,11.089267857142463,3.571428571428571
0.03-0.12,1,toward_target,2.5,28,16,12,0,78.57142857142857,68.75,91.66666666666666,,5.601767857142152,-1.3187812500001428,14.82916666666521,,11.089267857142463,3.571428571428571
0.03-0.12,1,toward_target,2.0,28,16,12,0,75.0,62.5,91.66666666666666,,6.1285535714280615,-0.5250312499999836,14.999999999998787,,11.089267857142463,7.142857142857142
0.03-0.12,1,not_away_more_than_0.03pct,3.0,56,35,21,0,87.5,85.71428571428571,90.47619047619048,,10.009807142856678,6.7428342857142916,15.454761904760657,,13.804442857142833,1.7857142857142856
0.03-0.12,1,not_away_more_than_0.03pct,4.0,56,35,21,0,87.5,85.71428571428571,90.47619047619048,,9.085701785713711,5.782837142857118,14.5904761904747,,13.804442857142833,1.7857142857142856
0.03-0.12,1,not_away_more_than_0.03pct,2.5,56,35,21,0,83.92857142857143,80.0,90.47619047619048,,9.321853571428164,5.3828228571429335,15.88690476190355,,13.804442857142833,1.7857142857142856
0.03-0.12,1,not_away_more_than_0.03pct,2.0,56,35,21,0,82.14285714285714,77.14285714285715,90.47619047619048,,9.819621428571152,5.9199657142858735,16.319047619046614,,13.804442857142833,3.571428571428571
0.05-0.15,15,toward_target,1.5,15,6,9,0,73.33333333333333,50.0,88.88888888888889,,6.0532933333328405,-1.454266666667536,11.05833333333309,,12.420026666666672,0.0
0.05-0.15,15,toward_target,2.0,15,6,9,0,73.33333333333333,50.0,88.88888888888889,,4.779946666666001,-3.3084666666676035,10.172222222221738,,12.420026666666672,0.0
0.05-0.15,15,toward_target,2.5,15,6,9,0,73.33333333333333,50.0,88.88888888888889,,3.5065999999991617,-5.162666666667671,9.286111111110383,,12.420026666666672,0.0
0.05-0.15,15,toward_target,3.0,15,6,9,0,73.33333333333333,50.0,88.88888888888889,,2.233253333332444,-7.016866666668041,8.399999999999434,,12.420026666666672,0.0
0.05-0.15,15,after_favourable_0.02pct,1.5,11,4,7,0,72.72727272727273,50.0,85.71428571428571,,4.786309090908452,-1.2064000000013948,8.210714285714078,,11.513672727272768,0.0
0.05-0.15,15,after_favourable_0.02pct,2.0,11,4,7,0,72.72727272727273,50.0,85.71428571428571,,3.4408363636355883,-2.912700000001223,7.071428571428052,,11.513672727272768,0.0
0.05-0.15,15,after_favourable_0.02pct,2.5,11,4,7,0,72.72727272727273,50.0,85.71428571428571,,2.095363636362725,-4.619000000001051,5.932142857142026,,11.513672727272768,0.0
0.05-0.15,15,after_favourable_0.02pct,3.0,11,4,7,0,72.72727272727273,50.0,85.71428571428571,,0.7498909090898617,-6.325300000001789,4.792857142856519,,11.513672727272768,0.0
0.02-0.10,1,not_away_more_than_0.03pct,3.0,33,20,13,0,72.72727272727273,65.0,84.61538461538461,,5.75607878787802,1.4225299999998242,12.423076923075245,,12.807557575757748,6.0606060606060606
0.02-0.10,1,not_away_more_than_0.03pct,4.0,33,20,13,0,72.72727272727273,65.0,84.61538461538461,,4.0636696969687005,-0.46244500000029803,11.026923076921006,,12.807557575757748,6.0606060606060606
0.02-0.10,1,not_away_more_than_0.03pct,2.5,33,20,13,0,69.6969696969697,60.0,84.61538461538461,,5.531060606059879,0.5974999999998545,13.121153846152223,,12.807557575757748,6.0606060606060606
0.02-0.10,1,not_away_more_than_0.03pct,2.0,33,20,13,0,66.66666666666666,55.00000000000001,84.61538461538461,,6.312115151514676,1.4324900000000524,13.819230769229481,,12.807557575757748,9.090909090909092
0.03-0.12,1,after_favourable_0.02pct,3.0,17,11,6,0,82.35294117647058,81.81818181818183,83.33333333333334,,5.379399999999484,2.881799999999864,9.95833333333212,,8.391141176470496,5.88235294117647
0.03-0.12,1,after_favourable_0.02pct,4.0,17,11,6,0,82.35294117647058,81.81818181818183,83.33333333333334,,4.626464705881731,2.0908999999998987,9.274999999998423,,8.391141176470496,5.88235294117647
0.02-0.10,2,not_away_more_than_0.03pct,3.0,33,21,12,0,78.78787878787878,76.19047619047619,83.33333333333334,,7.3878939393934795,5.780976190475745,10.199999999999514,,12.633312121211985,3.0303030303030303
0.02-0.10,2,not_away_more_than_0.03pct,4.0,33,21,12,0,78.78787878787878,76.19047619047619,83.33333333333334,,6.146999999999466,4.876238095237568,8.370833333332788,,12.633312121211985,3.0303030303030303
0.03-0.12,1,after_favourable_0.02pct,2.5,17,11,6,0,76.47058823529412,72.72727272727273,83.33333333333334,,4.047044117646639,0.6363409090909872,10.299999999998667,,8.391141176470496,5.88235294117647
0.02-0.10,2,not_away_more_than_0.03pct,2.5,33,21,12,0,72.72727272727273,66.66666666666666,83.33333333333334,,5.47872121212067,2.258228571428065,11.114583333332726,,12.633312121211985,3.0303030303030303
0.03-0.12,3,toward_target,2.0,15,9,6,0,73.33333333333333,66.66666666666666,83.33333333333334,,3.809986666666858,2.8444222222222177,5.258333333333819,,11.500006666666861,0.0
0.03-0.12,1,after_favourable_0.02pct,1.5,17,11,6,0,70.58823529411765,63.63636363636363,83.33333333333334,,4.935273529411728,1.6363318181819606,10.98333333333297,,8.391141176470496,11.76470588235294
0.03-0.12,1,after_favourable_0.02pct,2.0,17,11,6,0,70.58823529411765,63.63636363636363,83.33333333333334,,4.244099999999783,0.7545181818183085,10.641666666665818,,8.391141176470496,11.76470588235294
0.02-0.10,1,toward_target,3.0,13,7,6,0,69.23076923076923,57.14285714285714,83.33333333333334,,2.3461846153834185,-5.635657142857391,11.65833333333103,,10.192307692307272,7.6923076923076925
0.02-0.10,1,toward_target,4.0,13,7,6,0,69.23076923076923,57.14285714285714,83.33333333333334,,0.3846538461524548,-8.692785714286012,10.974999999997332,,10.192307692307272,7.6923076923076925
0.02-0.10,1,toward_target,2.5,13,7,6,0,61.53846153846154,42.857142857142854,83.33333333333334,,0.6076923076910205,-9.15714285714317,11.999999999997575,,10.192307692307272,7.6923076923076925
0.02-0.10,1,toward_target,2.0,13,7,6,0,53.84615384615385,28.57142857142857,83.33333333333334,,1.4230769230760836,-7.935714285714182,12.341666666664727,,10.192307692307272,15.384615384615385
0.03-0.12,2,after_favourable_0.02pct,2.5,9,4,5,0,88.88888888888889,100.0,80.0,,6.213855555555306,4.924924999999803,7.244999999999709,,8.177744444444114,0.0
0.03-0.12,2,after_favourable_0.02pct,3.0,9,4,5,0,88.88888888888889,100.0,80.0,,5.933299999999993,4.924924999999803,6.740000000000146,,8.177744444444114,0.0
0.03-0.12,2,after_favourable_0.02pct,4.0,9,4,5,0,88.88888888888889,100.0,80.0,,5.372188888888963,4.924924999999803,5.730000000000291,,8.177744444444114,0.0
0.03-0.12,15,toward_target,1.0,9,4,5,0,66.66666666666666,50.0,80.0,,3.111111111110707,0.125,5.499999999999273,,9.344444444444283,0.0
0.03-0.12,15,toward_target,1.5,9,4,5,0,66.66666666666666,50.0,80.0,,1.5527777777776162,-1.387499999999818,3.9049999999995633,,9.344444444444283,0.0
0.03-0.12,15,toward_target,2.0,9,4,5,0,66.66666666666666,50.0,80.0,,-0.005555555556081042,-2.900000000000091,2.309999999999127,,9.344444444444283,0.0
0.03-0.12,15,toward_target,2.5,9,4,5,0,66.66666666666666,50.0,80.0,,-1.5638888888897782,-4.412500000000364,0.7149999999986903,,9.344444444444283,0.0
0.03-0.12,15,toward_target,3.0,9,4,5,0,66.66666666666666,50.0,80.0,,-3.122222222222869,-5.925000000000182,-0.8800000000010186,,9.344444444444283,0.0
0.02-0.10,10,not_away_more_than_0.03pct,1.5,17,12,5,0,52.94117647058824,41.66666666666667,80.0,,2.200088235294328,0.14804166666696497,7.125,,11.188223529411463,5.88235294117647
0.03-0.12,10,not_away_more_than_0.03pct,4.0,20,11,9,0,85.0,90.9090909090909,77.77777777777779,,4.589969999998812,8.654490909090866,-0.3777777777803648,,13.477469999999903,0.0
0.03-0.12,10,not_away_more_than_0.03pct,5.0,20,11,9,0,85.0,90.9090909090909,77.77777777777779,,2.867469999998593,8.654490909090866,-4.205555555558628,,13.477469999999903,0.0
0.03-0.12,10,not_away_more_than_0.03pct,3.0,20,11,9,0,70.0,63.63636363636363,77.77777777777779,,2.562569999999414,1.8364909090915633,3.449999999997898,,13.477469999999903,0.0
0.03-0.12,10,not_away_more_than_0.03pct,2.5,20,11,9,0,65.0,54.54545454545454,77.77777777777779,,1.897574999999324,-0.9384999999997077,5.363888888887029,,13.477469999999903,0.0
0.02-0.10,2,after_favourable_0.02pct,2.5,5,1,4,0,80.0,100.0,75.0,,6.024999999999636,3.399999999999636,6.681249999999636,,9.55999999999949,0.0
0.02-0.10,2,after_favourable_0.02pct,3.0,5,1,4,0,80.0,100.0,75.0,,5.520000000000072,3.399999999999636,6.050000000000182,,9.55999999999949,0.0
0.02-0.10,2,after_favourable_0.02pct,4.0,5,1,4,0,80.0,100.0,75.0,,4.510000000000218,3.399999999999636,4.787500000000364,,9.55999999999949,0.0
0.02-0.10,2,toward_target,2.5,8,4,4,0,75.0,75.0,75.0,,4.728156249999756,2.7750624999998763,6.681249999999636,,10.174987499999816,0.0
0.02-0.10,2,toward_target,3.0,8,4,4,0,75.0,75.0,75.0,,3.9500375000000076,1.8500749999998334,6.050000000000182,,10.174987499999816,0.0
0.02-0.10,2,toward_target,4.0,8,4,4,0,75.0,75.0,75.0,,2.3938000000000557,9.999999974752427e-05,4.787500000000364,,10.174987499999816,0.0
0.02-0.10,2,not_away_more_than_0.03pct,2.0,33,21,12,0,69.6969696969697,66.66666666666666,75.0,,4.86508787878748,3.2784714285709406,7.641666666666424,,12.633312121211985,3.0303030303030303
0.03-0.12,15,after_favourable_0.02pct,1.0,6,2,4,0,66.66666666666666,50.0,75.0,,2.7333333333326664,0.0500000000001819,4.074999999998909,,9.216666666666242,0.0
0.03-0.12,15,after_favourable_0.02pct,1.5,6,2,4,0,66.66666666666666,50.0,75.0,,1.1124999999995755,-0.8249999999998181,2.0812499999992724,,9.216666666666242,0.0
0.03-0.12,15,after_favourable_0.02pct,2.0,6,2,4,0,66.66666666666666,50.0,75.0,,-0.5083333333341216,-1.699999999999818,0.08749999999872671,,9.216666666666242,0.0
0.03-0.12,15,after_favourable_0.02pct,2.5,6,2,4,0,66.66666666666666,50.0,75.0,,-2.129166666667819,-2.574999999999818,-1.906250000001819,,9.216666666666242,0.0
0.03-0.12,15,after_favourable_0.02pct,3.0,6,2,4,0,66.66666666666666,50.0,75.0,,-3.7500000000009095,-3.449999999999818,-3.900000000001455,,9.216666666666242,0.0
0.05-0.15,15,after_favourable_0.02pct,1.0,11,4,7,0,63.63636363636363,50.0,71.42857142857143,,5.259054545454174,0.499899999999343,7.978571428571221,,11.513672727272768,9.090909090909092
0.03-0.12,1,not_away_more_than_0.03pct,1.5,56,35,21,0,71.42857142857143,74.28571428571429,66.66666666666666,,4.9718491071426865,5.854244285714491,3.5011904761896795,,13.804442857142833,3.571428571428571
0.03-0.12,15,not_away_more_than_0.03pct,1.5,18,9,9,0,66.66666666666666,66.66666666666666,66.66666666666666,,1.9319333333329876,5.372199999999793,-1.5083333333338185,,14.577766666666726,0.0
0.03-0.12,15,not_away_more_than_0.03pct,2.0,18,9,9,0,66.66666666666666,66.66666666666666,66.66666666666666,,-0.5361222222228308,4.69997777777745,-5.772222222223111,,14.577766666666726,0.0
0.03-0.12,15,not_away_more_than_0.03pct,2.5,18,9,9,0,66.66666666666666,66.66666666666666,66.66666666666666,,-3.004177777778649,4.027755555555107,-10.036111111112405,,14.577766666666726,0.0
0.03-0.12,15,not_away_more_than_0.03pct,3.0,18,9,9,0,66.66666666666666,66.66666666666666,66.66666666666666,,-5.472233333334164,3.355533333332965,-14.300000000001294,,14.577766666666726,0.0
0.03-0.12,1,toward_target,1.5,28,16,12,0,64.28571428571429,62.5,66.66666666666666,,1.1339107142856457,0.7937187500001528,1.5874999999996362,,11.089267857142463,7.142857142857142
0.02-0.10,2,not_away_more_than_0.03pct,1.5,33,21,12,0,60.60606060606061,57.14285714285714,66.66666666666666,,2.4953939393936624,1.6201428571425605,4.027083333333091,,12.633312121211985,3.0303030303030303
0.03-0.12,10,not_away_more_than_0.03pct,2.0,20,11,9,0,60.0,54.54545454545454,66.66666666666666,,2.3200599999993754,0.43192727272765874,4.627777777775918,,13.477469999999903,0.0
0.03-0.12,1,after_favourable_0.02pct,0.75,17,11,6,0,58.82352941176471,54.54545454545454,66.66666666666666,,4.083063235294128,2.2829159090909923,7.383333333333212,,8.391141176470496,11.76470588235294
0.03-0.12,1,after_favourable_0.02pct,1.0,17,11,6,0,58.82352941176471,54.54545454545454,66.66666666666666,,3.46762352941176,1.7454181818181744,6.625,,8.391141176470496,11.76470588235294
0.05-0.15,15,toward_target,1.0,15,6,9,0,60.0,50.0,66.66666666666666,,2.573306666666516,0.3999333333328347,4.022222222222303,,12.420026666666672,6.666666666666667
0.02-0.10,2,not_away_more_than_0.03pct,1.0,33,21,12,0,51.515151515151516,42.857142857142854,66.66666666666666,,2.3938757575756564,-0.08105238095240133,6.724999999999757,,12.633312121211985,3.0303030303030303
0.02-0.10,15,toward_target,0.75,6,3,3,0,50.0,33.33333333333333,66.66666666666666,,1.5958333333322419,-0.025000000000242533,3.2166666666647266,,8.39166666666612,0.0
0.02-0.10,1,not_away_more_than_0.03pct,1.5,33,20,13,0,54.54545454545454,50.0,61.53846153846154,,2.0749803030301504,1.2124675000001843,3.4019230769224054,,12.807557575757748,9.090909090909092
0.02-0.10,10,not_away_more_than_0.03pct,1.0,17,12,5,0,41.17647058823529,33.33333333333333,60.0,,1.9412235294118598,0.2917333333334682,5.9,,11.188223529411463,5.88235294117647
0.05-0.15,15,after_favourable_0.02pct,0.75,11,4,7,0,54.54545454545454,50.0,57.14285714285714,,3.7817909090903084,1.3530499999992571,5.169642857142337,,11.513672727272768,9.090909090909092
0.03-0.12,15,not_away_more_than_0.03pct,1.0,18,9,9,0,61.111111111111114,66.66666666666666,55.55555555555556,,0.6055444444438964,6.044422222221935,-4.833333333334142,,14.577766666666726,0.0
0.03-0.12,10,not_away_more_than_0.03pct,1.5,20,11,9,0,55.00000000000001,54.54545454545454,55.55555555555556,,1.2400450000000092,1.8023545454550252,0.5527777777772118,,13.477469999999903,0.0
0.03-0.12,1,not_away_more_than_0.03pct,1.0,56,35,21,0,60.71428571428571,65.71428571428571,52.38095238095239,,3.615153571428599,4.499960000000127,2.140476190476052,,13.804442857142833,3.571428571428571
0.03-0.12,10,toward_target,4.0,9,5,4,0,77.77777777777779,100.0,50.0,,-9.488844444446537,6.920079999999871,-30.000000000004547,,9.650044444444777,0.0
0.03-0.12,10,toward_target,5.0,9,5,4,0,77.77777777777779,100.0,50.0,,-13.316622222224801,6.920079999999871,-38.61250000000564,,9.650044444444777,0.0
0.03-0.12,10,after_favourable_0.02pct,4.0,6,2,4,0,66.66666666666666,100.0,50.0,,-18.149933333336474,5.550199999999677,-30.000000000004547,,10.558400000000498,0.0
0.03-0.12,10,after_favourable_0.02pct,5.0,6,2,4,0,66.66666666666666,100.0,50.0,,-23.891600000003866,5.550199999999677,-38.61250000000564,,10.558400000000498,0.0
0.02-0.10,2,after_favourable_0.02pct,1.0,5,1,4,0,60.0,100.0,50.0,,0.5200000000000727,3.399999999999636,-0.1999999999998181,,9.55999999999949,0.0
0.02-0.10,2,after_favourable_0.02pct,1.5,5,1,4,0,60.0,100.0,50.0,,-1.7399999999997817,3.399999999999636,-3.024999999999636,,9.55999999999949,0.0
0.02-0.10,2,after_favourable_0.02pct,2.0,5,1,4,0,60.0,100.0,50.0,,-3.9999999999996363,3.399999999999636,-5.849999999999454,,9.55999999999949,0.0
0.02-0.10,2,toward_target,1.5,8,4,4,0,62.5,75.0,50.0,,0.800018750000163,4.625037499999962,-3.024999999999636,,10.174987499999816,0.0
0.02-0.10,2,toward_target,2.0,8,4,4,0,62.5,75.0,50.0,,-1.0749749999997675,3.7000499999999192,-5.849999999999454,,10.174987499999816,0.0
0.03-0.12,3,toward_target,1.0,15,9,6,0,60.0,66.66666666666666,50.0,,1.8533266666666652,4.555544444444523,-2.2000000000001214,,11.500006666666861,0.0
0.03-0.12,3,toward_target,1.5,15,9,6,0,60.0,66.66666666666666,50.0,,-0.5583433333338083,3.6999833333332695,-6.945833333334424,,11.500006666666861,0.0
0.03-0.12,10,toward_target,2.5,9,5,4,0,55.55555555555556,60.0,50.0,,-7.072294444445409,0.934870000000592,-17.08125000000291,,9.650044444444777,0.0
0.03-0.12,10,toward_target,3.0,9,5,4,0,55.55555555555556,60.0,50.0,,-9.46120000000115,0.079840000000695,-21.387500000003456,,9.650044444444777,0.0
0.03-0.12,1,toward_target,1.0,28,16,12,0,53.57142857142857,56.25,50.0,,0.19283928571433404,1.5812187499999482,-1.6583333333331514,,11.089267857142463,7.142857142857142
0.02-0.10,3,not_away_more_than_0.03pct,1.5,23,17,6,0,52.17391304347826,52.94117647058824,50.0,,-0.3055369565224638,1.7278029411757898,-6.0666666666675155,,10.528182608695795,4.3478260869565215
0.03-0.12,1,toward_target,0.75,28,16,12,0,50.0,50.0,50.0,,0.9923928571428016,1.3226249999999027,0.5520833333333334,,11.089267857142463,7.142857142857142
0.02-0.10,15,not_away_more_than_0.03pct,0.75,14,10,4,0,50.0,50.0,50.0,,3.0312571428563126,5.0750099999995655,-2.078125000001819,,10.114299999999796,7.142857142857142
0.02-0.10,2,toward_target,1.0,8,4,4,0,50.0,50.0,50.0,,-1.8874874999999065,-3.574974999999995,-0.1999999999998181,,10.174987499999816,0.0
0.02-0.10,3,toward_target,1.0,8,4,4,0,50.0,50.0,50.0,,-0.8875000000002728,0.1999999999998181,-1.9750000000003638,,10.262500000000273,0.0
0.02-0.10,3,toward_target,1.5,8,4,4,0,50.0,50.0,50.0,,-3.6750000000010914,-1.1375000000007276,-6.212500000001455,,10.262500000000273,0.0
0.02-0.10,1,after_favourable_0.02pct,2.5,6,4,2,0,50.0,50.0,50.0,,-1.874958333334689,-3.774937499999851,1.9249999999956344,,5.591649999999997,16.666666666666664
0.02-0.10,1,after_favourable_0.02pct,3.0,6,4,2,0,50.0,50.0,50.0,,-2.941616666667869,-4.862424999999803,0.8999999999959982,,5.591649999999997,16.666666666666664
0.02-0.10,1,after_favourable_0.02pct,4.0,6,4,2,0,50.0,50.0,50.0,,-5.074933333334836,-7.037399999999707,-1.1500000000050932,,5.591649999999997,16.666666666666664
0.03-0.12,10,after_favourable_0.02pct,2.5,6,2,4,0,50.0,50.0,50.0,,-12.250166666667914,-2.587999999997919,-17.08125000000291,,10.558400000000498,0.0
0.03-0.12,10,after_favourable_0.02pct,3.0,6,2,4,0,50.0,50.0,50.0,,-15.50853333333483,-3.7505999999975757,-21.387500000003456,,10.558400000000498,0.0
0.03-0.12,15,after_favourable_0.02pct,0.75,6,2,4,0,50.0,50.0,50.0,,-0.5979166666678187,0.4875000000001819,-1.140625000001819,,9.216666666666242,0.0
0.02-0.10,3,not_away_more_than_0.03pct,1.0,23,17,6,0,47.82608695652174,47.05882352941176,50.0,,0.6977217391303503,1.5351529411765275,-1.675000000000485,,10.528182608695795,4.3478260869565215
0.02-0.10,2,not_away_more_than_0.03pct,0.75,33,21,12,0,42.42424242424242,38.095238095238095,50.0,,1.5014537878786072,0.8207369047617942,2.69270833333303,,12.633312121211985,6.0606060606060606
0.02-0.10,1,toward_target,1.5,13,7,6,0,38.46153846153847,28.57142857142857,50.0,,-4.788461538461399,-5.514285714285246,-3.9416666666669093,,10.192307692307272,15.384615384615385
0.02-0.10,1,after_favourable_0.02pct,1.5,6,4,2,0,33.33333333333333,25.0,50.0,,-0.7416416666668132,-3.099962499999492,3.974999999998545,,5.591649999999997,33.33333333333333
0.02-0.10,1,after_favourable_0.02pct,2.0,6,4,2,0,33.33333333333333,25.0,50.0,,-2.008300000000721,-4.487449999999626,2.9499999999970896,,5.591649999999997,33.33333333333333
0.02-0.10,1,not_away_more_than_0.03pct,1.0,33,20,13,0,45.45454545454545,45.0,46.15384615384615,,2.4560363636362927,2.337460000000101,2.6384615384612027,,12.807557575757748,9.090909090909092
0.05-0.15,15,toward_target,0.75,15,6,9,0,46.666666666666664,50.0,44.44444444444444,,0.8408133333329412,1.327033333332717,0.5166666666664241,,12.420026666666672,6.666666666666667
0.03-0.12,1,not_away_more_than_0.03pct,0.75,56,35,21,0,55.35714285714286,62.857142857142854,42.857142857142854,,2.7421629464285746,4.8103178571429455,-0.7047619047620434,,13.804442857142833,3.571428571428571
0.03-0.12,2,after_favourable_0.02pct,1.5,9,4,5,0,66.66666666666666,100.0,40.0,,-0.7389222222221482,4.924924999999803,-5.269999999999709,,8.177744444444114,0.0
0.03-0.12,2,after_favourable_0.02pct,2.0,9,4,5,0,66.66666666666666,100.0,40.0,,-2.5222555555554007,4.924924999999803,-8.479999999999563,,8.177744444444114,0.0
0.03-0.12,2,after_favourable_0.02pct,1.0,9,4,5,0,55.55555555555556,75.0,40.0,,0.5777666666668261,3.874975000000177,-2.0599999999998544,,8.177744444444114,11.11111111111111
0.03-0.12,15,toward_target,0.75,9,4,5,0,44.44444444444444,50.0,40.0,,-1.0486111111121217,0.881249999999909,-2.5925000000017464,,9.344444444444283,0.0
0.02-0.10,1,not_away_more_than_0.03pct,0.75,33,20,13,0,42.42424242424242,45.0,38.46153846153847,,2.10262499999981,3.165581250000014,0.4673076923071886,,12.807557575757748,9.090909090909092
0.03-0.12,3,toward_target,0.75,15,9,6,0,53.333333333333336,66.66666666666666,33.33333333333333,,1.169161666666696,4.983325000000049,-4.552083333333333,,11.500006666666861,0.0
0.03-0.12,10,not_away_more_than_0.03pct,1.0,20,11,9,0,40.0,45.45454545454545,33.33333333333333,,-1.3174800000001596,1.7727636363638752,-5.094444444445092,,13.477469999999903,0.0
0.02-0.10,3,not_away_more_than_0.03pct,0.75,23,17,6,0,39.130434782608695,41.17647058823529,33.33333333333333,,-0.8022793478262231,0.39838676470582657,-4.204166666667031,,10.528182608695795,4.3478260869565215
0.02-0.10,1,toward_target,0.75,13,7,6,0,23.076923076923077,14.285714285714285,33.33333333333333,,-2.7644230769234968,-2.944642857143013,-2.554166666667394,,10.192307692307272,15.384615384615385
0.02-0.10,1,toward_target,1.0,13,7,6,0,23.076923076923077,14.285714285714285,33.33333333333333,,-4.615384615384755,-4.307142857142805,-4.975000000000364,,10.192307692307272,15.384615384615385
0.03-0.12,10,toward_target,1.5,9,5,4,0,44.44444444444444,60.0,25.0,,-4.502816666667261,2.644930000000386,-13.437500000001819,,9.650044444444777,0.0
0.03-0.12,10,toward_target,2.0,9,5,4,0,44.44444444444444,60.0,25.0,,-7.33338888888991,1.789900000000489,-18.73750000000291,,9.650044444444777,0.0
0.02-0.10,3,toward_target,0.75,8,4,4,0,37.5,50.0,25.0,,-3.037500000000364,0.8687499999996362,-6.943750000000364,,10.262500000000273,0.0
0.03-0.12,10,after_favourable_0.02pct,1.0,6,2,4,0,33.33333333333333,50.0,25.0,,-5.125066666667408,0.8998000000010506,-8.137500000001637,,10.558400000000498,0.0
0.03-0.12,10,after_favourable_0.02pct,1.5,6,2,4,0,33.33333333333333,50.0,25.0,,-9.045933333334082,-0.2627999999986059,-13.437500000001819,,10.558400000000498,0.0
0.03-0.12,10,after_favourable_0.02pct,2.0,6,2,4,0,33.33333333333333,50.0,25.0,,-12.966800000001362,-1.4253999999982625,-18.73750000000291,,10.558400000000498,0.0
0.03-0.12,10,toward_target,1.0,9,5,4,0,33.33333333333333,40.0,25.0,,-3.3833777777783527,0.41992000000027474,-8.137500000001637,,9.650044444444777,0.0
0.02-0.10,2,toward_target,0.75,8,4,4,0,25.0,25.0,25.0,,-3.2343656249995547,-3.459356249999473,-3.009374999999636,,10.174987499999816,12.5
0.02-0.10,2,after_favourable_0.02pct,0.75,5,1,4,0,20.0,0.0,25.0,,-2.9174999999995634,-2.5499999999992724,-3.009374999999636,,9.55999999999949,20.0
0.03-0.12,15,not_away_more_than_0.03pct,0.75,18,9,9,0,44.44444444444444,66.66666666666666,22.22222222222222,,-2.4840388888899017,6.380533333333005,-11.34861111111281,,14.577766666666726,0.0
0.03-0.12,2,after_favourable_0.02pct,0.75,9,4,5,0,33.33333333333333,50.0,20.0,,-1.00973611111072,2.5187187500005166,-3.832499999999709,,8.177744444444114,22.22222222222222
0.02-0.10,10,not_away_more_than_0.03pct,0.75,17,12,5,0,29.411764705882355,33.33333333333333,20.0,,-0.9345249999997203,1.165672916667063,-5.975,,11.188223529411463,5.88235294117647
0.03-0.12,10,not_away_more_than_0.03pct,0.75,20,11,9,0,30.0,45.45454545454545,11.11111111111111,,-2.871236249999947,2.632979545455038,-9.598611111111596,,13.477469999999903,0.0
0.03-0.12,10,after_favourable_0.02pct,0.75,6,2,4,0,16.666666666666664,50.0,0.0,,-6.037550000000313,1.481100000000879,-9.79687500000091,,10.558400000000498,0.0
0.02-0.10,10,after_favourable_0.02pct,0.75,3,2,1,0,33.33333333333333,50.0,0.0,,-1.4750999999996566,1.481100000000879,-7.387500000000728,,6.983466666665966,0.0
0.03-0.12,10,toward_target,0.75,9,5,4,0,22.22222222222222,40.0,0.0,,-3.6694777777779057,1.2324400000004971,-9.79687500000091,,9.650044444444777,0.0
0.02-0.10,10,toward_target,0.75,5,4,1,0,20.0,25.0,0.0,,-2.625059999999576,-1.4344499999992877,-7.387500000000728,,6.510079999999652,0.0
0.02-0.10,1,after_favourable_0.02pct,0.75,6,4,2,0,0.0,0.0,0.0,,-4.193737500000073,-2.878106249999746,-6.825000000000728,,5.591649999999997,33.33333333333333
0.02-0.10,1,after_favourable_0.02pct,1.0,6,4,2,0,0.0,0.0,0.0,,-5.591649999999997,-3.837474999999813,-9.100000000000364,,5.591649999999997,33.33333333333333
