date,spot,near_expiry,days_to_expiry,call_oi,put_oi,pcr_oi,call_change_oi,put_change_oi,change_oi_imbalance,call_volume,put_volume,pcr_volume,call_wall,put_wall,call_build_wall,put_build_wall,call_unwind_wall,put_unwind_wall,call_wall_distance_pct,put_wall_distance_pct,max_pain,max_pain_distance_pct,atm_strike,atm_call_close,atm_put_close,atm_straddle_pct,call_oi_concentration,put_oi_concentration
2024-09-20,25790.95,2024-09-26,6,87329550.0,87840700.0,1.005853116155986,10286300.0,27727625.0,0.4588141056205062,1675896775.0,1070419150.0,0.6387142489727626,27000.0,25000.0,25700.0,25700.0,25500.0,25000.0,0.0468788470374297,-0.0306677342246021,25600.0,-0.0074037598459925,25800.0,115.6,154.35,0.0104668498058427,0.105442831206619,0.1231795170120456
2024-09-23,25939.05,2024-09-26,3,101394100.0,98866150.0,0.9750680759531372,14246475.0,15190000.0,0.0320529207386414,936661600.0,678426000.0,0.7243021385738456,27000.0,25000.0,27000.0,25900.0,25700.0,25100.0,0.0409016521422334,-0.0362021739423764,25700.0,-0.009215834812763,25950.0,104.4,138.8,0.0093758252518885,0.1182627983285023,0.1204401101893823
2024-09-24,25940.4,2024-09-26,2,110763775.0,102168625.0,0.922401073816778,9369675.0,3302475.0,-0.4787822113848084,842964850.0,749367550.0,0.8889665446904459,27000.0,25000.0,26000.0,25900.0,25600.0,25000.0,0.0408474811490955,-0.0362523322693559,25800.0,-0.0054124069019753,25950.0,92.5,99.75,0.0074112195648486,0.118350065262763,0.1052647033274647
2024-09-25,26004.15,2024-09-26,1,124133725.0,128130950.0,1.0322009590866623,10453575.0,27586800.0,0.450395796571406,1299443150.0,1198539975.0,0.9223489115318356,27000.0,25000.0,26600.0,25900.0,25900.0,25000.0,0.0382958104764046,-0.0386149902996253,25900.0,-0.0040051299504118,26000.0,65.8,68.9,0.0051799424322656,0.1007236349348253,0.0773400181611078
2024-09-26,26216.05,2024-09-26,0,132284725.0,146124450.0,1.104620733799764,8866800.0,27700125.0,0.5150371544777145,6793723825.0,6832713400.0,1.0057390579900414,26250.0,26200.0,26250.0,26200.0,26000.0,25000.0,0.0012950082106191,-0.0006122203764487,26150.0,-0.0025194489635166,26200.0,27.75,3.45,0.0011901106383303,0.1057051371577481,0.1169949655926848
2024-09-27,26178.95,2024-10-03,6,75572150.0,58757025.0,0.7774957441332554,29359675.0,15995200.0,-0.2946645757484725,726843450.0,608885725.0,0.8377123368175087,27000.0,25000.0,27000.0,26250.0,26100.0,24700.0,0.0313629843824905,-0.0450342737199161,26200.0,0.0008040811415277,26200.0,150.75,112.2,0.0100443295090139,0.1055223385863707,0.1148343538496035
2024-09-30,25810.85,2024-10-03,3,97532075.0,61665650.0,0.6322602077316616,38709600.0,-1097100.0,-1.0,975242900.0,1102071800.0,1.1300485243214793,26000.0,25000.0,26000.0,25600.0,27100.0,26200.0,0.0073283134805712,-0.0314150831917584,25950.0,0.0053911436469546,25800.0,144.25,97.85,0.009379776334371,0.0908442171460004,0.0829667732359911
2024-10-01,25796.9,2024-10-03,2,121363800.0,80920175.0,0.6667570972563482,24148100.0,18960200.0,-0.1203457338841939,1260557525.0,1157718525.0,0.9184178445168536,26000.0,25000.0,26500.0,25000.0,26750.0,26000.0,0.007873039008563,-0.0308913086456125,25900.0,0.0039966042431454,25800.0,81.3,65.6,0.0056944826703983,0.0882662293039604,0.0960721476442679
2024-10-03,25250.1,2024-10-03,0,154837250.0,132544200.0,0.8560226947972791,54934125.0,47174025.0,-0.0759988306516179,8355529150.0,8638591050.0,1.0338771961557935,25250.0,25250.0,25250.0,25250.0,26200.0,25800.0,-3.960380354883775e-06,-3.960380354883775e-06,25300.0,0.0019762297971097,25250.0,5.8,1.55,0.0002910879560873,0.1302950355938251,0.1731086686554372
2024-10-04,25014.6,2024-10-10,6,79238750.0,41913975.0,0.5289580539824266,35755900.0,7218050.0,-0.6640732350644983,1102977600.0,1026264200.0,0.9304488141916936,26000.0,24000.0,26000.0,24000.0,25600.0,25600.0,0.0393929944912172,-0.0405603127773379,25300.0,0.0114093369472227,25000.0,206.05,171.55,0.0150951844123032,0.1137215062075058,0.1098368742167737
2024-10-07,24795.75,2024-10-10,3,80763475.0,53373100.0,0.6608569034455241,17311325.0,4866750.0,-0.5611206112342934,887882075.0,988561650.0,1.1133929581808486,26000.0,24000.0,25000.0,24000.0,25750.0,25000.0,0.0485667906798543,-0.0320921932185959,25100.0,0.0122702479255516,24800.0,200.05,161.0,0.0145609630682677,0.1261257022434956,0.1031732277120871
2024-10-08,25013.15,2024-10-10,2,98233875.0,63059375.0,0.6419310548423341,3843200.0,16317325.0,0.6187400873737167,1223404925.0,867507975.0,0.7090930870660015,26000.0,24000.0,25000.0,25000.0,25800.0,25700.0,0.0394532475917666,-0.0405046945306769,25050.0,0.001473225083606,25000.0,120.65,142.9,0.010536457823185,0.0997094943063174,0.1124598840378611
2024-10-09,24981.95,2024-10-10,1,125702700.0,80104450.0,0.6372532173135501,33093425.0,12472375.0,-0.4525554253409355,1735681375.0,1466402800.0,0.8448571385978029,25500.0,24000.0,25500.0,24400.0,26100.0,23500.0,0.0207369720938517,-0.0393063792057866,25050.0,0.0027239667039602,25000.0,69.1,109.75,0.0071591689199602,0.0954333120927394,0.0977754669060208
2024-10-10,24998.45,2024-10-10,0,160715725.0,133085625.0,0.828080917408673,35013025.0,52981175.0,0.2041969811646676,7577991900.0,6673883750.0,0.8806929115350466,25000.0,25000.0,25000.0,25000.0,26000.0,24000.0,6.200384423826755e-05,6.200384423826755e-05,25000.0,6.200384423826755e-05,25000.0,2.05,2.7,0.0001900117807304,0.1685085575789177,0.1836191925311242
2024-10-11,24964.25,2024-10-17,6,63150850.0,43742625.0,0.6926688239350698,21497075.0,9345600.0,-0.3939825258347403,538917400.0,492356450.0,0.913602808148336,26000.0,25000.0,26000.0,24950.0,24550.0,25050.0,0.0414893297415304,0.0014320478283946,25000.0,0.0014320478283946,24950.0,149.65,137.65,0.0115084570936439,0.1187933337397675,0.1135277089566526
2024-10-14,25127.95,2024-10-17,3,71083875.0,53565950.0,0.753559791162201,4102150.0,13167725.0,0.5249357624186626,667947975.0,532811550.0,0.7976842058694766,26000.0,25000.0,25400.0,25100.0,25000.0,24100.0,0.0347043829679698,-0.005091939453875,25100.0,-0.0011123072116906,25150.0,103.65,121.2,0.0089482030965518,0.0917774952476915,0.1237049842297205
2024-10-15,25057.35,2024-10-17,2,98198350.0,56075350.0,0.571041672288791,27910550.0,2123125.0,-0.858617035710748,879824750.0,918823800.0,1.0443259296808824,25200.0,25000.0,25200.0,24500.0,26400.0,25000.0,0.0056929403947345,-0.0022887496083983,25050.0,-0.000293327107615,25050.0,87.7,99.6,0.0074748526879338,0.0886939546336572,0.1054389317231189
2024-10-16,24971.3,2024-10-17,1,124974100.0,74807925.0,0.5985874273149396,31632550.0,15913475.0,-0.3306075534179776,1697859725.0,1462812025.0,0.8615623561010024,25500.0,24500.0,25500.0,24800.0,26300.0,25100.0,0.0211723058070665,-0.0188736669696811,25000.0,0.0011493194186926,24950.0,86.9,50.45,0.0055003143608862,0.0926828038769633,0.0840616151296804
2024-10-17,24749.85,2024-10-17,0,191361025.0,107377925.0,0.561127455290334,70185975.0,31727500.0,-0.3773639844976339,7632759225.0,6627739875.0,0.8683281732891293,24750.0,24750.0,24750.0,24750.0,26000.0,25000.0,6.060642791849702e-06,6.060642791849702e-06,24750.0,6.060642791849702e-06,24750.0,2.4,1.3,0.0001494958555304,0.11549373755706,0.1872463544066436
2024-10-18,24854.05,2024-10-24,6,57532400.0,48237475.0,0.8384401658891337,11850650.0,17417750.0,0.1902085525686405,829726825.0,682748700.0,0.8228596200924322,26000.0,24000.0,25400.0,24000.0,25700.0,23500.0,0.0461071736799434,-0.0343626089108213,24850.0,-0.0001629513097463,24850.0,157.55,118.0,0.0110867242964426,0.0994109406178084,0.0878367907938796
2024-10-21,24781.1,2024-10-24,3,79902575.0,49981325.0,0.6255283387300097,23174700.0,889050.0,-0.9261087735702042,1026834450.0,932136150.0,0.9077764677645944,25000.0,24000.0,25000.0,24000.0,26200.0,24700.0,0.0088333447667778,-0.0315199890238931,24800.0,0.0007626780086438,24800.0,92.65,143.4,0.0095254044412879,0.1002774316096821,0.1012583199825134
2024-10-22,24472.1,2024-10-24,2,90267225.0,58988825.0,0.6534910650017213,19893300.0,982250.0,-0.905894694990072,1123809250.0,1231906625.0,1.0961883655967417,25000.0,24000.0,24600.0,24400.0,25400.0,24800.0,0.0215715038758423,-0.0192913562791913,24650.0,0.0072695028215805,24450.0,137.3,100.65,0.0097233175738902,0.1040003722281259,0.097709608557214
2024-10-23,24435.5,2024-10-24,1,110778750.0,86085575.0,0.77709465939993,20464100.0,23134000.0,0.0612389072000844,1664528375.0,1626746100.0,0.9773015134091662,25000.0,24000.0,25000.0,24200.0,25250.0,24500.0,0.0231016349164125,-0.0178224304802439,24550.0,0.004685805487917,24450.0,71.95,86.3,0.0064762333490208,0.1162370942080498,0.0830551459986182
2024-10-24,24399.4,2024-10-24,0,157670850.0,133162000.0,0.8445568727510507,47809425.0,47085275.0,-0.007631090039802,6405918975.0,6181918725.0,0.9650323004592796,24400.0,24400.0,24400.0,24400.0,25000.0,23500.0,2.459076862537657e-05,2.459076862537657e-05,24400.0,2.459076862537657e-05,24400.0,2.2,1.0,0.0001311507660024,0.1560467581674101,0.2368460972349469
2024-10-25,24180.8,2024-10-31,6,87398550.0,73896650.0,0.8455134553147621,27878325.0,7791725.0,-0.5631222832600459,819965650.0,827313550.0,1.008961229046607,25000.0,23000.0,25000.0,23000.0,25450.0,24400.0,0.0338781181764045,-0.0488321312777079,24400.0,0.0090650433401706,24200.0,147.9,156.05,0.0125698901607887,0.1242637892733918,0.1045087970834943
2024-10-28,24339.15,2024-10-31,3,90713800.0,85040100.0,0.9374549407036196,937275.0,12939425.0,0.86491384839335,1116401500.0,967556400.0,0.8666742206992735,25000.0,24000.0,24800.0,24000.0,24300.0,23400.0,0.0271517287990745,-0.0139343403528883,24450.0,0.004554390765495,24350.0,112.9,117.45,0.0094641760291546,0.1158894787783115,0.0870451116590878
2024-10-29,24466.85,2024-10-31,2,92646425.0,95343700.0,1.0291136436187365,-1145300.0,10583050.0,1.0,1394943075.0,1195671825.0,0.8571473964985991,25000.0,24000.0,24700.0,23700.0,24500.0,23000.0,0.021790708652728,-0.0190809196933809,24500.0,0.0013548944796735,24450.0,104.05,78.85,0.0074754208245033,0.1142162258284655,0.091473794283209
2024-10-30,24340.85,2024-10-31,1,121765450.0,106030475.0,0.8707763573328887,30257325.0,9788975.0,-0.5111171319198028,1575234000.0,1395959700.0,0.8861919562426915,25000.0,24000.0,24600.0,23400.0,25500.0,24500.0,0.0270799910438626,-0.0140032085978919,24450.0,0.0044842312408974,24350.0,83.8,65.7,0.0061419383464422,0.0963025636582462,0.0917139624244822
2024-10-31,24205.35,2024-10-31,0,152790350.0,119708025.0,0.7834789631675038,34679375.0,13275275.0,-0.4463404487364624,6083195000.0,5407580175.0,0.888937503236375,24200.0,24200.0,24200.0,24200.0,24600.0,24400.0,-0.000221025517086,-0.000221025517086,24250.0,0.0018446335211017,24200.0,5.4,1.6,0.0002891922653462,0.1072652821333284,0.1520789855149644
2024-11-01,24304.35,2024-11-07,6,50732850.0,43362825.0,0.8547287408454286,6392200.0,6972725.0,0.0434364577429353,108747750.0,73939925.0,0.679921423661639,24800.0,23000.0,25500.0,22900.0,24250.0,23050.0,0.0203934686589026,-0.0536673476147273,24300.0,-0.0001789803059945,24300.0,192.95,215.5,0.0168056335594245,0.0869466233416809,0.0924859023829743
2024-11-04,23995.35,2024-11-07,3,74284150.0,54408525.0,0.732437875374491,28445925.0,6189975.0,-0.6425688375356206,895110025.0,818861200.0,0.9148162540130192,25000.0,23000.0,24000.0,23500.0,25300.0,24200.0,0.0418685286941011,-0.0414809536014268,24100.0,0.0043612616611135,24000.0,198.5,194.1,0.0163615033746121,0.0845143277536325,0.0968097370770481
2024-11-05,24213.3,2024-11-07,2,72985825.0,55117975.0,0.7551873942645713,-6629750.0,5252900.0,1.0,1013999500.0,755052575.0,0.7446281531697008,25000.0,23000.0,25000.0,23500.0,24300.0,23550.0,0.0324904081641082,-0.0501088244890204,24200.0,-0.0005492848971432,24200.0,147.2,175.35,0.0133211912461333,0.1092876596243174,0.0981503765332452
2024-11-06,24484.05,2024-11-07,1,114244675.0,99826375.0,0.873794555413633,37738850.0,54047200.0,0.1776778715284076,1948338725.0,1550505575.0,0.795809042393283,25000.0,24000.0,25000.0,24000.0,24200.0,25000.0,0.0210729025630971,-0.0197700135394266,24350.0,-0.0054749929035432,24500.0,68.1,108.35,0.0072067325462903,0.1209509327239978,0.0916846875387391
2024-11-07,24199.35,2024-11-07,0,160064750.0,121072825.0,0.7563990510090448,49737600.0,8336000.0,-0.712916023804276,7577478100.0,7498945700.0,0.9896360769422744,24200.0,24200.0,24200.0,24200.0,25000.0,24300.0,2.6860225584623976e-05,2.6860225584623976e-05,24200.0,2.6860225584623976e-05,24200.0,1.8,1.6,0.0001404996415192,0.1789133772426471,0.2079552120800022
2024-11-08,24148.2,2024-11-14,6,70155300.0,49501525.0,0.7055992205863277,23832025.0,16261325.0,-0.1888268253962315,767196550.0,624560350.0,0.8140812807356863,25000.0,23000.0,25000.0,23000.0,25200.0,24300.0,0.0352738506389709,-0.0475480574121467,24200.0,0.0021450874185238,24150.0,149.25,145.25,0.012195525960527,0.1206466225645104,0.1059967344440398
2024-11-11,24141.3,2024-11-14,3,79341375.0,61104500.0,0.7701467235726631,9186075.0,11602975.0,0.1162583186821908,1151910850.0,1020565025.0,0.8859757028940217,25000.0,23000.0,24700.0,23600.0,25300.0,22700.0,0.0355697497649256,-0.0472758302162683,24200.0,0.002431517772448,24150.0,120.85,114.8,0.0097612804612841,0.1005443250762921,0.0984759714914613
2024-11-12,23883.45,2024-11-14,2,109683000.0,66200550.0,0.6035625393178523,36954875.0,-4451275.0,-1.0,1168557325.0,1216498600.0,1.041026036099684,24500.0,23000.0,24000.0,23200.0,24850.0,24200.0,0.0258149471705302,-0.0369900495950125,24000.0,0.0048799482486825,23900.0,103.8,105.25,0.0087529230492244,0.0904693525888241,0.0923353355825593
2024-11-13,23559.05,2024-11-14,1,122609175.0,102268775.0,0.8341037691510443,30454325.0,23730475.0,-0.1240910735113906,1934587925.0,1889453825.0,0.976669915377457,24000.0,23000.0,23800.0,23300.0,24700.0,23900.0,0.0187167988522458,-0.0237297344332644,23750.0,0.0081051655308681,23550.0,98.25,86.2,0.0078292630645123,0.0872624336637123,0.0818566077475749
2024-11-14,23532.7,2024-11-14,0,144844050.0,132014100.0,0.9114223193841928,22955875.0,29749425.0,0.1288969041064181,6984824450.0,6468672925.0,0.9261038657886383,23550.0,23500.0,23550.0,23500.0,24000.0,22500.0,0.00073514726317,-0.0013895558095756,23550.0,0.00073514726317,23550.0,0.35,24.65,0.0010623515363727,0.1521141185985893,0.1975376115127096
2024-11-18,23453.8,2024-11-21,3,85796650.0,70108675.0,0.8171493292570281,41664875.0,31228175.0,-0.1431782591070067,1492171725.0,1463432550.0,0.9807400351323504,24000.0,22500.0,24000.0,23200.0,24800.0,23600.0,0.0232883370711782,-0.0406671839957704,23500.0,0.0019698300488619,23450.0,121.8,114.8,0.01008791752296,0.1026998140370282,0.0922596240764784
2024-11-19,23518.5,2024-11-21,2,100724850.0,69186100.0,0.6868821348455719,14450400.0,-134300.0,-1.0,2066306625.0,2186747900.0,1.0582881908922883,24000.0,23000.0,24300.0,23700.0,23500.0,23200.0,0.0204732444671216,-0.0220464740523417,23550.0,0.0013393711333631,23500.0,98.75,114.1,0.0090503220868677,0.0992235282554404,0.0906417618567891
2024-11-21,23349.9,2024-11-21,0,148989925.0,129637600.0,0.8701098413198074,50120125.0,53724950.0,0.0347134902642229,7931026050.0,7005134325.0,0.8832570061978299,23350.0,23350.0,23350.0,23350.0,24000.0,23500.0,4.282673587319152e-06,4.282673587319152e-06,23350.0,4.282673587319152e-06,23350.0,1.05,3.6,0.0001991443218172,0.2209659478652667,0.1860131628478157
2024-11-22,23907.25,2024-11-28,6,77596575.0,85734725.0,1.1048776959550084,8941800.0,31466150.0,0.5574237247868303,1359225775.0,918879025.0,0.6760311950382195,25000.0,23500.0,23900.0,23500.0,23300.0,24400.0,0.0457078919574605,-0.017034581559987,23800.0,-0.0044860868564975,23900.0,192.75,205.95,0.0166769494609375,0.0949719752450414,0.0897600126436516
2024-11-25,24221.9,2024-11-28,3,104636000.0,96853475.0,0.9256228735807944,22186700.0,23911650.0,0.0374189097874435,1343138525.0,1193942450.0,0.8889198156236342,25000.0,23000.0,25200.0,24300.0,24000.0,22950.0,0.0321238218306574,-0.0504460839157953,24150.0,-0.002968388111585,24200.0,171.45,117.95,0.0119478653615116,0.098780773347605,0.0873577329052984
2024-11-26,24194.5,2024-11-28,2,117349025.0,103751900.0,0.8841309077770352,12884825.0,6433475.0,-0.3339501923047059,1229704675.0,1199371600.0,0.9753330408376304,25000.0,23000.0,24400.0,24050.0,25200.0,22800.0,0.0332926904875074,-0.049370724751493,24150.0,-0.0018392609890677,24200.0,119.25,100.15,0.0090681766517183,0.101048560054078,0.0878251386239673
2024-11-27,24274.9,2024-11-28,1,115824500.0,116602850.0,1.006720080811918,-2169075.0,15331475.0,1.0,1754466850.0,1538439975.0,0.8768703580805759,25000.0,24000.0,25100.0,24000.0,24200.0,22900.0,0.0298703599190932,-0.0113244544776703,24200.0,-0.0030854915983176,24250.0,102.4,53.0,0.006401674157257,0.1046102076849025,0.0818674243382558
2024-11-28,23914.15,2024-11-28,0,137756500.0,106088075.0,0.770113025519667,29703950.0,-20624425.0,-1.0,7879497575.0,7661362625.0,0.9723161346362874,23900.0,23900.0,23900.0,23900.0,25000.0,24200.0,-0.0005916998931595,-0.0005916998931595,23950.0,0.0014991124501602,23900.0,8.2,7.3,0.0006481518264291,0.0733647777055892,0.0941085979739004
2024-11-29,24131.1,2024-12-05,6,90529525.0,81633125.0,0.9017292977070188,22931800.0,32490400.0,0.1724687940933416,1242219025.0,1029475850.0,0.8287394004451026,25000.0,23000.0,25000.0,23000.0,24000.0,24250.0,0.0360074758299455,-0.04687312223645,24100.0,-0.0012887932999323,24150.0,178.1,137.35,0.0130723423300222,0.10569700879354,0.1003342699425019
2024-12-02,24276.05,2024-12-05,3,121309200.0,130228775.0,1.0735276054907623,28071200.0,54116725.0,0.3169020875025133,2432641025.0,1764936300.0,0.7255227063351857,25000.0,23000.0,24800.0,23000.0,24000.0,25000.0,0.0298215731142421,-0.0525641527348971,24200.0,-0.0031327172254135,24300.0,157.6,149.3,0.0126420896315504,0.1074370286837272,0.1055832322771983
2024-12-03,24457.15,2024-12-05,2,130597900.0,153113525.0,1.172404188735041,6112275.0,27351900.0,0.6346974040148905,2257408100.0,1986422475.0,0.8799571840820453,25000.0,23500.0,24900.0,23500.0,24300.0,23000.0,0.0221959631437023,-0.0391357946449199,24300.0,-0.0064255238243213,24450.0,126.95,136.35,0.0107657678838294,0.1022055101957994,0.1015414869457156
2024-12-04,24467.45,2024-12-05,1,144433325.0,148268450.0,1.02655290944801,13835425.0,-4845075.0,-1.0,3190728275.0,3410320825.0,1.068822077931409,25000.0,23500.0,24750.0,23800.0,24400.0,23000.0,0.0217656519171389,-0.0395402871978894,24400.0,-0.0027567237288724,24450.0,116.95,114.7,0.0094676805306642,0.1075856281782614,0.0961772379761169
2024-12-05,24708.4,2024-12-05,0,137461250.0,128298000.0,0.9333393956478644,-16253500.0,-5353500.0,0.5044661452307123,9290284975.0,9071895575.0,0.9764927124853884,25000.0,24700.0,24750.0,24700.0,24600.0,23800.0,0.0118016544980654,-0.0003399653559114,24650.0,-0.0023635686649075,24700.0,17.4,9.4,0.0010846513736219,0.0805006865571206,0.0858544170602815
2024-12-06,24677.8,2024-12-12,6,100890350.0,69809700.0,0.6919363447544785,45647150.0,32970725.0,-0.1612410027617765,1035186900.0,810201900.0,0.7826624351602595,26000.0,24000.0,25000.0,24200.0,24100.0,26000.0,0.0535785199653129,-0.0274659815704803,24700.0,0.0008995939670473,24700.0,181.45,181.8,0.0147197075914384,0.1067877155743834,0.0801213871424744
2024-12-09,24619.0,2024-12-12,3,144903800.0,97060225.0,0.6698252564805064,49266300.0,26951950.0,-0.2927691202566314,1536285350.0,1384811150.0,0.9014023013367928,26000.0,24000.0,24700.0,24000.0,25750.0,23200.0,0.0560948860636094,-0.0251431820951297,24650.0,0.0012591900564604,24600.0,149.35,143.1,0.0118790365165116,0.0974593143865102,0.0882027112547905
2024-12-10,24610.05,2024-12-12,2,159831100.0,101903650.0,0.6375708482266592,14927300.0,4843425.0,-0.5100407294117945,2041996975.0,1989506875.0,0.9742947219596152,26000.0,24000.0,24600.0,24300.0,25800.0,23400.0,0.0564789587993523,-0.0247886534159824,24600.0,-0.000408369751382,24600.0,113.55,120.0,0.0094900254164457,0.0794239982081084,0.0925398648625441
2024-12-11,24641.8,2024-12-12,1,169812475.0,122406700.0,0.7208345558828938,5640450.0,20734750.0,0.5722913949467682,2552272775.0,2338380675.0,0.9161954387888652,25000.0,24000.0,24650.0,23800.0,26000.0,24300.0,0.0145362757590761,-0.026045175271287,24600.0,-0.0016963046530691,24650.0,58.2,70.6,0.0052268908927107,0.0841569501887302,0.0906933607392405
2024-12-12,24548.7,2024-12-12,0,178233350.0,101528475.0,0.5696379212981184,14681450.0,-22121150.0,-1.0,6437326025.0,5810413425.0,0.902612886536223,24550.0,24550.0,24550.0,24550.0,25000.0,24000.0,5.2955961008072094e-05,5.2955961008072094e-05,24550.0,5.2955961008072094e-05,24550.0,1.8,1.8,0.0001466472766378,0.1147079096027763,0.1705381175084132
2024-12-13,24768.3,2024-12-19,6,89718175.0,78349025.0,0.8732792993170001,30522625.0,41144350.0,0.1482094786336384,1771874275.0,1512241500.0,0.8534699788448591,26000.0,24500.0,25100.0,24500.0,24600.0,26200.0,0.0497288873277537,-0.0108323946334628,24650.0,-0.0047762664373413,24750.0,152.8,135.35,0.0116338222647497,0.0995233128627505,0.0792106219573249
2024-12-16,24668.25,2024-12-19,3,129076200.0,93632025.0,0.7254011583855118,43564475.0,13701650.0,-0.5214745191856442,1656143625.0,1644821650.0,0.9931636514918808,26000.0,24000.0,24700.0,24000.0,25100.0,24400.0,0.0539863995216522,-0.0270894773646286,24650.0,-0.0007398173765873,24650.0,174.55,138.75,0.0127005361142359,0.087895173548648,0.0886990855959806
2024-12-17,24336.0,2024-12-19,2,174214275.0,96474100.0,0.553766905725722,68552175.0,-4405850.0,-1.0,2436439900.0,2668064075.0,1.0950666482682376,25000.0,23900.0,24500.0,23900.0,25450.0,24700.0,0.0272846811308349,-0.0179158448389217,24400.0,0.0026298487836948,24350.0,125.8,104.45,0.0094612919132149,0.0807844248124902,0.0825273311697129
2024-12-18,24198.85,2024-12-19,1,214308400.0,89085375.0,0.4156877425243248,50641900.0,-8215325.0,-1.0,3060719625.0,3091479050.0,1.0100497362609615,25500.0,24000.0,24300.0,24200.0,25200.0,23900.0,0.0537690840680447,-0.0082173326418403,24250.0,0.0021137368098071,24200.0,74.8,73.55,0.0061304566126076,0.0736505195316655,0.0951197096044103
2024-12-19,23951.7,2024-12-19,0,149723025.0,109781250.0,0.7332289071771025,-14600275.0,19105400.0,1.0,6027234150.0,5089868425.0,0.8444782960688527,23950.0,23950.0,23950.0,23950.0,25000.0,24000.0,-7.097617288132074e-05,-7.097617288132074e-05,23950.0,-7.097617288132074e-05,23950.0,2.7,0.8,0.0001461274147555,0.1403226056914092,0.2340670651864503
2024-12-20,23587.5,2024-12-26,6,95415325.0,84088975.0,0.8812942260585498,33085725.0,5858375.0,-0.6991392791205857,992401900.0,1110227825.0,1.1187280324634603,25000.0,23000.0,24000.0,23200.0,24300.0,24000.0,0.0598834128245893,-0.0249072602013779,24000.0,0.0174880763116056,23600.0,194.65,170.85,0.0154954954954954,0.1426170271913867,0.0976441917623564
2024-12-23,23753.45,2024-12-26,3,120398300.0,103534875.0,0.8599363529219266,20085900.0,22067975.0,0.0470199951961711,1768542725.0,1884194425.0,1.0653937834609,25000.0,23500.0,23800.0,23500.0,25100.0,24000.0,0.0524786925688689,-0.0106700289852632,23900.0,0.0061696300958387,23750.0,108.45,88.7,0.0082998469695981,0.1253967041062872,0.0968806404605211
2024-12-24,23727.65,2024-12-26,2,113853600.0,112634900.0,0.989295902808519,-6544700.0,9100025.0,1.0,1659012350.0,1565741175.0,0.943779095435908,24000.0,23500.0,24100.0,22500.0,25000.0,23500.0,0.0114781699831207,-0.0095942918915274,23900.0,0.0072636776081911,23750.0,77.5,58.6,0.0057359241222792,0.1025797603237842,0.080301265415959
2024-12-26,23750.2,2024-12-26,0,150006375.0,125431025.0,0.836171296053251,36152775.0,12796125.0,-0.4771639403541244,6260190900.0,6065872300.0,0.9689596366781722,23750.0,23700.0,23750.0,23750.0,25000.0,22500.0,-8.42098171804917e-06,-0.0021136664112302,23750.0,-8.42098171804917e-06,23750.0,1.25,1.5,0.0001157884986231,0.1520915361097153,0.1298058036279301
2024-12-27,23813.4,2025-01-02,6,76957350.0,69836475.0,0.9074698518075272,30430950.0,30498300.0,0.0011053804207338,962020875.0,883773975.0,0.9186640310689724,25000.0,22500.0,25000.0,23500.0,25200.0,22750.0,0.049829087824502,-0.055153820957948,23900.0,0.0036366079602239,23800.0,179.25,110.3,0.0121591204951833,0.1063514401158563,0.0973191301536911
2024-12-30,23644.9,2025-01-02,3,105908325.0,83193000.0,0.7855189854055382,32341725.0,9883200.0,-0.5318783869953588,1729746000.0,1619430900.0,0.9362246826990784,25000.0,22500.0,24000.0,23200.0,24650.0,23800.0,0.0573104559545609,-0.0484205896408951,23800.0,0.0065595540687419,23650.0,157.9,112.6,0.0114400991334283,0.0914198671350906,0.0844506148353827
2024-12-31,23644.8,2025-01-02,2,136338150.0,126182325.0,0.9255100278242004,30429825.0,42989325.0,0.1710657233160558,1912014375.0,1719299850.0,0.8992086421944395,24500.0,22500.0,24500.0,22350.0,24450.0,23200.0,0.0361686290431724,-0.0484165651644336,23700.0,0.00233455136013,23650.0,155.7,114.0,0.0114063134388956,0.1023499292017678,0.0818476359505976
2025-01-01,23742.9,2025-01-02,1,141796650.0,139696425.0,0.9851884723651791,3293400.0,24732000.0,0.7649703483268749,2921892375.0,2511961275.0,0.8597035594098499,24500.0,23000.0,24100.0,23200.0,23900.0,22700.0,0.0318874273993488,-0.031289353869999,23750.0,0.0002990367646749,23750.0,136.75,104.65,0.010167249998947,0.0893933319299151,0.0743190099531895
2025-01-02,24188.65,2025-01-02,0,120926550.0,115079025.0,0.9516439938127732,-32054250.0,10478400.0,1.0,7968279000.0,7177068825.0,0.9007050110820668,24200.0,24150.0,24200.0,24150.0,24100.0,23000.0,0.0004692283364304,-0.0015978568460828,24150.0,-0.0015978568460828,24200.0,3.45,12.8,0.0006718026843168,0.1585780790074636,0.110169077292756
2025-01-03,24004.75,2025-01-09,6,110535675.0,78164025.0,0.7071384419555045,63219225.0,25179300.0,-0.4303230738295689,1386254475.0,1224485100.0,0.8833047049316107,25000.0,23000.0,24500.0,23700.0,23700.0,24200.0,0.0414605442672804,-0.0418562992741019,24000.0,-0.0001978775034108,24000.0,156.6,156.55,0.0130453347774919,0.0939300818491405,0.1005664050693397
2025-01-06,23616.05,2025-01-09,3,134106825.0,86961825.0,0.6484518964638825,41701500.0,-7286175.0,-1.0,2140294725.0,2587232400.0,1.2088206216552724,25000.0,23000.0,24000.0,23300.0,24400.0,23700.0,0.058602094761825,-0.0260860728191208,23800.0,0.0077891942132575,23600.0,204.85,185.15,0.0165141926782844,0.0949727950087551,0.0978601817521653
2025-01-07,23707.9,2025-01-09,2,145998150.0,114042375.0,0.7811220553137146,8544450.0,29401200.0,0.5496479833656822,1860522300.0,1878972750.0,1.009916812069385,24500.0,23000.0,24000.0,23200.0,25000.0,24000.0,0.0334108039936054,-0.0298592452304928,23800.0,0.0038847810223596,23700.0,124.3,117.15,0.010184368923439,0.0876889535929051,0.0972723954582671
2025-01-08,23688.95,2025-01-09,1,159366750.0,127067100.0,0.7973250380019672,13368600.0,13024725.0,-0.0130288624112346,4751025750.0,4256916450.0,0.8959994481191772,24000.0,23000.0,23700.0,23400.0,24700.0,22500.0,0.0131305946443383,-0.0290831801325091,23700.0,0.0004664622112842,23700.0,68.05,78.2,0.0061737645611139,0.083743629081976,0.0822262410962397
2025-01-09,23526.5,2025-01-09,0,169109100.0,125647350.0,0.7429957938395982,21642075.0,-3408600.0,-1.0,7220223300.0,7426904175.0,1.0286252746504392,23550.0,23500.0,23550.0,23500.0,24000.0,22500.0,0.0009988736106092,-0.001126389390687,23550.0,0.0009988736106092,23550.0,0.4,30.3,0.0013049114827959,0.1169050039294159,0.1933799240493333
2025-01-10,23431.5,2025-01-16,6,85989600.0,65062500.0,0.756632197382009,36181125.0,23093100.0,-0.2208046583485486,1789036575.0,1839505875.0,1.0282103232014694,24500.0,22500.0,24000.0,22400.0,22100.0,23700.0,0.0456010071911743,-0.0397541770693297,23550.0,0.0050572946674347,23450.0,159.8,161.3,0.0137037748330239,0.1061169025091406,0.0950685878962536
2025-01-13,23085.95,2025-01-16,3,113209350.0,105797475.0,0.9345294801180292,49028850.0,17465850.0,-0.4746694097424306,1808655150.0,1853579850.0,1.0248387316952046,24000.0,22000.0,23300.0,22100.0,23800.0,23400.0,0.0395933457362593,-0.0470394330750955,23250.0,0.0071060536820013,23100.0,149.3,122.75,0.0117842237378145,0.0944603957181981,0.0899553604658334
2025-01-14,23176.05,2025-01-16,2,129622050.0,139835550.0,1.0787944643677525,5849550.0,34298550.0,0.7086014033042659,1800754950.0,1648214400.0,0.9152907784593344,24000.0,23000.0,23200.0,23200.0,23100.0,21850.0,0.0355517872976629,-0.0075962038397396,23250.0,0.0031907939446109,23200.0,105.5,70.3,0.0075854168419553,0.0836425978450425,0.075922753548722
2025-01-15,23213.2,2025-01-16,1,155301750.0,133865850.0,0.8619725791885796,22872075.0,-1998900.0,-1.0,3323910900.0,3539215350.0,1.0647744348381902,23300.0,23200.0,23300.0,22700.0,24500.0,22100.0,0.0037392518050074,-0.0005686419795634,23200.0,-0.0005686419795634,23200.0,62.7,48.35,0.0047839160477659,0.0933399011923561,0.1003598005017709
2025-01-16,23311.8,2025-01-16,0,173272725.0,133468875.0,0.7702820798830283,13512975.0,4669275.0,-0.4863919481912304,6542253375.0,5680163850.0,0.8682274324173511,23300.0,23300.0,23300.0,23300.0,23200.0,23000.0,-0.0005061814188521,-0.0005061814188521,23300.0,-0.0005061814188521,23300.0,4.7,0.9,0.0002402216903027,0.1470698865040646,0.1760056417647934
2025-01-17,23203.2,2025-01-23,6,75001350.0,62718000.0,0.8362249479509369,34420950.0,22461450.0,-0.2102495675287962,1655849175.0,1445372025.0,0.8728886947085625,24000.0,22000.0,24000.0,22700.0,22000.0,23500.0,0.034340091021928,-0.0518549165632327,23250.0,0.0020169631774926,23200.0,183.8,146.9,0.0142523445042063,0.1041651250277495,0.1065579259542715
2025-01-20,23344.75,2025-01-23,3,87196650.0,89730000.0,1.029053295052046,9613650.0,29457675.0,0.507892296972268,1577692350.0,1366230000.0,0.8659673097863472,24000.0,22000.0,24400.0,23000.0,23200.0,22700.0,0.0280684093854077,-0.0576039580633761,23300.0,-0.0019169192216665,23350.0,153.5,127.7,0.012045534863299,0.1039847861127692,0.1134837846873955
2025-01-21,23024.65,2025-01-23,2,109885575.0,84564675.0,0.7695703007423859,33875550.0,-16022550.0,-1.0,2495479425.0,2492143800.0,0.998663332998628,24000.0,22000.0,23500.0,22400.0,23600.0,23200.0,0.0423611216674302,-0.0445023051381888,23200.0,0.0076157509451826,23000.0,169.25,89.6,0.0112422990143172,0.1092672991882692,0.1150781931107758
2025-01-22,23155.35,2025-01-23,1,125375550.0,110498100.0,0.8813369113834396,7290675.0,28683150.0,0.5946677897054317,3547280850.0,3386734875.0,0.9547411152968054,23500.0,23000.0,23300.0,23000.0,24400.0,22400.0,0.014884249212385,-0.0067090326857507,23150.0,-0.00023104811631,23150.0,68.8,54.0,0.0053033100341821,0.0852044118649928,0.0944989099360079
2025-01-23,23205.35,2025-01-23,0,136564950.0,150948525.0,1.105324060090089,10706175.0,42603375.0,0.5983393219413783,6500762775.0,6869743050.0,1.0567595354223644,23250.0,23200.0,23250.0,23200.0,24000.0,22000.0,0.0019241252555983,-0.0002305502825856,23200.0,-0.0002305502825856,23200.0,6.8,0.65,0.0003210466551894,0.1483508396554167,0.2544892373078836
2025-01-24,23092.2,2025-01-30,6,90867900.0,80144650.0,0.8819907800224281,22832775.0,8322050.0,-0.4657617239063291,1313131550.0,1378501400.0,1.049781646020157,24000.0,22000.0,24000.0,22000.0,24400.0,23200.0,0.0393119754722373,-0.0472973558171158,23300.0,0.0089987095209638,23100.0,174.4,160.7,0.0145113934575311,0.1340324801167409,0.1162610355151591
2025-01-27,22829.15,2025-01-30,3,108936600.0,88958300.0,0.816606172764709,30786125.0,3495475.0,-0.7960728204051153,1282236750.0,1306182675.0,1.018675119863785,24000.0,22000.0,23000.0,22400.0,24150.0,23200.0,0.0512874986585132,-0.0363197928963627,23000.0,0.0074838528810752,22850.0,152.8,154.95,0.0134805719880065,0.1166547790182546,0.1079275345864298
2025-01-28,22957.25,2025-01-30,2,108964500.0,109801650.0,1.0076827774183337,-7926475.0,24215000.0,1.0,1561310175.0,1482840625.0,0.9497412165395004,24000.0,22000.0,23700.0,23000.0,23750.0,21700.0,0.0454213810452035,-0.04169706737523,23050.0,0.0040401180454976,22950.0,151.05,128.0,0.012155201515861,0.1106956852919987,0.1103029872501916
2025-01-29,23163.1,2025-01-30,1,115649400.0,124464900.0,1.0762260763998777,-1772850.0,17868300.0,1.0,2225007250.0,1829153475.0,0.822088770721983,24000.0,23000.0,23150.0,22500.0,24500.0,21800.0,0.0361307424308492,-0.0070413718371029,23100.0,-0.0027241604103077,23150.0,144.65,152.1,0.0128113249090147,0.1090200208561393,0.0956862135429345
2025-01-30,23249.5,2025-01-30,0,113623075.0,101360825.0,0.8920795797860602,-3006025.0,-20685625.0,-0.7462375984787889,5527477850.0,5149242875.0,0.9315718696186182,23250.0,23000.0,23250.0,23250.0,24000.0,22000.0,2.1505838835311764e-05,-0.0107314135787865,23200.0,-0.002129078044689,23250.0,1.9,12.3,0.0006107658229209,0.077339704104998,0.098793592100301
2025-01-31,23508.4,2025-02-06,6,60517275.0,56854350.0,0.9394730678141076,30379650.0,33733800.0,0.0523158557213813,725717925.0,675723900.0,0.9311109409347992,24000.0,23000.0,24000.0,23500.0,23200.0,24300.0,0.0209116741249935,-0.0216263122968811,23400.0,-0.0046111177281312,23500.0,281.45,215.6,0.0211435061509928,0.1274202283562834,0.0994330249136609
2025-02-01,23482.15,2025-02-06,5,114009150.0,84206100.0,0.7385907183765513,55129125.0,27353775.0,-0.3367407062554784,2175581250.0,1798999275.0,0.8269051201833992,24000.0,23000.0,24000.0,22500.0,23200.0,22700.0,0.0220529210485409,-0.0205326173284814,23450.0,-0.0013691250588213,23500.0,147.6,145.95,0.0125009847905749,0.1198232773422133,0.0983773740857253
2025-02-03,23361.05,2025-02-06,3,139973775.0,109135800.0,0.7796874807441608,31318875.0,18984975.0,-0.2451879925691572,1804979025.0,1530713700.0,0.8480506857967505,24000.0,23000.0,23500.0,22000.0,24600.0,23500.0,0.0273510822501557,-0.0154552128436007,23400.0,0.0016673051939017,23350.0,134.85,96.85,0.0099182185732233,0.1304440778281503,0.0818736839790426
2025-02-04,23739.25,2025-02-06,2,126232800.0,127615275.0,1.0109517890754225,-31154550.0,38594700.0,1.0,2275474200.0,2093687175.0,0.9201102675653277,24000.0,23000.0,23800.0,23500.0,23500.0,23200.0,0.0109839190370377,-0.0311404109228388,23600.0,-0.0058658129469127,23750.0,70.65,118.35,0.0079614983624166,0.1209960881799342,0.0972326784548323
2025-02-05,23696.3,2025-02-06,1,168484050.0,141312075.0,0.838726722203081,42744075.0,10204875.0,-0.6145390985090355,2695901775.0,2820080025.0,1.0460618599503686,24000.0,23000.0,23700.0,23750.0,23500.0,22500.0,0.0128163468558382,-0.029384334263155,23600.0,-0.004063925591759,23700.0,64.3,81.1,0.0061359790347016,0.0965588434038711,0.0886951805073982
2025-02-06,23603.35,2025-02-06,0,184383600.0,138257475.0,0.7498360754427184,17154300.0,-5655375.0,-1.0,7583051850.0,6014273475.0,0.7931204472774375,23600.0,23600.0,23600.0,23600.0,24000.0,23000.0,-0.0001419290058402,-0.0001419290058402,23600.0,-0.0001419290058402,23600.0,2.45,5.3,0.0003283432224663,0.1605264784937489,0.1178361242312576
2025-02-07,23559.95,2025-02-13,6,91421625.0,62480100.0,0.6834280182615436,40467450.0,20623350.0,-0.3248295979099962,1726721400.0,1749159150.0,1.0129944239991466,24000.0,22500.0,24000.0,23200.0,23000.0,23700.0,0.0186778834420275,-0.0449894842730991,23600.0,0.0016999187179937,23550.0,158.8,143.0,0.0128098743842834,0.0920296483463294,0.1095108682604541
2025-02-10,23381.6,2025-02-13,3,122492850.0,82035600.0,0.6697174569781011,35962725.0,13969350.0,-0.4404658728883188,1611584025.0,1626596775.0,1.0093155242091705,24000.0,22500.0,24000.0,23100.0,24600.0,23500.0,0.0264481472610942,-0.0377048619427241,23500.0,0.0050638108598215,23400.0,145.95,129.2,0.0117678003216204,0.0998764417678256,0.0947862879042757
2025-02-11,23071.8,2025-02-13,2,140530875.0,88633725.0,0.6307064194967832,35333850.0,3752100.0,-0.8080077367954469,2153196750.0,2327751900.0,1.0810679051972376,24000.0,22500.0,23300.0,22700.0,24400.0,23400.0,0.0402309312667412,-0.02478350193743,23200.0,0.0055565668911832,23050.0,143.3,90.4,0.0101292486932098,0.1142444676303339,0.1025408217921564
2025-02-12,23045.25,2025-02-13,1,148869450.0,106295325.0,0.7140170464793146,9158025.0,17668650.0,0.3172448691461018,4989825675.0,4699170450.0,0.941750424978524,24000.0,22500.0,23000.0,22500.0,24200.0,23200.0,0.0414293617990693,-0.0236599733133725,23100.0,0.0023757607316041,23050.0,85.45,87.55,0.0075069699829682,0.0916291085914537,0.1084393880916211
2025-02-13,23031.4,2025-02-13,0,132340500.0,101228850.0,0.7649121017375633,-16528950.0,-5448750.0,0.5041564858925184,8268533025.0,9516653250.0,1.150948205833646,23050.0,23000.0,23050.0,23000.0,24000.0,22500.0,0.0008075931120121,-0.0013633561138273,23050.0,0.0008075931120121,23050.0,2.0,17.5,0.0008466701980774,0.1090136806193115,0.1181194886635578
2025-02-14,22929.25,2025-02-20,6,98005875.0,68532975.0,0.6992741506567846,46698750.0,23000925.0,-0.3399990746011369,1998352500.0,2205189150.0,1.1035035860790323,24000.0,22000.0,23300.0,22500.0,23400.0,23100.0,0.0466979949191534,-0.0405268379907759,23000.0,0.0030855784641887,22950.0,175.7,159.5,0.0146188819957041,0.109995446701537,0.1096508651492219
2025-02-17,22959.5,2025-02-20,3,104554350.0,92298000.0,0.8827753221171573,6548475.0,23765025.0,0.5679499233014993,2188521600.0,1922449650.0,0.8784238867005014,24000.0,22000.0,23700.0,22600.0,24100.0,22500.0,0.0453189311613928,-0.0417909797687231,23000.0,0.0017639756963347,22950.0,173.6,133.6,0.0133800823188658,0.1127306037481941,0.111169797828772
2025-02-18,22945.3,2025-02-20,2,118458300.0,97045050.0,0.8192338569775187,13903950.0,4747050.0,-0.4909602702267975,1959110250.0,1865433375.0,0.9521839697383034,23500.0,22000.0,23200.0,22700.0,24000.0,21700.0,0.0241748854885315,-0.0411979795426513,22950.0,0.0002048349770977,22950.0,118.55,119.05,0.0103550618209393,0.0780610138757689,0.087396265961015
2025-02-19,22932.9,2025-02-20,1,125150625.0,92713125.0,0.7408123211530107,6692325.0,-4331925.0,-1.0,3472785375.0,3474659175.0,1.0005395668887254,23500.0,22500.0,23100.0,22800.0,23800.0,21900.0,0.0247286649311686,-0.0188768101722852,22950.0,0.0007456536242689,22950.0,76.1,88.25,0.0071665598332526,0.092284597060542,0.0873921572592877
2025-02-20,22913.15,2025-02-20,0,113271075.0,100492800.0,0.8871885430592056,-11247000.0,7559925.0,1.0,6556783425.0,5970557175.0,0.9105924030119996,22950.0,22900.0,22950.0,22900.0,23500.0,22000.0,0.0016082467927804,-0.000573906250341,22900.0,-0.000573906250341,22900.0,12.9,0.85,0.0006000920868584,0.0886457553263267,0.2081559574417271
2025-02-21,22795.9,2025-02-27,6,119457600.0,100134900.0,0.8382463736087113,43988625.0,21485550.0,-0.3436939067960765,1429616325.0,1646061825.0,1.1514011110638374,24000.0,22000.0,23100.0,22500.0,21500.0,23000.0,0.0528209020043077,-0.0349141731627179,23000.0,0.0089533644207948,22800.0,154.0,132.35,0.0125614693870388,0.1027274530879575,0.0927735984157371
2025-02-24,22553.35,2025-02-27,3,154673775.0,116614125.0,0.7539359855929035,52166925.0,11130900.0,-0.6483007117543138,1736809500.0,1597943550.0,0.9200453763063824,23000.0,22500.0,22600.0,22600.0,23100.0,22800.0,0.0198041532632624,-0.0023655022424605,22700.0,0.0065023599598286,22550.0,140.25,74.15,0.009506348280854,0.0892340993164484,0.0827401912075402
2025-02-25,22547.55,2025-02-27,2,150948975.0,116523675.0,0.771940816424888,-3726375.0,-2529450.0,0.1913296807375526,1736686275.0,1472671200.0,0.8479776809429787,22700.0,22600.0,22700.0,22600.0,22800.0,21500.0,0.0067612667451675,0.0023261950854971,22650.0,0.0045437309153322,22550.0,77.85,45.2,0.0054573556772243,0.0975130834773803,0.093349913654886
2025-02-27,22545.05,2025-02-27,0,128752350.0,114485700.0,0.8891930904562131,-20583075.0,-1822350.0,0.837329575314907,3673480800.0,3759512250.0,1.02341959974311,22550.0,22550.0,22550.0,22550.0,22700.0,22000.0,0.0002195603913055,0.0002195603913055,22600.0,0.002437342121663,22550.0,2.2,2.0,0.00018629366535,0.1499395933355779,0.1147983984025952
2025-02-28,22124.7,2025-03-06,6,108357825.0,98429925.0,0.908378559647169,68760825.0,40606875.0,-0.2574247241187297,1634336700.0,2016267900.0,1.233691870224783,22500.0,20800.0,22500.0,21800.0,20800.0,22500.0,0.0169629418703982,-0.0598742581820318,22300.0,0.0079232712759946,22100.0,196.75,110.45,0.0138849340330038,0.1097917939936502,0.0835668116175035
2025-03-03,22119.3,2025-03-06,3,119959125.0,112167000.0,0.9350434991919122,12321450.0,13739100.0,0.054398314694049,2129667000.0,2164025400.0,1.0161332264621652,23000.0,20800.0,22400.0,21900.0,23200.0,21800.0,0.0398159073750072,-0.0596447446347759,22200.0,0.0036483975532679,22100.0,146.2,95.5,0.010927108904893,0.1028243995611005,0.0674683730508973
2025-03-04,22082.65,2025-03-06,2,124419600.0,123159975.0,0.9898759922070156,4460475.0,10992975.0,0.4227211399396251,1870902150.0,1601038875.0,0.8557576755149915,22500.0,21500.0,22200.0,21500.0,23000.0,20800.0,0.0188994527377828,-0.0263849673838965,22200.0,0.005314126701279,22100.0,85.7,105.95,0.0086787591163198,0.0977836289459217,0.076046215501424
2025-03-05,22337.3,2025-03-06,1,127574775.0,141607725.0,1.109997842441815,-4643175.0,26920425.0,1.0,4086721650.0,3543463800.0,0.867067567471839,22600.0,22000.0,22550.0,22200.0,22200.0,21200.0,0.0117605977445798,-0.0151003030804975,22300.0,-0.0016698526679589,22350.0,70.45,85.45,0.0069793573977159,0.0899842856865708,0.0893521169131133
2025-03-06,22544.7,2025-03-06,0,127548600.0,141600300.0,1.110167418536934,-3456075.0,7658475.0,1.0,10117802925.0,9650850900.0,0.9538484759525993,22550.0,22500.0,22550.0,22500.0,22400.0,21500.0,0.0002350885130428,-0.0019827276477398,22500.0,-0.0019827276477398,22550.0,1.6,7.1,0.0003859000119762,0.1952990859954558,0.1462306223927491
2025-03-07,22552.5,2025-03-13,6,100909800.0,101023875.0,1.0011304650291646,47741625.0,39530925.0,-0.0940811286022924,2109104325.0,1910733975.0,0.9059456909510628,23100.0,21500.0,23600.0,22300.0,22400.0,23900.0,0.0242766877286331,-0.0466688837157742,22500.0,-0.0023279015630196,22550.0,157.6,120.2,0.0123179248420352,0.0841553545839948,0.1031718987219605
2025-03-10,22460.3,2025-03-13,3,133946700.0,97720650.0,0.7295487682787258,34403100.0,-3561450.0,-1.0,2332750875.0,2381417700.0,1.0208624184955026,23000.0,22000.0,22700.0,21600.0,23600.0,21500.0,0.0240290646162339,-0.0204939381931674,22500.0,0.0017675632115332,22450.0,126.55,114.2,0.0107189129263634,0.093750909876839,0.0879041430854174
2025-03-11,22497.9,2025-03-13,2,133118925.0,141182400.0,1.060573468423066,-827775.0,43461750.0,1.0,2480362950.0,2075888100.0,0.8369291679671316,23000.0,22200.0,22900.0,22200.0,23500.0,22600.0,0.022317638535152,-0.0132412358486793,22500.0,9.334204525757173e-05,22500.0,104.2,102.9,0.0092053036061143,0.1129138850843334,0.078403363308741
2025-03-12,22470.5,2025-03-13,1,145723200.0,129032925.0,0.885465903850588,12604275.0,-12149475.0,-1.0,4527015150.0,4166767050.0,0.92042259898335,23000.0,22000.0,22550.0,22300.0,23300.0,22200.0,0.0235642286553481,-0.0209385638948843,22450.0,-0.0009123072472797,22450.0,83.55,52.45,0.0060523797868316,0.0915667512105141,0.0776325112369575
2025-03-13,22397.2,2025-03-13,0,157822050.0,114174450.0,0.7234378846301895,13845525.0,-15665775.0,-1.0,8915850600.0,8502354225.0,0.9536223302126664,22400.0,22400.0,22400.0,22400.0,23000.0,21500.0,0.0001250156269534,0.0001250156269534,22400.0,0.0001250156269534,22400.0,0.75,4.75,0.0002455664100869,0.204320308854181,0.2103898902074851
2025-03-17,22508.75,2025-03-20,3,105876150.0,98330325.0,0.9287296997482436,42110175.0,45053625.0,0.0337691794070474,2005357350.0,1964520300.0,0.9796360234748186,23500.0,22000.0,22850.0,22500.0,22400.0,22000.0,0.0440384294996389,-0.0226023213194869,22500.0,-0.0003887377131115,22500.0,131.45,98.6,0.0102204698172932,0.0932681722937602,0.0870296116686281
2025-03-18,22834.3,2025-03-20,2,113814675.0,147529350.0,1.296224322566488,2242800.0,57809700.0,0.9253053578119146,2303730525.0,2082839325.0,0.9041158687603011,23000.0,22500.0,23000.0,22600.0,22700.0,21500.0,0.0072566270916998,-0.0146402561059458,22750.0,-0.0036918145071229,22850.0,91.0,90.1,0.0079310510941872,0.1161335302323711,0.0852516804283351
2025-03-19,22907.6,2025-03-20,1,127356075.0,144599025.0,1.1353916568173132,13282800.0,3609225.0,-0.5726711273515165,3350794800.0,3081428700.0,0.919611281478651,23300.0,22500.0,23300.0,22900.0,22850.0,21800.0,0.0171296862176746,-0.0177932214636189,22850.0,-0.0025144493530531,22900.0,98.25,65.0,0.0071264558487139,0.1148278556794405,0.0937698231367742
2025-03-20,23190.65,2025-03-20,0,132557850.0,137683425.0,1.038666702877272,1550175.0,-511050.0,-1.0,8551671375.0,8451436125.0,0.988278870222606,23200.0,23200.0,23200.0,23200.0,23000.0,22500.0,0.0004031797297616,0.0004031797297616,23150.0,-0.0017528616058627,23200.0,2.6,5.8,0.0003622149443849,0.177453466543098,0.1296670241897309
2025-03-21,23350.4,2025-03-27,6,129818875.0,124394325.0,0.958214473819774,32454000.0,35321675.0,0.0423112717062574,2392652250.0,1834207125.0,0.7665999624475308,24000.0,23000.0,24100.0,23000.0,23200.0,22800.0,0.0278196519117444,-0.0150061669179115,23150.0,-0.0085822940934631,23350.0,141.8,115.6,0.0110233657667534,0.0904186698582929,0.1040141903579604
2025-03-24,23658.35,2025-03-27,3,137682700.0,132597025.0,0.9630623527865156,-430050.0,27385925.0,1.0,2572866450.0,1747297050.0,0.6791246588022476,25000.0,22500.0,24500.0,23500.0,23600.0,22300.0,0.0567093647697325,-0.0489615717072406,23450.0,-0.0088066158459908,23650.0,156.9,114.6,0.0114758637013992,0.0780234190642687,0.1080900947815382
2025-03-25,23668.65,2025-03-27,2,171441750.0,137614375.0,0.802688814130747,33759050.0,5017350.0,-0.7412163068258013,2423585025.0,2052924450.0,0.8470610392552661,25000.0,23000.0,25000.0,23700.0,24200.0,22500.0,0.0562495114846008,-0.0282504494341672,23500.0,-0.0071254592044751,23650.0,140.9,80.25,0.0093435831785927,0.0818371254376486,0.0950810916374107
2025-03-26,23486.85,2025-03-27,1,167211175.0,127832150.0,0.7644952557746215,12478725.0,-14164175.0,-1.0,3413868075.0,3551864475.0,1.0404223001499553,24000.0,23000.0,23600.0,22600.0,24800.0,22500.0,0.0218483960173458,-0.0207286204833767,23500.0,0.0005598877669845,23500.0,89.65,71.05,0.0068421265516661,0.0938533264896918,0.0921186493382142
2025-03-27,23591.95,2025-03-27,0,129237900.0,115814200.0,0.896131862247839,-51587325.0,-11226475.0,0.6425474975244293,6193530900.0,5944149600.0,0.959735197252346,23600.0,23600.0,23600.0,23600.0,24000.0,23300.0,0.0003412180849824,0.0003412180849824,23600.0,0.0003412180849824,23600.0,2.65,7.65,0.0004365895994184,0.1240810551703486,0.136256607566257
2025-03-28,23519.35,2025-04-03,6,118053300.0,88132200.0,0.7465458398875762,40588500.0,25572300.0,-0.2269652120288751,1975962975.0,1885027875.0,0.9539793502456696,24500.0,22500.0,24000.0,22500.0,23200.0,23600.0,0.0416954550189525,-0.0433409086560639,23400.0,-0.0050745450023065,23500.0,140.8,99.75,0.0102277486410126,0.07855180668393,0.0868992831224002
2025-04-01,23165.7,2025-04-03,2,163645500.0,110807775.0,0.6771208190876009,59130675.0,14342700.0,-0.609581021696635,2294729025.0,2155972725.0,0.9395325990614511,23500.0,22500.0,23500.0,22800.0,24400.0,23400.0,0.0144308179765773,-0.0287364508734897,23200.0,0.0014806373215572,23150.0,134.9,76.5,0.0091255606349041,0.0814967414319367,0.0683914102597944
2025-04-02,23332.35,2025-04-03,1,165801450.0,155909775.0,0.9403402382789776,-4779750.0,47026725.0,1.0,3645760500.0,3294391425.0,0.903622556939766,23500.0,23000.0,23300.0,23200.0,24500.0,22800.0,0.0071853028091899,-0.0142441717186652,23250.0,-0.0035294344547376,23350.0,57.55,91.9,0.0064052699363758,0.0893433079143759,0.0750934314413576
2025-04-03,23250.1,2025-04-03,0,155132925.0,188101800.0,1.2125201661736218,-8370075.0,31474350.0,1.0,6936422775.0,7367601750.0,1.062161576505117,23250.0,23250.0,23250.0,23250.0,23500.0,22300.0,-4.301056769628886e-06,-4.301056769628886e-06,23250.0,-4.301056769628886e-06,23250.0,1.75,1.2,0.0001268811747046,0.1646120576918149,0.2020534891213162
2025-04-04,22904.45,2025-04-09,5,132801525.0,85969125.0,0.6473504351700781,83336325.0,17403150.0,-0.6544919456846484,2097479025.0,2077521825.0,0.99048514918999,23200.0,22000.0,23000.0,22500.0,24250.0,23200.0,0.0129036060678164,-0.0394879597632774,23000.0,0.0041716784293008,22900.0,110.55,128.85,0.0104521173833032,0.0792969056642986,0.0968021949740677
2025-04-07,22161.6,2025-04-09,2,89756475.0,85165200.0,0.9488474229853612,21090600.0,-14897850.0,-1.0,2065425000.0,1477862475.0,0.715524637786412,23000.0,21000.0,22700.0,21000.0,23200.0,22500.0,0.0378312035232113,-0.0524149880875026,22500.0,0.0152696556205329,22150.0,324.95,290.65,0.0277777777777777,0.1167350322079827,0.0916545138155021
2025-04-08,22535.85,2025-04-09,1,127538475.0,84132375.0,0.6596627017846968,9372675.0,8902800.0,-0.02571068604236,2912909175.0,1954985925.0,0.6711455138315461,23500.0,22500.0,23400.0,22500.0,22000.0,22000.0,0.0427829436209417,-0.0015907986608003,22600.0,0.0028465755673738,22550.0,176.9,165.15,0.0151780385474699,0.09621273109938,0.0784718724510035
2025-04-09,22399.15,2025-04-09,0,156172425.0,136671750.0,0.8751336863726102,38709750.0,50953350.0,0.136551156495816,7453489725.0,6778790475.0,0.909478744199919,22400.0,22400.0,22400.0,22400.0,23500.0,22500.0,3.794786855748633e-05,3.794786855748633e-05,22400.0,3.794786855748633e-05,22400.0,0.85,1.85,0.0001205402883591,0.2311454791074672,0.2544699252040016
2025-04-11,22828.55,2025-04-17,6,60821775.0,43333800.0,0.7124718079996843,9405000.0,18096075.0,0.3160267371366392,1374294525.0,1152987750.0,0.8389669965395518,24000.0,22000.0,23500.0,22800.0,22500.0,22400.0,0.0513151295198337,-0.036294464606819,22750.0,-0.0034408668093242,22850.0,254.5,242.3,0.0217622231810605,0.1132254854449742,0.1145428049236392
2025-04-15,23328.55,2025-04-17,2,125715825.0,89892150.0,0.7150424379746941,43155900.0,56612850.0,0.1348814132681826,1368496350.0,1084619700.0,0.7925630930619582,24000.0,23300.0,23300.0,23300.0,23000.0,22050.0,0.0287823289488631,-0.0012238223121453,23250.0,-0.0033671188307888,23350.0,74.5,123.4,0.0084831676207908,0.086538627893505,0.1079593713132904
2025-04-16,23437.2,2025-04-17,1,124845000.0,92449725.0,0.7405160398894629,-2607000.0,10572825.0,1.0,3814860075.0,2895692625.0,0.7590560513546489,24000.0,23000.0,23450.0,23400.0,23300.0,23300.0,0.0240131073677742,-0.0186541054392163,23300.0,-0.0058539415971191,23450.0,56.8,122.25,0.0076395644530916,0.0884350594737474,0.1017455703627025
2025-04-17,23851.65,2025-04-17,0,148403025.0,150448275.0,1.0137817271581897,18299925.0,72543150.0,0.5971090806866677,10845804300.0,9398914500.0,0.8665945134193506,23850.0,23850.0,23850.0,23850.0,24500.0,22500.0,-6.917760406521811e-05,-6.917760406521811e-05,23700.0,-0.006358050700895,23850.0,3.85,2.5,0.0002662289610991,0.1245439572407638,0.1437369421483895
2025-04-21,24125.55,2025-04-24,3,133453725.0,110713875.0,0.829604981052421,45849075.0,56212875.0,0.1015442091788369,1892494200.0,1474033650.0,0.7788841043740055,25500.0,23000.0,24200.0,24000.0,23500.0,25000.0,0.0569707219110031,-0.046653858668507,24000.0,-0.0052040264367029,24150.0,117.25,132.15,0.0103375881586119,0.1424493771155507,0.0924972141025684
2025-04-22,24167.25,2025-04-24,2,150257850.0,115911225.0,0.7714154368640307,7213500.0,8245275.0,0.066743645599344,1580919900.0,1291865775.0,0.8171608030236067,25500.0,23000.0,24400.0,24200.0,25600.0,23400.0,0.0551469447289203,-0.0482988341660718,24050.0,-0.0048516070301751,24150.0,105.95,83.7,0.0078473967869741,0.1130706315843065,0.1020975319689702
2025-04-23,24328.95,2025-04-24,1,162193050.0,137621700.0,0.8485055309090002,11332950.0,26463000.0,0.4003087632405059,3610846125.0,3133501800.0,0.8678026400252655,25000.0,24000.0,24300.0,24200.0,25500.0,23000.0,0.0275823658645357,-0.0135209287700456,24200.0,-0.0053002698431292,24350.0,50.65,88.05,0.0057010269658164,0.0776602326671827,0.0961668835656004
2025-04-24,24246.7,2025-04-24,0,155996550.0,99429075.0,0.6373799612876054,-6158550.0,-40975650.0,-0.7386801939992617,5262684000.0,4996251750.0,0.9493733140731992,24250.0,24250.0,24250.0,24250.0,24500.0,24000.0,0.000136100995187,0.000136100995187,24200.0,-0.0019260352955248,24250.0,0.85,5.1,0.0002453942185946,0.1516716235070583,0.181385827032988
2025-04-25,24039.35,2025-04-30,5,105832950.0,67640400.0,0.6391242047018438,56447100.0,24369900.0,-0.3969115408886744,2381225400.0,2104483500.0,0.8837817285167544,25000.0,23500.0,24500.0,23500.0,23300.0,24200.0,0.0399615630206309,-0.022436130760607,24100.0,0.0025229467518881,24050.0,172.0,168.85,0.0141788359502232,0.0987664994692106,0.099179262689162
2025-04-28,24328.5,2025-04-30,2,112974450.0,104436600.0,0.9244267177224584,-5934450.0,41833650.0,1.0,2457745650.0,1828154925.0,0.7438340598832919,25000.0,24000.0,24500.0,24000.0,24200.0,23650.0,0.027601372875434,-0.0135026820395831,24250.0,-0.0032266683108288,24350.0,99.0,107.5,0.008487987339951,0.1036568445343172,0.1175923957692992
2025-04-29,24335.95,2025-04-30,1,158886150.0,110006850.0,0.692362738980081,45911700.0,5570250.0,-0.7836037679225437,2552261475.0,2116299000.0,0.8291858105956796,24500.0,24300.0,24400.0,24300.0,24200.0,23500.0,0.0067410559275475,-0.0014772384065548,24300.0,-0.0014772384065548,24350.0,39.55,72.2,0.0045919719591797,0.1035755791175001,0.1053684384199711
2025-04-30,24334.2,2025-04-30,0,155904600.0,147561825.0,0.9464879483992134,-2981550.0,37554975.0,1.0,8013170325.0,7985157900.0,0.9965042019745164,24350.0,24350.0,24350.0,24350.0,24500.0,24000.0,0.0006492919430267,0.0006492919430267,24350.0,0.0006492919430267,24350.0,13.45,2.7,0.0006636749923975,0.1334821102135536,0.1336280572566786
2025-05-02,24346.7,2025-05-08,6,110788350.0,59008200.0,0.5326209840655628,56076825.0,19347000.0,-0.4869790812120705,2530145475.0,1929646725.0,0.7626623623291858,25000.0,24000.0,25000.0,24000.0,24000.0,23100.0,0.0268332053214603,-0.014240122891398,24350.0,0.0001355419831023,24350.0,159.8,177.6,0.0138581409390184,0.0905957169684357,0.1152678780237323
2025-05-05,24461.15,2025-05-08,3,145964325.0,86922825.0,0.5955073268759336,31066200.0,29216850.0,-0.0306777775842463,2192447850.0,1709965200.0,0.7799342638868241,24500.0,24000.0,24500.0,24400.0,24300.0,23500.0,0.0015882327691052,-0.018852343409856,24400.0,-0.0024998824666869,24450.0,107.7,98.85,0.0084440020195289,0.0873043807108346,0.1028550326108246
2025-05-06,24379.6,2025-05-08,2,159540075.0,94461750.0,0.5920879127078259,18223125.0,7233300.0,-0.4317112477498313,1777417650.0,1579821750.0,0.8888297862913649,24500.0,24000.0,24400.0,23500.0,24800.0,24500.0,0.004938555185483,-0.0155703949203431,24400.0,0.0008367651643177,24400.0,54.5,99.25,0.0063065021575415,0.1128097438840993,0.1054982572311014
2025-05-07,24414.4,2025-05-08,1,166214925.0,117424725.0,0.7064631831347276,6095250.0,22961775.0,0.5804629001076331,4155394575.0,2956825200.0,0.7115630409177208,24500.0,24300.0,24400.0,24300.0,25500.0,24000.0,0.0035061275312928,-0.0046857592240645,24400.0,-0.0005898158463858,24400.0,43.7,79.35,0.0050400583262336,0.1118473566678804,0.1095823302971329
2025-05-08,24273.8,2025-05-08,0,171549000.0,155803050.0,0.9082131052935312,9359025.0,36323175.0,0.5902550665248171,7784070300.0,9542181150.0,1.2258600940436009,24400.0,24300.0,24400.0,24250.0,24500.0,23000.0,0.0051990211668548,0.0010793530473185,24350.0,0.0031391871070867,24250.0,43.25,2.3,0.0018765088284487,0.1826416942098176,0.1195759646553774
2025-05-09,24008.0,2025-05-15,6,73504350.0,47207700.0,0.6422436223162302,30679350.0,10976925.0,-0.4729761602543674,1473919425.0,1126621425.0,0.7643711086852661,25000.0,24000.0,24000.0,24000.0,25350.0,24300.0,0.0413195601466178,-0.0003332222592469,24100.0,0.0038320559813396,24000.0,226.6,238.95,0.0193914528490503,0.0986747723093939,0.1434474672564009
2025-05-12,24924.7,2025-05-15,3,119298375.0,90803850.0,0.7611490936066816,8413575.0,56356200.0,0.7402005796685259,2727198375.0,1373365275.0,0.5035809963769138,26000.0,24000.0,26200.0,24500.0,24500.0,23550.0,0.0431419435339242,-0.0370997444302239,24600.0,-0.0130272380409794,24900.0,227.05,173.8,0.0160824403102143,0.1003712330532582,0.0932677964645772
2025-05-13,24578.35,2025-05-15,2,159508125.0,91445100.0,0.5732943071081802,57468375.0,-6029475.0,-1.0,2521450950.0,2088531525.0,0.8283054346149387,26000.0,24000.0,25000.0,23500.0,24000.0,24800.0,0.0578415556780662,-0.0235308716817849,24550.0,-0.0011534541578258,24600.0,128.15,160.25,0.0117339040252905,0.0829979664045326,0.1041575765131209
2025-05-14,24666.9,2025-05-15,1,170430900.0,107932650.0,0.6332927303675566,6542700.0,16766400.0,0.4386141035046398,4304310000.0,3908184375.0,0.907970005645504,25000.0,24000.0,25500.0,24000.0,26000.0,24200.0,0.0135039263142104,-0.0270362307383579,24600.0,-0.0027121365068168,24650.0,85.2,100.6,0.0075323611803672,0.0861406294281142,0.113766084683365
2025-05-15,25062.1,2025-05-15,0,170223675.0,148720950.0,0.8736795865792464,-15007650.0,55242600.0,1.0,12202621275.0,10234698825.0,0.8387295314956826,25100.0,25050.0,25100.0,25050.0,25000.0,24000.0,0.0015122435869301,-0.0004828007230039,24900.0,-0.0064679336528064,25050.0,19.9,2.55,0.0008957748951604,0.0945815850820986,0.1341524176654331
2025-05-16,25019.8,2025-05-22,6,103947975.0,61530300.0,0.5919336090962811,38054175.0,16704900.0,-0.3898764725298957,1469881875.0,1206547875.0,0.8208468282527805,26000.0,25000.0,25500.0,25000.0,24600.0,24400.0,0.0391769718383041,-0.0007913732323998,25000.0,-0.0007913732323998,25000.0,195.15,161.5,0.0142547102694665,0.1189496476482586,0.1049044129477672
2025-05-19,24945.45,2025-05-22,3,135976950.0,75438900.0,0.5547918231729716,38349975.0,9199350.0,-0.6130607532283582,1494992025.0,1377428625.0,0.9213618547563824,26000.0,24000.0,25000.0,24200.0,25450.0,25100.0,0.04227424239691,-0.0379006993259292,24950.0,0.0001823979924193,24950.0,148.3,161.15,0.0124050678580663,0.109486571069582,0.0860613688693764
2025-05-20,24683.9,2025-05-22,2,169963950.0,84550350.0,0.4974604908864497,50975100.0,5922525.0,-0.7918181997930493,1958338875.0,2048667075.0,1.0461249077741972,25000.0,24000.0,25000.0,23700.0,24000.0,25000.0,0.0128059180275401,-0.0277063186935614,24800.0,0.0047034706833197,24700.0,133.05,103.55,0.0095851952082126,0.0999194240896378,0.0885705972831573
2025-05-21,24813.45,2025-05-22,1,160624125.0,100570200.0,0.6261213874316826,-20290125.0,18024675.0,1.0,4460497125.0,3680427225.0,0.8251159280816709,25500.0,24000.0,25300.0,24000.0,25000.0,23700.0,0.0276684620639209,-0.0327826239398391,24800.0,-0.0005420447378337,24800.0,106.25,114.65,0.0089024299321537,0.0842815486154399,0.110536968207282
2025-05-22,24609.7,2025-05-22,0,170519175.0,118642275.0,0.6957708715163559,22562025.0,15290700.0,-0.1920951529909669,10750659375.0,9592720950.0,0.8922914042191017,24600.0,24600.0,24600.0,24600.0,25500.0,24800.0,-0.0003941535248296,-0.0003941535248296,24600.0,-0.0003941535248296,24600.0,9.35,3.9,0.0005384055880404,0.0850043697431681,0.166031669571407
2025-05-23,24853.15,2025-05-29,6,113043225.0,98741550.0,0.8734848992498223,16527825.0,33893925.0,0.3444168439215219,1855531425.0,1331038200.0,0.7173353046284301,26000.0,24000.0,25800.0,24800.0,24600.0,25500.0,0.0461450560592922,-0.0343276405606532,24800.0,-0.0021385619126751,24850.0,219.1,189.45,0.0164385601020393,0.1156860572581859,0.0987957956908717
2025-05-26,25001.15,2025-05-29,3,136722150.0,107204400.0,0.7841041118794577,12360450.0,18378150.0,0.1957701391735472,1615990425.0,1382982375.0,0.8558109959098303,26000.0,24000.0,25000.0,25000.0,24900.0,23900.0,0.0399521622005387,-0.0400441579687335,24900.0,-0.0040458138925609,25000.0,222.9,185.25,0.0163252490385442,0.1051892469508415,0.1160864199603747
2025-05-27,24826.2,2025-05-29,2,168821250.0,116149650.0,0.6880037317577024,44782950.0,-103125.0,-1.0,2201910900.0,1823679825.0,0.8282259854383753,26000.0,24000.0,26000.0,24200.0,23600.0,24500.0,0.0472806953943816,-0.0332793580974938,24800.0,-0.0010553367007436,24850.0,191.85,176.75,0.0148472178585526,0.1097940869410693,0.1003756791346336
2025-05-28,24752.45,2025-05-29,1,179128200.0,107859300.0,0.6021346722626588,15143850.0,-10114725.0,-1.0,2682353400.0,2392666500.0,0.8920027092626944,26000.0,24000.0,25500.0,24750.0,26200.0,24200.0,0.0504010714090927,-0.0303990110069912,24800.0,0.0019210219594423,24750.0,119.35,103.85,0.0090172891976349,0.1149262092735817,0.1073864284303717
2025-05-29,24833.6,2025-05-29,0,154722075.0,104116575.0,0.6729264392298254,-27390375.0,-3121950.0,0.7953646600185335,8357100150.0,6422538975.0,0.7685128644772793,24850.0,24800.0,24850.0,24700.0,26000.0,24000.0,0.0006603955930675,-0.0013530056053089,24800.0,-0.0013530056053089,24850.0,1.7,27.3,0.0011677726950583,0.1034580876710708,0.1100307515878235
2025-05-30,24750.7,2025-06-05,6,101597775.0,65299725.0,0.6427279042282176,43993500.0,23650125.0,-0.3007434181713354,1230495825.0,1159559175.0,0.9423511656368276,26000.0,24000.0,25500.0,23800.0,23500.0,25000.0,0.0504753400913913,-0.0303304553002541,24800.0,0.0019918628564039,24750.0,225.2,183.75,0.0165227650127067,0.1062948967140274,0.0868143012853423
2025-06-02,24716.6,2025-06-05,3,122449725.0,92068200.0,0.7518857228956619,25156800.0,26529150.0,0.0265517031224152,1910485800.0,1405140075.0,0.73548836374497,26000.0,24000.0,25700.0,24500.0,24800.0,24800.0,0.051924617463567,-0.0289926608028612,24700.0,-0.0006716134096113,24700.0,242.2,198.85,0.017844282789704,0.1069161241480942,0.0842619927401643
2025-06-03,24542.5,2025-06-05,2,181123950.0,92676000.0,0.511671703272814,64193550.0,-2383500.0,-1.0,2176429425.0,1860808650.0,0.854982306628206,25500.0,24000.0,25500.0,24300.0,25700.0,24100.0,0.0390139553835184,-0.0221045125802179,24600.0,0.0023428746052764,24550.0,153.3,121.35,0.0111907914841601,0.0892278464554245,0.0820786935128835
2025-06-04,24620.2,2025-06-05,1,177454050.0,105610425.0,0.5951423762940322,-4885500.0,13611000.0,1.0,2732087325.0,2166232350.0,0.7928854726486461,25500.0,24000.0,24600.0,24600.0,26000.0,23500.0,0.0357348843632463,-0.0251906970698857,24600.0,-0.0008204644966328,24600.0,89.85,71.15,0.0065393457404895,0.0867820430133885,0.092915543138852
2025-06-05,24750.9,2025-06-05,0,160771125.0,122605500.0,0.7626089572987687,-21362925.0,18905100.0,1.0,11221045350.0,8445289500.0,0.7526294776092318,24750.0,24700.0,24750.0,24750.0,24600.0,24000.0,-3.636231409775981e-05,-0.0020564908750793,24750.0,-3.636231409775981e-05,24750.0,2.1,7.6,0.0003919049408304,0.1292984047975033,0.1070439335918861
2025-06-06,25003.05,2025-06-12,6,101571825.0,84707475.0,0.8339662598363277,30417300.0,44079900.0,0.1833974968186723,2236715325.0,1397756625.0,0.624914851423929,26000.0,24000.0,25500.0,25000.0,24800.0,23600.0,0.0398731354774717,-0.040117105713103,24900.0,-0.0041214971773443,25000.0,182.4,153.2,0.0134223624717784,0.1068463129416056,0.0945368162609026
2025-06-09,25103.2,2025-06-12,3,128266275.0,107917125.0,0.841352296229075,23113050.0,23580600.0,0.0100131388315113,1297642275.0,1002541125.0,0.7725866706985945,26000.0,24000.0,25100.0,25100.0,25000.0,23850.0,0.0357245291436947,-0.0439465884827432,25000.0,-0.0041110296695242,25100.0,137.6,130.5,0.010679913317824,0.1014783504081645,0.0919552851319936
2025-06-10,25104.25,2025-06-12,2,152016150.0,119034000.0,0.7830352235601283,23749875.0,11116875.0,-0.36232226978425,1522189050.0,1362327150.0,0.8949789449608773,26000.0,24000.0,25200.0,25100.0,26300.0,24550.0,0.0356812093569813,-0.043986575978171,25000.0,-0.0041526833105948,25100.0,82.35,96.35,0.0071183166196958,0.104446632808422,0.0893234286002318
2025-06-11,25141.4,2025-06-12,1,154419975.0,125140500.0,0.8103906246585003,2423400.0,7254825.0,0.4992056911262137,3542219850.0,2771491725.0,0.7824166320450155,26000.0,24500.0,25250.0,25200.0,25100.0,24000.0,0.0341508428329369,-0.0255117057920403,25100.0,-0.0016466863420494,25150.0,65.8,81.9,0.0058747722879394,0.0926819862521024,0.0784961703045776
2025-06-12,24888.2,2025-06-12,0,180861300.0,105625275.0,0.5840125831230893,39301800.0,-25505175.0,-1.0,10726097925.0,10043648250.0,0.9363748420187952,24900.0,24850.0,24900.0,24850.0,25200.0,25000.0,0.0004741202658287,-0.0015348639114118,24900.0,0.0004741202658287,24900.0,4.35,8.7,0.0005243448702598,0.1131830026655785,0.1163017090369705
2025-06-13,24718.6,2025-06-19,6,94701900.0,66894150.0,0.7063654477893263,26664525.0,18784050.0,-0.17339322520013,1576119975.0,1264459875.0,0.8022611825600395,26000.0,23500.0,25000.0,23500.0,26000.0,24900.0,0.0518395054736109,-0.0492989085142362,24800.0,0.0032930667594444,24700.0,170.2,188.5,0.0145113396389763,0.0913864980533653,0.1138395509921271
2025-06-16,24946.5,2025-06-19,3,102636975.0,106020750.0,1.0329683820085305,3349200.0,42484950.0,0.8538556949348902,2157351750.0,1413533325.0,0.655216899608513,26000.0,23500.0,25300.0,24800.0,25000.0,25400.0,0.042230372998216,-0.05798408594392,24900.0,-0.0018639889363237,24950.0,141.5,132.2,0.010971478964985,0.0925514416222808,0.0918471148336528
2025-06-17,24853.4,2025-06-19,2,127634700.0,103534500.0,0.811178308093332,27196125.0,-4545075.0,-1.0,1775347875.0,1473554925.0,0.830009118635411,26000.0,24000.0,25000.0,24000.0,24600.0,24900.0,0.046134532900931,-0.0343373542452944,24850.0,-0.0001368022081486,24850.0,99.35,113.45,0.0085622087923583,0.0809174542659637,0.0958752879474957
2025-06-18,24812.05,2025-06-19,1,157670025.0,100683375.0,0.638570172104685,30033900.0,-3613200.0,-1.0,3342494325.0,3309074925.0,0.9900016584171762,25000.0,24000.0,24800.0,24750.0,26000.0,23500.0,0.0075749484625413,-0.0327280494759602,24800.0,-0.0004856511251589,24800.0,81.9,82.1,0.0066096916619142,0.0874484544541678,0.106109375058196
2025-06-19,24793.25,2025-06-19,0,161424300.0,159844350.0,0.9902124401344778,5079450.0,59162250.0,0.8418643964901302,9391272150.0,8992044375.0,0.9574894893233394,24800.0,24800.0,24850.0,24800.0,25000.0,24000.0,0.000272251520071,0.000272251520071,24800.0,0.000272251520071,24800.0,3.25,2.35,0.0002258679277625,0.1380163953010792,0.2168550217758713
2025-06-20,25112.4,2025-06-26,6,112058700.0,99871100.0,0.8912391451980078,21078025.0,43057550.0,0.3427041076656754,2076154650.0,1243930350.0,0.5991511037002951,26000.0,25000.0,25400.0,25000.0,24800.0,26000.0,0.0353450884821839,-0.0044758764594384,25000.0,-0.0044758764594384,25100.0,165.55,150.75,0.0125953712110351,0.1387480400897029,0.0980418759781358
2025-06-23,24971.9,2025-06-26,3,123868000.0,110763925.0,0.8942093599638324,17632375.0,1986350.0,-0.7975046798403056,2271542775.0,1664692800.0,0.7328467763500514,26000.0,24000.0,25000.0,24900.0,25400.0,25100.0,0.0411702753895377,-0.0389197457942728,25000.0,0.0011252647976325,24950.0,163.55,115.15,0.011160544451964,0.1195478251041431,0.0972232159523057
2025-06-24,25044.35,2025-06-26,2,162669700.0,112802850.0,0.6934472123573105,28921275.0,8924300.0,-0.5283834371653754,3180182025.0,2773961250.0,0.8722649295522636,26000.0,24000.0,25200.0,25200.0,26500.0,24900.0,0.0381583071630926,-0.0417000241571451,25050.0,0.0002255997859796,25050.0,119.6,99.3,0.008740494363,0.1080148915255883,0.0923117190744737
2025-06-25,25244.75,2025-06-26,1,145810025.0,159494975.0,1.0938546577987351,-21760325.0,51008525.0,1.0,3474474675.0,2815823325.0,0.8104313855734177,26000.0,25200.0,25250.0,25200.0,25100.0,23800.0,0.0299171114786243,-0.0017726457976411,25200.0,-0.0017726457976411,25250.0,67.6,68.1,0.0053753750779865,0.0905985373776597,0.0936288118167986
2025-06-26,25549.0,2025-06-26,0,119768675.0,133504750.0,1.1146883774075316,-38583425.0,-10027500.0,0.5874384204785241,9964472025.0,8428458225.0,0.8458509596749056,25550.0,25500.0,25550.0,25500.0,25300.0,25200.0,3.914047516540009e-05,-0.001917883283103,25450.0,-0.0038749070413715,25550.0,3.6,4.85,0.0003307370151473,0.0949780900556844,0.0950376297472561
2025-06-27,25637.8,2025-07-03,6,100468425.0,99671925.0,0.99207213609649,32022675.0,41850075.0,0.1330314628871945,1693229550.0,1227261525.0,0.7248051659622878,26500.0,25000.0,25900.0,25600.0,25500.0,24450.0,0.0336300306578567,-0.0248773295680596,25550.0,-0.0034246308185569,25650.0,142.7,133.95,0.0107907074709998,0.0790330394847933,0.0889282513606514
2025-06-30,25517.05,2025-07-03,3,165769350.0,93435750.0,0.5636491305539896,67378800.0,-12150900.0,-1.0,2028775650.0,1885643625.0,0.9294490620488274,26500.0,25000.0,25600.0,24900.0,26950.0,25600.0,0.0385213024232817,-0.020262922242187,25500.0,-0.0006681806870307,25500.0,140.2,114.95,0.0099991966155962,0.0810095473017177,0.0839839140799961
2025-07-01,25541.8,2025-07-03,2,173217375.0,114250350.0,0.6595778858789426,6633525.0,26063250.0,0.5942397988792473,1694071050.0,1474639800.0,0.870471046654153,26000.0,25500.0,26000.0,25500.0,26500.0,24200.0,0.0179392211981928,-0.0016365330556186,25500.0,-0.0016365330556186,25550.0,96.15,84.75,0.0070825078890289,0.0856663484249198,0.0972850411399177
2025-07-02,25453.4,2025-07-03,1,184570875.0,111425475.0,0.6037002045962019,20392125.0,-7741650.0,-1.0,3392890425.0,3646412550.0,1.0747215775469672,26000.0,25000.0,25500.0,25000.0,26500.0,25500.0,0.0214745377827716,-0.0178129444396426,25450.0,-0.0001335774395562,25450.0,70.45,65.2,0.0053293469634704,0.0950037485600043,0.0900951959145787
2025-07-03,25405.3,2025-07-03,0,160758450.0,117365175.0,0.7300715763308243,-23397750.0,5548575.0,1.0,11973585300.0,10274574675.0,0.8581034349836719,25500.0,25400.0,25450.0,25400.0,26000.0,24600.0,0.0037275686569337,-0.0002086178868189,25400.0,-0.0002086178868189,25400.0,9.65,1.6,0.0004428209861721,0.0833746219872112,0.1813225260389208
2025-07-04,25461.0,2025-07-10,6,103543800.0,78571425.0,0.7588230777699871,33206475.0,26672175.0,-0.1091257067418854,1738799175.0,1640712225.0,0.9435892589493552,26500.0,25000.0,26600.0,25200.0,24500.0,25600.0,0.0408075095243705,-0.0181061230902164,25450.0,-0.0004320333058402,25450.0,146.3,125.9,0.0106908605317937,0.0828873867870408,0.0794382308835559
2025-07-07,25461.3,2025-07-10,3,120489075.0,92943450.0,0.7713848745207812,16945275.0,14372025.0,-0.0821670450517765,1685522625.0,1382875575.0,0.8204431993311273,26000.0,25000.0,25600.0,25300.0,25700.0,25200.0,0.0211575999654378,-0.0181176923409251,25450.0,-0.0004438108030618,25450.0,123.3,105.95,0.0090038607612337,0.0869443972409946,0.0755047827469283
2025-07-08,25522.5,2025-07-10,2,129142800.0,113663025.0,0.8801344325816073,3302625.0,20946225.0,0.7276056390303045,1700551500.0,1307012925.0,0.7685817953763823,26000.0,25400.0,26000.0,25400.0,26300.0,24300.0,0.0187089822705455,-0.0047996865510824,25500.0,-0.0008815750808111,25500.0,109.5,68.35,0.0069683612498775,0.0979032512846244,0.0923466536281257
2025-07-09,25476.1,2025-07-10,1,165249225.0,110066775.0,0.6660653022729759,36507750.0,-3874725.0,-1.0,3308410050.0,2737263000.0,0.8273650964154217,26000.0,25400.0,25500.0,24900.0,26600.0,24400.0,0.0205643720977701,-0.0029871134121783,25500.0,0.0009381341728129,25500.0,62.2,66.3,0.0050439431467139,0.0986518998803171,0.0894595576185456
2025-07-10,25355.25,2025-07-10,0,183282600.0,110555475.0,0.6031967846374943,24589275.0,-372300.0,-1.0,8933002275.0,8569724925.0,0.9593331179354256,25400.0,25350.0,25400.0,25350.0,26000.0,25500.0,0.0017649204799794,-0.0002070577099417,25400.0,0.0017649204799794,25350.0,13.8,3.0,0.0006625846718135,0.1180869051399314,0.1644016273278189
2025-07-11,25149.85,2025-07-17,6,131072400.0,73481325.0,0.5606163082388054,63336225.0,22245225.0,-0.4801390955633493,1633668225.0,1654771200.0,1.0129175402184247,25500.0,24000.0,25300.0,25000.0,23800.0,25400.0,0.0139225482458147,-0.0457199545921744,25250.0,0.0039821311061498,25150.0,143.65,104.6,0.0098708342196871,0.0821940774716874,0.1026597574281628
2025-07-14,25082.3,2025-07-17,3,159045825.0,90233475.0,0.5673426196506572,31210725.0,16474050.0,-0.3090436098314399,1938796950.0,1857816000.0,0.9582313403164782,25500.0,25000.0,25100.0,24900.0,26300.0,25300.0,0.0166531777388836,-0.0032811982952121,25150.0,0.0026991145150165,25100.0,117.85,89.5,0.0082667857413395,0.0780935305909476,0.0957092143464495
2025-07-15,25195.8,2025-07-17,2,149818800.0,113174700.0,0.7554105359274003,-14919450.0,23493300.0,1.0,2376363150.0,1905885000.0,0.8020175704205815,26000.0,25000.0,26000.0,25200.0,25100.0,24000.0,0.0319180180823788,-0.007771136459251,25200.0,0.0001666944490748,25200.0,84.05,62.8,0.0058283523444383,0.0831429366674943,0.0928259584518448
2025-07-16,25212.05,2025-07-17,1,151117350.0,124703100.0,0.8252070328125791,1298550.0,11528400.0,0.797527861260861,3593974950.0,2953911750.0,0.8219066051086417,25500.0,25000.0,25800.0,25150.0,26000.0,24000.0,0.01142112600919,-0.0084106607753038,25200.0,-0.0004779460615063,25200.0,64.0,42.0,0.0042043387983127,0.0880972634843054,0.0940056822965908
2025-07-17,25111.45,2025-07-17,0,164396925.0,112528725.0,0.6844940986578673,15663525.0,-12340650.0,-1.0,7628406975.0,7817515575.0,1.0247900512675518,25200.0,25100.0,25150.0,25100.0,25500.0,25200.0,0.0035262798444533,-0.0004559672977865,25150.0,0.0015351562733334,25100.0,13.95,1.75,0.0006252128013316,0.1214949732180209,0.2092372414243563
2025-07-18,24968.4,2025-07-24,6,106179075.0,69386925.0,0.6534896353165631,46951875.0,21277425.0,-0.3762965470846103,1506034575.0,1671321150.0,1.1097495221847746,26000.0,24000.0,25100.0,23500.0,24000.0,25200.0,0.0413162237067652,-0.0387850242706782,25050.0,0.0032681309174795,24950.0,162.4,96.2,0.0103570913634834,0.0834352248783482,0.071854675790864
2025-07-21,25090.7,2025-07-24,3,115407600.0,99684150.0,0.8637572395578801,-461175.0,34115475.0,1.0,2275211325.0,1899365100.0,0.8348082128151327,26000.0,24000.0,25600.0,25100.0,25900.0,23800.0,0.0362405193956325,-0.0434702897886468,25100.0,0.0003706552627069,25100.0,96.55,89.6,0.0074190835648268,0.0838859399207677,0.0823927374612714
2025-07-22,25060.9,2025-07-24,2,150510750.0,104391150.0,0.6935793622714657,35103150.0,4707000.0,-0.7635276430759492,1869792525.0,1842103350.0,0.9851913115333478,25100.0,25000.0,25200.0,24500.0,26200.0,24900.0,0.0015601993543727,-0.00243008032433,25100.0,0.0015601993543727,25050.0,86.3,55.6,0.0056622068640791,0.0843861651078079,0.0807123017612125
2025-07-23,25219.9,2025-07-24,1,117326250.0,134846250.0,1.1493271965992264,-38838000.0,32502000.0,1.0,3496662450.0,2872612650.0,0.8215298705770127,25500.0,25100.0,25600.0,25200.0,25100.0,24000.0,0.0111063089068552,-0.0047541822132523,25200.0,-0.0007890594332253,25200.0,63.6,36.45,0.0039671053414168,0.0898520152139866,0.091277844211463
2025-07-24,25062.1,2025-07-24,0,161865525.0,117117600.0,0.723548760614714,49106925.0,-19752900.0,-1.0,8866675725.0,9595451175.0,1.0821926359554557,25100.0,25050.0,25100.0,25050.0,25500.0,25200.0,0.0015122435869301,-0.0004828007230039,25100.0,0.0015122435869301,25050.0,15.75,1.35,0.0006823051539974,0.1456046616473767,0.2008730967847701
2025-07-25,24837.0,2025-07-31,6,157306350.0,94914825.0,0.603375674281426,63605550.0,16213350.0,-0.593746593851832,1797344700.0,2024203875.0,1.1262190691635277,25000.0,24000.0,25000.0,24700.0,24000.0,25000.0,0.0065627893868018,-0.0336997221886701,25000.0,0.0065627893868018,24850.0,122.7,119.3,0.0097435278012642,0.0924627327504579,0.0870693803628674
2025-07-28,24680.9,2025-07-31,3,183348150.0,101426550.0,0.5531910193803428,35613450.0,5753625.0,-0.7218258723876416,2348756925.0,2337245025.0,0.9950987265316952,25000.0,24000.0,24800.0,24600.0,25750.0,25000.0,0.012929026089,-0.02758813495456,24800.0,0.0048255938802879,24700.0,112.85,100.7,0.0086524397408522,0.0863120244191174,0.0827202049167599
2025-07-29,24821.1,2025-07-31,2,166878600.0,125439075.0,0.7516786154725651,-26113500.0,24924150.0,1.0,2344511550.0,1967108700.0,0.8390270886061534,25000.0,24000.0,25800.0,24800.0,24800.0,25000.0,0.0072075774240465,-0.0330807256729153,24850.0,0.0011643319595022,24800.0,96.65,60.1,0.0063151915104487,0.0844741326928677,0.0966092503472303
2025-07-30,24855.05,2025-07-31,1,158187000.0,128397075.0,0.811679057065372,-8690475.0,3127575.0,1.0,3762477900.0,3144468375.0,0.8357440119448941,25000.0,24800.0,24900.0,24900.0,26000.0,24000.0,0.0058318128509096,-0.0022148416518976,24900.0,0.0018084855995059,24850.0,69.5,48.55,0.0047495378202819,0.0956347550683684,0.0782085573211072
2025-07-31,24768.35,2025-07-31,0,126677850.0,135080625.0,1.0663318409650937,-30117825.0,6157500.0,1.0,10783670175.0,9971108550.0,0.9246488800368008,24800.0,24750.0,24800.0,24750.0,25000.0,24800.0,0.001277840469793,-0.0007408648537347,24800.0,0.001277840469793,24750.0,21.8,1.75,0.0009508102073815,0.1036690707965125,0.1382168982413281
2025-08-01,24565.35,2025-08-07,6,122712825.0,74234400.0,0.6049441042531618,71293050.0,22900650.0,-0.5137541045738728,2127126600.0,2163612150.0,1.0171525051682395,25000.0,24200.0,24800.0,24200.0,23700.0,24800.0,0.0176936212999205,-0.014872574581677,24700.0,0.0054812978443214,24550.0,160.8,138.8,0.0121960403576582,0.0889906984049955,0.0842651789466878
2025-08-04,24722.75,2025-08-07,3,128822175.0,108343875.0,0.8410343560803876,1985550.0,36773625.0,0.8975442588754792,2172158550.0,1827016275.0,0.8411063156508534,25000.0,23500.0,25500.0,24600.0,24800.0,24200.0,0.011214367333731,-0.0494584947062928,24700.0,-0.0009202050742737,24700.0,133.35,103.65,0.0095863122023237,0.0829608722256086,0.0901684566847918
2025-08-05,24649.55,2025-08-07,2,151231950.0,108855525.0,0.7197918495397302,25314600.0,-625650.0,-1.0,1896127950.0,1865763075.0,0.983985851271271,25000.0,24000.0,24600.0,24500.0,25700.0,23500.0,0.0142172980845491,-0.0263513938388327,24650.0,1.825591136550564e-05,24650.0,91.1,90.0,0.0073469901073244,0.0879972783528877,0.084470448330482
2025-08-06,24574.2,2025-08-07,1,182689050.0,109081200.0,0.5970866891036983,33562350.0,-616500.0,-1.0,3610232325.0,3582291750.0,0.9922607266001918,25000.0,24000.0,25000.0,24550.0,25600.0,24650.0,0.0173271154300038,-0.0233659691871963,24600.0,0.0010498815831236,24550.0,86.9,56.5,0.0058353883341065,0.1004259697009755,0.0964882124509081
2025-08-07,24596.15,2025-08-07,0,177766275.0,148444500.0,0.835054343125545,-5278275.0,40040175.0,1.0,12187977000.0,11118651150.0,0.9122638769338012,24600.0,24550.0,24600.0,24550.0,25000.0,24700.0,0.000156528562397,-0.0018763099102908,24550.0,-0.0018763099102908,24600.0,1.85,14.5,0.0006647381805689,0.1488956496388305,0.1022427573941776
2025-08-08,24363.3,2025-08-14,6,139498050.0,72233700.0,0.517811539301087,88935075.0,12980925.0,-0.7452622748145532,1894283550.0,2237679975.0,1.1812803711461255,25000.0,24000.0,24500.0,24300.0,23650.0,24600.0,0.0261335697545077,-0.0149117730356724,24500.0,0.0056108983594176,24350.0,161.5,106.6,0.0110042564020473,0.0890340402607778,0.0788274724955249
2025-08-11,24585.05,2025-08-14,3,123785475.0,118435800.0,0.956782691991932,-28111350.0,52142325.0,1.0,2351860425.0,2024239725.0,0.8606972180332513,25000.0,23500.0,25050.0,24400.0,24500.0,23200.0,0.0168781434245608,-0.0441345451809127,24550.0,-0.0014256631570812,24600.0,94.4,112.1,0.0083994134646868,0.088409807370372,0.084387490944461
2025-08-12,24487.4,2025-08-14,2,166584600.0,108146775.0,0.6492003162357145,50391675.0,-12045750.0,-1.0,3079824375.0,2863623300.0,0.929800842945793,25000.0,24000.0,24700.0,24700.0,25600.0,23500.0,0.0209332146328315,-0.0199041139524817,24500.0,0.0005145503401748,24500.0,86.75,74.75,0.006595228566528,0.0944677659279429,0.0858118515323272
2025-08-13,24619.35,2025-08-14,1,150644175.0,161054775.0,1.0691072190477993,-23718750.0,54224325.0,1.0,4411642800.0,3909767100.0,0.8862383645384889,25000.0,24600.0,24950.0,24600.0,24500.0,23700.0,0.0154614155125947,-0.0007859671356066,24600.0,-0.0007859671356066,24600.0,83.55,40.4,0.0050346576981114,0.1052539867538854,0.0950890776135013
2025-08-14,24631.3,2025-08-14,0,173712675.0,159001800.0,0.9153149014601266,22011975.0,-1835775.0,-1.0,8785604325.0,8959353075.0,1.0197765280079354,24650.0,24600.0,24650.0,24600.0,25000.0,24500.0,0.0007591966319278,-0.0012707408865955,24650.0,0.0007591966319278,24650.0,2.2,14.35,0.0006719093186311,0.1677425092901252,0.1530930781915676
2025-08-18,24876.95,2025-08-21,3,111194850.0,92091225.0,0.8281968544406508,56062275.0,52005750.0,-0.0375367737126684,2111738025.0,1920032850.0,0.9092192437080352,25000.0,24000.0,25000.0,24800.0,24700.0,23400.0,0.0049463459145915,-0.035251507921992,24900.0,0.0009265605309332,24900.0,128.65,92.45,0.0088877454832686,0.0960125401491166,0.0875881496852713
2025-08-19,24980.65,2025-08-21,2,122257425.0,131193825.0,1.073094946994017,9179925.0,40230450.0,0.6284211564878833,2185460250.0,1754474250.0,0.8027939423743808,25000.0,24900.0,25500.0,25000.0,24900.0,23900.0,0.0007745995400438,-0.0032284988581162,25000.0,0.0007745995400438,25000.0,76.3,75.7,0.0060847095652034,0.0966744964569636,0.0867554170327757
2025-08-20,25050.55,2025-08-21,1,131443575.0,166465725.0,1.2664424640002374,5665425.0,40182825.0,0.752861886767761,3712157100.0,2949109800.0,0.7944463880583071,25500.0,25000.0,25100.0,25000.0,25000.0,24100.0,0.0179417218384427,-0.0020179197662326,25000.0,-0.0020179197662326,25050.0,55.25,53.05,0.0043232583715726,0.0944949192077284,0.1048179737901
2025-08-21,25083.75,2025-08-21,0,149390025.0,151036800.0,1.0110233263566293,17947575.0,-15034875.0,-1.0,9349858350.0,8760005025.0,0.9369131271384448,25100.0,25050.0,25100.0,25100.0,25000.0,24900.0,0.0006478297702696,-0.0013454925997906,25100.0,0.0006478297702696,25100.0,2.05,13.35,0.0006139432899785,0.2095466213356614,0.1013762871035403
2025-08-22,24870.1,2025-08-28,6,167008200.0,98664000.0,0.5907733871750009,86469975.0,15482475.0,-0.696280471925883,1781502975.0,1783939650.0,1.0013677636435043,25000.0,24000.0,25000.0,24900.0,24000.0,25100.0,0.0052231394324913,-0.0349857861448084,24950.0,0.0032126931536262,24850.0,142.45,91.05,0.0093887841222994,0.1040477353806579,0.0820793298467526
2025-08-25,24967.75,2025-08-28,3,155641650.0,116932275.0,0.7512916690358911,-14322825.0,18924450.0,1.0,2221705950.0,1940104125.0,0.8732497318108187,25000.0,25000.0,25550.0,25000.0,24900.0,23800.0,0.0012916662494617,0.0012916662494617,25000.0,0.0012916662494617,24950.0,100.0,59.05,0.006370217580679,0.0945498843015349,0.0937279720248323
2025-08-26,24712.05,2025-08-28,2,160637100.0,90701025.0,0.5646331077939032,15547650.0,-27700650.0,-1.0,2481707775.0,2567627175.0,1.034621078623973,25000.0,24000.0,24800.0,24600.0,26000.0,25000.0,0.0116522101565834,-0.0288138782496797,24800.0,0.0035589924753309,24700.0,84.75,53.2,0.005582296895644,0.1013657492571765,0.1043670675166019
2025-08-28,24500.9,2025-08-28,0,143705700.0,107512425.0,0.7481430799195856,-4792050.0,16356525.0,1.0,9474046350.0,9238511475.0,0.9751389357515652,24500.0,24500.0,24500.0,24500.0,25000.0,24700.0,-3.673334448939247e-05,-3.673334448939247e-05,24550.0,0.0020040080160319,24500.0,2.85,7.9,0.0004387593925121,0.1137423567749922,0.1520949787896608
2025-08-29,24426.85,2025-09-02,4,166040325.0,95000325.0,0.5721521262982351,84835575.0,36025200.0,-0.4038562138956994,3227873175.0,3463959600.0,1.073139932147427,25000.0,23500.0,24500.0,23500.0,23500.0,24800.0,0.0234639341544244,-0.037943901894841,24500.0,0.0029946554713358,24450.0,95.85,79.75,0.0071888106735006,0.0997456491367383,0.1087433121939319
2025-09-01,24625.05,2025-09-02,1,147335700.0,165649500.0,1.1242998132835422,-32656950.0,75691200.0,1.0,4215600375.0,3638516775.0,0.863107612518893,25000.0,24500.0,24650.0,24500.0,24500.0,23500.0,0.0152263650226092,-0.005078162277843,24600.0,-0.0010172568177526,24650.0,46.75,60.3,0.0043471992950268,0.119920019384304,0.1182006284353408
2025-09-02,24579.6,2025-09-02,0,177623475.0,158513850.0,0.892414980621227,31280850.0,-7134675.0,-1.0,12540311625.0,13265699550.0,1.05784448957025,24600.0,24550.0,24600.0,24550.0,25000.0,24400.0,0.0008299565493337,-0.0012042506794252,24600.0,0.0008299565493337,24600.0,1.2,21.1,0.0009072564240264,0.1789797210081606,0.1466043818883965
2025-09-03,24715.05,2025-09-09,6,96550950.0,113473725.0,1.175273003528189,31430025.0,62906250.0,0.3336598249188872,2305174200.0,1966485525.0,0.8530745854261252,25000.0,24500.0,25000.0,24500.0,23900.0,25400.0,0.0115294122407196,-0.0087011760040945,24700.0,-0.0006089407061689,24700.0,128.5,96.8,0.0091159030631133,0.0923279367007781,0.1034591928660137
2025-09-04,24734.3,2025-09-09,5,177981975.0,118972200.0,0.6684508361029255,79570425.0,5728800.0,-0.8656775603764278,2556385725.0,2575023825.0,1.0072908011563866,25000.0,24500.0,24900.0,24800.0,24600.0,24550.0,0.0107421677589421,-0.0094726755962367,24750.0,0.0006347460813527,24750.0,102.8,97.2,0.0080859373420715,0.1006167899867388,0.1062197723501792
2025-09-05,24741.0,2025-09-09,4,191330100.0,133083000.0,0.6955675034926548,13348125.0,14110800.0,0.0277751222963025,4420214700.0,4402819500.0,0.9960646255486189,25000.0,24000.0,25100.0,24000.0,24900.0,23700.0,0.0104684531748919,-0.0299502849521038,24750.0,0.000363768643143,24750.0,94.15,75.6,0.0068610807970575,0.0976473382912568,0.0991642433669214
2025-09-08,24773.15,2025-09-09,1,195756375.0,159881925.0,0.8167393015936263,3982125.0,26798850.0,0.7412606325823012,4977765225.0,4734931125.0,0.9512162408181876,25000.0,24500.0,24900.0,24800.0,26000.0,24000.0,0.0091570914477971,-0.0110260503811586,24800.0,0.0010838347162149,24750.0,89.1,35.85,0.005043767143056,0.1086183017028181,0.0881520847337808
2025-09-09,24868.6,2025-09-09,0,162688275.0,183576600.0,1.1283947782961004,-34227375.0,25940400.0,1.0,9762751575.0,9723011100.0,0.9959293776252828,24900.0,24850.0,24900.0,24850.0,25000.0,24500.0,0.0012626364170078,-0.0007479311259981,24850.0,-0.0007479311259981,24850.0,15.65,1.3,0.000681582397079,0.1583914083544127,0.2134369249675612
2025-09-10,24973.1,2025-09-16,6,103349400.0,110386800.0,1.068093283560427,43228875.0,58441500.0,0.1496269193459746,1925408625.0,1627576575.0,0.8453148873787766,26000.0,24000.0,26000.0,25000.0,24900.0,26300.0,0.0411202453840333,-0.0389659273378154,25000.0,0.0010771590231088,24950.0,146.8,80.1,0.0090857762952937,0.0938706465639858,0.0882918066290534
2025-09-11,25005.5,2025-09-16,5,139476975.0,141558300.0,1.014922355464047,30952050.0,37229475.0,0.0920692958979723,1521177525.0,1352522925.0,0.8891289167580885,26000.0,25000.0,25400.0,25000.0,24950.0,23700.0,0.0397712503249285,-0.0002199516106456,25000.0,-0.0002199516106456,25000.0,119.55,71.2,0.0076283217692107,0.0876698465822047,0.1068360173864761
2025-09-12,25114.0,2025-09-16,4,147941850.0,171107700.0,1.1565875376034571,7533675.0,31553775.0,0.6145220524746434,2471503500.0,2180356200.0,0.8821983056062838,26000.0,25000.0,25150.0,25100.0,25000.0,23700.0,0.0352791271800589,-0.0045393007884049,25100.0,-0.0005574579915584,25100.0,91.85,57.65,0.0059528549812853,0.0874473652992713,0.1043408625094019
2025-09-15,25069.2,2025-09-16,1,178615650.0,170258925.0,0.9532139261033398,31468725.0,-2519925.0,-1.0,3231722775.0,3168025875.0,0.9802901101255506,25100.0,25000.0,25100.0,25100.0,26000.0,24000.0,0.0012285992373111,-0.0027603593253873,25100.0,0.0012285992373111,25050.0,78.95,28.9,0.0043020918098702,0.1044844054818264,0.1137627586923857
2025-09-16,25239.1,2025-09-16,0,137607300.0,172165875.0,1.251139111079136,-42405000.0,5497500.0,1.0,9150006300.0,8218863000.0,0.8982357749852041,25250.0,25200.0,25250.0,25200.0,25100.0,25000.0,0.0004318695991536,-0.0015491836079732,25200.0,-0.0015491836079732,25250.0,0.8,17.15,0.0007111981013586,0.1956524108822715,0.1782909940776591
2025-09-17,25330.25,2025-09-23,6,90732525.0,90498675.0,0.9974226441951218,36786375.0,33448725.0,-0.0475211112392521,1511958975.0,1281842700.0,0.8478025668652815,26000.0,25200.0,25500.0,25300.0,25200.0,24100.0,0.0264407181137178,-0.005142073212858,25300.0,-0.0011942242970361,25350.0,124.3,89.75,0.0084503706043169,0.0948099923373674,0.0841371434443653
2025-09-18,25423.6,2025-09-23,5,128330175.0,123152475.0,0.9596532927661012,37445700.0,32841075.0,-0.0655119686455951,1755825075.0,1805626575.0,1.0283635885539453,26000.0,25000.0,25800.0,25400.0,25300.0,24200.0,0.0226718482040308,-0.016661684419201,25400.0,-0.0009282713699082,25400.0,119.75,51.75,0.0067457008448842,0.0892968080188467,0.0850963409383368
2025-09-19,25327.05,2025-09-23,4,173571450.0,124781775.0,0.71890725692503,46280025.0,1458675.0,-0.9388892030993722,3033931875.0,3348284100.0,1.1036121567495645,26000.0,25300.0,25400.0,25300.0,26400.0,25400.0,0.0265704059493703,-0.0010680280569588,25350.0,0.000906145800636,25350.0,77.4,62.8,0.0055355834966962,0.091277396138593,0.1017233886919784
2025-09-22,25202.35,2025-09-23,1,223482450.0,117690225.0,0.5266195399236048,53133225.0,-9524625.0,-1.0,4423230825.0,4554333300.0,1.0296395282513886,25500.0,25200.0,25300.0,25200.0,26600.0,25300.0,0.0118104065692288,-9.324527276222128e-05,25250.0,0.0018906967009029,25200.0,70.95,38.15,0.0043289613865373,0.1022785010635063,0.1150533105022103
2025-09-23,25169.5,2025-09-23,0,168981225.0,126023550.0,0.7457843319575888,-53308350.0,8333700.0,1.0,11659442925.0,11354969775.0,0.9738861322999272,25200.0,25150.0,25200.0,25150.0,25500.0,25200.0,0.0012117841037764,-0.0007747472138898,25200.0,0.0012117841037764,25150.0,21.9,0.75,0.0008998986869027,0.1403996213188773,0.1899389042762245
2025-09-24,25056.9,2025-09-30,6,145417050.0,102126000.0,0.7022972890730489,47783400.0,23943225.0,-0.3323755300071626,1854167400.0,1910646000.0,1.0304603564920838,26000.0,25000.0,25100.0,25000.0,25450.0,25300.0,0.0376383351492004,-0.0022708315873073,25100.0,0.0017200850863434,25050.0,139.3,79.55,0.0087341211402847,0.0895587897017578,0.1044239468891369
2025-09-25,24890.85,2025-09-30,5,205483875.0,116888625.0,0.5688457305956489,69633150.0,10374375.0,-0.7406650186966789,1950280500.0,1929334575.0,0.9892600449012334,26000.0,24000.0,25000.0,24900.0,25650.0,25100.0,0.0445605513672695,-0.0357902602763665,25000.0,0.0043851455454515,24900.0,134.5,66.85,0.008089317962223,0.0912520507996065,0.0820794153408853
2025-09-26,24654.7,2025-09-30,4,224644575.0,123862575.0,0.5513713162225262,33407100.0,6004725.0,-0.6952830781117089,3324083775.0,3845504700.0,1.1568615475101858,25000.0,24500.0,24800.0,24500.0,25400.0,24900.0,0.0140054431812188,-0.0062746656824054,24800.0,0.0058933996357692,24650.0,111.75,72.3,0.0074651080727001,0.0802347441508436,0.1000187102520676
2025-09-29,24634.9,2025-09-30,1,226204200.0,138921825.0,0.6141434376550038,1559625.0,15059250.0,0.8123067897195207,5076907500.0,5694746400.0,1.1216959142942824,25000.0,24000.0,24700.0,24000.0,26000.0,24900.0,0.0148204376717582,-0.025772379835112,24750.0,0.0046722332950406,24650.0,77.25,46.05,0.0050050943985971,0.0824245305790078,0.1050990368144098
2025-09-30,24611.1,2025-09-30,0,159230550.0,133830300.0,0.8404813021119377,-63824625.0,-5198625.0,0.8493659745085895,9177536475.0,10008893250.0,1.090586049672987,24650.0,24600.0,24650.0,24600.0,25500.0,24000.0,0.0015805876210328,-0.0004510160049733,24650.0,0.0015805876210328,24600.0,15.05,1.35,0.00066636598933,0.1072510896935292,0.2243499790406208
2025-10-01,24836.3,2025-10-07,6,100657275.0,122096250.0,1.2129898211530166,31068225.0,71913975.0,0.3966292233026678,2200294200.0,1911088350.0,0.868560372517457,25000.0,24700.0,25000.0,24800.0,24700.0,25200.0,0.006591158908533,-0.0054879349983693,24800.0,-0.0014615703627351,24850.0,106.3,85.2,0.0077104882772393,0.0980227211594989,0.0811413126938788
2025-10-03,24894.25,2025-10-07,4,151289625.0,178886775.0,1.1824127067536851,50569125.0,59858925.0,0.0841253648869105,3707737650.0,3347272875.0,0.9027803989853488,26000.0,24000.0,25500.0,24900.0,24700.0,23850.0,0.0444178876648222,-0.0359219498478564,24900.0,0.000230977032849,24900.0,76.6,61.85,0.0055615252518151,0.085783476560273,0.0874562974261233
2025-10-06,25077.65,2025-10-07,1,144266325.0,199454775.0,1.382545614855026,-13214025.0,31071750.0,1.0,5527513950.0,4729014825.0,0.8555410022981489,25200.0,25000.0,25200.0,25000.0,24900.0,24000.0,0.0048788463033815,-0.0030963826355341,25050.0,-0.0011025754008051,25100.0,47.05,47.7,0.0037782647098113,0.0936601109094586,0.0860905686514649
2025-10-07,25108.3,2025-10-07,0,160186350.0,154640700.0,0.9653800089708018,15714225.0,-43031250.0,-1.0,12545331675.0,12214923750.0,0.9736628784667026,25150.0,25100.0,25150.0,25100.0,25000.0,25000.0,0.001660805391046,-0.0003305679795126,25100.0,-0.0003305679795126,25100.0,12.4,1.0,0.0005336880633097,0.1428834292060465,0.1795913042297403
2025-10-08,25046.15,2025-10-14,6,147296625.0,85521300.0,0.5806059711144095,82856700.0,28782525.0,-0.4843653742669747,2731649775.0,2686388625.0,0.9834308371394352,26000.0,25000.0,26000.0,24900.0,24800.0,25200.0,0.0380836974944251,-0.0018425985630526,25100.0,0.0021500310426951,25050.0,104.8,95.3,0.0079892518411013,0.0891211865852323,0.0915920946009941
2025-10-09,25181.8,2025-10-14,5,142751175.0,134778825.0,0.9441521234413656,-6338250.0,49934775.0,1.0,2531906250.0,2200947150.0,0.8692846150997889,26000.0,25000.0,25400.0,25100.0,25100.0,23700.0,0.0324917202106282,-0.0072194997974727,25150.0,-0.0012628167962576,25200.0,91.05,79.95,0.0067906186213852,0.0942155117111995,0.1018457461696969
2025-10-10,25285.35,2025-10-14,4,143015625.0,183573375.0,1.2835896427400852,-319650.0,50320275.0,1.0,3611235450.0,3231665700.0,0.8948919960342104,26000.0,25200.0,25450.0,25300.0,25200.0,24350.0,0.0282634015348808,-0.0033754723584999,25300.0,0.0005793868781724,25300.0,97.15,54.5,0.005997544032414,0.0876208456243854,0.0751342617087036
2025-10-13,25227.35,2025-10-14,1,176261400.0,165694200.0,0.9400481330569256,33562425.0,-18469050.0,-1.0,4766829075.0,4718166975.0,0.9897915156523628,25300.0,25200.0,25200.0,25200.0,26500.0,25300.0,0.002879810998777,-0.0010841408233523,25200.0,-0.0010841408233523,25250.0,53.95,59.7,0.0045050312458502,0.0870803250172754,0.0964655069398928
2025-10-14,25145.5,2025-10-14,0,178820475.0,122116200.0,0.6828983090443083,3057750.0,-45041850.0,-1.0,12378157350.0,13291440075.0,1.0737817995987908,25150.0,25150.0,25150.0,25150.0,25500.0,25200.0,0.0001789584617526,0.0001789584617526,25150.0,0.0001789584617526,25150.0,4.4,2.5,0.0002744029746873,0.1317927938621122,0.1211368761884172
2025-10-15,25323.55,2025-10-20,5,105868125.0,118875975.0,1.12286842711156,21656175.0,67346625.0,0.5133596920546319,2279527125.0,1877867025.0,0.8237967446866858,26000.0,25300.0,25700.0,25300.0,25200.0,26300.0,0.0267122895486613,-0.0009299644007257,25300.0,-0.0009299644007257,25300.0,153.6,69.75,0.0088198534565651,0.0827692471175814,0.0845437860762025
2025-10-16,25585.3,2025-10-20,4,116388675.0,145741875.0,1.252199795212034,6543600.0,36051525.0,0.6927535721517427,2533369950.0,1806749550.0,0.7131803035715333,26000.0,24500.0,25800.0,25500.0,25500.0,25050.0,0.016208525989533,-0.0424188889714015,25500.0,-0.0033339456641118,25600.0,96.5,86.65,0.0071584073667301,0.0963805112481949,0.0812422647917765
2025-10-17,25709.85,2025-10-20,3,141206250.0,146518125.0,1.0376178462355596,24433725.0,2439225.0,-0.8184624315529184,6224609625.0,4597738050.0,0.7386387784920729,26000.0,25500.0,26000.0,25700.0,25600.0,24500.0,0.0112855578698436,-0.008162241319961,25650.0,-0.0023279015630195,25700.0,96.6,66.75,0.0063535959953091,0.1187465144071172,0.0796995252293871
2025-10-20,25843.15,2025-10-20,0,158142825.0,126882525.0,0.8023286861101665,16448250.0,-17020800.0,-1.0,11879474475.0,11322303975.0,0.9530980515028212,25850.0,25800.0,25850.0,25800.0,26000.0,25500.0,0.0002650605673069,-0.0016696880991675,25800.0,-0.0016696880991675,25850.0,1.15,11.1,0.0004740134232862,0.1812478688173175,0.159468768453339
2025-10-21,25868.6,2025-10-28,7,131870475.0,106575300.0,0.8081816646220468,26498400.0,19105575.0,-0.1621092240314577,464546325.0,362385225.0,0.780084149842322,26000.0,25000.0,26400.0,25000.0,25500.0,24350.0,0.0050795172525766,-0.0335773872571379,25700.0,-0.0065175541003378,25850.0,171.25,108.25,0.0108046048104651,0.0826652061426183,0.1051137083357963
2025-10-23,25891.4,2025-10-28,5,184031325.0,136772175.0,0.7432005121954102,52160850.0,30196875.0,-0.2666899188873903,2390775150.0,2147543025.0,0.8982622330669615,27000.0,25000.0,27000.0,25000.0,25900.0,25200.0,0.042817306132538,-0.0344284202476498,25900.0,0.0003321566234346,25900.0,158.15,80.7,0.0092250708729539,0.0908751539989183,0.1116882874751388
2025-10-24,25795.15,2025-10-28,4,242611800.0,142314300.0,0.5865926554273123,60034425.0,3495975.0,-0.8899432397718258,4086053025.0,4416485475.0,1.080868370522431,26500.0,25500.0,26000.0,25700.0,25500.0,25000.0,0.0273249041001892,-0.0114420734130253,25800.0,0.0001880198409389,25800.0,99.75,88.8,0.0073095136101166,0.0835572507190499,0.0899503774392313
2025-10-27,25966.05,2025-10-28,1,195261225.0,184158750.0,0.9431404007631315,-56274975.0,45151200.0,1.0,4715599650.0,4439363850.0,0.9414208540795018,26500.0,25900.0,26550.0,25900.0,27000.0,24800.0,0.0205633895028316,-0.0025437061085532,25950.0,-0.0006181148076045,25950.0,105.15,45.9,0.0058172113201661,0.0883670068135647,0.0741880307072023
2025-10-28,25936.2,2025-10-28,0,150006150.0,121411800.0,0.8093788154685658,-42422250.0,-64264050.0,-0.2047291920330914,11838099825.0,11008631625.0,0.9299323191845108,25950.0,25900.0,25950.0,25850.0,26500.0,26000.0,0.0005320748606194,-0.0013957326053932,25900.0,-0.0013957326053932,25950.0,1.45,20.8,0.0008578743223756,0.1179526639407784,0.0955292236833652
2025-10-29,26053.9,2025-11-04,6,111979800.0,103337100.0,0.9228191155904903,25289925.0,46952550.0,0.2998599508114859,1946835300.0,1590686475.0,0.8170626837308734,27000.0,26000.0,27000.0,26000.0,25900.0,27150.0,0.0363131815198491,-0.0020687881660711,26050.0,-0.0001496896817752,26050.0,189.8,109.3,0.0114800471330587,0.0975256251573944,0.1016614555662971
2025-10-30,25877.85,2025-11-04,5,189144600.0,107150700.0,0.5665015020254345,86693025.0,2378475.0,-0.9465940283929204,1932916575.0,1872375150.0,0.9686787180662466,27000.0,25000.0,26000.0,25600.0,25200.0,26000.0,0.0433633396901211,-0.0339228336202581,25950.0,0.002788098702172,25900.0,140.05,106.4,0.0095235887061714,0.098189163211638,0.0832918030400174
2025-10-31,25722.1,2025-11-04,4,247312500.0,121396350.0,0.4908621683093252,66564225.0,12829800.0,-0.6768069133665915,3571702575.0,3657792150.0,1.0241032317759549,27000.0,25000.0,25800.0,25000.0,26900.0,26000.0,0.0496810136030885,-0.0280731355526958,25800.0,0.0030285241096179,25700.0,162.35,54.05,0.0084129989386558,0.0946565579984837,0.1000717896378268
2025-11-03,25763.35,2025-11-04,1,220032900.0,143795925.0,0.6535201099471942,-32301525.0,23031375.0,1.0,4723415625.0,4338186000.0,0.9184425730056308,26000.0,25700.0,25750.0,25650.0,27000.0,25900.0,0.00918552905581,-0.0024589193563724,25800.0,0.0014225634476883,25750.0,85.75,56.6,0.0055252907715805,0.0912071558389677,0.094143314561939
2025-11-04,25597.65,2025-11-04,0,193364175.0,116124150.0,0.6005463524978192,-21025650.0,-28322700.0,-0.1478681658049357,9910490550.0,10080785850.0,1.0171833371053465,25600.0,25600.0,25600.0,25600.0,26000.0,25700.0,9.18053024399068e-05,9.18053024399068e-05,25600.0,9.18053024399068e-05,25600.0,4.05,4.8,0.0003457348623799,0.1151680501313131,0.1949710719088148
2025-11-06,25509.7,2025-11-11,5,160500600.0,106558575.0,0.6639138732191655,79840875.0,40557375.0,-0.3262796593804312,1972923075.0,1930437450.0,0.978465645448442,26000.0,25000.0,25600.0,25500.0,25200.0,25800.0,0.0192201397899622,-0.019980634817344,25600.0,0.0035398299470397,25500.0,134.55,83.55,0.0085496889418534,0.0788964340320223,0.0808548256205565
2025-11-07,25492.3,2025-11-11,4,164581350.0,148868700.0,0.9045295836982744,4080750.0,42310125.0,0.8240710053431844,4208394900.0,3923972025.0,0.9324153550799142,26000.0,25300.0,25500.0,25300.0,26050.0,25700.0,0.0199158177175069,-0.0075434542979644,25500.0,0.0003020519921701,25500.0,96.9,83.25,0.0070668397908388,0.0917309282005525,0.0801620824256542
2025-11-10,25574.35,2025-11-11,1,171779850.0,161871675.0,0.9423205049952016,3735525.0,19453725.0,0.6778226980174002,4460976075.0,4231646025.0,0.948591956974349,25700.0,25500.0,25650.0,25500.0,27000.0,24500.0,0.0049131258467958,-0.0029072097629069,25600.0,0.0010029580419443,25550.0,101.05,34.15,0.005286546872159,0.0908152207607586,0.0844868319302929
2025-11-11,25694.95,2025-11-11,0,153086925.0,165903900.0,1.0837235119851023,-21137625.0,5247675.0,1.0,12513681450.0,11670330975.0,0.9326057261110798,25700.0,25650.0,25700.0,25650.0,25600.0,25000.0,0.0001965366735485,-0.0017493709853493,25650.0,-0.0017493709853493,25700.0,2.5,10.35,0.0005000982683367,0.2000726058087586,0.1506072189984683
2025-11-12,25875.8,2025-11-18,6,86380575.0,101012700.0,1.1693913822638944,24567600.0,43668750.0,0.2799263149333163,1576937850.0,1426839975.0,0.9048168734107056,26000.0,25800.0,26700.0,25800.0,25700.0,24500.0,0.0047998515987912,-0.0029293780288918,25850.0,-0.000997070621971,25900.0,153.3,114.65,0.0103552353936883,0.0790828840859186,0.0753180045677424
2025-11-13,25879.15,2025-11-18,5,115741500.0,108293925.0,0.9356533741138658,29360925.0,7281225.0,-0.6025765409507903,1978256175.0,1668060900.0,0.8431976207530352,27000.0,25000.0,27000.0,25000.0,25800.0,25350.0,0.0433109279091468,-0.0339713630470862,25900.0,0.0008056678832186,25900.0,139.55,131.05,0.0104562939663783,0.0939224478687419,0.0869106923587819
2025-11-14,25910.05,2025-11-18,4,177885900.0,132392250.0,0.7442537604160869,62011725.0,24322500.0,-0.4365502209581426,4401147450.0,3957831975.0,0.8992727510186008,27000.0,25000.0,27000.0,25700.0,25500.0,24500.0,0.0420666884085518,-0.0351234366587481,25850.0,-0.0023176335051456,25900.0,111.95,96.2,0.0080335622663792,0.1021118031277352,0.0846762178299711
2025-11-17,26013.45,2025-11-18,1,161240925.0,170057175.0,1.054677495803252,-22400850.0,39772800.0,1.0,4072344000.0,3890246100.0,0.955284253982473,26000.0,25900.0,26050.0,25900.0,27000.0,24500.0,-0.0005170402234229,-0.0043612054533328,26000.0,-0.0005170402234229,26000.0,73.55,59.35,0.0051088955905502,0.0883170634254299,0.0832903698417899
2025-11-18,25910.05,2025-11-18,0,159324900.0,134132175.0,0.8418782939766477,1066950.0,-37489725.0,-1.0,10198800000.0,10114039500.0,0.991689169314037,25950.0,25900.0,25950.0,25900.0,26200.0,26000.0,0.0015418727482192,-0.0003878803784631,25950.0,0.0015418727482192,25900.0,17.55,0.85,0.0007101491506191,0.1378113213942076,0.2024072523986135
2025-11-19,26052.65,2025-11-25,6,121403625.0,141426375.0,1.1649271181152951,9558975.0,51454500.0,0.6866602008818544,1850081850.0,1537389600.0,0.8309846399498487,26000.0,26000.0,26500.0,25900.0,26000.0,24900.0,-0.0020209076619844,-0.0020209076619844,26000.0,-0.0020209076619844,26050.0,154.45,134.2,0.0110794871155141,0.0945095337968697,0.0869949116634008
2025-11-20,26192.15,2025-11-25,5,130332600.0,166163025.0,1.2749152936410384,8118300.0,34725525.0,0.6210282345238783,1778283150.0,1500990075.0,0.8440669726865488,26500.0,26000.0,27500.0,26200.0,26000.0,25050.0,0.0117535215703941,-0.0073361675158397,26100.0,-0.0035182296985929,26200.0,132.8,109.55,0.0092527723000975,0.0894388664079439,0.0892942337803491
2025-11-21,26068.15,2025-11-25,4,167126175.0,136518525.0,0.8168590288146067,38290050.0,-32579025.0,-1.0,3194398800.0,3291146550.0,1.0302866849311365,27000.0,26000.0,26100.0,25700.0,26850.0,26200.0,0.0357466870491385,-0.0026143013600888,26050.0,-0.0006962519396275,26050.0,122.75,89.9,0.0081574641852221,0.0849660443673769,0.0810010949063506
2025-11-24,25959.5,2025-11-25,1,210897000.0,126058650.0,0.5977261411968876,46017300.0,-16866000.0,-1.0,3920641350.0,4199556225.0,1.071140114614156,26100.0,26000.0,26100.0,25850.0,27500.0,24500.0,0.0054122768158091,0.0015601224985073,26000.0,0.0015601224985073,25950.0,98.75,52.05,0.0058090487104913,0.0989750921065733,0.0788484169868549
2025-11-25,25884.8,2025-11-25,0,165141450.0,113941125.0,0.689960788160695,-39232500.0,-12386550.0,0.5200783431698182,9754041900.0,9235673850.0,0.9468560771714544,25900.0,25850.0,25900.0,25850.0,26100.0,25500.0,0.0005872172085548,-0.0013444183459018,25900.0,0.0005872172085548,25900.0,2.35,17.95,0.0007842440351094,0.1246349720194415,0.1143221992937141
2025-11-26,26205.3,2025-12-02,6,99954675.0,143166525.0,1.4323144465228863,18162000.0,88544400.0,0.6595893029846382,1943657175.0,1507925175.0,0.7758184902129153,26500.0,26000.0,26700.0,26000.0,26000.0,27500.0,0.0112458166859377,-0.0078342930628536,26150.0,-0.0021102601382162,26200.0,146.4,121.6,0.0102269388253521,0.079512789171692,0.1178466823861234
2025-11-27,26215.55,2025-12-02,5,136233075.0,143492100.0,1.0532838666381126,36278400.0,325575.0,-0.9822109484010958,2111977500.0,1960592400.0,0.9283206852345728,26500.0,26000.0,26600.0,26250.0,26000.0,26100.0,0.0108504303743388,-0.0082222192553655,26200.0,-0.0005931594034838,26200.0,129.85,89.3,0.0083595423326994,0.0780851125910503,0.107074013133824
2025-11-28,26202.95,2025-12-02,4,154506525.0,161077800.0,1.042530728071193,18273450.0,17585700.0,-0.0191792053074319,2815080825.0,2863182750.0,1.0170872269715383,26500.0,26000.0,26400.0,26200.0,26600.0,25700.0,0.0113365098204591,-0.0077453111195495,26200.0,-0.000112582743546,26200.0,109.3,70.45,0.0068599146279331,0.0879462857636595,0.1055601703027977
2025-12-01,26175.75,2025-12-02,1,200940450.0,145579125.0,0.7244888970836882,46632225.0,-15498600.0,-1.0,4604589375.0,4978882800.0,1.0812870365883602,26300.0,26000.0,26300.0,26150.0,27200.0,25000.0,0.0047467598827157,-0.0067142297737409,26200.0,0.0009264299972302,26200.0,55.55,70.1,0.0048002445011126,0.1127628857206202,0.1092709892300836
2025-12-02,26032.2,2025-12-02,0,186967200.0,138018825.0,0.7381980636175757,-11152875.0,-11614500.0,-0.0202757234859091,9791888775.0,10772679000.0,1.1001635381627382,26050.0,26000.0,26050.0,26000.0,26300.0,26200.0,0.0006837685635481,-0.0012369296486659,26050.0,0.0006837685635481,26050.0,0.55,25.3,0.0009930009757146,0.1452475353965829,0.2322031070761543
2025-12-03,25986.0,2025-12-09,6,139268250.0,93889200.0,0.6741608370895735,50180850.0,27054225.0,-0.2994316377630241,1757956800.0,1686374400.0,0.9592809106571902,27000.0,25500.0,26000.0,25900.0,26950.0,26200.0,0.0390210113137843,-0.0187023782036481,26000.0,0.0005387516354959,26000.0,135.85,111.55,0.0095205110444085,0.081293115983004,0.0948990938254879
2025-12-04,26033.75,2025-12-09,5,147483375.0,117417150.0,0.7961382087981103,7987875.0,23622750.0,0.4946082211281808,1963395975.0,1765333575.0,0.8991225394561584,27000.0,26000.0,26500.0,26000.0,25950.0,26400.0,0.0371152830460459,-0.0012963941038075,26000.0,-0.0012963941038075,26050.0,116.05,90.95,0.0079512171700196,0.0831393707934877,0.0847388988746533
2025-12-05,26186.45,2025-12-09,4,142540725.0,164610300.0,1.1548299617530358,-8693175.0,50994300.0,1.0,4044249225.0,3670274325.0,0.9075292151412848,26500.0,26000.0,26400.0,26000.0,26000.0,25600.0,0.0119737497828074,-0.0071200945527172,26150.0,-0.0013919412520597,26200.0,81.6,75.6,0.0060031046590889,0.0790842406617477,0.1021731325439538
2025-12-08,25960.55,2025-12-09,1,258346650.0,119334600.0,0.4619165760423059,119607375.0,-50332875.0,-1.0,5433943800.0,5654497350.0,1.040588117602541,26200.0,25900.0,26100.0,25750.0,27400.0,26000.0,0.0092236104396863,-0.0023323850996993,26000.0,0.0015196134134292,25950.0,69.1,58.2,0.0049035941072126,0.0941319541012047,0.090170621093966
2025-12-09,25839.65,2025-12-09,0,164793675.0,117959475.0,0.7158009856871024,-84406650.0,-2145225.0,0.9504291501483936,13448182050.0,12745331850.0,0.9477364154212948,25850.0,25800.0,25850.0,25800.0,26200.0,25900.0,0.0004005472210342,-0.0015344635086002,25850.0,0.0004005472210342,25850.0,2.95,12.05,0.0005805032188903,0.1346288017425426,0.1599339518932243
2025-12-10,25758.0,2025-12-16,6,146821350.0,83640600.0,0.5696760042051104,60846900.0,20448150.0,-0.4969398505813084,2254393875.0,2269410750.0,1.0066611585342424,26000.0,25500.0,26000.0,25500.0,24400.0,25400.0,0.0093951393741749,-0.0100163056137898,25850.0,0.0035717058777855,25750.0,152.45,106.9,0.0100687165152573,0.0896334218422593,0.0906763581322946
2025-12-11,25898.55,2025-12-16,5,143347350.0,123372075.0,0.8606512432912083,-7299900.0,40420350.0,1.0,2471915550.0,2234089050.0,0.9037885820977986,26000.0,25000.0,26350.0,25700.0,25800.0,24600.0,0.0039172077201232,-0.0346949925768044,25900.0,5.598769043047014e-05,25900.0,116.35,87.6,0.0078749582505584,0.0744190597175322,0.0904222045385878
2025-12-12,26046.95,2025-12-16,4,145386075.0,163777500.0,1.1265005950535496,-6023325.0,41563875.0,1.0,3594162750.0,3435334050.0,0.955809263228272,26500.0,26000.0,26050.0,26000.0,25900.0,24800.0,0.0173935911882197,-0.0018025143058976,26000.0,-0.0018025143058976,26050.0,83.25,73.2,0.0060064614091093,0.081335334212716,0.0802046984475889
2025-12-15,26027.3,2025-12-16,1,152812800.0,187138500.0,1.2246258166855133,9186900.0,23361750.0,0.4354973247738385,4723885875.0,4641460050.0,0.9825512666518432,26200.0,25900.0,26100.0,25900.0,27000.0,25000.0,0.0066353405846937,-0.004891018276963,26000.0,-0.0010488986564107,26050.0,47.15,70.0,0.0045010431354769,0.09316546127026,0.0939046481616556
2025-12-16,25860.1,2025-12-16,0,157301550.0,123166950.0,0.7829989596415293,9328050.0,-65701800.0,-1.0,9257824500.0,9634739925.0,1.0407131745692522,25900.0,25850.0,25900.0,25850.0,26100.0,26000.0,0.0015429174674499,-0.0003905630682015,25900.0,0.0015429174674499,25850.0,18.1,0.35,0.0007134543176553,0.1705005449723795,0.1695119916503575
2025-12-17,25818.55,2025-12-23,6,137187975.0,84540825.0,0.6162407820364723,59913375.0,28710450.0,-0.3520828061754274,1620254625.0,1636590225.0,1.0100821190373088,26000.0,25000.0,26000.0,25800.0,26750.0,26000.0,0.0070278927360367,-0.0317039492922723,25850.0,0.0012181164317903,25800.0,148.1,88.75,0.009173636784405,0.0951796248905926,0.0771372884047441
2025-12-18,25815.55,2025-12-23,5,145889250.0,102515325.0,0.7026927960764758,8701275.0,17974500.0,0.3476272010841297,1986012600.0,1833223275.0,0.9230672932286532,26000.0,25500.0,26600.0,25600.0,27000.0,25350.0,0.0071449184696821,-0.0122232530393502,25850.0,0.0013344670169723,25800.0,120.55,79.45,0.0077472686036129,0.0875893871549823,0.072363083275598
2025-12-19,25966.4,2025-12-23,4,135666450.0,149626725.0,1.1029014542652218,-16869975.0,49483350.0,1.0,2966420025.0,2872007100.0,0.9681727724987294,26000.0,25900.0,26200.0,25900.0,25900.0,25300.0,0.0012939799125022,-0.0025571507794689,25950.0,-0.0006315854334832,25950.0,90.65,64.25,0.0059654014418633,0.0954858404565019,0.0875308204466815
2025-12-22,26172.4,2025-12-23,1,118377675.0,183977475.0,1.554156854322405,-20472675.0,42290400.0,1.0,2815314375.0,2858102100.0,1.0151982049962005,26200.0,26100.0,26150.0,26100.0,26000.0,25100.0,0.0010545460103008,-0.002766272867601,26150.0,-0.00085586342865,26150.0,54.85,52.0,0.0040825449710381,0.0895113880214322,0.091919268921372
2025-12-23,26177.15,2025-12-23,0,125327850.0,132806925.0,1.0596760815732498,6950175.0,-51170550.0,-1.0,8818525950.0,8905282125.0,1.0098379451953643,26200.0,26150.0,26200.0,26150.0,26100.0,25900.0,0.0008728986921799,-0.0010371640915837,26150.0,-0.0010371640915837,26200.0,1.85,19.75,0.0008251471225859,0.2124039070326348,0.1544806492583124
2025-12-24,26142.1,2025-12-30,6,148703075.0,120396625.0,0.8096444878493602,52022525.0,29212475.0,-0.2807909152458915,1465993125.0,1418863425.0,0.9678513499168012,26200.0,26000.0,26200.0,26000.0,25800.0,25400.0,0.0022148182433698,-0.0054356765523809,26150.0,0.0003021945444321,26150.0,98.75,74.95,0.0066444547301096,0.0902029093883902,0.1267078707563438
2025-12-26,26042.3,2025-12-30,4,200908975.0,120986300.0,0.6021946008136272,52929650.0,-2996975.0,-1.0,2221363725.0,2132421825.0,0.9599606768585364,26200.0,26000.0,26100.0,26050.0,26650.0,26200.0,0.006055532729444,-0.0016242804974982,26050.0,0.0002956728092373,26050.0,71.05,60.95,0.0050686767297819,0.0953274984355477,0.1236125495200696
2025-12-29,25942.1,2025-12-30,1,213579425.0,112457750.0,0.5265383123865981,20474050.0,-8418600.0,-1.0,3396250950.0,3722830950.0,1.0961589719982263,26100.0,25900.0,26000.0,25900.0,27000.0,26000.0,0.0060866313829643,-0.001622844719587,26000.0,0.0022318933316887,25950.0,52.1,46.8,0.0038123359327116,0.1005493623742081,0.0932296795907796
2025-12-30,25938.85,2025-12-30,0,153299650.0,117896050.0,0.7690562241988158,-60279775.0,5438300.0,1.0,9623557725.0,8554339650.0,0.8888957591824493,25950.0,25900.0,25950.0,25900.0,26100.0,26000.0,0.0004298571447847,-0.001497753369945,25950.0,0.0004298571447847,25950.0,1.5,14.2,0.0006052697016251,0.1205506666192649,0.1789347480259092
2025-12-31,26129.6,2026-01-06,6,92414205.0,121530955.0,1.3150679054156231,20921420.0,69453735.0,0.537009480094391,1924789035.0,1646124415.0,0.8552232920424965,26400.0,26000.0,26400.0,26000.0,26000.0,26900.0,0.0103484171208132,-0.0049598922295021,26100.0,-0.0011328148919232,26150.0,115.6,87.45,0.0077708805339538,0.0831858046065537,0.1117961263449299
2026-01-01,26146.55,2026-01-06,5,132524470.0,142307555.0,1.0738209705724535,39193180.0,20776405.0,-0.3071019250841906,1476255885.0,1524506165.0,1.0326842253367208,26200.0,26000.0,26200.0,26150.0,27500.0,25300.0,0.0020442467553081,-0.0056049459680148,26150.0,0.0001319485744772,26150.0,89.95,70.05,0.0061193541786583,0.0928754516052771,0.1065673920123214
2026-01-02,26328.55,2026-01-06,4,128409840.0,200508295.0,1.5614714183897431,-6045260.0,60055255.0,1.0,2912050050.0,2578778735.0,0.8855544000694631,27000.0,26000.0,27900.0,26300.0,26200.0,25400.0,0.0255027337244171,-0.0124788490061169,26300.0,-0.0010843741869567,26350.0,54.8,79.15,0.005087633006755,0.0938292190068923,0.088208644934116
2026-01-05,26250.3,2026-01-06,1,171259140.0,157791530.0,0.9213612190274924,47419515.0,-43664400.0,-1.0,5234848255.0,5296643820.0,1.011804652587776,26300.0,26000.0,26300.0,25700.0,27000.0,26300.0,0.0018933116954853,-0.0095351291223337,26250.0,-1.1428440817806695e-05,26250.0,39.0,60.65,0.0037961470916522,0.1046309411573595,0.1087473769979922
2026-01-06,26178.7,2026-01-06,0,155652835.0,136499090.0,0.8769457363240445,-14253525.0,-21376810.0,-0.1999219204646826,10077266550.0,10796648135.0,1.071386579032188,26200.0,26150.0,26200.0,26150.0,26400.0,26000.0,0.00081363856876,-0.0010963111231649,26200.0,0.00081363856876,26200.0,0.4,24.4,0.0009473350471948,0.1673202739930821,0.2009580063867092
2026-01-07,26140.75,2026-01-13,6,127991825.0,91311415.0,0.7134159935605262,40504100.0,29078660.0,-0.1641992930432768,2093281385.0,2048612280.0,0.9786607260160582,26500.0,25500.0,26200.0,26100.0,26900.0,26250.0,0.0137429109723323,-0.0245115384983215,26150.0,0.0003538536576035,26150.0,101.15,89.55,0.0072951235140537,0.0856582051236475,0.0810533381834023
2026-01-08,25876.85,2026-01-13,5,201724900.0,104251550.0,0.5168006031977213,84021080.0,11456445.0,-0.7600179728161156,2396289090.0,2349903335.0,0.980642671540102,26200.0,25500.0,26000.0,25600.0,26850.0,26100.0,0.0124879960273371,-0.0145632099733931,26000.0,0.0047590800271286,25900.0,104.75,86.6,0.0073946403831996,0.0873125479303744,0.0883768634615024
2026-01-09,25683.3,2026-01-13,4,227043635.0,117421005.0,0.5171737362291614,31785520.0,12011675.0,-0.4514865620960429,4035287295.0,4713964320.0,1.168185552944626,26000.0,25500.0,25800.0,25400.0,26700.0,25800.0,0.0123309699298765,-0.0071369333380055,25800.0,0.0045438086227236,25700.0,99.95,84.65,0.0071875498865021,0.0906758958470692,0.0918461735189543
2026-01-12,25790.25,2026-01-13,1,188354335.0,164818680.0,0.8750458543999,-42072945.0,48098830.0,1.0,7412677610.0,6647472000.0,0.8967706879673673,26000.0,25500.0,26300.0,25700.0,27000.0,25200.0,0.0081329184478631,-0.0112542530607496,25800.0,0.0003780498444179,25800.0,72.0,66.1,0.0053547367706788,0.0853601006847015,0.0877538577544729
2026-01-13,25732.3,2026-01-13,0,172824470.0,130408915.0,0.7545743666970308,-13853125.0,-35239620.0,-0.4356345321493023,14627347670.0,14842668555.0,1.014720432566296,25750.0,25700.0,25750.0,25700.0,26000.0,25500.0,0.0006878514551751,-0.001255231751534,25750.0,0.0006878514551751,25750.0,2.15,14.4,0.0006431605414207,0.1371967754334788,0.1421204600927781
2026-01-14,25665.6,2026-01-20,6,127499580.0,88767835.0,0.6962206071580784,51754105.0,33659925.0,-0.2118408416041252,2102533225.0,1936662845.0,0.9211092704611124,26000.0,24500.0,26000.0,24500.0,25200.0,25950.0,0.0130291128981985,-0.0454148743843899,25700.0,0.0013403154416806,25650.0,142.15,107.75,0.0097367682812792,0.1001207219662998,0.1007703972953716
2026-01-16,25694.35,2026-01-20,4,179933325.0,114125570.0,0.6342658871001244,52433810.0,25537590.0,-0.3449498149321418,4687628920.0,4552400190.0,0.9711519976713516,26000.0,25500.0,25900.0,25500.0,25650.0,24500.0,0.0118956112919768,-0.0075639196944075,25750.0,0.0021658457987845,25700.0,112.05,95.05,0.0080601377345603,0.0810257910812241,0.065151744696653
2026-01-19,25585.5,2026-01-20,1,203023080.0,142143950.0,0.7001369006912909,26024440.0,26905515.0,0.0166460560943231,5915211120.0,5580402880.0,0.943398767481354,25800.0,25500.0,25600.0,25500.0,26500.0,25700.0,0.0083836548044791,-0.0033417365304566,25600.0,0.0005667272478553,25600.0,54.25,76.35,0.0051044536944753,0.0795608804673833,0.0983162843019347
2026-01-20,25232.5,2026-01-20,0,173745975.0,113419930.0,0.6527916977645094,-10513035.0,-39606450.0,-0.5804811242573622,11511237595.0,13228982260.0,1.1492232829722946,25250.0,25200.0,25250.0,25200.0,25800.0,25500.0,0.0006935499851381,-0.0012880214009709,25350.0,0.0046566927573565,25250.0,8.7,8.9,0.0006975131279104,0.0710010980110474,0.1572895521977486
2026-01-21,25157.5,2026-01-27,6,144057225.0,113189050.0,0.7857228264670515,33922850.0,28116725.0,-0.0935874399526431,2909719085.0,3187364375.0,1.0954199638828708,26000.0,25000.0,25200.0,24000.0,26500.0,25500.0,0.0334890191791712,-0.0062605584815661,25300.0,0.005664314816655,25150.0,172.65,143.3,0.0125588790619099,0.1021619707029619,0.0783331514841762
2026-01-22,25289.9,2026-01-27,5,154256375.0,127766730.0,0.8282752009438832,2076100.0,18040100.0,0.793589246477963,2696352165.0,2838332900.0,1.0526565991056291,26000.0,25000.0,25400.0,25300.0,25200.0,24700.0,0.0280784028406595,-0.0114630741916733,25400.0,0.0043535166212598,25300.0,145.75,100.15,0.0097232492022507,0.0931241901671811,0.0787096531311398
2026-01-23,25048.65,2026-01-27,4,203071635.0,126486100.0,0.6228644389453998,59291180.0,-5799755.0,-1.0,4094623585.0,5341412960.0,1.3044942591469002,25500.0,24000.0,25300.0,24700.0,26500.0,25200.0,0.0180189351521937,-0.0418645316214646,25200.0,0.0060422417974621,25050.0,127.7,94.35,0.0088647491980605,0.0829219452534569,0.0779412520427145
2026-01-27,25175.4,2026-01-27,0,162543030.0,151597160.0,0.932658631994248,-44090020.0,26773630.0,1.0,13192547290.0,12148201845.0,0.920838226155792,25200.0,25150.0,25200.0,25150.0,25500.0,24700.0,0.0009771443552037,-0.0010089214074057,25200.0,0.0009771443552037,25200.0,1.15,37.25,0.0015252985056841,0.1416188993154612,0.0879162907801175
2026-01-28,25342.75,2026-02-03,6,75335195.0,62350340.0,0.8276389275955283,28889705.0,24063000.0,-0.091151245248,1420593590.0,1327574300.0,0.9345208294231429,26000.0,25000.0,26000.0,25300.0,25100.0,26200.0,0.0259344388434561,-0.0135245780351382,25300.0,-0.0016868729715598,25350.0,219.35,200.85,0.0165806788923853,0.102917766390596,0.0872413045381949
2026-01-29,25418.9,2026-02-03,5,84110325.0,81615755.0,0.970341691106294,7896980.0,20794085.0,0.4495164261068733,1386438235.0,1220984570.0,0.8806627941849858,26000.0,25000.0,26500.0,24500.0,25300.0,25800.0,0.0228609420549275,-0.0164798634087235,25350.0,-0.0027105814964456,25400.0,215.7,162.2,0.0148668903847137,0.1062043809722528,0.081865872587958
2026-01-30,25320.65,2026-02-03,4,112425560.0,84342765.0,0.7502098722034385,30280120.0,1089660.0,-0.9305280432314156,2294283030.0,2207118550.0,0.9620079655124328,26000.0,24000.0,26500.0,24000.0,25450.0,23850.0,0.0268298799596375,-0.0521570338834114,25300.0,-0.0008155398854294,25300.0,218.3,176.15,0.0155781940826953,0.1024517467380193,0.1071023697171891
2026-02-01,24825.45,2026-02-03,2,199200235.0,108783155.0,0.5460995314588861,117029120.0,7285460.0,-0.8827899350180808,5105304360.0,5700250920.0,1.116534983626324,26000.0,23500.0,26000.0,23500.0,23700.0,25300.0,0.0473123347210222,-0.0533907743867684,25000.0,0.0070310910779058,24850.0,137.0,174.25,0.0125375370839199,0.1073673432162366,0.1156766872591625
2026-02-02,25088.4,2026-02-03,1,180724700.0,158787005.0,0.8786126356828923,-47103420.0,66729130.0,1.0,7177642290.0,5872414210.0,0.8181536461048687,26000.0,24000.0,25200.0,24800.0,26500.0,25300.0,0.0363355176097319,-0.0433825991294781,25050.0,-0.0015305878413929,25100.0,77.6,110.95,0.007515425455589,0.1055665052978369,0.0874378857388235
2026-02-03,25727.55,2026-02-03,0,166127000.0,131283685.0,0.7902609750371704,-31136430.0,15032550.0,1.0,12703546570.0,12211578730.0,0.9612731895546552,25750.0,25700.0,25750.0,25700.0,25500.0,24500.0,0.0008726054365846,-0.0010708365157194,25700.0,-0.0010708365157194,25750.0,3.45,25.2,0.0011135922386702,0.1179513263948665,0.1414066797408985
2026-02-04,25776.0,2026-02-10,6,104284180.0,88066160.0,0.8444824517007278,29115060.0,34286525.0,0.0815668094102063,1696440915.0,1469896870.0,0.8664592188287323,27000.0,25000.0,25800.0,25700.0,25500.0,26200.0,0.047486033519553,-0.0301055245189323,25750.0,-0.0010086902545003,25800.0,158.6,160.75,0.0123894320297951,0.103173079560102,0.0894621157547916
2026-02-05,25642.8,2026-02-10,5,162803355.0,96888285.0,0.5951246213568511,64418835.0,6362850.0,-0.8202119658496403,1457185470.0,1482634985.0,1.0174648426874584,27000.0,25000.0,27000.0,24850.0,25100.0,25800.0,0.0529271374420889,-0.025067465331399,25650.0,0.0002807805699844,25650.0,142.75,127.9,0.0105546196203222,0.1088791444132094,0.0988146296531102
2026-02-06,25693.7,2026-02-10,4,171103400.0,130046735.0,0.7600476378610829,4298840.0,33379320.0,0.7718126362858484,3810764425.0,3485455350.0,0.9146341681826736,27000.0,25500.0,25600.0,25500.0,26100.0,24850.0,0.0508412568061431,-0.0075388130164203,25650.0,-0.001700806034164,25700.0,90.4,114.7,0.0079825015470718,0.1078537889954261,0.0923752910828557
2026-02-09,25867.3,2026-02-10,1,175126835.0,161024175.0,0.9194717360135012,-2109250.0,37429080.0,1.0,4000195485.0,3513404895.0,0.8783082997255071,26000.0,25800.0,26000.0,25800.0,25700.0,25100.0,0.0051300290327942,-0.0026017404213041,25800.0,-0.0026017404213041,25850.0,77.7,64.25,0.0054876233700463,0.1095588805679038,0.0861358861177211
2026-02-10,25935.15,2026-02-10,0,151247980.0,157631175.0,1.0422035057922756,-24147370.0,-2817620.0,0.7910164253723069,10672617540.0,11086077795.0,1.03874028591865,25950.0,25900.0,25950.0,25900.0,27000.0,25800.0,0.0005725819977906,-0.001355303516656,25950.0,0.0005725819977906,25950.0,4.95,7.65,0.0004858271496405,0.1783482000883582,0.164697053105136
2026-02-11,25953.85,2026-02-17,6,109705895.0,81143205.0,0.7396430702288149,46679945.0,29993210.0,-0.2176346467026171,1497884635.0,1524661320.0,1.0178763333132128,26000.0,24500.0,26000.0,24500.0,25500.0,26500.0,0.0017781562273035,-0.0560167374011947,25950.0,-0.0001483402269797,25950.0,132.4,110.35,0.0093531402855453,0.1042349638549505,0.08695749693397
2026-02-12,25807.2,2026-02-17,5,157225835.0,86866780.0,0.5524968590562741,58865625.0,4478240.0,-0.8586054071692657,1434173845.0,1543575800.0,1.0762822131929202,26000.0,24500.0,25900.0,25550.0,25200.0,26000.0,0.0074707833472829,-0.0506525310765988,25850.0,0.0016584519048947,25800.0,128.25,92.85,0.0085673765460801,0.1050028133099118,0.0977984334172396
2026-02-13,25471.1,2026-02-17,4,193733540.0,97639425.0,0.5039882355941052,65619840.0,2614495.0,-0.9233671728463392,2744913600.0,3263824915.0,1.1890446806777453,26000.0,25000.0,25600.0,25000.0,26150.0,25800.0,0.0207647098083711,-0.0184954713381046,25550.0,0.003097628292457,25450.0,140.4,90.85,0.0090789168901225,0.0865319964730939,0.0849325464585642
2026-02-16,25682.75,2026-02-17,1,156718380.0,153674625.0,0.9805781874468076,-62430485.0,64428325.0,1.0,5164420690.0,4054369800.0,0.7850580042502309,26000.0,25500.0,25750.0,25500.0,27000.0,25900.0,0.0123526491516678,-0.0071156710243256,25650.0,-0.0012751749715276,25700.0,73.8,82.75,0.0060955310471036,0.0873527406294016,0.0920090092948006
2026-02-17,25725.4,2026-02-17,0,147602910.0,159209440.0,1.0786334768061143,-9534135.0,5948930.0,1.0,13378348360.0,12681551090.0,0.9479160467906966,25750.0,25700.0,25750.0,25700.0,26500.0,24500.0,0.0009562533527174,-0.0009873510227246,25700.0,-0.0009873510227246,25750.0,1.45,23.1,0.0009543097483421,0.1809848803116415,0.1865136263276851
2026-02-18,25819.35,2026-02-24,6,115521185.0,114615930.0,0.9921637316999476,25406095.0,38548380.0,0.2054943770549285,1918665970.0,1552234190.0,0.809017418493121,27000.0,25500.0,25800.0,25700.0,25600.0,27000.0,0.045727332407671,-0.0123686305038662,25750.0,-0.00268597001861,25800.0,148.15,116.95,0.0102674931785656,0.0948117005551838,0.0785914314005042
2026-02-19,25454.35,2026-02-24,5,188875375.0,111068230.0,0.5880503480138689,95049110.0,-15414360.0,-1.0,1929455255.0,2159755130.0,1.1193600496322471,26000.0,25000.0,25600.0,24800.0,24000.0,25700.0,0.0214364146010408,-0.0178496013451531,25550.0,0.0037577074252534,25450.0,142.45,138.45,0.0110354418792858,0.0784327761096437,0.0925382532880914
2026-02-20,25571.25,2026-02-24,4,175238635.0,130322400.0,0.7436853180236196,-36223395.0,27642095.0,1.0,4191687955.0,3329546480.0,0.7943211698352675,27000.0,25000.0,26500.0,25500.0,25800.0,25800.0,0.0558732952045755,-0.0223395414772449,25600.0,0.0011243095273012,25550.0,145.3,109.85,0.0099780026396832,0.0904773368041813,0.0918776434442582
2026-02-23,25713.0,2026-02-24,1,179639850.0,151065915.0,0.8409376594335833,635570.0,22827935.0,0.945824803242312,4937872030.0,4598156680.0,0.9312020749148496,26000.0,25500.0,26000.0,25700.0,27000.0,24800.0,0.0111616691945708,-0.0082837475207093,25700.0,-0.0005055808345972,25700.0,89.7,81.6,0.006661999766655,0.0986315397168278,0.0788777203646501
2026-02-24,25424.65,2026-02-24,0,155078040.0,138495110.0,0.8930671937819178,-9603230.0,-26268645.0,-0.4645816534541336,10699699010.0,12266971665.0,1.1464782003246277,25450.0,25400.0,25450.0,25400.0,26000.0,25500.0,0.0009970638730523,-0.0009695315373073,25450.0,0.0009970638730523,25400.0,21.9,3.3,0.0009911640868212,0.1015237553943807,0.1805120772856168
2026-02-25,25482.5,2026-03-02,5,121616170.0,71141915.0,0.5849708554380556,46624305.0,28834975.0,-0.2357474123792328,2050414015.0,2023907210.0,0.987072462046159,25600.0,25500.0,25600.0,25500.0,25400.0,25900.0,0.0046110075542038,0.0006867458059451,25500.0,0.0006867458059451,25500.0,152.05,142.5,0.0115589129794957,0.0691612801159582,0.0848239044450799
2026-02-26,25496.55,2026-03-02,4,147009980.0,90826190.0,0.6178232933573625,25393810.0,19684275.0,-0.1266587744355156,2088238100.0,2107293110.0,1.0091249221053864,26000.0,24000.0,25500.0,24000.0,27000.0,25600.0,0.0197458087466735,-0.058696176541532,25500.0,0.0001353124246221,25500.0,124.35,111.5,0.0092502711151116,0.0716056828250708,0.0872495036949144
2026-02-27,25178.65,2026-03-02,3,212077515.0,94151590.0,0.4439489495149922,84133465.0,-1424150.0,-1.0,3714357595.0,4462695705.0,1.201471746018035,26000.0,25000.0,25400.0,25100.0,26650.0,25400.0,0.0326208911121128,-0.0070952970075838,25300.0,0.0048195594283251,25200.0,110.6,101.0,0.0084039454061278,0.0798775626921128,0.0904026687175437
2026-03-02,24865.7,2026-03-02,0,159454425.0,156596895.0,0.9820793308181948,-28052375.0,57888350.0,1.0,13816935080.0,15224771055.0,1.1018920597693074,24900.0,24850.0,24900.0,24850.0,26000.0,25000.0,0.0013794101915489,-0.0006313918369481,24900.0,0.0013794101915489,24850.0,14.45,10.35,0.0009973578061345,0.1474368616612552,0.1033192580223254
2026-03-04,24480.5,2026-03-10,6,61303320.0,71568770.0,1.1674534103536318,22880520.0,24179220.0,0.0275968375515886,1511086655.0,1336272860.0,0.8843125280594845,25000.0,23100.0,25000.0,23100.0,25800.0,24800.0,0.0212209717938767,-0.0563918220624578,24650.0,0.0069238781887623,24500.0,311.95,317.95,0.0257306836053185,0.1025799255244251,0.086587627536424
2026-03-05,24765.9,2026-03-10,5,93753985.0,79082575.0,0.8435116117997544,17895020.0,14320800.0,-0.1109461128104142,1960681190.0,1478308065.0,0.7539767671255111,26000.0,24000.0,26000.0,24600.0,24500.0,24400.0,0.0498306138682622,-0.0309255871985271,24750.0,-0.000642011798481,24750.0,219.3,210.9,0.0173706588494664,0.1130064498058402,0.0970143549321705
2026-03-06,24450.45,2026-03-10,4,109376540.0,87608235.0,0.800978299368402,35576255.0,-1674790.0,-1.0,2474550975.0,2651070045.0,1.0713337780402763,25500.0,23500.0,25000.0,23300.0,24150.0,24600.0,0.0429255903265584,-0.0388724951892501,24600.0,0.0061164518444445,24450.0,233.55,228.35,0.0188912678498759,0.0939867452380556,0.0781002493658273
2026-03-09,24028.05,2026-03-10,1,99129030.0,121934605.0,1.2300594992203595,23913760.0,21286720.0,-0.0581197367815563,3688825075.0,3167454550.0,0.858662171721439,25000.0,23000.0,24000.0,23000.0,25400.0,24500.0,0.0404506399811885,-0.0427854112173063,24100.0,0.0029944169418658,24050.0,190.2,188.95,0.0157794744059547,0.1204429721545747,0.080863918819436
2026-03-10,24261.6,2026-03-10,0,159981445.0,160987710.0,1.00628988568018,42172910.0,56353635.0,0.1439279637786953,14002189695.0,13341709940.0,0.952830252311476,24300.0,24250.0,24300.0,24250.0,25500.0,23100.0,0.0015827480462955,-0.0004781218056516,24250.0,-0.0004781218056516,24250.0,10.45,7.25,0.0007295479275892,0.1202736979904138,0.138091131304371
2026-03-11,23866.85,2026-03-17,6,70245435.0,53468025.0,0.7611601380217804,42670810.0,15649530.0,-0.4633251452237761,1077030305.0,1402889085.0,1.3025530279763111,25000.0,23000.0,25200.0,23000.0,22850.0,24400.0,0.0474779872500981,-0.0363202517299098,24100.0,0.0097687797090944,23850.0,318.05,275.55,0.0248713173292663,0.1001731286880065,0.0982026173586924
2026-03-12,23639.15,2026-03-17,5,81856125.0,65321685.0,0.7980060746828658,21533135.0,9989590.0,-0.3661975606487066,1262913015.0,1175803265.0,0.9310247428244296,25000.0,23000.0,23700.0,23600.0,24350.0,23900.0,0.0575676367382074,-0.027037774200849,23800.0,0.0068043901747736,23650.0,262.35,241.75,0.0213247938271892,0.1038731066245806,0.1041654850146624
2026-03-13,23151.1,2026-03-17,4,90837110.0,74442745.0,0.8195190820139479,38202775.0,1694095.0,-0.9150762954587666,2097772625.0,2725000135.0,1.2989968991515466,24000.0,22000.0,23500.0,22000.0,24250.0,23600.0,0.0366678041216184,-0.049721179555183,23450.0,0.0129108336104981,23150.0,246.95,243.55,0.0211868982467355,0.0939803677153533,0.1004607635035489
2026-03-16,23408.8,2026-03-17,1,109682950.0,99132345.0,0.9038081579680344,1624935.0,33804615.0,0.9082723319940558,5466433115.0,4331544425.0,0.7923895406520491,24000.0,23000.0,24000.0,22900.0,24800.0,24000.0,0.0252554594853218,-0.0174635179932333,23400.0,-0.0003759270018112,23400.0,147.0,160.1,0.0131189979836642,0.0964561492921187,0.0840626235564184
2026-03-17,23581.15,2026-03-17,0,136130215.0,154392745.0,1.1341548604767868,23891595.0,59067515.0,0.4240151563824636,16032479255.0,15292471610.0,0.9538432183051654,23600.0,23550.0,23600.0,23550.0,23500.0,22200.0,0.0007993672912474,-0.0013209703513188,23600.0,0.0007993672912474,23600.0,5.25,14.2,0.0008248113429582,0.1493765730113626,0.1232868811290323
2026-03-18,23777.8,2026-03-24,6,65895570.0,56660890.0,0.8598588645640367,21421855.0,23831210.0,0.0532418080410686,1698301735.0,1131045110.0,0.6659859592029446,25000.0,23000.0,25200.0,23700.0,23500.0,22600.0,0.0514008865412276,-0.0327111843820706,23700.0,-0.0032719595589162,23800.0,198.8,228.3,0.0179621327456703,0.1036518843375965,0.0970418925646949
2026-03-19,23002.15,2026-03-24,5,66866735.0,57347485.0,0.8576384804791202,31360810.0,-10613785.0,-1.0,1153565920.0,1320748715.0,1.1449269539793616,24000.0,23000.0,23300.0,22000.0,23700.0,23500.0,0.0433807274537378,-9.34695235010885e-05,23250.0,0.0107750797208086,23000.0,270.9,254.1,0.0228239534130505,0.1015184904721308,0.1138212948658515
2026-03-20,23114.5,2026-03-24,4,92681160.0,72791355.0,0.7853953813266903,16696810.0,16225820.0,-0.0143059652281728,2534523745.0,2624346140.0,1.035439555528804,24000.0,22000.0,24000.0,22000.0,23000.0,23600.0,0.03830928637868,-0.0482164874862099,23250.0,0.0058621211793463,23100.0,250.75,228.3,0.0207250859849877,0.092461833667166,0.1141055143155392
2026-03-23,22512.65,2026-03-24,1,91236860.0,81523260.0,0.8935342579742441,41168010.0,-3651245.0,-1.0,2768692160.0,3356930395.0,1.2124606857701363,23500.0,22000.0,23000.0,21500.0,23800.0,23000.0,0.0438575645248338,-0.0227716417214322,22700.0,0.0083219878601585,22500.0,203.2,195.0,0.017687833284842,0.0857275776478936,0.096984222662342
2026-03-24,22912.4,2026-03-24,0,136323460.0,136021210.0,0.9977828467675336,17674540.0,68750565.0,0.5909859756606601,15040820340.0,13845947895.0,0.9205580268901744,23000.0,22900.0,22950.0,22900.0,24000.0,22000.0,0.0038232572755363,-0.0005411916691399,22950.0,0.0016410328031981,22900.0,14.05,5.25,0.0008423386463225,0.1038471661444039,0.1193648769923455
2026-03-25,23306.45,2026-03-30,5,69742070.0,70938120.0,1.0171496200213157,13020665.0,24846705.0,0.3123015936939903,1202501105.0,851450080.0,0.7080659439394029,24000.0,22000.0,24500.0,23300.0,23000.0,23800.0,0.0297578567306475,-0.0560552979969064,23300.0,-0.0002767474239964,23300.0,277.45,272.65,0.0236029082078137,0.1104517689251265,0.111811463286594
2026-03-27,22819.6,2026-03-30,3,88603060.0,82278250.0,0.9286163480132628,38762885.0,-638525.0,-1.0,1869131940.0,2529711470.0,1.353415142004368,24000.0,22000.0,23000.0,21800.0,22000.0,23300.0,0.0517274623569212,-0.0359164928394888,23000.0,0.0079054847587163,22800.0,222.95,203.05,0.0186681624568353,0.1119096225344813,0.1141926329254693
2026-03-30,22331.4,2026-03-30,0,139877825.0,118662245.0,0.8483277817624059,80728620.0,24555790.0,-0.5335341671193294,11387781405.0,11166034035.0,0.9805276056754444,22350.0,22300.0,22350.0,22300.0,23650.0,21000.0,0.0008329079233724,-0.0014060918706395,22400.0,0.0030719077173844,22350.0,2.3,33.45,0.0016008848527185,0.117903784963771,0.1434919337654533
2026-04-01,22679.4,2026-04-07,6,52247585.0,40444690.0,0.7740968314612053,19139055.0,18275920.0,-0.0230692389878651,1076242050.0,1080177085.0,1.0036562732333307,24000.0,21500.0,24000.0,21600.0,22500.0,23200.0,0.0582290536786687,-0.0520031394128592,22800.0,0.0053176009947353,22700.0,318.35,294.7,0.0270311383899044,0.1200459313095523,0.0969824468922867
2026-04-02,22713.1,2026-04-07,5,67667535.0,62050690.0,0.9169935036055326,14906710.0,21960770.0,0.1913355618555973,1300327145.0,959600265.0,0.7379683402671717,24000.0,22000.0,24000.0,22000.0,23900.0,22900.0,0.0566589325103135,-0.0313959785322126,22700.0,-0.0005767596673285,22700.0,269.8,280.3,0.0242195032822468,0.1220693941341294,0.1135481329861118
2026-04-06,22968.25,2026-04-07,1,89080225.0,96282225.0,1.0808484711393578,13895895.0,42822715.0,0.5100057988021921,4246144045.0,3046867200.0,0.7175609606527138,24000.0,22000.0,23600.0,22500.0,22800.0,24000.0,0.0449207057568599,-0.0421560197228783,22850.0,-0.0051484113939895,22950.0,194.6,170.25,0.0158849716456412,0.1152484740580751,0.1082183134010457
2026-04-07,23123.65,2026-04-07,0,143713245.0,174477745.0,1.2140686476044709,45679790.0,86373755.0,0.3081626093415364,14248656630.0,12680354765.0,0.8899333526152914,23150.0,23100.0,23150.0,23100.0,24500.0,21800.0,0.0011395259831383,-0.0010227624099137,23100.0,-0.0010227624099137,23100.0,21.25,2.85,0.0010422230054511,0.1246130097472922,0.1527672483387494
2026-04-08,23997.35,2026-04-13,5,71582290.0,52810225.0,0.7377554559933749,25315420.0,38232285.0,0.2032624939012353,1402194300.0,954380700.0,0.6806337039025191,25000.0,23000.0,25000.0,23900.0,23500.0,25350.0,0.0417816967290138,-0.0415608390093071,23900.0,-0.0040566979270627,24000.0,215.25,209.3,0.0176915367738521,0.1256590142617678,0.1157169847316499
2026-04-09,23775.1,2026-04-13,4,99419905.0,70956275.0,0.7137029048659823,30648605.0,9965930.0,-0.5092431810434368,1345889285.0,1339601510.0,0.9953281632671592,25000.0,23000.0,25000.0,23000.0,23000.0,24000.0,0.0515202880324374,-0.0326013350101576,23800.0,0.0010473142068803,23800.0,196.45,192.05,0.016340625276024,0.1191399750381978,0.1140463616501852
2026-04-10,24050.6,2026-04-13,3,108087200.0,95906590.0,0.8873075627826421,3944980.0,36212800.0,0.8035259917256382,2966369770.0,2458625520.0,0.8288331228510328,25000.0,23000.0,24500.0,23000.0,24000.0,22900.0,0.0394751066501459,-0.0436829018818656,23950.0,-0.0041828478291601,24050.0,142.0,140.6,0.0117502266055732,0.1189087607043202,0.124922229014711
2026-04-13,23842.65,2026-04-13,0,150319455.0,168638990.0,1.121870685334776,45723210.0,62486060.0,0.1549114045404797,11882532350.0,11688100970.0,0.9836372101271832,23850.0,23800.0,23850.0,23800.0,25000.0,24000.0,0.0003082711024151,-0.0017888112269399,23850.0,0.0003082711024151,23850.0,5.4,11.8,0.0007213963212981,0.1433918517067534,0.1593723669716001
2026-04-15,24231.3,2026-04-21,6,69975750.0,52867490.0,0.7555115879429659,26223535.0,24650860.0,-0.0309128983253756,1073617610.0,932804600.0,0.8688424922538296,25000.0,23000.0,25000.0,24200.0,23900.0,25500.0,0.0317234320899002,-0.0508144424772917,24200.0,-0.0012917177369765,24250.0,210.15,229.75,0.0181542055110538,0.1208118526775347,0.1240984771548639
2026-04-16,24196.75,2026-04-21,5,111873515.0,74035195.0,0.661775890388355,42639350.0,20640035.0,-0.347653742210042,1317520620.0,1198382705.0,0.9095741552796344,25000.0,23000.0,24800.0,23200.0,23800.0,23100.0,0.0331966069823426,-0.0494591215762447,24200.0,0.0001343155589077,24200.0,179.9,193.2,0.0154194261626044,0.087178140420456,0.1184096969015885
2026-04-17,24353.55,2026-04-21,4,114131615.0,99792095.0,0.8743597906679933,-1612195.0,29371225.0,1.0,2287970815.0,1759454320.0,0.7690020818731467,25000.0,23000.0,25000.0,24000.0,24200.0,23250.0,0.0265443846995612,-0.0555791660764035,24300.0,-0.0021988580720264,24350.0,158.85,156.35,0.012942671602292,0.0999714671521996,0.1040160545782709
2026-04-20,24364.85,2026-04-21,1,113011600.0,105258010.0,0.931391202319054,-1087255.0,8169980.0,1.0,3740944675.0,3343917525.0,0.8938698151156165,25000.0,23500.0,25100.0,23500.0,25500.0,23000.0,0.026068291001176,-0.0354958064588946,24300.0,-0.0026616211468569,24350.0,124.4,138.2,0.0107778213286763,0.1008058022362306,0.0844651632688096
2026-04-21,24576.6,2026-04-21,0,133445910.0,186713995.0,1.3991736052457509,17545710.0,91573820.0,0.678413021023826,10657526165.0,10921554995.0,1.024773932140752,24600.0,24550.0,24600.0,24550.0,24400.0,23300.0,0.0009521251922561,-0.0010823303467525,24550.0,-0.0010823303467525,24600.0,1.8,24.3,0.0010619857913625,0.1665502524580933,0.1408531802878515
2026-04-22,24378.1,2026-04-28,6,93848170.0,75744370.0,0.8070948000371237,33793370.0,11594960.0,-0.4890774787263598,979584645.0,980915715.0,1.001358810600793,25000.0,23000.0,24400.0,24400.0,24000.0,24500.0,0.0255106017286006,-0.0565302464096872,24400.0,0.0008983472871142,24400.0,211.4,231.5,0.0181679458202238,0.1064420861909188,0.1034859752612636
2026-04-23,24173.05,2026-04-28,5,120212235.0,93812030.0,0.780386705230129,33900750.0,12600380.0,-0.4580613417351363,1136926440.0,994729255.0,0.8749284210507058,25000.0,23000.0,24200.0,23000.0,23000.0,24400.0,0.0342095846407466,-0.0485271821305131,24200.0,0.0011148779322427,24150.0,193.6,181.0,0.0154965964162569,0.0901623699118479,0.1130972754773561
2026-04-24,23897.95,2026-04-28,4,147195035.0,106937545.0,0.7265023918775522,42167645.0,3947125.0,-0.8288129811771803,2099196255.0,2292352855.0,1.0920145505880774,25000.0,23000.0,24000.0,23900.0,24950.0,24200.0,0.0461148341175707,-0.0375743526118349,24000.0,0.0042702407528678,23900.0,182.9,165.2,0.014566102950253,0.1044027062461719,0.0995591398699119
2026-04-27,24092.7,2026-04-28,1,136802640.0,127717720.0,0.9335910476581446,-24840790.0,28208765.0,1.0,3788409105.0,3652178595.0,0.9640401798685888,25000.0,24000.0,25350.0,24000.0,25500.0,22800.0,0.0376587098996792,-0.003847638496308,24100.0,0.0003029963432907,24100.0,103.65,83.7,0.0077762143719881,0.0859052500741213,0.0888371245587534
2026-04-28,23995.7,2026-04-28,0,158866955.0,123719375.0,0.7787609134951947,28435875.0,-5297305.0,-1.0,10688012725.0,11250049460.0,1.0525857097536342,24000.0,23950.0,24000.0,23950.0,25350.0,23000.0,0.0001791987731134,-0.0019045078909971,24000.0,0.0001791987731134,24000.0,4.9,11.65,0.0006897069058206,0.1290561337944697,0.1152316280291587
2026-04-29,24177.65,2026-05-05,6,75800335.0,61667060.0,0.813546008734658,18110040.0,21553805.0,0.086823781204268,1428369540.0,1224898675.0,0.8575502632182985,25000.0,23000.0,24300.0,24200.0,24000.0,23600.0,0.0340128176228871,-0.0487082077869437,24200.0,0.0009244074589547,24200.0,187.8,189.6,0.0156094574948351,0.0889810051631038,0.0828618228272922
2026-04-30,23997.55,2026-05-05,5,87134710.0,74516325.0,0.8551853216703195,20337915.0,10521940.0,-0.3180823435495727,1473784975.0,1309107280.0,0.8882620614313157,25000.0,23000.0,24000.0,23200.0,24450.0,24200.0,0.0417730143285459,-0.0415688268177376,24000.0,0.0001020937554041,24000.0,206.6,161.3,0.0153307316788588,0.1115570362258622,0.0884530336137752
2026-05-04,24119.3,2026-05-05,1,172067805.0,101532340.0,0.5900716871468198,76009505.0,28393365.0,-0.4560807571669246,5067481900.0,5625677850.0,1.1101525296025232,25000.0,23500.0,24300.0,23500.0,24000.0,22900.0,0.0365143267010237,-0.0256765329010377,24100.0,-0.0008001890602131,24100.0,140.2,83.1,0.0092581459660935,0.0929749467077818,0.088864149097716
2026-05-05,24032.8,2026-05-05,0,186433975.0,165608430.0,0.88829533350882,23208250.0,63195340.0,0.4627943121344842,14723025265.0,13215740460.0,0.8976239748373481,24050.0,24000.0,24050.0,24000.0,25000.0,24200.0,0.0007156885589694,-0.0013648014380346,24050.0,0.0007156885589694,24050.0,0.5,27.3,0.0011567524383342,0.1217495899017333,0.2326143663097343
2026-05-06,24330.95,2026-05-12,6,81855605.0,83717205.0,1.0227424866018644,23568285.0,42148080.0,0.2827270650164536,1784187340.0,1680928665.0,0.9421256542488414,25000.0,23000.0,25000.0,23000.0,24000.0,25750.0,0.027497898766797,-0.0547019331345467,24250.0,-0.0033270381962069,24350.0,231.4,160.3,0.0160988370778781,0.0965221624102588,0.0923687669697047
2026-05-07,24326.65,2026-05-12,5,109904535.0,99464365.0,0.9050069225987808,28048930.0,15747160.0,-0.2808874034188897,1538091230.0,1429503790.0,0.9294011708265184,25000.0,23500.0,24400.0,23500.0,24200.0,23000.0,0.0276795201969854,-0.0339812510148336,24300.0,-0.00109550636853,24350.0,176.0,165.05,0.0140196040145272,0.0760823472843955,0.0803387223152734
2026-05-08,24176.15,2026-05-12,4,134236700.0,103712895.0,0.7726120725554189,28934815.0,590460.0,-0.9600030821050778,2428300940.0,2576781285.0,1.0611457758608782,25500.0,23500.0,24200.0,24200.0,25100.0,24300.0,0.0547585120045994,-0.0279676457996828,24200.0,0.0009865094318159,24200.0,155.5,135.8,0.0120490648841937,0.0865890624546044,0.0789930702445438
2026-05-11,23815.85,2026-05-12,1,171112630.0,106629705.0,0.6231550821233944,69365920.0,-4101045.0,-1.0,4028340355.0,4306033875.0,1.068934969622248,25000.0,23500.0,24000.0,23600.0,25200.0,24200.0,0.0497210891066244,-0.0132621762397729,23900.0,0.0035333611859329,23800.0,132.05,73.7,0.0086392045633475,0.0889366845685207,0.096635876466131
2026-05-12,23379.55,2026-05-12,0,202147010.0,117267280.0,0.5801089019323116,72814365.0,7963930.0,-0.8028200520944395,12691577860.0,12604392905.0,0.9931304873230316,23400.0,23350.0,23400.0,23350.0,24200.0,23500.0,0.0008746960484697,-0.0012639250969329,23450.0,0.0030133171938724,23400.0,3.2,20.8,0.0010265381497933,0.102048133187822,0.1843366708940464
2026-05-13,23412.6,2026-05-19,6,69999475.0,62896795.0,0.8985323818500067,19924645.0,17629560.0,-0.0611139285201217,1359753460.0,1460695730.0,1.0742357147596446,24000.0,23000.0,23900.0,23400.0,24700.0,23600.0,0.0250890546116193,-0.0176229893305314,23500.0,0.003733032640544,23400.0,252.8,193.4,0.0190581140069876,0.0915262578755055,0.0883993373589226
2026-05-14,23689.6,2026-05-19,5,85298720.0,95877990.0,1.1240261284108366,3814915.0,36809500.0,0.8121860954797749,1482722280.0,1339892515.0,0.9036705882641758,24500.0,22500.0,24500.0,23700.0,23900.0,24300.0,0.0342091044171282,-0.0502161285965149,23700.0,0.000439011211671,23700.0,171.95,175.95,0.0146857692827232,0.0948457960447706,0.0789541478706426
2026-05-15,23643.5,2026-05-19,4,121415775.0,104378625.0,0.8596792714949931,38107355.0,6681220.0,-0.701655165407696,2797246205.0,3044056080.0,1.0882331610849392,24500.0,23000.0,24000.0,23000.0,23500.0,23400.0,0.036225601116586,-0.0272167826252458,23700.0,0.0023896631209423,23650.0,150.35,166.7,0.0134096051768985,0.0912976093921897,0.0861463733594881
2026-05-18,23649.95,2026-05-19,1,127131095.0,159375450.0,1.2536307502110322,5715320.0,54996825.0,0.8117239969037496,5416727550.0,4556775470.0,0.841241400446659,24000.0,23000.0,24000.0,23400.0,25000.0,23700.0,0.0148012997913313,-0.027482087699974,23600.0,-0.0021120552051907,23650.0,104.15,114.4,0.0092410343362248,0.0992359894327977,0.0782518261124909
2026-05-19,23618.0,2026-05-19,0,190547175.0,164848580.0,0.8651326371015472,63794510.0,5473455.0,-0.8419628756236739,12360909600.0,13853309210.0,1.1207354198270327,23650.0,23600.0,23650.0,23600.0,23500.0,22500.0,0.0013548988059954,-0.0007621305783723,23650.0,0.0013548988059954,23600.0,26.55,0.95,0.0011643661614023,0.149767268919101,0.1583434931620278
2026-05-20,23659.0,2026-05-26,6,89101025.0,104626795.0,1.1742490616690435,11254815.0,29033030.0,0.4412798698962429,1464402550.0,1130874290.0,0.7722427757313042,24500.0,22500.0,24500.0,23400.0,24050.0,24000.0,0.0355467264043281,-0.0489877002409231,23700.0,0.0017329557462275,23650.0,209.75,198.0,0.0172344562323006,0.1016096616172485,0.0840621181218444
2026-05-21,23654.7,2026-05-26,5,133023280.0,115717160.0,0.8699015691088056,43922255.0,11090365.0,-0.5968065145779278,1387131850.0,1416498785.0,1.0211709759241705,25000.0,22500.0,23800.0,22500.0,23550.0,22350.0,0.0568724185891176,-0.0488148232697941,23700.0,0.0019150528224833,23650.0,164.4,178.4,0.0144918346036939,0.0995899364381933,0.0942994971532312
2026-05-22,23719.3,2026-05-26,4,119983695.0,119139735.0,0.992966044261264,-16110640.0,3914495.0,1.0,2348151130.0,2252821870.0,0.9594024171689496,24000.0,23000.0,24400.0,23750.0,23700.0,22500.0,0.0118342446868162,-0.0303255155084677,23800.0,0.0034022926477594,23700.0,157.95,125.0,0.0119291041472556,0.1061155434494662,0.0811743454020608
2026-05-25,24031.7,2026-05-26,1,129657385.0,153698285.0,1.185418670907176,354705.0,50549005.0,0.9860636876958476,3175606590.0,3078261290.0,0.9693459195145454,25000.0,24000.0,24400.0,24000.0,23800.0,22800.0,0.040292613506327,-0.001319091033926,24000.0,-0.001319091033926,24050.0,87.1,80.65,0.0069803634366274,0.0939531134304459,0.0844430046828434
2026-05-26,23913.7,2026-05-26,0,162816030.0,145766595.0,0.895284051576494,34942765.0,-16631615.0,-1.0,9206040220.0,10379052385.0,1.1274176667674825,23950.0,23900.0,23950.0,23900.0,25000.0,24000.0,0.0015179583251441,-0.0005728933623823,23900.0,-0.0005728933623823,23900.0,13.85,3.35,0.000719252980509,0.1168228030127009,0.1709873925503988
2026-05-27,23907.15,2026-06-02,6,95864470.0,83490355.0,0.8709207384133038,38191075.0,32176885.0,-0.0854677327579199,1173162120.0,1177077070.0,1.003337092063627,25000.0,23000.0,25000.0,23900.0,23300.0,22550.0,0.0457122659957376,-0.0379447152839214,23950.0,0.0017923508239165,23900.0,179.75,125.5,0.0127681467678079,0.0918514440230045,0.0870353228226182
2026-05-29,23547.75,2026-06-02,4,144729390.0,93204670.0,0.6439926956093714,68408730.0,7336290.0,-0.8062898392527984,2605373355.0,3440274240.0,1.3204534518623725,24000.0,23000.0,24000.0,23100.0,24950.0,23900.0,0.019205656591394,-0.0232612457665806,23800.0,0.010712276119799,23550.0,249.65,76.2,0.013837840133346,0.1062033426659229,0.0933435524207102
2026-06-01,23382.6,2026-06-02,1,175547125.0,103606750.0,0.5901933740014256,44853315.0,5354765.0,-0.7866970814259379,4207967530.0,5232628440.0,1.2435049469119834,24000.0,23000.0,23600.0,23400.0,24700.0,23500.0,0.0264042493135923,-0.0163625944078074,23500.0,0.0050208274528924,23400.0,106.1,76.2,0.0077963956104111,0.0988001370002499,0.0946497694406976
2026-06-02,23483.55,2026-06-02,0,167877840.0,192514140.0,1.1467513520545654,-13339755.0,92528345.0,1.0,16350041305.0,15638149280.0,0.9564593133607378,23500.0,23450.0,23500.0,23450.0,24100.0,24000.0,0.0007004903432403,-0.0014286596362134,23500.0,0.0007004903432403,23500.0,0.65,21.55,0.0009453425908774,0.169584889822266,0.1172902156693529
2026-06-03,23405.6,2026-06-09,6,78890110.0,76905855.0,0.9748478611577548,24679135.0,22516520.0,-0.045822332585489,1827441005.0,1769995695.0,0.9685651630652776,24000.0,23300.0,23500.0,23000.0,22100.0,23600.0,0.0253956318146084,-0.0045117407799841,23500.0,0.0040332228184709,23400.0,249.05,148.35,0.0169788426701302,0.108649297104542,0.0830246279688328
2026-06-04,23416.55,2026-06-09,5,104232310.0,100490845.0,0.9641045564470364,25342200.0,23584990.0,-0.0359147950250157,1535816490.0,1454368110.0,0.946967374988922,24000.0,22500.0,24200.0,22500.0,23300.0,22100.0,0.0249161383722196,-0.0391411202760439,23450.0,0.0014284768678562,23400.0,198.85,121.2,0.0136676837535845,0.1117534956291384,0.0973581722792757
2026-06-05,23366.7,2026-06-09,4,144420770.0,113794785.0,0.787939193233771,44483465.0,5589545.0,-0.7767441981219024,3420698515.0,3759826460.0,1.0991399690773391,24000.0,22500.0,24000.0,23050.0,22900.0,23150.0,0.0271026717508249,-0.0370912452336017,23400.0,0.0014251049570541,23350.0,173.3,107.0,0.0119957032871565,0.1195053869329183,0.0896829762453525
2026-06-08,23123.0,2026-06-09,1,170305655.0,119199990.0,0.6999179798228075,40032915.0,2046915.0,-0.902712772366238,4198680980.0,4064504340.0,0.9680431448259258,24000.0,22500.0,23200.0,23100.0,24400.0,23300.0,0.0379276045495826,-0.0269428707347662,23200.0,0.0033300177312631,23100.0,113.05,83.15,0.0084850581671928,0.094926618848916,0.084922070882724
2026-06-09,23242.1,2026-06-09,0,188880770.0,166334935.0,0.8806345664516297,14495715.0,48689745.0,0.5411692816670164,13290568655.0,12544300210.0,0.9438497731457676,23250.0,23200.0,23250.0,23200.0,24500.0,23500.0,0.0003399004392892,-0.0018113681638061,23250.0,0.0003399004392892,23250.0,4.25,5.85,0.0004345562578252,0.1184490088641633,0.1453005647911546
2026-06-10,23214.95,2026-06-16,6,92391780.0,74352980.0,0.8047575228012709,40956825.0,17355325.0,-0.4047441227943061,1439103055.0,1387095710.0,0.9638612781625984,24000.0,22000.0,23400.0,22500.0,22000.0,22100.0,0.033816570787359,-0.0523348101115875,23300.0,0.0036635874727277,23200.0,188.0,158.8,0.0149386494478773,0.079631380627151,0.0954941550426089
2026-06-11,23161.6,2026-06-16,5,104049920.0,100334910.0,0.9642958879737726,15257970.0,23352940.0,0.2096549912965014,1514967545.0,1425911110.0,0.9412156152823724,24000.0,22000.0,23600.0,22300.0,24400.0,23300.0,0.0361978447084829,-0.0501519756838905,23200.0,0.0016579165515335,23150.0,161.05,139.85,0.0129913304780326,0.0880677274908044,0.0811530602857968
2026-06-12,23622.9,2026-06-16,4,104487825.0,147143880.0,1.4082394767045825,-16314415.0,65960050.0,1.0,3593107050.0,3144735035.0,0.8752132878980046,24000.0,22500.0,24000.0,23400.0,23200.0,22300.0,0.0159633237240135,-0.0475343840087373,23500.0,-0.0052025788535701,23600.0,166.5,116.05,0.0119608515465925,0.1005054416627009,0.0949286847675893
2026-06-15,23853.9,2026-06-16,1,164906885.0,136781970.0,0.8294497224903618,56005820.0,2699905.0,-0.9080190219948736,4392751155.0,4518430150.0,1.028610542815963,24000.0,23500.0,24000.0,23800.0,23600.0,22500.0,0.0061247846264131,-0.014836148386637,23800.0,-0.0022595885788069,23850.0,97.3,74.55,0.0072042726765853,0.1120203986631607,0.0757748992794883
2026-06-16,23989.15,2026-06-16,0,181211550.0,193474385.0,1.0676713763554255,13395915.0,63039535.0,0.6494842380073644,11336664690.0,10504881725.0,0.9266289523642954,24000.0,23950.0,24000.0,23950.0,23900.0,22800.0,0.0004522878051118,-0.0016319877944821,23950.0,-0.0016319877944821,24000.0,1.95,14.65,0.0006919794990652,0.2192763651102813,0.1590288554218689
2026-06-17,24085.7,2026-06-23,6,89166350.0,83045495.0,0.9313546534090494,26822835.0,30099745.0,0.0575678403895255,1175151445.0,1006991700.0,0.8569037669863904,25000.0,24000.0,24100.0,23000.0,23900.0,23650.0,0.0379602834877126,-0.0035581278517958,24000.0,-0.0035581278517958,24100.0,138.85,161.3,0.0124617511635534,0.0861443806996697,0.0979772593323695
2026-06-18,24168.0,2026-06-23,5,109283460.0,108474730.0,0.9925997035598982,18460845.0,27242930.0,0.192152289389662,1366880905.0,1284079550.0,0.9394231386969298,24500.0,24000.0,24500.0,24100.0,24000.0,23250.0,0.013737173121483,-0.0069513406156901,24100.0,-0.0028136378682555,24150.0,123.3,102.7,0.0093512082092022,0.0881826032960523,0.0894973880091704
2026-06-19,24013.1,2026-06-23,4,134874285.0,103467000.0,0.7671365968687063,33319520.0,-8083660.0,-1.0,2637883950.0,2781651275.0,1.054501004488844,25000.0,23500.0,24000.0,23500.0,23500.0,24100.0,0.0410984004564176,-0.0213675035709675,24000.0,-0.0005455355618391,24000.0,118.0,85.95,0.0084932807509234,0.0865305791982511,0.0920467395401432
2026-06-22,24102.9,2026-06-23,1,157914315.0,130991185.0,0.8295079834909204,15024945.0,29043170.0,0.3181035767016583,3043258725.0,2831438675.0,0.9303969628806372,24200.0,24000.0,24150.0,24100.0,24000.0,23500.0,0.0040285608785664,-0.0042691958229093,24100.0,-0.0001203174721714,24100.0,73.55,55.5,0.0053541275116272,0.0845219763642073,0.1003543482716031
2026-06-23,23824.1,2026-06-23,0,217314240.0,131334450.0,0.6043527106185034,70007990.0,-4215250.0,-1.0,13566064850.0,13866200855.0,1.022124028472413,23850.0,23800.0,23850.0,23800.0,24200.0,24000.0,0.0010871344562859,-0.001011580710289,23850.0,0.0010871344562859,23800.0,36.35,1.5,0.0015887273810972,0.1132947845479431,0.183775544040425
2026-06-24,24021.65,2026-06-30,6,114080000.0,125843515.0,1.103116365708275,-7488550.0,39032870.0,1.0,1719398005.0,1418212705.0,0.8248309587866481,25000.0,24000.0,24500.0,23900.0,25000.0,25000.0,0.0407278434245772,-0.0009012703124057,24000.0,-0.0009012703124057,24000.0,165.9,118.15,0.01182474975699,0.1119115094670406,0.0961544184457975
2026-06-25,24056.0,2026-06-30,5,137254545.0,124058350.0,0.9038560435284676,23180915.0,-216650.0,-1.0,1666299895.0,1531922925.0,0.9193560712551088,25000.0,24000.0,24200.0,24100.0,24000.0,23400.0,0.0392417692051878,-0.0023279015630196,24050.0,-0.0002494180246092,24050.0,128.25,86.05,0.0089083804456268,0.09399204230359,0.1011111303672828
2026-06-29,23946.25,2026-06-30,1,200577980.0,140141010.0,0.6986859175668236,65131735.0,14648955.0,-0.6327694082365043,4042880530.0,4735420820.0,1.1712987274447113,25000.0,23500.0,24000.0,23800.0,25200.0,24200.0,0.0440048024220911,-0.0186354857232343,24000.0,0.0022446103252073,23950.0,87.65,71.15,0.0066315185049851,0.0921959878148139,0.0876334129460034
2026-06-30,23865.75,2026-06-30,0,189574590.0,153291155.0,0.8086060215137483,-8733720.0,8188045.0,1.0,11632474100.0,11716657875.0,1.0072369621695525,23900.0,23850.0,23900.0,23850.0,24100.0,24000.0,0.001435110985408,-0.0006599415480342,23900.0,0.001435110985408,23850.0,14.7,7.45,0.0009281082723149,0.1104225782579827,0.1452551844886288
2026-07-01,24005.85,2026-07-07,6,96436015.0,103627875.0,1.0745764950988488,28123810.0,42970590.0,0.2088319192510239,1413942985.0,1237192580.0,0.8749946731409399,24000.0,24000.0,24000.0,24000.0,23850.0,24800.0,-0.000243690600416,-0.000243690600416,24000.0,-0.000243690600416,24000.0,162.65,131.7,0.0122615945696569,0.1169846140987887,0.113541892082608
2026-07-02,24175.7,2026-07-07,5,109892380.0,132042820.0,1.2015648400735337,5510960.0,31808855.0,0.704663059021059,1532568830.0,1332503380.0,0.8694574455099677,25000.0,24000.0,24400.0,24100.0,24000.0,23300.0,0.0340962205851329,-0.0072676282382723,24100.0,-0.0031312433559318,24200.0,108.15,114.45,0.00920759274809,0.0832933093268159,0.0938113484701402
2026-07-03,24270.85,2026-07-07,4,157420770.0,147488380.0,0.9369054667945024,46599215.0,19485830.0,-0.4102801927425486,2625800710.0,2713646975.0,1.033455038939341,25000.0,24000.0,24300.0,24300.0,24200.0,23400.0,0.0300422111298122,-0.0111594773153803,24200.0,-0.0029191396263418,24250.0,108.8,75.6,0.0075975913492934,0.0766828608448554,0.0944544241383626
2026-07-06,24430.35,2026-07-07,1,135552170.0,193557065.0,1.4279156504835002,-25190750.0,50622390.0,1.0,3979461655.0,3636687275.0,0.9138641329614722,24500.0,24000.0,24450.0,24400.0,24300.0,23000.0,0.0028509620206014,-0.0176153841430842,24400.0,-0.0012423072121356,24450.0,43.95,75.85,0.0049037365408191,0.0979405567612824,0.0837974062067948
2026-07-07,24398.7,2026-07-07,0,205383100.0,199235335.0,0.9700668409426092,69830540.0,5063435.0,-0.864783916196196,11478002445.0,12834961620.0,1.1182225898192864,24400.0,24400.0,24400.0,24400.0,24300.0,23900.0,5.328152729444646e-05,5.328152729444646e-05,24400.0,5.328152729444646e-05,24400.0,7.7,3.25,0.0004487944029804,0.1460642331331058,0.1513115632826877
2026-07-08,23882.05,2026-07-14,6,122492175.0,80708225.0,0.6588847410048846,65819130.0,22171305.0,-0.4960519288261275,1760613660.0,2074186725.0,1.1781044144574,24500.0,23500.0,24200.0,23600.0,24550.0,24400.0,0.0258750819129849,-0.015997370409994,24100.0,0.0091261009837932,23900.0,177.55,198.0,0.0157251994698947,0.0982406427186063,0.070297544023549
2026-07-09,23962.8,2026-07-14,5,132289235.0,102816285.0,0.7772082512987546,6036030.0,25894830.0,0.6219312602291326,1574287390.0,1403684165.0,0.8916314606318482,24500.0,23600.0,24700.0,23600.0,23900.0,24200.0,0.0224180813594405,-0.0151401338741715,24050.0,0.0036389737426345,23950.0,142.65,131.55,0.0114427362411738,0.1030581966854672,0.0826317542984557
2026-07-10,24206.9,2026-07-14,4,135188625.0,150466290.0,1.1130099888211749,-9516455.0,52781170.0,1.0,2738172255.0,2448263545.0,0.8941232753086967,24500.0,23000.0,24150.0,24200.0,24000.0,23600.0,0.0121081179333164,-0.0498576852054579,24200.0,-0.0002850426944384,24200.0,101.15,96.25,0.0081546996930627,0.1040765449016143,0.0813753366285564
2026-07-13,24211.0,2026-07-14,1,135664750.0,205926890.0,1.5179100687540426,476125.0,55460600.0,0.9829763004537716,5329558130.0,4457062155.0,0.8362911232567792,24500.0,24000.0,24500.0,24000.0,25500.0,22800.0,0.0119367229771591,-0.0087150468795176,24200.0,-0.0004543389368468,24200.0,83.5,77.35,0.0066436743628928,0.1269535011858275,0.0916389792513255
2026-07-14,24052.05,2026-07-14,0,192783955.0,194995125.0,1.011469678583988,63026795.0,-14170975.0,-1.0,11224060640.0,12958248030.0,1.154506238483758,24100.0,24050.0,24100.0,24050.0,24500.0,24200.0,0.001993593061714,-8.523182015662822e-05,24050.0,-8.523182015662822e-05,24050.0,9.0,3.15,0.0005051544462945,0.1578225480434821,0.1414195354883872
2026-07-15,24078.5,2026-07-21,6,108705610.0,75460905.0,0.6941767310813122,36596235.0,21233095.0,-0.2656634617762302,1360331180.0,1333572760.0,0.9803294812370617,24200.0,23000.0,24200.0,23000.0,23300.0,22700.0,0.0050459953900783,-0.0447909961168677,24100.0,0.0008929127644994,24100.0,132.0,178.9,0.0129119338829246,0.0825965651634722,0.0932419244110576
2026-07-16,24072.75,2026-07-21,5,121433130.0,92915940.0,0.7651613690596627,12727520.0,17455035.0,0.1566307093617488,1279984225.0,1240007925.0,0.9687681307166108,24200.0,23000.0,24800.0,23000.0,24000.0,23350.0,0.0052860599640671,-0.044562835571341,24100.0,0.0011319853361164,24050.0,145.5,112.5,0.0107175125401127,0.0759478900033294,0.0974343045983283
2026-07-17,24334.3,2026-07-21,4,115268270.0,164432255.0,1.426517939412121,-9320870.0,76300835.0,1.0,3256563830.0,2495153245.0,0.766192027932706,25000.0,23000.0,24700.0,24200.0,24100.0,23300.0,0.0273564474835932,-0.0548320683150943,24250.0,-0.0034642459409146,24350.0,98.2,148.15,0.0101235704335033,0.0890305285227235,0.0871943889597573
2026-07-20,24238.5,2026-07-21,1,125072740.0,165464780.0,1.322948389872965,10456225.0,-3300440.0,-1.0,4450970615.0,4037636395.0,0.9071361606821122,24500.0,24200.0,24500.0,23900.0,24800.0,23000.0,0.0107886214080903,-0.0015883821193555,24200.0,-0.0015883821193555,24250.0,70.85,74.6,0.00600078387689,0.0922556745778496,0.0810508435692477
2026-07-21,24187.7,2026-07-21,0,213501600.0,173336800.0,0.8118758828973647,88600850.0,7445100.0,-0.8449679554421607,10352486560.0,10191337520.0,0.984433784186434,24200.0,24150.0,24200.0,24150.0,25200.0,23800.0,0.0005085229269421,-0.0015586434427415,24200.0,0.0005085229269421,24200.0,3.15,14.5,0.0007297097284983,0.2105612791660577,0.199215140697186
2026-07-22,23996.25,2026-07-28,6,155899380.0,114587525.0,0.7350094977927429,58039865.0,23865595.0,-0.417240437939058,1178672625.0,1257625850.0,1.0669848635875463,24200.0,24000.0,24000.0,24000.0,25100.0,24200.0,0.0084909100380268,0.0001562744178777,24050.0,0.002239933322915,24000.0,147.5,161.8,0.0128895139865604,0.0969925602013298,0.1065991258647047
2026-07-23,23869.6,2026-07-28,5,170661725.0,119236455.0,0.6986713335986731,20873255.0,368095.0,-0.965341656721442,1376694605.0,1330750135.0,0.9666269702567768,25000.0,23000.0,23900.0,23850.0,24200.0,24000.0,0.0473573080403526,-0.0364312766028755,24000.0,0.0054630157187385,23850.0,138.85,115.95,0.0106746656835472,0.0940525182198879,0.0895739058998357
2026-07-24,23767.45,2026-07-28,4,161043350.0,145249715.0,0.9019292941931474,2371005.0,24544455.0,0.8238183556959457,3039442445.0,2864748055.0,0.9425241987103988,25000.0,23000.0,23800.0,23700.0,24700.0,23900.0,0.0518587395787095,-0.0322899595875872,23900.0,0.0055769550372462,23750.0,145.5,91.8,0.0099842431560811,0.0934484721039397,0.0910265813602457
2026-07-27,23995.95,2026-07-28,1,156743275.0,167602890.0,1.0692828129308898,-22770020.0,31816980.0,1.0,3832914410.0,3677385400.0,0.9594227803276202,24200.0,23000.0,24050.0,23900.0,23800.0,22600.0,0.0085035183020467,-0.0415049206220217,24000.0,0.0001687784813686,24000.0,76.05,49.85,0.0052467187171168,0.0940294886654626,0.0839063395625218
2026-07-28,23985.35,2026-07-28,0,164294260.0,150102160.0,0.9136177977246436,7550725.0,-17786080.0,-1.0,8535703410.0,9065335890.0,1.0620490725321488,24000.0,23950.0,24000.0,23950.0,24200.0,23000.0,0.0006107895027589,-0.001473816308705,24000.0,0.0006107895027589,24000.0,0.85,27.3,0.0011736330718542,0.1896974367820275,0.15043710896632
2026-07-29,24250.2,2026-08-04,6,96554185.0,98041450.0,1.015403423476673,25418055.0,43991090.0,0.2675877220501708,1195990835.0,1002930175.0,0.8385768064853105,25000.0,24000.0,24600.0,24200.0,24000.0,23050.0,0.0309193326240608,-0.0103174406809016,24200.0,-0.0020700860199091,24250.0,124.15,135.75,0.0107174373819597,0.0921586671773988,0.0926753429289346
2026-07-30,24317.15,2026-08-04,5,107526510.0,123631040.0,1.14977264676404,10949575.0,28623205.0,0.4466107763973115,1554951775.0,1300428025.0,0.8363140554632313,24600.0,24000.0,24500.0,23400.0,24200.0,23200.0,0.011631708485575,-0.0130422356238293,24250.0,-0.0027614255782442,24300.0,104.2,115.5,0.0090347758680601,0.0946595867381913,0.0884104024361519
2026-07-31,24383.6,2026-08-04,4,125079890.0,165854325.0,1.3259871351022134,17444180.0,43763395.0,0.4299993097259612,2610081825.0,2472839850.0,0.947418516275826,24600.0,24000.0,24400.0,24400.0,24200.0,23400.0,0.008874817500287,-0.0157318853655735,24350.0,-0.0013779753604881,24400.0,77.75,94.55,0.0070662248396463,0.0962191044459665,0.0885485802073596
2026-08-03,24774.3,2026-08-04,1,131610765.0,173605705.0,1.319084384928543,1680607.0,34682830.0,0.9075661082311884,3579842955.0,3391901760.0,0.9475001564698528,24600.0,24200.0,24800.0,24600.0,24400.0,23650.0,-0.0070355166442643,-0.0231812806012682,24550.0,-0.0090537371388899,24750.0,11.0,180.45,0.0077277662739209,0.1144508961709933,0.0845305458135722
2026-08-04,24614.9,2026-08-04,0,129884430.0,119063100.0,0.9166849329053528,-124995.0,-60050640.0,-0.995845660789454,9384849695.0,10354195020.0,1.103288316435845,24650.0,24600.0,24650.0,24450.0,24800.0,24200.0,0.0014259655736972,-0.0006053244173245,24550.0,-0.0026366144083461,24600.0,16.6,12.7,0.0011903359347387,0.0821094953413584,0.1219097688536582
2026-08-05,24624.65,2026-08-11,6,129194065.0,76278345.0,0.5904167888826781,43354285.0,22935055.0,-0.3080318796355492,1574614340.0,1767735580.0,1.122646692014757,25000.0,24000.0,26000.0,24200.0,24500.0,23550.0,0.0152428562436419,-0.0253668580061037,24550.0,-0.0030315151687435,24600.0,143.9,136.35,0.0113808724184912,0.0681993015700837,0.0967513781270424
2026-08-06,24636.0,2026-08-11,5,125751730.0,100666540.0,0.8005181320368316,-3442140.0,24611665.0,1.0,1245859290.0,1220055850.0,0.9792886402123308,25000.0,24000.0,24700.0,24600.0,24600.0,23850.0,0.0147751258321155,-0.025815879201169,24600.0,-0.0014612761811982,24650.0,145.25,107.05,0.0102411105698977,0.0701163316003684,0.093259190193683
2026-08-07,24570.65,2026-08-11,4,165934405.0,108954495.0,0.6566118400822301,42525990.0,7051915.0,-0.7155218640239034,2065506820.0,2139480785.0,1.0358139534005508,24600.0,24000.0,24600.0,24500.0,24200.0,24700.0,0.0011945145936309,-0.0232248638110917,24600.0,0.0011945145936309,24550.0,138.85,83.0,0.0090290651651462,0.0722059418599777,0.0948972779874754
2026-08-10,24583.8,2026-08-11,1,165011275.0,130718575.0,0.7921796556023217,-1363635.0,22720165.0,1.0,3110150745.0,3174172495.0,1.020584773938345,24600.0,24500.0,24900.0,24500.0,26000.0,23200.0,0.0006589705415762,-0.0034087488508692,24600.0,0.0006589705415762,24600.0,77.05,72.5,0.0060832743514021,0.088770540073701,0.0858340522760441
2026-08-11,24471.7,2026-08-11,0,176238920.0,130740935.0,0.7418391749109674,16976050.0,-595465.0,-1.0,6794355230.0,6502641860.0,0.957065334365804,24500.0,24450.0,24500.0,24450.0,24900.0,24600.0,0.0011564378445305,-0.0008867385592337,24450.0,-0.0008867385592337,24450.0,24.3,7.6,0.0013035465456016,0.162512797967668,0.1834727967946688
2026-08-12,24435.95,2026-08-18,6,114426130.0,83244590.0,0.7274963332238886,39598715.0,21213530.0,-0.3023270231184525,1361834045.0,1316381820.0,0.9666242556008358,25000.0,24000.0,24400.0,24300.0,25250.0,24500.0,0.023082793998187,-0.0178405177617404,24400.0,-0.0014711930577694,24450.0,119.25,126.3,0.0100487192026501,0.079854487781768,0.0924145340856384
2026-08-13,24395.85,2026-08-18,5,134412395.0,104305110.0,0.7760081203820526,23020855.0,20946510.0,-0.0471791975707436,1272156665.0,1230618090.0,0.9673479091507964,25000.0,24000.0,24800.0,24350.0,25150.0,23200.0,0.0247644578893542,-0.0162261204262199,24400.0,0.0001701109000096,24400.0,122.5,82.4,0.0083989694968611,0.0977371543747881,0.0923391001648912
2026-08-14,24366.0,2026-08-18,4,140630490.0,121235920.0,0.8620884418450081,7022925.0,16931070.0,0.4136322563313551,2247524500.0,2204621510.0,0.9809110023049804,25000.0,24000.0,24350.0,24300.0,25000.0,23900.0,0.0260198637445621,-0.0150209308052203,24400.0,0.0013953870146925,24350.0,126.5,51.55,0.0073073134695887,0.0823481451284142,0.0940912561227728
2026-08-17,24287.65,2026-08-18,1,143021645.0,131096225.0,0.9166180755367483,6636565.0,8976955.0,0.1498950909212016,3765521435.0,3792763455.0,1.0072345943238536,24500.0,24300.0,24350.0,24250.0,25500.0,24400.0,0.0087431266507875,0.0005084888822095,24350.0,0.0025671483243541,24300.0,97.0,33.9,0.0053895704195342,0.0875517478490755,0.1029052514670044
2026-08-18,24154.9,2026-08-18,0,203406450.0,128128520.0,0.6299137515059134,62249460.0,-3958045.0,-1.0,8409269310.0,8606190710.0,1.0234171831987624,24200.0,24150.0,24200.0,24150.0,24500.0,24300.0,0.0018671159888883,-0.000202857391254,24200.0,0.0018671159888883,24150.0,24.25,6.6,0.0012771735755478,0.1461290435971917,0.1673354613008875
2026-08-19,24078.3,2026-08-25,6,173478630.0,119856100.0,0.6908983544543786,53197170.0,21081385.0,-0.4323695446148622,1245918505.0,1174757285.0,0.9428845307984248,24500.0,24000.0,24100.0,24100.0,24450.0,24300.0,0.01751369490371,-0.0032518907065698,24200.0,0.005054343537542,24100.0,125.8,109.1,0.0097556721197094,0.0856835507635724,0.1140460101738668
2026-08-20,24231.85,2026-08-25,5,146710135.0,153585705.0,1.0468649967502246,-32632405.0,34750950.0,1.0,1286187175.0,1232709140.0,0.9584212655518044,24500.0,24000.0,24600.0,24200.0,24100.0,23700.0,0.0110660143571375,-0.0095679859358653,24250.0,0.0007490142106361,24250.0,117.55,74.2,0.0079131391123665,0.0853018436660834,0.1064414816470061
2026-08-21,24252.0,2026-08-25,4,163473310.0,165381385.0,1.0116720888565849,14359865.0,11778195.0,-0.0987705284936984,1588028390.0,1808898715.0,1.1390846198914617,24300.0,24000.0,24300.0,24300.0,25600.0,23800.0,0.0019792182088074,-0.0103908955962395,24250.0,-8.246742536699436e-05,24250.0,99.65,62.9,0.0067025399967013,0.0823976709103155,0.1072644300324368
2026-08-24,24219.05,2026-08-25,1,210325115.0,138523970.0,0.6586183014805436,48802195.0,-26842660.0,-1.0,3184082850.0,3429274355.0,1.0770053784875604,24300.0,24000.0,24300.0,24050.0,25400.0,23000.0,0.0033424102101444,-0.0090445331257832,24200.0,-0.0007865709018314,24200.0,61.75,58.25,0.004954777334371,0.1028082642436686,0.1174555566087226
2026-08-25,24334.55,2026-08-25,0,144091025.0,155522120.0,1.0793324566884024,-67441205.0,18027035.0,1.0,8525516480.0,8276116875.0,0.9707466866570412,24350.0,24300.0,24350.0,24300.0,24300.0,24000.0,0.0006348997618612,-0.0014197920240973,24300.0,-0.0014197920240973,24350.0,2.0,34.65,0.0015060890791076,0.1059349463299327,0.1137233725980587
2026-08-26,24207.75,2026-09-01,6,116485720.0,81682510.0,0.7012233774234301,54606695.0,11933740.0,-0.641308626852229,1236208935.0,1456350220.0,1.1780777332757266,24500.0,24200.0,24400.0,23900.0,24200.0,23400.0,0.0120725800621701,-0.0003201454079788,24300.0,0.0038107630820707,24200.0,197.7,52.95,0.0103541221303095,0.0892121369039913,0.0758784836558034
2026-08-27,24090.85,2026-09-01,5,168216880.0,96648240.0,0.5745454320636549,54845180.0,14432730.0,-0.5833381809584036,1373388640.0,1428815700.0,1.0403578844222856,24300.0,24000.0,24200.0,23800.0,24750.0,24350.0,0.0086817194079911,-0.0037711413254408,24200.0,0.0045307658301803,24100.0,155.25,62.15,0.0090241730781603,0.078567917797548,0.0735209456478462
2026-08-28,24175.65,2026-09-01,4,171179710.0,124916740.0,0.7297403413056373,-935545.0,28964845.0,1.0,2555208175.0,2856625980.0,1.1179621323808575,24300.0,24000.0,24100.0,24100.0,25500.0,24300.0,0.0051436052391558,-0.0072655750724386,24200.0,0.0010072118019577,24200.0,104.75,72.1,0.0073152117936849,0.0764030386545227,0.0821507589775397
2026-08-31,24080.4,2026-09-01,1,186708405.0,147191395.0,0.7883490569157826,19617065.0,21084245.0,0.0360474883977935,3988772840.0,4218012630.0,1.057471257250137,24500.0,24000.0,24100.0,24000.0,25500.0,24200.0,0.0174249597182769,-0.0033388149698511,24100.0,0.0008139399677744,24100.0,76.7,62.7,0.0057889403830501,0.0910592643111058,0.1088676753148511
2026-09-01,24055.8,2026-09-01,0,193538995.0,170725620.0,0.8821251758592629,12910365.0,23718630.0,0.2950740253725225,11387606880.0,12050716730.0,1.0582308343612228,24100.0,24050.0,24100.0,24050.0,24500.0,24100.0,0.0018373947239336,-0.0002411060949957,24050.0,-0.0002411060949957,24050.0,16.5,10.15,0.0011078409364893,0.1278341090900053,0.1416261952951173
2026-09-02,23914.45,2026-09-08,6,126709115.0,98359430.0,0.7762616762022211,40472185.0,31399940.0,-0.1262275882339641,1513159960.0,1465705475.0,0.9686388179343576,24200.0,23000.0,23900.0,23800.0,24850.0,24000.0,0.0119404795008875,-0.0382383872512226,23950.0,0.0014865489275313,23900.0,137.45,116.2,0.0106065579597272,0.0796662102801365,0.084667682600438
2026-09-03,23873.45,2026-09-08,5,181952485.0,124088575.0,0.6819834035242772,55243370.0,25553255.0,-0.3674672673518231,1592383780.0,1642427540.0,1.031426946586959,24000.0,23000.0,24000.0,22500.0,23850.0,23800.0,0.0053008677003114,-0.0365866684538682,23950.0,0.0032064908926023,23850.0,151.7,74.7,0.0094833381853062,0.1010881769490534,0.085945664216065
2026-09-04,23897.7,2026-09-08,4,172751670.0,150773220.0,0.8727743123988324,-9200815.0,26857285.0,1.0,2682965155.0,2849995655.0,1.0622559333984345,24000.0,23000.0,24400.0,23900.0,24000.0,24000.0,0.004280746682735,-0.0375642844290454,23950.0,0.002188495127146,23900.0,123.8,59.85,0.0076848399636785,0.0878595848016983,0.0784548807805524
2026-09-07,23779.15,2026-09-08,1,242413535.0,136207175.0,0.561879414035194,72992140.0,-16698565.0,-1.0,3619265325.0,3813385550.0,1.0536352567630558,24000.0,23500.0,23800.0,23750.0,24900.0,23900.0,0.009287548125143,-0.0117392757941305,23800.0,0.0008768185574337,23800.0,63.75,63.95,0.0053702508289825,0.0872399307241652,0.0812113605615856
2026-09-08,23635.1,2026-09-08,0,215927400.0,140865595.0,0.6523748028272466,-18351385.0,559715.0,1.0,8728962840.0,8613110090.0,0.986727776011474,23650.0,23600.0,23650.0,23600.0,23900.0,23800.0,0.0006304183185179,-0.0014850793946291,23650.0,0.0006304183185179,23650.0,12.95,36.6,0.0020964582337286,0.1349760382424833,0.1432827156978962
2026-09-09,23431.5,2026-09-15,6,131989715.0,95996225.0,0.7273007976416951,53131260.0,24130145.0,-0.3753635466504912,1770723825.0,1668912895.0,0.9425032133398894,24000.0,23000.0,23500.0,23500.0,24550.0,23700.0,0.0242622111260482,-0.0184153810042037,23550.0,0.0050572946674347,23450.0,154.55,95.7,0.0106800674305955,0.089144104902416,0.0951738987652899
2026-09-10,23477.8,2026-09-15,5,160211545.0,115936665.0,0.7236473813419626,27366625.0,20747870.0,-0.1375625993788358,1536485795.0,1450230210.0,0.943861775175084,24000.0,23000.0,23400.0,22500.0,23700.0,23500.0,0.0222422884597364,-0.0203511402260858,23500.0,0.0009455741168253,23500.0,77.0,132.8,0.0089361013382855,0.0870024379329217,0.0915531769005085
2026-09-11,23398.1,2026-09-15,4,149819150.0,165097270.0,1.1019770837039191,-9486100.0,45639230.0,1.0,4285021065.0,3313465740.0,0.7732670831105938,24000.0,23300.0,23800.0,23300.0,23500.0,23500.0,0.0257243109483249,-0.0041926481210011,23450.0,0.0022181288224258,23400.0,127.8,80.7,0.0089109799513635,0.0912330633300215,0.0836009886777655
2026-09-15,23118.6,2026-09-15,0,232267750.0,133215485.0,0.5735427539983489,93965235.0,-39470405.0,-1.0,9615567715.0,9663320485.0,1.0049661935119554,23300.0,23100.0,23150.0,23100.0,23800.0,23300.0,0.0078464958950801,-0.0008045469881393,23150.0,0.0013582137326655,23100.0,40.6,9.0,0.0021454586350384,0.0819614647319742,0.1510225331537095
2026-09-16,23217.6,2026-09-22,6,98021625.0,96422755.0,0.9836885993269342,19347770.0,36656880.0,0.3090655865182623,1450284290.0,1479758930.0,1.0203233532923397,24000.0,23000.0,23800.0,23000.0,24300.0,23450.0,0.0336985734959687,-0.0093722003996967,23300.0,0.0035490317690027,23200.0,177.5,134.1,0.0134208531458893,0.0883214800815636,0.0843418651541329
2026-09-17,23270.6,2026-09-22,5,129306320.0,123598735.0,0.955859968793482,30877795.0,27683435.0,-0.0545473515498223,1792209185.0,1676483900.0,0.9354286955068808,24500.0,22000.0,24500.0,22000.0,23200.0,22400.0,0.0528306102979725,-0.0546010846303919,23300.0,0.0012633967323576,23250.0,149.8,89.8,0.0102962536419344,0.0808157327499537,0.0883299088781127
2026-09-18,23346.4,2026-09-22,4,143281125.0,152563125.0,1.0647817359055494,11559860.0,31561985.0,0.4638513263984878,2517783320.0,2483660465.0,0.9864472630631297,24000.0,23300.0,23400.0,23300.0,23250.0,22650.0,0.027995750950895903,-0.001987458451838453,23350.0,0.00015419936264260414,23350.0,91.5,85.6,0.00758575197889182,0.08067050003969468,0.08315620173616659
