TIMESTAMP,BizDt,Sgmt,Src,FinInstrmTp,FinInstrmId,ISIN,TckrSymb,SctySrs,EXPIRY_DT,FininstrmActlXpryDt,STRIKE_PRICE,OPTION_TYPE,FinInstrmNm,OPENING_PRICE,TRADE_HIGH_PRICE,TRADE_LOW_PRICE,CLOSING_PRICE,LAST_TRADED_PRICE,PREV_CLS,UNDERLYING_VALUE,SETTLE_PRICE,OPEN_INT,CHANGE_IN_OI,TRADED_CONTRACTS,TtlTrfVal,TtlNbOfTxsExctd,SsnId,MARKET_LOT,Rmks,Rsvd1,Rsvd2,Rsvd3,Rsvd4,TOT_TRADED_QTY
2026-09-23,2026-09-23,FO,NSE,IDO,54182,,NIFTY,,2026-11-03,2026-11-03,24550.0,CE,NIFTY26N0324550CE,0.0,0.0,0.0,146.05,0.0,146.05,23446.8,169.42,0,0,0,0.0,0,F1,65,,,,,,0
2026-09-23,2026-09-23,FO,NSE,IDO,54254,,NIFTY,,2026-11-03,2026-11-03,24700.0,CE,NIFTY26N0324700CE,0.0,0.0,0.0,119.05,0.0,119.05,23446.8,138.77,0,0,0,0.0,0,F1,65,,,,,,0
2026-09-23,2026-09-23,FO,NSE,IDO,54262,,NIFTY,,2026-11-03,2026-11-03,24750.0,CE,NIFTY26N0324750CE,0.0,0.0,0.0,111.0,0.0,111.0,23446.8,129.61,0,0,0,0.0,0,F1,65,,,,,,0
2026-09-23,2026-09-23,FO,NSE,IDO,64201,,NIFTY,,2026-11-23,2026-11-23,21400.0,CE,NIFTY26NOV21400CE,0.0,0.0,0.0,3280.1,0.0,3280.1,23446.8,2306.75,0,0,0,0.0,0,F1,65,,,,,,0
2026-09-23,2026-09-23,FO,NSE,IDO,44630,,NIFTY,,2026-10-13,2026-10-13,22950.0,CE,NIFTY26O1322950CE,0.0,0.0,0.0,974.15,0.0,974.15,23446.8,700.77,0,0,0,0.0,0,F1,65,,,,,,0
2026-09-23,2026-09-23,FO,NSE,IDO,44632,,NIFTY,,2026-10-13,2026-10-13,23000.0,CE,NIFTY26O1323000CE,529.8,574.0,459.9,563.35,559.9,532.85,23446.8,563.35,9620,-780,245,374914494.5,226,F1,65,,,,,,15925
2026-09-23,2026-09-23,FO,NSE,IDO,44660,,NIFTY,,2026-10-13,2026-10-13,23400.0,CE,NIFTY26O1323400CE,232.75,280.0,227.95,257.85,262.45,246.55,23446.8,257.85,88855,19955,3454,5311092322.25,2432,F1,65,,,,,,224510
2026-09-23,2026-09-23,FO,NSE,IDO,44684,,NIFTY,,2026-10-13,2026-10-13,23700.0,CE,NIFTY26O1323700CE,102.05,123.0,93.9,107.85,109.5,107.05,23446.8,107.85,91325,16705,2599,4022414987.5,1846,F1,65,,,,,,168935
2026-09-23,2026-09-23,FO,NSE,IDO,44700,,NIFTY,,2026-10-13,2026-10-13,23900.0,CE,NIFTY26O1323900CE,0.0,0.0,0.0,403.35,0.0,403.35,23446.8,191.38,0,0,0,0.0,0,F1,65,,,,,,0
2026-09-23,2026-09-23,FO,NSE,IDO,44710,,NIFTY,,2026-10-13,2026-10-13,23950.0,CE,NIFTY26O1323950CE,0.0,0.0,0.0,381.6,0.0,381.6,23446.8,175.62,0,0,0,0.0,0,F1,65,,,,,,0
2026-09-23,2026-09-23,FO,NSE,IDO,64470,,NIFTY,,2026-11-23,2026-11-23,25450.0,CE,NIFTY26NOV25450CE,0.0,0.0,0.0,479.65,0.0,479.65,23446.8,105.5,0,0,0,0.0,0,F1,65,,,,,,0
2026-09-23,2026-09-23,FO,NSE,IDO,64421,,NIFTY,,2026-11-23,2026-11-23,24600.0,CE,NIFTY26NOV24600CE,75.5,78.0,66.6,72.55,74.0,77.85,23446.8,72.55,100555,10270,1110,1780063372.75,639,F1,65,,,,,,72150
2026-09-23,2026-09-23,FO,NSE,IDO,64407,,NIFTY,,2026-11-23,2026-11-23,24250.0,CE,NIFTY26NOV24250CE,145.1,150.8,133.3,143.35,145.0,149.4,23446.8,143.35,12935,585,119,188680726.0,50,F1,65,,,,,,7735
2026-09-23,2026-09-23,FO,NSE,IDO,64377,,NIFTY,,2026-11-23,2026-11-23,23600.0,CE,NIFTY26NOV23600CE,399.95,428.05,390.5,413.85,418.35,405.3,23446.8,413.85,74750,12870,1263,1971433249.5,1004,F1,65,,,,,,82095
2026-09-23,2026-09-23,FO,NSE,IDO,64363,,NIFTY,,2026-11-23,2026-11-23,23450.0,CE,NIFTY26NOV23450CE,501.55,518.45,468.2,500.45,505.0,493.2,23446.8,500.45,5720,195,148,230432010.25,102,F1,65,,,,,,9620
2026-09-23,2026-09-23,FO,NSE,IDO,64361,,NIFTY,,2026-11-23,2026-11-23,23400.0,CE,NIFTY26NOV23400CE,520.25,550.45,504.5,531.75,531.75,520.3,23446.8,531.75,36010,4875,398,619046860.25,249,F1,65,,,,,,25870
2026-09-23,2026-09-23,FO,NSE,IDO,64347,,NIFTY,,2026-11-23,2026-11-23,23100.0,CE,NIFTY26NOV23100CE,736.15,739.95,723.75,739.25,739.25,712.85,23446.8,935.16,5720,260,12,18590113.75,11,F1,65,,,,,,780
2026-09-23,2026-09-23,FO,NSE,IDO,64291,,NIFTY,,2026-11-23,2026-11-23,22700.0,CE,NIFTY26NOV22700CE,0.0,0.0,0.0,1059.2,1059.2,1059.2,23446.8,1209.59,195,0,0,0.0,0,F1,65,,,,,,0
2026-09-23,2026-09-23,FO,NSE,IDO,64220,,NIFTY,,2026-11-23,2026-11-23,21700.0,CE,NIFTY26NOV21700CE,0.0,0.0,0.0,2999.2,0.0,2999.2,23446.8,2032.2,0,0,0,0.0,0,F1,65,,,,,,0
2026-09-23,2026-09-23,FO,NSE,IDO,51433,,NIFTY,,2026-10-27,2026-10-27,24850.0,PE,NIFTY26OCT24850PE,1335.65,1335.65,1277.05,1277.05,1277.05,1330.7,23446.8,1277.05,1170,65,2,3400325.5,2,F1,65,,,,,,130
2026-09-23,2026-09-23,FO,NSE,IDO,73833,,NIFTY,,2026-09-29,2026-09-29,21700.0,CE,NIFTY26SEP21700CE,0.0,0.0,0.0,1820.0,1820.0,1820.0,23446.8,1767.98,0,0,0,0.0,0,F1,65,,,,,,0
2026-09-23,2026-09-23,FO,NSE,IDO,64433,,NIFTY,,2026-11-23,2026-11-23,24850.0,CE,NIFTY26NOV24850CE,0.0,0.0,0.0,118.8,118.8,118.8,23446.8,206.77,390,0,0,0.0,0,F1,65,,,,,,0
2026-09-23,2026-09-23,FO,NSE,IDO,74664,,NIFTY,,2031-06-24,2031-06-24,31500.0,PE,NIFTY31JUN31500PE,0.0,0.0,0.0,3185.85,0.0,3185.85,23446.8,3119.74,0,0,0,0.0,0,F1,65,,,,,,0
2026-09-23,2026-09-23,FO,NSE,IDO,55757,,NIFTY,,2030-12-31,2030-12-31,25500.0,PE,NIFTY30DEC25500PE,0.0,0.0,0.0,538.25,0.0,538.25,23446.8,1216.44,0,0,0,0.0,0,F1,65,,,,,,0
2026-09-23,2026-09-23,FO,NSE,IDO,60905,,NIFTY,,2030-06-25,2030-06-25,24000.0,PE,NIFTY30JUN24000PE,0.0,0.0,0.0,698.15,0.0,698.15,23446.8,909.14,0,0,0,0.0,0,F1,65,,,,,,0
2026-09-23,2026-09-23,FO,NSE,IDO,61779,,NIFTY,,2029-12-24,2029-12-24,26000.0,PE,NIFTY29DEC26000PE,0.0,0.0,0.0,1450.0,1450.0,1450.0,23446.8,1535.85,4185,0,0,0.0,0,F1,65,,,,,,0
2026-09-23,2026-09-23,FO,NSE,IDO,61747,,NIFTY,,2029-12-24,2029-12-24,23000.0,PE,NIFTY29DEC23000PE,0.0,0.0,0.0,725.05,725.05,725.05,23446.8,721.26,1560,0,0,0.0,0,F1,65,,,,,,0
2026-09-23,2026-09-23,FO,NSE,IDO,61391,,NIFTY,,2029-12-24,2029-12-24,18000.0,PE,NIFTY29DEC18000PE,0.0,0.0,0.0,96.5,0.0,96.5,23446.8,106.62,0,0,0,0.0,0,F1,65,,,,,,0
2026-09-23,2026-09-23,FO,NSE,IDO,89607,,NIFTY,,2029-06-26,2029-06-26,15000.0,PE,NIFTY29JUN15000PE,0.0,0.0,0.0,30.9,0.0,30.9,23446.8,13.08,0,0,0,0.0,0,F1,65,,,,,,0
2026-09-23,2026-09-23,FO,NSE,IDO,55517,,NIFTY,,2028-12-26,2028-12-26,16500.0,PE,NIFTY28DEC16500PE,0.0,0.0,0.0,5.9,0.0,5.9,23446.8,28.83,0,0,0,0.0,0,F1,65,,,,,,0
2026-09-23,2026-09-23,FO,NSE,IDO,35353,,NIFTY,,2028-06-27,2028-06-27,30000.0,PE,NIFTY28JUN30000PE,0.0,0.0,0.0,3779.25,0.0,3779.25,23446.8,4206.25,0,0,0,0.0,0,F1,65,,,,,,0
2026-09-23,2026-09-23,FO,NSE,IDO,55471,,NIFTY,,2028-06-27,2028-06-27,19500.0,PE,NIFTY28JUN19500PE,0.0,0.0,0.0,40.05,0.0,40.05,23446.8,149.57,0,0,0,0.0,0,F1,65,,,,,,0
2026-09-23,2026-09-23,FO,NSE,IDO,47195,,NIFTY,,2027-12-28,2027-12-28,33000.0,PE,NIFTY27DEC33000PE,0.0,0.0,0.0,4155.55,0.0,4155.55,23446.8,7162.75,0,0,0,0.0,0,F1,65,,,,,,0
2026-09-23,2026-09-23,FO,NSE,IDO,55431,,NIFTY,,2027-12-28,2027-12-28,31500.0,PE,NIFTY27DEC31500PE,0.0,0.0,0.0,3240.0,0.0,3240.0,23446.8,5883.18,0,0,0,0.0,0,F1,65,,,,,,0
2026-09-23,2026-09-23,FO,NSE,IDO,55429,,NIFTY,,2027-12-28,2027-12-28,28500.0,PE,NIFTY27DEC28500PE,0.0,0.0,0.0,2979.7,2979.7,2979.7,23446.8,3544.36,260,0,0,0.0,0,F1,65,,,,,,0
2026-09-23,2026-09-23,FO,NSE,IDO,47191,,NIFTY,,2026-12-29,2026-12-29,33000.0,PE,NIFTY26DEC33000PE,0.0,0.0,0.0,5263.45,0.0,5263.45,23446.8,9002.73,0,0,0,0.0,0,F1,65,,,,,,0
2026-09-23,2026-09-23,FO,NSE,IDO,71502,,NIFTY,,2026-12-29,2026-12-29,24000.0,PE,NIFTY26DEC24000PE,627.95,634.9,570.05,585.4,580.0,628.0,23446.8,585.4,2285035,-2485,4627,7396719885.75,2934,F1,65,,,,,,300755
2026-09-23,2026-09-23,FO,NSE,IDO,58637,,NIFTY,,2026-12-29,2026-12-29,16000.0,PE,NIFTY26DEC16000PE,9.25,10.25,9.05,9.45,9.5,9.7,23446.8,9.45,125055,-195,70,72843511.0,19,F1,65,,,,,,4550
2026-09-23,2026-09-23,FO,NSE,IDO,58635,,NIFTY,,2026-12-29,2026-12-29,15000.0,PE,NIFTY26DEC15000PE,9.0,9.0,8.05,8.75,8.75,9.0,23446.8,0.0,136290,2405,94,91702533.0,19,F1,65,,,,,,6110
2026-09-23,2026-09-23,FO,NSE,IDO,64424,,NIFTY,,2026-11-23,2026-11-23,24650.0,PE,NIFTY26NOV24650PE,1075.1,1075.1,1018.5,1018.5,1018.5,1050.0,23446.8,1018.5,195,-715,17,28376000.25,7,F1,65,,,,,,1105
2026-09-23,2026-09-23,FO,NSE,IDO,64416,,NIFTY,,2026-11-23,2026-11-23,24450.0,PE,NIFTY26NOV24450PE,909.35,909.35,903.2,903.2,903.2,878.7,23446.8,1055.24,1495,-65,2,3296315.75,2,F1,65,,,,,,130
2026-09-23,2026-09-23,FO,NSE,IDO,64400,,NIFTY,,2026-11-23,2026-11-23,24050.0,PE,NIFTY26NOV24050PE,589.15,589.15,589.15,589.15,589.15,642.95,23446.8,797.29,1105,0,1,1601544.75,1,F1,65,,,,,,65
2026-09-23,2026-09-23,FO,NSE,IDO,64376,,NIFTY,,2026-11-23,2026-11-23,23550.0,PE,NIFTY26NOV23550PE,369.3,369.3,323.65,334.2,334.2,380.05,23446.8,334.2,17095,0,22,34161611.25,8,F1,65,,,,,,1430
2026-09-23,2026-09-23,FO,NSE,IDO,64290,,NIFTY,,2026-11-23,2026-11-23,22650.0,PE,NIFTY26NOV22650PE,0.0,0.0,0.0,155.7,155.7,155.7,23446.8,210.38,4420,0,0,0.0,0,F1,65,,,,,,0
2026-09-23,2026-09-23,FO,NSE,IDO,64275,,NIFTY,,2026-11-23,2026-11-23,22400.0,PE,NIFTY26NOV22400PE,93.3,93.8,75.85,80.75,80.05,94.6,23446.8,80.75,46475,11375,674,984917729.25,515,F1,65,,,,,,43810
2026-09-23,2026-09-23,FO,NSE,IDO,64228,,NIFTY,,2026-11-23,2026-11-23,21800.0,PE,NIFTY26NOV21800PE,48.0,50.85,38.15,41.0,41.0,51.85,23446.8,41.0,11765,260,53,75243785.5,44,F1,65,,,,,,3445
2026-09-23,2026-09-23,FO,NSE,IDO,64217,,NIFTY,,2026-11-23,2026-11-23,21600.0,PE,NIFTY26NOV21600PE,35.05,35.05,34.35,34.35,34.35,45.0,23446.8,34.35,2470,-65,2,2812511.0,2,F1,65,,,,,,130
2026-09-23,2026-09-23,FO,NSE,IDO,54375,,NIFTY,,2026-11-03,2026-11-03,25050.0,PE,NIFTY26N0325050PE,0.0,0.0,0.0,1622.0,0.0,1622.0,23446.8,1510.12,0,0,0,0.0,0,F1,65,,,,,,0
2026-09-23,2026-09-23,FO,NSE,IDO,54273,,NIFTY,,2026-11-03,2026-11-03,24800.0,PE,NIFTY26N0324800PE,0.0,0.0,0.0,1405.5,0.0,1405.5,23446.8,1298.43,0,0,0,0.0,0,F1,65,,,,,,0
2026-09-23,2026-09-23,FO,NSE,IDO,51537,,NIFTY,,2026-10-27,2026-10-27,27100.0,PE,NIFTY26OCT27100PE,0.0,0.0,0.0,3650.0,3650.0,3650.0,23446.8,3494.55,65,0,0,0.0,0,F1,65,,,,,,0
2026-09-23,2026-09-23,FO,NSE,IDO,64387,,NIFTY,,2026-11-23,2026-11-23,23800.0,CE,NIFTY26NOV23800CE,300.05,322.6,288.5,309.0,310.6,303.6,23446.8,309.0,114270,7410,584,915111210.0,358,F1,65,,,,,,37960
2026-09-23,2026-09-23,FO,NSE,IDO,55332,,NIFTY,,2026-12-29,2026-12-29,31500.0,CE,NIFTY26DEC31500CE,4.2,4.2,4.2,4.2,4.2,4.8,23446.8,0.17,32890,-65,1,2047773.0,1,F1,65,,,,,,65
2026-09-23,2026-09-23,FO,NSE,IDO,80272,,NIFTY,,2027-03-30,2027-03-30,24000.0,CE,NIFTY27MAR24000CE,818.0,841.0,804.0,828.4,833.7,814.3,23446.8,828.4,509080,17290,977,1576468182.25,843,F1,65,,,,,,63505
2026-09-23,2026-09-23,FO,NSE,IDO,73899,,NIFTY,,2026-09-29,2026-09-29,22900.0,CE,NIFTY26SEP22900CE,522.0,596.75,487.55,563.05,565.9,507.1,23446.8,563.05,148720,30095,4279,6517578444.0,2835,F1,65,,,,,,278135
2026-09-23,2026-09-23,FO,NSE,IDO,64373,,NIFTY,,2026-11-23,2026-11-23,23500.0,CE,NIFTY26NOV23500CE,450.95,488.45,437.7,469.6,474.0,457.8,23446.8,469.6,419055,73255,2658,4140794810.75,2078,F1,65,,,,,,172770
2026-09-23,2026-09-23,FO,NSE,IDO,74442,,NIFTY,,2026-09-29,2026-09-29,26100.0,CE,NIFTY26SEP26100CE,0.8,1.0,0.6,0.7,0.6,0.75,23446.8,0.7,26195,13975,1366,2317481260.25,933,F1,65,,,,,,88790
2026-09-23,2026-09-23,FO,NSE,IDO,65906,,NIFTY,,2026-09-29,2026-09-29,27000.0,CE,NIFTY26SEP27000CE,0.65,0.7,0.45,0.55,0.45,0.6,23446.8,0.55,1705600,55835,16248,28515837769.25,5510,F1,65,,,,,,1056120
2026-09-23,2026-09-23,FO,NSE,IDO,73884,,NIFTY,,2026-09-29,2026-09-29,22450.0,PE,NIFTY26SEP22450PE,4.2,4.35,3.3,3.6,3.6,4.55,23446.8,3.6,551850,98215,132484,193360666495.75,31288,F1,65,,,,,,8611460
2026-09-23,2026-09-23,FO,NSE,IDO,40891,,NIFTY,,2026-10-06,2026-10-06,25600.0,PE,NIFTY26O0625600PE,0.0,0.0,0.0,1475.75,0.0,1475.75,23446.8,2099.51,0,0,0,0.0,0,F1,65,,,,,,0
2026-09-23,2026-09-23,FO,NSE,IDO,44797,,NIFTY,,2026-10-13,2026-10-13,25350.0,PE,NIFTY26O1325350PE,0.0,0.0,0.0,1628.0,0.0,1628.0,23446.8,1827.88,0,0,0,0.0,0,F1,65,,,,,,0
2026-09-23,2026-09-23,FO,NSE,IDO,47105,,NIFTY,,2026-10-19,2026-10-19,21800.0,PE,NIFTY26O1921800PE,10.95,11.5,10.1,11.5,11.5,13.55,23446.8,11.5,3770,715,16,22682871.25,6,F1,65,,,,,,1040
2026-09-23,2026-09-23,FO,NSE,IDO,40665,,NIFTY,,2026-10-06,2026-10-06,21950.0,CE,NIFTY26O0621950CE,0.0,0.0,0.0,2243.55,0.0,2243.55,23446.8,1545.73,0,0,0,0.0,0,F1,65,,,,,,0
2026-09-23,2026-09-23,FO,NSE,IDO,40827,,NIFTY,,2026-10-06,2026-10-06,24550.0,CE,NIFTY26O0624550CE,3.4,4.0,2.55,3.05,4.0,4.95,23446.8,3.05,19110,16445,603,962359498.75,391,F1,65,,,,,,39195
2026-09-23,2026-09-23,FO,NSE,IDO,40883,,NIFTY,,2026-10-06,2026-10-06,25450.0,CE,NIFTY26O0625450CE,1.2,2.0,0.9,2.0,2.0,1.8,23446.8,2.0,1365,650,43,71136172.25,9,F1,65,,,,,,2795
2026-09-23,2026-09-23,FO,NSE,IDO,64471,,NIFTY,,2026-11-23,2026-11-23,25450.0,PE,NIFTY26NOV25450PE,0.0,0.0,0.0,1217.0,0.0,1217.0,23446.8,1840.89,0,0,0,0.0,0,F1,65,,,,,,0
2026-09-23,2026-09-23,FO,NSE,IDO,47144,,NIFTY,,2026-10-19,2026-10-19,22700.0,PE,NIFTY26O1922700PE,57.1,57.15,40.9,44.6,45.0,57.0,23446.8,44.6,10660,9815,334,493803098.75,211,F1,65,,,,,,21710
2026-09-23,2026-09-23,FO,NSE,IDO,64356,,NIFTY,,2026-11-23,2026-11-23,23250.0,PE,NIFTY26NOV23250PE,258.05,258.05,224.2,231.4,231.35,271.95,23446.8,231.4,128180,-650,98,149610415.5,68,F1,65,,,,,,6370
2026-09-23,2026-09-23,FO,NSE,IDO,51282,,NIFTY,,2026-10-27,2026-10-27,21400.0,CE,NIFTY26OCT21400CE,2050.0,2050.0,2050.0,2050.0,2050.0,2000.0,23446.8,2181.19,195,130,2,3048500.0,1,F1,65,,,,,,130
2026-09-23,2026-09-23,FO,NSE,IDO,44564,,NIFTY,,2026-10-13,2026-10-13,21800.0,CE,NIFTY26O1321800CE,0.0,0.0,0.0,1974.5,0.0,1974.5,23446.8,1723.6,0,0,0,0.0,0,F1,65,,,,,,0
2026-09-23,2026-09-23,FO,NSE,IDO,44620,,NIFTY,,2026-10-13,2026-10-13,22700.0,CE,NIFTY26O1322700CE,865.2,865.2,826.9,826.9,826.9,1169.65,23446.8,826.9,2080,2080,34,52074291.75,11,F1,65,,,,,,2210
2026-09-23,2026-09-23,FO,NSE,IDO,44596,,NIFTY,,2026-10-13,2026-10-13,22250.0,CE,NIFTY26O1322250CE,0.0,0.0,0.0,1556.55,0.0,1556.55,23446.8,1293.27,0,0,0,0.0,0,F1,65,,,,,,0
2026-09-23,2026-09-23,FO,NSE,IDO,40881,,NIFTY,,2026-10-06,2026-10-06,25400.0,CE,NIFTY26O0625400CE,1.4,1.55,1.0,1.35,1.55,1.65,23446.8,1.35,9100,5460,293,483767469.25,100,F1,65,,,,,,19045
2026-09-23,2026-09-23,FO,NSE,IDO,40789,,NIFTY,,2026-10-06,2026-10-06,23900.0,CE,NIFTY26O0623900CE,23.95,31.7,21.65,24.0,24.35,27.8,23446.8,24.0,716170,224315,29003,45105183630.0,18897,F1,65,,,,,,1885195
2026-09-23,2026-09-23,FO,NSE,IDO,40751,,NIFTY,,2026-10-06,2026-10-06,23300.0,CE,NIFTY26O0623300CE,213.0,292.0,213.0,265.8,268.0,243.65,23446.8,265.8,467610,156715,24440,37431773314.0,16044,F1,65,,,,,,1588600
2026-09-23,2026-09-23,FO,NSE,IDO,40704,,NIFTY,,2026-10-06,2026-10-06,22650.0,CE,NIFTY26O0622650CE,0.0,0.0,0.0,1586.8,0.0,1586.8,23446.8,880.49,0,0,0,0.0,0,F1,65,,,,,,0
2026-09-23,2026-09-23,FO,NSE,IDO,40677,,NIFTY,,2026-10-06,2026-10-06,22250.0,CE,NIFTY26O0622250CE,0.0,0.0,0.0,1956.3,0.0,1956.3,23446.8,1252.73,0,0,0,0.0,0,F1,65,,,,,,0
2026-09-23,2026-09-23,FO,NSE,IDO,74501,,NIFTY,,2026-09-29,2026-09-29,27050.0,CE,NIFTY26SEP27050CE,0.65,0.8,0.4,0.5,0.45,0.45,23446.8,0.5,14495,3575,1239,2178516479.75,872,F1,65,,,,,,80535
2026-09-23,2026-09-23,FO,NSE,IDO,74463,,NIFTY,,2026-09-29,2026-09-29,26150.0,CE,NIFTY26SEP26150CE,0.8,0.85,0.55,0.65,0.7,0.75,23446.8,0.65,13845,5330,816,1387032013.25,355,F1,65,,,,,,53040
2026-09-23,2026-09-23,FO,NSE,IDO,74368,,NIFTY,,2026-09-29,2026-09-29,25100.0,CE,NIFTY26SEP25100CE,0.95,1.3,0.7,0.8,0.75,1.2,23446.8,0.8,1297400,297570,40768,66515392310.25,9811,F1,65,,,,,,2649920
2026-09-23,2026-09-23,FO,NSE,IDO,74045,,NIFTY,,2026-09-29,2026-09-29,23800.0,CE,NIFTY26SEP23800CE,13.8,18.7,10.2,11.75,11.9,15.35,23446.8,11.75,8173815,1809860,860109,1331344433633.5,223235,F1,65,,,,,,55907085
2026-09-23,2026-09-23,FO,NSE,IDO,73995,,NIFTY,,2026-09-29,2026-09-29,23550.0,CE,NIFTY26SEP23550CE,56.5,85.45,49.35,61.6,61.75,60.8,23446.8,61.6,4034875,2491710,1171130,1797734769662.0,516985,F1,65,,,,,,76123450
2026-09-23,2026-09-23,FO,NSE,IDO,73921,,NIFTY,,2026-09-29,2026-09-29,23250.0,CE,NIFTY26SEP23250CE,207.0,277.9,195.7,242.25,245.0,211.3,23446.8,242.25,990925,10335,158538,242004625239.0,112366,F1,65,,,,,,10304970
2026-09-23,2026-09-23,FO,NSE,IDO,73881,,NIFTY,,2026-09-29,2026-09-29,22400.0,CE,NIFTY26SEP22400CE,0.0,0.0,0.0,981.75,981.75,981.75,23446.8,1070.31,715,0,0,0.0,0,F1,65,,,,,,0
2026-09-23,2026-09-23,FO,NSE,IDO,73875,,NIFTY,,2026-09-29,2026-09-29,22250.0,CE,NIFTY26SEP22250CE,0.0,0.0,0.0,1180.0,1180.0,1180.0,23446.8,1219.1,325,0,0,0.0,0,F1,65,,,,,,0
2026-09-23,2026-09-23,FO,NSE,IDO,73871,,NIFTY,,2026-09-29,2026-09-29,22150.0,CE,NIFTY26SEP22150CE,0.0,0.0,0.0,1250.0,1250.0,1250.0,23446.8,1318.7,455,0,0,0.0,0,F1,65,,,,,,0
2026-09-23,2026-09-23,FO,NSE,IDO,71504,,NIFTY,,2026-12-29,2026-12-29,25000.0,PE,NIFTY26DEC25000PE,1300.0,1317.0,1235.0,1260.25,1245.4,1307.05,23446.8,1260.25,2119010,-2425,870,1485431307.75,621,F1,65,,,,,,56550
2026-09-23,2026-09-23,FO,NSE,IDO,55470,,NIFTY,,2028-06-27,2028-06-27,19500.0,CE,NIFTY28JUN19500CE,0.0,0.0,0.0,9209.1,0.0,9209.1,23446.8,6154.0,0,0,0,0.0,0,F1,65,,,,,,0
2026-09-23,2026-09-23,FO,NSE,IDO,89612,,NIFTY,,2029-06-26,2029-06-26,18000.0,CE,NIFTY29JUN18000CE,0.0,0.0,0.0,11678.65,0.0,11678.65,23446.8,8425.64,0,0,0,0.0,0,F1,65,,,,,,0
2026-09-23,2026-09-23,FO,NSE,IDO,89624,,NIFTY,,2029-06-26,2029-06-26,21000.0,CE,NIFTY29JUN21000CE,0.0,0.0,0.0,9799.75,0.0,9799.75,23446.8,6183.28,0,0,0,0.0,0,F1,65,,,,,,0
2026-09-23,2026-09-23,FO,NSE,IDO,89648,,NIFTY,,2029-06-26,2029-06-26,33000.0,CE,NIFTY29JUN33000CE,0.0,0.0,0.0,4179.45,0.0,4179.45,23446.8,1050.63,0,0,0,0.0,0,F1,65,,,,,,0
2026-09-23,2026-09-23,FO,NSE,IDO,55598,,NIFTY,,2029-12-24,2029-12-24,16500.0,CE,NIFTY29DEC16500CE,0.0,0.0,0.0,12984.85,0.0,12984.85,23446.8,10066.02,0,0,0,0.0,0,F1,65,,,,,,0
2026-09-23,2026-09-23,FO,NSE,IDO,55606,,NIFTY,,2029-12-24,2029-12-24,28500.0,CE,NIFTY29DEC28500CE,0.0,0.0,0.0,4802.1,0.0,4802.1,23446.8,2761.47,0,0,0,0.0,0,F1,65,,,,,,0
2026-09-23,2026-09-23,FO,NSE,IDO,44762,,NIFTY,,2026-10-13,2026-10-13,24700.0,CE,NIFTY26O1324700CE,0.0,0.0,0.0,148.1,0.0,148.1,23446.8,38.34,0,0,0,0.0,0,F1,65,,,,,,0
2026-09-23,2026-09-23,FO,NSE,IDO,44776,,NIFTY,,2026-10-13,2026-10-13,24950.0,CE,NIFTY26O1324950CE,4.5,4.65,4.0,4.5,4.65,5.25,23446.8,4.5,7865,3185,105,170312229.75,45,F1,65,,,,,,6825
2026-09-23,2026-09-23,FO,NSE,IDO,47125,,NIFTY,,2026-10-19,2026-10-19,22300.0,CE,NIFTY26O1922300CE,0.0,0.0,0.0,1060.25,0.0,1060.25,23446.8,1285.28,0,0,0,0.0,0,F1,65,,,,,,0
2026-09-23,2026-09-23,FO,NSE,IDO,47127,,NIFTY,,2026-10-19,2026-10-19,22350.0,CE,NIFTY26O1922350CE,0.0,0.0,0.0,1020.95,0.0,1020.95,23446.8,1240.79,0,0,0,0.0,0,F1,65,,,,,,0
2026-09-23,2026-09-23,FO,NSE,IDO,47175,,NIFTY,,2026-10-19,2026-10-19,23300.0,CE,NIFTY26O1923300CE,365.0,394.9,340.4,376.7,377.3,363.1,23446.8,376.7,4550,-2145,148,227680202.75,116,F1,65,,,,,,9620
2026-09-23,2026-09-23,FO,NSE,IDO,47204,,NIFTY,,2026-10-19,2026-10-19,23750.0,CE,NIFTY26O1923750CE,0.0,0.0,0.0,245.05,0.0,245.05,23446.8,301.35,0,0,0,0.0,0,F1,65,,,,,,0
2026-09-23,2026-09-23,FO,NSE,IDO,47221,,NIFTY,,2026-10-19,2026-10-19,24100.0,CE,NIFTY26O1924100CE,48.75,50.5,39.0,43.7,42.2,49.5,23446.8,43.7,18850,5265,388,608940426.25,241,F1,65,,,,,,25220
2026-09-23,2026-09-23,FO,NSE,IDO,47229,,NIFTY,,2026-10-19,2026-10-19,24150.0,CE,NIFTY26O1924150CE,40.25,42.0,34.85,36.1,34.9,40.25,23446.8,36.1,3120,2665,76,119489555.25,55,F1,65,,,,,,4940
2026-09-23,2026-09-23,FO,NSE,IDO,47410,,NIFTY,,2026-10-19,2026-10-19,24850.0,CE,NIFTY26O1924850CE,10.15,10.15,6.8,8.45,7.15,9.65,23446.8,8.45,2275,1755,59,95330725.75,42,F1,65,,,,,,3835
2026-09-23,2026-09-23,FO,NSE,IDO,51290,,NIFTY,,2026-10-27,2026-10-27,21600.0,CE,NIFTY26OCT21600CE,0.0,0.0,0.0,2774.55,0.0,2774.55,23446.8,1988.1,0,0,0,0.0,0,F1,65,,,,,,0
2026-09-23,2026-09-23,FO,NSE,IDO,60886,,NIFTY,,2030-06-25,2030-06-25,15000.0,CE,NIFTY30JUN15000CE,0.0,0.0,0.0,14543.9,0.0,14543.9,23446.8,11642.79,0,0,0,0.0,0,F1,65,,,,,,0
2026-09-23,2026-09-23,FO,NSE,IDO,60892,,NIFTY,,2030-06-25,2030-06-25,18000.0,CE,NIFTY30JUN18000CE,0.0,0.0,0.0,12423.9,0.0,12423.9,23446.8,9371.29,0,0,0,0.0,0,F1,65,,,,,,0
2026-09-23,2026-09-23,FO,NSE,IDO,55650,,NIFTY,,2030-06-25,2030-06-25,31500.0,CE,NIFTY30JUN31500CE,0.0,0.0,0.0,3984.8,0.0,3984.8,23446.8,2284.17,0,0,0,0.0,0,F1,65,,,,,,0
2026-09-23,2026-09-23,FO,NSE,IDO,55694,,NIFTY,,2030-12-31,2030-12-31,15000.0,CE,NIFTY30DEC15000CE,0.0,0.0,0.0,14862.95,0.0,14862.95,23446.8,12027.91,0,0,0,0.0,0,F1,65,,,,,,0
2026-09-23,2026-09-23,FO,NSE,IDO,55696,,NIFTY,,2030-12-31,2030-12-31,16500.0,CE,NIFTY30DEC16500CE,0.0,0.0,0.0,13763.55,0.0,13763.55,23446.8,10917.57,0,0,0,0.0,0,F1,65,,,,,,0
2026-09-23,2026-09-23,FO,NSE,IDO,55760,,NIFTY,,2030-12-31,2030-12-31,28500.0,CE,NIFTY30DEC28500CE,0.0,0.0,0.0,5968.3,0.0,5968.3,23446.8,3848.88,0,0,0,0.0,0,F1,65,,,,,,0
2026-09-23,2026-09-23,FO,NSE,IDO,74661,,NIFTY,,2031-06-24,2031-06-24,31500.0,CE,NIFTY31JUN31500CE,0.0,0.0,0.0,3928.35,0.0,3928.35,23446.8,3251.57,0,0,0,0.0,0,F1,65,,,,,,0
2026-09-23,2026-09-23,FO,NSE,IDO,65888,,NIFTY,,2026-09-29,2026-09-29,18000.0,PE,NIFTY26SEP18000PE,0.45,0.55,0.4,0.45,0.4,0.45,23446.8,0.45,806260,-2405,6411,7501064151.75,2367,F1,65,,,,,,416715
2026-09-23,2026-09-23,FO,NSE,IDO,73924,,NIFTY,,2026-09-29,2026-09-29,23300.0,PE,NIFTY26SEP23300PE,84.9,92.3,47.2,52.6,47.65,89.45,23446.8,52.6,9210500,2287155,1757172,2668740988741.75,662460,F1,65,,,,,,114216180
2026-09-23,2026-09-23,FO,NSE,IDO,74055,,NIFTY,,2026-09-29,2026-09-29,23850.0,PE,NIFTY26SEP23850PE,460.4,481.3,373.9,404.8,397.1,472.8,23446.8,404.8,133900,11310,3215,5069877029.75,2508,F1,65,,,,,,208975
2026-09-23,2026-09-23,FO,NSE,IDO,74113,,NIFTY,,2026-09-29,2026-09-29,24350.0,PE,NIFTY26SEP24350PE,940.0,962.3,870.0,909.0,909.0,969.85,23446.8,885.93,303810,-2535,53,86992408.75,39,F1,65,,,,,,3445
2026-09-23,2026-09-23,FO,NSE,IDO,74371,,NIFTY,,2026-09-29,2026-09-29,25150.0,PE,NIFTY26SEP25150PE,1700.0,1700.0,1700.0,1700.0,1700.0,1724.95,23446.8,1700.0,1690,325,5,8726250.0,1,F1,65,,,,,,325
2026-09-23,2026-09-23,FO,NSE,IDO,74390,,NIFTY,,2026-09-29,2026-09-29,25350.0,PE,NIFTY26SEP25350PE,0.0,0.0,0.0,850.0,850.0,850.0,23446.8,1878.47,1040,0,0,0.0,0,F1,65,,,,,,0
2026-09-23,2026-09-23,FO,NSE,IDO,74490,,NIFTY,,2026-09-29,2026-09-29,26700.0,PE,NIFTY26SEP26700PE,0.0,0.0,0.0,2560.85,0.0,2560.85,23446.8,3227.14,0,0,0,0.0,0,F1,65,,,,,,0
2026-09-23,2026-09-23,FO,NSE,IDO,40644,,NIFTY,,2026-10-06,2026-10-06,21450.0,PE,NIFTY26O0621450PE,3.95,4.35,3.6,4.05,4.35,4.2,23446.8,4.05,4095,2080,36,50202392.5,31,F1,65,,,,,,2340
2026-09-23,2026-09-23,FO,NSE,IDO,40672,,NIFTY,,2026-10-06,2026-10-06,22100.0,PE,NIFTY26O0622100PE,6.45,11.15,5.25,6.0,5.5,6.85,23446.8,6.0,102765,23010,4302,6181435806.0,2829,F1,65,,,,,,279630
2026-09-23,2026-09-23,FO,NSE,IDO,40714,,NIFTY,,2026-10-06,2026-10-06,22750.0,PE,NIFTY26O0622750PE,24.35,25.1,15.7,16.65,15.85,25.85,23446.8,16.65,105820,65650,4927,7291665660.5,3245,F1,65,,,,,,320255
2026-09-23,2026-09-23,FO,NSE,IDO,40742,,NIFTY,,2026-10-06,2026-10-06,23100.0,PE,NIFTY26O0623100PE,65.65,71.75,43.55,46.65,43.55,69.5,23446.8,46.65,575510,173615,25969,39081523393.25,15613,F1,65,,,,,,1687985
2026-09-23,2026-09-23,FO,NSE,IDO,40750,,NIFTY,,2026-10-06,2026-10-06,23250.0,PE,NIFTY26O0623250PE,104.25,111.3,72.35,75.9,73.15,109.4,23446.8,75.9,155350,72020,12476,18923478392.0,7391,F1,65,,,,,,810940
2026-09-23,2026-09-23,FO,NSE,IDO,40780,,NIFTY,,2026-10-06,2026-10-06,23750.0,PE,NIFTY26O0623750PE,382.9,389.55,303.55,320.05,317.75,375.4,23446.8,320.05,16575,3315,695,1087854384.5,378,F1,65,,,,,,45175
2026-09-23,2026-09-23,FO,NSE,IDO,40810,,NIFTY,,2026-10-06,2026-10-06,24150.0,PE,NIFTY26O0624150PE,0.0,0.0,0.0,455.15,0.0,455.15,23446.8,720.18,0,0,0,0.0,0,F1,65,,,,,,0
2026-09-23,2026-09-23,FO,NSE,IDO,40826,,NIFTY,,2026-10-06,2026-10-06,24500.0,PE,NIFTY26O0624500PE,1065.0,1082.7,995.3,1020.0,1020.0,1083.45,23446.8,1020.0,15860,2080,46,76326025.75,40,F1,65,,,,,,2990
2026-09-23,2026-09-23,FO,NSE,IDO,40864,,NIFTY,,2026-10-06,2026-10-06,24950.0,PE,NIFTY26O0624950PE,1518.95,1518.95,1475.85,1475.85,1475.85,1580.7,23446.8,1456.26,65,0,2,3438162.0,2,F1,65,,,,,,130
2026-09-23,2026-09-23,FO,NSE,IDO,40897,,NIFTY,,2026-10-06,2026-10-06,25700.0,PE,NIFTY26O0625700PE,0.0,0.0,0.0,1563.65,0.0,1563.65,23446.8,2199.15,0,0,0,0.0,0,F1,65,,,,,,0
2026-09-23,2026-09-23,FO,NSE,IDO,44569,,NIFTY,,2026-10-13,2026-10-13,21900.0,PE,NIFTY26O1321900PE,0.0,0.0,0.0,25.0,25.0,25.0,23446.8,8.33,195,0,0,0.0,0,F1,65,,,,,,0
2026-09-23,2026-09-23,FO,NSE,IDO,44581,,NIFTY,,2026-10-13,2026-10-13,22000.0,PE,NIFTY26O1322000PE,11.35,11.35,8.9,9.75,9.75,11.8,23446.8,9.75,88530,12155,2211,3163144227.75,1027,F1,65,,,,,,143715
2026-09-23,2026-09-23,FO,NSE,IDO,44591,,NIFTY,,2026-10-13,2026-10-13,22150.0,PE,NIFTY26O1322150PE,11.6,11.6,9.3,10.25,11.2,15.05,23446.8,10.25,4290,0,12,17285528.0,7,F1,65,,,,,,780
2026-09-23,2026-09-23,FO,NSE,IDO,64475,,NIFTY,,2026-11-23,2026-11-23,25550.0,CE,NIFTY26NOV25550CE,0.0,0.0,0.0,446.95,0.0,446.95,23446.8,93.56,0,0,0,0.0,0,F1,65,,,,,,0
2026-09-23,2026-09-23,FO,NSE,IDO,58636,,NIFTY,,2026-12-29,2026-12-29,16000.0,CE,NIFTY26DEC16000CE,0.0,0.0,0.0,8500.0,8500.0,8500.0,23446.8,7713.7,260,0,0,0.0,0,F1,65,,,,,,0
2026-09-23,2026-09-23,FO,NSE,IDO,55326,,NIFTY,,2026-12-29,2026-12-29,22500.0,CE,NIFTY26DEC22500CE,1396.6,1442.35,1373.95,1411.75,1419.3,1379.6,23446.8,1411.75,390065,1430,72,111892855.75,59,F1,65,,,,,,4680
2026-09-23,2026-09-23,FO,NSE,IDO,55376,,NIFTY,,2027-06-29,2027-06-29,25500.0,CE,NIFTY27JUN25500CE,527.0,530.0,527.0,527.0,527.0,590.0,23446.8,928.49,1235,260,7,11842551.5,7,F1,65,,,,,,455
2026-09-23,2026-09-23,FO,NSE,IDO,47192,,NIFTY,,2027-06-29,2027-06-29,33000.0,CE,NIFTY27JUN33000CE,0.0,0.0,0.0,1122.75,0.0,1122.75,23446.8,22.18,0,0,0,0.0,0,F1,65,,,,,,0
2026-09-23,2026-09-23,FO,NSE,IDO,47194,,NIFTY,,2027-12-28,2027-12-28,33000.0,CE,NIFTY27DEC33000CE,60.5,70.0,56.0,66.0,66.0,67.05,23446.8,66.0,8515,65,11,23641312.5,7,F1,65,,,,,,715
2026-09-23,2026-09-23,FO,NSE,IDO,44649,,NIFTY,,2026-10-13,2026-10-13,23150.0,PE,NIFTY26O1323150PE,111.65,114.5,82.4,86.2,83.55,114.5,23446.8,86.2,10920,4095,412,622489214.75,318,F1,65,,,,,,26780
2026-09-23,2026-09-23,FO,NSE,IDO,44715,,NIFTY,,2026-10-13,2026-10-13,24000.0,PE,NIFTY26O1324000PE,576.0,600.0,508.0,530.3,529.9,584.75,23446.8,530.3,5265,1430,86,137226280.75,56,F1,65,,,,,,5590
2026-09-23,2026-09-23,FO,NSE,IDO,44721,,NIFTY,,2026-10-13,2026-10-13,24100.0,PE,NIFTY26O1324100PE,643.45,653.95,633.7,633.7,633.7,685.0,23446.8,633.7,6565,6110,97,156047521.5,26,F1,65,,,,,,6305
2026-09-23,2026-09-23,FO,NSE,IDO,44729,,NIFTY,,2026-10-13,2026-10-13,24200.0,PE,NIFTY26O1324200PE,749.15,749.15,704.95,704.95,704.95,775.0,23446.8,785.74,715,130,4,6478166.5,3,F1,65,,,,,,260
2026-09-23,2026-09-23,FO,NSE,IDO,44745,,NIFTY,,2026-10-13,2026-10-13,24350.0,PE,NIFTY26O1324350PE,0.0,0.0,0.0,1000.0,1000.0,1000.0,23446.8,906.59,390,0,0,0.0,0,F1,65,,,,,,0
2026-09-23,2026-09-23,FO,NSE,IDO,44755,,NIFTY,,2026-10-13,2026-10-13,24500.0,PE,NIFTY26O1324500PE,1010.0,1010.0,1005.0,1005.0,1005.0,1111.0,23446.8,1033.73,325,260,4,6632275.0,4,F1,65,,,,,,260
2026-09-23,2026-09-23,FO,NSE,IDO,44785,,NIFTY,,2026-10-13,2026-10-13,25150.0,PE,NIFTY26O1325150PE,0.0,0.0,0.0,1450.15,0.0,1450.15,23446.8,1633.81,0,0,0,0.0,0,F1,65,,,,,,0
2026-09-23,2026-09-23,FO,NSE,IDO,47118,,NIFTY,,2026-10-19,2026-10-19,22100.0,PE,NIFTY26O1922100PE,0.0,0.0,0.0,84.4,0.0,84.4,23446.8,27.52,0,0,0,0.0,0,F1,65,,,,,,0
2026-09-23,2026-09-23,FO,NSE,IDO,47126,,NIFTY,,2026-10-19,2026-10-19,22300.0,PE,NIFTY26O1922300PE,19.55,26.3,19.55,22.4,22.4,40.7,23446.8,22.4,7475,7085,187,271330016.75,110,F1,65,,,,,,12155
2026-09-23,2026-09-23,FO,NSE,IDO,47128,,NIFTY,,2026-10-19,2026-10-19,22350.0,PE,NIFTY26O1922350PE,0.0,0.0,0.0,130.25,0.0,130.25,23446.8,49.62,0,0,0,0.0,0,F1,65,,,,,,0
2026-09-23,2026-09-23,FO,NSE,IDO,47166,,NIFTY,,2026-10-19,2026-10-19,23050.0,PE,NIFTY26O1923050PE,0.0,0.0,0.0,355.15,0.0,355.15,23446.8,190.65,0,0,0,0.0,0,F1,65,,,,,,0
2026-09-23,2026-09-23,FO,NSE,IDO,47419,,NIFTY,,2026-10-19,2026-10-19,24950.0,PE,NIFTY26O1924950PE,0.0,0.0,0.0,1732.7,0.0,1732.7,23446.8,1436.94,0,0,0,0.0,0,F1,65,,,,,,0
2026-09-23,2026-09-23,FO,NSE,IDO,51283,,NIFTY,,2026-10-27,2026-10-27,21400.0,PE,NIFTY26OCT21400PE,12.25,14.0,12.1,12.8,13.1,14.3,23446.8,12.8,91585,-9945,1564,2176803014.75,1046,F1,65,,,,,,101660
2026-09-23,2026-09-23,FO,NSE,IDO,51313,,NIFTY,,2026-10-27,2026-10-27,22100.0,PE,NIFTY26OCT22100PE,32.65,32.85,23.8,25.85,25.25,32.85,23446.8,25.85,74750,-31980,2206,3172788160.75,1580,F1,65,,,,,,143390
2026-09-23,2026-09-23,FO,NSE,IDO,51331,,NIFTY,,2026-10-27,2026-10-27,22500.0,PE,NIFTY26OCT22500PE,55.8,59.1,40.65,45.3,44.75,59.0,23446.8,45.3,2450565,516100,39725,58217279919.5,20395,F1,65,,,,,,2582125
2026-09-23,2026-09-23,FO,NSE,IDO,51499,,NIFTY,,2026-10-27,2026-10-27,26200.0,PE,NIFTY26OCT26200PE,2621.0,2621.0,2621.0,2621.0,2621.0,2040.5,23446.8,2605.18,65,65,1,1873365.0,1,F1,65,,,,,,65
2026-09-23,2026-09-23,FO,NSE,IDO,51505,,NIFTY,,2026-10-27,2026-10-27,26350.0,PE,NIFTY26OCT26350PE,0.0,0.0,0.0,2163.0,0.0,2163.0,23446.8,2752.57,0,0,0,0.0,0,F1,65,,,,,,0
2026-09-23,2026-09-23,FO,NSE,IDO,51519,,NIFTY,,2026-10-27,2026-10-27,26700.0,PE,NIFTY26OCT26700PE,0.0,0.0,0.0,3190.0,3190.0,3190.0,23446.8,3098.09,130,0,0,0.0,0,F1,65,,,,,,0
2026-09-23,2026-09-23,FO,NSE,IDO,54061,,NIFTY,,2026-11-03,2026-11-03,23550.0,PE,NIFTY26N0323550PE,0.0,0.0,0.0,528.4,0.0,528.4,23446.8,461.61,0,0,0,0.0,0,F1,65,,,,,,0
2026-09-23,2026-09-23,FO,NSE,IDO,54099,,NIFTY,,2026-11-03,2026-11-03,23700.0,PE,NIFTY26N0323700PE,0.0,0.0,0.0,610.85,0.0,610.85,23446.8,538.07,0,0,0,0.0,0,F1,65,,,,,,0
2026-09-23,2026-09-23,FO,NSE,IDO,64221,,NIFTY,,2026-11-23,2026-11-23,21700.0,PE,NIFTY26NOV21700PE,41.6,44.8,33.5,35.0,36.6,46.05,23446.8,35.0,41015,1690,271,382899738.0,188,F1,65,,,,,,17615
2026-09-23,2026-09-23,FO,NSE,IDO,64378,,NIFTY,,2026-11-23,2026-11-23,23600.0,PE,NIFTY26NOV23600PE,400.4,403.7,343.75,355.85,353.55,406.65,23446.8,355.85,61945,23530,751,1169693300.75,612,F1,65,,,,,,48815
2026-09-23,2026-09-23,FO,NSE,IDO,64440,,NIFTY,,2026-11-23,2026-11-23,25000.0,PE,NIFTY26NOV25000PE,1392.0,1401.75,1316.05,1347.7,1340.0,1406.75,23446.8,1347.7,205335,25610,510,873453509.5,480,F1,65,,,,,,33150
2026-09-23,2026-09-23,FO,NSE,IDO,64442,,NIFTY,,2026-11-23,2026-11-23,25050.0,PE,NIFTY26NOV25050PE,0.0,0.0,0.0,1014.95,1014.95,1014.95,23446.8,1506.33,0,0,0,0.0,0,F1,65,,,,,,0
2026-09-23,2026-09-23,FO,NSE,IDO,64492,,NIFTY,,2026-11-23,2026-11-23,25850.0,PE,NIFTY26NOV25850PE,0.0,0.0,0.0,1490.4,0.0,1490.4,23446.8,2195.54,0,0,0,0.0,0,F1,65,,,,,,0
2026-09-23,2026-09-23,FO,NSE,IDO,64494,,NIFTY,,2026-11-23,2026-11-23,25900.0,PE,NIFTY26NOV25900PE,0.0,0.0,0.0,1526.4,0.0,1526.4,23446.8,2241.01,0,0,0,0.0,0,F1,65,,,,,,0
2026-09-23,2026-09-23,FO,NSE,IDO,55325,,NIFTY,,2026-12-29,2026-12-29,19500.0,PE,NIFTY26DEC19500PE,26.5,26.5,22.15,23.65,24.0,26.5,23446.8,23.65,159510,-14755,616,781719968.25,392,F1,65,,,,,,40040
2026-09-23,2026-09-23,FO,NSE,IDO,55331,,NIFTY,,2026-12-29,2026-12-29,28500.0,PE,NIFTY26DEC28500PE,0.0,0.0,0.0,3320.25,3320.25,3320.25,23446.8,4588.04,130,0,0,0.0,0,F1,65,,,,,,0
2026-09-23,2026-09-23,FO,NSE,IDO,80275,,NIFTY,,2027-03-30,2027-03-30,25500.0,PE,NIFTY27MAR25500PE,1486.0,1530.0,1453.85,1480.85,1483.25,1513.3,23446.8,1480.85,240305,1495,129,226283661.5,118,F1,65,,,,,,8385
2026-09-23,2026-09-23,FO,NSE,IDO,80310,,NIFTY,,2027-03-30,2027-03-30,30000.0,PE,NIFTY27MAR30000PE,0.0,0.0,0.0,5502.05,5502.05,5502.05,23446.8,5624.14,3185,0,0,0.0,0,F1,65,,,,,,0
2026-09-23,2026-09-23,FO,NSE,IDO,80312,,NIFTY,,2027-03-30,2027-03-30,31500.0,PE,NIFTY27MAR31500PE,0.0,0.0,0.0,7066.15,0.0,7066.15,23446.8,7053.04,0,0,0,0.0,0,F1,65,,,,,,0
2026-09-23,2026-09-23,FO,NSE,IDO,71541,,NIFTY,,2027-06-29,2027-06-29,15000.0,PE,NIFTY27JUN15000PE,0.0,0.0,0.0,1173.2,0.0,1173.2,23446.8,0.1,0,0,0,0.0,0,F1,65,,,,,,0
2026-09-23,2026-09-23,FO,NSE,IDO,71561,,NIFTY,,2027-06-29,2027-06-29,24000.0,PE,NIFTY27JUN24000PE,670.0,684.05,670.0,670.0,670.0,685.55,23446.8,1001.13,15795,195,6,9624306.25,6,F1,65,,,,,,390
2026-09-23,2026-09-23,FO,NSE,IDO,55381,,NIFTY,,2027-06-29,2027-06-29,31500.0,PE,NIFTY27JUN31500PE,0.0,0.0,0.0,3604.7,0.0,3604.7,23446.8,6618.41,0,0,0,0.0,0,F1,65,,,,,,0
2026-09-23,2026-09-23,FO,NSE,IDO,53595,,NIFTY,,2027-12-28,2027-12-28,15000.0,PE,NIFTY27DEC15000PE,0.0,0.0,0.0,21.7,21.7,21.7,23446.8,1.32,755,0,0,0.0,0,F1,65,,,,,,0
2026-09-23,2026-09-23,FO,NSE,IDO,53617,,NIFTY,,2027-12-28,2027-12-28,22000.0,PE,NIFTY27DEC22000PE,403.85,410.0,382.2,391.9,391.9,404.5,23446.8,391.9,78980,1560,57,82959006.0,39,F1,65,,,,,,3705
2026-09-23,2026-09-23,FO,NSE,IDO,86146,,NIFTY,,2028-06-27,2028-06-27,21000.0,PE,NIFTY28JUN21000PE,340.0,340.0,340.0,340.0,340.0,290.0,23446.8,324.37,195,-195,3,4161300.0,1,F1,65,,,,,,195
2026-09-23,2026-09-23,FO,NSE,IDO,67771,,NIFTY,,2028-12-26,2028-12-26,18000.0,PE,NIFTY28DEC18000PE,0.0,0.0,0.0,250.0,250.0,250.0,23446.8,78.43,75,0,0,0.0,0,F1,65,,,,,,0
2026-09-23,2026-09-23,FO,NSE,IDO,67785,,NIFTY,,2028-12-26,2028-12-26,25000.0,PE,NIFTY28DEC25000PE,1071.05,1082.0,1071.05,1080.0,1080.0,1160.0,23446.8,1351.25,11650,-195,4,6780351.5,4,F1,65,,,,,,260
2026-09-23,2026-09-23,FO,NSE,IDO,47199,,NIFTY,,2028-12-26,2028-12-26,33000.0,PE,NIFTY28DEC33000PE,0.0,0.0,0.0,3315.4,0.0,3315.4,23446.8,5838.77,0,0,0,0.0,0,F1,65,,,,,,0
2026-09-23,2026-09-23,FO,NSE,IDO,89625,,NIFTY,,2029-06-26,2029-06-26,21000.0,PE,NIFTY29JUN21000PE,0.0,0.0,0.0,320.25,0.0,320.25,23446.8,371.45,0,0,0,0.0,0,F1,65,,,,,,0
2026-09-23,2026-09-23,FO,NSE,IDO,55567,,NIFTY,,2029-06-26,2029-06-26,31500.0,PE,NIFTY29JUN31500PE,0.0,0.0,0.0,2443.35,0.0,2443.35,23446.8,4367.07,0,0,0,0.0,0,F1,65,,,,,,0
2026-09-23,2026-09-23,FO,NSE,IDO,55641,,NIFTY,,2030-06-25,2030-06-25,16500.0,PE,NIFTY30JUN16500PE,0.0,0.0,0.0,12.0,0.0,12.0,23446.8,54.05,0,0,0,0.0,0,F1,65,,,,,,0
2026-09-23,2026-09-23,FO,NSE,IDO,55643,,NIFTY,,2030-06-25,2030-06-25,19500.0,PE,NIFTY30JUN19500PE,0.0,0.0,0.0,64.95,0.0,64.95,23446.8,219.22,0,0,0,0.0,0,F1,65,,,,,,0
2026-09-23,2026-09-23,FO,NSE,IDO,60945,,NIFTY,,2030-06-25,2030-06-25,33000.0,PE,NIFTY30JUN33000PE,0.0,0.0,0.0,3143.9,0.0,3143.9,23446.8,4454.24,0,0,0,0.0,0,F1,65,,,,,,0
2026-09-23,2026-09-23,FO,NSE,IDO,44618,,NIFTY,,2026-10-13,2026-10-13,22650.0,CE,NIFTY26O1322650CE,0.0,0.0,0.0,1210.6,0.0,1210.6,23446.8,937.71,0,0,0,0.0,0,F1,65,,,,,,0
2026-09-23,2026-09-23,FO,NSE,IDO,51310,,NIFTY,,2026-10-27,2026-10-27,22050.0,CE,NIFTY26OCT22050CE,0.0,0.0,0.0,2377.1,0.0,2377.1,23446.8,1566.41,0,0,0,0.0,0,F1,65,,,,,,0
2026-09-23,2026-09-23,FO,NSE,IDO,51352,,NIFTY,,2026-10-27,2026-10-27,23000.0,CE,NIFTY26OCT23000CE,622.25,677.55,600.0,653.9,660.95,622.25,23446.8,653.9,627315,106275,5731,8808081805.25,3717,F1,65,,,,,,372515
2026-09-23,2026-09-23,FO,NSE,IDO,51354,,NIFTY,,2026-10-27,2026-10-27,23050.0,CE,NIFTY26OCT23050CE,591.4,623.2,591.4,623.2,623.2,578.5,23446.8,623.2,1820,0,4,6150209.0,4,F1,65,,,,,,260
2026-09-23,2026-09-23,FO,NSE,IDO,51442,,NIFTY,,2026-10-27,2026-10-27,25050.0,CE,NIFTY26OCT25050CE,11.9,11.9,8.05,8.35,8.35,9.95,23446.8,8.35,175890,46410,2270,3697500716.0,1204,F1,65,,,,,,147550
2026-09-23,2026-09-23,FO,NSE,IDO,51446,,NIFTY,,2026-10-27,2026-10-27,25150.0,CE,NIFTY26OCT25150CE,22.95,22.95,6.5,7.6,6.5,479.95,23446.8,7.6,1300,1300,59,96479370.0,27,F1,65,,,,,,3835
2026-09-23,2026-09-23,FO,NSE,IDO,51476,,NIFTY,,2026-10-27,2026-10-27,25650.0,CE,NIFTY26OCT25650CE,5.4,5.4,3.8,3.9,4.0,5.4,23446.8,3.9,3900,-65,29,48358540.75,14,F1,65,,,,,,1885
2026-09-23,2026-09-23,FO,NSE,IDO,51540,,NIFTY,,2026-10-27,2026-10-27,27200.0,CE,NIFTY26OCT27200CE,1.85,2.1,1.2,1.25,1.25,1.8,23446.8,1.25,33085,1365,110,194491404.25,37,F1,65,,,,,,7150
2026-09-23,2026-09-23,FO,NSE,IDO,53750,,NIFTY,,2026-11-03,2026-11-03,22650.0,CE,NIFTY26N0322650CE,0.0,0.0,0.0,1014.85,0.0,1014.85,23446.8,1105.69,0,0,0,0.0,0,F1,65,,,,,,0
2026-09-23,2026-09-23,FO,NSE,IDO,53782,,NIFTY,,2026-11-03,2026-11-03,22700.0,CE,NIFTY26N0322700CE,0.0,0.0,0.0,978.1,0.0,978.1,23446.8,1067.4,0,0,0,0.0,0,F1,65,,,,,,0
2026-09-23,2026-09-23,FO,NSE,IDO,54046,,NIFTY,,2026-11-03,2026-11-03,23400.0,CE,NIFTY26N0323400CE,0.0,0.0,0.0,541.45,0.0,541.45,23446.8,604.82,0,0,0,0.0,0,F1,65,,,,,,0
2026-09-23,2026-09-23,FO,NSE,IDO,54122,,NIFTY,,2026-11-03,2026-11-03,24250.0,CE,NIFTY26N0324250CE,0.0,0.0,0.0,214.4,0.0,214.4,23446.8,246.42,0,0,0,0.0,0,F1,65,,,,,,0
2026-09-23,2026-09-23,FO,NSE,IDO,54127,,NIFTY,,2026-11-03,2026-11-03,24350.0,PE,NIFTY26N0324350PE,0.0,0.0,0.0,1045.45,0.0,1045.45,23446.8,948.84,0,0,0,0.0,0,F1,65,,,,,,0
2026-09-23,2026-09-23,FO,NSE,IDO,54107,,NIFTY,,2026-11-03,2026-11-03,23900.0,PE,NIFTY26N0323900PE,0.0,0.0,0.0,731.5,0.0,731.5,23446.8,651.14,0,0,0,0.0,0,F1,65,,,,,,0
2026-09-23,2026-09-23,FO,NSE,IDO,51529,,NIFTY,,2026-10-27,2026-10-27,26950.0,PE,NIFTY26OCT26950PE,0.0,0.0,0.0,2675.85,0.0,2675.85,23446.8,3345.75,0,0,0,0.0,0,F1,65,,,,,,0
2026-09-23,2026-09-23,FO,NSE,IDO,51469,,NIFTY,,2026-10-27,2026-10-27,25500.0,PE,NIFTY26OCT25500PE,1961.4,1996.75,1892.5,1924.35,1916.85,1974.85,23446.8,1924.35,613795,148395,2994,5337879001.0,2932,F1,65,,,,,,194610
2026-09-23,2026-09-23,FO,NSE,IDO,51457,,NIFTY,,2026-10-27,2026-10-27,25400.0,PE,NIFTY26OCT25400PE,1840.0,1840.0,1820.0,1820.0,1820.0,1904.35,23446.8,1835.02,1300,195,3,5310500.0,3,F1,65,,,,,,195
2026-09-23,2026-09-23,FO,NSE,IDO,51447,,NIFTY,,2026-10-27,2026-10-27,25150.0,PE,NIFTY26OCT25150PE,1615.85,1615.85,1554.2,1554.2,1554.2,1666.8,23446.8,1554.2,260,0,2,3475553.25,2,F1,65,,,,,,130
2026-09-23,2026-09-23,FO,NSE,IDO,51445,,NIFTY,,2026-10-27,2026-10-27,25100.0,PE,NIFTY26OCT25100PE,1569.25,1603.0,1505.65,1542.0,1542.0,1596.35,23446.8,1559.19,13000,1755,48,83110654.25,42,F1,65,,,,,,3120
2026-09-23,2026-09-23,FO,NSE,IDO,51435,,NIFTY,,2026-10-27,2026-10-27,24900.0,PE,NIFTY26OCT24900PE,0.0,0.0,0.0,1319.7,1319.7,1319.7,23446.8,1381.94,80535,0,0,0.0,0,F1,65,,,,,,0
2026-09-23,2026-09-23,FO,NSE,IDO,51423,,NIFTY,,2026-10-27,2026-10-27,24600.0,PE,NIFTY26OCT24600PE,1095.0,1110.0,1029.65,1052.15,1052.15,1115.25,23446.8,1052.15,98670,2535,138,230162773.75,116,F1,65,,,,,,8970
2026-09-23,2026-09-23,FO,NSE,IDO,51353,,NIFTY,,2026-10-27,2026-10-27,23000.0,PE,NIFTY26OCT23000PE,122.45,136.2,96.25,107.2,104.05,133.6,23446.8,107.2,3609710,989625,52502,78873523956.5,27164,F1,65,,,,,,3412630
2026-09-23,2026-09-23,FO,NSE,IDO,51343,,NIFTY,,2026-10-27,2026-10-27,22750.0,PE,NIFTY26OCT22750PE,80.0,83.3,61.5,68.45,67.35,87.4,23446.8,68.45,41665,5330,934,1385442860.75,630,F1,65,,,,,,60710
2026-09-23,2026-09-23,FO,NSE,IDO,51337,,NIFTY,,2026-10-27,2026-10-27,22600.0,PE,NIFTY26OCT22600PE,66.8,68.25,48.1,52.95,51.6,67.75,23446.8,52.95,277225,-54340,6439,9482171003.5,4062,F1,65,,,,,,418535
2026-09-23,2026-09-23,FO,NSE,IDO,51315,,NIFTY,,2026-10-27,2026-10-27,22150.0,PE,NIFTY26OCT22150PE,33.75,33.75,25.2,27.55,26.55,35.85,23446.8,27.55,27170,-5785,219,315708835.0,151,F1,65,,,,,,14235
2026-09-23,2026-09-23,FO,NSE,IDO,47411,,NIFTY,,2026-10-19,2026-10-19,24850.0,PE,NIFTY26O1924850PE,0.0,0.0,0.0,1640.7,0.0,1640.7,23446.8,1346.18,0,0,0,0.0,0,F1,65,,,,,,0
2026-09-23,2026-09-23,FO,NSE,IDO,47409,,NIFTY,,2026-10-19,2026-10-19,24800.0,PE,NIFTY26O1924800PE,0.0,0.0,0.0,1595.2,0.0,1595.2,23446.8,1301.39,0,0,0,0.0,0,F1,65,,,,,,0
2026-09-23,2026-09-23,FO,NSE,IDO,47391,,NIFTY,,2026-10-19,2026-10-19,24650.0,PE,NIFTY26O1924650PE,0.0,0.0,0.0,1460.6,0.0,1460.6,23446.8,1169.73,0,0,0,0.0,0,F1,65,,,,,,0
2026-09-23,2026-09-23,FO,NSE,IDO,47245,,NIFTY,,2026-10-19,2026-10-19,24400.0,PE,NIFTY26O1924400PE,0.0,0.0,0.0,1244.3,0.0,1244.3,23446.8,961.0,0,0,0,0.0,0,F1,65,,,,,,0
2026-09-23,2026-09-23,FO,NSE,IDO,47176,,NIFTY,,2026-10-19,2026-10-19,23300.0,PE,NIFTY26O1923300PE,181.3,184.0,141.8,147.6,141.8,185.3,23446.8,147.6,7670,-1105,254,387271241.5,192,F1,65,,,,,,16510
2026-09-23,2026-09-23,FO,NSE,IDO,44791,,NIFTY,,2026-10-13,2026-10-13,25250.0,PE,NIFTY26O1325250PE,0.0,0.0,0.0,1538.35,0.0,1538.35,23446.8,1730.51,0,0,0,0.0,0,F1,65,,,,,,0
2026-09-23,2026-09-23,FO,NSE,IDO,44761,,NIFTY,,2026-10-13,2026-10-13,24650.0,PE,NIFTY26O1324650PE,0.0,0.0,0.0,1036.55,0.0,1036.55,23446.8,1166.14,0,0,0,0.0,0,F1,65,,,,,,0
2026-09-23,2026-09-23,FO,NSE,IDO,44749,,NIFTY,,2026-10-13,2026-10-13,24450.0,PE,NIFTY26O1324450PE,0.0,0.0,0.0,886.75,0.0,886.75,23446.8,990.72,0,0,0,0.0,0,F1,65,,,,,,0
2026-09-23,2026-09-23,FO,NSE,IDO,44711,,NIFTY,,2026-10-13,2026-10-13,23950.0,PE,NIFTY26O1323950PE,0.0,0.0,0.0,563.2,0.0,563.2,23446.8,600.99,0,0,0,0.0,0,F1,65,,,,,,0
2026-09-23,2026-09-23,FO,NSE,IDO,44699,,NIFTY,,2026-10-13,2026-10-13,23850.0,PE,NIFTY26O1323850PE,452.25,463.3,398.1,407.0,407.0,525.1,23446.8,407.0,2405,780,57,89942814.0,56,F1,65,,,,,,3705
2026-09-23,2026-09-23,FO,NSE,IDO,44697,,NIFTY,,2026-10-13,2026-10-13,23800.0,PE,NIFTY26O1323800PE,442.8,442.8,360.0,375.25,375.8,444.8,23446.8,375.25,9945,3575,205,322306575.5,184,F1,65,,,,,,13325
2026-09-23,2026-09-23,FO,NSE,IDO,44631,,NIFTY,,2026-10-13,2026-10-13,22950.0,PE,NIFTY26O1322950PE,63.4,70.0,50.8,51.8,51.55,74.3,23446.8,51.8,15860,5265,459,686379801.25,276,F1,65,,,,,,29835
2026-09-23,2026-09-23,FO,NSE,IDO,44583,,NIFTY,,2026-10-13,2026-10-13,22050.0,PE,NIFTY26O1322050PE,10.6,10.6,9.1,9.85,10.15,18.9,23446.8,9.85,4810,0,5,7169441.5,4,F1,65,,,,,,325
2026-09-23,2026-09-23,FO,NSE,IDO,40880,,NIFTY,,2026-10-06,2026-10-06,25350.0,PE,NIFTY26O0625350PE,0.0,0.0,0.0,1263.25,0.0,1263.25,23446.8,1850.85,0,0,0,0.0,0,F1,65,,,,,,0
2026-09-23,2026-09-23,FO,NSE,IDO,40752,,NIFTY,,2026-10-06,2026-10-06,23300.0,PE,NIFTY26O0623300PE,121.35,129.55,84.2,89.55,86.3,127.6,23446.8,89.55,680290,249795,40562,61697532052.0,25379,F1,65,,,,,,2636530
2026-09-23,2026-09-23,FO,NSE,IDO,40681,,NIFTY,,2026-10-06,2026-10-06,22300.0,PE,NIFTY26O0622300PE,8.85,8.9,6.95,7.35,7.4,9.45,23446.8,7.35,169975,60970,5906,8563606883.0,3768,F1,65,,,,,,383890
2026-09-23,2026-09-23,FO,NSE,IDO,74480,,NIFTY,,2026-09-29,2026-09-29,26450.0,PE,NIFTY26SEP26450PE,0.0,0.0,0.0,2346.8,0.0,2346.8,23446.8,2977.39,0,0,0,0.0,0,F1,65,,,,,,0
2026-09-23,2026-09-23,FO,NSE,IDO,74427,,NIFTY,,2026-09-29,2026-09-29,25900.0,PE,NIFTY26SEP25900PE,0.0,0.0,0.0,2450.0,2450.0,2450.0,23446.8,2427.92,4485,0,0,0.0,0,F1,65,,,,,,0
2026-09-23,2026-09-23,FO,NSE,IDO,74385,,NIFTY,,2026-09-29,2026-09-29,25250.0,PE,NIFTY26SEP25250PE,1800.0,1800.0,1800.0,1800.0,1800.0,1835.0,23446.8,1800.0,2210,520,8,14066000.0,3,F1,65,,,,,,520
2026-09-23,2026-09-23,FO,NSE,IDO,74362,,NIFTY,,2026-09-29,2026-09-29,24900.0,PE,NIFTY26SEP24900PE,1463.0,1463.0,1421.35,1448.9,1440.0,1506.55,23446.8,1448.9,73710,0,21,35956183.25,12,F1,65,,,,,,1365
2026-09-23,2026-09-23,FO,NSE,IDO,74067,,NIFTY,,2026-09-29,2026-09-29,24150.0,PE,NIFTY26SEP24150PE,745.0,760.0,670.0,703.55,693.1,746.5,23446.8,703.55,134160,-7995,218,352227128.5,108,F1,65,,,,,,14170
2026-09-23,2026-09-23,FO,NSE,IDO,74063,,NIFTY,,2026-09-29,2026-09-29,24050.0,PE,NIFTY26SEP24050PE,680.9,680.9,573.05,600.85,600.95,664.3,23446.8,600.85,82030,-7345,344,551421029.25,227,F1,65,,,,,,22360
2026-09-23,2026-09-23,FO,NSE,IDO,73982,,NIFTY,,2026-09-29,2026-09-29,23450.0,PE,NIFTY26SEP23450PE,162.0,163.75,94.25,105.1,99.4,157.35,23446.8,105.1,3733080,2901210,1777930,2723425089927.75,888277,F1,65,,,,,,115565450
2026-09-23,2026-09-23,FO,NSE,IDO,73911,,NIFTY,,2026-09-29,2026-09-29,23200.0,PE,NIFTY26SEP23200PE,56.35,60.55,28.3,32.55,29.1,59.6,23446.8,32.55,6208930,2069340,905977,1368659997350.75,327817,F1,65,,,,,,58888505
2026-09-23,2026-09-23,FO,NSE,IDO,73894,,NIFTY,,2026-09-29,2026-09-29,22750.0,PE,NIFTY26SEP22750PE,9.5,9.5,5.5,6.2,5.65,10.05,23446.8,6.2,1464190,-90415,195766,289579204677.75,57120,F1,65,,,,,,12724790
2026-09-23,2026-09-23,FO,NSE,IDO,73880,,NIFTY,,2026-09-29,2026-09-29,22350.0,PE,NIFTY26SEP22350PE,3.15,3.7,2.75,3.05,2.95,3.7,23446.8,3.05,469040,148395,63056,91617901498.5,16060,F1,65,,,,,,4098640
2026-09-23,2026-09-23,FO,NSE,IDO,73870,,NIFTY,,2026-09-29,2026-09-29,22100.0,PE,NIFTY26SEP22100PE,2.7,2.85,2.0,2.35,2.3,2.55,23446.8,2.35,981890,166920,110245,158384347927.0,21787,F1,65,,,,,,7165925
2026-09-23,2026-09-23,FO,NSE,IDO,73868,,NIFTY,,2026-09-29,2026-09-29,22050.0,PE,NIFTY26SEP22050PE,2.3,2.7,1.95,2.2,2.1,2.4,23446.8,2.2,268580,30485,43926,62963693169.0,10987,F1,65,,,,,,2855190
2026-09-23,2026-09-23,FO,NSE,IDO,73832,,NIFTY,,2026-09-29,2026-09-29,21650.0,PE,NIFTY26SEP21650PE,1.95,2.1,1.5,1.65,1.55,1.9,23446.8,1.65,139750,109785,18495,26029147183.0,4791,F1,65,,,,,,1202175
2026-09-23,2026-09-23,FO,NSE,IDO,55281,,NIFTY,,2026-09-29,2026-09-29,16500.0,PE,NIFTY26SEP16500PE,0.45,0.55,0.3,0.4,0.35,0.4,23446.8,0.4,133445,2990,1988,2132185172.0,1000,F1,65,,,,,,129220
2026-09-23,2026-09-23,FO,NSE,IDO,74638,,NIFTY,,2031-06-24,2031-06-24,16500.0,CE,NIFTY31JUN16500CE,0.0,0.0,0.0,11849.25,0.0,11849.25,23446.8,11297.85,0,0,0,0.0,0,F1,65,,,,,,0
2026-09-23,2026-09-23,FO,NSE,IDO,55754,,NIFTY,,2030-12-31,2030-12-31,24000.0,CE,NIFTY30DEC24000CE,0.0,0.0,0.0,8563.3,0.0,8563.3,23446.8,6000.51,0,0,0,0.0,0,F1,65,,,,,,0
2026-09-23,2026-09-23,FO,NSE,IDO,55646,,NIFTY,,2030-06-25,2030-06-25,25500.0,CE,NIFTY30JUN25500CE,0.0,0.0,0.0,7070.45,0.0,7070.45,23446.8,4636.63,0,0,0,0.0,0,F1,65,,,,,,0
2026-09-23,2026-09-23,FO,NSE,IDO,55600,,NIFTY,,2029-12-24,2029-12-24,19500.0,CE,NIFTY29DEC19500CE,0.0,0.0,0.0,10678.8,0.0,10678.8,23446.8,7789.19,0,0,0,0.0,0,F1,65,,,,,,0
2026-09-23,2026-09-23,FO,NSE,IDO,55558,,NIFTY,,2029-06-26,2029-06-26,19500.0,CE,NIFTY29JUN19500CE,0.0,0.0,0.0,10206.95,0.0,10206.95,23446.8,7270.38,0,0,0,0.0,0,F1,65,,,,,,0
2026-09-23,2026-09-23,FO,NSE,IDO,55468,,NIFTY,,2028-06-27,2028-06-27,16500.0,CE,NIFTY28JUN16500CE,0.0,0.0,0.0,11752.8,0.0,11752.8,23446.8,8706.04,0,0,0,0.0,0,F1,65,,,,,,0
2026-09-23,2026-09-23,FO,NSE,IDO,55430,,NIFTY,,2027-12-28,2027-12-28,31500.0,CE,NIFTY27DEC31500CE,0.0,0.0,0.0,98.0,98.0,98.0,23446.8,250.33,2145,0,0,0.0,0,F1,65,,,,,,0
2026-09-23,2026-09-23,FO,NSE,IDO,35346,,NIFTY,,2027-12-28,2027-12-28,30000.0,CE,NIFTY27DEC30000CE,140.95,147.15,135.5,137.65,138.2,140.95,23446.8,137.65,240955,1885,380,744480288.5,282,F1,65,,,,,,24700
2026-09-23,2026-09-23,FO,NSE,IDO,53628,,NIFTY,,2027-12-28,2027-12-28,26000.0,CE,NIFTY27DEC26000CE,895.0,905.0,879.9,893.25,894.0,889.3,23446.8,893.25,132705,1430,65,113630205.0,55,F1,65,,,,,,4225
2026-09-23,2026-09-23,FO,NSE,IDO,53626,,NIFTY,,2027-12-28,2027-12-28,25000.0,CE,NIFTY27DEC25000CE,1361.65,1385.0,1350.2,1365.95,1365.85,1365.05,23446.8,1365.95,134625,715,104,178246747.25,82,F1,65,,,,,,6760
2026-09-23,2026-09-23,FO,NSE,IDO,55378,,NIFTY,,2027-06-29,2027-06-29,28500.0,CE,NIFTY27JUN28500CE,0.0,0.0,0.0,1711.9,0.0,1711.9,23446.8,254.71,0,0,0,0.0,0,F1,65,,,,,,0
2026-09-23,2026-09-23,FO,NSE,IDO,50547,,NIFTY,,2026-12-29,2026-12-29,28000.0,CE,NIFTY26DEC28000CE,10.5,11.5,8.2,8.7,8.45,10.6,23446.8,8.7,1816570,6060,2594,4722720600.0,1182,F1,65,,,,,,168610
2026-09-23,2026-09-23,FO,NSE,IDO,64453,,NIFTY,,2026-11-23,2026-11-23,25250.0,CE,NIFTY26NOV25250CE,0.0,0.0,0.0,550.35,0.0,550.35,23446.8,133.24,0,0,0,0.0,0,F1,65,,,,,,0
2026-09-23,2026-09-23,FO,NSE,IDO,64451,,NIFTY,,2026-11-23,2026-11-23,25200.0,CE,NIFTY26NOV25200CE,75.85,75.85,31.3,31.3,31.3,569.15,23446.8,141.04,650,650,10,16404657.75,8,F1,65,,,,,,650
2026-09-23,2026-09-23,FO,NSE,IDO,64351,,NIFTY,,2026-11-23,2026-11-23,23200.0,CE,NIFTY26NOV23200CE,645.0,689.85,641.4,665.4,668.0,641.9,23446.8,665.4,159120,845,103,159768235.25,94,F1,65,,,,,,6695
2026-09-23,2026-09-23,FO,NSE,IDO,64304,,NIFTY,,2026-11-23,2026-11-23,22800.0,CE,NIFTY26NOV22800CE,951.0,966.55,924.7,966.55,966.55,909.85,23446.8,1136.66,4355,65,15,23155323.75,14,F1,65,,,,,,975
2026-09-23,2026-09-23,FO,NSE,IDO,64278,,NIFTY,,2026-11-23,2026-11-23,22500.0,CE,NIFTY26NOV22500CE,1212.0,1231.0,1167.65,1222.1,1222.75,1187.9,23446.8,1222.1,22620,-65,59,90936225.25,38,F1,65,,,,,,3835
2026-09-23,2026-09-23,FO,NSE,IDO,64266,,NIFTY,,2026-11-23,2026-11-23,22250.0,CE,NIFTY26NOV22250CE,0.0,0.0,0.0,1327.75,1327.75,1327.75,23446.8,1558.07,195,0,0,0.0,0,F1,65,,,,,,0
2026-09-23,2026-09-23,FO,NSE,IDO,64246,,NIFTY,,2026-11-23,2026-11-23,22200.0,CE,NIFTY26NOV22200CE,0.0,0.0,0.0,1369.7,1369.7,1369.7,23446.8,1599.25,195,0,0,0.0,0,F1,65,,,,,,0
2026-09-23,2026-09-23,FO,NSE,IDO,54056,,NIFTY,,2026-11-03,2026-11-03,23550.0,CE,NIFTY26N0323550CE,312.85,334.85,304.95,333.05,333.05,467.8,23446.8,525.27,910,910,26,40339087.75,21,F1,65,,,,,,1690
2026-09-23,2026-09-23,FO,NSE,IDO,53940,,NIFTY,,2026-11-03,2026-11-03,23300.0,CE,NIFTY26N0323300CE,0.0,0.0,0.0,594.45,0.0,594.45,23446.8,661.82,0,0,0,0.0,0,F1,65,,,,,,0
2026-09-23,2026-09-23,FO,NSE,IDO,53926,,NIFTY,,2026-11-03,2026-11-03,23100.0,CE,NIFTY26N0323100CE,0.0,0.0,0.0,709.9,0.0,709.9,23446.8,785.18,0,0,0,0.0,0,F1,65,,,,,,0
2026-09-23,2026-09-23,FO,NSE,IDO,53668,,NIFTY,,2026-11-03,2026-11-03,22400.0,CE,NIFTY26N0322400CE,0.0,0.0,0.0,1206.5,0.0,1206.5,23446.8,1306.04,0,0,0,0.0,0,F1,65,,,,,,0
2026-09-23,2026-09-23,FO,NSE,IDO,53656,,NIFTY,,2026-11-03,2026-11-03,22250.0,CE,NIFTY26N0322250CE,0.0,0.0,0.0,1329.0,0.0,1329.0,23446.8,1432.64,0,0,0,0.0,0,F1,65,,,,,,0
2026-09-23,2026-09-23,FO,NSE,IDO,51536,,NIFTY,,2026-10-27,2026-10-27,27100.0,CE,NIFTY26OCT27100CE,1.8,1.8,1.8,1.8,1.8,1.9,23446.8,0.67,8450,0,27,47563659.0,1,F1,65,,,,,,1755
2026-09-23,2026-09-23,FO,NSE,IDO,51530,,NIFTY,,2026-10-27,2026-10-27,27000.0,CE,NIFTY26OCT27000CE,1.4,1.6,0.95,1.0,0.95,1.35,23446.8,1.0,606060,57460,2414,4236750605.75,1425,F1,65,,,,,,156910
2026-09-23,2026-09-23,FO,NSE,IDO,51524,,NIFTY,,2026-10-27,2026-10-27,26850.0,CE,NIFTY26OCT26850CE,0.0,0.0,0.0,6.1,6.1,6.1,23446.8,1.28,845,0,0,0.0,0,F1,65,,,,,,0
2026-09-23,2026-09-23,FO,NSE,IDO,51492,,NIFTY,,2026-10-27,2026-10-27,26050.0,CE,NIFTY26OCT26050CE,0.0,0.0,0.0,3.6,3.6,3.6,23446.8,8.37,6630,0,0,0.0,0,F1,65,,,,,,0
2026-09-23,2026-09-23,FO,NSE,IDO,51456,,NIFTY,,2026-10-27,2026-10-27,25400.0,CE,NIFTY26OCT25400CE,6.8,6.8,5.1,5.25,5.3,6.85,23446.8,5.25,88270,-5265,625,1032116429.5,417,F1,65,,,,,,40625
2026-09-23,2026-09-23,FO,NSE,IDO,51440,,NIFTY,,2026-10-27,2026-10-27,25000.0,CE,NIFTY26OCT25000CE,10.95,11.45,8.3,8.7,8.5,11.05,23446.8,8.7,2307175,127270,16212,26354156023.0,8445,F1,65,,,,,,1053780
2026-09-23,2026-09-23,FO,NSE,IDO,51436,,NIFTY,,2026-10-27,2026-10-27,24950.0,CE,NIFTY26OCT24950CE,10.3,10.5,8.3,8.9,9.25,11.3,23446.8,8.9,69875,65,220,356924997.0,194,F1,65,,,,,,14300
2026-09-23,2026-09-23,FO,NSE,IDO,51430,,NIFTY,,2026-10-27,2026-10-27,24800.0,CE,NIFTY26OCT24800CE,14.05,14.1,10.7,11.45,11.2,14.5,23446.8,11.45,561925,169455,8300,13385995525.5,4456,F1,65,,,,,,539500
2026-09-23,2026-09-23,FO,NSE,IDO,51380,,NIFTY,,2026-10-27,2026-10-27,23700.0,CE,NIFTY26OCT23700CE,199.6,212.7,176.4,196.45,199.25,194.75,23446.8,196.45,481650,51870,6750,10483960594.25,4472,F1,65,,,,,,438750
2026-09-23,2026-09-23,FO,NSE,IDO,51368,,NIFTY,,2026-10-27,2026-10-27,23400.0,CE,NIFTY26OCT23400CE,339.55,381.95,325.25,360.4,365.0,346.5,23446.8,360.4,554580,77545,9957,15374182190.25,7212,F1,65,,,,,,647205
2026-09-23,2026-09-23,FO,NSE,IDO,51366,,NIFTY,,2026-10-27,2026-10-27,23350.0,CE,NIFTY26OCT23350CE,377.7,412.85,355.7,390.8,401.05,375.3,23446.8,390.8,46605,11115,952,1468670739.25,639,F1,65,,,,,,61880
2026-09-23,2026-09-23,FO,NSE,IDO,51356,,NIFTY,,2026-10-27,2026-10-27,23100.0,CE,NIFTY26OCT23100CE,539.0,597.7,525.75,575.4,580.75,549.95,23446.8,575.4,55250,17225,912,1402962996.5,708,F1,65,,,,,,59280
2026-09-23,2026-09-23,FO,NSE,IDO,51312,,NIFTY,,2026-10-27,2026-10-27,22100.0,CE,NIFTY26OCT22100CE,0.0,0.0,0.0,1400.0,1400.0,1400.0,23446.8,1521.09,65,0,0,0.0,0,F1,65,,,,,,0
2026-09-23,2026-09-23,FO,NSE,IDO,51280,,NIFTY,,2026-10-27,2026-10-27,21350.0,CE,NIFTY26OCT21350CE,0.0,0.0,0.0,3002.9,0.0,3002.9,23446.8,2229.82,0,0,0,0.0,0,F1,65,,,,,,0
2026-09-23,2026-09-23,FO,NSE,IDO,47416,,NIFTY,,2026-10-19,2026-10-19,24900.0,CE,NIFTY26O1924900CE,5.85,6.55,5.7,6.15,6.3,8.0,23446.8,6.15,1755,845,60,97133877.75,32,F1,65,,,,,,3900
2026-09-23,2026-09-23,FO,NSE,IDO,47390,,NIFTY,,2026-10-19,2026-10-19,24650.0,CE,NIFTY26O1924650CE,0.0,0.0,0.0,63.85,0.0,63.85,23446.8,70.61,0,0,0,0.0,0,F1,65,,,,,,0
2026-09-23,2026-09-23,FO,NSE,IDO,47234,,NIFTY,,2026-10-19,2026-10-19,24250.0,CE,NIFTY26O1924250CE,0.0,0.0,0.0,121.35,0.0,121.35,23446.8,142.66,0,0,0,0.0,0,F1,65,,,,,,0
2026-09-23,2026-09-23,FO,NSE,IDO,47155,,NIFTY,,2026-10-19,2026-10-19,22850.0,CE,NIFTY26O1922850CE,0.0,0.0,0.0,667.95,0.0,667.95,23446.8,828.72,0,0,0,0.0,0,F1,65,,,,,,0
2026-09-23,2026-09-23,FO,NSE,IDO,44790,,NIFTY,,2026-10-13,2026-10-13,25250.0,CE,NIFTY26O1325250CE,2.35,2.75,2.3,2.5,2.35,6.6,23446.8,2.5,585,-715,67,109974588.75,8,F1,65,,,,,,4355
2026-09-23,2026-09-23,FO,NSE,IDO,44728,,NIFTY,,2026-10-13,2026-10-13,24200.0,CE,NIFTY26O1324200CE,23.4,23.4,16.2,17.1,16.95,20.75,23446.8,17.1,190840,60710,6645,10460457367.75,2875,F1,65,,,,,,431925
2026-09-23,2026-09-23,FO,NSE,IDO,44670,,NIFTY,,2026-10-13,2026-10-13,23550.0,CE,NIFTY26O1323550CE,163.6,189.4,152.6,173.7,174.6,164.85,23446.8,173.7,18265,7410,388,598279561.75,342,F1,65,,,,,,25220
2026-09-23,2026-09-23,FO,NSE,IDO,44654,,NIFTY,,2026-10-13,2026-10-13,23250.0,CE,NIFTY26O1323250CE,350.5,385.7,323.3,360.95,360.95,339.25,23446.8,360.95,5915,-260,140,214780234.5,123,F1,65,,,,,,9100
2026-09-23,2026-09-23,FO,NSE,IDO,44572,,NIFTY,,2026-10-13,2026-10-13,22000.0,CE,NIFTY26O1322000CE,0.0,0.0,0.0,1785.9,0.0,1785.9,23446.8,1529.78,0,0,0,0.0,0,F1,65,,,,,,0
2026-09-23,2026-09-23,FO,NSE,IDO,44530,,NIFTY,,2026-10-13,2026-10-13,21400.0,CE,NIFTY26O1321400CE,0.0,0.0,0.0,2360.9,0.0,2360.9,23446.8,2117.68,0,0,0,0.0,0,F1,65,,,,,,0
2026-09-23,2026-09-23,FO,NSE,IDO,40769,,NIFTY,,2026-10-06,2026-10-06,23700.0,CE,NIFTY26O0623700CE,50.0,77.7,50.0,63.2,64.3,63.2,23446.8,63.2,628485,134160,43163,66676066960.75,25133,F1,65,,,,,,2805595
2026-09-23,2026-09-23,FO,NSE,IDO,40757,,NIFTY,,2026-10-06,2026-10-06,23450.0,CE,NIFTY26O0623450CE,148.85,192.85,142.6,168.9,171.15,157.4,23446.8,168.9,175435,76115,29133,44731292515.0,19013,F1,65,,,,,,1893645
2026-09-23,2026-09-23,FO,NSE,IDO,40731,,NIFTY,,2026-10-06,2026-10-06,23000.0,CE,NIFTY26O0623000CE,463.2,538.7,450.05,505.95,514.9,464.8,23446.8,505.95,151970,13845,5747,8774813619.0,2422,F1,65,,,,,,373555
2026-09-23,2026-09-23,FO,NSE,IDO,40723,,NIFTY,,2026-10-06,2026-10-06,22950.0,CE,NIFTY26O0622950CE,519.5,573.55,511.75,544.65,544.65,485.55,23446.8,629.36,2340,-130,22,33596026.75,22,F1,65,,,,,,1430
2026-09-23,2026-09-23,FO,NSE,IDO,40663,,NIFTY,,2026-10-06,2026-10-06,21900.0,CE,NIFTY26O0621900CE,0.0,0.0,0.0,2291.95,0.0,2291.95,23446.8,1595.1,0,0,0,0.0,0,F1,65,,,,,,0
2026-09-23,2026-09-23,FO,NSE,IDO,74420,,NIFTY,,2026-09-29,2026-09-29,25800.0,CE,NIFTY26SEP25800CE,0.85,0.9,0.6,0.65,0.6,0.85,23446.8,0.65,418015,-4225,9815,16460227478.5,2881,F1,65,,,,,,637975
2026-09-23,2026-09-23,FO,NSE,IDO,74241,,NIFTY,,2026-09-29,2026-09-29,24500.0,CE,NIFTY26SEP24500CE,1.85,1.95,1.3,1.5,1.35,2.2,23446.8,1.5,8887905,1398475,292279,465483804610.5,47796,F1,65,,,,,,18998135
2026-09-23,2026-09-23,FO,NSE,IDO,74066,,NIFTY,,2026-09-29,2026-09-29,24150.0,CE,NIFTY26SEP24150CE,4.3,4.3,2.6,3.05,3.3,3.95,23446.8,3.05,1195480,418080,166978,262146127798.75,33159,F1,65,,,,,,10853570
2026-09-23,2026-09-23,FO,NSE,IDO,74010,,NIFTY,,2026-09-29,2026-09-29,23750.0,CE,NIFTY26SEP23750CE,20.8,26.0,14.45,16.45,16.0,20.4,23446.8,16.45,2303210,549835,488896,755332969465.75,169922,F1,65,,,,,,31778240
2026-09-23,2026-09-23,FO,NSE,IDO,73893,,NIFTY,,2026-09-29,2026-09-29,22750.0,CE,NIFTY26SEP22750CE,650.5,738.6,643.6,707.85,708.45,645.1,23446.8,707.85,33345,12155,450,685721003.5,394,F1,65,,,,,,29250
2026-09-23,2026-09-23,FO,NSE,IDO,73891,,NIFTY,,2026-09-29,2026-09-29,22700.0,CE,NIFTY26SEP22700CE,694.75,790.0,691.95,752.85,761.85,700.3,23446.8,752.85,29250,8125,426,649450353.5,354,F1,65,,,,,,27690
2026-09-23,2026-09-23,FO,NSE,IDO,73908,,NIFTY,,2026-09-29,2026-09-29,23150.0,CE,NIFTY26SEP23150CE,298.55,361.2,270.0,327.6,334.35,287.6,23446.8,327.6,237575,69095,24941,38035845721.25,17339,F1,65,,,,,,1621165
2026-09-23,2026-09-23,FO,NSE,IDO,74112,,NIFTY,,2026-09-29,2026-09-29,24350.0,CE,NIFTY26SEP24350CE,2.75,2.75,1.75,1.95,2.1,2.7,23446.8,1.95,986115,186810,78490,124240542907.0,16961,F1,65,,,,,,5101850
2026-09-23,2026-09-23,FO,NSE,IDO,74289,,NIFTY,,2026-09-29,2026-09-29,24600.0,CE,NIFTY26SEP24600CE,1.65,1.65,1.0,1.15,1.1,1.85,23446.8,1.15,3716960,1190670,131131,209689191491.0,23599,F1,65,,,,,,8523515
2026-09-23,2026-09-23,FO,NSE,IDO,74351,,NIFTY,,2026-09-29,2026-09-29,24650.0,CE,NIFTY26SEP24650CE,1.65,1.7,0.95,1.1,1.05,1.75,23446.8,1.1,632255,219375,38117,61075845499.5,8357,F1,65,,,,,,2477605
2026-09-23,2026-09-23,FO,NSE,IDO,74355,,NIFTY,,2026-09-29,2026-09-29,24750.0,CE,NIFTY26SEP24750CE,1.2,1.45,0.8,0.95,0.9,1.45,23446.8,0.95,402610,115180,21129,33992700254.5,4968,F1,65,,,,,,1373385
2026-09-23,2026-09-23,FO,NSE,IDO,74365,,NIFTY,,2026-09-29,2026-09-29,25000.0,CE,NIFTY26SEP25000CE,1.2,1.35,0.75,0.85,0.8,1.4,23446.8,0.85,11828440,384280,211199,343211239686.25,32831,F1,65,,,,,,13727935
2026-09-23,2026-09-23,FO,NSE,IDO,74395,,NIFTY,,2026-09-29,2026-09-29,25450.0,CE,NIFTY26SEP25450CE,1.0,1.15,0.65,0.75,0.75,1.1,23446.8,0.75,38740,-2600,1704,2818938261.75,1058,F1,65,,,,,,110760
2026-09-23,2026-09-23,FO,NSE,IDO,74397,,NIFTY,,2026-09-29,2026-09-29,25550.0,CE,NIFTY26SEP25550CE,1.0,1.1,0.7,0.8,0.7,0.95,23446.8,0.8,107315,13845,5574,9257335707.75,2331,F1,65,,,,,,362310
2026-09-23,2026-09-23,FO,NSE,IDO,74416,,NIFTY,,2026-09-29,2026-09-29,25700.0,CE,NIFTY26SEP25700CE,0.75,1.0,0.65,0.7,0.65,0.9,23446.8,0.7,292760,-4875,11393,19032600613.0,3203,F1,65,,,,,,740545
2026-09-23,2026-09-23,FO,NSE,IDO,74426,,NIFTY,,2026-09-29,2026-09-29,25900.0,CE,NIFTY26SEP25900CE,0.8,0.9,0.6,0.7,0.65,0.85,23446.8,0.7,156780,-9165,13468,22673987219.0,3303,F1,65,,,,,,875420
2026-09-23,2026-09-23,FO,NSE,IDO,74438,,NIFTY,,2026-09-29,2026-09-29,26050.0,CE,NIFTY26SEP26050CE,0.75,0.8,0.6,0.75,0.65,0.8,23446.8,0.75,13130,3445,475,804315817.5,254,F1,65,,,,,,30875
2026-09-23,2026-09-23,FO,NSE,IDO,74479,,NIFTY,,2026-09-29,2026-09-29,26450.0,CE,NIFTY26SEP26450CE,0.7,0.8,0.5,0.6,0.6,2.4,23446.8,0.6,13455,10725,724,1244766454.75,393,F1,65,,,,,,47060
2026-09-23,2026-09-23,FO,NSE,IDO,74491,,NIFTY,,2026-09-29,2026-09-29,26750.0,CE,NIFTY26SEP26750CE,0.7,0.75,0.5,0.55,0.55,0.6,23446.8,0.55,11960,4420,558,970243885.0,359,F1,65,,,,,,36270
2026-09-23,2026-09-23,FO,NSE,IDO,65923,,NIFTY,,2026-09-29,2026-09-29,30000.0,CE,NIFTY26SEP30000CE,0.4,0.45,0.3,0.35,0.3,0.45,23446.8,0.35,279740,4070,1331,2595482597.5,673,F1,65,,,,,,86515
2026-09-23,2026-09-23,FO,NSE,IDO,40638,,NIFTY,,2026-10-06,2026-10-06,21450.0,CE,NIFTY26O0621450CE,0.0,0.0,0.0,2732.6,0.0,2732.6,23446.8,2042.33,0,0,0,0.0,0,F1,65,,,,,,0
2026-09-23,2026-09-23,FO,NSE,IDO,40652,,NIFTY,,2026-10-06,2026-10-06,21650.0,CE,NIFTY26O0621650CE,0.0,0.0,0.0,2535.9,0.0,2535.9,23446.8,1843.15,0,0,0,0.0,0,F1,65,,,,,,0
2026-09-23,2026-09-23,FO,NSE,IDO,40657,,NIFTY,,2026-10-06,2026-10-06,21750.0,CE,NIFTY26O0621750CE,0.0,0.0,0.0,2438.05,0.0,2438.05,23446.8,1743.75,0,0,0,0.0,0,F1,65,,,,,,0
2026-09-23,2026-09-23,FO,NSE,IDO,40673,,NIFTY,,2026-10-06,2026-10-06,22150.0,CE,NIFTY26O0622150CE,0.0,0.0,0.0,2051.3,0.0,2051.3,23446.8,1349.6,0,0,0,0.0,0,F1,65,,,,,,0
2026-09-23,2026-09-23,FO,NSE,IDO,40689,,NIFTY,,2026-10-06,2026-10-06,22450.0,CE,NIFTY26O0622450CE,0.0,0.0,0.0,1769.15,0.0,1769.15,23446.8,1062.81,0,0,0,0.0,0,F1,65,,,,,,0
2026-09-23,2026-09-23,FO,NSE,IDO,40743,,NIFTY,,2026-10-06,2026-10-06,23150.0,CE,NIFTY26O0623150CE,343.95,407.95,332.4,381.25,382.1,349.75,23446.8,381.25,7345,585,267,408221443.5,218,F1,65,,,,,,17355
2026-09-23,2026-09-23,FO,NSE,IDO,40813,,NIFTY,,2026-10-06,2026-10-06,24250.0,CE,NIFTY26O0624250CE,8.75,8.75,5.5,5.8,5.6,8.25,23446.8,5.8,69095,14755,2986,4707904942.0,1945,F1,65,,,,,,194090
2026-09-23,2026-09-23,FO,NSE,IDO,40817,,NIFTY,,2026-10-06,2026-10-06,24300.0,CE,NIFTY26O0624300CE,8.15,8.15,4.75,5.0,5.05,7.55,23446.8,5.0,542360,294580,19693,31112024352.5,9053,F1,65,,,,,,1280045
2026-09-23,2026-09-23,FO,NSE,IDO,40819,,NIFTY,,2026-10-06,2026-10-06,24350.0,CE,NIFTY26O0624350CE,7.05,7.05,4.25,4.65,5.15,6.65,23446.8,4.65,38155,30030,1689,2673803375.75,1109,F1,65,,,,,,109785
2026-09-23,2026-09-23,FO,NSE,IDO,40823,,NIFTY,,2026-10-06,2026-10-06,24450.0,CE,NIFTY26O0624450CE,0.0,0.0,0.0,364.35,0.0,364.35,23446.8,29.84,0,0,0,0.0,0,F1,65,,,,,,0
2026-09-23,2026-09-23,FO,NSE,IDO,40865,,NIFTY,,2026-10-06,2026-10-06,25000.0,CE,NIFTY26O0625000CE,2.1,2.15,1.3,1.45,1.45,2.05,23446.8,1.45,286455,68185,9656,15691945954.75,3028,F1,65,,,,,,627640
2026-09-23,2026-09-23,FO,NSE,IDO,40885,,NIFTY,,2026-10-06,2026-10-06,25500.0,CE,NIFTY26O0625500CE,1.35,1.5,1.05,1.15,1.15,1.6,23446.8,1.15,90285,16965,909,1506737557.0,285,F1,65,,,,,,59085
2026-09-23,2026-09-23,FO,NSE,IDO,44584,,NIFTY,,2026-10-13,2026-10-13,22100.0,CE,NIFTY26O1322100CE,0.0,0.0,0.0,1693.15,0.0,1693.15,23446.8,1434.24,0,0,0,0.0,0,F1,65,,,,,,0
2026-09-23,2026-09-23,FO,NSE,IDO,44592,,NIFTY,,2026-10-13,2026-10-13,22200.0,CE,NIFTY26O1322200CE,0.0,0.0,0.0,1601.7,0.0,1601.7,23446.8,1339.9,0,0,0,0.0,0,F1,65,,,,,,0
2026-09-23,2026-09-23,FO,NSE,IDO,44622,,NIFTY,,2026-10-13,2026-10-13,22750.0,CE,NIFTY26O1322750CE,0.0,0.0,0.0,1129.3,0.0,1129.3,23446.8,855.14,0,0,0,0.0,0,F1,65,,,,,,0
2026-09-23,2026-09-23,FO,NSE,IDO,44624,,NIFTY,,2026-10-13,2026-10-13,22800.0,CE,NIFTY26O1322800CE,734.25,760.0,690.0,760.0,760.0,726.0,23446.8,815.03,650,390,26,39757848.0,19,F1,65,,,,,,1690
2026-09-23,2026-09-23,FO,NSE,IDO,44646,,NIFTY,,2026-10-13,2026-10-13,23100.0,CE,NIFTY26O1323100CE,440.95,493.55,432.3,469.8,469.8,449.85,23446.8,469.8,1495,-455,44,67393777.75,43,F1,65,,,,,,2860
2026-09-23,2026-09-23,FO,NSE,IDO,44716,,NIFTY,,2026-10-13,2026-10-13,24050.0,CE,NIFTY26O1324050CE,33.85,36.55,26.35,29.9,28.55,33.35,23446.8,29.9,35880,19110,1414,2213378566.75,779,F1,65,,,,,,91910
2026-09-23,2026-09-23,FO,NSE,IDO,44756,,NIFTY,,2026-10-13,2026-10-13,24550.0,CE,NIFTY26O1324550CE,0.0,0.0,0.0,183.05,0.0,183.05,23446.8,53.91,0,0,0,0.0,0,F1,65,,,,,,0
2026-09-23,2026-09-23,FO,NSE,IDO,44768,,NIFTY,,2026-10-13,2026-10-13,24850.0,CE,NIFTY26O1324850CE,5.5,5.5,4.25,4.25,4.25,5.0,23446.8,26.77,2340,1170,87,140552743.5,25,F1,65,,,,,,5655
2026-09-23,2026-09-23,FO,NSE,IDO,44770,,NIFTY,,2026-10-13,2026-10-13,24900.0,CE,NIFTY26O1324900CE,4.7,9.0,3.15,4.8,4.8,4.85,23446.8,4.8,10920,9620,385,623231345.75,164,F1,65,,,,,,25025
2026-09-23,2026-09-23,FO,NSE,IDO,47087,,NIFTY,,2026-10-19,2026-10-19,21500.0,CE,NIFTY26O1921500CE,0.0,0.0,0.0,1760.75,0.0,1760.75,23446.8,2042.69,0,0,0,0.0,0,F1,65,,,,,,0
2026-09-23,2026-09-23,FO,NSE,IDO,47089,,NIFTY,,2026-10-19,2026-10-19,21550.0,CE,NIFTY26O1921550CE,0.0,0.0,0.0,1714.0,0.0,1714.0,23446.8,1993.77,0,0,0,0.0,0,F1,65,,,,,,0
2026-09-23,2026-09-23,FO,NSE,IDO,47119,,NIFTY,,2026-10-19,2026-10-19,22150.0,CE,NIFTY26O1922150CE,0.0,0.0,0.0,1182.0,0.0,1182.0,23446.8,1421.44,0,0,0,0.0,0,F1,65,,,,,,0
2026-09-23,2026-09-23,FO,NSE,IDO,47143,,NIFTY,,2026-10-19,2026-10-19,22700.0,CE,NIFTY26O1922700CE,0.0,0.0,0.0,765.55,0.0,765.55,23446.8,945.2,0,0,0,0.0,0,F1,65,,,,,,0
2026-09-23,2026-09-23,FO,NSE,IDO,47171,,NIFTY,,2026-10-19,2026-10-19,23200.0,CE,NIFTY26O1923200CE,435.75,460.0,411.45,436.3,436.3,411.05,23446.8,436.3,2015,1040,33,50686051.0,23,F1,65,,,,,,2145
2026-09-23,2026-09-23,FO,NSE,IDO,47177,,NIFTY,,2026-10-19,2026-10-19,23350.0,CE,NIFTY26O1923350CE,315.45,359.9,309.35,340.8,340.8,314.2,23446.8,340.8,3380,-3120,106,163215159.25,85,F1,65,,,,,,6890
2026-09-23,2026-09-23,FO,NSE,IDO,47400,,NIFTY,,2026-10-19,2026-10-19,24750.0,CE,NIFTY26O1924750CE,0.0,0.0,0.0,53.75,0.0,53.75,23446.8,58.34,0,0,0,0.0,0,F1,65,,,,,,0
2026-09-23,2026-09-23,FO,NSE,IDO,51296,,NIFTY,,2026-10-27,2026-10-27,21750.0,CE,NIFTY26OCT21750CE,0.0,0.0,0.0,2639.9,0.0,2639.9,23446.8,1845.21,0,0,0,0.0,0,F1,65,,,,,,0
2026-09-23,2026-09-23,FO,NSE,IDO,51332,,NIFTY,,2026-10-27,2026-10-27,22550.0,CE,NIFTY26OCT22550CE,0.0,0.0,0.0,987.5,987.5,987.5,23446.8,1133.37,1820,0,0,0.0,0,F1,65,,,,,,0
2026-09-23,2026-09-23,FO,NSE,IDO,51390,,NIFTY,,2026-10-27,2026-10-27,23950.0,CE,NIFTY26OCT23950CE,107.5,115.8,92.1,104.75,106.5,110.35,23446.8,104.75,80860,6175,1212,1894887293.0,1037,F1,65,,,,,,78780
2026-09-23,2026-09-23,FO,NSE,IDO,51444,,NIFTY,,2026-10-27,2026-10-27,25100.0,CE,NIFTY26OCT25100CE,9.55,9.85,7.45,7.7,7.65,9.8,23446.8,7.7,149890,7410,2334,3809164492.25,1585,F1,65,,,,,,151710
2026-09-23,2026-09-23,FO,NSE,IDO,51452,,NIFTY,,2026-10-27,2026-10-27,25300.0,CE,NIFTY26OCT25300CE,7.7,8.3,5.8,5.9,5.9,7.7,23446.8,5.9,31590,-10075,983,1616971466.5,578,F1,65,,,,,,63895
2026-09-23,2026-09-23,FO,NSE,IDO,51468,,NIFTY,,2026-10-27,2026-10-27,25500.0,CE,NIFTY26OCT25500CE,5.6,6.25,4.15,4.4,4.2,5.9,23446.8,4.4,905970,118820,7909,13111681430.25,5293,F1,65,,,,,,514085
2026-09-23,2026-09-23,FO,NSE,IDO,51472,,NIFTY,,2026-10-27,2026-10-27,25600.0,CE,NIFTY26OCT25600CE,4.4,6.0,4.0,4.25,4.0,5.45,23446.8,4.25,41535,0,147,244653893.25,68,F1,65,,,,,,9555
2026-09-23,2026-09-23,FO,NSE,IDO,51482,,NIFTY,,2026-10-27,2026-10-27,25800.0,CE,NIFTY26OCT25800CE,4.3,4.85,3.45,3.9,4.25,4.2,23446.8,3.9,73190,-390,463,776573609.5,300,F1,65,,,,,,30095
2026-09-23,2026-09-23,FO,NSE,IDO,51494,,NIFTY,,2026-10-27,2026-10-27,26100.0,CE,NIFTY26OCT26100CE,0.0,0.0,0.0,4.1,4.1,4.1,23446.8,7.5,1885,0,0,0.0,0,F1,65,,,,,,0
2026-09-23,2026-09-23,FO,NSE,IDO,51518,,NIFTY,,2026-10-27,2026-10-27,26700.0,CE,NIFTY26OCT26700CE,0.0,0.0,0.0,2.85,2.85,2.85,23446.8,1.86,390,0,0,0.0,0,F1,65,,,,,,0
2026-09-23,2026-09-23,FO,NSE,IDO,53662,,NIFTY,,2026-11-03,2026-11-03,22300.0,CE,NIFTY26N0322300CE,0.0,0.0,0.0,1287.65,0.0,1287.65,23446.8,1389.95,0,0,0,0.0,0,F1,65,,,,,,0
2026-09-23,2026-09-23,FO,NSE,IDO,53680,,NIFTY,,2026-11-03,2026-11-03,22450.0,CE,NIFTY26N0322450CE,0.0,0.0,0.0,1166.8,0.0,1166.8,23446.8,1264.85,0,0,0,0.0,0,F1,65,,,,,,0
2026-09-23,2026-09-23,FO,NSE,IDO,54116,,NIFTY,,2026-11-03,2026-11-03,24100.0,CE,NIFTY26N0324100CE,0.0,0.0,0.0,257.0,0.0,257.0,23446.8,293.9,0,0,0,0.0,0,F1,65,,,,,,0
2026-09-23,2026-09-23,FO,NSE,IDO,54128,,NIFTY,,2026-11-03,2026-11-03,24400.0,CE,NIFTY26N0324400CE,0.0,0.0,0.0,177.75,0.0,177.75,23446.8,205.0,0,0,0,0.0,0,F1,65,,,,,,0
2026-09-23,2026-09-23,FO,NSE,IDO,64206,,NIFTY,,2026-11-23,2026-11-23,21450.0,CE,NIFTY26NOV21450CE,0.0,0.0,0.0,3232.9,0.0,3232.9,23446.8,2260.38,0,0,0,0.0,0,F1,65,,,,,,0
2026-09-23,2026-09-23,FO,NSE,IDO,64222,,NIFTY,,2026-11-23,2026-11-23,21750.0,CE,NIFTY26NOV21750CE,0.0,0.0,0.0,2952.95,0.0,2952.95,23446.8,1987.38,0,0,0,0.0,0,F1,65,,,,,,0
2026-09-23,2026-09-23,FO,NSE,IDO,64276,,NIFTY,,2026-11-23,2026-11-23,22450.0,CE,NIFTY26NOV22450CE,0.0,0.0,0.0,1210.65,1210.65,1210.65,23446.8,1397.87,260,0,0,0.0,0,F1,65,,,,,,0
2026-09-23,2026-09-23,FO,NSE,IDO,64381,,NIFTY,,2026-11-23,2026-11-23,23700.0,CE,NIFTY26NOV23700CE,364.55,371.85,336.95,358.6,362.0,351.55,23446.8,358.6,86710,7865,424,663036445.5,260,F1,65,,,,,,27560
2026-09-23,2026-09-23,FO,NSE,IDO,64391,,NIFTY,,2026-11-23,2026-11-23,23900.0,CE,NIFTY26NOV23900CE,261.35,277.0,245.45,265.65,267.85,262.65,23446.8,265.65,44135,1365,481,755521607.75,269,F1,65,,,,,,31265
2026-09-23,2026-09-23,FO,NSE,IDO,64415,,NIFTY,,2026-11-23,2026-11-23,24450.0,CE,NIFTY26NOV24450CE,92.0,103.5,92.0,98.25,99.0,103.55,23446.8,98.25,12935,390,151,240960775.25,80,F1,65,,,,,,9815
2026-09-23,2026-09-23,FO,NSE,IDO,64423,,NIFTY,,2026-11-23,2026-11-23,24650.0,CE,NIFTY26NOV24650CE,70.05,71.8,62.8,64.9,64.4,73.2,23446.8,64.9,13130,-1105,74,118889953.0,55,F1,65,,,,,,4810
2026-09-23,2026-09-23,FO,NSE,IDO,64435,,NIFTY,,2026-11-23,2026-11-23,24900.0,CE,NIFTY26NOV24900CE,0.0,0.0,0.0,691.9,0.0,691.9,23446.8,196.1,0,0,0,0.0,0,F1,65,,,,,,0
2026-09-23,2026-09-23,FO,NSE,IDO,64473,,NIFTY,,2026-11-23,2026-11-23,25500.0,CE,NIFTY26NOV25500CE,19.45,23.0,16.55,17.1,17.0,19.25,23446.8,17.1,426465,25935,2328,3861318717.75,1347,F1,65,,,,,,151320
2026-09-23,2026-09-23,FO,NSE,IDO,71503,,NIFTY,,2026-12-29,2026-12-29,25000.0,CE,NIFTY26DEC25000CE,116.95,122.0,107.0,113.7,114.0,119.25,23446.8,113.7,3543020,103600,8612,14057786044.25,4263,F1,65,,,,,,559780
2026-09-23,2026-09-23,FO,NSE,IDO,71505,,NIFTY,,2026-12-29,2026-12-29,26000.0,CE,NIFTY26DEC26000CE,38.05,40.0,34.1,34.65,34.1,39.7,23446.8,34.65,4461785,151230,10245,17338008688.0,4444,F1,65,,,,,,665925
2026-09-23,2026-09-23,FO,NSE,IDO,35262,,NIFTY,,2027-06-29,2027-06-29,30000.0,CE,NIFTY27JUN30000CE,70.0,71.0,70.0,71.0,71.0,78.0,23446.8,119.99,520,130,2,3909165.0,2,F1,65,,,,,,130
2026-09-23,2026-09-23,FO,NSE,IDO,53624,,NIFTY,,2027-12-28,2027-12-28,24000.0,CE,NIFTY27DEC24000CE,1987.0,2006.2,1967.5,1979.15,1976.5,1987.0,23446.8,1979.15,145535,2015,85,143576871.75,72,F1,65,,,,,,5525
2026-09-23,2026-09-23,FO,NSE,IDO,86133,,NIFTY,,2028-06-27,2028-06-27,15000.0,CE,NIFTY28JUN15000CE,0.0,0.0,0.0,8633.05,0.0,8633.05,23446.8,10033.89,0,0,0,0.0,0,F1,65,,,,,,0
2026-09-23,2026-09-23,FO,NSE,IDO,67770,,NIFTY,,2028-12-26,2028-12-26,18000.0,CE,NIFTY28DEC18000CE,0.0,0.0,0.0,9380.3,0.0,9380.3,23446.8,7924.83,0,0,0,0.0,0,F1,65,,,,,,0
2026-09-23,2026-09-23,FO,NSE,IDO,67782,,NIFTY,,2028-12-26,2028-12-26,24000.0,CE,NIFTY28DEC24000CE,0.0,0.0,0.0,3500.1,3500.1,3500.1,23446.8,3666.55,2535,0,0,0.0,0,F1,65,,,,,,0
2026-09-23,2026-09-23,FO,NSE,IDO,55522,,NIFTY,,2028-12-26,2028-12-26,25500.0,CE,NIFTY28DEC25500CE,0.0,0.0,0.0,3800.0,3800.0,3800.0,23446.8,2884.36,0,0,0,0.0,0,F1,65,,,,,,0
2026-09-23,2026-09-23,FO,NSE,IDO,67790,,NIFTY,,2028-12-26,2028-12-26,28000.0,CE,NIFTY28DEC28000CE,1370.0,1480.0,1370.0,1480.0,1480.0,1400.0,23446.8,1860.24,10475,195,9,17213677.0,9,F1,65,,,,,,585
2026-09-23,2026-09-23,FO,NSE,IDO,55524,,NIFTY,,2028-12-26,2028-12-26,28500.0,CE,NIFTY28DEC28500CE,0.0,0.0,0.0,3608.65,0.0,3608.65,23446.8,1694.85,0,0,0,0.0,0,F1,65,,,,,,0
2026-09-23,2026-09-23,FO,NSE,IDO,67794,,NIFTY,,2028-12-26,2028-12-26,30000.0,CE,NIFTY28DEC30000CE,820.0,850.0,805.0,837.5,835.0,825.75,23446.8,837.5,21575,-195,19,38083379.75,19,F1,65,,,,,,1235
2026-09-23,2026-09-23,FO,NSE,IDO,60904,,NIFTY,,2030-06-25,2030-06-25,24000.0,CE,NIFTY30JUN24000CE,0.0,0.0,0.0,8591.55,0.0,8591.55,23446.8,5434.63,0,0,0,0.0,0,F1,65,,,,,,0
2026-09-23,2026-09-23,FO,NSE,IDO,60944,,NIFTY,,2030-06-25,2030-06-25,33000.0,CE,NIFTY30JUN33000CE,0.0,0.0,0.0,4416.45,0.0,4416.45,23446.8,1884.24,0,0,0,0.0,0,F1,65,,,,,,0
2026-09-23,2026-09-23,FO,NSE,IDO,55704,,NIFTY,,2030-12-31,2030-12-31,22500.0,CE,NIFTY30DEC22500CE,0.0,0.0,0.0,9536.95,0.0,9536.95,23446.8,6865.37,0,0,0,0.0,0,F1,65,,,,,,0
2026-09-23,2026-09-23,FO,NSE,IDO,55758,,NIFTY,,2030-12-31,2030-12-31,27000.0,CE,NIFTY30DEC27000CE,0.0,0.0,0.0,6772.8,0.0,6772.8,23446.8,4489.81,0,0,0,0.0,0,F1,65,,,,,,0
2026-09-23,2026-09-23,FO,NSE,IDO,73784,,NIFTY,,2026-09-29,2026-09-29,21500.0,PE,NIFTY26SEP21500PE,1.5,2.0,1.25,1.4,1.45,1.75,23446.8,1.4,3835065,737360,177313,247812055299.25,24074,F1,65,,,,,,11525345
2026-09-23,2026-09-23,FO,NSE,IDO,73994,,NIFTY,,2026-09-29,2026-09-29,23500.0,PE,NIFTY26SEP23500PE,187.05,194.45,116.6,130.25,123.6,186.05,23446.8,130.25,7820345,1875965,1403305,2156563639961.25,753964,F1,65,,,,,,91214825
2026-09-23,2026-09-23,FO,NSE,IDO,74002,,NIFTY,,2026-09-29,2026-09-29,23550.0,PE,NIFTY26SEP23550PE,205.0,228.2,142.75,159.5,151.4,219.6,23446.8,159.5,711815,437060,284859,439229955375.25,178968,F1,65,,,,,,18515835
2026-09-23,2026-09-23,FO,NSE,IDO,65901,,NIFTY,,2026-09-29,2026-09-29,24000.0,PE,NIFTY26SEP24000PE,599.0,630.7,518.0,551.9,543.0,609.45,23446.8,551.9,5261825,-479960,22761,36342097691.25,15267,F1,65,,,,,,1479465
2026-09-23,2026-09-23,FO,NSE,IDO,74288,,NIFTY,,2026-09-29,2026-09-29,24550.0,PE,NIFTY26SEP24550PE,1130.0,1140.0,1100.2,1110.0,1110.0,1148.15,23446.8,1081.42,46150,-455,9,15012887.5,9,F1,65,,,,,,585
2026-09-23,2026-09-23,FO,NSE,IDO,74464,,NIFTY,,2026-09-29,2026-09-29,26150.0,PE,NIFTY26SEP26150PE,0.0,0.0,0.0,1720.0,1720.0,1720.0,23446.8,2677.68,65,0,0,0.0,0,F1,65,,,,,,0
2026-09-23,2026-09-23,FO,NSE,IDO,74476,,NIFTY,,2026-09-29,2026-09-29,26350.0,PE,NIFTY26SEP26350PE,0.0,0.0,0.0,2262.9,0.0,2262.9,23446.8,2877.48,0,0,0,0.0,0,F1,65,,,,,,0
2026-09-23,2026-09-23,FO,NSE,IDO,74478,,NIFTY,,2026-09-29,2026-09-29,26400.0,PE,NIFTY26SEP26400PE,3000.0,3000.0,3000.0,3000.0,3000.0,2970.0,23446.8,2927.43,2860,-130,2,3822000.0,1,F1,65,,,,,,130
2026-09-23,2026-09-23,FO,NSE,IDO,74484,,NIFTY,,2026-09-29,2026-09-29,26550.0,PE,NIFTY26SEP26550PE,0.0,0.0,0.0,2431.75,0.0,2431.75,23446.8,3077.29,0,0,0,0.0,0,F1,65,,,,,,0
2026-09-23,2026-09-23,FO,NSE,IDO,40670,,NIFTY,,2026-10-06,2026-10-06,22050.0,PE,NIFTY26O0622050PE,6.55,6.55,5.1,5.5,5.55,6.6,23446.8,5.5,11310,8125,273,391374057.75,199,F1,65,,,,,,17745
2026-09-23,2026-09-23,FO,NSE,IDO,40686,,NIFTY,,2026-10-06,2026-10-06,22350.0,PE,NIFTY26O0622350PE,9.55,9.55,7.4,7.9,7.4,9.35,23446.8,7.9,40560,13195,1073,1559358674.25,678,F1,65,,,,,,69745
2026-09-23,2026-09-23,FO,NSE,IDO,40770,,NIFTY,,2026-10-06,2026-10-06,23700.0,PE,NIFTY26O0623700PE,337.65,353.25,267.65,285.65,279.45,348.65,23446.8,285.65,89700,49205,4718,7360266312.75,3155,F1,65,,,,,,306670
2026-09-23,2026-09-23,FO,NSE,IDO,40792,,NIFTY,,2026-10-06,2026-10-06,23950.0,PE,NIFTY26O0623950PE,535.7,541.2,473.9,488.1,488.25,548.6,23446.8,488.1,25090,455,120,190656586.25,101,F1,65,,,,,,7800
2026-09-23,2026-09-23,FO,NSE,IDO,40824,,NIFTY,,2026-10-06,2026-10-06,24450.0,PE,NIFTY26O0624450PE,0.0,0.0,0.0,617.35,0.0,617.35,23446.8,981.36,0,0,0,0.0,0,F1,65,,,,,,0
2026-09-23,2026-09-23,FO,NSE,IDO,40860,,NIFTY,,2026-10-06,2026-10-06,24850.0,PE,NIFTY26O0624850PE,0.0,0.0,0.0,877.55,0.0,877.55,23446.8,1358.94,0,0,0,0.0,0,F1,65,,,,,,0
2026-09-23,2026-09-23,FO,NSE,IDO,47099,,NIFTY,,2026-10-19,2026-10-19,21650.0,PE,NIFTY26O1921650PE,0.0,0.0,0.0,34.5,0.0,34.5,23446.8,8.09,0,0,0,0.0,0,F1,65,,,,,,0
2026-09-23,2026-09-23,FO,NSE,IDO,47103,,NIFTY,,2026-10-19,2026-10-19,21750.0,PE,NIFTY26O1921750PE,0.0,0.0,0.0,43.95,43.95,43.95,23446.8,10.82,130,0,0,0.0,0,F1,65,,,,,,0
2026-09-23,2026-09-23,FO,NSE,IDO,47109,,NIFTY,,2026-10-19,2026-10-19,21900.0,PE,NIFTY26O1921900PE,0.0,0.0,0.0,57.8,0.0,57.8,23446.8,16.4,0,0,0,0.0,0,F1,65,,,,,,0
2026-09-23,2026-09-23,FO,NSE,IDO,47140,,NIFTY,,2026-10-19,2026-10-19,22600.0,PE,NIFTY26O1922600PE,0.0,0.0,0.0,192.6,0.0,192.6,23446.8,84.28,0,0,0,0.0,0,F1,65,,,,,,0
2026-09-23,2026-09-23,FO,NSE,IDO,47154,,NIFTY,,2026-10-19,2026-10-19,22800.0,PE,NIFTY26O1922800PE,73.0,73.1,50.9,54.15,52.7,70.75,23446.8,54.15,33540,11895,497,738532258.75,316,F1,65,,,,,,32305
2026-09-23,2026-09-23,FO,NSE,IDO,47344,,NIFTY,,2026-10-19,2026-10-19,24500.0,PE,NIFTY26O1924500PE,0.0,0.0,0.0,1329.5,0.0,1329.5,23446.8,1042.71,0,0,0,0.0,0,F1,65,,,,,,0
2026-09-23,2026-09-23,FO,NSE,IDO,47417,,NIFTY,,2026-10-19,2026-10-19,24900.0,PE,NIFTY26O1924900PE,0.0,0.0,0.0,1686.55,0.0,1686.55,23446.8,1391.37,0,0,0,0.0,0,F1,65,,,,,,0
2026-09-23,2026-09-23,FO,NSE,IDO,47428,,NIFTY,,2026-10-19,2026-10-19,25050.0,PE,NIFTY26O1925050PE,0.0,0.0,0.0,1825.8,0.0,1825.8,23446.8,1529.14,0,0,0,0.0,0,F1,65,,,,,,0
2026-09-23,2026-09-23,FO,NSE,IDO,51321,,NIFTY,,2026-10-27,2026-10-27,22300.0,PE,NIFTY26OCT22300PE,40.4,42.7,30.8,34.55,33.8,43.95,23446.8,34.55,610285,-25870,7583,11008450602.5,3920,F1,65,,,,,,492895
2026-09-23,2026-09-23,FO,NSE,IDO,51373,,NIFTY,,2026-10-27,2026-10-27,23500.0,PE,NIFTY26OCT23500PE,287.05,302.2,233.65,249.4,244.4,295.7,23446.8,249.4,4538950,1289600,52767,81493675601.0,40344,F1,65,,,,,,3429855
2026-09-23,2026-09-23,FO,NSE,IDO,51455,,NIFTY,,2026-10-27,2026-10-27,25350.0,PE,NIFTY26OCT25350PE,1750.0,1750.0,1750.0,1750.0,1750.0,1900.0,23446.8,1788.35,455,0,1,1761500.0,1,F1,65,,,,,,65
2026-09-23,2026-09-23,FO,NSE,IDO,51489,,NIFTY,,2026-10-27,2026-10-27,25950.0,PE,NIFTY26OCT25950PE,0.0,0.0,0.0,1842.3,0.0,1842.3,23446.8,2361.01,0,0,0,0.0,0,F1,65,,,,,,0
2026-09-23,2026-09-23,FO,NSE,IDO,53524,,NIFTY,,2026-11-03,2026-11-03,21950.0,PE,NIFTY26N0321950PE,0.0,0.0,0.0,58.75,0.0,58.75,23446.8,45.36,0,0,0,0.0,0,F1,65,,,,,,0
2026-09-23,2026-09-23,FO,NSE,IDO,53859,,NIFTY,,2026-11-03,2026-11-03,22900.0,PE,NIFTY26N0322900PE,0.0,0.0,0.0,252.7,0.0,252.7,23446.8,211.51,0,0,0,0.0,0,F1,65,,,,,,0
2026-09-23,2026-09-23,FO,NSE,IDO,53927,,NIFTY,,2026-11-03,2026-11-03,23100.0,PE,NIFTY26N0323100PE,0.0,0.0,0.0,323.55,0.0,323.55,23446.8,274.71,0,0,0,0.0,0,F1,65,,,,,,0
2026-09-23,2026-09-23,FO,NSE,IDO,54065,,NIFTY,,2026-11-03,2026-11-03,23600.0,PE,NIFTY26N0323600PE,0.0,0.0,0.0,555.1,0.0,555.1,23446.8,486.24,0,0,0,0.0,0,F1,65,,,,,,0
2026-09-23,2026-09-23,FO,NSE,IDO,54267,,NIFTY,,2026-11-03,2026-11-03,24750.0,PE,NIFTY26N0324750PE,0.0,0.0,0.0,1363.45,0.0,1363.45,23446.8,1257.45,0,0,0,0.0,0,F1,65,,,,,,0
2026-09-23,2026-09-23,FO,NSE,IDO,64293,,NIFTY,,2026-11-23,2026-11-23,22700.0,PE,NIFTY26NOV22700PE,131.5,132.25,109.2,116.35,114.85,136.85,23446.8,116.35,85020,6370,668,990724761.0,384,F1,65,,,,,,43420
2026-09-23,2026-09-23,FO,NSE,IDO,64372,,NIFTY,,2026-11-23,2026-11-23,23450.0,PE,NIFTY26NOV23450PE,338.05,338.05,286.45,298.05,298.0,338.05,23446.8,298.05,11115,-1105,153,236255789.25,98,F1,65,,,,,,9945
2026-09-23,2026-09-23,FO,NSE,IDO,64380,,NIFTY,,2026-11-23,2026-11-23,23650.0,PE,NIFTY26NOV23650PE,411.4,411.4,367.0,379.9,377.0,418.95,23446.8,379.9,10725,-585,39,60912348.25,24,F1,65,,,,,,2535
2026-09-23,2026-09-23,FO,NSE,IDO,64482,,NIFTY,,2026-11-23,2026-11-23,25700.0,PE,NIFTY26NOV25700PE,0.0,0.0,0.0,1890.0,1890.0,1890.0,23446.8,2060.56,65,0,0,0.0,0,F1,65,,,,,,0
2026-09-23,2026-09-23,FO,NSE,IDO,58643,,NIFTY,,2026-12-29,2026-12-29,19000.0,PE,NIFTY26DEC19000PE,24.15,24.5,21.6,22.4,22.2,23.9,23446.8,22.4,790765,11375,961,1188242152.5,599,F1,65,,,,,,62465
2026-09-23,2026-09-23,FO,NSE,IDO,58649,,NIFTY,,2026-12-29,2026-12-29,22000.0,PE,NIFTY26DEC22000PE,108.55,111.05,93.35,98.15,98.5,110.9,23446.8,98.15,2619750,5395,8960,12870443761.5,4657,F1,65,,,,,,582400
2026-09-23,2026-09-23,FO,NSE,IDO,80248,,NIFTY,,2027-03-30,2027-03-30,18000.0,PE,NIFTY27MAR18000PE,37.5,38.1,33.0,36.05,37.1,38.15,23446.8,36.05,46410,910,93,109023983.25,67,F1,65,,,,,,6045
2026-09-23,2026-09-23,FO,NSE,IDO,71548,,NIFTY,,2027-06-29,2027-06-29,18000.0,PE,NIFTY27JUN18000PE,0.0,0.0,0.0,37.1,37.1,37.1,23446.8,10.98,230,0,0,0.0,0,F1,65,,,,,,0
2026-09-23,2026-09-23,FO,NSE,IDO,50984,,NIFTY,,2027-06-29,2027-06-29,27000.0,PE,NIFTY27JUN27000PE,0.0,0.0,0.0,1985.0,1985.0,1985.0,23446.8,2783.29,130,0,0,0.0,0,F1,65,,,,,,0
2026-09-23,2026-09-23,FO,NSE,IDO,86134,,NIFTY,,2028-06-27,2028-06-27,15000.0,PE,NIFTY28JUN15000PE,0.0,0.0,0.0,127.2,0.0,127.2,23446.8,4.3,0,0,0,0.0,0,F1,65,,,,,,0
2026-09-23,2026-09-23,FO,NSE,IDO,86164,,NIFTY,,2028-06-27,2028-06-27,27000.0,PE,NIFTY28JUN27000PE,0.0,0.0,0.0,2752.35,0.0,2752.35,23446.8,2351.71,0,0,0,0.0,0,F1,65,,,,,,0
2026-09-23,2026-09-23,FO,NSE,IDO,67783,,NIFTY,,2028-12-26,2028-12-26,24000.0,PE,NIFTY28DEC24000PE,0.0,0.0,0.0,922.0,922.0,922.0,23446.8,1020.28,5135,0,0,0.0,0,F1,65,,,,,,0
2026-09-23,2026-09-23,FO,NSE,IDO,55527,,NIFTY,,2028-12-26,2028-12-26,31500.0,PE,NIFTY28DEC31500PE,0.0,0.0,0.0,2673.4,0.0,2673.4,23446.8,4792.7,0,0,0,0.0,0,F1,65,,,,,,0
2026-09-23,2026-09-23,FO,NSE,IDO,55557,,NIFTY,,2029-06-26,2029-06-26,16500.0,PE,NIFTY29JUN16500PE,0.0,0.0,0.0,8.1,0.0,8.1,23446.8,38.68,0,0,0,0.0,0,F1,65,,,,,,0
2026-09-23,2026-09-23,FO,NSE,IDO,89613,,NIFTY,,2029-06-26,2029-06-26,18000.0,PE,NIFTY29JUN18000PE,0.0,0.0,0.0,118.45,0.0,118.45,23446.8,94.53,0,0,0,0.0,0,F1,65,,,,,,0
2026-09-23,2026-09-23,FO,NSE,IDO,55559,,NIFTY,,2029-06-26,2029-06-26,19500.0,PE,NIFTY29JUN19500PE,0.0,0.0,0.0,56.0,0.0,56.0,23446.8,198.91,0,0,0,0.0,0,F1,65,,,,,,0
2026-09-23,2026-09-23,FO,NSE,IDO,61773,,NIFTY,,2029-12-24,2029-12-24,25000.0,PE,NIFTY29DEC25000PE,0.0,0.0,0.0,1250.0,1250.0,1250.0,23446.8,1221.15,1265,0,0,0.0,0,F1,65,,,,,,0
2026-09-23,2026-09-23,FO,NSE,IDO,55695,,NIFTY,,2030-12-31,2030-12-31,15000.0,PE,NIFTY30DEC15000PE,0.0,0.0,0.0,4.95,0.0,4.95,23446.8,25.59,0,0,0,0.0,0,F1,65,,,,,,0
2026-09-23,2026-09-23,FO,NSE,IDO,74642,,NIFTY,,2031-06-24,2031-06-24,18000.0,PE,NIFTY31JUN18000PE,0.0,0.0,0.0,173.45,0.0,173.45,23446.8,125.22,0,0,0,0.0,0,F1,65,,,,,,0
2026-09-23,2026-09-23,FO,NSE,IDO,73883,,NIFTY,,2026-09-29,2026-09-29,22450.0,CE,NIFTY26SEP22450CE,1021.0,1042.1,1016.05,1016.05,1016.05,895.15,23446.8,1020.98,520,130,5,7629050.0,5,F1,65,,,,,,325
2026-09-23,2026-09-23,FO,NSE,IDO,73854,,NIFTY,,2026-09-29,2026-09-29,21850.0,CE,NIFTY26SEP21850CE,0.0,0.0,0.0,1480.0,1480.0,1480.0,23446.8,1618.15,65,0,0,0.0,0,F1,65,,,,,,0
2026-09-23,2026-09-23,FO,NSE,IDO,73865,,NIFTY,,2026-09-29,2026-09-29,22000.0,CE,NIFTY26SEP22000CE,1420.0,1485.8,1374.05,1454.85,1460.9,1393.85,23446.8,1454.85,692705,-48880,1180,1798685092.75,958,F1,65,,,,,,76700
2026-09-23,2026-09-23,FO,NSE,IDO,73885,,NIFTY,,2026-09-29,2026-09-29,22550.0,CE,NIFTY26SEP22550CE,613.9,909.6,613.9,902.85,902.85,837.9,23446.8,922.98,845,260,49,74544928.25,32,F1,65,,,,,,3185
2026-09-23,2026-09-23,FO,NSE,IDO,47104,,NIFTY,,2026-10-19,2026-10-19,21800.0,CE,NIFTY26O1921800CE,0.0,0.0,0.0,1484.95,0.0,1484.95,23446.8,1751.31,0,0,0,0.0,0,F1,65,,,,,,0
2026-09-23,2026-09-23,FO,NSE,IDO,74637,,NIFTY,,2031-06-24,2031-06-24,15000.0,PE,NIFTY31JUN15000PE,0.0,0.0,0.0,47.5,0.0,47.5,23446.8,28.56,0,0,0,0.0,0,F1,65,,,,,,0
2026-09-23,2026-09-23,FO,NSE,IDO,55703,,NIFTY,,2030-12-31,2030-12-31,21000.0,PE,NIFTY30DEC21000PE,0.0,0.0,0.0,450.0,450.0,450.0,23446.8,374.0,845,0,0,0.0,0,F1,65,,,,,,0
2026-09-23,2026-09-23,FO,NSE,IDO,55647,,NIFTY,,2030-06-25,2030-06-25,25500.0,PE,NIFTY30JUN25500PE,0.0,0.0,0.0,568.55,0.0,568.55,23446.8,1293.71,0,0,0,0.0,0,F1,65,,,,,,0
2026-09-23,2026-09-23,FO,NSE,IDO,60899,,NIFTY,,2030-06-25,2030-06-25,21000.0,PE,NIFTY30JUN21000PE,0.0,0.0,0.0,220.0,220.0,220.0,23446.8,378.57,65,0,0,0.0,0,F1,65,,,,,,0
2026-09-23,2026-09-23,FO,NSE,IDO,55609,,NIFTY,,2029-12-24,2029-12-24,31500.0,PE,NIFTY29DEC31500PE,0.0,0.0,0.0,2240.25,0.0,2240.25,23446.8,3999.52,0,0,0,0.0,0,F1,65,,,,,,0
2026-09-23,2026-09-23,FO,NSE,IDO,55605,,NIFTY,,2029-12-24,2029-12-24,25500.0,PE,NIFTY29DEC25500PE,0.0,0.0,0.0,597.3,0.0,597.3,23446.8,1373.13,0,0,0,0.0,0,F1,65,,,,,,0
2026-09-23,2026-09-23,FO,NSE,IDO,89631,,NIFTY,,2029-06-26,2029-06-26,24000.0,PE,NIFTY29JUN24000PE,0.0,0.0,0.0,850.0,850.0,850.0,23446.8,988.8,155,0,0,0.0,0,F1,65,,,,,,0
2026-09-23,2026-09-23,FO,NSE,IDO,55525,,NIFTY,,2028-12-26,2028-12-26,28500.0,PE,NIFTY28DEC28500PE,0.0,0.0,0.0,1451.15,0.0,1451.15,23446.8,2948.68,0,0,0,0.0,0,F1,65,,,,,,0
2026-09-23,2026-09-23,FO,NSE,IDO,67789,,NIFTY,,2028-12-26,2028-12-26,27000.0,PE,NIFTY28DEC27000PE,1775.0,1775.0,1775.0,1775.0,1775.0,1848.0,23446.8,2183.06,17325,0,1,1870375.0,1,F1,65,,,,,,65
2026-09-23,2026-09-23,FO,NSE,IDO,80267,,NIFTY,,2027-03-30,2027-03-30,19500.0,PE,NIFTY27MAR19500PE,57.95,59.45,53.65,56.65,58.45,58.9,23446.8,56.65,214955,14105,460,584756614.0,263,F1,65,,,,,,29900
2026-09-23,2026-09-23,FO,NSE,IDO,71506,,NIFTY,,2026-12-29,2026-12-29,26000.0,PE,NIFTY26DEC26000PE,2255.6,2255.6,2120.05,2147.0,2147.0,2196.6,23446.8,2147.0,1475720,6450,307,561872177.75,265,F1,65,,,,,,19955
2026-09-23,2026-09-23,FO,NSE,IDO,58631,,NIFTY,,2026-12-29,2026-12-29,13000.0,PE,NIFTY26DEC13000PE,0.0,0.0,0.0,5.2,5.2,5.2,23446.8,0.0,7615,0,0,0.0,0,F1,65,,,,,,0
2026-09-23,2026-09-23,FO,NSE,IDO,64474,,NIFTY,,2026-11-23,2026-11-23,25500.0,PE,NIFTY26NOV25500PE,1856.0,1878.1,1787.35,1823.6,1823.5,1873.6,23446.8,1823.6,179595,22880,411,729553324.5,397,F1,65,,,,,,26715
2026-09-23,2026-09-23,FO,NSE,IDO,64450,,NIFTY,,2026-11-23,2026-11-23,25150.0,PE,NIFTY26NOV25150PE,0.0,0.0,0.0,1030.25,0.0,1030.25,23446.8,1587.76,0,0,0,0.0,0,F1,65,,,,,,0
2026-09-23,2026-09-23,FO,NSE,IDO,64408,,NIFTY,,2026-11-23,2026-11-23,24250.0,PE,NIFTY26NOV24250PE,0.0,0.0,0.0,789.2,789.2,789.2,23446.8,921.58,975,0,0,0.0,0,F1,65,,,,,,0
2026-09-23,2026-09-23,FO,NSE,IDO,64406,,NIFTY,,2026-11-23,2026-11-23,24200.0,PE,NIFTY26NOV24200PE,730.35,730.35,680.0,694.6,692.0,747.75,23446.8,694.6,13130,-1625,75,121391738.0,58,F1,65,,,,,,4875
2026-09-23,2026-09-23,FO,NSE,IDO,64390,,NIFTY,,2026-11-23,2026-11-23,23850.0,PE,NIFTY26NOV23850PE,506.0,506.0,487.15,487.15,487.15,529.05,23446.8,682.84,2405,-260,4,6331334.75,2,F1,65,,,,,,260
2026-09-23,2026-09-23,FO,NSE,IDO,64295,,NIFTY,,2026-11-23,2026-11-23,22750.0,PE,NIFTY26NOV22750PE,141.4,141.4,119.8,119.8,119.8,147.65,23446.8,237.07,13975,2080,33,49059897.25,9,F1,65,,,,,,2145
2026-09-23,2026-09-23,FO,NSE,IDO,64269,,NIFTY,,2026-11-23,2026-11-23,22300.0,PE,NIFTY26NOV22300PE,79.7,80.05,67.55,71.55,71.8,87.7,23446.8,71.55,25350,1755,258,375189161.75,173,F1,65,,,,,,16770
2026-09-23,2026-09-23,FO,NSE,IDO,64219,,NIFTY,,2026-11-23,2026-11-23,21650.0,PE,NIFTY26NOV21650PE,0.0,0.0,0.0,65.0,65.0,65.0,23446.8,52.68,390,0,0,0.0,0,F1,65,,,,,,0
2026-09-23,2026-09-23,FO,NSE,IDO,54193,,NIFTY,,2026-11-03,2026-11-03,24550.0,PE,NIFTY26N0324550PE,0.0,0.0,0.0,1199.8,0.0,1199.8,23446.8,1098.68,0,0,0,0.0,0,F1,65,,,,,,0
2026-09-23,2026-09-23,FO,NSE,IDO,54105,,NIFTY,,2026-11-03,2026-11-03,23850.0,PE,NIFTY26N0323850PE,0.0,0.0,0.0,700.25,0.0,700.25,23446.8,621.71,0,0,0,0.0,0,F1,65,,,,,,0
2026-09-23,2026-09-23,FO,NSE,IDO,53719,,NIFTY,,2026-11-03,2026-11-03,22550.0,PE,NIFTY26N0322550PE,0.0,0.0,0.0,156.5,0.0,156.5,23446.8,127.54,0,0,0,0.0,0,F1,65,,,,,,0
2026-09-23,2026-09-23,FO,NSE,IDO,51497,,NIFTY,,2026-10-27,2026-10-27,26150.0,PE,NIFTY26OCT26150PE,0.0,0.0,0.0,2585.0,2585.0,2585.0,23446.8,2556.18,130,0,0,0.0,0,F1,65,,,,,,0
2026-09-23,2026-09-23,FO,NSE,IDO,51487,,NIFTY,,2026-10-27,2026-10-27,25900.0,PE,NIFTY26OCT25900PE,0.0,0.0,0.0,2143.85,2143.85,2143.85,23446.8,2312.46,130,0,0,0.0,0,F1,65,,,,,,0
2026-09-23,2026-09-23,FO,NSE,IDO,51481,,NIFTY,,2026-10-27,2026-10-27,25750.0,PE,NIFTY26OCT25750PE,0.0,0.0,0.0,1659.3,1659.3,1659.3,23446.8,2167.53,325,0,0,0.0,0,F1,65,,,,,,0
2026-09-23,2026-09-23,FO,NSE,IDO,51347,,NIFTY,,2026-10-27,2026-10-27,22850.0,PE,NIFTY26OCT22850PE,99.95,100.15,74.8,81.1,80.05,102.9,23446.8,81.1,36465,260,737,1098671645.5,536,F1,65,,,,,,47905
2026-09-23,2026-09-23,FO,NSE,IDO,51345,,NIFTY,,2026-10-27,2026-10-27,22800.0,PE,NIFTY26OCT22800PE,97.8,97.85,66.95,74.2,72.5,94.95,23446.8,74.2,526240,88335,12446,18506881097.25,7575,F1,65,,,,,,808990
2026-09-23,2026-09-23,FO,NSE,IDO,51339,,NIFTY,,2026-10-27,2026-10-27,22650.0,PE,NIFTY26OCT22650PE,72.2,72.2,52.35,57.5,57.45,73.3,23446.8,57.5,38740,-390,833,1229629930.75,617,F1,65,,,,,,54145
2026-09-23,2026-09-23,FO,NSE,IDO,51319,,NIFTY,,2026-10-27,2026-10-27,22250.0,PE,NIFTY26OCT22250PE,36.05,38.05,29.0,32.05,31.75,40.85,23446.8,32.05,497965,2275,1073,1554146005.75,730,F1,65,,,,,,69745
2026-09-23,2026-09-23,FO,NSE,IDO,47214,,NIFTY,,2026-10-19,2026-10-19,23950.0,PE,NIFTY26O1923950PE,0.0,0.0,0.0,887.9,0.0,887.9,23446.8,629.27,0,0,0,0.0,0,F1,65,,,,,,0
2026-09-23,2026-09-23,FO,NSE,IDO,47178,,NIFTY,,2026-10-19,2026-10-19,23350.0,PE,NIFTY26O1923350PE,203.75,204.55,156.55,165.75,166.0,204.25,23446.8,165.75,3705,-130,148,226350410.0,112,F1,65,,,,,,9620
2026-09-23,2026-09-23,FO,NSE,IDO,47170,,NIFTY,,2026-10-19,2026-10-19,23150.0,PE,NIFTY26O1923150PE,135.8,136.05,105.7,112.2,112.0,146.5,23446.8,112.2,1690,-65,70,105891168.5,54,F1,65,,,,,,4550
2026-09-23,2026-09-23,FO,NSE,IDO,47120,,NIFTY,,2026-10-19,2026-10-19,22150.0,PE,NIFTY26O1922150PE,0.0,0.0,0.0,92.4,0.0,92.4,23446.8,31.12,0,0,0,0.0,0,F1,65,,,,,,0
2026-09-23,2026-09-23,FO,NSE,IDO,47095,,NIFTY,,2026-10-19,2026-10-19,21600.0,PE,NIFTY26O1921600PE,0.0,0.0,0.0,30.9,0.0,30.9,23446.8,6.96,0,0,0,0.0,0,F1,65,,,,,,0
2026-09-23,2026-09-23,FO,NSE,IDO,47088,,NIFTY,,2026-10-19,2026-10-19,21500.0,PE,NIFTY26O1921500PE,0.0,0.0,0.0,24.7,0.0,24.7,23446.8,5.12,0,0,0,0.0,0,F1,65,,,,,,0
2026-09-23,2026-09-23,FO,NSE,IDO,44793,,NIFTY,,2026-10-13,2026-10-13,25300.0,PE,NIFTY26O1325300PE,0.0,0.0,0.0,1583.0,0.0,1583.0,23446.8,1779.12,0,0,0,0.0,0,F1,65,,,,,,0
2026-09-23,2026-09-23,FO,NSE,IDO,44777,,NIFTY,,2026-10-13,2026-10-13,24950.0,PE,NIFTY26O1324950PE,0.0,0.0,0.0,1278.75,0.0,1278.75,23446.8,1442.97,0,0,0,0.0,0,F1,65,,,,,,0
2026-09-23,2026-09-23,FO,NSE,IDO,44765,,NIFTY,,2026-10-13,2026-10-13,24750.0,PE,NIFTY26O1324750PE,0.0,0.0,0.0,1115.1,0.0,1115.1,23446.8,1256.86,0,0,0,0.0,0,F1,65,,,,,,0
2026-09-23,2026-09-23,FO,NSE,IDO,44595,,NIFTY,,2026-10-13,2026-10-13,22200.0,PE,NIFTY26O1322200PE,16.8,16.8,10.7,11.85,11.9,15.6,23446.8,11.85,35685,1820,370,534211158.0,181,F1,65,,,,,,24050
2026-09-23,2026-09-23,FO,NSE,IDO,44567,,NIFTY,,2026-10-13,2026-10-13,21850.0,PE,NIFTY26O1321850PE,0.0,0.0,0.0,20.3,0.0,20.3,23446.8,7.06,0,0,0,0.0,0,F1,65,,,,,,0
2026-09-23,2026-09-23,FO,NSE,IDO,44565,,NIFTY,,2026-10-13,2026-10-13,21800.0,PE,NIFTY26O1321800PE,10.1,10.1,6.45,7.75,8.0,9.2,23446.8,7.75,19955,2210,114,161593757.0,38,F1,65,,,,,,7410
2026-09-23,2026-09-23,FO,NSE,IDO,44541,,NIFTY,,2026-10-13,2026-10-13,21500.0,PE,NIFTY26O1321500PE,6.15,6.8,5.7,6.1,6.15,7.05,23446.8,6.1,18265,13650,430,601095647.75,190,F1,65,,,,,,27950
2026-09-23,2026-09-23,FO,NSE,IDO,40886,,NIFTY,,2026-10-06,2026-10-06,25500.0,PE,NIFTY26O0625500PE,2075.0,2080.0,1997.15,2010.4,2010.0,2057.85,23446.8,2010.4,14430,2730,56,100195559.75,55,F1,65,,,,,,3640
2026-09-23,2026-09-23,FO,NSE,IDO,40872,,NIFTY,,2026-10-06,2026-10-06,25150.0,PE,NIFTY26O0625150PE,0.0,0.0,0.0,1102.0,0.0,1102.0,23446.8,1652.78,0,0,0,0.0,0,F1,65,,,,,,0
2026-09-23,2026-09-23,FO,NSE,IDO,40870,,NIFTY,,2026-10-06,2026-10-06,25100.0,PE,NIFTY26O0625100PE,0.0,0.0,0.0,1063.1,0.0,1063.1,23446.8,1603.46,0,0,0,0.0,0,F1,65,,,,,,0
2026-09-23,2026-09-23,FO,NSE,IDO,40820,,NIFTY,,2026-10-06,2026-10-06,24350.0,PE,NIFTY26O0624350PE,0.0,0.0,0.0,560.0,0.0,560.0,23446.8,891.53,0,0,0,0.0,0,F1,65,,,,,,0
2026-09-23,2026-09-23,FO,NSE,IDO,40788,,NIFTY,,2026-10-06,2026-10-06,23850.0,PE,NIFTY26O0623850PE,445.7,459.3,389.4,400.6,398.75,479.55,23446.8,400.6,6110,1040,53,83568468.75,51,F1,65,,,,,,3445
2026-09-23,2026-09-23,FO,NSE,IDO,40754,,NIFTY,,2026-10-06,2026-10-06,23350.0,PE,NIFTY26O0623350PE,145.5,148.5,98.5,105.3,101.05,145.65,23446.8,105.3,141440,61165,19702,30057637197.25,13179,F1,65,,,,,,1280630
2026-09-23,2026-09-23,FO,NSE,IDO,40746,,NIFTY,,2026-10-06,2026-10-06,23200.0,PE,NIFTY26O0623200PE,95.45,96.85,60.65,64.6,61.5,95.45,23446.8,64.6,561665,275145,29647,44851712785.75,18178,F1,65,,,,,,1927055
2026-09-23,2026-09-23,FO,NSE,IDO,40724,,NIFTY,,2026-10-06,2026-10-06,22950.0,PE,NIFTY26O0622950PE,41.25,45.75,26.85,29.25,26.85,45.8,23446.8,29.25,190450,106210,9735,14543679744.75,5804,F1,65,,,,,,632775
2026-09-23,2026-09-23,FO,NSE,IDO,40696,,NIFTY,,2026-10-06,2026-10-06,22450.0,PE,NIFTY26O0622450PE,11.15,11.2,8.45,8.85,8.5,12.4,23446.8,8.85,82420,54080,2773,4048187578.5,1492,F1,65,,,,,,180245
2026-09-23,2026-09-23,FO,NSE,IDO,40662,,NIFTY,,2026-10-06,2026-10-06,21850.0,PE,NIFTY26O0621850PE,0.0,0.0,0.0,5.65,5.65,5.65,23446.8,1.6,1235,0,0,0.0,0,F1,65,,,,,,0
2026-09-23,2026-09-23,FO,NSE,IDO,74508,,NIFTY,,2026-09-29,2026-09-29,27200.0,PE,NIFTY26SEP27200PE,0.0,0.0,0.0,3004.3,0.0,3004.3,23446.8,3726.65,0,0,0,0.0,0,F1,65,,,,,,0
2026-09-23,2026-09-23,FO,NSE,IDO,74472,,NIFTY,,2026-09-29,2026-09-29,26300.0,PE,NIFTY26SEP26300PE,2835.0,2869.5,2834.75,2862.75,2862.75,2929.5,23446.8,2862.75,71760,-2210,34,64406358.25,32,F1,65,,,,,,2210
2026-09-23,2026-09-23,FO,NSE,IDO,74419,,NIFTY,,2026-09-29,2026-09-29,25750.0,PE,NIFTY26SEP25750PE,2300.0,2300.0,2270.0,2270.0,2270.0,2430.0,23446.8,2278.07,260,-65,3,5467800.0,3,F1,65,,,,,,195
2026-09-23,2026-09-23,FO,NSE,IDO,74350,,NIFTY,,2026-09-29,2026-09-29,24600.0,PE,NIFTY26SEP24600PE,1200.0,1200.0,1118.05,1145.3,1146.5,1204.4,23446.8,1145.3,633945,-24505,600,1003853594.25,507,F1,65,,,,,,39000
2026-09-23,2026-09-23,FO,NSE,IDO,74115,,NIFTY,,2026-09-29,2026-09-29,24400.0,PE,NIFTY26SEP24400PE,981.0,1025.8,916.45,948.4,942.35,1011.25,23446.8,948.4,1776060,-97630,2258,3720811848.0,1883,F1,65,,,,,,146770
2026-09-23,2026-09-23,FO,NSE,IDO,74098,,NIFTY,,2026-09-29,2026-09-29,24250.0,PE,NIFTY26SEP24250PE,820.0,861.6,767.05,798.05,794.0,852.95,23446.8,798.05,145210,-2080,181,294729581.25,114,F1,65,,,,,,11765
2026-09-23,2026-09-23,FO,NSE,IDO,74065,,NIFTY,,2026-09-29,2026-09-29,24100.0,PE,NIFTY26SEP24100PE,697.85,725.25,618.4,650.2,643.55,715.75,23446.8,650.2,537160,-175825,4605,7409177256.0,4274,F1,65,,,,,,299325
2026-09-23,2026-09-23,FO,NSE,IDO,74059,,NIFTY,,2026-09-29,2026-09-29,23950.0,PE,NIFTY26SEP23950PE,560.55,576.65,470.0,501.9,498.0,566.25,23446.8,501.9,140270,2470,954,1516473582.0,771,F1,65,,,,,,62010
2026-09-23,2026-09-23,FO,NSE,IDO,74011,,NIFTY,,2026-09-29,2026-09-29,23750.0,PE,NIFTY26SEP23750PE,380.0,392.5,286.05,314.6,309.75,376.3,23446.8,314.6,254930,31720,13845,21663595229.25,9480,F1,65,,,,,,899925
2026-09-23,2026-09-23,FO,NSE,IDO,74009,,NIFTY,,2026-09-29,2026-09-29,23700.0,PE,NIFTY26SEP23700PE,333.3,348.0,244.2,271.15,263.6,334.4,23446.8,271.15,1051505,43225,80639,125699362106.5,50135,F1,65,,,,,,5241535
2026-09-23,2026-09-23,FO,NSE,IDO,73909,,NIFTY,,2026-09-29,2026-09-29,23150.0,PE,NIFTY26SEP23150PE,47.0,48.65,22.4,25.8,22.8,48.95,23446.8,25.8,2113280,677820,470017,708273784260.25,170215,F1,65,,,,,,30551105
2026-09-23,2026-09-23,FO,NSE,IDO,73876,,NIFTY,,2026-09-29,2026-09-29,22250.0,PE,NIFTY26SEP22250PE,3.3,3.3,2.25,2.65,2.55,3.0,23446.8,2.65,573950,181285,61916,89557466550.5,16218,F1,65,,,,,,4024540
2026-09-23,2026-09-23,FO,NSE,IDO,73874,,NIFTY,,2026-09-29,2026-09-29,22200.0,PE,NIFTY26SEP22200PE,2.5,3.05,2.15,2.55,2.4,2.75,23446.8,2.55,2741960,773305,196655,283806962357.75,36745,F1,65,,,,,,12782575
2026-09-23,2026-09-23,FO,NSE,IDO,73848,,NIFTY,,2026-09-29,2026-09-29,21700.0,PE,NIFTY26SEP21700PE,1.95,2.1,1.55,1.75,1.8,2.0,23446.8,1.75,986765,66170,52850,74551059618.75,8672,F1,65,,,,,,3435250
2026-09-23,2026-09-23,FO,NSE,IDO,74655,,NIFTY,,2031-06-24,2031-06-24,28500.0,CE,NIFTY31JUN28500CE,0.0,0.0,0.0,5048.95,0.0,5048.95,23446.8,4351.51,0,0,0,0.0,0,F1,65,,,,,,0
2026-09-23,2026-09-23,FO,NSE,IDO,55642,,NIFTY,,2030-06-25,2030-06-25,19500.0,CE,NIFTY30JUN19500CE,0.0,0.0,0.0,11140.25,0.0,11140.25,23446.8,8292.46,0,0,0,0.0,0,F1,65,,,,,,0
2026-09-23,2026-09-23,FO,NSE,IDO,55640,,NIFTY,,2030-06-25,2030-06-25,16500.0,CE,NIFTY30JUN16500CE,0.0,0.0,0.0,13374.05,0.0,13374.05,23446.8,10492.46,0,0,0,0.0,0,F1,65,,,,,,0
2026-09-23,2026-09-23,FO,NSE,IDO,55602,,NIFTY,,2029-12-24,2029-12-24,22500.0,CE,NIFTY29DEC22500CE,0.0,0.0,0.0,8486.15,0.0,8486.15,23446.8,5756.86,0,0,0,0.0,0,F1,65,,,,,,0
2026-09-23,2026-09-23,FO,NSE,IDO,89606,,NIFTY,,2029-06-26,2029-06-26,15000.0,CE,NIFTY29JUN15000CE,0.0,0.0,0.0,13671.85,0.0,13671.85,23446.8,10863.48,0,0,0,0.0,0,F1,65,,,,,,0
2026-09-23,2026-09-23,FO,NSE,IDO,67776,,NIFTY,,2028-12-26,2028-12-26,21000.0,CE,NIFTY28DEC21000CE,0.0,0.0,0.0,7512.5,0.0,7512.5,23446.8,5601.3,0,0,0,0.0,0,F1,65,,,,,,0
2026-09-23,2026-09-23,FO,NSE,IDO,67764,,NIFTY,,2028-12-26,2028-12-26,15000.0,CE,NIFTY28DEC15000CE,0.0,0.0,0.0,11381.75,0.0,11381.75,23446.8,10454.94,0,0,0,0.0,0,F1,65,,,,,,0
2026-09-23,2026-09-23,FO,NSE,IDO,55480,,NIFTY,,2028-06-27,2028-06-27,31500.0,CE,NIFTY28JUN31500CE,0.0,0.0,0.0,1784.8,0.0,1784.8,23446.8,559.09,0,0,0,0.0,0,F1,65,,,,,,0
2026-09-23,2026-09-23,FO,NSE,IDO,55476,,NIFTY,,2028-06-27,2028-06-27,25500.0,CE,NIFTY28JUN25500CE,0.0,0.0,0.0,4676.6,0.0,4676.6,23446.8,2259.59,0,0,0,0.0,0,F1,65,,,,,,0
2026-09-23,2026-09-23,FO,NSE,IDO,55428,,NIFTY,,2027-12-28,2027-12-28,28500.0,CE,NIFTY27DEC28500CE,264.8,293.5,255.55,267.55,267.95,263.15,23446.8,267.55,57785,1885,141,263628599.0,60,F1,65,,,,,,9165
2026-09-23,2026-09-23,FO,NSE,IDO,55426,,NIFTY,,2027-12-28,2027-12-28,25500.0,CE,NIFTY27DEC25500CE,0.0,0.0,0.0,2400.0,2400.0,2400.0,23446.8,1609.25,0,0,0,0.0,0,F1,65,,,,,,0
2026-09-23,2026-09-23,FO,NSE,IDO,55424,,NIFTY,,2027-12-28,2027-12-28,22500.0,CE,NIFTY27DEC22500CE,0.0,0.0,0.0,3011.0,3011.0,3011.0,23446.8,3247.87,65,0,0,0.0,0,F1,65,,,,,,0
2026-09-23,2026-09-23,FO,NSE,IDO,50981,,NIFTY,,2027-06-29,2027-06-29,27000.0,CE,NIFTY27JUN27000CE,178.25,194.95,171.4,188.75,194.95,196.4,23446.8,188.75,19630,4420,125,220857763.75,89,F1,65,,,,,,8125
2026-09-23,2026-09-23,FO,NSE,IDO,71560,,NIFTY,,2027-06-29,2027-06-29,24000.0,CE,NIFTY27JUN24000CE,1183.65,1209.0,1183.65,1190.0,1190.0,1183.65,23446.8,1190.0,14120,390,16,26197453.75,16,F1,65,,,,,,1040
2026-09-23,2026-09-23,FO,NSE,IDO,71553,,NIFTY,,2027-06-29,2027-06-29,21000.0,CE,NIFTY27JUN21000CE,0.0,0.0,0.0,3061.8,0.0,3061.8,23446.8,3623.21,0,0,0,0.0,0,F1,65,,,,,,0
2026-09-23,2026-09-23,FO,NSE,IDO,80192,,NIFTY,,2027-03-30,2027-03-30,18000.0,CE,NIFTY27MAR18000CE,0.0,0.0,0.0,5643.55,0.0,5643.55,23446.8,6027.26,0,0,0,0.0,0,F1,65,,,,,,0
2026-09-23,2026-09-23,FO,NSE,IDO,58646,,NIFTY,,2026-12-29,2026-12-29,21000.0,CE,NIFTY26DEC21000CE,2745.3,2808.75,2715.0,2768.05,2784.95,2725.35,23446.8,2768.05,329050,8710,273,421816018.0,261,F1,65,,,,,,17745
2026-09-23,2026-09-23,FO,NSE,IDO,64491,,NIFTY,,2026-11-23,2026-11-23,25850.0,CE,NIFTY26NOV25850CE,0.0,0.0,0.0,358.95,0.0,358.95,23446.8,64.37,0,0,0,0.0,0,F1,65,,,,,,0
2026-09-23,2026-09-23,FO,NSE,IDO,64427,,NIFTY,,2026-11-23,2026-11-23,24750.0,CE,NIFTY26NOV24750CE,57.35,57.55,50.5,52.7,52.35,58.8,23446.8,52.7,18850,-1560,69,111244149.25,52,F1,65,,,,,,4485
2026-09-23,2026-09-23,FO,NSE,IDO,64401,,NIFTY,,2026-11-23,2026-11-23,24100.0,CE,NIFTY26NOV24100CE,188.05,198.65,175.0,186.1,194.4,189.55,23446.8,186.1,64220,3640,783,1236136070.0,454,F1,65,,,,,,50895
2026-09-23,2026-09-23,FO,NSE,IDO,64397,,NIFTY,,2026-11-23,2026-11-23,24000.0,CE,NIFTY26NOV24000CE,225.95,238.3,209.2,226.3,226.4,226.25,23446.8,226.3,731835,45175,4802,7562080405.75,3450,F1,65,,,,,,312130
2026-09-23,2026-09-23,FO,NSE,IDO,64357,,NIFTY,,2026-11-23,2026-11-23,23300.0,CE,NIFTY26NOV23300CE,600.0,616.0,569.85,600.75,600.2,582.65,23446.8,600.75,35815,-1105,292,453541325.25,199,F1,65,,,,,,18980
2026-09-23,2026-09-23,FO,NSE,IDO,64327,,NIFTY,,2026-11-23,2026-11-23,22950.0,CE,NIFTY26NOV22950CE,0.0,0.0,0.0,788.1,788.1,788.1,23446.8,1033.21,65,0,0,0.0,0,F1,65,,,,,,0
2026-09-23,2026-09-23,FO,NSE,IDO,64270,,NIFTY,,2026-11-23,2026-11-23,22350.0,CE,NIFTY26NOV22350CE,0.0,0.0,0.0,1245.35,1245.35,1245.35,23446.8,1477.04,195,0,0,0.0,0,F1,65,,,,,,0
2026-09-23,2026-09-23,FO,NSE,IDO,64216,,NIFTY,,2026-11-23,2026-11-23,21600.0,CE,NIFTY26NOV21600CE,0.0,0.0,0.0,3092.25,0.0,3092.25,23446.8,2122.69,0,0,0,0.0,0,F1,65,,,,,,0
2026-09-23,2026-09-23,FO,NSE,IDO,64208,,NIFTY,,2026-11-23,2026-11-23,21500.0,CE,NIFTY26NOV21500CE,0.0,0.0,0.0,3185.9,0.0,3185.9,23446.8,2214.24,0,0,0,0.0,0,F1,65,,,,,,0
2026-09-23,2026-09-23,FO,NSE,IDO,54052,,NIFTY,,2026-11-03,2026-11-03,23500.0,CE,NIFTY26N0323500CE,339.95,362.0,323.0,352.5,355.0,491.55,23446.8,352.5,6110,6110,109,168925672.5,87,F1,65,,,,,,7085
2026-09-23,2026-09-23,FO,NSE,IDO,53924,,NIFTY,,2026-11-03,2026-11-03,23050.0,CE,NIFTY26N0323050CE,0.0,0.0,0.0,740.7,0.0,740.7,23446.8,817.92,0,0,0,0.0,0,F1,65,,,,,,0
2026-09-23,2026-09-23,FO,NSE,IDO,53636,,NIFTY,,2026-11-03,2026-11-03,22200.0,CE,NIFTY26N0322200CE,0.0,0.0,0.0,1370.9,0.0,1370.9,23446.8,1475.78,0,0,0,0.0,0,F1,65,,,,,,0
2026-09-23,2026-09-23,FO,NSE,IDO,51520,,NIFTY,,2026-10-27,2026-10-27,26750.0,CE,NIFTY26OCT26750CE,0.0,0.0,0.0,6.35,6.35,6.35,23446.8,1.65,975,0,0,0.0,0,F1,65,,,,,,0
2026-09-23,2026-09-23,FO,NSE,IDO,51514,,NIFTY,,2026-10-27,2026-10-27,26600.0,CE,NIFTY26OCT26600CE,0.0,0.0,0.0,2.6,2.6,2.6,23446.8,2.37,2795,0,0,0.0,0,F1,65,,,,,,0
2026-09-23,2026-09-23,FO,NSE,IDO,51490,,NIFTY,,2026-10-27,2026-10-27,26000.0,CE,NIFTY26OCT26000CE,3.5,4.25,2.5,2.75,2.6,3.55,23446.8,2.75,1121770,163995,7973,13476015371.0,5436,F1,65,,,,,,518245
2026-09-23,2026-09-23,FO,NSE,IDO,51458,,NIFTY,,2026-10-27,2026-10-27,25450.0,CE,NIFTY26OCT25450CE,5.65,6.6,5.1,5.4,5.4,6.5,23446.8,28.34,2015,-2015,44,72804465.5,19,F1,65,,,,,,2860
2026-09-23,2026-09-23,FO,NSE,IDO,51418,,NIFTY,,2026-10-27,2026-10-27,24500.0,CE,NIFTY26OCT24500CE,27.3,29.05,20.6,23.3,23.15,27.7,23446.8,23.3,2396095,193375,24436,38952041349.0,14816,F1,65,,,,,,1588340
2026-09-23,2026-09-23,FO,NSE,IDO,51402,,NIFTY,,2026-10-27,2026-10-27,24200.0,CE,NIFTY26OCT24200CE,63.2,63.2,45.0,51.25,50.95,57.45,23446.8,51.25,885755,71565,15924,25102038598.0,10973,F1,65,,,,,,1035060
2026-09-23,2026-09-23,FO,NSE,IDO,51388,,NIFTY,,2026-10-27,2026-10-27,23900.0,CE,NIFTY26OCT23900CE,126.2,131.4,105.6,119.85,121.7,123.15,23446.8,119.85,490425,20670,8401,13115451807.25,5894,F1,65,,,,,,546065
2026-09-23,2026-09-23,FO,NSE,IDO,51350,,NIFTY,,2026-10-27,2026-10-27,22950.0,CE,NIFTY26OCT22950CE,660.0,660.0,660.0,660.0,660.0,645.7,23446.8,828.88,520,-130,3,4603950.0,1,F1,65,,,,,,195
2026-09-23,2026-09-23,FO,NSE,IDO,51324,,NIFTY,,2026-10-27,2026-10-27,22350.0,CE,NIFTY26OCT22350CE,0.0,0.0,0.0,2124.25,0.0,2124.25,23446.8,1300.72,0,0,0,0.0,0,F1,65,,,,,,0
2026-09-23,2026-09-23,FO,NSE,IDO,51302,,NIFTY,,2026-10-27,2026-10-27,21850.0,CE,NIFTY26OCT21850CE,0.0,0.0,0.0,2551.3,0.0,2551.3,23446.8,1751.11,0,0,0,0.0,0,F1,65,,,,,,0
2026-09-23,2026-09-23,FO,NSE,IDO,51292,,NIFTY,,2026-10-27,2026-10-27,21650.0,CE,NIFTY26OCT21650CE,0.0,0.0,0.0,2729.45,0.0,2729.45,23446.8,1940.26,0,0,0,0.0,0,F1,65,,,,,,0
2026-09-23,2026-09-23,FO,NSE,IDO,47425,,NIFTY,,2026-10-19,2026-10-19,25000.0,CE,NIFTY26O1925000CE,7.5,7.5,5.15,5.9,5.65,7.2,23446.8,5.9,18525,4355,433,703791643.75,158,F1,65,,,,,,28145
2026-09-23,2026-09-23,FO,NSE,IDO,47408,,NIFTY,,2026-10-19,2026-10-19,24800.0,CE,NIFTY26O1924800CE,0.0,0.0,0.0,49.25,0.0,49.25,23446.8,52.9,0,0,0,0.0,0,F1,65,,,,,,0
2026-09-23,2026-09-23,FO,NSE,IDO,47242,,NIFTY,,2026-10-19,2026-10-19,24400.0,CE,NIFTY26O1924400CE,21.85,21.85,16.35,17.2,17.0,20.85,23446.8,17.2,12415,5005,258,409498930.75,103,F1,65,,,,,,16770
2026-09-23,2026-09-23,FO,NSE,IDO,47139,,NIFTY,,2026-10-19,2026-10-19,22600.0,CE,NIFTY26O1922600CE,0.0,0.0,0.0,834.65,0.0,834.65,23446.8,1026.51,0,0,0,0.0,0,F1,65,,,,,,0
2026-09-23,2026-09-23,FO,NSE,IDO,47110,,NIFTY,,2026-10-19,2026-10-19,21950.0,CE,NIFTY26O1921950CE,0.0,0.0,0.0,1352.2,0.0,1352.2,23446.8,1608.22,0,0,0,0.0,0,F1,65,,,,,,0
2026-09-23,2026-09-23,FO,NSE,IDO,55282,,NIFTY,,2026-09-29,2026-09-29,19500.0,CE,NIFTY26SEP19500CE,3911.75,3980.0,3880.0,3942.5,3951.75,3881.5,23446.8,3942.5,116090,-13780,221,336576149.0,218,F1,65,,,,,,14365
2026-09-23,2026-09-23,FO,NSE,IDO,73849,,NIFTY,,2026-09-29,2026-09-29,21750.0,CE,NIFTY26SEP21750CE,1700.0,1700.0,1700.0,1700.0,1700.0,1980.0,23446.8,1718.04,65,0,1,1524250.0,1,F1,65,,,,,,65
2026-09-23,2026-09-23,FO,NSE,IDO,73852,,NIFTY,,2026-09-29,2026-09-29,21800.0,CE,NIFTY26SEP21800CE,0.0,0.0,0.0,1700.0,1700.0,1700.0,23446.8,1668.09,65,0,0,0.0,0,F1,65,,,,,,0
2026-09-23,2026-09-23,FO,NSE,IDO,73869,,NIFTY,,2026-09-29,2026-09-29,22100.0,CE,NIFTY26SEP22100CE,0.0,0.0,0.0,1270.0,1270.0,1270.0,23446.8,1368.56,1170,0,0,0.0,0,F1,65,,,,,,0
2026-09-23,2026-09-23,FO,NSE,IDO,74114,,NIFTY,,2026-09-29,2026-09-29,24400.0,CE,NIFTY26SEP24400CE,2.05,2.25,1.55,1.75,1.7,2.45,23446.8,1.75,4064710,287690,123289,195551187201.5,29090,F1,65,,,,,,8013785
2026-09-23,2026-09-23,FO,NSE,IDO,74353,,NIFTY,,2026-09-29,2026-09-29,24700.0,CE,NIFTY26SEP24700CE,1.3,1.45,0.9,1.0,1.0,1.5,23446.8,1.0,3820570,486655,147256,236429891291.75,23398,F1,65,,,,,,9571640
2026-09-23,2026-09-23,FO,NSE,IDO,74357,,NIFTY,,2026-09-29,2026-09-29,24800.0,CE,NIFTY26SEP24800CE,1.25,1.45,0.8,0.9,0.85,1.45,23446.8,0.9,4346485,-33280,92115,148495205680.25,12522,F1,65,,,,,,5987475
2026-09-23,2026-09-23,FO,NSE,IDO,74361,,NIFTY,,2026-09-29,2026-09-29,24900.0,CE,NIFTY26SEP24900CE,1.05,1.3,0.75,0.85,0.8,1.3,23446.8,0.85,2427295,-460525,116622,188759435523.75,20803,F1,65,,,,,,7580430
2026-09-23,2026-09-23,FO,NSE,IDO,74477,,NIFTY,,2026-09-29,2026-09-29,26400.0,CE,NIFTY26SEP26400CE,0.75,0.85,0.5,0.6,0.65,0.65,23446.8,0.6,22035,2145,1376,2361271341.0,834,F1,65,,,,,,89440
2026-09-23,2026-09-23,FO,NSE,IDO,40759,,NIFTY,,2026-10-06,2026-10-06,23500.0,CE,NIFTY26O0623500CE,134.3,164.4,119.35,142.25,144.3,134.3,23446.8,142.25,1094795,198770,67451,103658957964.25,38035,F1,65,,,,,,4384315
2026-09-23,2026-09-23,FO,NSE,IDO,40809,,NIFTY,,2026-10-06,2026-10-06,24150.0,CE,NIFTY26O0624150CE,11.1,11.15,7.5,7.85,7.65,11.15,23446.8,7.85,121355,76895,5580,8762328282.5,3686,F1,65,,,,,,362700
2026-09-23,2026-09-23,FO,NSE,IDO,40844,,NIFTY,,2026-10-06,2026-10-06,24700.0,CE,NIFTY26O0624700CE,3.45,3.45,2.0,2.55,2.7,3.3,23446.8,2.55,100165,38675,3463,5560402620.5,1806,F1,65,,,,,,225095
2026-09-23,2026-09-23,FO,NSE,IDO,40869,,NIFTY,,2026-10-06,2026-10-06,25100.0,CE,NIFTY26O0625100CE,2.35,2.35,1.15,1.5,1.75,2.0,23446.8,1.5,9555,7995,491,801110947.0,264,F1,65,,,,,,31915
2026-09-23,2026-09-23,FO,NSE,IDO,40871,,NIFTY,,2026-10-06,2026-10-06,25150.0,CE,NIFTY26O0625150CE,2.1,2.1,1.05,1.6,1.1,2.8,23446.8,1.6,3315,1755,329,537864346.5,167,F1,65,,,,,,21385
2026-09-23,2026-09-23,FO,NSE,IDO,44612,,NIFTY,,2026-10-13,2026-10-13,22500.0,CE,NIFTY26O1322500CE,995.0,1008.45,995.0,1008.45,1008.45,872.7,23446.8,1066.81,195,0,3,4582724.25,3,F1,65,,,,,,195
2026-09-23,2026-09-23,FO,NSE,IDO,44656,,NIFTY,,2026-10-13,2026-10-13,23300.0,CE,NIFTY26O1323300CE,307.55,345.2,288.6,327.15,325.75,307.5,23446.8,327.15,81120,42510,2373,3643711201.0,1561,F1,65,,,,,,154245
2026-09-23,2026-09-23,FO,NSE,IDO,44682,,NIFTY,,2026-10-13,2026-10-13,23650.0,CE,NIFTY26O1323650CE,120.55,143.0,111.35,127.7,128.5,124.9,23446.8,127.7,30420,12350,527,814474651.25,412,F1,65,,,,,,34255
2026-09-23,2026-09-23,FO,NSE,IDO,44748,,NIFTY,,2026-10-13,2026-10-13,24450.0,CE,NIFTY26O1324450CE,0.0,0.0,0.0,207.95,0.0,207.95,23446.8,66.97,0,0,0,0.0,0,F1,65,,,,,,0
2026-09-23,2026-09-23,FO,NSE,IDO,44780,,NIFTY,,2026-10-13,2026-10-13,25050.0,CE,NIFTY26O1325050CE,3.55,4.5,2.55,2.9,2.9,5.2,23446.8,16.1,1105,325,78,127020227.75,27,F1,65,,,,,,5070
2026-09-23,2026-09-23,FO,NSE,IDO,44784,,NIFTY,,2026-10-13,2026-10-13,25150.0,CE,NIFTY26O1325150CE,4.0,4.95,2.6,3.25,3.0,4.0,23446.8,3.25,1105,0,30,49048821.25,23,F1,65,,,,,,1950
2026-09-23,2026-09-23,FO,NSE,IDO,47094,,NIFTY,,2026-10-19,2026-10-19,21600.0,CE,NIFTY26O1921600CE,0.0,0.0,0.0,1667.5,0.0,1667.5,23446.8,1944.96,0,0,0,0.0,0,F1,65,,,,,,0
2026-09-23,2026-09-23,FO,NSE,IDO,73873,,NIFTY,,2026-09-29,2026-09-29,22200.0,CE,NIFTY26SEP22200CE,1200.0,1251.0,1191.0,1251.0,1251.0,1193.25,23446.8,1251.0,5330,-650,15,22818331.25,8,F1,65,,,,,,975
2026-09-23,2026-09-23,FO,NSE,IDO,73895,,NIFTY,,2026-09-29,2026-09-29,22800.0,CE,NIFTY26SEP22800CE,588.0,693.7,586.0,658.75,666.8,599.0,23446.8,658.75,269490,11245,2259,3441974776.5,1805,F1,65,,,,,,146835
2026-09-23,2026-09-23,FO,NSE,IDO,73903,,NIFTY,,2026-09-29,2026-09-29,23000.0,CE,NIFTY26SEP23000CE,425.0,507.9,397.3,464.2,472.0,416.7,23446.8,464.2,1335750,-65390,37904,57775011888.75,20359,F1,65,,,,,,2463760
2026-09-23,2026-09-23,FO,NSE,IDO,74007,,NIFTY,,2026-09-29,2026-09-29,23700.0,CE,NIFTY26SEP23700CE,26.6,35.85,19.85,23.15,23.3,27.05,23446.8,23.15,6571630,1360905,1086398,1675434983394.25,330062,F1,65,,,,,,70615870
2026-09-23,2026-09-23,FO,NSE,IDO,74372,,NIFTY,,2026-09-29,2026-09-29,25200.0,CE,NIFTY26SEP25200CE,1.35,1.35,0.7,0.75,0.7,1.15,23446.8,0.75,910455,164645,30509,49975487919.5,5296,F1,65,,,,,,1983085
2026-09-23,2026-09-23,FO,NSE,IDO,74407,,NIFTY,,2026-09-29,2026-09-29,25600.0,CE,NIFTY26SEP25600CE,0.95,1.05,0.65,0.7,0.65,1.0,23446.8,0.7,290095,145080,14901,24795996134.0,3176,F1,65,,,,,,968565
2026-09-23,2026-09-23,FO,NSE,IDO,74465,,NIFTY,,2026-09-29,2026-09-29,26200.0,CE,NIFTY26SEP26200CE,0.75,0.8,0.6,0.7,0.65,0.75,23446.8,0.7,166530,27625,2763,4705511983.25,1512,F1,65,,,,,,179595
2026-09-23,2026-09-23,FO,NSE,IDO,74493,,NIFTY,,2026-09-29,2026-09-29,26800.0,CE,NIFTY26SEP26800CE,0.75,0.75,0.45,0.6,0.45,0.65,23446.8,0.6,13845,11960,902,1571317855.25,623,F1,65,,,,,,58630
2026-09-23,2026-09-23,FO,NSE,IDO,74503,,NIFTY,,2026-09-29,2026-09-29,27100.0,CE,NIFTY26SEP27100CE,0.8,0.8,0.45,0.6,0.55,0.5,23446.8,0.6,41405,28665,2012,3544212662.25,1268,F1,65,,,,,,130780
2026-09-23,2026-09-23,FO,NSE,IDO,40675,,NIFTY,,2026-10-06,2026-10-06,22200.0,CE,NIFTY26O0622200CE,0.0,0.0,0.0,2003.7,0.0,2003.7,23446.8,1301.04,0,0,0,0.0,0,F1,65,,,,,,0
2026-09-23,2026-09-23,FO,NSE,IDO,40712,,NIFTY,,2026-10-06,2026-10-06,22750.0,CE,NIFTY26O0622750CE,0.0,0.0,0.0,653.9,653.9,653.9,23446.8,793.31,260,0,0,0.0,0,F1,65,,,,,,0
2026-09-23,2026-09-23,FO,NSE,IDO,40741,,NIFTY,,2026-10-06,2026-10-06,23100.0,CE,NIFTY26O0623100CE,393.8,448.6,369.35,421.95,427.3,387.95,23446.8,421.95,32435,10790,1222,1867502396.5,850,F1,65,,,,,,79430
2026-09-23,2026-09-23,FO,NSE,IDO,40753,,NIFTY,,2026-10-06,2026-10-06,23350.0,CE,NIFTY26O0623350CE,218.0,257.0,196.65,230.95,233.65,212.7,23446.8,230.95,110110,27105,14899,22829844163.75,9815,F1,65,,,,,,968435
2026-09-23,2026-09-23,FO,NSE,IDO,40803,,NIFTY,,2026-10-06,2026-10-06,24100.0,CE,NIFTY26O0624100CE,14.2,14.2,9.15,9.55,9.6,13.25,23446.8,9.55,723970,384410,29344,45987770019.75,13851,F1,65,,,,,,1907360
2026-09-23,2026-09-23,FO,NSE,IDO,40811,,NIFTY,,2026-10-06,2026-10-06,24200.0,CE,NIFTY26O0624200CE,9.4,9.6,6.3,6.5,6.5,9.4,23446.8,6.5,634400,305305,28869,45424415731.5,15268,F1,65,,,,,,1876485
2026-09-23,2026-09-23,FO,NSE,IDO,40825,,NIFTY,,2026-10-06,2026-10-06,24500.0,CE,NIFTY26O0624500CE,5.35,5.4,3.1,3.7,4.35,5.25,23446.8,3.7,581945,69745,23702,37751055400.5,10550,F1,65,,,,,,1540630
2026-09-23,2026-09-23,FO,NSE,IDO,40835,,NIFTY,,2026-10-06,2026-10-06,24650.0,CE,NIFTY26O0624650CE,3.95,3.95,2.2,2.6,2.95,3.75,23446.8,2.6,3900,1365,315,504762362.0,184,F1,65,,,,,,20475
2026-09-23,2026-09-23,FO,NSE,IDO,40858,,NIFTY,,2026-10-06,2026-10-06,24850.0,CE,NIFTY26O0624850CE,2.85,3.8,1.65,2.3,3.0,3.1,23446.8,2.3,1430,65,319,515306070.5,147,F1,65,,,,,,20735
2026-09-23,2026-09-23,FO,NSE,IDO,40863,,NIFTY,,2026-10-06,2026-10-06,24950.0,CE,NIFTY26O0624950CE,2.3,3.0,1.15,1.8,3.0,2.05,23446.8,1.8,3900,455,168,272474523.75,84,F1,65,,,,,,10920
2026-09-23,2026-09-23,FO,NSE,IDO,40873,,NIFTY,,2026-10-06,2026-10-06,25200.0,CE,NIFTY26O0625200CE,1.75,1.75,0.95,1.4,1.5,1.75,23446.8,1.4,13195,8450,566,927158908.0,221,F1,65,,,,,,36790
2026-09-23,2026-09-23,FO,NSE,IDO,40877,,NIFTY,,2026-10-06,2026-10-06,25300.0,CE,NIFTY26O0625300CE,1.35,1.5,1.1,1.45,1.5,1.7,23446.8,1.45,16900,-650,124,203927899.5,31,F1,65,,,,,,8060
2026-09-23,2026-09-23,FO,NSE,IDO,44544,,NIFTY,,2026-10-13,2026-10-13,21600.0,CE,NIFTY26O1321600CE,0.0,0.0,0.0,2166.5,0.0,2166.5,23446.8,1919.91,0,0,0,0.0,0,F1,65,,,,,,0
2026-09-23,2026-09-23,FO,NSE,IDO,44558,,NIFTY,,2026-10-13,2026-10-13,21700.0,CE,NIFTY26O1321700CE,0.0,0.0,0.0,2070.15,0.0,2070.15,23446.8,1821.51,0,0,0,0.0,0,F1,65,,,,,,0
2026-09-23,2026-09-23,FO,NSE,IDO,44600,,NIFTY,,2026-10-13,2026-10-13,22350.0,CE,NIFTY26O1322350CE,0.0,0.0,0.0,1467.3,0.0,1467.3,23446.8,1201.23,0,0,0,0.0,0,F1,65,,,,,,0
2026-09-23,2026-09-23,FO,NSE,IDO,44616,,NIFTY,,2026-10-13,2026-10-13,22600.0,CE,NIFTY26O1322600CE,0.0,0.0,0.0,1252.1,0.0,1252.1,23446.8,980.08,0,0,0,0.0,0,F1,65,,,,,,0
2026-09-23,2026-09-23,FO,NSE,IDO,44648,,NIFTY,,2026-10-13,2026-10-13,23150.0,CE,NIFTY26O1323150CE,425.45,459.5,397.15,435.25,435.25,409.0,23446.8,435.25,1690,-910,29,44452807.75,29,F1,65,,,,,,1885
2026-09-23,2026-09-23,FO,NSE,IDO,44658,,NIFTY,,2026-10-13,2026-10-13,23350.0,CE,NIFTY26O1323350CE,255.4,310.65,237.85,291.3,291.95,276.1,23446.8,291.3,26520,4875,638,980038861.75,460,F1,65,,,,,,41470
2026-09-23,2026-09-23,FO,NSE,IDO,44720,,NIFTY,,2026-10-13,2026-10-13,24100.0,CE,NIFTY26O1324100CE,0.0,0.0,0.0,321.35,0.0,321.35,23446.8,135.17,0,0,0,0.0,0,F1,65,,,,,,0
2026-09-23,2026-09-23,FO,NSE,IDO,44750,,NIFTY,,2026-10-13,2026-10-13,24500.0,CE,NIFTY26O1324500CE,11.0,11.3,7.0,7.5,7.55,10.15,23446.8,7.5,146250,23075,3863,6153836526.5,1911,F1,65,,,,,,251095
2026-09-23,2026-09-23,FO,NSE,IDO,44758,,NIFTY,,2026-10-13,2026-10-13,24600.0,CE,NIFTY26O1324600CE,0.0,0.0,0.0,170.2,0.0,170.2,23446.8,48.22,0,0,0,0.0,0,F1,65,,,,,,0
2026-09-23,2026-09-23,FO,NSE,IDO,47106,,NIFTY,,2026-10-19,2026-10-19,21850.0,CE,NIFTY26O1921850CE,0.0,0.0,0.0,1440.3,0.0,1440.3,23446.8,1703.38,0,0,0,0.0,0,F1,65,,,,,,0
2026-09-23,2026-09-23,FO,NSE,IDO,47114,,NIFTY,,2026-10-19,2026-10-19,22050.0,CE,NIFTY26O1922050CE,0.0,0.0,0.0,1266.05,0.0,1266.05,23446.8,1514.18,0,0,0,0.0,0,F1,65,,,,,,0
2026-09-23,2026-09-23,FO,NSE,IDO,47141,,NIFTY,,2026-10-19,2026-10-19,22650.0,CE,NIFTY26O1922650CE,0.0,0.0,0.0,799.7,0.0,799.7,23446.8,985.51,0,0,0,0.0,0,F1,65,,,,,,0
2026-09-23,2026-09-23,FO,NSE,IDO,47153,,NIFTY,,2026-10-19,2026-10-19,22800.0,CE,NIFTY26O1922800CE,0.0,0.0,0.0,699.65,0.0,699.65,23446.8,866.78,0,0,0,0.0,0,F1,65,,,,,,0
2026-09-23,2026-09-23,FO,NSE,IDO,47173,,NIFTY,,2026-10-19,2026-10-19,23250.0,CE,NIFTY26O1923250CE,0.0,0.0,0.0,445.3,0.0,445.3,23446.8,555.54,0,0,0,0.0,0,F1,65,,,,,,0
2026-09-23,2026-09-23,FO,NSE,IDO,47185,,NIFTY,,2026-10-19,2026-10-19,23550.0,CE,NIFTY26O1923550CE,223.6,236.15,201.75,221.15,219.95,208.45,23446.8,221.15,3445,845,49,75709146.5,46,F1,65,,,,,,3185
2026-09-23,2026-09-23,FO,NSE,IDO,47236,,NIFTY,,2026-10-19,2026-10-19,24300.0,CE,NIFTY26O1924300CE,0.0,0.0,0.0,112.45,0.0,112.45,23446.8,131.34,0,0,0,0.0,0,F1,65,,,,,,0
2026-09-23,2026-09-23,FO,NSE,IDO,51288,,NIFTY,,2026-10-27,2026-10-27,21550.0,CE,NIFTY26OCT21550CE,0.0,0.0,0.0,2819.8,0.0,2819.8,23446.8,2036.13,0,0,0,0.0,0,F1,65,,,,,,0
2026-09-23,2026-09-23,FO,NSE,IDO,51344,,NIFTY,,2026-10-27,2026-10-27,22800.0,CE,NIFTY26OCT22800CE,797.75,836.0,765.85,808.5,808.5,780.1,23446.8,808.5,22035,-520,86,131951332.5,64,F1,65,,,,,,5590
2026-09-23,2026-09-23,FO,NSE,IDO,51360,,NIFTY,,2026-10-27,2026-10-27,23200.0,CE,NIFTY26OCT23200CE,485.55,521.2,455.0,498.85,505.05,478.3,23446.8,498.85,160160,4550,1463,2253039152.0,1087,F1,65,,,,,,95095
2026-09-23,2026-09-23,FO,NSE,IDO,51370,,NIFTY,,2026-10-27,2026-10-27,23450.0,CE,NIFTY26OCT23450CE,318.05,346.85,298.0,328.7,331.25,316.15,23446.8,328.7,47320,-3965,1341,2072506767.5,865,F1,65,,,,,,87165
2026-09-23,2026-09-23,FO,NSE,IDO,51376,,NIFTY,,2026-10-27,2026-10-27,23600.0,CE,NIFTY26OCT23600CE,235.0,263.05,219.3,244.45,246.9,240.35,23446.8,244.45,815035,387790,15268,23664288423.75,12760,F1,65,,,,,,992420
2026-09-23,2026-09-23,FO,NSE,IDO,51396,,NIFTY,,2026-10-27,2026-10-27,24050.0,CE,NIFTY26OCT24050CE,82.1,87.7,69.45,79.15,79.5,84.8,23446.8,79.15,111085,1690,1843,2890520155.25,1423,F1,65,,,,,,119795
2026-09-23,2026-09-23,FO,NSE,IDO,51428,,NIFTY,,2026-10-27,2026-10-27,24750.0,CE,NIFTY26OCT24750CE,15.9,15.9,12.45,12.85,13.0,15.9,23446.8,12.85,37765,1365,126,202811768.25,61,F1,65,,,,,,8190
2026-09-23,2026-09-23,FO,NSE,IDO,51432,,NIFTY,,2026-10-27,2026-10-27,24850.0,CE,NIFTY26OCT24850CE,10.5,11.65,10.2,10.6,10.45,13.45,23446.8,10.6,26260,-260,107,172906665.75,73,F1,65,,,,,,6955
2026-09-23,2026-09-23,FO,NSE,IDO,51480,,NIFTY,,2026-10-27,2026-10-27,25750.0,CE,NIFTY26OCT25750CE,4.0,4.6,3.6,3.7,3.6,4.3,23446.8,3.7,36855,4550,407,681317471.25,230,F1,65,,,,,,26455
2026-09-23,2026-09-23,FO,NSE,IDO,51484,,NIFTY,,2026-10-27,2026-10-27,25850.0,CE,NIFTY26OCT25850CE,0.0,0.0,0.0,6.0,6.0,6.0,23446.8,12.8,585,0,0,0.0,0,F1,65,,,,,,0
2026-09-23,2026-09-23,FO,NSE,IDO,51502,,NIFTY,,2026-10-27,2026-10-27,26300.0,CE,NIFTY26OCT26300CE,1.8,3.45,1.8,2.3,2.5,3.45,23446.8,2.3,6305,1365,31,52999316.5,25,F1,65,,,,,,2015
2026-09-23,2026-09-23,FO,NSE,IDO,53517,,NIFTY,,2026-11-03,2026-11-03,21900.0,CE,NIFTY26N0321900CE,0.0,0.0,0.0,1631.8,0.0,1631.8,23446.8,1743.15,0,0,0,0.0,0,F1,65,,,,,,0
2026-09-23,2026-09-23,FO,NSE,IDO,53571,,NIFTY,,2026-11-03,2026-11-03,22100.0,CE,NIFTY26N0322100CE,0.0,0.0,0.0,1456.1,0.0,1456.1,23446.8,1563.37,0,0,0,0.0,0,F1,65,,,,,,0
2026-09-23,2026-09-23,FO,NSE,IDO,54050,,NIFTY,,2026-11-03,2026-11-03,23450.0,CE,NIFTY26N0323450CE,385.0,389.75,375.0,375.0,375.0,516.15,23446.8,577.5,195,195,3,4647483.75,3,F1,65,,,,,,195
2026-09-23,2026-09-23,FO,NSE,IDO,54120,,NIFTY,,2026-11-03,2026-11-03,24200.0,CE,NIFTY26N0324200CE,0.0,0.0,0.0,227.95,0.0,227.95,23446.8,261.56,0,0,0,0.0,0,F1,65,,,,,,0
2026-09-23,2026-09-23,FO,NSE,IDO,64238,,NIFTY,,2026-11-23,2026-11-23,22000.0,CE,NIFTY26NOV22000CE,1669.0,1685.0,1646.75,1673.25,1673.25,1645.0,23446.8,1673.25,9100,845,35,53842412.0,20,F1,65,,,,,,2275
2026-09-23,2026-09-23,FO,NSE,IDO,64274,,NIFTY,,2026-11-23,2026-11-23,22400.0,CE,NIFTY26NOV22400CE,0.0,0.0,0.0,1204.8,1204.8,1204.8,23446.8,1437.22,195,0,0,0.0,0,F1,65,,,,,,0
2026-09-23,2026-09-23,FO,NSE,IDO,64359,,NIFTY,,2026-11-23,2026-11-23,23350.0,CE,NIFTY26NOV23350CE,546.75,580.0,535.8,568.2,569.0,546.75,23446.8,568.2,3705,-3120,82,127490366.25,35,F1,65,,,,,,5330
2026-09-23,2026-09-23,FO,NSE,IDO,64403,,NIFTY,,2026-11-23,2026-11-23,24150.0,CE,NIFTY26NOV24150CE,173.25,179.5,159.75,169.95,171.7,175.95,23446.8,169.95,17095,520,104,164415394.0,69,F1,65,,,,,,6760
2026-09-23,2026-09-23,FO,NSE,IDO,64417,,NIFTY,,2026-11-23,2026-11-23,24500.0,CE,NIFTY26NOV24500CE,100.85,100.85,83.0,89.75,88.75,96.4,23446.8,89.75,648960,72085,5678,9075414539.75,3832,F1,65,,,,,,369070
2026-09-23,2026-09-23,FO,NSE,IDO,58648,,NIFTY,,2026-12-29,2026-12-29,22000.0,CE,NIFTY26DEC22000CE,1820.0,1885.05,1802.0,1859.6,1872.15,1808.8,23446.8,1859.6,365095,3380,200,310112679.5,198,F1,65,,,,,,13000
2026-09-23,2026-09-23,FO,NSE,IDO,50978,,NIFTY,,2026-12-29,2026-12-29,27000.0,CE,NIFTY26DEC27000CE,21.85,21.85,17.15,17.7,17.15,20.4,23446.8,17.7,2259240,-40785,4236,7439447970.5,2481,F1,65,,,,,,275340
2026-09-23,2026-09-23,FO,NSE,IDO,55330,,NIFTY,,2026-12-29,2026-12-29,28500.0,CE,NIFTY26DEC28500CE,8.55,9.2,7.35,8.05,7.85,10.1,23446.8,8.05,98085,-390,243,450291998.0,129,F1,65,,,,,,15795
2026-09-23,2026-09-23,FO,NSE,IDO,38158,,NIFTY,,2026-12-29,2026-12-29,29000.0,CE,NIFTY26DEC29000CE,7.95,7.95,5.55,6.55,6.15,7.7,23446.8,6.55,404605,-55705,2558,4822886383.25,983,F1,65,,,,,,166270
2026-09-23,2026-09-23,FO,NSE,IDO,42136,,NIFTY,,2026-12-29,2026-12-29,31000.0,CE,NIFTY26DEC31000CE,5.25,5.5,4.3,5.25,5.25,6.35,23446.8,0.35,129890,-2795,93,187424230.5,20,F1,65,,,,,,6045
2026-09-23,2026-09-23,FO,NSE,IDO,80276,,NIFTY,,2027-03-30,2027-03-30,27000.0,CE,NIFTY27MAR27000CE,65.3,75.0,65.25,70.5,70.45,73.9,23446.8,70.5,1085565,52520,2485,4372477788.25,1436,F1,65,,,,,,161525
2026-09-23,2026-09-23,FO,NSE,IDO,80311,,NIFTY,,2027-03-30,2027-03-30,31500.0,CE,NIFTY27MAR31500CE,0.0,0.0,0.0,10.0,10.0,10.0,23446.8,10.3,455,0,0,0.0,0,F1,65,,,,,,0
2026-09-23,2026-09-23,FO,NSE,IDO,55418,,NIFTY,,2027-12-28,2027-12-28,16500.0,CE,NIFTY27DEC16500CE,0.0,0.0,0.0,11316.4,0.0,11316.4,23446.8,8222.71,0,0,0,0.0,0,F1,65,,,,,,0
2026-09-23,2026-09-23,FO,NSE,IDO,61390,,NIFTY,,2029-12-24,2029-12-24,18000.0,CE,NIFTY29DEC18000CE,0.0,0.0,0.0,11362.4,0.0,11362.4,23446.8,8904.84,0,0,0,0.0,0,F1,65,,,,,,0
2026-09-23,2026-09-23,FO,NSE,IDO,60898,,NIFTY,,2030-06-25,2030-06-25,21000.0,CE,NIFTY30JUN21000CE,0.0,0.0,0.0,10421.65,0.0,10421.65,23446.8,7269.23,0,0,0,0.0,0,F1,65,,,,,,0
2026-09-23,2026-09-23,FO,NSE,IDO,55764,,NIFTY,,2030-12-31,2030-12-31,31500.0,CE,NIFTY30DEC31500CE,0.0,0.0,0.0,4554.55,0.0,4554.55,23446.8,2783.76,0,0,0,0.0,0,F1,65,,,,,,0
2026-09-23,2026-09-23,FO,NSE,IDO,74636,,NIFTY,,2031-06-24,2031-06-24,15000.0,CE,NIFTY31JUN15000CE,0.0,0.0,0.0,12902.2,0.0,12902.2,23446.8,12372.99,0,0,0,0.0,0,F1,65,,,,,,0
2026-09-23,2026-09-23,FO,NSE,IDO,74645,,NIFTY,,2031-06-24,2031-06-24,21000.0,CE,NIFTY31JUN21000CE,0.0,0.0,0.0,8900.75,0.0,8900.75,23446.8,8270.13,0,0,0,0.0,0,F1,65,,,,,,0
2026-09-23,2026-09-23,FO,NSE,IDO,74665,,NIFTY,,2031-06-24,2031-06-24,33000.0,CE,NIFTY31JUN33000CE,0.0,0.0,0.0,3451.55,0.0,3451.55,23446.8,2794.53,0,0,0,0.0,0,F1,65,,,,,,0
2026-09-23,2026-09-23,FO,NSE,IDO,73882,,NIFTY,,2026-09-29,2026-09-29,22400.0,PE,NIFTY26SEP22400PE,4.0,4.0,3.05,3.3,3.35,4.0,23446.8,3.3,2282930,-55640,216903,315860949257.75,42207,F1,65,,,,,,14098695
2026-09-23,2026-09-23,FO,NSE,IDO,73905,,NIFTY,,2026-09-29,2026-09-29,23050.0,PE,NIFTY26SEP23050PE,30.0,31.3,14.25,16.4,14.9,31.75,23446.8,16.4,1746745,839735,321822,482605179949.75,110463,F1,65,,,,,,20918430
2026-09-23,2026-09-23,FO,NSE,IDO,74360,,NIFTY,,2026-09-29,2026-09-29,24850.0,PE,NIFTY26SEP24850PE,1484.0,1484.0,1371.0,1398.3,1398.3,1440.6,23446.8,1379.28,11375,-845,18,30724346.25,17,F1,65,,,,,,1170
2026-09-23,2026-09-23,FO,NSE,IDO,74367,,NIFTY,,2026-09-29,2026-09-29,25050.0,PE,NIFTY26SEP25050PE,1617.7,1622.3,1583.0,1583.0,1583.0,1730.0,23446.8,1578.83,3445,-260,6,10395885.5,6,F1,65,,,,,,390
2026-09-23,2026-09-23,FO,NSE,IDO,74387,,NIFTY,,2026-09-29,2026-09-29,25300.0,PE,NIFTY26SEP25300PE,1898.25,1898.25,1827.85,1849.9,1848.9,1898.25,23446.8,1849.9,27235,-130,14,24707192.25,8,F1,65,,,,,,910
2026-09-23,2026-09-23,FO,NSE,IDO,74406,,NIFTY,,2026-09-29,2026-09-29,25550.0,PE,NIFTY26SEP25550PE,0.0,0.0,0.0,2166.55,2166.55,2166.55,23446.8,2078.27,390,0,0,0.0,0,F1,65,,,,,,0
2026-09-23,2026-09-23,FO,NSE,IDO,74654,,NIFTY,,2031-06-24,2031-06-24,27000.0,PE,NIFTY31JUN27000PE,0.0,0.0,0.0,1653.15,0.0,1653.15,23446.8,1538.31,0,0,0,0.0,0,F1,65,,,,,,0
2026-09-23,2026-09-23,FO,NSE,IDO,55607,,NIFTY,,2029-12-24,2029-12-24,28500.0,PE,NIFTY29DEC28500PE,0.0,0.0,0.0,1255.9,0.0,1255.9,23446.8,2508.25,0,0,0,0.0,0,F1,65,,,,,,0
2026-09-23,2026-09-23,FO,NSE,IDO,61795,,NIFTY,,2029-12-24,2029-12-24,27000.0,PE,NIFTY29DEC27000PE,0.0,0.0,0.0,1177.9,0.0,1177.9,23446.8,1893.41,0,0,0,0.0,0,F1,65,,,,,,0
2026-09-23,2026-09-23,FO,NSE,IDO,55603,,NIFTY,,2029-12-24,2029-12-24,22500.0,PE,NIFTY29DEC22500PE,0.0,0.0,0.0,225.7,0.0,225.7,23446.8,620.79,0,0,0,0.0,0,F1,65,,,,,,0
2026-09-23,2026-09-23,FO,NSE,IDO,89649,,NIFTY,,2029-06-26,2029-06-26,33000.0,PE,NIFTY29JUN33000PE,0.0,0.0,0.0,3022.85,0.0,3022.85,23446.8,5315.93,0,0,0,0.0,0,F1,65,,,,,,0
2026-09-23,2026-09-23,FO,NSE,IDO,55565,,NIFTY,,2029-06-26,2029-06-26,28500.0,PE,NIFTY29JUN28500PE,0.0,0.0,0.0,1349.1,0.0,1349.1,23446.8,2714.57,0,0,0,0.0,0,F1,65,,,,,,0
2026-09-23,2026-09-23,FO,NSE,IDO,55523,,NIFTY,,2028-12-26,2028-12-26,25500.0,PE,NIFTY28DEC25500PE,0.0,0.0,0.0,648.2,0.0,648.2,23446.8,1538.12,0,0,0,0.0,0,F1,65,,,,,,0
2026-09-23,2026-09-23,FO,NSE,IDO,67765,,NIFTY,,2028-12-26,2028-12-26,15000.0,PE,NIFTY28DEC15000PE,0.0,0.0,0.0,22.25,0.0,22.25,23446.8,8.47,0,0,0,0.0,0,F1,65,,,,,,0
2026-09-23,2026-09-23,FO,NSE,IDO,86152,,NIFTY,,2028-06-27,2028-06-27,24000.0,PE,NIFTY28JUN24000PE,0.0,0.0,0.0,680.05,680.05,680.05,23446.8,1042.02,65,0,0,0.0,0,F1,65,,,,,,0
2026-09-23,2026-09-23,FO,NSE,IDO,53615,,NIFTY,,2027-12-28,2027-12-28,21000.0,PE,NIFTY27DEC21000PE,262.05,267.5,250.0,252.0,252.0,272.45,23446.8,252.0,56420,2405,74,102232484.25,41,F1,65,,,,,,4810
2026-09-23,2026-09-23,FO,NSE,IDO,53602,,NIFTY,,2027-12-28,2027-12-28,17000.0,PE,NIFTY27DEC17000PE,0.0,0.0,0.0,69.1,69.1,69.1,23446.8,13.6,17775,0,0,0.0,0,F1,65,,,,,,0
2026-09-23,2026-09-23,FO,NSE,IDO,55377,,NIFTY,,2027-06-29,2027-06-29,25500.0,PE,NIFTY27JUN25500PE,0.0,0.0,0.0,667.15,0.0,667.15,23446.8,1777.23,0,0,0,0.0,0,F1,65,,,,,,0
2026-09-23,2026-09-23,FO,NSE,IDO,65905,,NIFTY,,2026-09-29,2026-09-29,26000.0,PE,NIFTY26SEP26000PE,2600.0,2628.0,2515.0,2551.3,2542.15,2611.5,23446.8,2551.3,1669040,-162890,4070,7557788218.5,3521,F1,65,,,,,,264550
2026-09-23,2026-09-23,FO,NSE,IDO,74439,,NIFTY,,2026-09-29,2026-09-29,26050.0,PE,NIFTY26SEP26050PE,0.0,0.0,0.0,1710.0,1710.0,1710.0,23446.8,2577.78,260,0,0,0.0,0,F1,65,,,,,,0
2026-09-23,2026-09-23,FO,NSE,IDO,55293,,NIFTY,,2026-09-29,2026-09-29,34500.0,PE,NIFTY26SEP34500PE,0.0,0.0,0.0,7064.95,0.0,7064.95,23446.8,11019.53,0,0,0,0.0,0,F1,65,,,,,,0
2026-09-23,2026-09-23,FO,NSE,IDO,40664,,NIFTY,,2026-10-06,2026-10-06,21900.0,PE,NIFTY26O0621900PE,6.25,11.25,4.1,5.35,4.8,5.25,23446.8,5.35,102440,55835,3425,4876549047.5,1625,F1,65,,,,,,222625
2026-09-23,2026-09-23,FO,NSE,IDO,40668,,NIFTY,,2026-10-06,2026-10-06,22000.0,PE,NIFTY26O0622000PE,5.6,6.5,4.7,5.5,6.0,5.9,23446.8,5.5,517660,232570,18752,26821682485.0,6575,F1,65,,,,,,1218880
2026-09-23,2026-09-23,FO,NSE,IDO,40758,,NIFTY,,2026-10-06,2026-10-06,23450.0,PE,NIFTY26O0623450PE,199.8,199.8,132.65,142.75,138.0,189.05,23446.8,142.75,140530,75725,22686,34803503848.75,15238,F1,65,,,,,,1474590
2026-09-23,2026-09-23,FO,NSE,IDO,40794,,NIFTY,,2026-10-06,2026-10-06,24000.0,PE,NIFTY26O0624000PE,605.0,610.0,509.8,538.1,528.35,593.0,23446.8,538.1,89570,26845,1800,2872410430.5,1012,F1,65,,,,,,117000
2026-09-23,2026-09-23,FO,NSE,IDO,40915,,NIFTY,,2026-10-06,2026-10-06,25800.0,PE,NIFTY26O0625800PE,0.0,0.0,0.0,1653.0,0.0,1653.0,23446.8,2298.84,0,0,0,0.0,0,F1,65,,,,,,0
2026-09-23,2026-09-23,FO,NSE,IDO,44563,,NIFTY,,2026-10-13,2026-10-13,21750.0,PE,NIFTY26O1321750PE,0.0,0.0,0.0,16.1,0.0,16.1,23446.8,5.01,0,0,0,0.0,0,F1,65,,,,,,0
2026-09-23,2026-09-23,FO,NSE,IDO,44659,,NIFTY,,2026-10-13,2026-10-13,23350.0,PE,NIFTY26O1323350PE,183.75,183.75,131.75,139.1,136.8,178.55,23446.8,139.1,20020,1170,813,1241993080.25,556,F1,65,,,,,,52845
2026-09-23,2026-09-23,FO,NSE,IDO,44683,,NIFTY,,2026-10-13,2026-10-13,23650.0,PE,NIFTY26O1323650PE,305.85,333.3,265.0,277.6,274.65,337.2,23446.8,277.6,9555,7345,158,245904018.75,151,F1,65,,,,,,10270
2026-09-23,2026-09-23,FO,NSE,IDO,44779,,NIFTY,,2026-10-13,2026-10-13,25000.0,PE,NIFTY26O1325000PE,1500.0,1500.0,1492.0,1492.0,1492.0,1320.95,23446.8,1490.3,325,325,5,8610420.0,2,F1,65,,,,,,325
2026-09-23,2026-09-23,FO,NSE,IDO,47107,,NIFTY,,2026-10-19,2026-10-19,21850.0,PE,NIFTY26O1921850PE,0.0,0.0,0.0,52.35,0.0,52.35,23446.8,14.32,0,0,0,0.0,0,F1,65,,,,,,0
2026-09-23,2026-09-23,FO,NSE,IDO,47111,,NIFTY,,2026-10-19,2026-10-19,21950.0,PE,NIFTY26O1921950PE,0.0,0.0,0.0,63.7,0.0,63.7,23446.8,18.74,0,0,0,0.0,0,F1,65,,,,,,0
2026-09-23,2026-09-23,FO,NSE,IDO,47180,,NIFTY,,2026-10-19,2026-10-19,23400.0,PE,NIFTY26O1923400PE,223.75,228.5,170.0,181.65,179.45,226.5,23446.8,181.65,12025,3185,360,552218543.5,281,F1,65,,,,,,23400
2026-09-23,2026-09-23,FO,NSE,IDO,47233,,NIFTY,,2026-10-19,2026-10-19,24200.0,PE,NIFTY26O1924200PE,0.0,0.0,0.0,1080.05,0.0,1080.05,23446.8,806.61,0,0,0,0.0,0,F1,65,,,,,,0
2026-09-23,2026-09-23,FO,NSE,IDO,47375,,NIFTY,,2026-10-19,2026-10-19,24550.0,PE,NIFTY26O1924550PE,0.0,0.0,0.0,1372.75,0.0,1372.75,23446.8,1084.49,0,0,0,0.0,0,F1,65,,,,,,0
2026-09-23,2026-09-23,FO,NSE,IDO,47383,,NIFTY,,2026-10-19,2026-10-19,24600.0,PE,NIFTY26O1924600PE,0.0,0.0,0.0,1416.5,0.0,1416.5,23446.8,1126.84,0,0,0,0.0,0,F1,65,,,,,,0
2026-09-23,2026-09-23,FO,NSE,IDO,51291,,NIFTY,,2026-10-27,2026-10-27,21600.0,PE,NIFTY26OCT21600PE,19.35,19.35,14.0,15.25,15.7,18.4,23446.8,15.25,65650,65,423,594307509.25,254,F1,65,,,,,,27495
2026-09-23,2026-09-23,FO,NSE,IDO,51305,,NIFTY,,2026-10-27,2026-10-27,21900.0,PE,NIFTY26OCT21900PE,25.3,25.3,18.45,20.6,20.0,25.35,23446.8,20.6,75530,9165,1071,1525976130.25,801,F1,65,,,,,,69615
2026-09-23,2026-09-23,FO,NSE,IDO,51307,,NIFTY,,2026-10-27,2026-10-27,21950.0,PE,NIFTY26OCT21950PE,21.25,21.9,19.95,21.9,21.9,28.45,23446.8,21.9,10790,-130,32,45699520.75,18,F1,65,,,,,,2080
2026-09-23,2026-09-23,FO,NSE,IDO,51309,,NIFTY,,2026-10-27,2026-10-27,22000.0,PE,NIFTY26OCT22000PE,28.9,29.0,21.1,22.95,22.4,28.85,23446.8,22.95,1459315,94185,19051,27271412902.5,12382,F1,65,,,,,,1238315
2026-09-23,2026-09-23,FO,NSE,IDO,51349,,NIFTY,,2026-10-27,2026-10-27,22900.0,PE,NIFTY26OCT22900PE,107.25,113.55,80.45,88.9,86.2,112.2,23446.8,88.9,329420,67860,7713,11526826974.0,5277,F1,65,,,,,,501345
2026-09-23,2026-09-23,FO,NSE,IDO,51351,,NIFTY,,2026-10-27,2026-10-27,22950.0,PE,NIFTY26OCT22950PE,117.5,120.25,89.0,97.2,96.45,121.2,23446.8,97.2,43030,6695,563,843544666.25,434,F1,65,,,,,,36595
2026-09-23,2026-09-23,FO,NSE,IDO,51359,,NIFTY,,2026-10-27,2026-10-27,23150.0,PE,NIFTY26OCT23150PE,170.85,170.85,126.85,138.75,137.8,169.6,23446.8,138.75,37180,4290,657,994618794.0,433,F1,65,,,,,,42705
2026-09-23,2026-09-23,FO,NSE,IDO,51383,,NIFTY,,2026-10-27,2026-10-27,23750.0,PE,NIFTY26OCT23750PE,428.0,428.0,357.0,369.45,362.4,413.95,23446.8,369.45,12740,715,63,98809529.0,56,F1,65,,,,,,4095
2026-09-23,2026-09-23,FO,NSE,IDO,51385,,NIFTY,,2026-10-27,2026-10-27,23800.0,PE,NIFTY26OCT23800PE,446.25,458.8,380.3,398.0,395.0,449.95,23446.8,398.0,510510,30160,2461,3873850682.0,1658,F1,65,,,,,,159965
2026-09-23,2026-09-23,FO,NSE,IDO,51479,,NIFTY,,2026-10-27,2026-10-27,25700.0,PE,NIFTY26OCT25700PE,2150.0,2150.0,2100.0,2122.4,2122.4,2150.0,23446.8,2119.5,845,455,10,18081037.0,7,F1,65,,,,,,650
2026-09-23,2026-09-23,FO,NSE,IDO,51501,,NIFTY,,2026-10-27,2026-10-27,26250.0,PE,NIFTY26OCT26250PE,0.0,0.0,0.0,2081.05,0.0,2081.05,23446.8,2654.25,0,0,0,0.0,0,F1,65,,,,,,0
2026-09-23,2026-09-23,FO,NSE,IDO,51507,,NIFTY,,2026-10-27,2026-10-27,26400.0,PE,NIFTY26OCT26400PE,0.0,0.0,0.0,2204.4,0.0,2204.4,23446.8,2801.8,0,0,0,0.0,0,F1,65,,,,,,0
2026-09-23,2026-09-23,FO,NSE,IDO,53498,,NIFTY,,2026-11-03,2026-11-03,21650.0,PE,NIFTY26N0321650PE,0.0,0.0,0.0,33.15,0.0,33.15,23446.8,24.79,0,0,0,0.0,0,F1,65,,,,,,0
2026-09-23,2026-09-23,FO,NSE,IDO,53510,,NIFTY,,2026-11-03,2026-11-03,21800.0,PE,NIFTY26N0321800PE,0.0,0.0,0.0,44.45,0.0,44.45,23446.8,33.79,0,0,0,0.0,0,F1,65,,,,,,0
2026-09-23,2026-09-23,FO,NSE,IDO,53516,,NIFTY,,2026-11-03,2026-11-03,21850.0,PE,NIFTY26N0321850PE,0.0,0.0,0.0,48.85,0.0,48.85,23446.8,37.34,0,0,0,0.0,0,F1,65,,,,,,0
2026-09-23,2026-09-23,FO,NSE,IDO,53663,,NIFTY,,2026-11-03,2026-11-03,22300.0,PE,NIFTY26N0322300PE,0.0,0.0,0.0,106.75,0.0,106.75,23446.8,85.15,0,0,0,0.0,0,F1,65,,,,,,0
2026-09-23,2026-09-23,FO,NSE,IDO,54261,,NIFTY,,2026-11-03,2026-11-03,24700.0,PE,NIFTY26N0324700PE,0.0,0.0,0.0,1321.8,0.0,1321.8,23446.8,1216.97,0,0,0,0.0,0,F1,65,,,,,,0
2026-09-23,2026-09-23,FO,NSE,IDO,54277,,NIFTY,,2026-11-03,2026-11-03,24900.0,PE,NIFTY26N0324900PE,0.0,0.0,0.0,1490.95,0.0,1490.95,23446.8,1381.8,0,0,0,0.0,0,F1,65,,,,,,0
2026-09-23,2026-09-23,FO,NSE,IDO,54333,,NIFTY,,2026-11-03,2026-11-03,25000.0,PE,NIFTY26N0325000PE,0.0,0.0,0.0,1577.95,0.0,1577.95,23446.8,1466.94,0,0,0,0.0,0,F1,65,,,,,,0
2026-09-23,2026-09-23,FO,NSE,IDO,64197,,NIFTY,,2026-11-23,2026-11-23,21350.0,PE,NIFTY26NOV21350PE,26.9,29.0,21.15,25.5,25.5,27.2,23446.8,25.5,3900,3640,91,126438549.25,41,F1,65,,,,,,5915
2026-09-23,2026-09-23,FO,NSE,IDO,71554,,NIFTY,,2027-06-29,2027-06-29,21000.0,PE,NIFTY27JUN21000PE,152.1,164.95,146.5,147.55,147.5,161.45,23446.8,147.55,21480,1105,56,77009370.75,55,F1,65,,,,,,3640
2026-09-23,2026-09-23,FO,NSE,IDO,64476,,NIFTY,,2026-11-23,2026-11-23,25550.0,PE,NIFTY26NOV25550PE,0.0,0.0,0.0,1282.8,0.0,1282.8,23446.8,1927.9,0,0,0,0.0,0,F1,65,,,,,,0
2026-09-23,2026-09-23,FO,NSE,IDO,64432,,NIFTY,,2026-11-23,2026-11-23,24800.0,PE,NIFTY26NOV24800PE,1170.0,1170.0,1156.4,1156.8,1156.8,1239.0,23446.8,1310.11,7020,2015,39,65803305.75,37,F1,65,,,,,,2535
2026-09-23,2026-09-23,FO,NSE,IDO,64426,,NIFTY,,2026-11-23,2026-11-23,24700.0,PE,NIFTY26NOV24700PE,1086.65,1103.5,1051.6,1078.5,1070.45,1106.35,23446.8,1078.5,3705,1495,54,90432683.25,48,F1,65,,,,,,3510
2026-09-23,2026-09-23,FO,NSE,IDO,64392,,NIFTY,,2026-11-23,2026-11-23,23900.0,PE,NIFTY26NOV23900PE,538.05,542.0,487.0,504.05,502.0,546.0,23446.8,504.05,14430,-455,44,69821589.5,31,F1,65,,,,,,2860
2026-09-23,2026-09-23,FO,NSE,IDO,64384,,NIFTY,,2026-11-23,2026-11-23,23700.0,PE,NIFTY26NOV23700PE,438.0,442.7,381.0,402.15,399.0,438.95,23446.8,402.15,39260,7345,343,537394104.0,168,F1,65,,,,,,22295
2026-09-23,2026-09-23,FO,NSE,IDO,64374,,NIFTY,,2026-11-23,2026-11-23,23500.0,PE,NIFTY26NOV23500PE,353.0,359.7,302.95,317.7,314.75,356.8,23446.8,317.7,433940,60645,3091,4785954706.0,2411,F1,65,,,,,,200915
2026-09-23,2026-09-23,FO,NSE,IDO,64348,,NIFTY,,2026-11-23,2026-11-23,23100.0,PE,NIFTY26NOV23100PE,220.6,221.4,183.25,192.45,189.05,220.55,23446.8,192.45,35815,650,392,593560961.5,268,F1,65,,,,,,25480
2026-09-23,2026-09-23,FO,NSE,IDO,64305,,NIFTY,,2026-11-23,2026-11-23,22800.0,PE,NIFTY26NOV22800PE,153.35,154.15,124.6,131.7,128.55,154.15,23446.8,131.7,165425,-2470,794,1183518131.25,467,F1,65,,,,,,51610
2026-09-23,2026-09-23,FO,NSE,IDO,64245,,NIFTY,,2026-11-23,2026-11-23,22150.0,PE,NIFTY26NOV22150PE,66.65,66.65,59.15,59.15,59.15,73.15,23446.8,59.15,2990,0,23,33210859.5,9,F1,65,,,,,,1495
2026-09-23,2026-09-23,FO,NSE,IDO,64241,,NIFTY,,2026-11-23,2026-11-23,22050.0,PE,NIFTY26NOV22050PE,0.0,0.0,0.0,71.95,71.95,71.95,23446.8,96.46,2665,0,0,0.0,0,F1,65,,,,,,0
2026-09-23,2026-09-23,FO,NSE,IDO,64237,,NIFTY,,2026-11-23,2026-11-23,21950.0,PE,NIFTY26NOV21950PE,43.8,43.8,43.8,43.8,43.8,60.65,23446.8,83.48,2730,260,7,10007179.0,3,F1,65,,,,,,455
2026-09-23,2026-09-23,FO,NSE,IDO,65899,,NIFTY,,2026-09-29,2026-09-29,23000.0,PE,NIFTY26SEP23000PE,22.9,25.3,11.8,13.6,12.15,26.05,23446.8,13.6,12675765,3159570,890889,1332889374391.25,262290,F1,65,,,,,,57907785
2026-09-23,2026-09-23,FO,NSE,IDO,74004,,NIFTY,,2026-09-29,2026-09-29,23600.0,PE,NIFTY26SEP23600PE,247.35,266.45,172.8,193.25,185.8,254.0,23446.8,193.25,1825135,472745,343941,532167210935.75,196046,F1,65,,,,,,22356165
2026-09-23,2026-09-23,FO,NSE,IDO,74006,,NIFTY,,2026-09-29,2026-09-29,23650.0,PE,NIFTY26SEP23650PE,279.45,305.45,206.85,230.65,221.5,293.9,23446.8,230.65,347230,81315,64378,99968114961.0,43635,F1,65,,,,,,4184570
2026-09-23,2026-09-23,FO,NSE,IDO,74240,,NIFTY,,2026-09-29,2026-09-29,24450.0,PE,NIFTY26SEP24450PE,1000.0,1012.7,973.25,995.0,996.0,1050.0,23446.8,995.0,76765,-390,80,132309661.25,34,F1,65,,,,,,5200
2026-09-23,2026-09-23,FO,NSE,IDO,74358,,NIFTY,,2026-09-29,2026-09-29,24800.0,PE,NIFTY26SEP24800PE,1396.35,1416.9,1320.0,1350.75,1347.0,1412.2,23446.8,1350.75,307190,-16835,418,710782367.75,265,F1,65,,,,,,27170
2026-09-23,2026-09-23,FO,NSE,IDO,74423,,NIFTY,,2026-09-29,2026-09-29,25850.0,PE,NIFTY26SEP25850PE,0.0,0.0,0.0,1859.75,0.0,1859.75,23446.8,2377.97,0,0,0,0.0,0,F1,65,,,,,,0
2026-09-23,2026-09-23,FO,NSE,IDO,74466,,NIFTY,,2026-09-29,2026-09-29,26200.0,PE,NIFTY26SEP26200PE,2759.0,2759.0,2718.0,2725.15,2725.15,2776.2,23446.8,2727.63,36595,-325,5,9402750.5,5,F1,65,,,,,,325
2026-09-23,2026-09-23,FO,NSE,IDO,74482,,NIFTY,,2026-09-29,2026-09-29,26500.0,PE,NIFTY26SEP26500PE,3107.1,3115.95,3018.0,3055.05,3046.15,3098.35,23446.8,3055.05,801905,-23075,383,735640675.25,361,F1,65,,,,,,24895
2026-09-23,2026-09-23,FO,NSE,IDO,40862,,NIFTY,,2026-10-06,2026-10-06,24900.0,PE,NIFTY26O0624900PE,0.0,0.0,0.0,913.3,0.0,913.3,23446.8,1407.5,0,0,0,0.0,0,F1,65,,,,,,0
2026-09-23,2026-09-23,FO,NSE,IDO,40760,,NIFTY,,2026-10-06,2026-10-06,23500.0,PE,NIFTY26O0623500PE,216.7,222.0,153.55,164.55,160.0,212.45,23446.8,164.55,777400,197600,43197,66479127585.0,25617,F1,65,,,,,,2807805
2026-09-23,2026-09-23,FO,NSE,IDO,40744,,NIFTY,,2026-10-06,2026-10-06,23150.0,PE,NIFTY26O0623150PE,76.15,81.25,51.8,54.85,51.8,83.9,23446.8,54.85,95485,38675,5855,8834191999.75,4004,F1,65,,,,,,380575
2026-09-23,2026-09-23,FO,NSE,IDO,40660,,NIFTY,,2026-10-06,2026-10-06,21800.0,PE,NIFTY26O0621800PE,5.05,15.45,3.5,5.2,15.45,4.95,23446.8,5.2,291720,229385,9464,13413255443.25,3765,F1,65,,,,,,615160
2026-09-23,2026-09-23,FO,NSE,IDO,40656,,NIFTY,,2026-10-06,2026-10-06,21700.0,PE,NIFTY26O0621700PE,3.8,5.0,3.3,4.55,3.3,4.55,23446.8,4.55,80340,73320,2334,3292753893.0,1206,F1,65,,,,,,151710
2026-09-23,2026-09-23,FO,NSE,IDO,40651,,NIFTY,,2026-10-06,2026-10-06,21600.0,PE,NIFTY26O0621600PE,4.25,5.15,3.75,4.45,5.15,5.3,23446.8,4.45,100945,84890,2570,3608977953.75,1330,F1,65,,,,,,167050
2026-09-23,2026-09-23,FO,NSE,IDO,74502,,NIFTY,,2026-09-29,2026-09-29,27050.0,PE,NIFTY26SEP27050PE,0.0,0.0,0.0,2869.35,0.0,2869.35,23446.8,3576.8,0,0,0,0.0,0,F1,65,,,,,,0
2026-09-23,2026-09-23,FO,NSE,IDO,74657,,NIFTY,,2031-06-24,2031-06-24,30000.0,CE,NIFTY31JUN30000CE,0.0,0.0,0.0,4459.9,0.0,4459.9,23446.8,3769.28,0,0,0,0.0,0,F1,65,,,,,,0
2026-09-23,2026-09-23,FO,NSE,IDO,74646,,NIFTY,,2031-06-24,2031-06-24,21000.0,PE,NIFTY31JUN21000PE,0.0,0.0,0.0,450.5,0.0,450.5,23446.8,366.65,0,0,0,0.0,0,F1,65,,,,,,0
2026-09-23,2026-09-23,FO,NSE,IDO,55651,,NIFTY,,2030-06-25,2030-06-25,31500.0,PE,NIFTY30JUN31500PE,0.0,0.0,0.0,2056.3,0.0,2056.3,23446.8,3671.59,0,0,0,0.0,0,F1,65,,,,,,0
2026-09-23,2026-09-23,FO,NSE,IDO,67775,,NIFTY,,2028-12-26,2028-12-26,20000.0,PE,NIFTY28DEC20000PE,269.0,270.0,269.0,270.0,270.0,269.0,23446.8,227.99,5350,20,2,2635035.0,2,F1,65,,,,,,130
2026-09-23,2026-09-23,FO,NSE,IDO,55469,,NIFTY,,2028-06-27,2028-06-27,16500.0,PE,NIFTY28JUN16500PE,0.0,0.0,0.0,3.8,0.0,3.8,23446.8,18.17,0,0,0,0.0,0,F1,65,,,,,,0
2026-09-23,2026-09-23,FO,NSE,IDO,53619,,NIFTY,,2027-12-28,2027-12-28,23000.0,PE,NIFTY27DEC23000PE,565.0,570.1,552.0,558.4,555.25,582.45,23446.8,558.4,113780,3770,137,209819870.0,108,F1,65,,,,,,8905
2026-09-23,2026-09-23,FO,NSE,IDO,35263,,NIFTY,,2027-06-29,2027-06-29,30000.0,PE,NIFTY27JUN30000PE,0.0,0.0,0.0,4000.0,4000.0,4000.0,23446.8,5256.18,455,0,0,0.0,0,F1,65,,,,,,0
2026-09-23,2026-09-23,FO,NSE,IDO,55379,,NIFTY,,2027-06-29,2027-06-29,28500.0,PE,NIFTY27JUN28500PE,0.0,0.0,0.0,1807.05,0.0,1807.05,23446.8,3961.76,0,0,0,0.0,0,F1,65,,,,,,0
2026-09-23,2026-09-23,FO,NSE,IDO,80189,,NIFTY,,2027-03-30,2027-03-30,15000.0,PE,NIFTY27MAR15000PE,16.0,17.0,14.6,16.8,16.8,16.35,23446.8,16.8,5005,1170,34,33185568.0,16,F1,65,,,,,,2210
2026-09-23,2026-09-23,FO,NSE,IDO,38159,,NIFTY,,2026-12-29,2026-12-29,29000.0,PE,NIFTY26DEC29000PE,5071.5,5071.5,5009.1,5050.05,5050.05,5100.7,23446.8,5074.95,227320,2080,41,90686638.25,41,F1,65,,,,,,2665
2026-09-23,2026-09-23,FO,NSE,IDO,50979,,NIFTY,,2026-12-29,2026-12-29,27000.0,PE,NIFTY26DEC27000PE,3122.0,3160.0,3063.1,3104.35,3085.15,3151.95,23446.8,3104.35,1187130,15925,346,677021491.25,342,F1,65,,,,,,22490
2026-09-23,2026-09-23,FO,NSE,IDO,55327,,NIFTY,,2026-12-29,2026-12-29,22500.0,PE,NIFTY26DEC22500PE,165.05,166.9,142.5,149.75,148.6,167.75,23446.8,149.75,1761305,44850,4583,6747597489.75,2753,F1,65,,,,,,297895
2026-09-23,2026-09-23,FO,NSE,IDO,58639,,NIFTY,,2026-12-29,2026-12-29,17000.0,PE,NIFTY26DEC17000PE,11.55,12.95,11.55,12.25,12.45,12.45,23446.8,12.25,200925,585,102,112791097.25,25,F1,65,,,,,,6630
2026-09-23,2026-09-23,FO,NSE,IDO,64488,,NIFTY,,2026-11-23,2026-11-23,25750.0,PE,NIFTY26NOV25750PE,0.0,0.0,0.0,1419.55,0.0,1419.55,23446.8,2105.31,0,0,0,0.0,0,F1,65,,,,,,0
2026-09-23,2026-09-23,FO,NSE,IDO,64438,,NIFTY,,2026-11-23,2026-11-23,24950.0,PE,NIFTY26NOV24950PE,0.0,0.0,0.0,915.05,0.0,915.05,23446.8,1426.53,0,0,0,0.0,0,F1,65,,,,,,0
2026-09-23,2026-09-23,FO,NSE,IDO,64434,,NIFTY,,2026-11-23,2026-11-23,24850.0,PE,NIFTY26NOV24850PE,0.0,0.0,0.0,860.35,0.0,860.35,23446.8,1348.47,0,0,0,0.0,0,F1,65,,,,,,0
2026-09-23,2026-09-23,FO,NSE,IDO,64412,,NIFTY,,2026-11-23,2026-11-23,24350.0,PE,NIFTY26NOV24350PE,0.0,0.0,0.0,853.4,853.4,853.4,23446.8,987.28,4095,0,0,0.0,0,F1,65,,,,,,0
2026-09-23,2026-09-23,FO,NSE,IDO,64243,,NIFTY,,2026-11-23,2026-11-23,22100.0,PE,NIFTY26NOV22100PE,69.7,69.7,54.9,57.35,55.75,68.0,23446.8,57.35,18265,260,201,289506402.25,109,F1,65,,,,,,13065
2026-09-23,2026-09-23,FO,NSE,IDO,64209,,NIFTY,,2026-11-23,2026-11-23,21500.0,PE,NIFTY26NOV21500PE,35.9,35.9,28.75,30.55,28.75,35.9,23446.8,30.55,313560,29380,2550,3568762837.25,1648,F1,65,,,,,,165750
2026-09-23,2026-09-23,FO,NSE,IDO,54125,,NIFTY,,2026-11-03,2026-11-03,24300.0,PE,NIFTY26N0324300PE,0.0,0.0,0.0,1007.0,0.0,1007.0,23446.8,912.99,0,0,0,0.0,0,F1,65,,,,,,0
2026-09-23,2026-09-23,FO,NSE,IDO,54121,,NIFTY,,2026-11-03,2026-11-03,24200.0,PE,NIFTY26N0324200PE,0.0,0.0,0.0,934.1,0.0,934.1,23446.8,843.3,0,0,0,0.0,0,F1,65,,,,,,0
2026-09-23,2026-09-23,FO,NSE,IDO,54045,,NIFTY,,2026-11-03,2026-11-03,23350.0,PE,NIFTY26N0323350PE,0.0,0.0,0.0,429.5,0.0,429.5,23446.8,370.68,0,0,0,0.0,0,F1,65,,,,,,0
2026-09-23,2026-09-23,FO,NSE,IDO,53925,,NIFTY,,2026-11-03,2026-11-03,23050.0,PE,NIFTY26N0323050PE,0.0,0.0,0.0,304.7,0.0,304.7,23446.8,257.81,0,0,0,0.0,0,F1,65,,,,,,0
2026-09-23,2026-09-23,FO,NSE,IDO,53679,,NIFTY,,2026-11-03,2026-11-03,22400.0,PE,NIFTY26N0322400PE,0.0,0.0,0.0,124.9,0.0,124.9,23446.8,100.53,0,0,0,0.0,0,F1,65,,,,,,0
2026-09-23,2026-09-23,FO,NSE,IDO,53635,,NIFTY,,2026-11-03,2026-11-03,22150.0,PE,NIFTY26N0322150PE,0.0,0.0,0.0,83.4,0.0,83.4,23446.8,65.63,0,0,0,0.0,0,F1,65,,,,,,0
2026-09-23,2026-09-23,FO,NSE,IDO,53518,,NIFTY,,2026-11-03,2026-11-03,21900.0,PE,NIFTY26N0321900PE,0.0,0.0,0.0,53.6,0.0,53.6,23446.8,41.19,0,0,0,0.0,0,F1,65,,,,,,0
2026-09-23,2026-09-23,FO,NSE,IDO,53500,,NIFTY,,2026-11-03,2026-11-03,21700.0,PE,NIFTY26N0321700PE,0.0,0.0,0.0,36.6,0.0,36.6,23446.8,27.54,0,0,0,0.0,0,F1,65,,,,,,0
2026-09-23,2026-09-23,FO,NSE,IDO,51535,,NIFTY,,2026-10-27,2026-10-27,27050.0,PE,NIFTY26OCT27050PE,0.0,0.0,0.0,2764.35,0.0,2764.35,23446.8,3444.94,0,0,0,0.0,0,F1,65,,,,,,0
2026-09-23,2026-09-23,FO,NSE,IDO,51523,,NIFTY,,2026-10-27,2026-10-27,26800.0,PE,NIFTY26OCT26800PE,0.0,0.0,0.0,3266.0,3266.0,3266.0,23446.8,3197.09,65,0,0,0.0,0,F1,65,,,,,,0
2026-09-23,2026-09-23,FO,NSE,IDO,51517,,NIFTY,,2026-10-27,2026-10-27,26650.0,PE,NIFTY26OCT26650PE,0.0,0.0,0.0,2415.2,0.0,2415.2,23446.8,3048.63,0,0,0,0.0,0,F1,65,,,,,,0
2026-09-23,2026-09-23,FO,NSE,IDO,51509,,NIFTY,,2026-10-27,2026-10-27,26450.0,PE,NIFTY26OCT26450PE,0.0,0.0,0.0,2246.05,0.0,2246.05,23446.8,2851.09,0,0,0,0.0,0,F1,65,,,,,,0
2026-09-23,2026-09-23,FO,NSE,IDO,51485,,NIFTY,,2026-10-27,2026-10-27,25850.0,PE,NIFTY26OCT25850PE,0.0,0.0,0.0,1093.8,1093.8,1093.8,23446.8,2264.02,65,0,0,0.0,0,F1,65,,,,,,0
2026-09-23,2026-09-23,FO,NSE,IDO,51471,,NIFTY,,2026-10-27,2026-10-27,25550.0,PE,NIFTY26OCT25550PE,0.0,0.0,0.0,2039.45,2039.45,2039.45,23446.8,1976.38,195,0,0,0.0,0,F1,65,,,,,,0
2026-09-23,2026-09-23,FO,NSE,IDO,51419,,NIFTY,,2026-10-27,2026-10-27,24500.0,PE,NIFTY26OCT24500PE,1006.0,1033.15,930.0,957.4,950.1,1016.4,23446.8,957.4,876135,31460,1860,3078902287.5,1364,F1,65,,,,,,120900
2026-09-23,2026-09-23,FO,NSE,IDO,51411,,NIFTY,,2026-10-27,2026-10-27,24400.0,PE,NIFTY26OCT24400PE,903.8,937.6,840.95,868.65,868.65,927.75,23446.8,868.65,119145,-3575,136,223450721.0,128,F1,65,,,,,,8840
2026-09-23,2026-09-23,FO,NSE,IDO,51409,,NIFTY,,2026-10-27,2026-10-27,24350.0,PE,NIFTY26OCT24350PE,867.5,867.5,867.5,867.5,867.5,878.1,23446.8,934.73,12025,-65,1,1639137.5,1,F1,65,,,,,,65
2026-09-23,2026-09-23,FO,NSE,IDO,51387,,NIFTY,,2026-10-27,2026-10-27,23850.0,PE,NIFTY26OCT23850PE,482.5,482.55,420.4,433.5,433.5,496.5,23446.8,433.5,11180,520,116,183175989.75,57,F1,65,,,,,,7540
2026-09-23,2026-09-23,FO,NSE,IDO,51375,,NIFTY,,2026-10-27,2026-10-27,23550.0,PE,NIFTY26OCT23550PE,312.3,322.9,255.0,270.8,265.9,317.5,23446.8,270.8,36140,7085,720,1115044268.0,469,F1,65,,,,,,46800
2026-09-23,2026-09-23,FO,NSE,IDO,51341,,NIFTY,,2026-10-27,2026-10-27,22700.0,PE,NIFTY26OCT22700PE,77.0,81.15,56.55,62.65,60.9,80.65,23446.8,62.65,446680,11245,6713,9933712048.0,4335,F1,65,,,,,,436345
2026-09-23,2026-09-23,FO,NSE,IDO,51333,,NIFTY,,2026-10-27,2026-10-27,22550.0,PE,NIFTY26OCT22550PE,59.7,59.95,44.45,49.15,49.2,63.85,23446.8,49.15,36400,4940,433,636087481.25,291,F1,65,,,,,,28145
2026-09-23,2026-09-23,FO,NSE,IDO,51303,,NIFTY,,2026-10-27,2026-10-27,21850.0,PE,NIFTY26OCT21850PE,17.0,19.7,17.0,18.7,18.7,24.1,23446.8,18.7,6695,1235,42,59700462.25,26,F1,65,,,,,,2730
2026-09-23,2026-09-23,FO,NSE,IDO,47434,,NIFTY,,2026-10-19,2026-10-19,25100.0,PE,NIFTY26O1925100PE,0.0,0.0,0.0,1872.7,0.0,1872.7,23446.8,1575.71,0,0,0,0.0,0,F1,65,,,,,,0
2026-09-23,2026-09-23,FO,NSE,IDO,47426,,NIFTY,,2026-10-19,2026-10-19,25000.0,PE,NIFTY26O1925000PE,0.0,0.0,0.0,1779.1,0.0,1779.1,23446.8,1482.87,0,0,0,0.0,0,F1,65,,,,,,0
2026-09-23,2026-09-23,FO,NSE,IDO,47241,,NIFTY,,2026-10-19,2026-10-19,24350.0,PE,NIFTY26O1924350PE,0.0,0.0,0.0,1202.45,0.0,1202.45,23446.8,921.12,0,0,0,0.0,0,F1,65,,,,,,0
2026-09-23,2026-09-23,FO,NSE,IDO,47231,,NIFTY,,2026-10-19,2026-10-19,24150.0,PE,NIFTY26O1924150PE,0.0,0.0,0.0,1040.4,0.0,1040.4,23446.8,768.66,0,0,0,0.0,0,F1,65,,,,,,0
2026-09-23,2026-09-23,FO,NSE,IDO,47203,,NIFTY,,2026-10-19,2026-10-19,23700.0,PE,NIFTY26O1923700PE,0.0,0.0,0.0,382.9,382.9,382.9,23446.8,475.41,2080,0,0,0.0,0,F1,65,,,,,,0
2026-09-23,2026-09-23,FO,NSE,IDO,47132,,NIFTY,,2026-10-19,2026-10-19,22450.0,PE,NIFTY26O1922450PE,0.0,0.0,0.0,153.1,0.0,153.1,23446.8,61.76,0,0,0,0.0,0,F1,65,,,,,,0
2026-09-23,2026-09-23,FO,NSE,IDO,65893,,NIFTY,,2026-09-29,2026-09-29,21000.0,CE,NIFTY26SEP21000CE,2414.95,2481.6,2380.7,2450.85,2452.0,2391.9,23446.8,2450.85,445510,-30160,671,1022455853.25,590,F1,65,,,,,,43615
2026-09-23,2026-09-23,FO,NSE,IDO,73773,,NIFTY,,2026-09-29,2026-09-29,21450.0,CE,NIFTY26SEP21450CE,0.0,0.0,0.0,2809.7,0.0,2809.7,23446.8,2017.73,0,0,0,0.0,0,F1,65,,,,,,0
2026-09-23,2026-09-23,FO,NSE,IDO,73793,,NIFTY,,2026-09-29,2026-09-29,21550.0,CE,NIFTY26SEP21550CE,0.0,0.0,0.0,2719.75,0.0,2719.75,23446.8,1917.83,0,0,0,0.0,0,F1,65,,,,,,0
2026-09-23,2026-09-23,FO,NSE,IDO,73805,,NIFTY,,2026-09-29,2026-09-29,21600.0,CE,NIFTY26SEP21600CE,1855.0,1855.0,1845.0,1845.0,1845.0,1779.5,23446.8,1867.88,42315,-130,2,3048500.0,2,F1,65,,,,,,130
2026-09-23,2026-09-23,FO,NSE,IDO,73859,,NIFTY,,2026-09-29,2026-09-29,21950.0,CE,NIFTY26SEP21950CE,1560.0,1560.0,1560.0,1560.0,1560.0,1800.0,23446.8,1560.0,130,0,1,1528150.0,1,F1,65,,,,,,65
2026-09-23,2026-09-23,FO,NSE,IDO,73897,,NIFTY,,2026-09-29,2026-09-29,22850.0,CE,NIFTY26SEP22850CE,583.6,640.6,541.5,608.65,611.8,554.7,23446.8,608.65,22360,14495,456,695203707.25,376,F1,65,,,,,,29640
2026-09-23,2026-09-23,FO,NSE,IDO,73906,,NIFTY,,2026-09-29,2026-09-29,23100.0,CE,NIFTY26SEP23100CE,331.0,406.0,310.9,371.6,378.0,331.0,23446.8,371.6,572325,134095,45145,68835401212.5,27585,F1,65,,,,,,2934425
2026-09-23,2026-09-23,FO,NSE,IDO,74107,,NIFTY,,2026-09-29,2026-09-29,24300.0,CE,NIFTY26SEP24300CE,2.5,2.65,1.85,2.15,2.2,3.0,23446.8,2.15,5631860,51415,218988,345922268877.25,35968,F1,65,,,,,,14234220
2026-09-23,2026-09-23,FO,NSE,IDO,74432,,NIFTY,,2026-09-29,2026-09-29,25950.0,CE,NIFTY26SEP25950CE,0.85,0.9,0.6,0.7,0.6,0.8,23446.8,0.7,21320,12935,2199,3709261335.0,892,F1,65,,,,,,142935
2026-09-23,2026-09-23,FO,NSE,IDO,40671,,NIFTY,,2026-10-06,2026-10-06,22100.0,CE,NIFTY26O0622100CE,0.0,0.0,0.0,2099.1,0.0,2099.1,23446.8,1398.37,0,0,0,0.0,0,F1,65,,,,,,0
2026-09-23,2026-09-23,FO,NSE,IDO,40679,,NIFTY,,2026-10-06,2026-10-06,22300.0,CE,NIFTY26O0622300CE,0.0,0.0,0.0,1909.15,0.0,1909.15,23446.8,1204.71,0,0,0,0.0,0,F1,65,,,,,,0
2026-09-23,2026-09-23,FO,NSE,IDO,40682,,NIFTY,,2026-10-06,2026-10-06,22350.0,CE,NIFTY26O0622350CE,0.0,0.0,0.0,1862.2,0.0,1862.2,23446.8,1157.02,0,0,0,0.0,0,F1,65,,,,,,0
2026-09-23,2026-09-23,FO,NSE,IDO,40687,,NIFTY,,2026-10-06,2026-10-06,22400.0,CE,NIFTY26O0622400CE,0.0,0.0,0.0,1815.55,0.0,1815.55,23446.8,1109.7,0,0,0,0.0,0,F1,65,,,,,,0
2026-09-23,2026-09-23,FO,NSE,IDO,40697,,NIFTY,,2026-10-06,2026-10-06,22500.0,CE,NIFTY26O0622500CE,921.5,1012.6,918.0,980.0,980.0,926.25,23446.8,980.0,12220,455,45,68677056.5,30,F1,65,,,,,,2925
2026-09-23,2026-09-23,FO,NSE,IDO,40721,,NIFTY,,2026-10-06,2026-10-06,22900.0,CE,NIFTY26O0622900CE,564.65,627.3,537.2,599.35,601.9,564.65,23446.8,599.35,9750,520,112,171012318.75,85,F1,65,,,,,,7280
2026-09-23,2026-09-23,FO,NSE,IDO,40765,,NIFTY,,2026-10-06,2026-10-06,23600.0,CE,NIFTY26O0623600CE,91.1,115.7,81.8,96.65,97.55,91.95,23446.8,96.65,646815,193310,42228,65047287240.0,24905,F1,65,,,,,,2744820
2026-09-23,2026-09-23,FO,NSE,IDO,40779,,NIFTY,,2026-10-06,2026-10-06,23750.0,CE,NIFTY26O0623750CE,53.95,62.65,43.0,50.1,49.85,51.65,23446.8,50.1,196820,101530,12101,18721963945.75,8653,F1,65,,,,,,786565
2026-09-23,2026-09-23,FO,NSE,IDO,40861,,NIFTY,,2026-10-06,2026-10-06,24900.0,CE,NIFTY26O0624900CE,2.4,2.5,1.35,1.75,2.5,3.05,23446.8,1.75,55120,40625,2074,3357002073.75,1332,F1,65,,,,,,134810
2026-09-23,2026-09-23,FO,NSE,IDO,40867,,NIFTY,,2026-10-06,2026-10-06,25050.0,CE,NIFTY26O0625050CE,2.2,2.2,1.15,1.45,1.15,2.5,23446.8,1.45,3315,1690,232,377778154.0,138,F1,65,,,,,,15080
2026-09-23,2026-09-23,FO,NSE,IDO,40875,,NIFTY,,2026-10-06,2026-10-06,25250.0,CE,NIFTY26O0625250CE,1.65,1.65,1.05,1.2,1.35,1.75,23446.8,1.2,2210,-520,94,154285927.25,31,F1,65,,,,,,6110
2026-09-23,2026-09-23,FO,NSE,IDO,44532,,NIFTY,,2026-10-13,2026-10-13,21450.0,CE,NIFTY26O1321450CE,0.0,0.0,0.0,2312.1,0.0,2312.1,23446.8,2068.14,0,0,0,0.0,0,F1,65,,,,,,0
2026-09-23,2026-09-23,FO,NSE,IDO,44562,,NIFTY,,2026-10-13,2026-10-13,21750.0,CE,NIFTY26O1321750CE,0.0,0.0,0.0,2022.25,0.0,2022.25,23446.8,1772.49,0,0,0,0.0,0,F1,65,,,,,,0
2026-09-23,2026-09-23,FO,NSE,IDO,44570,,NIFTY,,2026-10-13,2026-10-13,21950.0,CE,NIFTY26O1321950CE,0.0,0.0,0.0,1832.65,0.0,1832.65,23446.8,1577.93,0,0,0,0.0,0,F1,65,,,,,,0
2026-09-23,2026-09-23,FO,NSE,IDO,44582,,NIFTY,,2026-10-13,2026-10-13,22050.0,CE,NIFTY26O1322050CE,0.0,0.0,0.0,1739.4,0.0,1739.4,23446.8,1481.87,0,0,0,0.0,0,F1,65,,,,,,0
2026-09-23,2026-09-23,FO,NSE,IDO,44662,,NIFTY,,2026-10-13,2026-10-13,23450.0,CE,NIFTY26O1323450CE,219.35,248.65,201.15,227.7,232.8,217.2,23446.8,227.7,24895,11505,720,1108227682.25,622,F1,65,,,,,,46800
2026-09-23,2026-09-23,FO,NSE,IDO,44740,,NIFTY,,2026-10-13,2026-10-13,24350.0,CE,NIFTY26O1324350CE,0.0,0.0,0.0,236.65,0.0,236.65,23446.8,82.51,0,0,0,0.0,0,F1,65,,,,,,0
2026-09-23,2026-09-23,FO,NSE,IDO,47102,,NIFTY,,2026-10-19,2026-10-19,21750.0,CE,NIFTY26O1921750CE,0.0,0.0,0.0,1530.05,0.0,1530.05,23446.8,1799.46,0,0,0,0.0,0,F1,65,,,,,,0
2026-09-23,2026-09-23,FO,NSE,IDO,47112,,NIFTY,,2026-10-19,2026-10-19,22000.0,CE,NIFTY26O1922000CE,0.0,0.0,0.0,1308.9,0.0,1308.9,23446.8,1561.05,0,0,0,0.0,0,F1,65,,,,,,0
2026-09-23,2026-09-23,FO,NSE,IDO,47123,,NIFTY,,2026-10-19,2026-10-19,22250.0,CE,NIFTY26O1922250CE,0.0,0.0,0.0,1100.2,0.0,1100.2,23446.8,1330.23,0,0,0,0.0,0,F1,65,,,,,,0
2026-09-23,2026-09-23,FO,NSE,IDO,47157,,NIFTY,,2026-10-19,2026-10-19,22900.0,CE,NIFTY26O1922900CE,0.0,0.0,0.0,675.65,675.65,675.65,23446.8,792.35,0,0,0,0.0,0,F1,65,,,,,,0
2026-09-23,2026-09-23,FO,NSE,IDO,47213,,NIFTY,,2026-10-19,2026-10-19,23950.0,CE,NIFTY26O1923950CE,0.0,0.0,0.0,186.0,186.0,186.0,23446.8,227.19,65,0,0,0.0,0,F1,65,,,,,,0
2026-09-23,2026-09-23,FO,NSE,IDO,51298,,NIFTY,,2026-10-27,2026-10-27,21800.0,CE,NIFTY26OCT21800CE,0.0,0.0,0.0,1600.0,1600.0,1600.0,23446.8,1798.03,2795,0,0,0.0,0,F1,65,,,,,,0
2026-09-23,2026-09-23,FO,NSE,IDO,51306,,NIFTY,,2026-10-27,2026-10-27,21950.0,CE,NIFTY26OCT21950CE,0.0,0.0,0.0,2463.7,0.0,2463.7,23446.8,1658.12,0,0,0,0.0,0,F1,65,,,,,,0
2026-09-23,2026-09-23,FO,NSE,IDO,51338,,NIFTY,,2026-10-27,2026-10-27,22650.0,CE,NIFTY26OCT22650CE,0.0,0.0,0.0,915.0,915.0,915.0,23446.8,1053.22,1690,0,0,0.0,0,F1,65,,,,,,0
2026-09-23,2026-09-23,FO,NSE,IDO,51362,,NIFTY,,2026-10-27,2026-10-27,23250.0,CE,NIFTY26OCT23250CE,462.0,480.25,423.0,462.15,462.65,445.6,23446.8,462.15,24700,-845,146,224943865.25,111,F1,65,,,,,,9490
2026-09-23,2026-09-23,FO,NSE,IDO,51378,,NIFTY,,2026-10-27,2026-10-27,23650.0,CE,NIFTY26OCT23650CE,214.55,236.05,197.7,220.3,220.7,214.5,23446.8,220.3,37245,9750,534,828451048.75,393,F1,65,,,,,,34710
2026-09-23,2026-09-23,FO,NSE,IDO,51398,,NIFTY,,2026-10-27,2026-10-27,24100.0,CE,NIFTY26OCT24100CE,79.1,79.1,60.35,68.55,69.0,74.45,23446.8,68.55,673595,38935,11006,17290127003.5,8091,F1,65,,,,,,715390
2026-09-23,2026-09-23,FO,NSE,IDO,51422,,NIFTY,,2026-10-27,2026-10-27,24600.0,CE,NIFTY26OCT24600CE,24.05,24.05,16.05,17.6,17.75,21.3,23446.8,17.6,365690,650,6140,9825137416.25,3926,F1,65,,,,,,399100
2026-09-23,2026-09-23,FO,NSE,IDO,47122,,NIFTY,,2026-10-19,2026-10-19,22200.0,PE,NIFTY26O1922200PE,0.0,0.0,0.0,100.95,0.0,100.95,23446.8,35.1,0,0,0,0.0,0,F1,65,,,,,,0
2026-09-23,2026-09-23,FO,NSE,IDO,44789,,NIFTY,,2026-10-13,2026-10-13,25200.0,PE,NIFTY26O1325200PE,0.0,0.0,0.0,1494.1,0.0,1494.1,23446.8,1682.07,0,0,0,0.0,0,F1,65,,,,,,0
2026-09-23,2026-09-23,FO,NSE,IDO,44759,,NIFTY,,2026-10-13,2026-10-13,24600.0,PE,NIFTY26O1324600PE,0.0,0.0,0.0,1215.75,1215.75,1215.75,23446.8,1121.48,65,0,0,0.0,0,F1,65,,,,,,0
2026-09-23,2026-09-23,FO,NSE,IDO,44747,,NIFTY,,2026-10-13,2026-10-13,24400.0,PE,NIFTY26O1324400PE,0.0,0.0,0.0,851.05,0.0,851.05,23446.8,948.32,0,0,0,0.0,0,F1,65,,,,,,0
2026-09-23,2026-09-23,FO,NSE,IDO,44739,,NIFTY,,2026-10-13,2026-10-13,24300.0,PE,NIFTY26O1324300PE,865.55,865.7,800.0,820.0,820.0,850.0,23446.8,865.56,390,195,13,21228437.75,7,F1,65,,,,,,845
2026-09-23,2026-09-23,FO,NSE,IDO,44719,,NIFTY,,2026-10-13,2026-10-13,24050.0,PE,NIFTY26O1324050PE,0.0,0.0,0.0,621.65,0.0,621.65,23446.8,672.08,0,0,0,0.0,0,F1,65,,,,,,0
2026-09-23,2026-09-23,FO,NSE,IDO,44671,,NIFTY,,2026-10-13,2026-10-13,23550.0,PE,NIFTY26O1323550PE,250.05,265.05,210.15,218.15,217.9,270.75,23446.8,218.15,17875,11245,229,353957675.5,179,F1,65,,,,,,14885
2026-09-23,2026-09-23,FO,NSE,IDO,44661,,NIFTY,,2026-10-13,2026-10-13,23400.0,PE,NIFTY26O1323400PE,190.4,202.15,147.55,157.25,151.15,198.75,23446.8,157.25,93535,13715,2820,4320083439.75,1972,F1,65,,,,,,183300
2026-09-23,2026-09-23,FO,NSE,IDO,44623,,NIFTY,,2026-10-13,2026-10-13,22750.0,PE,NIFTY26O1322750PE,46.1,46.1,31.95,33.15,33.3,46.1,23446.8,33.15,6890,1105,196,290281413.5,145,F1,65,,,,,,12740
2026-09-23,2026-09-23,FO,NSE,IDO,44611,,NIFTY,,2026-10-13,2026-10-13,22450.0,PE,NIFTY26O1322450PE,21.8,21.8,17.25,17.3,17.3,22.95,23446.8,41.33,7605,390,30,43813321.5,9,F1,65,,,,,,1950
2026-09-23,2026-09-23,FO,NSE,IDO,44601,,NIFTY,,2026-10-13,2026-10-13,22350.0,PE,NIFTY26O1322350PE,18.6,22.0,14.8,15.9,16.15,21.65,23446.8,15.9,10400,390,42,61064594.5,30,F1,65,,,,,,2730
2026-09-23,2026-09-23,FO,NSE,IDO,51508,,NIFTY,,2026-10-27,2026-10-27,26450.0,CE,NIFTY26OCT26450CE,0.0,0.0,0.0,8.15,8.15,8.15,23446.8,3.39,520,0,0,0.0,0,F1,65,,,,,,0
2026-09-23,2026-09-23,FO,NSE,IDO,53505,,NIFTY,,2026-11-03,2026-11-03,21800.0,CE,NIFTY26N0321800CE,0.0,0.0,0.0,1721.95,0.0,1721.95,23446.8,1835.05,0,0,0,0.0,0,F1,65,,,,,,0
2026-09-23,2026-09-23,FO,NSE,IDO,54108,,NIFTY,,2026-11-03,2026-11-03,23950.0,CE,NIFTY26N0323950CE,0.0,0.0,0.0,305.7,0.0,305.7,23446.8,347.82,0,0,0,0.0,0,F1,65,,,,,,0
2026-09-23,2026-09-23,FO,NSE,IDO,54110,,NIFTY,,2026-11-03,2026-11-03,24000.0,CE,NIFTY26N0324000CE,0.0,0.0,0.0,288.75,0.0,288.75,23446.8,329.11,0,0,0,0.0,0,F1,65,,,,,,0
2026-09-23,2026-09-23,FO,NSE,IDO,54240,,NIFTY,,2026-11-03,2026-11-03,24650.0,CE,NIFTY26N0324650CE,0.0,0.0,0.0,127.55,0.0,127.55,23446.8,148.45,0,0,0,0.0,0,F1,65,,,,,,0
2026-09-23,2026-09-23,FO,NSE,IDO,54274,,NIFTY,,2026-11-03,2026-11-03,24850.0,CE,NIFTY26N0324850CE,0.0,0.0,0.0,96.3,0.0,96.3,23446.8,112.75,0,0,0,0.0,0,F1,65,,,,,,0
2026-09-23,2026-09-23,FO,NSE,IDO,64236,,NIFTY,,2026-11-23,2026-11-23,21950.0,CE,NIFTY26NOV21950CE,0.0,0.0,0.0,2769.65,0.0,2769.65,23446.8,1811.27,0,0,0,0.0,0,F1,65,,,,,,0
2026-09-23,2026-09-23,FO,NSE,IDO,64268,,NIFTY,,2026-11-23,2026-11-23,22300.0,CE,NIFTY26NOV22300CE,0.0,0.0,0.0,1286.5,1286.5,1286.5,23446.8,1517.33,195,0,0,0.0,0,F1,65,,,,,,0
2026-09-23,2026-09-23,FO,NSE,IDO,64409,,NIFTY,,2026-11-23,2026-11-23,24300.0,CE,NIFTY26NOV24300CE,133.3,138.75,120.55,129.7,130.0,133.3,23446.8,129.7,91455,14755,904,1435481664.5,581,F1,65,,,,,,58760
2026-09-23,2026-09-23,FO,NSE,IDO,64429,,NIFTY,,2026-11-23,2026-11-23,24800.0,CE,NIFTY26NOV24800CE,53.4,54.65,45.55,48.6,48.1,54.4,23446.8,48.6,202865,22165,1889,3051117982.25,976,F1,65,,,,,,122785
2026-09-23,2026-09-23,FO,NSE,IDO,64456,,NIFTY,,2026-11-23,2026-11-23,25300.0,CE,NIFTY26NOV25300CE,0.0,0.0,0.0,532.0,0.0,532.0,23446.8,125.79,0,0,0,0.0,0,F1,65,,,,,,0
2026-09-23,2026-09-23,FO,NSE,IDO,64493,,NIFTY,,2026-11-23,2026-11-23,25900.0,CE,NIFTY26NOV25900CE,0.0,0.0,0.0,345.7,0.0,345.7,23446.8,60.36,0,0,0,0.0,0,F1,65,,,,,,0
2026-09-23,2026-09-23,FO,NSE,IDO,55324,,NIFTY,,2026-12-29,2026-12-29,19500.0,CE,NIFTY26DEC19500CE,0.0,0.0,0.0,7586.85,0.0,7586.85,23446.8,4275.79,0,0,0,0.0,0,F1,65,,,,,,0
2026-09-23,2026-09-23,FO,NSE,IDO,55328,,NIFTY,,2026-12-29,2026-12-29,25500.0,CE,NIFTY26DEC25500CE,60.9,62.25,56.55,57.9,57.7,63.35,23446.8,57.9,1026740,33020,4960,8240007854.0,2686,F1,65,,,,,,322400
2026-09-23,2026-09-23,FO,NSE,IDO,80188,,NIFTY,,2027-03-30,2027-03-30,15000.0,CE,NIFTY27MAR15000CE,0.0,0.0,0.0,8379.85,0.0,8379.85,23446.8,8927.98,0,0,0,0.0,0,F1,65,,,,,,0
2026-09-23,2026-09-23,FO,NSE,IDO,80268,,NIFTY,,2027-03-30,2027-03-30,21000.0,CE,NIFTY27MAR21000CE,3115.0,3150.0,3115.0,3137.5,3138.0,3110.0,23446.8,3137.5,15665,325,16,25099275.5,14,F1,65,,,,,,1040
2026-09-23,2026-09-23,FO,NSE,IDO,80307,,NIFTY,,2027-03-30,2027-03-30,30000.0,CE,NIFTY27MAR30000CE,20.5,20.8,19.0,19.8,20.15,19.65,23446.8,19.8,162890,3120,106,206837306.0,65,F1,65,,,,,,6890
2026-09-23,2026-09-23,FO,NSE,IDO,71540,,NIFTY,,2027-06-29,2027-06-29,15000.0,CE,NIFTY27JUN15000CE,0.0,0.0,0.0,5367.85,0.0,5367.85,23446.8,9155.4,0,0,0,0.0,0,F1,65,,,,,,0
2026-09-23,2026-09-23,FO,NSE,IDO,55368,,NIFTY,,2027-06-29,2027-06-29,16500.0,CE,NIFTY27JUN16500CE,0.0,0.0,0.0,10867.2,0.0,10867.2,23446.8,7727.56,0,0,0,0.0,0,F1,65,,,,,,0
2026-09-23,2026-09-23,FO,NSE,IDO,55372,,NIFTY,,2027-06-29,2027-06-29,19500.0,CE,NIFTY27JUN19500CE,0.0,0.0,0.0,8143.4,0.0,8143.4,23446.8,4921.71,0,0,0,0.0,0,F1,65,,,,,,0
2026-09-23,2026-09-23,FO,NSE,IDO,53613,,NIFTY,,2027-12-28,2027-12-28,21000.0,CE,NIFTY27DEC21000CE,0.0,0.0,0.0,4902.4,0.0,4902.4,23446.8,4332.32,0,0,0,0.0,0,F1,65,,,,,,0
2026-09-23,2026-09-23,FO,NSE,IDO,86163,,NIFTY,,2028-06-27,2028-06-27,27000.0,CE,NIFTY28JUN27000CE,0.0,0.0,0.0,1935.0,1935.0,1935.0,23446.8,1647.54,65,0,0,0.0,0,F1,65,,,,,,0
2026-09-23,2026-09-23,FO,NSE,IDO,55562,,NIFTY,,2029-06-26,2029-06-26,25500.0,CE,NIFTY29JUN25500CE,0.0,0.0,0.0,5917.35,0.0,5917.35,23446.8,3487.43,0,0,0,0.0,0,F1,65,,,,,,0
2026-09-23,2026-09-23,FO,NSE,IDO,61659,,NIFTY,,2029-12-24,2029-12-24,21000.0,CE,NIFTY29DEC21000CE,0.0,0.0,0.0,9463.95,0.0,9463.95,23446.8,6735.07,0,0,0,0.0,0,F1,65,,,,,,0
2026-09-23,2026-09-23,FO,NSE,IDO,55700,,NIFTY,,2030-12-31,2030-12-31,19500.0,CE,NIFTY30DEC19500CE,0.0,0.0,0.0,11601.15,0.0,11601.15,23446.8,8791.71,0,0,0,0.0,0,F1,65,,,,,,0
2026-09-23,2026-09-23,FO,NSE,IDO,55756,,NIFTY,,2030-12-31,2030-12-31,25500.0,CE,NIFTY30DEC25500CE,0.0,0.0,0.0,7639.65,0.0,7639.65,23446.8,5207.62,0,0,0,0.0,0,F1,65,,,,,,0
2026-09-23,2026-09-23,FO,NSE,IDO,74641,,NIFTY,,2031-06-24,2031-06-24,18000.0,CE,NIFTY31JUN18000CE,0.0,0.0,0.0,10825.95,0.0,10825.95,23446.8,10249.18,0,0,0,0.0,0,F1,65,,,,,,0
2026-09-23,2026-09-23,FO,NSE,IDO,73900,,NIFTY,,2026-09-29,2026-09-29,22900.0,PE,NIFTY26SEP22900PE,15.5,16.5,7.9,9.15,8.1,17.3,23446.8,9.15,4805840,1999335,412946,614979667207.75,112026,F1,65,,,,,,26841490
2026-09-23,2026-09-23,FO,NSE,IDO,40822,,NIFTY,,2026-10-06,2026-10-06,24400.0,PE,NIFTY26O0624400PE,984.0,984.0,905.0,921.0,921.0,993.0,23446.8,936.14,975,585,9,14816880.0,9,F1,65,,,,,,585
2026-09-23,2026-09-23,FO,NSE,IDO,40790,,NIFTY,,2026-10-06,2026-10-06,23900.0,PE,NIFTY26O0623900PE,509.95,510.0,422.45,446.25,443.4,515.35,23446.8,446.25,13065,4810,245,388053009.5,188,F1,65,,,,,,15925
2026-09-23,2026-09-23,FO,NSE,IDO,40736,,NIFTY,,2026-10-06,2026-10-06,23050.0,PE,NIFTY26O0623050PE,55.9,61.7,36.95,39.8,37.2,63.15,23446.8,39.8,230555,180830,9969,14965141100.0,6286,F1,65,,,,,,647985
2026-09-23,2026-09-23,FO,NSE,IDO,40716,,NIFTY,,2026-10-06,2026-10-06,22800.0,PE,NIFTY26O0622800PE,27.1,29.25,17.65,18.9,17.65,29.45,23446.8,18.9,480350,168350,21544,31958001240.75,14336,F1,65,,,,,,1400360
2026-09-23,2026-09-23,FO,NSE,IDO,40709,,NIFTY,,2026-10-06,2026-10-06,22650.0,PE,NIFTY26O0622650PE,18.0,18.35,12.3,12.9,12.4,19.9,23446.8,12.9,113035,82550,5683,8372112313.5,3494,F1,65,,,,,,369395
2026-09-23,2026-09-23,FO,NSE,IDO,40698,,NIFTY,,2026-10-06,2026-10-06,22500.0,PE,NIFTY26O0622500PE,14.3,14.35,9.1,9.55,9.1,14.0,23446.8,9.55,939705,450710,33642,49223793232.25,15125,F1,65,,,,,,2186730
2026-09-23,2026-09-23,FO,NSE,IDO,40658,,NIFTY,,2026-10-06,2026-10-06,21750.0,PE,NIFTY26O0621750PE,5.4,5.45,3.6,5.2,5.35,5.75,23446.8,5.2,2730,1560,39,55149045.25,17,F1,65,,,,,,2535
2026-09-23,2026-09-23,FO,NSE,IDO,40653,,NIFTY,,2026-10-06,2026-10-06,21650.0,PE,NIFTY26O0621650PE,4.3,4.65,3.3,4.45,4.65,4.3,23446.8,4.45,845,325,72,101340398.25,26,F1,65,,,,,,4680
2026-09-23,2026-09-23,FO,NSE,IDO,40648,,NIFTY,,2026-10-06,2026-10-06,21550.0,PE,NIFTY26O0621550PE,3.9,4.85,3.9,4.7,4.85,4.85,23446.8,4.7,3380,1235,26,36427257.75,13,F1,65,,,,,,1690
2026-09-23,2026-09-23,FO,NSE,IDO,65930,,NIFTY,,2026-09-29,2026-09-29,33000.0,PE,NIFTY26SEP33000PE,0.0,0.0,0.0,6552.15,0.0,6552.15,23446.8,9520.99,0,0,0,0.0,0,F1,65,,,,,,0
2026-09-23,2026-09-23,FO,NSE,IDO,74506,,NIFTY,,2026-09-29,2026-09-29,27150.0,PE,NIFTY26SEP27150PE,0.0,0.0,0.0,2959.15,0.0,2959.15,23446.8,3676.7,0,0,0,0.0,0,F1,65,,,,,,0
2026-09-23,2026-09-23,FO,NSE,IDO,74417,,NIFTY,,2026-09-29,2026-09-29,25700.0,PE,NIFTY26SEP25700PE,2294.0,2294.0,2230.0,2250.0,2250.0,2314.95,23446.8,2228.12,11245,-650,11,19985290.0,9,F1,65,,,,,,715
2026-09-23,2026-09-23,FO,NSE,IDO,74415,,NIFTY,,2026-09-29,2026-09-29,25650.0,PE,NIFTY26SEP25650PE,2200.0,2200.0,2200.0,2200.0,2200.0,1016.85,23446.8,2200.0,520,455,8,14482000.0,3,F1,65,,,,,,520
2026-09-23,2026-09-23,FO,NSE,IDO,74364,,NIFTY,,2026-09-29,2026-09-29,24950.0,PE,NIFTY26SEP24950PE,0.0,0.0,0.0,1566.05,1566.05,1566.05,23446.8,1479.02,4615,0,0,0.0,0,F1,65,,,,,,0
2026-09-23,2026-09-23,FO,NSE,IDO,74356,,NIFTY,,2026-09-29,2026-09-29,24750.0,PE,NIFTY26SEP24750PE,1290.05,1314.4,1277.9,1280.65,1280.65,1345.55,23446.8,1279.69,25090,-780,15,25395649.5,14,F1,65,,,,,,975
2026-09-23,2026-09-23,FO,NSE,IDO,73928,,NIFTY,,2026-09-29,2026-09-29,23400.0,PE,NIFTY26SEP23400PE,132.0,136.65,76.0,84.15,77.7,131.55,23446.8,84.15,11594765,5483205,3567548,5449203580509.0,1527173,F1,65,,,,,,231890620
2026-09-23,2026-09-23,FO,NSE,IDO,73888,,NIFTY,,2026-09-29,2026-09-29,22600.0,PE,NIFTY26SEP22600PE,5.45,6.0,4.1,4.6,4.1,6.55,23446.8,4.6,3418025,988650,295514,434205721563.25,63289,F1,65,,,,,,19208410
2026-09-23,2026-09-23,FO,NSE,IDO,73886,,NIFTY,,2026-09-29,2026-09-29,22550.0,PE,NIFTY26SEP22550PE,5.6,5.6,3.9,4.2,4.1,5.7,23446.8,4.2,989820,248430,155473,227930615555.5,37183,F1,65,,,,,,10105745
2026-09-23,2026-09-23,FO,NSE,IDO,73864,,NIFTY,,2026-09-29,2026-09-29,21950.0,PE,NIFTY26SEP21950PE,2.15,2.45,1.85,2.05,2.05,2.35,23446.8,2.05,272805,112255,38708,55232021143.0,8042,F1,65,,,,,,2516020
2026-09-23,2026-09-23,FO,NSE,IDO,65894,,NIFTY,,2026-09-29,2026-09-29,21000.0,PE,NIFTY26SEP21000PE,1.15,1.25,0.85,0.95,0.9,1.3,23446.8,0.95,9059700,1812070,135259,184637435047.0,15990,F1,65,,,,,,8791835
2026-09-23,2026-09-23,FO,NSE,IDO,74653,,NIFTY,,2031-06-24,2031-06-24,27000.0,CE,NIFTY31JUN27000CE,0.0,0.0,0.0,5699.0,0.0,5699.0,23446.8,5000.85,0,0,0,0.0,0,F1,65,,,,,,0
2026-09-23,2026-09-23,FO,NSE,IDO,55702,,NIFTY,,2030-12-31,2030-12-31,21000.0,CE,NIFTY30DEC21000CE,0.0,0.0,0.0,10552.5,0.0,10552.5,23446.8,7798.53,0,0,0,0.0,0,F1,65,,,,,,0
2026-09-23,2026-09-23,FO,NSE,IDO,61932,,NIFTY,,2029-12-24,2029-12-24,30000.0,CE,NIFTY29DEC30000CE,1544.45,1600.0,1544.45,1600.0,1600.0,1501.4,23446.8,1600.0,10810,390,17,34904528.75,13,F1,65,,,,,,1105
2026-09-23,2026-09-23,FO,NSE,IDO,55604,,NIFTY,,2029-12-24,2029-12-24,25500.0,CE,NIFTY29DEC25500CE,0.0,0.0,0.0,6500.6,0.0,6500.6,23446.8,4067.77,0,0,0,0.0,0,F1,65,,,,,,0
2026-09-23,2026-09-23,FO,NSE,IDO,89636,,NIFTY,,2029-06-26,2029-06-26,27000.0,CE,NIFTY29JUN27000CE,0.0,0.0,0.0,6570.4,0.0,6570.4,23446.8,2804.55,0,0,0,0.0,0,F1,65,,,,,,0
2026-09-23,2026-09-23,FO,NSE,IDO,55516,,NIFTY,,2028-12-26,2028-12-26,16500.0,CE,NIFTY28DEC16500CE,0.0,0.0,0.0,12176.65,0.0,12176.65,23446.8,9175.27,0,0,0,0.0,0,F1,65,,,,,,0
2026-09-23,2026-09-23,FO,NSE,IDO,80270,,NIFTY,,2027-03-30,2027-03-30,22500.0,CE,NIFTY27MAR22500CE,1758.15,1893.45,1758.15,1867.9,1873.5,1844.95,23446.8,1867.9,180960,4810,186,294351229.25,146,F1,65,,,,,,12090
2026-09-23,2026-09-23,FO,NSE,IDO,55336,,NIFTY,,2026-12-29,2026-12-29,34500.0,CE,NIFTY26DEC34500CE,3.75,3.75,3.25,3.25,3.25,5.35,23446.8,0.0,1300,-325,5,11213653.75,2,F1,65,,,,,,325
2026-09-23,2026-09-23,FO,NSE,IDO,58640,,NIFTY,,2026-12-29,2026-12-29,18000.0,CE,NIFTY26DEC18000CE,0.0,0.0,0.0,5650.0,5650.0,5650.0,23446.8,5747.18,2340,0,0,0.0,0,F1,65,,,,,,0
2026-09-23,2026-09-23,FO,NSE,IDO,64497,,NIFTY,,2026-11-23,2026-11-23,26000.0,CE,NIFTY26NOV26000CE,16.0,16.0,11.0,11.3,11.0,14.0,23446.8,11.3,290420,-6695,2774,4690251959.25,1037,F1,65,,,,,,180310
2026-09-23,2026-09-23,FO,NSE,IDO,64495,,NIFTY,,2026-11-23,2026-11-23,25950.0,CE,NIFTY26NOV25950CE,0.0,0.0,0.0,332.85,0.0,332.85,23446.8,56.56,0,0,0,0.0,0,F1,65,,,,,,0
2026-09-23,2026-09-23,FO,NSE,IDO,64437,,NIFTY,,2026-11-23,2026-11-23,24950.0,CE,NIFTY26NOV24950CE,0.0,0.0,0.0,670.25,0.0,670.25,23446.8,185.88,0,0,0,0.0,0,F1,65,,,,,,0
2026-09-23,2026-09-23,FO,NSE,IDO,64389,,NIFTY,,2026-11-23,2026-11-23,23850.0,CE,NIFTY26NOV23850CE,283.25,299.95,270.1,289.65,289.8,281.1,23446.8,289.65,9945,520,28,43928686.75,24,F1,65,,,,,,1820
2026-09-23,2026-09-23,FO,NSE,IDO,64335,,NIFTY,,2026-11-23,2026-11-23,23000.0,CE,NIFTY26NOV23000CE,780.05,837.5,771.4,817.05,825.0,794.0,23446.8,817.05,214240,4680,241,372982730.25,192,F1,65,,,,,,15665
2026-09-23,2026-09-23,FO,NSE,IDO,64288,,NIFTY,,2026-11-23,2026-11-23,22650.0,CE,NIFTY26NOV22650CE,0.0,0.0,0.0,2156.8,0.0,2156.8,23446.8,1245.53,0,0,0,0.0,0,F1,65,,,,,,0
2026-09-23,2026-09-23,FO,NSE,IDO,54334,,NIFTY,,2026-11-03,2026-11-03,25050.0,CE,NIFTY26N0325050CE,0.0,0.0,0.0,71.65,0.0,71.65,23446.8,84.41,0,0,0,0.0,0,F1,65,,,,,,0
2026-09-23,2026-09-23,FO,NSE,IDO,54276,,NIFTY,,2026-11-03,2026-11-03,24900.0,CE,NIFTY26N0324900CE,0.0,0.0,0.0,89.55,0.0,89.55,23446.8,105.02,0,0,0,0.0,0,F1,65,,,,,,0
2026-09-23,2026-09-23,FO,NSE,IDO,53836,,NIFTY,,2026-11-03,2026-11-03,22900.0,CE,NIFTY26N0322900CE,0.0,0.0,0.0,837.65,0.0,837.65,23446.8,920.56,0,0,0,0.0,0,F1,65,,,,,,0
2026-09-23,2026-09-23,FO,NSE,IDO,53796,,NIFTY,,2026-11-03,2026-11-03,22850.0,CE,NIFTY26N0322850CE,0.0,0.0,0.0,871.45,0.0,871.45,23446.8,956.2,0,0,0,0.0,0,F1,65,,,,,,0
2026-09-23,2026-09-23,FO,NSE,IDO,53702,,NIFTY,,2026-11-03,2026-11-03,22550.0,CE,NIFTY26N0322550CE,0.0,0.0,0.0,1089.1,0.0,1089.1,23446.8,1184.11,0,0,0,0.0,0,F1,65,,,,,,0
2026-09-23,2026-09-23,FO,NSE,IDO,53503,,NIFTY,,2026-11-03,2026-11-03,21750.0,CE,NIFTY26N0321750CE,0.0,0.0,0.0,1767.5,0.0,1767.5,23446.8,1881.43,0,0,0,0.0,0,F1,65,,,,,,0
2026-09-23,2026-09-23,FO,NSE,IDO,53497,,NIFTY,,2026-11-03,2026-11-03,21650.0,CE,NIFTY26N0321650CE,0.0,0.0,0.0,1859.6,0.0,1859.6,23446.8,1974.99,0,0,0,0.0,0,F1,65,,,,,,0
2026-09-23,2026-09-23,FO,NSE,IDO,51504,,NIFTY,,2026-10-27,2026-10-27,26350.0,CE,NIFTY26OCT26350CE,0.0,0.0,0.0,8.0,8.0,8.0,23446.8,4.28,520,0,0,0.0,0,F1,65,,,,,,0
2026-09-23,2026-09-23,FO,NSE,IDO,51500,,NIFTY,,2026-10-27,2026-10-27,26250.0,CE,NIFTY26OCT26250CE,0.0,0.0,0.0,4.55,4.55,4.55,23446.8,5.38,390,0,0,0.0,0,F1,65,,,,,,0
2026-09-23,2026-09-23,FO,NSE,IDO,51448,,NIFTY,,2026-10-27,2026-10-27,25200.0,CE,NIFTY26OCT25200CE,8.05,9.15,6.5,6.7,6.6,9.35,23446.8,6.7,179010,-1300,1606,2631395104.0,1033,F1,65,,,,,,104390
2026-09-23,2026-09-23,FO,NSE,IDO,51420,,NIFTY,,2026-10-27,2026-10-27,24550.0,CE,NIFTY26OCT24550CE,28.3,28.3,18.0,19.9,20.4,24.15,23446.8,19.9,56810,-260,490,782574767.0,217,F1,65,,,,,,31850
2026-09-23,2026-09-23,FO,NSE,IDO,51358,,NIFTY,,2026-10-27,2026-10-27,23150.0,CE,NIFTY26OCT23150CE,505.0,541.9,498.65,539.7,541.7,500.0,23446.8,539.7,7215,715,19,29250825.5,12,F1,65,,,,,,1235
2026-09-23,2026-09-23,FO,NSE,IDO,51342,,NIFTY,,2026-10-27,2026-10-27,22750.0,CE,NIFTY26OCT22750CE,0.0,0.0,0.0,850.35,850.35,850.35,23446.8,975.66,1105,0,0,0.0,0,F1,65,,,,,,0
2026-09-23,2026-09-23,FO,NSE,IDO,51328,,NIFTY,,2026-10-27,2026-10-27,22450.0,CE,NIFTY26OCT22450CE,0.0,0.0,0.0,2042.45,0.0,2042.45,23446.8,1215.94,0,0,0,0.0,0,F1,65,,,,,,0
2026-09-23,2026-09-23,FO,NSE,IDO,51318,,NIFTY,,2026-10-27,2026-10-27,22250.0,CE,NIFTY26OCT22250CE,0.0,0.0,0.0,1325.5,1325.5,1325.5,23446.8,1387.52,13975,0,0,0.0,0,F1,65,,,,,,0
2026-09-23,2026-09-23,FO,NSE,IDO,51308,,NIFTY,,2026-10-27,2026-10-27,22000.0,CE,NIFTY26OCT22000CE,1500.0,1586.0,1486.65,1554.05,1565.0,1511.4,23446.8,1554.05,225290,95680,1747,2674487946.0,1699,F1,65,,,,,,113555
2026-09-23,2026-09-23,FO,NSE,IDO,51286,,NIFTY,,2026-10-27,2026-10-27,21500.0,CE,NIFTY26OCT21500CE,1980.0,2070.45,1974.0,2034.95,2039.25,1977.7,23446.8,2034.95,50895,12350,240,367189459.0,235,F1,65,,,,,,15600
2026-09-23,2026-09-23,FO,NSE,IDO,47418,,NIFTY,,2026-10-19,2026-10-19,24950.0,CE,NIFTY26O1924950CE,0.0,0.0,0.0,37.6,0.0,37.6,23446.8,39.09,0,0,0,0.0,0,F1,65,,,,,,0
2026-09-23,2026-09-23,FO,NSE,IDO,47239,,NIFTY,,2026-10-19,2026-10-19,24350.0,CE,NIFTY26O1924350CE,0.0,0.0,0.0,104.05,0.0,104.05,23446.8,120.74,0,0,0,0.0,0,F1,65,,,,,,0
2026-09-23,2026-09-23,FO,NSE,IDO,47167,,NIFTY,,2026-10-19,2026-10-19,23100.0,CE,NIFTY26O1923100CE,0.0,0.0,0.0,522.3,0.0,522.3,23446.8,651.05,0,0,0,0.0,0,F1,65,,,,,,0
2026-09-23,2026-09-23,FO,NSE,IDO,47100,,NIFTY,,2026-10-19,2026-10-19,21700.0,CE,NIFTY26O1921700CE,0.0,0.0,0.0,1575.5,0.0,1575.5,23446.8,1847.79,0,0,0,0.0,0,F1,65,,,,,,0
2026-09-23,2026-09-23,FO,NSE,IDO,44668,,NIFTY,,2026-10-13,2026-10-13,23500.0,CE,NIFTY26O1323500CE,185.55,219.25,175.0,198.6,200.1,189.4,23446.8,198.6,262535,24180,5689,8763531026.25,4405,F1,65,,,,,,369785
2026-09-23,2026-09-23,FO,NSE,IDO,44636,,NIFTY,,2026-10-13,2026-10-13,23050.0,CE,NIFTY26O1323050CE,0.0,0.0,0.0,471.3,471.3,471.3,23446.8,627.66,585,0,0,0.0,0,F1,65,,,,,,0
2026-09-23,2026-09-23,FO,NSE,IDO,44608,,NIFTY,,2026-10-13,2026-10-13,22450.0,CE,NIFTY26O1322450CE,0.0,0.0,0.0,1379.8,0.0,1379.8,23446.8,1111.08,0,0,0,0.0,0,F1,65,,,,,,0
2026-09-23,2026-09-23,FO,NSE,IDO,44586,,NIFTY,,2026-10-13,2026-10-13,22150.0,CE,NIFTY26O1322150CE,0.0,0.0,0.0,1647.3,0.0,1647.3,23446.8,1386.91,0,0,0,0.0,0,F1,65,,,,,,0
2026-09-23,2026-09-23,FO,NSE,IDO,44568,,NIFTY,,2026-10-13,2026-10-13,21900.0,CE,NIFTY26O1321900CE,0.0,0.0,0.0,1879.7,0.0,1879.7,23446.8,1626.3,0,0,0,0.0,0,F1,65,,,,,,0
2026-09-23,2026-09-23,FO,NSE,IDO,40894,,NIFTY,,2026-10-06,2026-10-06,25700.0,CE,NIFTY26O0625700CE,1.45,1.5,0.95,1.05,1.35,1.45,23446.8,1.05,8970,-260,115,192115898.0,56,F1,65,,,,,,7475
2026-09-23,2026-09-23,FO,NSE,IDO,40786,,NIFTY,,2026-10-06,2026-10-06,23850.0,CE,NIFTY26O0623850CE,36.75,40.0,27.3,30.5,30.5,34.45,23446.8,30.5,242580,142155,13317,20672714465.0,9093,F1,65,,,,,,865605
2026-09-23,2026-09-23,FO,NSE,IDO,40745,,NIFTY,,2026-10-06,2026-10-06,23200.0,CE,NIFTY26O0623200CE,319.95,367.05,293.65,340.05,341.3,312.15,23446.8,340.05,83330,-2405,4634,7088416601.5,3103,F1,65,,,,,,301210
2026-09-23,2026-09-23,FO,NSE,IDO,40669,,NIFTY,,2026-10-06,2026-10-06,22050.0,CE,NIFTY26O0622050CE,0.0,0.0,0.0,2147.1,0.0,2147.1,23446.8,1447.34,0,0,0,0.0,0,F1,65,,,,,,0
2026-09-23,2026-09-23,FO,NSE,IDO,40654,,NIFTY,,2026-10-06,2026-10-06,21700.0,CE,NIFTY26O0621700CE,0.0,0.0,0.0,2486.95,0.0,2486.95,23446.8,1793.43,0,0,0,0.0,0,F1,65,,,,,,0
2026-09-23,2026-09-23,FO,NSE,IDO,74495,,NIFTY,,2026-09-29,2026-09-29,26850.0,CE,NIFTY26SEP26850CE,0.8,0.85,0.45,0.5,0.45,0.5,23446.8,0.5,10855,7475,848,1480004214.0,488,F1,65,,,,,,55120
2026-09-23,2026-09-23,FO,NSE,IDO,74386,,NIFTY,,2026-09-29,2026-09-29,25300.0,CE,NIFTY26SEP25300CE,1.15,1.2,0.7,0.8,0.75,1.1,23446.8,0.8,599170,15015,11151,18338452388.75,3820,F1,65,,,,,,724815
2026-09-23,2026-09-23,FO,NSE,IDO,74384,,NIFTY,,2026-09-29,2026-09-29,25250.0,CE,NIFTY26SEP25250CE,1.2,1.2,0.7,0.8,0.8,1.2,23446.8,0.8,66625,11700,2731,4482413708.5,1333,F1,65,,,,,,177515
2026-09-23,2026-09-23,FO,NSE,IDO,74366,,NIFTY,,2026-09-29,2026-09-29,25050.0,CE,NIFTY26SEP25050CE,1.25,1.25,0.75,0.9,0.8,1.3,23446.8,0.9,98215,17680,7804,12707330749.75,2339,F1,65,,,,,,507260
2026-09-23,2026-09-23,FO,NSE,IDO,74097,,NIFTY,,2026-09-29,2026-09-29,24250.0,CE,NIFTY26SEP24250CE,2.9,2.9,2.05,2.45,2.6,3.25,23446.8,2.45,1185600,357890,104466,164680685091.0,20849,F1,65,,,,,,6790290
2026-09-23,2026-09-23,FO,NSE,IDO,74005,,NIFTY,,2026-09-29,2026-09-29,23650.0,CE,NIFTY26SEP23650CE,34.9,48.95,27.15,32.4,32.55,34.9,23446.8,32.4,3141580,1236690,833343,1283015736951.0,307640,F1,65,,,,,,54167295
2026-09-23,2026-09-23,FO,NSE,IDO,73985,,NIFTY,,2026-09-29,2026-09-29,23500.0,CE,NIFTY26SEP23500CE,78.0,108.95,65.65,82.05,82.8,77.8,23446.8,82.05,10282090,1302600,2695454,4132568286759.25,1181263,F1,65,,,,,,175204510
2026-09-23,2026-09-23,FO,NSE,IDO,73964,,NIFTY,,2026-09-29,2026-09-29,23450.0,CE,NIFTY26SEP23450CE,101.3,136.35,84.9,106.6,108.8,98.1,23446.8,106.6,3861715,2054845,2199764,3368958369608.0,1164804,F1,65,,,,,,142984660
2026-09-23,2026-09-23,FO,NSE,IDO,73927,,NIFTY,,2026-09-29,2026-09-29,23400.0,CE,NIFTY26SEP23400CE,119.8,166.9,99.95,134.75,137.2,121.65,23446.8,134.75,7592975,370175,3086354,4721553614966.5,1542746,F1,65,,,,,,200613010
2026-09-23,2026-09-23,FO,NSE,IDO,73910,,NIFTY,,2026-09-29,2026-09-29,23200.0,CE,NIFTY26SEP23200CE,242.95,317.7,231.0,282.95,287.0,249.45,23446.8,282.95,1471925,-215605,199374,304202410824.0,127361,F1,65,,,,,,12959310
2026-09-23,2026-09-23,FO,NSE,IDO,73879,,NIFTY,,2026-09-29,2026-09-29,22350.0,CE,NIFTY26SEP22350CE,0.0,0.0,0.0,1030.0,1030.0,1030.0,23446.8,1119.8,65,0,0,0.0,0,F1,65,,,,,,0
2026-09-23,2026-09-23,FO,NSE,IDO,73877,,NIFTY,,2026-09-29,2026-09-29,22300.0,CE,NIFTY26SEP22300CE,1130.0,1168.3,1119.0,1147.0,1147.0,1093.0,23446.8,1169.4,1170,-260,21,31998729.75,15,F1,65,,,,,,1365
2026-09-23,2026-09-23,FO,NSE,IDO,65887,,NIFTY,,2026-09-29,2026-09-29,18000.0,CE,NIFTY26SEP18000CE,0.0,0.0,0.0,5414.0,5414.0,5414.0,23446.8,5464.37,780,0,0,0.0,0,F1,65,,,,,,0
2026-09-23,2026-09-23,FO,NSE,IDO,65881,,NIFTY,,2026-09-29,2026-09-29,15000.0,CE,NIFTY26SEP15000CE,0.0,0.0,0.0,10499.3,0.0,10499.3,23446.8,8461.44,0,0,0,0.0,0,F1,65,,,,,,0
2026-09-23,2026-09-23,FO,NSE,IDO,44669,,NIFTY,,2026-10-13,2026-10-13,23500.0,PE,NIFTY26O1323500PE,236.45,248.9,184.0,196.95,189.85,242.5,23446.8,196.95,190775,36335,3783,5829091658.0,3141,F1,65,,,,,,245895
2026-09-23,2026-09-23,FO,NSE,IDO,44727,,NIFTY,,2026-10-13,2026-10-13,24150.0,PE,NIFTY26O1324150PE,701.85,708.9,638.0,654.0,654.0,729.7,23446.8,747.04,65,0,10,16129415.25,10,F1,65,,,,,,650
2026-09-23,2026-09-23,FO,NSE,IDO,44763,,NIFTY,,2026-10-13,2026-10-13,24700.0,PE,NIFTY26O1324700PE,0.0,0.0,0.0,1075.5,0.0,1075.5,23446.8,1211.28,0,0,0,0.0,0,F1,65,,,,,,0
2026-09-23,2026-09-23,FO,NSE,IDO,44769,,NIFTY,,2026-10-13,2026-10-13,24850.0,PE,NIFTY26O1324850PE,0.0,0.0,0.0,1184.15,1219.6,1184.15,23446.8,1349.22,195,0,0,0.0,0,F1,65,,,,,,0
2026-09-23,2026-09-23,FO,NSE,IDO,47084,,NIFTY,,2026-10-19,2026-10-19,21400.0,PE,NIFTY26O1921400PE,0.0,0.0,0.0,19.55,0.0,19.55,23446.8,3.71,0,0,0,0.0,0,F1,65,,,,,,0
2026-09-23,2026-09-23,FO,NSE,IDO,47113,,NIFTY,,2026-10-19,2026-10-19,22000.0,PE,NIFTY26O1922000PE,17.0,17.75,13.3,14.15,14.55,19.85,23446.8,14.15,26975,12610,385,550907669.0,186,F1,65,,,,,,25025
2026-09-23,2026-09-23,FO,NSE,IDO,47124,,NIFTY,,2026-10-19,2026-10-19,22250.0,PE,NIFTY26O1922250PE,0.0,0.0,0.0,110.1,0.0,110.1,23446.8,39.49,0,0,0,0.0,0,F1,65,,,,,,0
2026-09-23,2026-09-23,FO,NSE,IDO,47130,,NIFTY,,2026-10-19,2026-10-19,22400.0,PE,NIFTY26O1922400PE,0.0,0.0,0.0,141.35,0.0,141.35,23446.8,55.42,0,0,0,0.0,0,F1,65,,,,,,0
2026-09-23,2026-09-23,FO,NSE,IDO,47152,,NIFTY,,2026-10-19,2026-10-19,22750.0,PE,NIFTY26O1922750PE,0.0,0.0,0.0,239.3,0.0,239.3,23446.8,112.75,0,0,0,0.0,0,F1,65,,,,,,0
2026-09-23,2026-09-23,FO,NSE,IDO,47172,,NIFTY,,2026-10-19,2026-10-19,23200.0,PE,NIFTY26O1923200PE,149.65,150.95,114.0,122.0,121.25,156.7,23446.8,122.0,7605,3120,275,417050608.0,225,F1,65,,,,,,17875
2026-09-23,2026-09-23,FO,NSE,IDO,47200,,NIFTY,,2026-10-19,2026-10-19,23650.0,PE,NIFTY26O1923650PE,300.65,303.6,291.55,293.1,293.1,680.7,23446.8,447.53,1040,1040,16,24906401.0,16,F1,65,,,,,,1040
2026-09-23,2026-09-23,FO,NSE,IDO,51311,,NIFTY,,2026-10-27,2026-10-27,22050.0,PE,NIFTY26OCT22050PE,25.0,28.0,22.15,23.85,25.4,30.65,23446.8,23.85,19695,-2600,180,258273021.5,107,F1,65,,,,,,11700
2026-09-23,2026-09-23,FO,NSE,IDO,51317,,NIFTY,,2026-10-27,2026-10-27,22200.0,PE,NIFTY26OCT22200PE,37.5,37.5,26.95,29.8,29.4,37.5,23446.8,29.8,173485,-48100,4348,6282473414.75,2586,F1,65,,,,,,282620
2026-09-23,2026-09-23,FO,NSE,IDO,51357,,NIFTY,,2026-10-27,2026-10-27,23100.0,PE,NIFTY26OCT23100PE,150.3,159.35,115.3,126.85,123.25,156.65,23446.8,126.85,366340,40755,8393,12673224183.75,5892,F1,65,,,,,,545545
2026-09-23,2026-09-23,FO,NSE,IDO,51371,,NIFTY,,2026-10-27,2026-10-27,23450.0,PE,NIFTY26OCT23450PE,275.25,275.3,215.55,229.55,224.6,276.5,23446.8,229.55,116805,32630,2424,3731456807.0,1390,F1,65,,,,,,157560
2026-09-23,2026-09-23,FO,NSE,IDO,51407,,NIFTY,,2026-10-27,2026-10-27,24300.0,PE,NIFTY26OCT24300PE,816.9,843.15,754.0,781.5,782.15,837.9,23446.8,781.5,155610,19500,844,1376514002.5,469,F1,65,,,,,,54860
2026-09-23,2026-09-23,FO,NSE,IDO,51431,,NIFTY,,2026-10-27,2026-10-27,24800.0,PE,NIFTY26OCT24800PE,1265.0,1298.0,1218.0,1232.75,1232.75,1281.4,23446.8,1232.75,172250,910,35,59235085.0,32,F1,65,,,,,,2275
2026-09-23,2026-09-23,FO,NSE,IDO,51441,,NIFTY,,2026-10-27,2026-10-27,25000.0,PE,NIFTY26OCT25000PE,1482.3,1513.0,1408.0,1442.05,1428.45,1502.2,23446.8,1442.05,927030,110630,2497,4293989651.25,2053,F1,65,,,,,,162305
2026-09-23,2026-09-23,FO,NSE,IDO,51449,,NIFTY,,2026-10-27,2026-10-27,25200.0,PE,NIFTY26OCT25200PE,1700.0,1700.0,1612.0,1634.6,1634.6,1673.9,23446.8,1634.6,16445,2080,47,82044274.0,40,F1,65,,,,,,3055
2026-09-23,2026-09-23,FO,NSE,IDO,51473,,NIFTY,,2026-10-27,2026-10-27,25600.0,PE,NIFTY26OCT25600PE,2070.0,2070.0,2003.7,2023.6,2022.05,2120.0,23446.8,2023.6,3055,585,10,17967030.25,9,F1,65,,,,,,650
2026-09-23,2026-09-23,FO,NSE,IDO,51491,,NIFTY,,2026-10-27,2026-10-27,26000.0,PE,NIFTY26OCT26000PE,2445.0,2490.85,2387.6,2423.25,2410.0,2471.4,23446.8,2423.25,943800,195715,3524,6513522314.0,3296,F1,65,,,,,,229060
2026-09-23,2026-09-23,FO,NSE,IDO,51515,,NIFTY,,2026-10-27,2026-10-27,26600.0,PE,NIFTY26OCT26600PE,0.0,0.0,0.0,3029.0,3029.0,3029.0,23446.8,2999.19,390,0,0,0.0,0,F1,65,,,,,,0
2026-09-23,2026-09-23,FO,NSE,IDO,53542,,NIFTY,,2026-11-03,2026-11-03,22000.0,PE,NIFTY26N0322000PE,0.0,0.0,0.0,64.3,0.0,64.3,23446.8,49.87,0,0,0,0.0,0,F1,65,,,,,,0
2026-09-23,2026-09-23,FO,NSE,IDO,53749,,NIFTY,,2026-11-03,2026-11-03,22600.0,PE,NIFTY26N0322600PE,0.0,0.0,0.0,168.25,0.0,168.25,23446.8,137.68,0,0,0,0.0,0,F1,65,,,,,,0
2026-09-23,2026-09-23,FO,NSE,IDO,53795,,NIFTY,,2026-11-03,2026-11-03,22800.0,PE,NIFTY26N0322800PE,0.0,0.0,0.0,221.65,0.0,221.65,23446.8,185.24,0,0,0,0.0,0,F1,65,,,,,,0
2026-09-23,2026-09-23,FO,NSE,IDO,53939,,NIFTY,,2026-11-03,2026-11-03,23250.0,PE,NIFTY26N0323250PE,0.0,0.0,0.0,384.75,0.0,384.75,23446.8,329.97,0,0,0,0.0,0,F1,65,,,,,,0
2026-09-23,2026-09-23,FO,NSE,IDO,54129,,NIFTY,,2026-11-03,2026-11-03,24400.0,PE,NIFTY26N0324400PE,0.0,0.0,0.0,1082.55,0.0,1082.55,23446.8,985.32,0,0,0,0.0,0,F1,65,,,,,,0
2026-09-23,2026-09-23,FO,NSE,IDO,54275,,NIFTY,,2026-11-03,2026-11-03,24850.0,PE,NIFTY26N0324850PE,0.0,0.0,0.0,1448.0,0.0,1448.0,23446.8,1339.88,0,0,0,0.0,0,F1,65,,,,,,0
2026-09-23,2026-09-23,FO,NSE,IDO,64277,,NIFTY,,2026-11-23,2026-11-23,22450.0,PE,NIFTY26NOV22450PE,98.05,98.1,85.35,85.35,85.35,103.1,23446.8,85.35,5980,650,33,48355567.0,18,F1,65,,,,,,2145
2026-09-23,2026-09-23,FO,NSE,IDO,64334,,NIFTY,,2026-11-23,2026-11-23,22950.0,PE,NIFTY26NOV22950PE,189.1,189.1,154.55,155.85,160.75,185.4,23446.8,155.85,5135,2275,73,109691949.25,36,F1,65,,,,,,4745
2026-09-23,2026-09-23,FO,NSE,IDO,64396,,NIFTY,,2026-11-23,2026-11-23,23950.0,PE,NIFTY26NOV23950PE,571.0,571.0,512.35,512.35,512.35,579.35,23446.8,738.81,1560,-65,3,4774467.75,3,F1,65,,,,,,195
2026-09-23,2026-09-23,FO,NSE,IDO,64402,,NIFTY,,2026-11-23,2026-11-23,24100.0,PE,NIFTY26NOV24100PE,638.0,638.0,612.0,622.6,622.6,666.9,23446.8,622.6,9490,260,7,11246732.25,5,F1,65,,,,,,455
2026-09-23,2026-09-23,FO,NSE,IDO,64420,,NIFTY,,2026-11-23,2026-11-23,24550.0,PE,NIFTY26NOV24550PE,992.7,1001.35,992.7,1001.35,1001.35,951.8,23446.8,1125.4,975,-65,2,3321113.25,2,F1,65,,,,,,130
2026-09-23,2026-09-23,FO,NSE,IDO,64455,,NIFTY,,2026-11-23,2026-11-23,25250.0,PE,NIFTY26NOV25250PE,0.0,0.0,0.0,1090.7,0.0,1090.7,23446.8,1670.73,0,0,0,0.0,0,F1,65,,,,,,0
2026-09-23,2026-09-23,FO,NSE,IDO,64502,,NIFTY,,2026-11-23,2026-11-23,26100.0,PE,NIFTY26NOV26100PE,0.0,0.0,0.0,1675.5,0.0,1675.5,23446.8,2424.94,0,0,0,0.0,0,F1,65,,,,,,0
2026-09-23,2026-09-23,FO,NSE,IDO,58629,,NIFTY,,2026-12-29,2026-12-29,12000.0,PE,NIFTY26DEC12000PE,4.7,4.7,4.45,4.45,4.45,4.5,23446.8,0.0,19580,0,3,2340884.0,3,F1,65,,,,,,195
2026-09-23,2026-09-23,FO,NSE,IDO,80314,,NIFTY,,2027-03-30,2027-03-30,33000.0,PE,NIFTY27MAR33000PE,0.0,0.0,0.0,8415.45,0.0,8415.45,23446.8,8497.53,0,0,0,0.0,0,F1,65,,,,,,0
2026-09-23,2026-09-23,FO,NSE,IDO,47193,,NIFTY,,2027-06-29,2027-06-29,33000.0,PE,NIFTY27JUN33000PE,0.0,0.0,0.0,4691.7,0.0,4691.7,23446.8,8016.67,0,0,0,0.0,0,F1,65,,,,,,0
2026-09-23,2026-09-23,FO,NSE,IDO,55423,,NIFTY,,2027-12-28,2027-12-28,19500.0,PE,NIFTY27DEC19500PE,0.0,0.0,0.0,29.25,0.0,29.25,23446.8,108.16,0,0,0,0.0,0,F1,65,,,,,,0
2026-09-23,2026-09-23,FO,NSE,IDO,55425,,NIFTY,,2027-12-28,2027-12-28,22500.0,PE,NIFTY27DEC22500PE,0.0,0.0,0.0,186.5,0.0,186.5,23446.8,572.25,0,0,0,0.0,0,F1,65,,,,,,0
2026-09-23,2026-09-23,FO,NSE,IDO,35347,,NIFTY,,2027-12-28,2027-12-28,30000.0,PE,NIFTY27DEC30000PE,0.0,0.0,0.0,4281.75,4281.75,4281.75,23446.8,4667.46,2990,0,0,0.0,0,F1,65,,,,,,0
2026-09-23,2026-09-23,FO,NSE,IDO,86140,,NIFTY,,2028-06-27,2028-06-27,18000.0,PE,NIFTY28JUN18000PE,0.0,0.0,0.0,396.75,0.0,396.75,23446.8,58.11,0,0,0,0.0,0,F1,65,,,,,,0
2026-09-23,2026-09-23,FO,NSE,IDO,86148,,NIFTY,,2028-06-27,2028-06-27,22000.0,PE,NIFTY28JUN22000PE,0.0,0.0,0.0,510.0,510.0,510.0,23446.8,502.98,2080,0,0,0.0,0,F1,65,,,,,,0
2026-09-23,2026-09-23,FO,NSE,IDO,55477,,NIFTY,,2028-06-27,2028-06-27,25500.0,PE,NIFTY28JUN25500PE,0.0,0.0,0.0,1034.0,1034.0,1034.0,23446.8,1622.04,0,0,0,0.0,0,F1,65,,,,,,0
2026-09-23,2026-09-23,FO,NSE,IDO,67777,,NIFTY,,2028-12-26,2028-12-26,21000.0,PE,NIFTY28DEC21000PE,0.0,0.0,0.0,359.95,359.95,359.95,23446.8,354.97,9620,0,0,0.0,0,F1,65,,,,,,0
2026-09-23,2026-09-23,FO,NSE,IDO,55521,,NIFTY,,2028-12-26,2028-12-26,22500.0,PE,NIFTY28DEC22500PE,0.0,0.0,0.0,218.8,0.0,218.8,23446.8,630.53,0,0,0,0.0,0,F1,65,,,,,,0
2026-09-23,2026-09-23,FO,NSE,IDO,67795,,NIFTY,,2028-12-26,2028-12-26,30000.0,PE,NIFTY28DEC30000PE,0.0,0.0,0.0,3080.0,3080.0,3080.0,23446.8,3822.99,195,0,0,0.0,0,F1,65,,,,,,0
2026-09-23,2026-09-23,FO,NSE,IDO,55561,,NIFTY,,2029-06-26,2029-06-26,22500.0,PE,NIFTY29JUN22500PE,0.0,0.0,0.0,224.45,0.0,224.45,23446.8,630.07,0,0,0,0.0,0,F1,65,,,,,,0
2026-09-23,2026-09-23,FO,NSE,IDO,89635,,NIFTY,,2029-06-26,2029-06-26,26000.0,PE,NIFTY29JUN26000PE,0.0,0.0,0.0,1650.0,1650.0,1650.0,23446.8,1634.66,50,0,0,0.0,0,F1,65,,,,,,0
2026-09-23,2026-09-23,FO,NSE,IDO,55601,,NIFTY,,2029-12-24,2029-12-24,19500.0,PE,NIFTY29DEC19500PE,0.0,0.0,0.0,61.2,0.0,61.2,23446.8,211.68,0,0,0,0.0,0,F1,65,,,,,,0
2026-09-23,2026-09-23,FO,NSE,IDO,55759,,NIFTY,,2030-12-31,2030-12-31,27000.0,PE,NIFTY30DEC27000PE,0.0,0.0,0.0,779.5,0.0,779.5,23446.8,1643.08,0,0,0,0.0,0,F1,65,,,,,,0
2026-09-23,2026-09-23,FO,NSE,IDO,55767,,NIFTY,,2030-12-31,2030-12-31,33000.0,PE,NIFTY30DEC33000PE,0.0,0.0,0.0,2387.3,0.0,2387.3,23446.8,4082.07,0,0,0,0.0,0,F1,65,,,,,,0
2026-09-23,2026-09-23,FO,NSE,IDO,44627,,NIFTY,,2026-10-13,2026-10-13,22850.0,PE,NIFTY26O1322850PE,53.95,54.0,37.7,41.15,37.7,58.65,23446.8,41.15,5265,-455,185,275280694.0,130,F1,65,,,,,,12025
2026-09-23,2026-09-23,FO,NSE,IDO,44621,,NIFTY,,2026-10-13,2026-10-13,22700.0,PE,NIFTY26O1322700PE,40.5,42.1,28.5,30.15,29.05,42.35,23446.8,30.15,265655,164970,7758,11462638079.75,4727,F1,65,,,,,,504270
2026-09-23,2026-09-23,FO,NSE,IDO,44617,,NIFTY,,2026-10-13,2026-10-13,22600.0,PE,NIFTY26O1322600PE,33.95,33.95,22.95,23.85,24.0,34.8,23446.8,23.85,36140,8450,821,1207395686.25,580,F1,65,,,,,,53365
2026-09-23,2026-09-23,FO,NSE,IDO,44604,,NIFTY,,2026-10-13,2026-10-13,22400.0,PE,NIFTY26O1322400PE,22.35,22.75,15.4,17.0,16.9,23.55,23446.8,17.0,35165,7085,1731,2522270598.25,833,F1,65,,,,,,112515
2026-09-23,2026-09-23,FO,NSE,IDO,44599,,NIFTY,,2026-10-13,2026-10-13,22300.0,PE,NIFTY26O1322300PE,17.7,18.8,13.2,14.6,14.7,19.55,23446.8,14.6,45305,2080,997,1446118823.5,595,F1,65,,,,,,64805
2026-09-23,2026-09-23,FO,NSE,IDO,40903,,NIFTY,,2026-10-06,2026-10-06,25750.0,PE,NIFTY26O0625750PE,0.0,0.0,0.0,1608.15,0.0,1608.15,23446.8,2248.99,0,0,0,0.0,0,F1,65,,,,,,0
2026-09-23,2026-09-23,FO,NSE,IDO,40868,,NIFTY,,2026-10-06,2026-10-06,25050.0,PE,NIFTY26O0625050PE,0.0,0.0,0.0,1024.75,0.0,1024.75,23446.8,1554.26,0,0,0,0.0,0,F1,65,,,,,,0
2026-09-23,2026-09-23,FO,NSE,IDO,40866,,NIFTY,,2026-10-06,2026-10-06,25000.0,PE,NIFTY26O0625000PE,1532.0,1535.0,1498.35,1521.55,1511.4,1559.95,23446.8,1521.55,5135,-455,39,67245616.75,20,F1,65,,,,,,2535
2026-09-23,2026-09-23,FO,NSE,IDO,40845,,NIFTY,,2026-10-06,2026-10-06,24700.0,PE,NIFTY26O0624700PE,1277.95,1277.95,1260.0,1260.0,1260.0,774.45,23446.8,1214.7,130,130,2,3375966.75,2,F1,65,,,,,,130
2026-09-23,2026-09-23,FO,NSE,IDO,74064,,NIFTY,,2026-09-29,2026-09-29,24100.0,CE,NIFTY26SEP24100CE,3.75,4.15,3.05,3.5,3.75,4.55,23446.8,3.5,4243135,1171625,404699,634050631298.5,78679,F1,65,,,,,,26305435
2026-09-23,2026-09-23,FO,NSE,IDO,74359,,NIFTY,,2026-09-29,2026-09-29,24850.0,CE,NIFTY26SEP24850CE,1.25,1.35,0.8,0.95,0.85,1.35,23446.8,0.95,154765,32760,8309,13421657200.25,2738,F1,65,,,,,,540085
2026-09-23,2026-09-23,FO,NSE,IDO,74414,,NIFTY,,2026-09-29,2026-09-29,25650.0,CE,NIFTY26SEP25650CE,0.95,1.1,0.6,0.7,0.65,0.95,23446.8,0.7,44005,3835,5536,9230167553.75,1714,F1,65,,,,,,359840
2026-09-23,2026-09-23,FO,NSE,IDO,74489,,NIFTY,,2026-09-29,2026-09-29,26700.0,CE,NIFTY26SEP26700CE,0.85,0.85,0.45,0.55,0.65,0.7,23446.8,0.55,6500,1560,339,588348354.75,205,F1,65,,,,,,22035
2026-09-23,2026-09-23,FO,NSE,IDO,74497,,NIFTY,,2026-09-29,2026-09-29,26900.0,CE,NIFTY26SEP26900CE,0.65,0.8,0.45,0.55,0.45,0.65,23446.8,0.55,7150,1365,816,1426807466.5,602,F1,65,,,,,,53040
2026-09-23,2026-09-23,FO,NSE,IDO,40647,,NIFTY,,2026-10-06,2026-10-06,21550.0,CE,NIFTY26O0621550CE,0.0,0.0,0.0,2634.15,0.0,2634.15,23446.8,1942.69,0,0,0,0.0,0,F1,65,,,,,,0
2026-09-23,2026-09-23,FO,NSE,IDO,40649,,NIFTY,,2026-10-06,2026-10-06,21600.0,CE,NIFTY26O0621600CE,0.0,0.0,0.0,2585.0,0.0,2585.0,23446.8,1892.91,0,0,0,0.0,0,F1,65,,,,,,0
2026-09-23,2026-09-23,FO,NSE,IDO,40667,,NIFTY,,2026-10-06,2026-10-06,22000.0,CE,NIFTY26O0622000CE,1399.4,1498.0,1399.4,1473.35,1480.0,1469.05,23446.8,1473.35,9230,-260,43,65591880.25,22,F1,65,,,,,,2795
2026-09-23,2026-09-23,FO,NSE,IDO,40715,,NIFTY,,2026-10-06,2026-10-06,22800.0,CE,NIFTY26O0622800CE,652.0,718.85,635.0,691.85,687.8,646.45,23446.8,691.85,2730,520,60,91578795.75,50,F1,65,,,,,,3900
2026-09-23,2026-09-23,FO,NSE,IDO,40791,,NIFTY,,2026-10-06,2026-10-06,23950.0,CE,NIFTY26O0623950CE,24.8,25.0,17.3,18.55,18.35,22.55,23446.8,18.55,452530,348335,13458,20967726458.25,7621,F1,65,,,,,,874770
2026-09-23,2026-09-23,FO,NSE,IDO,40831,,NIFTY,,2026-10-06,2026-10-06,24600.0,CE,NIFTY26O0624600CE,4.25,4.4,2.55,3.2,3.85,4.25,23446.8,3.2,241150,59410,6484,10369204326.0,3499,F1,65,,,,,,421460
2026-09-23,2026-09-23,FO,NSE,IDO,40852,,NIFTY,,2026-10-06,2026-10-06,24800.0,CE,NIFTY26O0624800CE,3.4,4.6,1.5,2.4,1.5,2.75,23446.8,2.4,129610,67925,3983,6421157626.0,2145,F1,65,,,,,,258895
2026-09-23,2026-09-23,FO,NSE,IDO,40887,,NIFTY,,2026-10-06,2026-10-06,25550.0,CE,NIFTY26O0625550CE,1.15,1.35,1.05,1.05,1.05,1.4,23446.8,1.05,1170,390,23,38199040.75,6,F1,65,,,,,,1495
2026-09-23,2026-09-23,FO,NSE,IDO,40890,,NIFTY,,2026-10-06,2026-10-06,25600.0,CE,NIFTY26O0625600CE,1.3,1.65,1.05,1.15,1.2,1.15,23446.8,1.15,8385,2470,111,184712576.75,50,F1,65,,,,,,7215
2026-09-23,2026-09-23,FO,NSE,IDO,40902,,NIFTY,,2026-10-06,2026-10-06,25750.0,CE,NIFTY26O0625750CE,1.8,1.8,1.0,1.35,1.35,1.7,23446.8,1.35,4095,260,18,30128991.75,12,F1,65,,,,,,1170
2026-09-23,2026-09-23,FO,NSE,IDO,44542,,NIFTY,,2026-10-13,2026-10-13,21550.0,CE,NIFTY26O1321550CE,0.0,0.0,0.0,2214.9,0.0,2214.9,23446.8,1969.24,0,0,0,0.0,0,F1,65,,,,,,0
2026-09-23,2026-09-23,FO,NSE,IDO,44628,,NIFTY,,2026-10-13,2026-10-13,22900.0,CE,NIFTY26O1322900CE,0.0,0.0,0.0,561.0,561.0,561.0,23446.8,737.36,390,0,0,0.0,0,F1,65,,,,,,0
2026-09-23,2026-09-23,FO,NSE,IDO,44746,,NIFTY,,2026-10-13,2026-10-13,24400.0,CE,NIFTY26O1324400CE,39.3,39.3,7.1,9.4,8.7,130.25,23446.8,9.4,14560,14495,328,520468958.75,119,F1,65,,,,,,21320
2026-09-23,2026-09-23,FO,NSE,IDO,44766,,NIFTY,,2026-10-13,2026-10-13,24800.0,CE,NIFTY26O1324800CE,7.15,7.15,4.2,4.55,4.75,6.95,23446.8,4.55,43550,6500,1275,2055697705.75,747,F1,65,,,,,,82875
2026-09-23,2026-09-23,FO,NSE,IDO,47083,,NIFTY,,2026-10-19,2026-10-19,21400.0,CE,NIFTY26O1921400CE,0.0,0.0,0.0,1855.05,0.0,1855.05,23446.8,2140.87,0,0,0,0.0,0,F1,65,,,,,,0
2026-09-23,2026-09-23,FO,NSE,IDO,47108,,NIFTY,,2026-10-19,2026-10-19,21900.0,CE,NIFTY26O1921900CE,0.0,0.0,0.0,1396.0,0.0,1396.0,23446.8,1655.67,0,0,0,0.0,0,F1,65,,,,,,0
2026-09-23,2026-09-23,FO,NSE,IDO,47121,,NIFTY,,2026-10-19,2026-10-19,22200.0,CE,NIFTY26O1922200CE,0.0,0.0,0.0,1140.8,0.0,1140.8,23446.8,1375.63,0,0,0,0.0,0,F1,65,,,,,,0
2026-09-23,2026-09-23,FO,NSE,IDO,47137,,NIFTY,,2026-10-19,2026-10-19,22550.0,CE,NIFTY26O1922550CE,0.0,0.0,0.0,870.4,0.0,870.4,23446.8,1068.17,0,0,0,0.0,0,F1,65,,,,,,0
2026-09-23,2026-09-23,FO,NSE,IDO,47161,,NIFTY,,2026-10-19,2026-10-19,23000.0,CE,NIFTY26O1923000CE,566.25,622.5,564.45,599.85,600.4,580.75,23446.8,599.85,780,65,29,44475398.5,27,F1,65,,,,,,1885
2026-09-23,2026-09-23,FO,NSE,IDO,47374,,NIFTY,,2026-10-19,2026-10-19,24550.0,CE,NIFTY26O1924550CE,8.85,11.6,8.85,11.6,11.6,14.0,23446.8,84.95,65,0,2,3192829.25,2,F1,65,,,,,,130
2026-09-23,2026-09-23,FO,NSE,IDO,51284,,NIFTY,,2026-10-27,2026-10-27,21450.0,CE,NIFTY26OCT21450CE,0.0,0.0,0.0,2911.0,0.0,2911.0,23446.8,2132.69,0,0,0,0.0,0,F1,65,,,,,,0
2026-09-23,2026-09-23,FO,NSE,IDO,51294,,NIFTY,,2026-10-27,2026-10-27,21700.0,CE,NIFTY26OCT21700CE,0.0,0.0,0.0,2684.55,0.0,2684.55,23446.8,1892.62,0,0,0,0.0,0,F1,65,,,,,,0
2026-09-23,2026-09-23,FO,NSE,IDO,51304,,NIFTY,,2026-10-27,2026-10-27,21900.0,CE,NIFTY26OCT21900CE,0.0,0.0,0.0,2507.4,0.0,2507.4,23446.8,1704.47,0,0,0,0.0,0,F1,65,,,,,,0
2026-09-23,2026-09-23,FO,NSE,IDO,51316,,NIFTY,,2026-10-27,2026-10-27,22200.0,CE,NIFTY26OCT22200CE,1325.8,1325.8,1325.8,1325.8,1325.8,1293.5,23446.8,1431.62,2665,-65,1,1529177.0,1,F1,65,,,,,,65
2026-09-23,2026-09-23,FO,NSE,IDO,51348,,NIFTY,,2026-10-27,2026-10-27,22900.0,CE,NIFTY26OCT22900CE,716.15,756.0,685.0,727.65,733.9,702.3,23446.8,727.65,14625,975,130,199662814.0,121,F1,65,,,,,,8450
2026-09-23,2026-09-23,FO,NSE,IDO,51364,,NIFTY,,2026-10-27,2026-10-27,23300.0,CE,NIFTY26OCT23300CE,422.0,449.25,387.5,428.65,431.05,409.15,23446.8,428.65,785915,20345,5866,9044911674.5,4433,F1,65,,,,,,381290
2026-09-23,2026-09-23,FO,NSE,IDO,51408,,NIFTY,,2026-10-27,2026-10-27,24350.0,CE,NIFTY26OCT24350CE,37.6,40.0,29.65,33.4,33.6,39.55,23446.8,33.4,65195,1755,1123,1779955381.75,613,F1,65,,,,,,72995
2026-09-23,2026-09-23,FO,NSE,IDO,51496,,NIFTY,,2026-10-27,2026-10-27,26150.0,CE,NIFTY26OCT26150CE,0.0,0.0,0.0,4.85,4.85,4.85,23446.8,6.72,455,0,0,0.0,0,F1,65,,,,,,0
2026-09-23,2026-09-23,FO,NSE,IDO,51512,,NIFTY,,2026-10-27,2026-10-27,26550.0,CE,NIFTY26OCT26550CE,1.2,1.9,1.2,1.9,1.9,3.2,23446.8,2.68,650,-65,2,3451701.5,2,F1,65,,,,,,130
2026-09-23,2026-09-23,FO,NSE,IDO,51522,,NIFTY,,2026-10-27,2026-10-27,26800.0,CE,NIFTY26OCT26800CE,0.0,0.0,0.0,6.25,6.25,6.25,23446.8,1.45,650,0,0,0.0,0,F1,65,,,,,,0
2026-09-23,2026-09-23,FO,NSE,IDO,51528,,NIFTY,,2026-10-27,2026-10-27,26950.0,CE,NIFTY26OCT26950CE,0.0,0.0,0.0,4.25,4.25,4.25,23446.8,0.99,780,0,0,0.0,0,F1,65,,,,,,0
2026-09-23,2026-09-23,FO,NSE,IDO,53488,,NIFTY,,2026-11-03,2026-11-03,21600.0,CE,NIFTY26N0321600CE,0.0,0.0,0.0,1906.05,0.0,1906.05,23446.8,2022.12,0,0,0,0.0,0,F1,65,,,,,,0
2026-09-23,2026-09-23,FO,NSE,IDO,53515,,NIFTY,,2026-11-03,2026-11-03,21850.0,CE,NIFTY26N0321850CE,0.0,0.0,0.0,1676.7,0.0,1676.7,23446.8,1788.95,0,0,0,0.0,0,F1,65,,,,,,0
2026-09-23,2026-09-23,FO,NSE,IDO,53519,,NIFTY,,2026-11-03,2026-11-03,21950.0,CE,NIFTY26N0321950CE,0.0,0.0,0.0,1587.3,0.0,1587.3,23446.8,1697.68,0,0,0,0.0,0,F1,65,,,,,,0
2026-09-23,2026-09-23,FO,NSE,IDO,53930,,NIFTY,,2026-11-03,2026-11-03,23200.0,CE,NIFTY26N0323200CE,0.0,0.0,0.0,650.6,0.0,650.6,23446.8,721.96,0,0,0,0.0,0,F1,65,,,,,,0
2026-09-23,2026-09-23,FO,NSE,IDO,54104,,NIFTY,,2026-11-03,2026-11-03,23850.0,CE,NIFTY26N0323850CE,0.0,0.0,0.0,341.7,0.0,341.7,23446.8,387.49,0,0,0,0.0,0,F1,65,,,,,,0
2026-09-23,2026-09-23,FO,NSE,IDO,54378,,NIFTY,,2026-11-03,2026-11-03,25100.0,CE,NIFTY26N0325100CE,41.5,41.5,11.0,11.45,11.0,66.4,23446.8,11.45,1560,1560,25,40808007.5,20,F1,65,,,,,,1625
2026-09-23,2026-09-23,FO,NSE,IDO,64210,,NIFTY,,2026-11-23,2026-11-23,21550.0,CE,NIFTY26NOV21550CE,0.0,0.0,0.0,3139.0,0.0,3139.0,23446.8,2168.34,0,0,0,0.0,0,F1,65,,,,,,0
2026-09-23,2026-09-23,FO,NSE,IDO,64240,,NIFTY,,2026-11-23,2026-11-23,22050.0,CE,NIFTY26NOV22050CE,0.0,0.0,0.0,1497.25,1497.25,1497.25,23446.8,1725.29,195,0,0,0.0,0,F1,65,,,,,,0
2026-09-23,2026-09-23,FO,NSE,IDO,64284,,NIFTY,,2026-11-23,2026-11-23,22550.0,CE,NIFTY26NOV22550CE,0.0,0.0,0.0,2241.1,0.0,2241.1,23446.8,1320.67,0,0,0,0.0,0,F1,65,,,,,,0
2026-09-23,2026-09-23,FO,NSE,IDO,64325,,NIFTY,,2026-11-23,2026-11-23,22900.0,CE,NIFTY26NOV22900CE,850.0,850.0,850.0,850.0,850.0,895.0,23446.8,1067.11,975,65,1,1543750.0,1,F1,65,,,,,,65
2026-09-23,2026-09-23,FO,NSE,IDO,64413,,NIFTY,,2026-11-23,2026-11-23,24400.0,CE,NIFTY26NOV24400CE,110.05,114.95,99.45,106.9,108.4,112.35,23446.8,106.9,121030,27495,1427,2273182076.75,863,F1,65,,,,,,92755
2026-09-23,2026-09-23,FO,NSE,IDO,64425,,NIFTY,,2026-11-23,2026-11-23,24700.0,CE,NIFTY26NOV24700CE,65.0,65.0,55.1,59.9,58.15,65.1,23446.8,59.9,64155,2080,695,1118536042.0,411,F1,65,,,,,,45175
2026-09-23,2026-09-23,FO,NSE,IDO,64439,,NIFTY,,2026-11-23,2026-11-23,25000.0,CE,NIFTY26NOV25000CE,40.75,40.8,33.05,35.45,35.1,39.8,23446.8,35.45,797225,76115,7386,12019444157.5,3897,F1,65,,,,,,480090
2026-09-23,2026-09-23,FO,NSE,IDO,64458,,NIFTY,,2026-11-23,2026-11-23,25350.0,CE,NIFTY26NOV25350CE,0.0,0.0,0.0,514.1,0.0,514.1,23446.8,118.7,0,0,0,0.0,0,F1,65,,,,,,0
2026-09-23,2026-09-23,FO,NSE,IDO,64499,,NIFTY,,2026-11-23,2026-11-23,26050.0,CE,NIFTY26NOV26050CE,0.0,0.0,0.0,309.45,0.0,309.45,23446.8,49.59,0,0,0,0.0,0,F1,65,,,,,,0
2026-09-23,2026-09-23,FO,NSE,IDO,37806,,NIFTY,,2026-12-29,2026-12-29,23000.0,CE,NIFTY26DEC23000CE,980.0,1049.95,980.0,1026.15,1040.05,1000.8,23446.8,1026.15,811745,11960,1177,1837696805.75,891,F1,65,,,,,,76505
2026-09-23,2026-09-23,FO,NSE,IDO,71549,,NIFTY,,2027-06-29,2027-06-29,19000.0,CE,NIFTY27JUN19000CE,0.0,0.0,0.0,7800.0,7800.0,7800.0,23446.8,5377.37,75,0,0,0.0,0,F1,65,,,,,,0
2026-09-23,2026-09-23,FO,NSE,IDO,55380,,NIFTY,,2027-06-29,2027-06-29,31500.0,CE,NIFTY27JUN31500CE,0.0,0.0,0.0,769.15,0.0,769.15,23446.8,53.07,0,0,0,0.0,0,F1,65,,,,,,0
2026-09-23,2026-09-23,FO,NSE,IDO,86139,,NIFTY,,2028-06-27,2028-06-27,18000.0,CE,NIFTY28JUN18000CE,0.0,0.0,0.0,6809.35,0.0,6809.35,23446.8,7404.26,0,0,0,0.0,0,F1,65,,,,,,0
2026-09-23,2026-09-23,FO,NSE,IDO,55564,,NIFTY,,2029-06-26,2029-06-26,28500.0,CE,NIFTY29JUN28500CE,0.0,0.0,0.0,4213.3,0.0,4213.3,23446.8,2228.2,0,0,0,0.0,0,F1,65,,,,,,0
2026-09-23,2026-09-23,FO,NSE,IDO,89642,,NIFTY,,2029-06-26,2029-06-26,30000.0,CE,NIFTY29JUN30000CE,0.0,0.0,0.0,5268.4,0.0,5268.4,23446.8,1750.6,0,0,0,0.0,0,F1,65,,,,,,0
2026-09-23,2026-09-23,FO,NSE,IDO,61374,,NIFTY,,2029-12-24,2029-12-24,15000.0,CE,NIFTY29DEC15000CE,0.0,0.0,0.0,13369.45,0.0,13369.45,23446.8,11257.25,0,0,0,0.0,0,F1,65,,,,,,0
2026-09-23,2026-09-23,FO,NSE,IDO,55608,,NIFTY,,2029-12-24,2029-12-24,31500.0,CE,NIFTY29DEC31500CE,0.0,0.0,0.0,3429.3,0.0,3429.3,23446.8,1811.31,0,0,0,0.0,0,F1,65,,,,,,0
2026-09-23,2026-09-23,FO,NSE,IDO,55644,,NIFTY,,2030-06-25,2030-06-25,22500.0,CE,NIFTY30JUN22500CE,0.0,0.0,0.0,9012.4,0.0,9012.4,23446.8,6313.4,0,0,0,0.0,0,F1,65,,,,,,0
2026-09-23,2026-09-23,FO,NSE,IDO,55762,,NIFTY,,2030-12-31,2030-12-31,30000.0,CE,NIFTY30DEC30000CE,0.0,0.0,0.0,5227.2,0.0,5227.2,23446.8,3281.38,0,0,0,0.0,0,F1,65,,,,,,0
2026-09-23,2026-09-23,FO,NSE,IDO,74649,,NIFTY,,2031-06-24,2031-06-24,24000.0,CE,NIFTY31JUN24000CE,0.0,0.0,0.0,7181.9,0.0,7181.9,23446.8,6506.72,0,0,0,0.0,0,F1,65,,,,,,0
2026-09-23,2026-09-23,FO,NSE,IDO,73717,,NIFTY,,2026-09-29,2026-09-29,21350.0,PE,NIFTY26SEP21350PE,1.45,1.75,0.95,1.25,1.3,1.5,23446.8,1.25,2016495,1871610,103366,143454591598.5,14286,F1,65,,,,,,6718790
2026-09-23,2026-09-23,FO,NSE,IDO,73794,,NIFTY,,2026-09-29,2026-09-29,21550.0,PE,NIFTY26SEP21550PE,1.5,2.0,1.35,1.5,1.45,1.75,23446.8,1.5,93990,80080,10468,14664144335.75,3370,F1,65,,,,,,680420
2026-09-23,2026-09-23,FO,NSE,IDO,73855,,NIFTY,,2026-09-29,2026-09-29,21850.0,PE,NIFTY26SEP21850PE,2.05,2.3,1.65,1.9,1.85,2.1,23446.8,1.9,154895,106275,23889,33931405092.0,5631,F1,65,,,,,,1552785
2026-09-23,2026-09-23,FO,NSE,IDO,73872,,NIFTY,,2026-09-29,2026-09-29,22150.0,PE,NIFTY26SEP22150PE,2.45,2.95,2.15,2.5,2.4,2.75,23446.8,2.5,227240,106275,35261,50772947722.25,7880,F1,65,,,,,,2291965
2026-09-23,2026-09-23,FO,NSE,IDO,73896,,NIFTY,,2026-09-29,2026-09-29,22800.0,PE,NIFTY26SEP22800PE,11.8,11.8,6.2,7.1,6.45,12.15,23446.8,7.1,6399315,1254500,384058,569378693451.75,100206,F1,65,,,,,,24963770
2026-09-23,2026-09-23,FO,NSE,IDO,73902,,NIFTY,,2026-09-29,2026-09-29,22950.0,PE,NIFTY26SEP22950PE,19.8,20.35,9.5,11.0,9.85,20.9,23446.8,11.0,1957215,1050465,268880,401342594747.25,84386,F1,65,,,,,,17477200
2026-09-23,2026-09-23,FO,NSE,IDO,74354,,NIFTY,,2026-09-29,2026-09-29,24700.0,PE,NIFTY26SEP24700PE,1295.0,1323.9,1222.0,1248.15,1242.6,1309.6,23446.8,1248.15,213005,-7995,174,293562941.75,140,F1,65,,,,,,11310
2026-09-23,2026-09-23,FO,NSE,IDO,74421,,NIFTY,,2026-09-29,2026-09-29,25800.0,PE,NIFTY26SEP25800PE,2420.0,2420.0,2345.0,2345.0,2345.0,2450.0,23446.8,2328.02,20995,-130,2,3663725.0,2,F1,65,,,,,,130
2026-09-23,2026-09-23,FO,NSE,IDO,74488,,NIFTY,,2026-09-29,2026-09-29,26650.0,PE,NIFTY26SEP26650PE,0.0,0.0,0.0,2517.6,0.0,2517.6,23446.8,3177.19,0,0,0,0.0,0,F1,65,,,,,,0
2026-09-23,2026-09-23,FO,NSE,IDO,74494,,NIFTY,,2026-09-29,2026-09-29,26800.0,PE,NIFTY26SEP26800PE,0.0,0.0,0.0,2222.1,2222.1,2222.1,23446.8,3327.04,1365,0,0,0.0,0,F1,65,,,,,,0
2026-09-23,2026-09-23,FO,NSE,IDO,74504,,NIFTY,,2026-09-29,2026-09-29,27100.0,PE,NIFTY26SEP27100PE,0.0,0.0,0.0,2914.15,0.0,2914.15,23446.8,3626.75,0,0,0,0.0,0,F1,65,,,,,,0
2026-09-23,2026-09-23,FO,NSE,IDO,65924,,NIFTY,,2026-09-29,2026-09-29,30000.0,PE,NIFTY26SEP30000PE,6591.35,6625.55,6525.0,6557.65,6557.65,6625.25,23446.8,6557.65,128115,-4680,143,339864960.5,117,F1,65,,,,,,9295
2026-09-23,2026-09-23,FO,NSE,IDO,40711,,NIFTY,,2026-10-06,2026-10-06,22700.0,PE,NIFTY26O0622700PE,20.75,21.9,13.5,14.55,13.5,22.8,23446.8,14.55,309855,107705,20161,29769086295.0,11663,F1,65,,,,,,1310465
2026-09-23,2026-09-23,FO,NSE,IDO,40732,,NIFTY,,2026-10-06,2026-10-06,23000.0,PE,NIFTY26O0623000PE,51.5,53.5,32.15,34.5,32.45,53.35,23446.8,34.5,1275560,530010,45761,68529848676.25,24505,F1,65,,,,,,2974465
2026-09-23,2026-09-23,FO,NSE,IDO,40818,,NIFTY,,2026-10-06,2026-10-06,24300.0,PE,NIFTY26O0624300PE,0.0,0.0,0.0,896.15,895.0,896.15,23446.8,847.56,4615,0,0,0.0,0,F1,65,,,,,,0
2026-09-23,2026-09-23,FO,NSE,IDO,40836,,NIFTY,,2026-10-06,2026-10-06,24650.0,PE,NIFTY26O0624650PE,0.0,0.0,0.0,1233.0,1233.0,1233.0,23446.8,1167.23,325,0,0,0.0,0,F1,65,,,,,,0
2026-09-23,2026-09-23,FO,NSE,IDO,40882,,NIFTY,,2026-10-06,2026-10-06,25400.0,PE,NIFTY26O0625400PE,1925.0,1925.0,1925.0,1925.0,1925.0,1304.85,23446.8,1900.51,65,65,1,1776125.0,1,F1,65,,,,,,65
2026-09-23,2026-09-23,FO,NSE,IDO,40884,,NIFTY,,2026-10-06,2026-10-06,25450.0,PE,NIFTY26O0625450PE,0.0,0.0,0.0,1346.9,0.0,1346.9,23446.8,1950.21,0,0,0,0.0,0,F1,65,,,,,,0
2026-09-23,2026-09-23,FO,NSE,IDO,40893,,NIFTY,,2026-10-06,2026-10-06,25650.0,PE,NIFTY26O0625650PE,0.0,0.0,0.0,1519.5,0.0,1519.5,23446.8,2149.32,0,0,0,0.0,0,F1,65,,,,,,0
2026-09-23,2026-09-23,FO,NSE,IDO,44557,,NIFTY,,2026-10-13,2026-10-13,21650.0,PE,NIFTY26O1321650PE,0.0,0.0,0.0,30.0,30.0,30.0,23446.8,3.51,195,0,0,0.0,0,F1,65,,,,,,0
2026-09-23,2026-09-23,FO,NSE,IDO,44571,,NIFTY,,2026-10-13,2026-10-13,21950.0,PE,NIFTY26O1321950PE,0.0,0.0,0.0,18.0,18.0,18.0,23446.8,9.8,390,0,0,0.0,0,F1,65,,,,,,0
2026-09-23,2026-09-23,FO,NSE,IDO,44625,,NIFTY,,2026-10-13,2026-10-13,22800.0,PE,NIFTY26O1322800PE,48.35,52.25,35.4,37.2,37.15,52.25,23446.8,37.2,77155,1235,1637,2430288682.25,1007,F1,65,,,,,,106405
2026-09-23,2026-09-23,FO,NSE,IDO,44647,,NIFTY,,2026-10-13,2026-10-13,23100.0,PE,NIFTY26O1323100PE,98.3,100.95,71.75,75.5,73.6,102.95,23446.8,75.5,64220,-845,1475,2222537528.25,1098,F1,65,,,,,,95875
2026-09-23,2026-09-23,FO,NSE,IDO,44693,,NIFTY,,2026-10-13,2026-10-13,23750.0,PE,NIFTY26O1323750PE,387.45,387.45,321.95,345.9,345.9,410.0,23446.8,345.9,5915,4615,83,130001862.25,81,F1,65,,,,,,5395
2026-09-23,2026-09-23,FO,NSE,IDO,44775,,NIFTY,,2026-10-13,2026-10-13,24900.0,PE,NIFTY26O1324900PE,0.0,0.0,0.0,1237.05,0.0,1237.05,23446.8,1395.93,0,0,0,0.0,0,F1,65,,,,,,0
2026-09-23,2026-09-23,FO,NSE,IDO,44781,,NIFTY,,2026-10-13,2026-10-13,25050.0,PE,NIFTY26O1325050PE,0.0,0.0,0.0,1363.6,0.0,1363.6,23446.8,1537.9,0,0,0,0.0,0,F1,65,,,,,,0
2026-09-23,2026-09-23,FO,NSE,IDO,44783,,NIFTY,,2026-10-13,2026-10-13,25100.0,PE,NIFTY26O1325100PE,0.0,0.0,0.0,1406.65,0.0,1406.65,23446.8,1585.74,0,0,0,0.0,0,F1,65,,,,,,0
2026-09-23,2026-09-23,FO,NSE,IDO,47115,,NIFTY,,2026-10-19,2026-10-19,22050.0,PE,NIFTY26O1922050PE,0.0,0.0,0.0,77.0,0.0,77.0,23446.8,24.28,0,0,0,0.0,0,F1,65,,,,,,0
2026-09-23,2026-09-23,FO,NSE,IDO,47142,,NIFTY,,2026-10-19,2026-10-19,22650.0,PE,NIFTY26O1922650PE,0.0,0.0,0.0,207.4,0.0,207.4,23446.8,93.07,0,0,0,0.0,0,F1,65,,,,,,0
2026-09-23,2026-09-23,FO,NSE,IDO,47174,,NIFTY,,2026-10-19,2026-10-19,23250.0,PE,NIFTY26O1923250PE,162.85,162.85,126.2,135.6,134.0,176.05,23446.8,135.6,1560,-910,63,95794331.75,56,F1,65,,,,,,4095
2026-09-23,2026-09-23,FO,NSE,IDO,47182,,NIFTY,,2026-10-19,2026-10-19,23450.0,PE,NIFTY26O1923450PE,244.85,244.85,193.05,200.3,198.85,252.55,23446.8,200.3,4875,1690,246,378236404.0,159,F1,65,,,,,,15990
2026-09-23,2026-09-23,FO,NSE,IDO,47188,,NIFTY,,2026-10-19,2026-10-19,23600.0,PE,NIFTY26O1923600PE,318.6,318.6,260.0,269.25,272.35,318.4,23446.8,269.25,3640,195,45,69845616.75,45,F1,65,,,,,,2925
2026-09-23,2026-09-23,FO,NSE,IDO,47212,,NIFTY,,2026-10-19,2026-10-19,23900.0,PE,NIFTY26O1923900PE,0.0,0.0,0.0,851.5,0.0,851.5,23446.8,596.62,0,0,0,0.0,0,F1,65,,,,,,0
2026-09-23,2026-09-23,FO,NSE,IDO,47228,,NIFTY,,2026-10-19,2026-10-19,24100.0,PE,NIFTY26O1924100PE,0.0,0.0,0.0,1001.35,0.0,1001.35,23446.8,732.54,0,0,0,0.0,0,F1,65,,,,,,0
2026-09-23,2026-09-23,FO,NSE,IDO,47238,,NIFTY,,2026-10-19,2026-10-19,24300.0,PE,NIFTY26O1924300PE,0.0,0.0,0.0,1161.1,0.0,1161.1,23446.8,881.94,0,0,0,0.0,0,F1,65,,,,,,0
2026-09-23,2026-09-23,FO,NSE,IDO,47401,,NIFTY,,2026-10-19,2026-10-19,24750.0,PE,NIFTY26O1924750PE,0.0,0.0,0.0,1549.95,0.0,1549.95,23446.8,1257.03,0,0,0,0.0,0,F1,65,,,,,,0
2026-09-23,2026-09-23,FO,NSE,IDO,51361,,NIFTY,,2026-10-27,2026-10-27,23200.0,PE,NIFTY26OCT23200PE,179.95,186.95,138.3,152.1,147.95,183.7,23446.8,152.1,672035,186290,10075,15294228267.5,7013,F1,65,,,,,,654875
2026-09-23,2026-09-23,FO,NSE,IDO,51381,,NIFTY,,2026-10-27,2026-10-27,23700.0,PE,NIFTY26OCT23700PE,387.55,400.0,324.95,342.3,335.6,394.9,23446.8,342.3,340080,11505,1986,3105832921.75,1560,F1,65,,,,,,129090
2026-09-23,2026-09-23,FO,NSE,IDO,51417,,NIFTY,,2026-10-27,2026-10-27,24450.0,PE,NIFTY26OCT24450PE,980.0,980.0,975.95,975.95,975.95,905.85,23446.8,1010.18,9945,-130,3,4958326.75,3,F1,65,,,,,,195
2026-09-23,2026-09-23,FO,NSE,IDO,51483,,NIFTY,,2026-10-27,2026-10-27,25800.0,PE,NIFTY26OCT25800PE,0.0,0.0,0.0,2359.9,2359.9,2359.9,23446.8,2215.71,585,0,0,0.0,0,F1,65,,,,,,0
2026-09-23,2026-09-23,FO,NSE,IDO,51493,,NIFTY,,2026-10-27,2026-10-27,26050.0,PE,NIFTY26OCT26050PE,0.0,0.0,0.0,1920.65,0.0,1920.65,23446.8,2458.42,0,0,0,0.0,0,F1,65,,,,,,0
2026-09-23,2026-09-23,FO,NSE,IDO,53701,,NIFTY,,2026-11-03,2026-11-03,22500.0,PE,NIFTY26N0322500PE,0.0,0.0,0.0,145.35,0.0,145.35,23446.8,117.99,0,0,0,0.0,0,F1,65,,,,,,0
2026-09-23,2026-09-23,FO,NSE,IDO,54109,,NIFTY,,2026-11-03,2026-11-03,23950.0,PE,NIFTY26N0323950PE,0.0,0.0,0.0,763.55,0.0,763.55,23446.8,681.33,0,0,0,0.0,0,F1,65,,,,,,0
2026-09-23,2026-09-23,FO,NSE,IDO,54115,,NIFTY,,2026-11-03,2026-11-03,24050.0,PE,NIFTY26N0324050PE,0.0,0.0,0.0,829.7,0.0,829.7,23446.8,743.94,0,0,0,0.0,0,F1,65,,,,,,0
2026-09-23,2026-09-23,FO,NSE,IDO,54177,,NIFTY,,2026-11-03,2026-11-03,24500.0,PE,NIFTY26N0324500PE,0.0,0.0,0.0,1160.15,0.0,1160.15,23446.8,1060.37,0,0,0,0.0,0,F1,65,,,,,,0
2026-09-23,2026-09-23,FO,NSE,IDO,64226,,NIFTY,,2026-11-23,2026-11-23,21750.0,PE,NIFTY26NOV21750PE,0.0,0.0,0.0,50.0,50.0,50.0,23446.8,61.7,1885,0,0,0.0,0,F1,65,,,,,,0
2026-09-23,2026-09-23,FO,NSE,IDO,64267,,NIFTY,,2026-11-23,2026-11-23,22250.0,PE,NIFTY26NOV22250PE,81.0,81.0,65.05,67.8,67.9,84.8,23446.8,67.8,4680,975,73,105915719.0,41,F1,65,,,,,,4745
2026-09-23,2026-09-23,FO,NSE,IDO,64324,,NIFTY,,2026-11-23,2026-11-23,22850.0,PE,NIFTY26NOV22850PE,157.95,157.95,133.55,139.65,139.35,158.8,23446.8,139.65,5590,1560,37,55303150.5,24,F1,65,,,,,,2405
2026-09-23,2026-09-23,FO,NSE,IDO,64326,,NIFTY,,2026-11-23,2026-11-23,22900.0,PE,NIFTY26NOV22900PE,167.1,169.0,142.9,150.25,150.55,175.65,23446.8,150.25,32695,4290,257,385070513.75,175,F1,65,,,,,,16705
2026-09-23,2026-09-23,FO,NSE,IDO,64386,,NIFTY,,2026-11-23,2026-11-23,23750.0,PE,NIFTY26NOV23750PE,0.0,0.0,0.0,468.15,468.15,468.15,23446.8,629.42,4550,0,0,0.0,0,F1,65,,,,,,0
2026-09-23,2026-09-23,FO,NSE,IDO,64410,,NIFTY,,2026-11-23,2026-11-23,24300.0,PE,NIFTY26NOV24300PE,795.05,820.0,742.0,755.95,753.0,826.0,23446.8,755.95,17680,3120,127,206875493.5,76,F1,65,,,,,,8255
2026-09-23,2026-09-23,FO,NSE,IDO,64428,,NIFTY,,2026-11-23,2026-11-23,24750.0,PE,NIFTY26NOV24750PE,0.0,0.0,0.0,807.55,0.0,807.55,23446.8,1273.12,0,0,0,0.0,0,F1,65,,,,,,0
2026-09-23,2026-09-23,FO,NSE,IDO,64490,,NIFTY,,2026-11-23,2026-11-23,25800.0,PE,NIFTY26NOV25800PE,0.0,0.0,0.0,1454.8,0.0,1454.8,23446.8,2150.31,0,0,0,0.0,0,F1,65,,,,,,0
2026-09-23,2026-09-23,FO,NSE,IDO,64500,,NIFTY,,2026-11-23,2026-11-23,26050.0,PE,NIFTY26NOV26050PE,0.0,0.0,0.0,1637.9,0.0,1637.9,23446.8,2378.66,0,0,0,0.0,0,F1,65,,,,,,0
2026-09-23,2026-09-23,FO,NSE,IDO,55329,,NIFTY,,2026-12-29,2026-12-29,25500.0,PE,NIFTY26DEC25500PE,1717.5,1730.0,1660.0,1690.0,1690.0,1723.3,23446.8,1690.0,373750,4420,200,353346136.0,104,F1,65,,,,,,13000
2026-09-23,2026-09-23,FO,NSE,IDO,80269,,NIFTY,,2027-03-30,2027-03-30,21000.0,PE,NIFTY27MAR21000PE,108.65,108.7,96.45,98.25,99.2,110.65,23446.8,98.25,997360,26195,1371,1880393105.5,774,F1,65,,,,,,89115
2026-09-23,2026-09-23,FO,NSE,IDO,80306,,NIFTY,,2027-03-30,2027-03-30,28500.0,PE,NIFTY27MAR28500PE,0.0,0.0,0.0,2937.15,2937.15,2937.15,23446.8,4235.85,65,0,0,0.0,0,F1,65,,,,,,0
2026-09-23,2026-09-23,FO,NSE,IDO,55371,,NIFTY,,2027-06-29,2027-06-29,16500.0,PE,NIFTY27JUN16500PE,0.0,0.0,0.0,22.05,22.05,22.05,23446.8,1.41,780,0,0,0.0,0,F1,65,,,,,,0
2026-09-23,2026-09-23,FO,NSE,IDO,55427,,NIFTY,,2027-12-28,2027-12-28,25500.0,PE,NIFTY27DEC25500PE,0.0,0.0,0.0,676.05,0.0,676.05,23446.8,1703.13,0,0,0,0.0,0,F1,65,,,,,,0
2026-09-23,2026-09-23,FO,NSE,IDO,55475,,NIFTY,,2028-06-27,2028-06-27,22500.0,PE,NIFTY28JUN22500PE,0.0,0.0,0.0,206.95,0.0,206.95,23446.8,614.69,0,0,0,0.0,0,F1,65,,,,,,0
2026-09-23,2026-09-23,FO,NSE,IDO,55481,,NIFTY,,2028-06-27,2028-06-27,31500.0,PE,NIFTY28JUN31500PE,0.0,0.0,0.0,2935.6,0.0,2935.6,23446.8,5288.43,0,0,0,0.0,0,F1,65,,,,,,0
2026-09-23,2026-09-23,FO,NSE,IDO,55519,,NIFTY,,2028-12-26,2028-12-26,19500.0,PE,NIFTY28DEC19500PE,0.0,0.0,0.0,49.0,0.0,49.0,23446.8,178.92,0,0,0,0.0,0,F1,65,,,,,,0
2026-09-23,2026-09-23,FO,NSE,IDO,55705,,NIFTY,,2030-12-31,2030-12-31,22500.0,PE,NIFTY30DEC22500PE,0.0,0.0,0.0,219.35,0.0,219.35,23446.8,585.29,0,0,0,0.0,0,F1,65,,,,,,0
2026-09-23,2026-09-23,FO,NSE,IDO,55761,,NIFTY,,2030-12-31,2030-12-31,28500.0,PE,NIFTY30DEC28500PE,0.0,0.0,0.0,1083.1,0.0,1083.1,23446.8,2146.59,0,0,0,0.0,0,F1,65,,,,,,0
2026-09-23,2026-09-23,FO,NSE,IDO,55765,,NIFTY,,2030-12-31,2030-12-31,31500.0,PE,NIFTY30DEC31500PE,0.0,0.0,0.0,1885.5,0.0,1885.5,23446.8,3370.37,0,0,0,0.0,0,F1,65,,,,,,0
2026-09-23,2026-09-23,FO,NSE,IDO,74648,,NIFTY,,2031-06-24,2031-06-24,22500.0,PE,NIFTY31JUN22500PE,0.0,0.0,0.0,663.6,0.0,663.6,23446.8,564.43,0,0,0,0.0,0,F1,65,,,,,,0
2026-09-23,2026-09-23,FO,NSE,IDO,74666,,NIFTY,,2031-06-24,2031-06-24,33000.0,PE,NIFTY31JUN33000PE,0.0,0.0,0.0,3810.15,0.0,3810.15,23446.8,3772.94,0,0,0,0.0,0,F1,65,,,,,,0
2026-09-23,2026-09-23,FO,NSE,IDO,74056,,NIFTY,,2026-09-29,2026-09-29,23900.0,CE,NIFTY26SEP23900CE,8.8,9.7,5.85,6.65,6.75,9.25,23446.8,6.65,7142330,2873000,573728,891560408394.5,127044,F1,65,,,,,,37292320
2026-09-23,2026-09-23,FO,NSE,IDO,65900,,NIFTY,,2026-09-29,2026-09-29,24000.0,CE,NIFTY26SEP24000CE,6.0,6.05,4.2,4.85,4.75,6.5,23446.8,4.85,15299505,1162655,743158,1159561539038.5,153925,F1,65,,,,,,48305270
2026-09-23,2026-09-23,FO,NSE,IDO,55566,,NIFTY,,2029-06-26,2029-06-26,31500.0,CE,NIFTY29JUN31500CE,0.0,0.0,0.0,2878.65,0.0,2878.65,23446.8,1361.42,0,0,0,0.0,0,F1,65,,,,,,0
2026-09-23,2026-09-23,FO,NSE,IDO,61748,,NIFTY,,2029-12-24,2029-12-24,24000.0,CE,NIFTY29DEC24000CE,0.0,0.0,0.0,5200.0,5200.0,5200.0,23446.8,4866.05,65,0,0,0.0,0,F1,65,,,,,,0
2026-09-23,2026-09-23,FO,NSE,IDO,62006,,NIFTY,,2029-12-24,2029-12-24,33000.0,CE,NIFTY29DEC33000CE,0.0,0.0,0.0,3816.05,0.0,3816.05,23446.8,1450.91,0,0,0,0.0,0,F1,65,,,,,,0
2026-09-23,2026-09-23,FO,NSE,IDO,55698,,NIFTY,,2030-12-31,2030-12-31,18000.0,CE,NIFTY30DEC18000CE,0.0,0.0,0.0,12674.15,0.0,12674.15,23446.8,9835.09,0,0,0,0.0,0,F1,65,,,,,,0
2026-09-23,2026-09-23,FO,NSE,IDO,65882,,NIFTY,,2026-09-29,2026-09-29,15000.0,PE,NIFTY26SEP15000PE,0.5,0.65,0.35,0.4,0.4,0.4,23446.8,0.4,102440,260,1939,1890582417.75,908,F1,65,,,,,,126035
2026-09-23,2026-09-23,FO,NSE,IDO,73858,,NIFTY,,2026-09-29,2026-09-29,21900.0,PE,NIFTY26SEP21900PE,2.0,2.4,1.75,1.9,1.9,2.2,23446.8,1.9,815230,171340,76644,109112833092.25,14346,F1,65,,,,,,4981860
2026-09-23,2026-09-23,FO,NSE,IDO,55285,,NIFTY,,2026-09-29,2026-09-29,22500.0,PE,NIFTY26SEP22500PE,4.5,4.8,3.7,3.95,3.9,5.2,23446.8,3.95,7988760,627185,485929,710805039288.5,90751,F1,65,,,,,,31585385
2026-09-23,2026-09-23,FO,NSE,IDO,73890,,NIFTY,,2026-09-29,2026-09-29,22650.0,PE,NIFTY26SEP22650PE,7.3,7.3,4.7,5.15,4.9,7.35,23446.8,5.15,2108145,1560065,153528,226086392658.75,35699,F1,65,,,,,,9979320
2026-09-23,2026-09-23,FO,NSE,IDO,74500,,NIFTY,,2026-09-29,2026-09-29,26950.0,PE,NIFTY26SEP26950PE,0.0,0.0,0.0,2780.25,0.0,2780.25,23446.8,3476.9,0,0,0,0.0,0,F1,65,,,,,,0
2026-09-23,2026-09-23,FO,NSE,IDO,65907,,NIFTY,,2026-09-29,2026-09-29,27000.0,PE,NIFTY26SEP27000PE,3600.0,3621.0,3510.1,3549.3,3545.0,3599.05,23446.8,3549.3,1396425,-44395,1214,2411493825.0,1161,F1,65,,,,,,78910
2026-09-23,2026-09-23,FO,NSE,IDO,55291,,NIFTY,,2026-09-29,2026-09-29,31500.0,PE,NIFTY26SEP31500PE,0.0,0.0,0.0,4341.2,0.0,4341.2,23446.8,8022.46,0,0,0,0.0,0,F1,65,,,,,,0
2026-09-23,2026-09-23,FO,NSE,IDO,40703,,NIFTY,,2026-10-06,2026-10-06,22600.0,PE,NIFTY26O0622600PE,19.0,19.0,8.15,11.75,11.1,17.65,23446.8,11.75,749710,449345,39100,57470692383.0,16788,F1,65,,,,,,2541500
2026-09-23,2026-09-23,FO,NSE,IDO,40722,,NIFTY,,2026-10-06,2026-10-06,22900.0,PE,NIFTY26O0622900PE,36.65,39.2,23.75,25.4,23.8,39.65,23446.8,25.4,458445,205530,20762,30943312039.25,13314,F1,65,,,,,,1349530
2026-09-23,2026-09-23,FO,NSE,IDO,40768,,NIFTY,,2026-10-06,2026-10-06,23650.0,PE,NIFTY26O0623650PE,305.5,314.0,235.4,251.9,244.95,315.0,23446.8,251.9,27690,16575,1425,2214772270.75,996,F1,65,,,,,,92625
2026-09-23,2026-09-23,FO,NSE,IDO,40814,,NIFTY,,2026-10-06,2026-10-06,24250.0,PE,NIFTY26O0624250PE,0.0,0.0,0.0,785.45,785.45,785.45,23446.8,804.31,3250,0,0,0.0,0,F1,65,,,,,,0
2026-09-23,2026-09-23,FO,NSE,IDO,64498,,NIFTY,,2026-11-23,2026-11-23,26000.0,PE,NIFTY26NOV26000PE,2299.4,2356.8,2290.0,2322.0,2322.0,2358.35,23446.8,2332.58,29315,9165,153,281533918.25,119,F1,65,,,,,,9945
2026-09-23,2026-09-23,FO,NSE,IDO,64459,,NIFTY,,2026-11-23,2026-11-23,25350.0,PE,NIFTY26NOV25350PE,0.0,0.0,0.0,1152.95,0.0,1152.95,23446.8,1755.14,0,0,0,0.0,0,F1,65,,,,,,0
2026-09-23,2026-09-23,FO,NSE,IDO,64444,,NIFTY,,2026-11-23,2026-11-23,25100.0,PE,NIFTY26NOV25100PE,0.0,0.0,0.0,1027.25,1027.25,1027.25,23446.8,1546.85,130,0,0,0.0,0,F1,65,,,,,,0
2026-09-23,2026-09-23,FO,NSE,IDO,64414,,NIFTY,,2026-11-23,2026-11-23,24400.0,PE,NIFTY26NOV24400PE,849.0,849.0,831.3,831.3,831.3,890.45,23446.8,831.3,12415,65,2,3281219.5,2,F1,65,,,,,,130
2026-09-23,2026-09-23,FO,NSE,IDO,64404,,NIFTY,,2026-11-23,2026-11-23,24150.0,PE,NIFTY26NOV24150PE,692.6,692.6,648.0,648.0,648.0,729.0,23446.8,858.23,1235,0,3,4840722.25,3,F1,65,,,,,,195
2026-09-23,2026-09-23,FO,NSE,IDO,64360,,NIFTY,,2026-11-23,2026-11-23,23350.0,PE,NIFTY26NOV23350PE,292.7,295.0,253.25,264.5,264.7,298.5,23446.8,264.5,6760,-3250,146,224171314.25,78,F1,65,,,,,,9490
2026-09-23,2026-09-23,FO,NSE,IDO,64358,,NIFTY,,2026-11-23,2026-11-23,23300.0,PE,NIFTY26NOV23300PE,274.95,283.85,236.4,246.95,245.0,281.95,23446.8,246.95,43615,520,471,721087675.75,343,F1,65,,,,,,30615
2026-09-23,2026-09-23,FO,NSE,IDO,64352,,NIFTY,,2026-11-23,2026-11-23,23200.0,PE,NIFTY26NOV23200PE,246.0,247.5,208.35,218.45,216.0,254.3,23446.8,218.45,172185,7735,732,1114421460.75,517,F1,65,,,,,,47580
2026-09-23,2026-09-23,FO,NSE,IDO,64337,,NIFTY,,2026-11-23,2026-11-23,23000.0,PE,NIFTY26NOV23000PE,199.35,199.9,162.35,172.25,170.5,199.35,23446.8,172.25,866060,16250,3246,4889909254.75,2249,F1,65,,,,,,210990
2026-09-23,2026-09-23,FO,NSE,IDO,64271,,NIFTY,,2026-11-23,2026-11-23,22350.0,PE,NIFTY26NOV22350PE,0.0,0.0,0.0,132.9,132.9,132.9,23446.8,145.05,2470,0,0,0.0,0,F1,65,,,,,,0
2026-09-23,2026-09-23,FO,NSE,IDO,64235,,NIFTY,,2026-11-23,2026-11-23,21900.0,PE,NIFTY26NOV21900PE,48.6,56.7,42.35,44.0,44.0,57.05,23446.8,77.54,7150,780,26,37091109.25,16,F1,65,,,,,,1690
2026-09-23,2026-09-23,FO,NSE,IDO,64233,,NIFTY,,2026-11-23,2026-11-23,21850.0,PE,NIFTY26NOV21850PE,0.0,0.0,0.0,51.8,0.0,51.8,23446.8,71.93,0,0,0,0.0,0,F1,65,,,,,,0
2026-09-23,2026-09-23,FO,NSE,IDO,54443,,NIFTY,,2026-11-03,2026-11-03,25100.0,PE,NIFTY26N0325100PE,0.0,0.0,0.0,1666.4,0.0,1666.4,23446.8,1553.7,0,0,0,0.0,0,F1,65,,,,,,0
2026-09-23,2026-09-23,FO,NSE,IDO,53931,,NIFTY,,2026-11-03,2026-11-03,23200.0,PE,NIFTY26N0323200PE,0.0,0.0,0.0,363.6,0.0,363.6,23446.8,310.78,0,0,0,0.0,0,F1,65,,,,,,0
2026-09-23,2026-09-23,FO,NSE,IDO,53929,,NIFTY,,2026-11-03,2026-11-03,23150.0,PE,NIFTY26N0323150PE,0.0,0.0,0.0,343.2,0.0,343.2,23446.8,292.36,0,0,0,0.0,0,F1,65,,,,,,0
2026-09-23,2026-09-23,FO,NSE,IDO,53871,,NIFTY,,2026-11-03,2026-11-03,22950.0,PE,NIFTY26N0322950PE,0.0,0.0,0.0,269.25,0.0,269.25,23446.8,226.22,0,0,0,0.0,0,F1,65,,,,,,0
2026-09-23,2026-09-23,FO,NSE,IDO,53667,,NIFTY,,2026-11-03,2026-11-03,22350.0,PE,NIFTY26N0322350PE,0.0,0.0,0.0,115.55,0.0,115.55,23446.8,92.59,0,0,0,0.0,0,F1,65,,,,,,0
2026-09-23,2026-09-23,FO,NSE,IDO,53558,,NIFTY,,2026-11-03,2026-11-03,22050.0,PE,NIFTY26N0322050PE,0.0,0.0,0.0,70.2,0.0,70.2,23446.8,54.74,0,0,0,0.0,0,F1,65,,,,,,0
2026-09-23,2026-09-23,FO,NSE,IDO,40801,,NIFTY,,2026-10-06,2026-10-06,24050.0,CE,NIFTY26O0624050CE,16.1,16.1,11.2,12.0,12.2,15.35,23446.8,12.0,137800,47645,7693,12032557751.5,5451,F1,65,,,,,,500045
2026-09-23,2026-09-23,FO,NSE,IDO,74660,,NIFTY,,2031-06-24,2031-06-24,30000.0,PE,NIFTY31JUN30000PE,0.0,0.0,0.0,2616.25,0.0,2616.25,23446.8,2527.21,0,0,0,0.0,0,F1,65,,,,,,0
2026-09-23,2026-09-23,FO,NSE,IDO,51527,,NIFTY,,2026-10-27,2026-10-27,26900.0,PE,NIFTY26OCT26900PE,0.0,0.0,0.0,2631.85,0.0,2631.85,23446.8,3296.18,0,0,0,0.0,0,F1,65,,,,,,0
2026-09-23,2026-09-23,FO,NSE,IDO,51495,,NIFTY,,2026-10-27,2026-10-27,26100.0,PE,NIFTY26OCT26100PE,0.0,0.0,0.0,2615.0,2615.0,2615.0,23446.8,2507.26,65,0,0,0.0,0,F1,65,,,,,,0
2026-09-23,2026-09-23,FO,NSE,IDO,51451,,NIFTY,,2026-10-27,2026-10-27,25250.0,PE,NIFTY26OCT25250PE,0.0,0.0,0.0,1826.6,1826.6,1826.6,23446.8,1695.8,130,0,0,0.0,0,F1,65,,,,,,0
2026-09-23,2026-09-23,FO,NSE,IDO,51443,,NIFTY,,2026-10-27,2026-10-27,25050.0,PE,NIFTY26OCT25050PE,0.0,0.0,0.0,1161.25,1161.25,1161.25,23446.8,1514.31,325,0,0,0.0,0,F1,65,,,,,,0
2026-09-23,2026-09-23,FO,NSE,IDO,51401,,NIFTY,,2026-10-27,2026-10-27,24150.0,PE,NIFTY26OCT24150PE,703.8,706.85,635.0,647.0,647.0,667.0,23446.8,647.0,15665,-195,7,11295167.0,7,F1,65,,,,,,455
2026-09-23,2026-09-23,FO,NSE,IDO,51399,,NIFTY,,2026-10-27,2026-10-27,24100.0,PE,NIFTY26OCT24100PE,654.45,672.0,588.5,609.05,598.85,682.1,23446.8,609.05,221585,6695,576,925654411.5,469,F1,65,,,,,,37440
2026-09-23,2026-09-23,FO,NSE,IDO,51327,,NIFTY,,2026-10-27,2026-10-27,22400.0,PE,NIFTY26OCT22400PE,48.15,50.1,35.2,39.45,38.55,51.45,23446.8,39.45,373425,141960,9814,14314466874.5,5383,F1,65,,,,,,637910
2026-09-23,2026-09-23,FO,NSE,IDO,51297,,NIFTY,,2026-10-27,2026-10-27,21750.0,PE,NIFTY26OCT21750PE,17.1,17.8,15.45,17.55,17.45,22.0,23446.8,17.55,59280,-910,223,315509350.0,118,F1,65,,,,,,14495
2026-09-23,2026-09-23,FO,NSE,IDO,51285,,NIFTY,,2026-10-27,2026-10-27,21450.0,PE,NIFTY26OCT21450PE,14.0,14.0,12.4,12.75,13.1,16.1,23446.8,12.75,5460,1040,94,131139739.25,45,F1,65,,,,,,6110
2026-09-23,2026-09-23,FO,NSE,IDO,74656,,NIFTY,,2031-06-24,2031-06-24,28500.0,PE,NIFTY31JUN28500PE,0.0,0.0,0.0,2104.2,0.0,2104.2,23446.8,1999.21,0,0,0,0.0,0,F1,65,,,,,,0
2026-09-23,2026-09-23,FO,NSE,IDO,74652,,NIFTY,,2031-06-24,2031-06-24,25500.0,PE,NIFTY31JUN25500PE,0.0,0.0,0.0,1262.85,0.0,1262.85,23446.8,1147.39,0,0,0,0.0,0,F1,65,,,,,,0
2026-09-23,2026-09-23,FO,NSE,IDO,47448,,NIFTY,,2026-10-19,2026-10-19,25150.0,PE,NIFTY26O1925150PE,0.0,0.0,0.0,1919.85,0.0,1919.85,23446.8,1622.56,0,0,0,0.0,0,F1,65,,,,,,0
2026-09-23,2026-09-23,FO,NSE,IDO,47399,,NIFTY,,2026-10-19,2026-10-19,24700.0,PE,NIFTY26O1924700PE,0.0,0.0,0.0,1505.1,0.0,1505.1,23446.8,1213.14,0,0,0,0.0,0,F1,65,,,,,,0
2026-09-23,2026-09-23,FO,NSE,IDO,47220,,NIFTY,,2026-10-19,2026-10-19,24050.0,PE,NIFTY26O1924050PE,0.0,0.0,0.0,962.95,0.0,962.95,23446.8,697.25,0,0,0,0.0,0,F1,65,,,,,,0
2026-09-23,2026-09-23,FO,NSE,IDO,47218,,NIFTY,,2026-10-19,2026-10-19,24000.0,PE,NIFTY26O1924000PE,546.9,547.2,524.9,545.0,545.0,643.5,23446.8,662.82,455,130,15,23918134.5,14,F1,65,,,,,,975
2026-09-23,2026-09-23,FO,NSE,IDO,47207,,NIFTY,,2026-10-19,2026-10-19,23800.0,PE,NIFTY26O1923800PE,0.0,0.0,0.0,780.9,0.0,780.9,23446.8,534.1,0,0,0,0.0,0,F1,65,,,,,,0
2026-09-23,2026-09-23,FO,NSE,IDO,47162,,NIFTY,,2026-10-19,2026-10-19,23000.0,PE,NIFTY26O1923000PE,97.95,103.05,77.0,80.05,77.0,105.85,23446.8,80.05,30550,15405,792,1188438995.25,467,F1,65,,,,,,51480
2026-09-23,2026-09-23,FO,NSE,IDO,47158,,NIFTY,,2026-10-19,2026-10-19,22900.0,PE,NIFTY26O1922900PE,81.0,81.25,61.85,65.4,63.4,88.45,23446.8,65.4,9945,5525,185,276179728.5,125,F1,65,,,,,,12025
2026-09-23,2026-09-23,FO,NSE,IDO,47138,,NIFTY,,2026-10-19,2026-10-19,22550.0,PE,NIFTY26O1922550PE,0.0,0.0,0.0,178.65,0.0,178.65,23446.8,76.16,0,0,0,0.0,0,F1,65,,,,,,0
2026-09-23,2026-09-23,FO,NSE,IDO,73783,,NIFTY,,2026-09-29,2026-09-29,21500.0,CE,NIFTY26SEP21500CE,1940.0,1940.0,1940.0,1940.0,1940.0,2764.6,23446.8,1967.78,65,65,1,1523600.0,1,F1,65,,,,,,65
2026-09-23,2026-09-23,FO,NSE,IDO,73867,,NIFTY,,2026-09-29,2026-09-29,22050.0,CE,NIFTY26SEP22050CE,0.0,0.0,0.0,1370.0,1370.0,1370.0,23446.8,1418.45,65,0,0,0.0,0,F1,65,,,,,,0
2026-09-23,2026-09-23,FO,NSE,IDO,73889,,NIFTY,,2026-09-29,2026-09-29,22650.0,CE,NIFTY26SEP22650CE,743.1,830.3,739.9,795.55,795.55,752.05,23446.8,826.26,45565,-130,27,41125210.75,25,F1,65,,,,,,1755
2026-09-23,2026-09-23,FO,NSE,IDO,73904,,NIFTY,,2026-09-29,2026-09-29,23050.0,CE,NIFTY26SEP23050CE,370.0,452.9,354.3,417.15,421.15,370.0,23446.8,417.15,80405,33345,4542,6925027957.25,3593,F1,65,,,,,,295230
2026-09-23,2026-09-23,FO,NSE,IDO,73923,,NIFTY,,2026-09-29,2026-09-29,23300.0,CE,NIFTY26SEP23300CE,173.0,237.55,163.0,203.25,207.5,179.85,23446.8,203.25,4160390,-1106625,913640,1395491900565.75,562188,F1,65,,,,,,59386600
2026-09-23,2026-09-23,FO,NSE,IDO,74003,,NIFTY,,2026-09-29,2026-09-29,23600.0,CE,NIFTY26SEP23600CE,45.35,65.2,36.15,44.8,45.35,45.95,23446.8,44.8,6948305,2687555,1491153,2292199224721.25,544041,F1,65,,,,,,96924945
2026-09-23,2026-09-23,FO,NSE,IDO,74060,,NIFTY,,2026-09-29,2026-09-29,24050.0,CE,NIFTY26SEP24050CE,5.75,5.75,3.35,4.15,4.15,5.35,23446.8,4.15,3847545,2613975,394789,617257023480.5,73647,F1,65,,,,,,25661285
2026-09-23,2026-09-23,FO,NSE,IDO,74116,,NIFTY,,2026-09-29,2026-09-29,24450.0,CE,NIFTY26SEP24450CE,1.85,2.15,1.45,1.7,1.6,2.35,23446.8,1.7,589030,310635,43023,68379020963.5,11171,F1,65,,,,,,2796495
2026-09-23,2026-09-23,FO,NSE,IDO,74370,,NIFTY,,2026-09-29,2026-09-29,25150.0,CE,NIFTY26SEP25150CE,1.25,1.3,0.7,0.8,0.75,1.25,23446.8,0.8,132015,59995,7710,12604378780.5,2633,F1,65,,,,,,501150
2026-09-23,2026-09-23,FO,NSE,IDO,74471,,NIFTY,,2026-09-29,2026-09-29,26300.0,CE,NIFTY26SEP26300CE,0.6,0.75,0.5,0.65,0.6,0.6,23446.8,0.65,116805,-1755,4545,7769860254.0,2202,F1,65,,,,,,295425
2026-09-23,2026-09-23,FO,NSE,IDO,74499,,NIFTY,,2026-09-29,2026-09-29,26950.0,CE,NIFTY26SEP26950CE,0.8,0.8,0.45,0.55,0.45,0.45,23446.8,0.55,13390,10595,1435,2513814007.25,662,F1,65,,,,,,93275
2026-09-23,2026-09-23,FO,NSE,IDO,65929,,NIFTY,,2026-09-29,2026-09-29,33000.0,CE,NIFTY26SEP33000CE,0.4,0.45,0.3,0.3,0.3,0.4,23446.8,0.3,42380,7735,413,885895253.75,215,F1,65,,,,,,26845
2026-09-23,2026-09-23,FO,NSE,IDO,40635,,NIFTY,,2026-10-06,2026-10-06,21400.0,CE,NIFTY26O0621400CE,0.0,0.0,0.0,2781.95,0.0,2781.95,23446.8,2092.18,0,0,0,0.0,0,F1,65,,,,,,0
2026-09-23,2026-09-23,FO,NSE,IDO,40659,,NIFTY,,2026-10-06,2026-10-06,21800.0,CE,NIFTY26O0621800CE,0.0,0.0,0.0,2389.25,0.0,2389.25,23446.8,1694.13,0,0,0,0.0,0,F1,65,,,,,,0
2026-09-23,2026-09-23,FO,NSE,IDO,40661,,NIFTY,,2026-10-06,2026-10-06,21850.0,CE,NIFTY26O0621850CE,0.0,0.0,0.0,2340.55,0.0,2340.55,23446.8,1644.58,0,0,0,0.0,0,F1,65,,,,,,0
2026-09-23,2026-09-23,FO,NSE,IDO,40701,,NIFTY,,2026-10-06,2026-10-06,22600.0,CE,NIFTY26O0622600CE,0.0,0.0,0.0,884.3,884.3,884.3,23446.8,925.17,0,0,0,0.0,0,F1,65,,,,,,0
2026-09-23,2026-09-23,FO,NSE,IDO,40735,,NIFTY,,2026-10-06,2026-10-06,23050.0,CE,NIFTY26O0623050CE,438.4,487.1,416.45,465.05,468.2,428.5,23446.8,465.05,2275,-520,77,117624991.25,73,F1,65,,,,,,5005
2026-09-23,2026-09-23,FO,NSE,IDO,74650,,NIFTY,,2031-06-24,2031-06-24,24000.0,PE,NIFTY31JUN24000PE,0.0,0.0,0.0,933.85,933.85,933.85,23446.8,823.71,65,0,0,0.0,0,F1,65,,,,,,0
2026-09-23,2026-09-23,FO,NSE,IDO,44528,,NIFTY,,2026-10-13,2026-10-13,21350.0,CE,NIFTY26O1321350CE,0.0,0.0,0.0,2409.75,0.0,2409.75,23446.8,2167.27,0,0,0,0.0,0,F1,65,,,,,,0
2026-09-23,2026-09-23,FO,NSE,IDO,44614,,NIFTY,,2026-10-13,2026-10-13,22550.0,CE,NIFTY26O1322550CE,0.0,0.0,0.0,1294.15,0.0,1294.15,23446.8,1023.13,0,0,0,0.0,0,F1,65,,,,,,0
2026-09-23,2026-09-23,FO,NSE,IDO,44626,,NIFTY,,2026-10-13,2026-10-13,22850.0,CE,NIFTY26O1322850CE,0.0,0.0,0.0,1050.4,0.0,1050.4,23446.8,775.76,0,0,0,0.0,0,F1,65,,,,,,0
2026-09-23,2026-09-23,FO,NSE,IDO,44732,,NIFTY,,2026-10-13,2026-10-13,24300.0,CE,NIFTY26O1324300CE,15.55,17.4,11.45,12.25,12.35,15.55,23446.8,12.25,68965,13195,1854,2929969724.5,982,F1,65,,,,,,120510
2026-09-23,2026-09-23,FO,NSE,IDO,44760,,NIFTY,,2026-10-13,2026-10-13,24650.0,CE,NIFTY26O1324650CE,0.0,0.0,0.0,158.85,0.0,158.85,23446.8,43.04,0,0,0,0.0,0,F1,65,,,,,,0
2026-09-23,2026-09-23,FO,NSE,IDO,44786,,NIFTY,,2026-10-13,2026-10-13,25200.0,CE,NIFTY26O1325200CE,7.0,7.0,2.4,3.0,3.1,3.65,23446.8,3.0,1950,65,113,185119018.5,38,F1,65,,,,,,7345
2026-09-23,2026-09-23,FO,NSE,IDO,44794,,NIFTY,,2026-10-13,2026-10-13,25350.0,CE,NIFTY26O1325350CE,0.0,0.0,0.0,2.7,3.35,2.7,23446.8,7.05,780,0,0,0.0,0,F1,65,,,,,,0
2026-09-23,2026-09-23,FO,NSE,IDO,44798,,NIFTY,,2026-10-13,2026-10-13,25400.0,CE,NIFTY26O1325400CE,3.1,3.1,2.15,2.4,2.2,2.95,23446.8,2.4,17550,6240,166,274092360.75,60,F1,65,,,,,,10790
2026-09-23,2026-09-23,FO,NSE,IDO,47097,,NIFTY,,2026-10-19,2026-10-19,21650.0,CE,NIFTY26O1921650CE,0.0,0.0,0.0,1621.35,0.0,1621.35,23446.8,1896.3,0,0,0,0.0,0,F1,65,,,,,,0
2026-09-23,2026-09-23,FO,NSE,IDO,47131,,NIFTY,,2026-10-19,2026-10-19,22450.0,CE,NIFTY26O1922450CE,0.0,0.0,0.0,944.35,0.0,944.35,23446.8,1153.35,0,0,0,0.0,0,F1,65,,,,,,0
2026-09-23,2026-09-23,FO,NSE,IDO,47169,,NIFTY,,2026-10-19,2026-10-19,23150.0,CE,NIFTY26O1923150CE,0.0,0.0,0.0,495.8,0.0,495.8,23446.8,618.26,0,0,0,0.0,0,F1,65,,,,,,0
2026-09-23,2026-09-23,FO,NSE,IDO,47210,,NIFTY,,2026-10-19,2026-10-19,23900.0,CE,NIFTY26O1923900CE,0.0,0.0,0.0,200.65,0.0,200.65,23446.8,244.33,0,0,0,0.0,0,F1,65,,,,,,0
2026-09-23,2026-09-23,FO,NSE,IDO,47219,,NIFTY,,2026-10-19,2026-10-19,24050.0,CE,NIFTY26O1924050CE,0.0,0.0,0.0,162.9,0.0,162.9,23446.8,195.6,0,0,0,0.0,0,F1,65,,,,,,0
2026-09-23,2026-09-23,FO,NSE,IDO,47232,,NIFTY,,2026-10-19,2026-10-19,24200.0,CE,NIFTY26O1924200CE,0.0,0.0,0.0,130.85,0.0,130.85,23446.8,155.59,0,0,0,0.0,0,F1,65,,,,,,0
2026-09-23,2026-09-23,FO,NSE,IDO,47382,,NIFTY,,2026-10-19,2026-10-19,24600.0,CE,NIFTY26O1924600CE,13.35,13.35,9.55,11.35,10.65,13.35,23446.8,11.35,9945,2405,71,113579904.75,45,F1,65,,,,,,4615
2026-09-23,2026-09-23,FO,NSE,IDO,51372,,NIFTY,,2026-10-27,2026-10-27,23500.0,CE,NIFTY26OCT23500CE,295.0,319.8,269.15,300.2,303.0,290.2,23446.8,300.2,3873220,1057225,45751,70767759478.0,35817,F1,65,,,,,,2973815
2026-09-23,2026-09-23,FO,NSE,IDO,51404,,NIFTY,,2026-10-27,2026-10-27,24250.0,CE,NIFTY26OCT24250CE,50.75,52.65,38.0,44.5,44.15,51.5,23446.8,44.5,108745,1690,694,1095929672.5,527,F1,65,,,,,,45110
2026-09-23,2026-09-23,FO,NSE,IDO,51454,,NIFTY,,2026-10-27,2026-10-27,25350.0,CE,NIFTY26OCT25350CE,0.0,0.0,0.0,417.4,0.0,417.4,23446.8,34.19,0,0,0,0.0,0,F1,65,,,,,,0
2026-09-23,2026-09-23,FO,NSE,IDO,51498,,NIFTY,,2026-10-27,2026-10-27,26200.0,CE,NIFTY26OCT26200CE,3.5,3.5,2.55,2.55,2.55,4.1,23446.8,6.01,8840,-65,35,59611032.0,23,F1,65,,,,,,2275
2026-09-23,2026-09-23,FO,NSE,IDO,51516,,NIFTY,,2026-10-27,2026-10-27,26650.0,CE,NIFTY26OCT26650CE,0.0,0.0,0.0,6.95,6.95,6.95,23446.8,2.1,390,0,0,0.0,0,F1,65,,,,,,0
2026-09-23,2026-09-23,FO,NSE,IDO,47086,,NIFTY,,2026-10-19,2026-10-19,21450.0,PE,NIFTY26O1921450PE,0.0,0.0,0.0,22.0,0.0,22.0,23446.8,4.37,0,0,0,0.0,0,F1,65,,,,,,0
2026-09-23,2026-09-23,FO,NSE,IDO,44709,,NIFTY,,2026-10-13,2026-10-13,23900.0,PE,NIFTY26O1323900PE,487.9,504.4,435.0,443.6,443.6,513.0,23446.8,443.6,1235,130,11,17430429.25,10,F1,65,,,,,,715
2026-09-23,2026-09-23,FO,NSE,IDO,44691,,NIFTY,,2026-10-13,2026-10-13,23700.0,PE,NIFTY26O1323700PE,341.0,358.9,292.05,306.9,305.3,356.7,23446.8,306.9,11245,6435,198,308994374.0,163,F1,65,,,,,,12870
2026-09-23,2026-09-23,FO,NSE,IDO,44655,,NIFTY,,2026-10-13,2026-10-13,23250.0,PE,NIFTY26O1323250PE,146.25,146.4,102.75,110.0,106.5,149.2,23446.8,110.0,13000,4550,605,918961371.25,468,F1,65,,,,,,39325
2026-09-23,2026-09-23,FO,NSE,IDO,44633,,NIFTY,,2026-10-13,2026-10-13,23000.0,PE,NIFTY26O1323000PE,76.0,82.55,56.15,59.6,58.7,82.35,23446.8,59.6,157690,68055,6040,9054887208.25,3986,F1,65,,,,,,392600
2026-09-23,2026-09-23,FO,NSE,IDO,44561,,NIFTY,,2026-10-13,2026-10-13,21700.0,PE,NIFTY26O1321700PE,0.0,0.0,0.0,14.3,0.0,14.3,23446.8,4.2,0,0,0,0.0,0,F1,65,,,,,,0
2026-09-23,2026-09-23,FO,NSE,IDO,44555,,NIFTY,,2026-10-13,2026-10-13,21600.0,PE,NIFTY26O1321600PE,0.0,0.0,0.0,11.2,0.0,11.2,23446.8,2.92,0,0,0,0.0,0,F1,65,,,,,,0
2026-09-23,2026-09-23,FO,NSE,IDO,53499,,NIFTY,,2026-11-03,2026-11-03,21700.0,CE,NIFTY26N0321700CE,0.0,0.0,0.0,1813.4,0.0,1813.4,23446.8,1928.08,0,0,0,0.0,0,F1,65,,,,,,0
2026-09-23,2026-09-23,FO,NSE,IDO,53720,,NIFTY,,2026-11-03,2026-11-03,22600.0,CE,NIFTY26N0322600CE,0.0,0.0,0.0,1051.2,0.0,1051.2,23446.8,1144.61,0,0,0,0.0,0,F1,65,,,,,,0
2026-09-23,2026-09-23,FO,NSE,IDO,53928,,NIFTY,,2026-11-03,2026-11-03,23150.0,CE,NIFTY26N0323150CE,0.0,0.0,0.0,679.9,0.0,679.9,23446.8,753.19,0,0,0,0.0,0,F1,65,,,,,,0
2026-09-23,2026-09-23,FO,NSE,IDO,54106,,NIFTY,,2026-11-03,2026-11-03,23900.0,CE,NIFTY26N0323900CE,0.0,0.0,0.0,323.3,0.0,323.3,23446.8,367.27,0,0,0,0.0,0,F1,65,,,,,,0
2026-09-23,2026-09-23,FO,NSE,IDO,54114,,NIFTY,,2026-11-03,2026-11-03,24050.0,CE,NIFTY26N0324050CE,0.0,0.0,0.0,272.55,0.0,272.55,23446.8,311.14,0,0,0,0.0,0,F1,65,,,,,,0
2026-09-23,2026-09-23,FO,NSE,IDO,54118,,NIFTY,,2026-11-03,2026-11-03,24150.0,CE,NIFTY26N0324150CE,0.0,0.0,0.0,242.15,0.0,242.15,23446.8,277.38,0,0,0,0.0,0,F1,65,,,,,,0
2026-09-23,2026-09-23,FO,NSE,IDO,54194,,NIFTY,,2026-11-03,2026-11-03,24600.0,CE,NIFTY26N0324600CE,0.0,0.0,0.0,136.55,0.0,136.55,23446.8,158.66,0,0,0,0.0,0,F1,65,,,,,,0
2026-09-23,2026-09-23,FO,NSE,IDO,54268,,NIFTY,,2026-11-03,2026-11-03,24800.0,CE,NIFTY26N0324800CE,0.0,0.0,0.0,103.45,0.0,103.45,23446.8,120.94,0,0,0,0.0,0,F1,65,,,,,,0
2026-09-23,2026-09-23,FO,NSE,IDO,64232,,NIFTY,,2026-11-23,2026-11-23,21850.0,CE,NIFTY26NOV21850CE,0.0,0.0,0.0,2860.95,0.0,2860.95,23446.8,1898.66,0,0,0,0.0,0,F1,65,,,,,,0
2026-09-23,2026-09-23,FO,NSE,IDO,64294,,NIFTY,,2026-11-23,2026-11-23,22750.0,CE,NIFTY26NOV22750CE,0.0,0.0,0.0,932.0,932.0,932.0,23446.8,1173.27,65,0,0,0.0,0,F1,65,,,,,,0
2026-09-23,2026-09-23,FO,NSE,IDO,64375,,NIFTY,,2026-11-23,2026-11-23,23550.0,CE,NIFTY26NOV23550CE,432.8,522.15,417.0,443.85,443.05,423.7,23446.8,443.85,7410,-390,136,212186656.5,79,F1,65,,,,,,8840
2026-09-23,2026-09-23,FO,NSE,IDO,64385,,NIFTY,,2026-11-23,2026-11-23,23750.0,CE,NIFTY26NOV23750CE,336.0,348.0,320.0,337.15,337.15,326.1,23446.8,337.15,11635,780,30,46966396.75,19,F1,65,,,,,,1950
2026-09-23,2026-09-23,FO,NSE,IDO,64393,,NIFTY,,2026-11-23,2026-11-23,23950.0,CE,NIFTY26NOV23950CE,242.0,248.65,232.25,242.15,245.65,242.0,23446.8,242.15,11635,910,42,66050874.5,28,F1,65,,,,,,2730
2026-09-23,2026-09-23,FO,NSE,IDO,55763,,NIFTY,,2030-12-31,2030-12-31,30000.0,PE,NIFTY30DEC30000PE,0.0,0.0,0.0,1450.1,0.0,1450.1,23446.8,2723.55,0,0,0,0.0,0,F1,65,,,,,,0
2026-09-23,2026-09-23,FO,NSE,IDO,67779,,NIFTY,,2028-12-26,2028-12-26,22000.0,PE,NIFTY28DEC22000PE,503.0,508.0,503.0,505.5,508.0,520.0,23446.8,505.5,9150,130,2,2925715.0,2,F1,65,,,,,,130
2026-09-23,2026-09-23,FO,NSE,IDO,55479,,NIFTY,,2028-06-27,2028-06-27,28500.0,PE,NIFTY28JUN28500PE,0.0,0.0,0.0,1560.85,0.0,1560.85,23446.8,3219.0,0,0,0,0.0,0,F1,65,,,,,,0
2026-09-23,2026-09-23,FO,NSE,IDO,53611,,NIFTY,,2027-12-28,2027-12-28,20000.0,PE,NIFTY27DEC20000PE,174.95,174.95,155.0,161.0,161.0,173.3,23446.8,161.0,76860,2080,74,96966450.75,56,F1,65,,,,,,4810
2026-09-23,2026-09-23,FO,NSE,IDO,53606,,NIFTY,,2027-12-28,2027-12-28,19000.0,PE,NIFTY27DEC19000PE,114.0,115.0,99.9,107.0,107.0,106.1,23446.8,107.0,29415,1365,69,85686282.5,16,F1,65,,,,,,4485
2026-09-23,2026-09-23,FO,NSE,IDO,53604,,NIFTY,,2027-12-28,2027-12-28,18000.0,PE,NIFTY27DEC18000PE,0.0,0.0,0.0,100.0,100.0,100.0,23446.8,34.25,15105,0,0,0.0,0,F1,65,,,,,,0
2026-09-23,2026-09-23,FO,NSE,IDO,55373,,NIFTY,,2027-06-29,2027-06-29,19500.0,PE,NIFTY27JUN19500PE,0.0,0.0,0.0,17.3,0.0,17.3,23446.8,53.86,0,0,0,0.0,0,F1,65,,,,,,0
2026-09-23,2026-09-23,FO,NSE,IDO,71550,,NIFTY,,2027-06-29,2027-06-29,19000.0,PE,NIFTY27JUN19000PE,0.0,0.0,0.0,90.0,90.0,90.0,23446.8,33.13,940,0,0,0.0,0,F1,65,,,,,,0
2026-09-23,2026-09-23,FO,NSE,IDO,80191,,NIFTY,,2027-03-30,2027-03-30,16500.0,PE,NIFTY27MAR16500PE,19.0,19.0,19.0,19.0,19.0,20.0,23446.8,0.19,2080,0,1,1073735.0,1,F1,65,,,,,,65
2026-09-23,2026-09-23,FO,NSE,IDO,64462,,NIFTY,,2026-11-23,2026-11-23,25400.0,CE,NIFTY26NOV25400CE,0.0,0.0,0.0,496.65,0.0,496.65,23446.8,111.94,0,0,0,0.0,0,F1,65,,,,,,0
2026-09-23,2026-09-23,FO,NSE,IDO,64477,,NIFTY,,2026-11-23,2026-11-23,25600.0,CE,NIFTY26NOV25600CE,0.0,0.0,0.0,431.25,0.0,431.25,23446.8,88.03,0,0,0,0.0,0,F1,65,,,,,,0
2026-09-23,2026-09-23,FO,NSE,IDO,64479,,NIFTY,,2026-11-23,2026-11-23,25650.0,CE,NIFTY26NOV25650CE,0.0,0.0,0.0,38.55,31.0,38.55,23446.8,82.78,65,0,0,0.0,0,F1,65,,,,,,0
2026-09-23,2026-09-23,FO,NSE,IDO,55322,,NIFTY,,2026-12-29,2026-12-29,16500.0,CE,NIFTY26DEC16500CE,0.0,0.0,0.0,10405.0,0.0,10405.0,23446.8,7222.05,0,0,0,0.0,0,F1,65,,,,,,0
2026-09-23,2026-09-23,FO,NSE,IDO,58642,,NIFTY,,2026-12-29,2026-12-29,19000.0,CE,NIFTY26DEC19000CE,4649.95,4732.0,4637.0,4703.65,4715.0,4635.35,23446.8,4703.65,98345,7085,150,231083554.0,150,F1,65,,,,,,9750
2026-09-23,2026-09-23,FO,NSE,IDO,80249,,NIFTY,,2027-03-30,2027-03-30,19500.0,CE,NIFTY27MAR19500CE,0.0,0.0,0.0,4365.4,0.0,4365.4,23446.8,4597.34,0,0,0,0.0,0,F1,65,,,,,,0
2026-09-23,2026-09-23,FO,NSE,IDO,80313,,NIFTY,,2027-03-30,2027-03-30,33000.0,CE,NIFTY27MAR33000CE,0.0,0.0,0.0,9.75,9.25,9.75,23446.8,2.91,7475,0,0,0.0,0,F1,65,,,,,,0
2026-09-23,2026-09-23,FO,NSE,IDO,53603,,NIFTY,,2027-12-28,2027-12-28,18000.0,CE,NIFTY27DEC18000CE,0.0,0.0,0.0,6285.7,0.0,6285.7,23446.8,6864.1,0,0,0,0.0,0,F1,65,,,,,,0
2026-09-23,2026-09-23,FO,NSE,IDO,86151,,NIFTY,,2028-06-27,2028-06-27,24000.0,CE,NIFTY28JUN24000CE,0.0,0.0,0.0,3918.85,0.0,3918.85,23446.8,3021.28,0,0,0,0.0,0,F1,65,,,,,,0
2026-09-23,2026-09-23,FO,NSE,IDO,35352,,NIFTY,,2028-06-27,2028-06-27,30000.0,CE,NIFTY28JUN30000CE,0.0,0.0,0.0,2278.45,0.0,2278.45,23446.8,818.63,0,0,0,0.0,0,F1,65,,,,,,0
2026-09-23,2026-09-23,FO,NSE,IDO,55520,,NIFTY,,2028-12-26,2028-12-26,22500.0,CE,NIFTY28DEC22500CE,0.0,0.0,0.0,7382.9,0.0,7382.9,23446.8,4576.84,0,0,0,0.0,0,F1,65,,,,,,0
2026-09-23,2026-09-23,FO,NSE,IDO,55526,,NIFTY,,2028-12-26,2028-12-26,31500.0,CE,NIFTY28DEC31500CE,0.0,0.0,0.0,500.0,500.0,500.0,23446.8,938.8,585,0,0,0.0,0,F1,65,,,,,,0
2026-09-23,2026-09-23,FO,NSE,IDO,74443,,NIFTY,,2026-09-29,2026-09-29,26100.0,PE,NIFTY26SEP26100PE,0.0,0.0,0.0,1712.15,1712.15,1712.15,23446.8,2627.73,9360,0,0,0.0,0,F1,65,,,,,,0
2026-09-23,2026-09-23,FO,NSE,IDO,74639,,NIFTY,,2031-06-24,2031-06-24,16500.0,PE,NIFTY31JUN16500PE,0.0,0.0,0.0,95.65,0.0,95.65,23446.8,63.65,0,0,0,0.0,0,F1,65,,,,,,0
2026-09-23,2026-09-23,FO,NSE,IDO,55699,,NIFTY,,2030-12-31,2030-12-31,18000.0,PE,NIFTY30DEC18000PE,0.0,0.0,0.0,32.3,0.0,32.3,23446.8,121.67,0,0,0,0.0,0,F1,65,,,,,,0
2026-09-23,2026-09-23,FO,NSE,IDO,60939,,NIFTY,,2030-06-25,2030-06-25,30000.0,PE,NIFTY30JUN30000PE,0.0,0.0,0.0,2100.85,0.0,2100.85,23446.8,2958.37,0,0,0,0.0,0,F1,65,,,,,,0
2026-09-23,2026-09-23,FO,NSE,IDO,60911,,NIFTY,,2030-06-25,2030-06-25,27000.0,PE,NIFTY30JUN27000PE,0.0,0.0,0.0,1286.05,0.0,1286.05,23446.8,1765.19,0,0,0,0.0,0,F1,65,,,,,,0
2026-09-23,2026-09-23,FO,NSE,IDO,55645,,NIFTY,,2030-06-25,2030-06-25,22500.0,PE,NIFTY30JUN22500PE,0.0,0.0,0.0,223.75,0.0,223.75,23446.8,605.33,0,0,0,0.0,0,F1,65,,,,,,0
2026-09-23,2026-09-23,FO,NSE,IDO,60893,,NIFTY,,2030-06-25,2030-06-25,18000.0,PE,NIFTY30JUN18000PE,0.0,0.0,0.0,116.65,0.0,116.65,23446.8,115.47,0,0,0,0.0,0,F1,65,,,,,,0
2026-09-23,2026-09-23,FO,NSE,IDO,60887,,NIFTY,,2030-06-25,2030-06-25,15000.0,PE,NIFTY30JUN15000PE,0.0,0.0,0.0,29.65,0.0,29.65,23446.8,21.8,0,0,0,0.0,0,F1,65,,,,,,0
2026-09-23,2026-09-23,FO,NSE,IDO,61375,,NIFTY,,2029-12-24,2029-12-24,15000.0,PE,NIFTY29DEC15000PE,0.0,0.0,0.0,29.0,29.0,29.0,23446.8,17.6,65,0,0,0.0,0,F1,65,,,,,,0
2026-09-23,2026-09-23,FO,NSE,IDO,53632,,NIFTY,,2027-12-28,2027-12-28,27000.0,PE,NIFTY27DEC27000PE,2100.0,2115.0,2051.6,2051.6,2051.6,2097.5,23446.8,2051.6,62620,845,19,35910602.0,19,F1,65,,,,,,1235
2026-09-23,2026-09-23,FO,NSE,IDO,55421,,NIFTY,,2027-12-28,2027-12-28,16500.0,PE,NIFTY27DEC16500PE,0.0,0.0,0.0,52.05,52.05,52.05,23446.8,8.11,130,0,0,0.0,0,F1,65,,,,,,0
2026-09-23,2026-09-23,FO,NSE,IDO,80277,,NIFTY,,2027-03-30,2027-03-30,27000.0,PE,NIFTY27MAR27000PE,2738.2,2760.5,2699.0,2724.75,2726.75,2766.8,23446.8,2724.75,61945,5785,136,262789410.0,130,F1,65,,,,,,8840
2026-09-23,2026-09-23,FO,NSE,IDO,55333,,NIFTY,,2026-12-29,2026-12-29,31500.0,PE,NIFTY26DEC31500PE,0.0,0.0,0.0,4059.3,0.0,4059.3,23446.8,7527.9,0,0,0,0.0,0,F1,65,,,,,,0
2026-09-23,2026-09-23,FO,NSE,IDO,50548,,NIFTY,,2026-12-29,2026-12-29,28000.0,PE,NIFTY26DEC28000PE,4109.3,4122.05,4028.0,4051.8,4040.0,4108.2,23446.8,4051.8,1006895,16185,412,858548359.5,363,F1,65,,,,,,26780
2026-09-23,2026-09-23,FO,NSE,IDO,58647,,NIFTY,,2026-12-29,2026-12-29,21000.0,PE,NIFTY26DEC21000PE,55.6,55.6,46.25,48.65,48.4,55.7,23446.8,48.65,1710570,-25885,5654,7735944050.25,3273,F1,65,,,,,,367510
2026-09-23,2026-09-23,FO,NSE,IDO,64496,,NIFTY,,2026-11-23,2026-11-23,25950.0,PE,NIFTY26NOV25950PE,0.0,0.0,0.0,1562.8,0.0,1562.8,23446.8,2286.69,0,0,0,0.0,0,F1,65,,,,,,0
2026-09-23,2026-09-23,FO,NSE,IDO,64469,,NIFTY,,2026-11-23,2026-11-23,25400.0,PE,NIFTY26NOV25400PE,0.0,0.0,0.0,1184.75,0.0,1184.75,23446.8,1797.85,0,0,0,0.0,0,F1,65,,,,,,0
2026-09-23,2026-09-23,FO,NSE,IDO,64452,,NIFTY,,2026-11-23,2026-11-23,25200.0,PE,NIFTY26NOV25200PE,0.0,0.0,0.0,1060.25,0.0,1060.25,23446.8,1629.06,0,0,0,0.0,0,F1,65,,,,,,0
2026-09-23,2026-09-23,FO,NSE,IDO,64362,,NIFTY,,2026-11-23,2026-11-23,23400.0,PE,NIFTY26NOV23400PE,307.05,312.25,266.25,280.25,275.95,316.85,23446.8,280.25,83395,6045,679,1045393748.75,461,F1,65,,,,,,44135
2026-09-23,2026-09-23,FO,NSE,IDO,64350,,NIFTY,,2026-11-23,2026-11-23,23150.0,PE,NIFTY26NOV23150PE,229.75,229.75,195.15,204.2,204.25,231.75,23446.8,204.2,3445,325,59,89570438.75,25,F1,65,,,,,,3835
2026-09-23,2026-09-23,FO,NSE,IDO,64346,,NIFTY,,2026-11-23,2026-11-23,23050.0,PE,NIFTY26NOV23050PE,205.15,205.15,178.7,182.25,182.25,205.15,23446.8,182.25,3705,1560,35,52851548.75,17,F1,65,,,,,,2275
2026-09-23,2026-09-23,FO,NSE,IDO,64285,,NIFTY,,2026-11-23,2026-11-23,22550.0,PE,NIFTY26NOV22550PE,0.0,0.0,0.0,139.25,139.25,139.25,23446.8,186.57,3315,0,0,0.0,0,F1,65,,,,,,0
2026-09-23,2026-09-23,FO,NSE,IDO,64247,,NIFTY,,2026-11-23,2026-11-23,22200.0,PE,NIFTY26NOV22200PE,69.6,72.35,59.5,64.0,63.95,76.9,23446.8,64.0,68965,5005,833,1205446261.5,568,F1,65,,,,,,54145
2026-09-23,2026-09-23,FO,NSE,IDO,64207,,NIFTY,,2026-11-23,2026-11-23,21450.0,PE,NIFTY26NOV21450PE,0.0,0.0,0.0,29.7,0.0,29.7,23446.8,37.86,0,0,0,0.0,0,F1,65,,,,,,0
2026-09-23,2026-09-23,FO,NSE,IDO,54253,,NIFTY,,2026-11-03,2026-11-03,24650.0,PE,NIFTY26N0324650PE,0.0,0.0,0.0,1280.65,0.0,1280.65,23446.8,1177.0,0,0,0,0.0,0,F1,65,,,,,,0
2026-09-23,2026-09-23,FO,NSE,IDO,54239,,NIFTY,,2026-11-03,2026-11-03,24600.0,PE,NIFTY26N0324600PE,0.0,0.0,0.0,1240.0,0.0,1240.0,23446.8,1137.56,0,0,0,0.0,0,F1,65,,,,,,0
2026-09-23,2026-09-23,FO,NSE,IDO,54111,,NIFTY,,2026-11-03,2026-11-03,24000.0,PE,NIFTY26N0324000PE,0.0,0.0,0.0,796.25,0.0,796.25,23446.8,712.27,0,0,0,0.0,0,F1,65,,,,,,0
2026-09-23,2026-09-23,FO,NSE,IDO,54101,,NIFTY,,2026-11-03,2026-11-03,23750.0,PE,NIFTY26N0323750PE,0.0,0.0,0.0,639.9,0.0,639.9,23446.8,565.17,0,0,0,0.0,0,F1,65,,,,,,0
2026-09-23,2026-09-23,FO,NSE,IDO,54097,,NIFTY,,2026-11-03,2026-11-03,23650.0,PE,NIFTY26N0323650PE,331.35,331.35,329.25,329.25,329.25,582.6,23446.8,511.76,260,260,5,7793529.25,3,F1,65,,,,,,325
2026-09-23,2026-09-23,FO,NSE,IDO,53923,,NIFTY,,2026-11-03,2026-11-03,23000.0,PE,NIFTY26N0323000PE,0.0,0.0,0.0,286.6,0.0,286.6,23446.8,241.65,0,0,0,0.0,0,F1,65,,,,,,0
2026-09-23,2026-09-23,FO,NSE,IDO,53793,,NIFTY,,2026-11-03,2026-11-03,22750.0,PE,NIFTY26N0322750PE,0.0,0.0,0.0,207.25,0.0,207.25,23446.8,171.75,0,0,0,0.0,0,F1,65,,,,,,0
2026-09-23,2026-09-23,FO,NSE,IDO,53681,,NIFTY,,2026-11-03,2026-11-03,22450.0,PE,NIFTY26N0322450PE,0.0,0.0,0.0,134.85,0.0,134.85,23446.8,108.99,0,0,0,0.0,0,F1,65,,,,,,0
2026-09-23,2026-09-23,FO,NSE,IDO,51531,,NIFTY,,2026-10-27,2026-10-27,27000.0,PE,NIFTY26OCT27000PE,3464.4,3471.0,3374.35,3411.8,3392.9,3464.45,23446.8,3411.8,525720,64025,1077,2129049637.0,1046,F1,65,,,,,,70005
2026-09-23,2026-09-23,FO,NSE,IDO,51503,,NIFTY,,2026-10-27,2026-10-27,26300.0,PE,NIFTY26OCT26300PE,2650.0,2731.1,2650.0,2731.1,2731.1,2755.0,23446.8,2703.38,4680,1040,16,30164124.25,14,F1,65,,,,,,1040
2026-09-23,2026-09-23,FO,NSE,IDO,51453,,NIFTY,,2026-10-27,2026-10-27,25300.0,PE,NIFTY26OCT25300PE,1700.0,1700.0,1700.0,1700.0,1700.0,1804.85,23446.8,1741.94,2210,0,1,1755000.0,1,F1,65,,,,,,65
2026-09-23,2026-09-23,FO,NSE,IDO,51405,,NIFTY,,2026-10-27,2026-10-27,24250.0,PE,NIFTY26OCT24250PE,723.9,736.65,716.95,736.65,736.65,794.6,23446.8,736.65,12480,130,8,12986967.5,8,F1,65,,,,,,520
2026-09-23,2026-09-23,FO,NSE,IDO,51397,,NIFTY,,2026-10-27,2026-10-27,24050.0,PE,NIFTY26OCT24050PE,617.85,625.95,550.0,570.4,570.3,594.25,23446.8,570.4,5720,260,13,20817728.75,13,F1,65,,,,,,845
2026-09-23,2026-09-23,FO,NSE,IDO,51389,,NIFTY,,2026-10-27,2026-10-27,23900.0,PE,NIFTY26OCT23900PE,490.0,523.5,442.55,462.1,457.35,527.25,23446.8,462.1,188045,8125,771,1221365372.5,545,F1,65,,,,,,50115
2026-09-23,2026-09-23,FO,NSE,IDO,51363,,NIFTY,,2026-10-27,2026-10-27,23250.0,PE,NIFTY26OCT23250PE,195.0,196.95,154.6,163.55,162.5,198.05,23446.8,163.55,51025,5525,708,1077931660.0,472,F1,65,,,,,,46020
2026-09-23,2026-09-23,FO,NSE,IDO,51329,,NIFTY,,2026-10-27,2026-10-27,22450.0,PE,NIFTY26OCT22450PE,53.45,53.45,37.85,42.45,42.65,57.05,23446.8,42.45,36920,-8125,711,1039606184.5,465,F1,65,,,,,,46215
2026-09-23,2026-09-23,FO,NSE,IDO,51325,,NIFTY,,2026-10-27,2026-10-27,22350.0,PE,NIFTY26OCT22350PE,42.2,44.5,33.3,36.5,36.85,46.75,23446.8,36.5,26130,5005,356,518075106.25,231,F1,65,,,,,,23140
2026-09-23,2026-09-23,FO,NSE,IDO,51299,,NIFTY,,2026-10-27,2026-10-27,21800.0,PE,NIFTY26OCT21800PE,20.2,20.3,16.75,18.0,19.0,22.35,23446.8,18.0,186290,16445,1704,2416579990.5,1057,F1,65,,,,,,110760
2026-09-23,2026-09-23,FO,NSE,IDO,51293,,NIFTY,,2026-10-27,2026-10-27,21650.0,PE,NIFTY26OCT21650PE,15.05,16.85,14.15,14.5,14.25,20.05,23446.8,14.5,28925,-65,86,121107723.75,44,F1,65,,,,,,5590
2026-09-23,2026-09-23,FO,NSE,IDO,51287,,NIFTY,,2026-10-27,2026-10-27,21500.0,PE,NIFTY26OCT21500PE,15.15,15.15,12.65,13.4,13.0,15.8,23446.8,13.4,594750,87555,7852,10979978233.25,3958,F1,65,,,,,,510380
2026-09-23,2026-09-23,FO,NSE,IDO,51281,,NIFTY,,2026-10-27,2026-10-27,21350.0,PE,NIFTY26OCT21350PE,14.75,14.75,11.5,12.5,11.8,13.45,23446.8,12.5,237965,116480,4971,6902382812.0,2772,F1,65,,,,,,323115
2026-09-23,2026-09-23,FO,NSE,IDO,47314,,NIFTY,,2026-10-19,2026-10-19,24450.0,PE,NIFTY26O1924450PE,0.0,0.0,0.0,1286.65,0.0,1286.65,23446.8,1001.54,0,0,0,0.0,0,F1,65,,,,,,0
2026-09-23,2026-09-23,FO,NSE,IDO,47205,,NIFTY,,2026-10-19,2026-10-19,23750.0,PE,NIFTY26O1923750PE,0.0,0.0,0.0,746.7,0.0,746.7,23446.8,504.27,0,0,0,0.0,0,F1,65,,,,,,0
2026-09-23,2026-09-23,FO,NSE,IDO,47160,,NIFTY,,2026-10-19,2026-10-19,22950.0,PE,NIFTY26O1922950PE,0.0,0.0,0.0,313.1,0.0,313.1,23446.8,161.22,0,0,0,0.0,0,F1,65,,,,,,0
2026-09-23,2026-09-23,FO,NSE,IDO,47136,,NIFTY,,2026-10-19,2026-10-19,22500.0,PE,NIFTY26O1922500PE,41.75,41.75,28.7,30.65,31.6,42.0,23446.8,30.65,20085,6240,407,596069795.75,291,F1,65,,,,,,26455
2026-09-23,2026-09-23,FO,NSE,IDO,44731,,NIFTY,,2026-10-13,2026-10-13,24250.0,PE,NIFTY26O1324250PE,0.0,0.0,0.0,748.2,0.0,748.2,23446.8,825.26,0,0,0,0.0,0,F1,65,,,,,,0
2026-09-23,2026-09-23,FO,NSE,IDO,44615,,NIFTY,,2026-10-13,2026-10-13,22550.0,PE,NIFTY26O1322550PE,26.55,26.55,21.05,21.9,22.4,31.45,23446.8,21.9,13000,2600,109,159926201.5,33,F1,65,,,,,,7085
2026-09-23,2026-09-23,FO,NSE,IDO,44613,,NIFTY,,2026-10-13,2026-10-13,22500.0,PE,NIFTY26O1322500PE,25.05,27.15,18.7,19.7,19.7,27.35,23446.8,19.7,164385,33605,4716,6903563046.25,3014,F1,65,,,,,,306540
2026-09-23,2026-09-23,FO,NSE,IDO,44543,,NIFTY,,2026-10-13,2026-10-13,21550.0,PE,NIFTY26O1321550PE,0.0,0.0,0.0,9.85,0.0,9.85,23446.8,2.42,0,0,0,0.0,0,F1,65,,,,,,0
2026-09-23,2026-09-23,FO,NSE,IDO,44533,,NIFTY,,2026-10-13,2026-10-13,21450.0,PE,NIFTY26O1321450PE,0.0,0.0,0.0,7.65,0.0,7.65,23446.8,1.64,0,0,0,0.0,0,F1,65,,,,,,0
2026-09-23,2026-09-23,FO,NSE,IDO,44531,,NIFTY,,2026-10-13,2026-10-13,21400.0,PE,NIFTY26O1321400PE,5.0,5.0,5.0,5.0,5.0,8.35,23446.8,5.0,910,520,8,11130600.0,1,F1,65,,,,,,520
2026-09-23,2026-09-23,FO,NSE,IDO,44529,,NIFTY,,2026-10-13,2026-10-13,21350.0,PE,NIFTY26O1321350PE,6.15,6.15,4.1,4.55,4.8,5.85,23446.8,4.55,1495,1495,64,88838113.0,13,F1,65,,,,,,4160
2026-09-23,2026-09-23,FO,NSE,IDO,40876,,NIFTY,,2026-10-06,2026-10-06,25250.0,PE,NIFTY26O0625250PE,0.0,0.0,0.0,1181.55,0.0,1181.55,23446.8,1751.67,0,0,0,0.0,0,F1,65,,,,,,0
2026-09-23,2026-09-23,FO,NSE,IDO,40834,,NIFTY,,2026-10-06,2026-10-06,24600.0,PE,NIFTY26O0624600PE,1090.0,1130.0,1090.0,1130.0,1130.0,1208.0,23446.8,1120.11,260,130,2,3342300.0,2,F1,65,,,,,,130
2026-09-23,2026-09-23,FO,NSE,IDO,40828,,NIFTY,,2026-10-06,2026-10-06,24550.0,PE,NIFTY26O0624550PE,0.0,0.0,0.0,677.9,0.0,677.9,23446.8,1073.4,0,0,0,0.0,0,F1,65,,,,,,0
2026-09-23,2026-09-23,FO,NSE,IDO,40720,,NIFTY,,2026-10-06,2026-10-06,22850.0,PE,NIFTY26O0622850PE,31.95,33.9,20.45,21.95,20.45,34.4,23446.8,21.95,119405,68120,4817,7162099061.0,3313,F1,65,,,,,,313105
2026-09-23,2026-09-23,FO,NSE,IDO,40688,,NIFTY,,2026-10-06,2026-10-06,22400.0,PE,NIFTY26O0622400PE,10.7,10.7,7.9,8.45,8.55,10.7,23446.8,8.45,379015,165815,15701,22869452732.75,8004,F1,65,,,,,,1020565
2026-09-23,2026-09-23,FO,NSE,IDO,40646,,NIFTY,,2026-10-06,2026-10-06,21500.0,PE,NIFTY26O0621500PE,3.9,4.3,3.65,4.15,4.1,4.45,23446.8,4.15,630695,246610,11446,15998812862.5,3364,F1,65,,,,,,743990
2026-09-23,2026-09-23,FO,NSE,IDO,74486,,NIFTY,,2026-09-29,2026-09-29,26600.0,PE,NIFTY26SEP26600PE,0.0,0.0,0.0,2474.55,0.0,2474.55,23446.8,3127.24,0,0,0,0.0,0,F1,65,,,,,,0
2026-09-23,2026-09-23,FO,NSE,IDO,74468,,NIFTY,,2026-09-29,2026-09-29,26250.0,PE,NIFTY26SEP26250PE,0.0,0.0,0.0,2180.0,0.0,2180.0,23446.8,2777.58,0,0,0,0.0,0,F1,65,,,,,,0
2026-09-23,2026-09-23,FO,NSE,IDO,55287,,NIFTY,,2026-09-29,2026-09-29,25500.0,PE,NIFTY26SEP25500PE,2116.1,2120.15,2014.5,2050.55,2044.15,2117.0,23446.8,2050.55,1180400,-181740,3985,7135980117.5,3395,F1,65,,,,,,259025
2026-09-23,2026-09-23,FO,NSE,IDO,74369,,NIFTY,,2026-09-29,2026-09-29,25100.0,PE,NIFTY26SEP25100PE,1675.0,1710.0,1620.5,1650.0,1650.0,1709.0,23446.8,1650.0,89245,-3445,105,182643090.5,69,F1,65,,,,,,6825
2026-09-23,2026-09-23,FO,NSE,IDO,74046,,NIFTY,,2026-09-29,2026-09-29,23800.0,PE,NIFTY26SEP23800PE,429.0,438.6,330.0,359.25,350.8,422.4,23446.8,359.25,1503450,-198315,35177,55260823124.0,22682,F1,65,,,,,,2286505
2026-09-23,2026-09-23,FO,NSE,IDO,73907,,NIFTY,,2026-09-29,2026-09-29,23100.0,PE,NIFTY26SEP23100PE,28.0,39.3,17.7,20.55,18.35,39.15,23446.8,20.55,3933930,1041950,640611,962974541451.0,205028,F1,65,,,,,,41639715
2026-09-23,2026-09-23,FO,NSE,IDO,73892,,NIFTY,,2026-09-29,2026-09-29,22700.0,PE,NIFTY26SEP22700PE,7.1,8.05,5.05,5.55,5.15,8.7,23446.8,5.55,3897140,553540,293652,433403485921.25,67601,F1,65,,,,,,19087380
2026-09-23,2026-09-23,FO,NSE,IDO,73866,,NIFTY,,2026-09-29,2026-09-29,22000.0,PE,NIFTY26SEP22000PE,2.35,2.55,1.95,2.2,2.2,2.5,23446.8,2.2,7333235,1479140,319842,457420796088.75,50137,F1,65,,,,,,20789730
2026-09-23,2026-09-23,FO,NSE,IDO,55766,,NIFTY,,2030-12-31,2030-12-31,33000.0,CE,NIFTY30DEC33000CE,0.0,0.0,0.0,3948.25,0.0,3948.25,23446.8,2351.01,0,0,0,0.0,0,F1,65,,,,,,0
2026-09-23,2026-09-23,FO,NSE,IDO,61794,,NIFTY,,2029-12-24,2029-12-24,27000.0,CE,NIFTY29DEC27000CE,0.0,0.0,0.0,6201.65,0.0,6201.65,23446.8,3367.34,0,0,0,0.0,0,F1,65,,,,,,0
2026-09-23,2026-09-23,FO,NSE,IDO,89630,,NIFTY,,2029-06-26,2029-06-26,24000.0,CE,NIFTY29JUN24000CE,0.0,0.0,0.0,8085.35,0.0,8085.35,23446.8,4281.35,0,0,0,0.0,0,F1,65,,,,,,0
2026-09-23,2026-09-23,FO,NSE,IDO,47198,,NIFTY,,2028-12-26,2028-12-26,33000.0,CE,NIFTY28DEC33000CE,0.0,0.0,0.0,2477.5,0.0,2477.5,23446.8,684.84,0,0,0,0.0,0,F1,65,,,,,,0
2026-09-23,2026-09-23,FO,NSE,IDO,55518,,NIFTY,,2028-12-26,2028-12-26,19500.0,CE,NIFTY28DEC19500CE,0.0,0.0,0.0,9716.4,0.0,9716.4,23446.8,6725.29,0,0,0,0.0,0,F1,65,,,,,,0
2026-09-23,2026-09-23,FO,NSE,IDO,86145,,NIFTY,,2028-06-27,2028-06-27,21000.0,CE,NIFTY28JUN21000CE,0.0,0.0,0.0,5226.55,0.0,5226.55,23446.8,4987.08,0,0,0,0.0,0,F1,65,,,,,,0
2026-09-23,2026-09-23,FO,NSE,IDO,73856,,NIFTY,,2026-09-29,2026-09-29,21900.0,CE,NIFTY26SEP21900CE,1500.0,1500.0,1500.0,1500.0,1500.0,1400.0,23446.8,1568.21,520,-130,2,3042000.0,1,F1,65,,,,,,130
2026-09-23,2026-09-23,FO,NSE,IDO,55284,,NIFTY,,2026-09-29,2026-09-29,22500.0,CE,NIFTY26SEP22500CE,900.95,988.0,877.5,955.15,963.0,892.0,23446.8,955.15,524225,-36335,2817,4292105785.5,2602,F1,65,,,,,,183105
2026-09-23,2026-09-23,FO,NSE,IDO,73901,,NIFTY,,2026-09-29,2026-09-29,22950.0,CE,NIFTY26SEP22950CE,477.7,546.05,441.55,513.2,520.15,461.6,23446.8,513.2,40105,29640,1956,2981961313.5,1198,F1,65,,,,,,127140
2026-09-23,2026-09-23,FO,NSE,IDO,74058,,NIFTY,,2026-09-29,2026-09-29,23950.0,CE,NIFTY26SEP23950CE,7.7,7.7,4.75,5.45,5.25,7.6,23446.8,5.45,1489020,231920,270751,421593645616.0,69806,F1,65,,,,,,17598815
2026-09-23,2026-09-23,FO,NSE,IDO,74068,,NIFTY,,2026-09-29,2026-09-29,24200.0,CE,NIFTY26SEP24200CE,3.0,3.25,2.35,2.75,2.8,3.6,23446.8,2.75,6080230,362765,311006,489266380398.25,61675,F1,65,,,,,,20215390
2026-09-23,2026-09-23,FO,NSE,IDO,74388,,NIFTY,,2026-09-29,2026-09-29,25350.0,CE,NIFTY26SEP25350CE,1.15,1.3,0.7,0.8,0.7,1.15,23446.8,0.8,33150,12285,2521,4154130308.25,1072,F1,65,,,,,,163865
2026-09-23,2026-09-23,FO,NSE,IDO,74467,,NIFTY,,2026-09-29,2026-09-29,26250.0,CE,NIFTY26SEP26250CE,0.8,0.85,0.55,0.65,0.7,0.75,23446.8,0.65,21320,9620,980,1672170464.25,521,F1,65,,,,,,63700
2026-09-23,2026-09-23,FO,NSE,IDO,74475,,NIFTY,,2026-09-29,2026-09-29,26350.0,CE,NIFTY26SEP26350CE,0.8,0.8,0.55,0.65,0.6,0.7,23446.8,0.65,3315,1820,417,714234722.5,219,F1,65,,,,,,27105
2026-09-23,2026-09-23,FO,NSE,IDO,74483,,NIFTY,,2026-09-29,2026-09-29,26550.0,CE,NIFTY26SEP26550CE,0.55,0.75,0.45,0.55,0.6,0.65,23446.8,0.55,8970,3770,571,985424722.75,340,F1,65,,,,,,37115
2026-09-23,2026-09-23,FO,NSE,IDO,74507,,NIFTY,,2026-09-29,2026-09-29,27200.0,CE,NIFTY26SEP27200CE,0.8,0.8,0.45,0.5,0.45,0.65,23446.8,0.5,170300,80730,5228,9243294599.5,2683,F1,65,,,,,,339820
2026-09-23,2026-09-23,FO,NSE,IDO,55292,,NIFTY,,2026-09-29,2026-09-29,34500.0,CE,NIFTY26SEP34500CE,0.45,0.5,0.3,0.3,0.3,0.3,23446.8,0.3,11180,1365,185,414866955.75,65,F1,65,,,,,,12025
2026-09-23,2026-09-23,FO,NSE,IDO,40717,,NIFTY,,2026-10-06,2026-10-06,22850.0,CE,NIFTY26O0622850CE,0.0,0.0,0.0,606.55,606.55,606.55,23446.8,709.43,390,0,0,0.0,0,F1,65,,,,,,0
2026-09-23,2026-09-23,FO,NSE,IDO,40749,,NIFTY,,2026-10-06,2026-10-06,23250.0,CE,NIFTY26O0623250CE,278.65,330.35,260.0,302.2,306.45,278.65,23446.8,302.2,23725,2210,1517,2321508406.75,1114,F1,65,,,,,,98605
2026-09-23,2026-09-23,FO,NSE,IDO,40755,,NIFTY,,2026-10-06,2026-10-06,23400.0,CE,NIFTY26O0623400CE,184.05,224.0,168.6,198.3,199.45,184.0,23446.8,198.3,530400,111930,59501,91263238157.0,35115,F1,65,,,,,,3867565
2026-09-23,2026-09-23,FO,NSE,IDO,40763,,NIFTY,,2026-10-06,2026-10-06,23550.0,CE,NIFTY26O0623550CE,114.0,139.0,99.35,117.9,119.6,112.05,23446.8,117.9,182845,109915,13565,20869737187.0,9242,F1,65,,,,,,881725
2026-09-23,2026-09-23,FO,NSE,IDO,40846,,NIFTY,,2026-10-06,2026-10-06,24750.0,CE,NIFTY26O0624750CE,3.0,3.0,1.65,2.75,3.0,4.5,23446.8,2.75,5265,2080,110,176978382.75,56,F1,65,,,,,,7150
2026-09-23,2026-09-23,FO,NSE,IDO,44534,,NIFTY,,2026-10-13,2026-10-13,21500.0,CE,NIFTY26O1321500CE,0.0,0.0,0.0,2263.45,0.0,2263.45,23446.8,2018.66,0,0,0,0.0,0,F1,65,,,,,,0
2026-09-23,2026-09-23,FO,NSE,IDO,44556,,NIFTY,,2026-10-13,2026-10-13,21650.0,CE,NIFTY26O1321650CE,0.0,0.0,0.0,2118.25,0.0,2118.25,23446.8,1870.66,0,0,0,0.0,0,F1,65,,,,,,0
2026-09-23,2026-09-23,FO,NSE,IDO,44566,,NIFTY,,2026-10-13,2026-10-13,21850.0,CE,NIFTY26O1321850CE,0.0,0.0,0.0,1927.0,0.0,1927.0,23446.8,1674.86,0,0,0,0.0,0,F1,65,,,,,,0
2026-09-23,2026-09-23,FO,NSE,IDO,44692,,NIFTY,,2026-10-13,2026-10-13,23750.0,CE,NIFTY26O1323750CE,90.6,103.0,80.0,90.85,92.1,90.6,23446.8,90.85,43030,13065,748,1159196506.0,532,F1,65,,,,,,48620
2026-09-23,2026-09-23,FO,NSE,IDO,44722,,NIFTY,,2026-10-13,2026-10-13,24150.0,CE,NIFTY26O1324150CE,0.0,0.0,0.0,302.85,0.0,302.85,23446.8,122.31,0,0,0,0.0,0,F1,65,,,,,,0
2026-09-23,2026-09-23,FO,NSE,IDO,44764,,NIFTY,,2026-10-13,2026-10-13,24750.0,CE,NIFTY26O1324750CE,0.0,0.0,0.0,137.9,0.0,137.9,23446.8,34.08,0,0,0,0.0,0,F1,65,,,,,,0
2026-09-23,2026-09-23,FO,NSE,IDO,44782,,NIFTY,,2026-10-13,2026-10-13,25100.0,CE,NIFTY26O1325100CE,4.75,4.75,2.5,2.8,2.75,4.5,23446.8,2.8,3315,2795,211,344290761.75,69,F1,65,,,,,,13715
2026-09-23,2026-09-23,FO,NSE,IDO,47179,,NIFTY,,2026-10-19,2026-10-19,23400.0,CE,NIFTY26O1923400CE,295.05,326.0,275.0,306.45,307.05,294.6,23446.8,306.45,16380,2860,382,588409493.75,297,F1,65,,,,,,24830
2026-09-23,2026-09-23,FO,NSE,IDO,47187,,NIFTY,,2026-10-19,2026-10-19,23600.0,CE,NIFTY26O1923600CE,185.3,210.0,172.6,194.2,196.0,188.5,23446.8,194.2,8125,455,194,299983911.5,142,F1,65,,,,,,12610
2026-09-23,2026-09-23,FO,NSE,IDO,47189,,NIFTY,,2026-10-19,2026-10-19,23650.0,CE,NIFTY26O1923650CE,168.95,184.65,155.85,172.15,172.75,170.35,23446.8,172.15,1950,-455,76,117666471.0,57,F1,65,,,,,,4940
2026-09-23,2026-09-23,FO,NSE,IDO,47202,,NIFTY,,2026-10-19,2026-10-19,23700.0,CE,NIFTY26O1923700CE,145.75,164.0,133.9,150.6,151.45,147.85,23446.8,150.6,8840,-1105,264,409249961.25,178,F1,65,,,,,,17160
2026-09-23,2026-09-23,FO,NSE,IDO,47206,,NIFTY,,2026-10-19,2026-10-19,23800.0,CE,NIFTY26O1923800CE,108.95,125.3,100.0,112.0,112.05,116.7,23446.8,112.0,15275,1625,473,735166445.0,331,F1,65,,,,,,30745
2026-09-23,2026-09-23,FO,NSE,IDO,47208,,NIFTY,,2026-10-19,2026-10-19,23850.0,CE,NIFTY26O1923850CE,92.65,108.0,90.0,95.2,97.05,96.5,23446.8,95.2,6955,1495,195,303537952.25,169,F1,65,,,,,,12675
2026-09-23,2026-09-23,FO,NSE,IDO,47217,,NIFTY,,2026-10-19,2026-10-19,24000.0,CE,NIFTY26O1924000CE,62.9,69.2,54.0,60.85,62.65,64.75,23446.8,60.85,90935,8645,1096,1714167942.5,665,F1,65,,,,,,71240
2026-09-23,2026-09-23,FO,NSE,IDO,47342,,NIFTY,,2026-10-19,2026-10-19,24500.0,CE,NIFTY26O1924500CE,17.35,17.35,12.8,13.45,13.5,17.25,23446.8,13.45,47645,30095,1045,1665142407.5,522,F1,65,,,,,,67925
2026-09-23,2026-09-23,FO,NSE,IDO,47398,,NIFTY,,2026-10-19,2026-10-19,24700.0,CE,NIFTY26O1924700CE,0.0,0.0,0.0,58.6,0.0,58.6,23446.8,64.23,0,0,0,0.0,0,F1,65,,,,,,0
2026-09-23,2026-09-23,FO,NSE,IDO,47427,,NIFTY,,2026-10-19,2026-10-19,25050.0,CE,NIFTY26O1925050CE,0.0,0.0,0.0,31.25,0.0,31.25,23446.8,31.7,0,0,0,0.0,0,F1,65,,,,,,0
2026-09-23,2026-09-23,FO,NSE,IDO,47433,,NIFTY,,2026-10-19,2026-10-19,25100.0,CE,NIFTY26O1925100CE,0.0,0.0,0.0,28.4,0.0,28.4,23446.8,28.49,0,0,0,0.0,0,F1,65,,,,,,0
2026-09-23,2026-09-23,FO,NSE,IDO,47447,,NIFTY,,2026-10-19,2026-10-19,25150.0,CE,NIFTY26O1925150CE,0.0,0.0,0.0,25.8,0.0,25.8,23446.8,25.56,0,0,0,0.0,0,F1,65,,,,,,0
2026-09-23,2026-09-23,FO,NSE,IDO,51314,,NIFTY,,2026-10-27,2026-10-27,22150.0,CE,NIFTY26OCT22150CE,0.0,0.0,0.0,1336.0,1336.0,1336.0,23446.8,1476.15,4810,0,0,0.0,0,F1,65,,,,,,0
2026-09-23,2026-09-23,FO,NSE,IDO,51320,,NIFTY,,2026-10-27,2026-10-27,22300.0,CE,NIFTY26OCT22300CE,0.0,0.0,0.0,1200.0,1200.0,1200.0,23446.8,1343.88,130,0,0,0.0,0,F1,65,,,,,,0
2026-09-23,2026-09-23,FO,NSE,IDO,51326,,NIFTY,,2026-10-27,2026-10-27,22400.0,CE,NIFTY26OCT22400CE,0.0,0.0,0.0,2083.15,0.0,2083.15,23446.8,1258.06,0,0,0,0.0,0,F1,65,,,,,,0
2026-09-23,2026-09-23,FO,NSE,IDO,51334,,NIFTY,,2026-10-27,2026-10-27,22600.0,CE,NIFTY26OCT22600CE,1013.0,1013.0,989.8,989.8,989.8,943.95,23446.8,1092.98,2340,-65,3,4602942.5,3,F1,65,,,,,,195
2026-09-23,2026-09-23,FO,NSE,IDO,51340,,NIFTY,,2026-10-27,2026-10-27,22700.0,CE,NIFTY26OCT22700CE,862.15,926.55,855.6,906.65,906.65,860.0,23446.8,906.65,5590,845,51,78212962.75,49,F1,65,,,,,,3315
2026-09-23,2026-09-23,FO,NSE,IDO,51346,,NIFTY,,2026-10-27,2026-10-27,22850.0,CE,NIFTY26OCT22850CE,751.0,784.95,751.0,780.2,784.95,734.25,23446.8,780.2,1040,195,10,15355840.5,9,F1,65,,,,,,650
2026-09-23,2026-09-23,FO,NSE,IDO,51392,,NIFTY,,2026-10-27,2026-10-27,24000.0,CE,NIFTY26OCT24000CE,90.1,105.85,80.2,91.85,92.55,98.45,23446.8,91.85,4478825,1062230,66584,104261947682.75,32831,F1,65,,,,,,4327960
2026-09-23,2026-09-23,FO,NSE,IDO,51410,,NIFTY,,2026-10-27,2026-10-27,24400.0,CE,NIFTY26OCT24400CE,34.75,35.1,26.1,29.25,29.1,33.9,23446.8,29.25,459615,28795,9227,14652163353.75,6176,F1,65,,,,,,599755
2026-09-23,2026-09-23,FO,NSE,IDO,51412,,NIFTY,,2026-10-27,2026-10-27,24450.0,CE,NIFTY26OCT24450CE,20.5,30.6,20.45,25.6,26.3,30.6,23446.8,25.6,53105,5135,598,951405276.25,363,F1,65,,,,,,38870
2026-09-23,2026-09-23,FO,NSE,IDO,51434,,NIFTY,,2026-10-27,2026-10-27,24900.0,CE,NIFTY26OCT24900CE,11.5,12.05,9.45,9.85,9.75,12.45,23446.8,9.85,241410,10660,2416,3911914041.75,1348,F1,65,,,,,,157040
2026-09-23,2026-09-23,FO,NSE,IDO,51470,,NIFTY,,2026-10-27,2026-10-27,25550.0,CE,NIFTY26OCT25550CE,0.0,0.0,0.0,7.0,7.0,7.0,23446.8,23.39,1495,0,0,0.0,0,F1,65,,,,,,0
2026-09-23,2026-09-23,FO,NSE,IDO,51478,,NIFTY,,2026-10-27,2026-10-27,25700.0,CE,NIFTY26OCT25700CE,5.1,5.25,3.55,4.05,3.55,5.1,23446.8,4.05,52065,-780,351,586445759.25,201,F1,65,,,,,,22815
2026-09-23,2026-09-23,FO,NSE,IDO,51486,,NIFTY,,2026-10-27,2026-10-27,25900.0,CE,NIFTY26OCT25900CE,3.6,3.75,2.85,3.5,2.85,4.2,23446.8,3.5,8580,3640,124,208782353.0,80,F1,65,,,,,,8060
2026-09-23,2026-09-23,FO,NSE,IDO,51534,,NIFTY,,2026-10-27,2026-10-27,27050.0,CE,NIFTY26OCT27050CE,0.0,0.0,0.0,1.95,1.95,1.95,23446.8,0.77,4030,0,0,0.0,0,F1,65,,,,,,0
2026-09-23,2026-09-23,FO,NSE,IDO,51538,,NIFTY,,2026-10-27,2026-10-27,27150.0,CE,NIFTY26OCT27150CE,0.0,0.0,0.0,5.0,5.0,5.0,23446.8,0.59,1950,0,0,0.0,0,F1,65,,,,,,0
2026-09-23,2026-09-23,FO,NSE,IDO,53682,,NIFTY,,2026-11-03,2026-11-03,22500.0,CE,NIFTY26N0322500CE,0.0,0.0,0.0,1127.65,0.0,1127.65,23446.8,1224.2,0,0,0,0.0,0,F1,65,,,,,,0
2026-09-23,2026-09-23,FO,NSE,IDO,53792,,NIFTY,,2026-11-03,2026-11-03,22750.0,CE,NIFTY26N0322750CE,0.0,0.0,0.0,941.2,0.0,941.2,23446.8,1029.74,0,0,0,0.0,0,F1,65,,,,,,0
2026-09-23,2026-09-23,FO,NSE,IDO,53794,,NIFTY,,2026-11-03,2026-11-03,22800.0,CE,NIFTY26N0322800CE,0.0,0.0,0.0,906.0,0.0,906.0,23446.8,993.58,0,0,0,0.0,0,F1,65,,,,,,0
2026-09-23,2026-09-23,FO,NSE,IDO,53932,,NIFTY,,2026-11-03,2026-11-03,23250.0,CE,NIFTY26N0323250CE,0.0,0.0,0.0,622.15,0.0,622.15,23446.8,691.5,0,0,0,0.0,0,F1,65,,,,,,0
2026-09-23,2026-09-23,FO,NSE,IDO,53942,,NIFTY,,2026-11-03,2026-11-03,23350.0,CE,NIFTY26N0323350CE,0.0,0.0,0.0,567.55,0.0,567.55,23446.8,632.92,0,0,0,0.0,0,F1,65,,,,,,0
2026-09-23,2026-09-23,FO,NSE,IDO,54062,,NIFTY,,2026-11-03,2026-11-03,23600.0,CE,NIFTY26N0323600CE,305.35,305.35,289.0,294.15,296.1,444.85,23446.8,294.15,520,520,8,12425689.25,5,F1,65,,,,,,520
2026-09-23,2026-09-23,FO,NSE,IDO,54124,,NIFTY,,2026-11-03,2026-11-03,24300.0,CE,NIFTY26N0324300CE,0.0,0.0,0.0,201.5,0.0,201.5,23446.8,231.96,0,0,0,0.0,0,F1,65,,,,,,0
2026-09-23,2026-09-23,FO,NSE,IDO,54134,,NIFTY,,2026-11-03,2026-11-03,24450.0,CE,NIFTY26N0324450CE,0.0,0.0,0.0,166.6,0.0,166.6,23446.8,193.53,0,0,0,0.0,0,F1,65,,,,,,0
2026-09-23,2026-09-23,FO,NSE,IDO,64218,,NIFTY,,2026-11-23,2026-11-23,21650.0,CE,NIFTY26NOV21650CE,0.0,0.0,0.0,3045.65,0.0,3045.65,23446.8,2077.31,0,0,0,0.0,0,F1,65,,,,,,0
2026-09-23,2026-09-23,FO,NSE,IDO,64242,,NIFTY,,2026-11-23,2026-11-23,22100.0,CE,NIFTY26NOV22100CE,0.0,0.0,0.0,1454.35,1454.35,1454.35,23446.8,1682.88,195,0,0,0.0,0,F1,65,,,,,,0
2026-09-23,2026-09-23,FO,NSE,IDO,64286,,NIFTY,,2026-11-23,2026-11-23,22600.0,CE,NIFTY26NOV22600CE,0.0,0.0,0.0,2198.8,0.0,2198.8,23446.8,1282.83,0,0,0,0.0,0,F1,65,,,,,,0
2026-09-23,2026-09-23,FO,NSE,IDO,64353,,NIFTY,,2026-11-23,2026-11-23,23250.0,CE,NIFTY26NOV23250CE,607.15,658.2,607.15,624.7,624.7,626.6,23446.8,842.7,125775,0,6,9310044.25,6,F1,65,,,,,,390
2026-09-23,2026-09-23,FO,NSE,IDO,64399,,NIFTY,,2026-11-23,2026-11-23,24050.0,CE,NIFTY26NOV24050CE,204.0,215.25,192.9,205.15,204.1,206.5,23446.8,205.15,13650,3055,246,387869322.75,137,F1,65,,,,,,15990
2026-09-23,2026-09-23,FO,NSE,IDO,64411,,NIFTY,,2026-11-23,2026-11-23,24350.0,CE,NIFTY26NOV24350CE,111.4,124.4,111.1,118.0,118.0,122.6,23446.8,118.0,16120,1950,43,68385417.75,27,F1,65,,,,,,2795
2026-09-23,2026-09-23,FO,NSE,IDO,64419,,NIFTY,,2026-11-23,2026-11-23,24550.0,CE,NIFTY26NOV24550CE,84.45,85.55,75.0,80.8,80.7,87.1,23446.8,80.8,11570,715,64,102464147.5,30,F1,65,,,,,,4160
2026-09-23,2026-09-23,FO,NSE,IDO,64443,,NIFTY,,2026-11-23,2026-11-23,25100.0,CE,NIFTY26NOV25100CE,32.85,33.95,27.05,29.3,29.15,35.1,23446.8,29.3,54405,3575,548,895102084.5,278,F1,65,,,,,,35620
2026-09-23,2026-09-23,FO,NSE,IDO,64445,,NIFTY,,2026-11-23,2026-11-23,25150.0,CE,NIFTY26NOV25150CE,0.0,0.0,0.0,588.45,0.0,588.45,23446.8,149.22,0,0,0,0.0,0,F1,65,,,,,,0
2026-09-23,2026-09-23,FO,NSE,IDO,64487,,NIFTY,,2026-11-23,2026-11-23,25750.0,CE,NIFTY26NOV25750CE,0.0,0.0,0.0,386.65,0.0,386.65,23446.8,73.08,0,0,0,0.0,0,F1,65,,,,,,0
2026-09-23,2026-09-23,FO,NSE,IDO,64489,,NIFTY,,2026-11-23,2026-11-23,25800.0,CE,NIFTY26NOV25800CE,0.0,0.0,0.0,372.6,0.0,372.6,23446.8,68.6,0,0,0,0.0,0,F1,65,,,,,,0
2026-09-23,2026-09-23,FO,NSE,IDO,64501,,NIFTY,,2026-11-23,2026-11-23,26100.0,CE,NIFTY26NOV26100CE,20.95,20.95,7.2,8.15,8.1,22.75,23446.8,8.15,4875,4810,178,302082537.25,73,F1,65,,,,,,11570
2026-09-23,2026-09-23,FO,NSE,IDO,58634,,NIFTY,,2026-12-29,2026-12-29,15000.0,CE,NIFTY26DEC15000CE,0.0,0.0,0.0,5977.65,0.0,5977.65,23446.8,8697.02,0,0,0,0.0,0,F1,65,,,,,,0
2026-09-23,2026-09-23,FO,NSE,IDO,71501,,NIFTY,,2026-12-29,2026-12-29,24000.0,CE,NIFTY26DEC24000CE,404.6,425.0,388.95,410.7,410.9,404.6,23446.8,410.7,2068600,31265,6730,10677799967.25,4149,F1,65,,,,,,437450
2026-09-23,2026-09-23,FO,NSE,IDO,35235,,NIFTY,,2026-12-29,2026-12-29,30000.0,CE,NIFTY26DEC30000CE,6.1,6.7,5.45,6.3,6.45,6.7,23446.8,6.3,778365,8285,756,1474505220.5,261,F1,65,,,,,,49140
2026-09-23,2026-09-23,FO,NSE,IDO,71547,,NIFTY,,2027-06-29,2027-06-29,18000.0,CE,NIFTY27JUN18000CE,0.0,0.0,0.0,4066.45,0.0,4066.45,23446.8,6307.98,0,0,0,0.0,0,F1,65,,,,,,0
2026-09-23,2026-09-23,FO,NSE,IDO,44698,,NIFTY,,2026-10-13,2026-10-13,23850.0,CE,NIFTY26O1323850CE,63.05,74.3,55.95,62.3,62.75,65.9,23446.8,62.3,54470,22555,1498,2328629988.75,938,F1,65,,,,,,97370
2026-09-23,2026-09-23,FO,NSE,IDO,44672,,NIFTY,,2026-10-13,2026-10-13,23600.0,CE,NIFTY26O1323600CE,144.15,165.55,130.0,148.6,148.8,144.15,23446.8,148.6,104260,43745,2962,4571978729.5,1744,F1,65,,,,,,192530
2026-09-23,2026-09-23,FO,NSE,IDO,44650,,NIFTY,,2026-10-13,2026-10-13,23200.0,CE,NIFTY26O1323200CE,374.25,420.0,357.55,398.3,402.0,374.25,23446.8,398.3,16250,-455,141,216234616.0,135,F1,65,,,,,,9165
2026-09-23,2026-09-23,FO,NSE,IDO,44602,,NIFTY,,2026-10-13,2026-10-13,22400.0,CE,NIFTY26O1322400CE,0.0,0.0,0.0,1423.35,0.0,1423.35,23446.8,1155.9,0,0,0,0.0,0,F1,65,,,,,,0
2026-09-23,2026-09-23,FO,NSE,IDO,44598,,NIFTY,,2026-10-13,2026-10-13,22300.0,CE,NIFTY26O1322300CE,0.0,0.0,0.0,1511.7,0.0,1511.7,23446.8,1247.03,0,0,0,0.0,0,F1,65,,,,,,0
2026-09-23,2026-09-23,FO,NSE,IDO,40904,,NIFTY,,2026-10-06,2026-10-06,25800.0,CE,NIFTY26O0625800CE,1.3,1.35,0.95,1.1,1.35,1.65,23446.8,1.1,72215,15210,518,868723089.0,155,F1,65,,,,,,33670
2026-09-23,2026-09-23,FO,NSE,IDO,40892,,NIFTY,,2026-10-06,2026-10-06,25650.0,CE,NIFTY26O0625650CE,1.2,1.55,1.05,1.35,1.55,1.25,23446.8,1.35,4485,845,85,141722363.25,23,F1,65,,,,,,5525
2026-09-23,2026-09-23,FO,NSE,IDO,40821,,NIFTY,,2026-10-06,2026-10-06,24400.0,CE,NIFTY26O0624400CE,6.3,6.65,3.85,4.35,4.85,6.2,23446.8,4.35,210015,87555,7336,11637026238.5,4576,F1,65,,,,,,476840
2026-09-23,2026-09-23,FO,NSE,IDO,40781,,NIFTY,,2026-10-06,2026-10-06,23800.0,CE,NIFTY26O0623800CE,45.3,50.25,34.05,39.45,39.45,42.0,23446.8,39.45,661310,222690,40815,63251135714.0,22896,F1,65,,,,,,2652975
2026-09-23,2026-09-23,FO,NSE,IDO,40767,,NIFTY,,2026-10-06,2026-10-06,23650.0,CE,NIFTY26O0623650CE,78.7,95.25,66.55,79.0,79.25,76.4,23446.8,79.0,365755,260000,15651,24140799029.75,10030,F1,65,,,,,,1017315
2026-09-23,2026-09-23,FO,NSE,IDO,40710,,NIFTY,,2026-10-06,2026-10-06,22700.0,CE,NIFTY26O0622700CE,788.55,793.65,788.55,790.05,790.05,737.05,23446.8,790.05,455,0,3,4580696.25,3,F1,65,,,,,,195
2026-09-23,2026-09-23,FO,NSE,IDO,40645,,NIFTY,,2026-10-06,2026-10-06,21500.0,CE,NIFTY26O0621500CE,0.0,0.0,0.0,2683.35,0.0,2683.35,23446.8,1992.5,0,0,0,0.0,0,F1,65,,,,,,0
2026-09-23,2026-09-23,FO,NSE,IDO,40633,,NIFTY,,2026-10-06,2026-10-06,21350.0,CE,NIFTY26O0621350CE,0.0,0.0,0.0,2831.3,0.0,2831.3,23446.8,2142.03,0,0,0,0.0,0,F1,65,,,,,,0
2026-09-23,2026-09-23,FO,NSE,IDO,55290,,NIFTY,,2026-09-29,2026-09-29,31500.0,CE,NIFTY26SEP31500CE,0.45,0.5,0.35,0.45,0.35,0.4,23446.8,0.45,16445,650,35,71663484.75,24,F1,65,,,,,,2275
2026-09-23,2026-09-23,FO,NSE,IDO,55288,,NIFTY,,2026-09-29,2026-09-29,28500.0,CE,NIFTY26SEP28500CE,0.35,0.35,0.25,0.35,0.3,0.35,23446.8,0.35,482690,-18785,3383,6267079204.75,1566,F1,65,,,,,,219895
2026-09-23,2026-09-23,FO,NSE,IDO,74487,,NIFTY,,2026-09-29,2026-09-29,26650.0,CE,NIFTY26SEP26650CE,0.75,0.75,0.45,0.55,0.45,0.6,23446.8,0.55,9165,7800,1291,2236384692.75,527,F1,65,,,,,,83915
2026-09-23,2026-09-23,FO,NSE,IDO,74481,,NIFTY,,2026-09-29,2026-09-29,26500.0,CE,NIFTY26SEP26500CE,0.55,0.6,0.45,0.55,0.45,0.55,23446.8,0.55,840905,-27430,19855,34200921394.25,3889,F1,65,,,,,,1290575
2026-09-23,2026-09-23,FO,NSE,IDO,74391,,NIFTY,,2026-09-29,2026-09-29,25400.0,CE,NIFTY26SEP25400CE,1.0,1.15,0.65,0.75,0.7,1.15,23446.8,0.75,342160,50765,9184,15163285335.25,2722,F1,65,,,,,,596960
2026-09-23,2026-09-23,FO,NSE,IDO,74363,,NIFTY,,2026-09-29,2026-09-29,24950.0,CE,NIFTY26SEP24950CE,1.15,1.3,0.75,0.9,0.9,1.35,23446.8,0.9,118885,27365,7543,12233338919.75,3390,F1,65,,,,,,490295
2026-09-23,2026-09-23,FO,NSE,IDO,74048,,NIFTY,,2026-09-29,2026-09-29,23850.0,CE,NIFTY26SEP23850CE,10.0,13.45,7.55,8.65,8.65,11.85,23446.8,8.65,2785250,1320345,418963,649767595594.0,114402,F1,65,,,,,,27232595
2026-09-23,2026-09-23,FO,NSE,IDO,73887,,NIFTY,,2026-09-29,2026-09-29,22600.0,CE,NIFTY26SEP22600CE,800.0,886.1,780.35,854.55,865.1,784.95,23446.8,854.55,7475,130,21,31991592.75,21,F1,65,,,,,,1365
2026-09-23,2026-09-23,FO,NSE,IDO,73763,,NIFTY,,2026-09-29,2026-09-29,21400.0,CE,NIFTY26SEP21400CE,0.0,0.0,0.0,2015.2,2015.2,2015.2,23446.8,2067.69,65,0,0,0.0,0,F1,65,,,,,,0
2026-09-23,2026-09-23,FO,NSE,IDO,47149,,NIFTY,,2026-10-19,2026-10-19,22750.0,CE,NIFTY26O1922750CE,0.0,0.0,0.0,732.15,0.0,732.15,23446.8,905.61,0,0,0,0.0,0,F1,65,,,,,,0
2026-09-23,2026-09-23,FO,NSE,IDO,47164,,NIFTY,,2026-10-19,2026-10-19,23050.0,CE,NIFTY26O1923050CE,0.0,0.0,0.0,549.65,0.0,549.65,23446.8,684.77,0,0,0,0.0,0,F1,65,,,,,,0
2026-09-23,2026-09-23,FO,NSE,IDO,47181,,NIFTY,,2026-10-19,2026-10-19,23450.0,CE,NIFTY26O1923450CE,252.65,294.0,251.0,275.7,280.4,264.2,23446.8,275.7,7475,4095,387,596744388.5,198,F1,65,,,,,,25155
2026-09-23,2026-09-23,FO,NSE,IDO,47183,,NIFTY,,2026-10-19,2026-10-19,23500.0,CE,NIFTY26O1923500CE,227.05,265.0,222.5,247.05,247.85,236.9,23446.8,247.05,26065,8970,558,861231468.5,429,F1,65,,,,,,36270
2026-09-23,2026-09-23,FO,NSE,IDO,51374,,NIFTY,,2026-10-27,2026-10-27,23550.0,CE,NIFTY26OCT23550CE,258.95,289.65,246.0,271.2,273.9,269.35,23446.8,271.2,44850,22230,1031,1596452773.5,744,F1,65,,,,,,67015
2026-09-23,2026-09-23,FO,NSE,IDO,51400,,NIFTY,,2026-10-27,2026-10-27,24150.0,CE,NIFTY26OCT24150CE,63.75,68.3,51.95,59.15,59.6,65.1,23446.8,59.15,91650,-4030,874,1375335022.75,676,F1,65,,,,,,56810
2026-09-23,2026-09-23,FO,NSE,IDO,51406,,NIFTY,,2026-10-27,2026-10-27,24300.0,CE,NIFTY26OCT24300CE,46.55,46.85,34.5,38.95,39.4,43.8,23446.8,38.95,860470,164060,15677,24802194511.25,9216,F1,65,,,,,,1019005
2026-09-23,2026-09-23,FO,NSE,IDO,51426,,NIFTY,,2026-10-27,2026-10-27,24700.0,CE,NIFTY26OCT24700CE,16.55,17.05,13.1,14.15,14.25,17.25,23446.8,14.15,286845,21255,4046,6499726636.0,2439,F1,65,,,,,,262990
2026-09-23,2026-09-23,FO,NSE,IDO,51506,,NIFTY,,2026-10-27,2026-10-27,26400.0,CE,NIFTY26OCT26400CE,2.0,2.2,2.0,2.2,2.2,3.0,23446.8,3.81,4355,1755,31,53200082.0,15,F1,65,,,,,,2015
2026-09-23,2026-09-23,FO,NSE,IDO,51526,,NIFTY,,2026-10-27,2026-10-27,26900.0,CE,NIFTY26OCT26900CE,2.0,2.0,1.15,1.15,1.15,2.0,23446.8,1.13,29900,130,27,47212408.75,14,F1,65,,,,,,1755
2026-09-23,2026-09-23,FO,NSE,IDO,53543,,NIFTY,,2026-11-03,2026-11-03,22050.0,CE,NIFTY26N0322050CE,0.0,0.0,0.0,1499.4,0.0,1499.4,23446.8,1607.76,0,0,0,0.0,0,F1,65,,,,,,0
2026-09-23,2026-09-23,FO,NSE,IDO,53577,,NIFTY,,2026-11-03,2026-11-03,22150.0,CE,NIFTY26N0322150CE,0.0,0.0,0.0,1413.3,0.0,1413.3,23446.8,1519.36,0,0,0,0.0,0,F1,65,,,,,,0
2026-09-23,2026-09-23,FO,NSE,IDO,53664,,NIFTY,,2026-11-03,2026-11-03,22350.0,CE,NIFTY26N0322350CE,0.0,0.0,0.0,1246.8,0.0,1246.8,23446.8,1347.74,0,0,0,0.0,0,F1,65,,,,,,0
2026-09-23,2026-09-23,FO,NSE,IDO,53872,,NIFTY,,2026-11-03,2026-11-03,23000.0,CE,NIFTY26N0323000CE,0.0,0.0,0.0,772.3,0.0,772.3,23446.8,851.41,0,0,0,0.0,0,F1,65,,,,,,0
2026-09-23,2026-09-23,FO,NSE,IDO,54100,,NIFTY,,2026-11-03,2026-11-03,23750.0,CE,NIFTY26N0323750CE,0.0,0.0,0.0,380.65,0.0,380.65,23446.8,430.24,0,0,0,0.0,0,F1,65,,,,,,0
2026-09-23,2026-09-23,FO,NSE,IDO,54126,,NIFTY,,2026-11-03,2026-11-03,24350.0,CE,NIFTY26N0324350CE,0.0,0.0,0.0,190.35,0.0,190.35,23446.8,218.16,0,0,0,0.0,0,F1,65,,,,,,0
2026-09-23,2026-09-23,FO,NSE,IDO,54284,,NIFTY,,2026-11-03,2026-11-03,24950.0,CE,NIFTY26N0324950CE,0.0,0.0,0.0,83.2,0.0,83.2,23446.8,97.73,0,0,0,0.0,0,F1,65,,,,,,0
2026-09-23,2026-09-23,FO,NSE,IDO,54332,,NIFTY,,2026-11-03,2026-11-03,25000.0,CE,NIFTY26N0325000CE,0.0,0.0,0.0,77.25,0.0,77.25,23446.8,90.87,0,0,0,0.0,0,F1,65,,,,,,0
2026-09-23,2026-09-23,FO,NSE,IDO,64192,,NIFTY,,2026-11-23,2026-11-23,21350.0,CE,NIFTY26NOV21350CE,0.0,0.0,0.0,3327.35,0.0,3327.35,23446.8,2353.33,0,0,0,0.0,0,F1,65,,,,,,0
2026-09-23,2026-09-23,FO,NSE,IDO,64234,,NIFTY,,2026-11-23,2026-11-23,21900.0,CE,NIFTY26NOV21900CE,0.0,0.0,0.0,2815.2,0.0,2815.2,23446.8,1854.79,0,0,0,0.0,0,F1,65,,,,,,0
2026-09-23,2026-09-23,FO,NSE,IDO,64244,,NIFTY,,2026-11-23,2026-11-23,22150.0,CE,NIFTY26NOV22150CE,0.0,0.0,0.0,1411.85,1411.85,1411.85,23446.8,1640.86,195,0,0,0.0,0,F1,65,,,,,,0
2026-09-23,2026-09-23,FO,NSE,IDO,64342,,NIFTY,,2026-11-23,2026-11-23,23050.0,CE,NIFTY26NOV23050CE,0.0,0.0,0.0,758.9,758.9,758.9,23446.8,967.23,65,0,0,0.0,0,F1,65,,,,,,0
2026-09-23,2026-09-23,FO,NSE,IDO,64441,,NIFTY,,2026-11-23,2026-11-23,25050.0,CE,NIFTY26NOV25050CE,37.0,38.1,29.6,29.6,29.6,37.0,23446.8,166.73,390,195,5,8152459.25,4,F1,65,,,,,,325
2026-09-23,2026-09-23,FO,NSE,IDO,47190,,NIFTY,,2026-12-29,2026-12-29,33000.0,CE,NIFTY26DEC33000CE,3.5,3.5,3.5,3.5,3.5,3.65,23446.8,0.02,108095,715,13,27887957.5,3,F1,65,,,,,,845
2026-09-23,2026-09-23,FO,NSE,IDO,80274,,NIFTY,,2027-03-30,2027-03-30,25500.0,CE,NIFTY27MAR25500CE,259.95,259.95,242.25,248.05,251.0,253.3,23446.8,248.05,699855,26845,1753,2934001957.25,993,F1,65,,,,,,113945
2026-09-23,2026-09-23,FO,NSE,IDO,55374,,NIFTY,,2027-06-29,2027-06-29,22500.0,CE,NIFTY27JUN22500CE,0.0,0.0,0.0,5539.6,0.0,5539.6,23446.8,2488.61,0,0,0,0.0,0,F1,65,,,,,,0
2026-09-23,2026-09-23,FO,NSE,IDO,53591,,NIFTY,,2027-12-28,2027-12-28,15000.0,CE,NIFTY27DEC15000CE,0.0,0.0,0.0,7931.05,0.0,7931.05,23446.8,9600.66,0,0,0,0.0,0,F1,65,,,,,,0
2026-09-23,2026-09-23,FO,NSE,IDO,55422,,NIFTY,,2027-12-28,2027-12-28,19500.0,CE,NIFTY27DEC19500CE,0.0,0.0,0.0,8684.7,0.0,8684.7,23446.8,5553.27,0,0,0,0.0,0,F1,65,,,,,,0
2026-09-23,2026-09-23,FO,NSE,IDO,53631,,NIFTY,,2027-12-28,2027-12-28,27000.0,CE,NIFTY27DEC27000CE,552.2,570.05,535.3,559.6,568.9,552.55,23446.8,559.6,178505,3640,109,195249002.0,88,F1,65,,,,,,7085
2026-09-23,2026-09-23,FO,NSE,IDO,47196,,NIFTY,,2028-06-27,2028-06-27,33000.0,CE,NIFTY28JUN33000CE,0.0,0.0,0.0,2004.15,0.0,2004.15,23446.8,375.26,0,0,0,0.0,0,F1,65,,,,,,0
2026-09-23,2026-09-23,FO,NSE,IDO,55556,,NIFTY,,2029-06-26,2029-06-26,16500.0,CE,NIFTY29JUN16500CE,0.0,0.0,0.0,12587.95,0.0,12587.95,23446.8,9629.43,0,0,0,0.0,0,F1,65,,,,,,0
2026-09-23,2026-09-23,FO,NSE,IDO,60910,,NIFTY,,2030-06-25,2030-06-25,27000.0,CE,NIFTY30JUN27000CE,0.0,0.0,0.0,6972.5,0.0,6972.5,23446.8,3925.52,0,0,0,0.0,0,F1,65,,,,,,0
2026-09-23,2026-09-23,FO,NSE,IDO,74643,,NIFTY,,2031-06-24,2031-06-24,19500.0,CE,NIFTY31JUN19500CE,0.0,0.0,0.0,9840.6,0.0,9840.6,23446.8,9236.77,0,0,0,0.0,0,F1,65,,,,,,0
2026-09-23,2026-09-23,FO,NSE,IDO,74651,,NIFTY,,2031-06-24,2031-06-24,25500.0,CE,NIFTY31JUN25500CE,0.0,0.0,0.0,6409.8,0.0,6409.8,23446.8,5720.17,0,0,0,0.0,0,F1,65,,,,,,0
2026-09-23,2026-09-23,FO,NSE,IDO,55283,,NIFTY,,2026-09-29,2026-09-29,19500.0,PE,NIFTY26SEP19500PE,1.0,1.0,0.65,0.8,0.8,0.6,23446.8,0.8,1173380,82095,25209,31953668357.0,5045,F1,65,,,,,,1638585
2026-09-23,2026-09-23,FO,NSE,IDO,73764,,NIFTY,,2026-09-29,2026-09-29,21400.0,PE,NIFTY26SEP21400PE,1.4,1.8,1.05,1.3,1.35,1.65,23446.8,1.3,2606305,2220465,133936,186315975894.75,21567,F1,65,,,,,,8705840
2026-09-23,2026-09-23,FO,NSE,IDO,73851,,NIFTY,,2026-09-29,2026-09-29,21750.0,PE,NIFTY26SEP21750PE,2.05,2.15,1.6,1.8,1.9,2.0,23446.8,1.8,128570,80210,16918,23919860038.75,4317,F1,65,,,,,,1099670
2026-09-23,2026-09-23,FO,NSE,IDO,74083,,NIFTY,,2026-09-29,2026-09-29,24200.0,PE,NIFTY26SEP24200PE,801.4,828.9,716.5,750.9,743.4,811.05,23446.8,750.9,1459315,-140140,3524,5715122754.25,3142,F1,65,,,,,,229060
2026-09-23,2026-09-23,FO,NSE,IDO,74108,,NIFTY,,2026-09-29,2026-09-29,24300.0,PE,NIFTY26SEP24300PE,905.5,918.55,816.9,850.05,844.2,907.55,23446.8,850.05,2758340,-33735,1284,2098882308.25,899,F1,65,,,,,,83460
2026-09-23,2026-09-23,FO,NSE,IDO,74242,,NIFTY,,2026-09-29,2026-09-29,24500.0,PE,NIFTY26SEP24500PE,1096.0,1122.65,1011.6,1048.55,1041.35,1100.7,23446.8,1048.55,2489955,-223535,4918,8168323699.25,4330,F1,65,,,,,,319670
2026-09-23,2026-09-23,FO,NSE,IDO,74352,,NIFTY,,2026-09-29,2026-09-29,24650.0,PE,NIFTY26SEP24650PE,1266.0,1266.0,1185.0,1188.0,1188.0,1272.8,23446.8,1180.35,34515,-65,8,13450882.25,8,F1,65,,,,,,520
2026-09-23,2026-09-23,FO,NSE,IDO,74373,,NIFTY,,2026-09-29,2026-09-29,25200.0,PE,NIFTY26SEP25200PE,1723.1,1800.0,1720.0,1760.0,1760.0,1821.35,23446.8,1728.63,75530,-2600,58,101561772.0,30,F1,65,,,,,,3770
2026-09-23,2026-09-23,FO,NSE,IDO,74394,,NIFTY,,2026-09-29,2026-09-29,25400.0,PE,NIFTY26SEP25400PE,1945.0,1960.4,1925.0,1950.0,1950.0,1980.8,23446.8,1950.0,21385,-130,15,26661667.5,13,F1,65,,,,,,975
2026-09-23,2026-09-23,FO,NSE,IDO,74396,,NIFTY,,2026-09-29,2026-09-29,25450.0,PE,NIFTY26SEP25450PE,2000.0,2000.0,2000.0,2000.0,2000.0,2104.65,23446.8,2000.0,585,390,8,14274000.0,3,F1,65,,,,,,520
2026-09-23,2026-09-23,FO,NSE,IDO,74433,,NIFTY,,2026-09-29,2026-09-29,25950.0,PE,NIFTY26SEP25950PE,0.0,0.0,0.0,1299.0,1299.0,1299.0,23446.8,2477.87,65,0,0,0.0,0,F1,65,,,,,,0
2026-09-23,2026-09-23,FO,NSE,IDO,40676,,NIFTY,,2026-10-06,2026-10-06,22200.0,PE,NIFTY26O0622200PE,8.7,8.7,5.9,6.55,6.45,7.9,23446.8,6.55,220285,56615,6905,9966831758.0,3872,F1,65,,,,,,448825
2026-09-23,2026-09-23,FO,NSE,IDO,40700,,NIFTY,,2026-10-06,2026-10-06,22550.0,PE,NIFTY26O0622550PE,15.7,15.7,10.05,10.7,10.2,15.45,23446.8,10.7,55055,24050,3268,4792448410.75,1954,F1,65,,,,,,212420
2026-09-23,2026-09-23,FO,NSE,IDO,40756,,NIFTY,,2026-10-06,2026-10-06,23400.0,PE,NIFTY26O0623400PE,167.0,171.15,114.0,123.1,118.65,167.0,23446.8,123.1,775385,380575,69901,106936014019.25,38966,F1,65,,,,,,4543565
2026-09-23,2026-09-23,FO,NSE,IDO,40764,,NIFTY,,2026-10-06,2026-10-06,23550.0,PE,NIFTY26O0623550PE,240.65,248.7,179.3,190.4,187.4,245.2,23446.8,190.4,34645,14300,2384,3680511438.5,1646,F1,65,,,,,,154960
2026-09-23,2026-09-23,FO,NSE,IDO,40782,,NIFTY,,2026-10-06,2026-10-06,23800.0,PE,NIFTY26O0623800PE,420.0,426.4,340.0,360.6,354.4,418.7,23446.8,360.6,85475,57330,1896,2978535014.0,1488,F1,65,,,,,,123240
2026-09-23,2026-09-23,FO,NSE,IDO,40802,,NIFTY,,2026-10-06,2026-10-06,24050.0,PE,NIFTY26O0624050PE,625.7,625.7,554.25,582.1,582.1,602.1,23446.8,582.1,585,260,4,6403949.5,4,F1,65,,,,,,260
2026-09-23,2026-09-23,FO,NSE,IDO,40804,,NIFTY,,2026-10-06,2026-10-06,24100.0,PE,NIFTY26O0624100PE,654.9,654.9,606.25,646.0,646.0,709.6,23446.8,679.42,3965,780,33,53040984.75,22,F1,65,,,,,,2145
2026-09-23,2026-09-23,FO,NSE,IDO,40812,,NIFTY,,2026-10-06,2026-10-06,24200.0,PE,NIFTY26O0624200PE,769.95,769.95,707.7,724.6,722.4,774.4,23446.8,724.6,2015,260,23,37256404.25,16,F1,65,,,,,,1495
2026-09-23,2026-09-23,FO,NSE,IDO,40851,,NIFTY,,2026-10-06,2026-10-06,24750.0,PE,NIFTY26O0624750PE,0.0,0.0,0.0,808.1,0.0,808.1,23446.8,1262.51,0,0,0,0.0,0,F1,65,,,,,,0
2026-09-23,2026-09-23,FO,NSE,IDO,40874,,NIFTY,,2026-10-06,2026-10-06,25200.0,PE,NIFTY26O0625200PE,0.0,0.0,0.0,1141.5,0.0,1141.5,23446.8,1702.19,0,0,0,0.0,0,F1,65,,,,,,0
2026-09-23,2026-09-23,FO,NSE,IDO,40878,,NIFTY,,2026-10-06,2026-10-06,25300.0,PE,NIFTY26O0625300PE,0.0,0.0,0.0,1222.15,0.0,1222.15,23446.8,1801.23,0,0,0,0.0,0,F1,65,,,,,,0
2026-09-23,2026-09-23,FO,NSE,IDO,40889,,NIFTY,,2026-10-06,2026-10-06,25550.0,PE,NIFTY26O0625550PE,0.0,0.0,0.0,1432.35,0.0,1432.35,23446.8,2049.72,0,0,0,0.0,0,F1,65,,,,,,0
2026-09-23,2026-09-23,FO,NSE,IDO,44597,,NIFTY,,2026-10-13,2026-10-13,22250.0,PE,NIFTY26O1322250PE,12.0,14.0,11.1,14.0,14.0,18.85,23446.8,24.17,7735,65,12,17365273.25,7,F1,65,,,,,,780
2026-09-23,2026-09-23,FO,NSE,IDO,44645,,NIFTY,,2026-10-13,2026-10-13,23050.0,PE,NIFTY26O1323050PE,86.4,88.65,64.8,66.25,65.85,93.35,23446.8,66.25,21385,1560,369,554577634.0,299,F1,65,,,,,,23985
2026-09-23,2026-09-23,FO,NSE,IDO,44653,,NIFTY,,2026-10-13,2026-10-13,23200.0,PE,NIFTY26O1323200PE,124.95,127.95,91.7,96.6,94.0,130.25,23446.8,96.6,97955,60125,2763,4185028129.75,1858,F1,65,,,,,,179595
2026-09-23,2026-09-23,FO,NSE,IDO,44767,,NIFTY,,2026-10-13,2026-10-13,24800.0,PE,NIFTY26O1324800PE,0.0,0.0,0.0,1155.2,0.0,1155.2,23446.8,1302.85,0,0,0,0.0,0,F1,65,,,,,,0
2026-09-23,2026-09-23,FO,NSE,IDO,47082,,NIFTY,,2026-10-19,2026-10-19,21350.0,PE,NIFTY26O1921350PE,0.0,0.0,0.0,17.85,17.85,17.85,23446.8,3.15,130,0,0,0.0,0,F1,65,,,,,,0
2026-09-23,2026-09-23,FO,NSE,IDO,47156,,NIFTY,,2026-10-19,2026-10-19,22850.0,PE,NIFTY26O1922850PE,0.0,0.0,0.0,274.5,0.0,274.5,23446.8,135.44,0,0,0,0.0,0,F1,65,,,,,,0
2026-09-23,2026-09-23,FO,NSE,IDO,47186,,NIFTY,,2026-10-19,2026-10-19,23550.0,PE,NIFTY26O1923550PE,279.55,288.8,236.6,240.95,239.5,305.05,23446.8,240.95,3705,130,48,74269393.25,48,F1,65,,,,,,3120
2026-09-23,2026-09-23,FO,NSE,IDO,47209,,NIFTY,,2026-10-19,2026-10-19,23850.0,PE,NIFTY26O1923850PE,0.0,0.0,0.0,815.85,0.0,815.85,23446.8,564.89,0,0,0,0.0,0,F1,65,,,,,,0
2026-09-23,2026-09-23,FO,NSE,IDO,51369,,NIFTY,,2026-10-27,2026-10-27,23400.0,PE,NIFTY26OCT23400PE,248.2,258.2,197.3,210.65,205.4,253.3,23446.8,210.65,757575,118365,14797,22720369902.75,9491,F1,65,,,,,,961805
2026-09-23,2026-09-23,FO,NSE,IDO,51377,,NIFTY,,2026-10-27,2026-10-27,23600.0,PE,NIFTY26OCT23600PE,334.3,344.95,277.6,292.4,289.45,344.15,23446.8,292.4,718965,351650,13010,20210550145.5,11566,F1,65,,,,,,845650
2026-09-23,2026-09-23,FO,NSE,IDO,51379,,NIFTY,,2026-10-27,2026-10-27,23650.0,PE,NIFTY26OCT23650PE,367.05,367.05,304.0,317.25,316.8,376.9,23446.8,317.25,26520,130,70,109097371.5,60,F1,65,,,,,,4550
2026-09-23,2026-09-23,FO,NSE,IDO,51403,,NIFTY,,2026-10-27,2026-10-27,24200.0,PE,NIFTY26OCT24200PE,750.95,759.95,672.0,691.2,685.95,758.15,23446.8,691.2,244075,-260,622,1006712024.5,447,F1,65,,,,,,40430
2026-09-23,2026-09-23,FO,NSE,IDO,51425,,NIFTY,,2026-10-27,2026-10-27,24650.0,PE,NIFTY26OCT24650PE,1128.95,1128.95,1128.95,1128.95,1128.95,1158.25,23446.8,1170.13,2990,-65,1,1675631.75,1,F1,65,,,,,,65
2026-09-23,2026-09-23,FO,NSE,IDO,51427,,NIFTY,,2026-10-27,2026-10-27,24700.0,PE,NIFTY26OCT24700PE,1196.9,1196.9,1108.95,1139.1,1142.3,1204.7,23446.8,1139.1,131885,3380,85,142886302.0,74,F1,65,,,,,,5525
2026-09-23,2026-09-23,FO,NSE,IDO,51439,,NIFTY,,2026-10-27,2026-10-27,24950.0,PE,NIFTY26OCT24950PE,0.0,0.0,0.0,1390.55,1390.55,1390.55,23446.8,1425.67,3835,0,0,0.0,0,F1,65,,,,,,0
2026-09-23,2026-09-23,FO,NSE,IDO,51513,,NIFTY,,2026-10-27,2026-10-27,26550.0,PE,NIFTY26OCT26550PE,0.0,0.0,0.0,2330.1,0.0,2330.1,23446.8,2949.79,0,0,0,0.0,0,F1,65,,,,,,0
2026-09-23,2026-09-23,FO,NSE,IDO,51525,,NIFTY,,2026-10-27,2026-10-27,26850.0,PE,NIFTY26OCT26850PE,0.0,0.0,0.0,2588.1,0.0,2588.1,23446.8,3246.63,0,0,0,0.0,0,F1,65,,,,,,0
2026-09-23,2026-09-23,FO,NSE,IDO,51539,,NIFTY,,2026-10-27,2026-10-27,27150.0,PE,NIFTY26OCT27150PE,0.0,0.0,0.0,2853.65,0.0,2853.65,23446.8,3544.17,0,0,0,0.0,0,F1,65,,,,,,0
2026-09-23,2026-09-23,FO,NSE,IDO,51541,,NIFTY,,2026-10-27,2026-10-27,27200.0,PE,NIFTY26OCT27200PE,0.0,0.0,0.0,3666.0,3666.0,3666.0,23446.8,3593.81,195,0,0,0.0,0,F1,65,,,,,,0
2026-09-23,2026-09-23,FO,NSE,IDO,53496,,NIFTY,,2026-11-03,2026-11-03,21600.0,PE,NIFTY26N0321600PE,0.0,0.0,0.0,29.95,0.0,29.95,23446.8,22.28,0,0,0,0.0,0,F1,65,,,,,,0
2026-09-23,2026-09-23,FO,NSE,IDO,53576,,NIFTY,,2026-11-03,2026-11-03,22100.0,PE,NIFTY26N0322100PE,0.0,0.0,0.0,76.6,0.0,76.6,23446.8,59.98,0,0,0,0.0,0,F1,65,,,,,,0
2026-09-23,2026-09-23,FO,NSE,IDO,53655,,NIFTY,,2026-11-03,2026-11-03,22200.0,PE,NIFTY26N0322200PE,0.0,0.0,0.0,90.7,0.0,90.7,23446.8,71.69,0,0,0,0.0,0,F1,65,,,,,,0
2026-09-23,2026-09-23,FO,NSE,IDO,53781,,NIFTY,,2026-11-03,2026-11-03,22650.0,PE,NIFTY26N0322650PE,0.0,0.0,0.0,181.55,0.0,181.55,23446.8,148.42,0,0,0,0.0,0,F1,65,,,,,,0
2026-09-23,2026-09-23,FO,NSE,IDO,53835,,NIFTY,,2026-11-03,2026-11-03,22850.0,PE,NIFTY26N0322850PE,0.0,0.0,0.0,236.8,0.0,236.8,23446.8,197.5,0,0,0,0.0,0,F1,65,,,,,,0
2026-09-23,2026-09-23,FO,NSE,IDO,53941,,NIFTY,,2026-11-03,2026-11-03,23300.0,PE,NIFTY26N0323300PE,0.0,0.0,0.0,406.75,0.0,406.75,23446.8,349.93,0,0,0,0.0,0,F1,65,,,,,,0
2026-09-23,2026-09-23,FO,NSE,IDO,54049,,NIFTY,,2026-11-03,2026-11-03,23400.0,PE,NIFTY26N0323400PE,262.4,272.4,227.6,232.0,232.0,453.05,23446.8,232.0,1950,1950,48,73750303.25,27,F1,65,,,,,,3120
2026-09-23,2026-09-23,FO,NSE,IDO,54051,,NIFTY,,2026-11-03,2026-11-03,23450.0,PE,NIFTY26N0323450PE,282.0,291.65,244.1,253.0,253.0,477.4,23446.8,414.56,1430,1430,32,49304183.5,18,F1,65,,,,,,2080
2026-09-23,2026-09-23,FO,NSE,IDO,54117,,NIFTY,,2026-11-03,2026-11-03,24100.0,PE,NIFTY26N0324100PE,0.0,0.0,0.0,863.85,0.0,863.85,23446.8,776.35,0,0,0,0.0,0,F1,65,,,,,,0
2026-09-23,2026-09-23,FO,NSE,IDO,54119,,NIFTY,,2026-11-03,2026-11-03,24150.0,PE,NIFTY26N0324150PE,0.0,0.0,0.0,898.65,0.0,898.65,23446.8,809.47,0,0,0,0.0,0,F1,65,,,,,,0
2026-09-23,2026-09-23,FO,NSE,IDO,64215,,NIFTY,,2026-11-23,2026-11-23,21550.0,PE,NIFTY26NOV21550PE,0.0,0.0,0.0,34.3,0.0,34.3,23446.8,44.77,0,0,0,0.0,0,F1,65,,,,,,0
2026-09-23,2026-09-23,FO,NSE,IDO,64239,,NIFTY,,2026-11-23,2026-11-23,22000.0,PE,NIFTY26NOV22000PE,60.05,61.8,48.5,52.35,52.1,61.75,23446.8,52.35,537485,83850,5075,7274643866.75,3087,F1,65,,,,,,329875
2026-09-23,2026-09-23,FO,NSE,IDO,64388,,NIFTY,,2026-11-23,2026-11-23,23800.0,PE,NIFTY26NOV23800PE,487.9,495.0,430.95,449.75,441.5,497.1,23446.8,449.75,97370,2210,258,406719095.25,171,F1,65,,,,,,16770
2026-09-23,2026-09-23,FO,NSE,IDO,64398,,NIFTY,,2026-11-23,2026-11-23,24000.0,PE,NIFTY26NOV24000PE,620.0,620.0,542.25,562.1,559.0,613.8,23446.8,562.1,287170,10400,881,1407168135.75,620,F1,65,,,,,,57265
2026-09-23,2026-09-23,FO,NSE,IDO,64418,,NIFTY,,2026-11-23,2026-11-23,24500.0,PE,NIFTY26NOV24500PE,964.6,978.6,890.05,913.9,906.45,976.55,23446.8,913.9,245440,455,177,292481848.75,130,F1,65,,,,,,11505
2026-09-23,2026-09-23,FO,NSE,IDO,64422,,NIFTY,,2026-11-23,2026-11-23,24600.0,PE,NIFTY26NOV24600PE,997.6,1007.7,968.85,1005.8,1007.7,1079.05,23446.8,1005.8,3510,1495,42,69839412.5,40,F1,65,,,,,,2730
2026-09-23,2026-09-23,FO,NSE,IDO,64436,,NIFTY,,2026-11-23,2026-11-23,24900.0,PE,NIFTY26NOV24900PE,0.0,0.0,0.0,1365.0,1365.0,1365.0,23446.8,1387.28,1040,0,0,0.0,0,F1,65,,,,,,0
2026-09-23,2026-09-23,FO,NSE,IDO,64457,,NIFTY,,2026-11-23,2026-11-23,25300.0,PE,NIFTY26NOV25300PE,0.0,0.0,0.0,1600.0,1600.0,1600.0,23446.8,1712.76,65,0,0,0.0,0,F1,65,,,,,,0
2026-09-23,2026-09-23,FO,NSE,IDO,37810,,NIFTY,,2026-12-29,2026-12-29,23000.0,PE,NIFTY26DEC23000PE,263.0,263.35,229.0,236.6,235.05,262.95,23446.8,236.6,3302225,25205,5692,8598662465.25,3526,F1,65,,,,,,369980
2026-09-23,2026-09-23,FO,NSE,IDO,35237,,NIFTY,,2026-12-29,2026-12-29,30000.0,PE,NIFTY26DEC30000PE,6062.5,6062.5,5966.0,5998.35,5997.65,6065.55,23446.8,5998.35,399985,6045,151,353384762.25,151,F1,65,,,,,,9815
2026-09-23,2026-09-23,FO,NSE,IDO,80273,,NIFTY,,2027-03-30,2027-03-30,24000.0,PE,NIFTY27MAR24000PE,664.0,668.9,624.0,642.7,637.0,672.75,23446.8,642.7,803790,33345,1566,2508247329.25,1145,F1,65,,,,,,101790
2026-09-23,2026-09-23,FO,NSE,IDO,55375,,NIFTY,,2027-06-29,2027-06-29,22500.0,PE,NIFTY27JUN22500PE,353.2,353.2,320.0,340.5,342.0,355.0,23446.8,340.5,6435,1105,33,48991614.75,32,F1,65,,,,,,2145
2026-09-23,2026-09-23,FO,NSE,IDO,53627,,NIFTY,,2027-12-28,2027-12-28,25000.0,PE,NIFTY27DEC25000PE,1070.35,1091.25,1047.95,1060.15,1060.05,1078.85,23446.8,1060.15,236535,1105,137,232106436.25,107,F1,65,,,,,,8905
2026-09-23,2026-09-23,FO,NSE,IDO,53630,,NIFTY,,2027-12-28,2027-12-28,26000.0,PE,NIFTY27DEC26000PE,1513.05,1525.3,1481.45,1494.7,1492.0,1519.9,23446.8,1494.7,87365,-6435,168,300298943.75,76,F1,65,,,,,,10920
2026-09-23,2026-09-23,FO,NSE,IDO,47197,,NIFTY,,2028-06-27,2028-06-27,33000.0,PE,NIFTY28JUN33000PE,0.0,0.0,0.0,3707.8,0.0,3707.8,23446.8,6446.32,0,0,0,0.0,0,F1,65,,,,,,0
2026-09-23,2026-09-23,FO,NSE,IDO,67781,,NIFTY,,2028-12-26,2028-12-26,23000.0,PE,NIFTY28DEC23000PE,660.05,700.0,620.0,671.3,671.3,702.95,23446.8,671.3,2455,-520,11,16921872.5,11,F1,65,,,,,,715
2026-09-23,2026-09-23,FO,NSE,IDO,67787,,NIFTY,,2028-12-26,2028-12-26,26000.0,PE,NIFTY28DEC26000PE,0.0,0.0,0.0,1468.0,1468.0,1468.0,23446.8,1739.19,6940,0,0,0.0,0,F1,65,,,,,,0
2026-09-23,2026-09-23,FO,NSE,IDO,55563,,NIFTY,,2029-06-26,2029-06-26,25500.0,PE,NIFTY29JUN25500PE,0.0,0.0,0.0,624.25,0.0,624.25,23446.8,1454.53,0,0,0,0.0,0,F1,65,,,,,,0
2026-09-23,2026-09-23,FO,NSE,IDO,89637,,NIFTY,,2029-06-26,2029-06-26,27000.0,PE,NIFTY29JUN27000PE,0.0,0.0,0.0,1252.35,0.0,1252.35,23446.8,2031.29,0,0,0,0.0,0,F1,65,,,,,,0
2026-09-23,2026-09-23,FO,NSE,IDO,89643,,NIFTY,,2029-06-26,2029-06-26,30000.0,PE,NIFTY29JUN30000PE,0.0,0.0,0.0,2031.05,0.0,2031.05,23446.8,3496.61,0,0,0,0.0,0,F1,65,,,,,,0
2026-09-23,2026-09-23,FO,NSE,IDO,61749,,NIFTY,,2029-12-24,2029-12-24,24000.0,PE,NIFTY29DEC24000PE,0.0,0.0,0.0,755.0,755.0,755.0,23446.8,950.68,520,0,0,0.0,0,F1,65,,,,,,0
2026-09-23,2026-09-23,FO,NSE,IDO,62007,,NIFTY,,2029-12-24,2029-12-24,33000.0,PE,NIFTY29DEC33000PE,0.0,0.0,0.0,2953.7,0.0,2953.7,23446.8,4859.84,0,0,0,0.0,0,F1,65,,,,,,0
2026-09-23,2026-09-23,FO,NSE,IDO,55649,,NIFTY,,2030-06-25,2030-06-25,28500.0,PE,NIFTY30JUN28500PE,0.0,0.0,0.0,1167.6,0.0,1167.6,23446.8,2321.12,0,0,0,0.0,0,F1,65,,,,,,0
2026-09-23,2026-09-23,FO,NSE,IDO,55755,,NIFTY,,2030-12-31,2030-12-31,24000.0,PE,NIFTY30DEC24000PE,0.0,0.0,0.0,1000.0,1000.0,1000.0,23446.8,864.88,520,0,0,0.0,0,F1,65,,,,,,0
2026-09-23,2026-09-23,FO,NSE,IDO,74644,,NIFTY,,2031-06-24,2031-06-24,19500.0,PE,NIFTY31JUN19500PE,0.0,0.0,0.0,289.2,0.0,289.2,23446.8,223.04,0,0,0,0.0,0,F1,65,,,,,,0
2026-09-23,2026-09-23,FO,NSE,IDO,47133,,NIFTY,,2026-10-19,2026-10-19,22500.0,CE,NIFTY26O1922500CE,0.0,0.0,0.0,907.95,0.0,907.95,23446.8,1110.46,0,0,0,0.0,0,F1,65,,,,,,0
2026-09-23,2026-09-23,FO,NSE,IDO,47117,,NIFTY,,2026-10-19,2026-10-19,22100.0,CE,NIFTY26O1922100CE,0.0,0.0,0.0,1223.75,0.0,1223.75,23446.8,1467.63,0,0,0,0.0,0,F1,65,,,,,,0
2026-09-23,2026-09-23,FO,NSE,IDO,47085,,NIFTY,,2026-10-19,2026-10-19,21450.0,CE,NIFTY26O1921450CE,0.0,0.0,0.0,1807.8,0.0,1807.8,23446.8,2091.73,0,0,0,0.0,0,F1,65,,,,,,0
2026-09-23,2026-09-23,FO,NSE,IDO,44730,,NIFTY,,2026-10-13,2026-10-13,24250.0,CE,NIFTY26O1324250CE,18.0,18.0,13.25,14.35,13.25,18.15,23446.8,14.35,15080,2015,127,200315046.75,38,F1,65,,,,,,8255
2026-09-23,2026-09-23,FO,NSE,IDO,44712,,NIFTY,,2026-10-13,2026-10-13,24000.0,CE,NIFTY26O1324000CE,40.3,43.35,30.3,35.35,34.2,39.05,23446.8,35.35,323375,68185,8574,13395876744.25,5495,F1,65,,,,,,557310
2026-09-23,2026-09-23,FO,NSE,IDO,64227,,NIFTY,,2026-11-23,2026-11-23,21800.0,CE,NIFTY26NOV21800CE,0.0,0.0,0.0,2906.85,0.0,2906.85,23446.8,1942.86,0,0,0,0.0,0,F1,65,,,,,,0
2026-09-23,2026-09-23,FO,NSE,IDO,64306,,NIFTY,,2026-11-23,2026-11-23,22850.0,CE,NIFTY26NOV22850CE,0.0,0.0,0.0,858.45,858.45,858.45,23446.8,1101.59,65,0,0,0.0,0,F1,65,,,,,,0
2026-09-23,2026-09-23,FO,NSE,IDO,64349,,NIFTY,,2026-11-23,2026-11-23,23150.0,CE,NIFTY26NOV23150CE,689.3,699.85,689.3,699.85,699.85,651.0,23446.8,903.71,1820,-65,2,3099794.75,2,F1,65,,,,,,130
2026-09-23,2026-09-23,FO,NSE,IDO,64379,,NIFTY,,2026-11-23,2026-11-23,23650.0,CE,NIFTY26NOV23650CE,376.45,402.05,376.45,385.0,385.0,373.75,23446.8,385.0,9490,390,39,60932449.5,21,F1,65,,,,,,2535
2026-09-23,2026-09-23,FO,NSE,IDO,64405,,NIFTY,,2026-11-23,2026-11-23,24200.0,CE,NIFTY26NOV24200CE,149.0,166.5,144.85,156.4,157.8,160.45,23446.8,156.4,153010,9880,1094,1731912451.75,726,F1,65,,,,,,71110
2026-09-23,2026-09-23,FO,NSE,IDO,64481,,NIFTY,,2026-11-23,2026-11-23,25700.0,CE,NIFTY26NOV25700CE,0.0,0.0,0.0,40.7,40.7,40.7,23446.8,77.8,195,0,0,0.0,0,F1,65,,,,,,0
2026-09-23,2026-09-23,FO,NSE,IDO,58644,,NIFTY,,2026-12-29,2026-12-29,20000.0,CE,NIFTY26DEC20000CE,3700.0,3768.05,3663.0,3729.45,3743.1,3671.05,23446.8,3729.45,642095,10205,406,626036177.0,354,F1,65,,,,,,26390
2026-09-23,2026-09-23,FO,NSE,IDO,80190,,NIFTY,,2027-03-30,2027-03-30,16500.0,CE,NIFTY27MAR16500CE,0.0,0.0,0.0,6995.9,0.0,6995.9,23446.8,7476.28,0,0,0,0.0,0,F1,65,,,,,,0
2026-09-23,2026-09-23,FO,NSE,IDO,80278,,NIFTY,,2027-03-30,2027-03-30,28500.0,CE,NIFTY27MAR28500CE,34.45,34.45,32.0,32.8,32.5,33.45,23446.8,32.8,202280,9880,271,502601456.5,123,F1,65,,,,,,17615
2026-09-23,2026-09-23,FO,NSE,IDO,55472,,NIFTY,,2028-06-27,2028-06-27,22500.0,CE,NIFTY28JUN22500CE,0.0,0.0,0.0,6796.05,0.0,6796.05,23446.8,3935.67,0,0,0,0.0,0,F1,65,,,,,,0
2026-09-23,2026-09-23,FO,NSE,IDO,55478,,NIFTY,,2028-06-27,2028-06-27,28500.0,CE,NIFTY28JUN28500CE,0.0,0.0,0.0,2990.0,0.0,2990.0,23446.8,1173.11,0,0,0,0.0,0,F1,65,,,,,,0
2026-09-23,2026-09-23,FO,NSE,IDO,51367,,NIFTY,,2026-10-27,2026-10-27,23350.0,PE,NIFTY26OCT23350PE,237.6,237.65,180.7,194.0,190.6,237.65,23446.8,194.0,78000,-18265,1204,1843466511.25,905,F1,65,,,,,,78260
2026-09-23,2026-09-23,FO,NSE,IDO,51391,,NIFTY,,2026-10-27,2026-10-27,23950.0,PE,NIFTY26OCT23950PE,560.75,560.75,542.1,542.1,542.1,571.6,23446.8,656.78,6435,65,5,7961710.25,5,F1,65,,,,,,325
2026-09-23,2026-09-23,FO,NSE,IDO,51393,,NIFTY,,2026-10-27,2026-10-27,24000.0,PE,NIFTY26OCT24000PE,590.2,606.4,512.9,534.25,526.15,601.05,23446.8,534.25,1677065,138385,9009,14372966819.25,6044,F1,65,,,,,,585585
2026-09-23,2026-09-23,FO,NSE,IDO,51421,,NIFTY,,2026-10-27,2026-10-27,24550.0,PE,NIFTY26OCT24550PE,1016.0,1016.0,1001.8,1001.8,1001.8,1063.0,23446.8,1001.8,6825,390,8,13287859.0,4,F1,65,,,,,,520
2026-09-23,2026-09-23,FO,NSE,IDO,51355,,NIFTY,,2026-10-27,2026-10-27,23050.0,PE,NIFTY26OCT23050PE,141.0,141.0,105.85,115.75,113.45,142.0,23446.8,115.75,37245,1950,566,852403093.75,465,F1,65,,,,,,36790
2026-09-23,2026-09-23,FO,NSE,IDO,51295,,NIFTY,,2026-10-27,2026-10-27,21700.0,PE,NIFTY26OCT21700PE,20.15,20.2,15.65,16.85,16.5,20.15,23446.8,16.85,146510,-7085,2407,3397679766.0,1552,F1,65,,,,,,156455
2026-09-23,2026-09-23,FO,NSE,IDO,51429,,NIFTY,,2026-10-27,2026-10-27,24750.0,PE,NIFTY26OCT24750PE,0.0,0.0,0.0,1230.0,1230.0,1230.0,23446.8,1253.41,1300,0,0,0.0,0,F1,65,,,,,,0
2026-09-23,2026-09-23,FO,NSE,IDO,51459,,NIFTY,,2026-10-27,2026-10-27,25450.0,PE,NIFTY26OCT25450PE,1906.7,1906.7,1850.0,1850.0,1850.0,1058.8,23446.8,1881.92,325,195,4,7106882.25,4,F1,65,,,,,,260
2026-09-23,2026-09-23,FO,NSE,IDO,51477,,NIFTY,,2026-10-27,2026-10-27,25650.0,PE,NIFTY26OCT25650PE,2100.25,2100.25,2037.85,2037.85,2037.85,1057.4,23446.8,2037.85,195,65,2,3603476.5,2,F1,65,,,,,,130
2026-09-23,2026-09-23,FO,NSE,IDO,51511,,NIFTY,,2026-10-27,2026-10-27,26500.0,PE,NIFTY26OCT26500PE,2948.0,2975.2,2885.0,2923.25,2923.25,2976.0,23446.8,2923.25,37310,15405,271,518274783.0,267,F1,65,,,,,,17615
2026-09-23,2026-09-23,FO,NSE,IDO,51521,,NIFTY,,2026-10-27,2026-10-27,26750.0,PE,NIFTY26OCT26750PE,0.0,0.0,0.0,2501.2,0.0,2501.2,23446.8,3147.58,0,0,0,0.0,0,F1,65,,,,,,0
2026-09-23,2026-09-23,FO,NSE,IDO,53504,,NIFTY,,2026-11-03,2026-11-03,21750.0,PE,NIFTY26N0321750PE,0.0,0.0,0.0,40.35,0.0,40.35,23446.8,30.53,0,0,0,0.0,0,F1,65,,,,,,0
2026-09-23,2026-09-23,FO,NSE,IDO,53661,,NIFTY,,2026-11-03,2026-11-03,22250.0,PE,NIFTY26N0322250PE,0.0,0.0,0.0,98.45,0.0,98.45,23446.8,78.19,0,0,0,0.0,0,F1,65,,,,,,0
2026-09-23,2026-09-23,FO,NSE,IDO,53791,,NIFTY,,2026-11-03,2026-11-03,22700.0,PE,NIFTY26N0322700PE,0.0,0.0,0.0,194.45,0.0,194.45,23446.8,159.77,0,0,0,0.0,0,F1,65,,,,,,0
2026-09-23,2026-09-23,FO,NSE,IDO,51289,,NIFTY,,2026-10-27,2026-10-27,21550.0,PE,NIFTY26OCT21550PE,0.0,0.0,0.0,19.3,19.3,19.3,23446.8,12.63,1495,0,0,0.0,0,F1,65,,,,,,0
2026-09-23,2026-09-23,FO,NSE,IDO,47235,,NIFTY,,2026-10-19,2026-10-19,24250.0,PE,NIFTY26O1924250PE,0.0,0.0,0.0,1120.3,0.0,1120.3,23446.8,843.47,0,0,0,0.0,0,F1,65,,,,,,0
2026-09-23,2026-09-23,FO,NSE,IDO,47184,,NIFTY,,2026-10-19,2026-10-19,23500.0,PE,NIFTY26O1923500PE,273.45,273.5,208.7,218.05,213.15,273.35,23446.8,218.05,21645,7085,688,1061157574.75,504,F1,65,,,,,,44720
2026-09-23,2026-09-23,FO,NSE,IDO,47168,,NIFTY,,2026-10-19,2026-10-19,23100.0,PE,NIFTY26O1923100PE,115.0,122.9,91.3,98.45,98.25,123.1,23446.8,98.45,7540,5460,211,318226467.0,172,F1,65,,,,,,13715
2026-09-23,2026-09-23,FO,NSE,IDO,47101,,NIFTY,,2026-10-19,2026-10-19,21700.0,PE,NIFTY26O1921700PE,0.0,0.0,0.0,38.4,0.0,38.4,23446.8,9.37,0,0,0,0.0,0,F1,65,,,,,,0
2026-09-23,2026-09-23,FO,NSE,IDO,47090,,NIFTY,,2026-10-19,2026-10-19,21550.0,PE,NIFTY26O1921550PE,0.0,0.0,0.0,27.65,0.0,27.65,23446.8,5.98,0,0,0,0.0,0,F1,65,,,,,,0
2026-09-23,2026-09-23,FO,NSE,IDO,44799,,NIFTY,,2026-10-13,2026-10-13,25400.0,PE,NIFTY26O1325400PE,0.0,0.0,0.0,1673.35,0.0,1673.35,23446.8,1876.76,0,0,0,0.0,0,F1,65,,,,,,0
2026-09-23,2026-09-23,FO,NSE,IDO,44757,,NIFTY,,2026-10-13,2026-10-13,24550.0,PE,NIFTY26O1324550PE,0.0,0.0,0.0,961.3,0.0,961.3,23446.8,1077.33,0,0,0,0.0,0,F1,65,,,,,,0
2026-09-23,2026-09-23,FO,NSE,IDO,44681,,NIFTY,,2026-10-13,2026-10-13,23600.0,PE,NIFTY26O1323600PE,294.95,299.0,234.3,244.7,234.3,301.5,23446.8,244.7,37700,8970,469,727161838.0,372,F1,65,,,,,,30485
2026-09-23,2026-09-23,FO,NSE,IDO,44667,,NIFTY,,2026-10-13,2026-10-13,23450.0,PE,NIFTY26O1323450PE,219.8,219.8,168.35,176.55,171.9,223.9,23446.8,176.55,35100,25350,1049,1611370865.0,742,F1,65,,,,,,68185
2026-09-23,2026-09-23,FO,NSE,IDO,44657,,NIFTY,,2026-10-13,2026-10-13,23300.0,PE,NIFTY26O1323300PE,159.9,162.45,117.0,123.9,120.3,160.0,23446.8,123.9,139360,100750,5015,7639640518.25,3602,F1,65,,,,,,325975
2026-09-23,2026-09-23,FO,NSE,IDO,44629,,NIFTY,,2026-10-13,2026-10-13,22900.0,PE,NIFTY26O1322900PE,59.6,62.0,44.8,46.85,46.6,64.15,23446.8,46.85,32825,8710,796,1187436630.25,515,F1,65,,,,,,51740
2026-09-23,2026-09-23,FO,NSE,IDO,44619,,NIFTY,,2026-10-13,2026-10-13,22650.0,PE,NIFTY26O1322650PE,0.0,0.0,0.0,82.3,82.8,82.3,23446.8,67.31,1560,0,0,0.0,0,F1,65,,,,,,0
2026-09-23,2026-09-23,FO,NSE,IDO,44585,,NIFTY,,2026-10-13,2026-10-13,22100.0,PE,NIFTY26O1322100PE,13.55,14.5,9.25,10.65,10.7,13.9,23446.8,10.65,10855,3185,274,393798167.75,104,F1,65,,,,,,17810
2026-09-23,2026-09-23,FO,NSE,IDO,40857,,NIFTY,,2026-10-06,2026-10-06,24800.0,PE,NIFTY26O0624800PE,1366.0,1366.0,1300.0,1300.3,1300.3,842.45,23446.8,1310.59,2145,2145,33,56042314.25,22,F1,65,,,,,,2145
2026-09-23,2026-09-23,FO,NSE,IDO,40766,,NIFTY,,2026-10-06,2026-10-06,23600.0,PE,NIFTY26O0623600PE,263.9,280.5,204.35,220.25,213.15,271.1,23446.8,220.25,165165,46540,7509,11632255056.5,5119,F1,65,,,,,,488085
2026-09-23,2026-09-23,FO,NSE,IDO,40678,,NIFTY,,2026-10-06,2026-10-06,22250.0,PE,NIFTY26O0622250PE,6.6,7.65,6.5,6.9,7.3,8.4,23446.8,6.9,56550,45890,1695,2452149488.75,958,F1,65,,,,,,110175
2026-09-23,2026-09-23,FO,NSE,IDO,40674,,NIFTY,,2026-10-06,2026-10-06,22150.0,PE,NIFTY26O0622150PE,6.15,6.6,5.8,6.2,6.5,7.5,23446.8,6.2,11570,7605,311,447887206.0,245,F1,65,,,,,,20215
2026-09-23,2026-09-23,FO,NSE,IDO,40666,,NIFTY,,2026-10-06,2026-10-06,21950.0,PE,NIFTY26O0621950PE,6.0,7.7,4.6,5.1,5.15,5.75,23446.8,5.1,9100,5525,212,302540121.0,127,F1,65,,,,,,13780
2026-09-23,2026-09-23,FO,NSE,IDO,40637,,NIFTY,,2026-10-06,2026-10-06,21400.0,PE,NIFTY26O0621400PE,3.65,4.25,3.5,4.1,4.2,4.4,23446.8,4.1,1206725,471380,12608,17540983791.5,3231,F1,65,,,,,,819520
2026-09-23,2026-09-23,FO,NSE,IDO,40634,,NIFTY,,2026-10-06,2026-10-06,21350.0,PE,NIFTY26O0621350PE,3.55,4.1,3.55,4.0,4.05,4.3,23446.8,4.0,499590,391235,8421,11688389904.75,1832,F1,65,,,,,,547365
2026-09-23,2026-09-23,FO,NSE,IDO,55289,,NIFTY,,2026-09-29,2026-09-29,28500.0,PE,NIFTY26SEP28500PE,5120.0,5126.45,5009.8,5052.95,5050.0,5105.95,23446.8,5052.95,360685,-23595,432,942184343.75,390,F1,65,,,,,,28080
2026-09-23,2026-09-23,FO,NSE,IDO,74498,,NIFTY,,2026-09-29,2026-09-29,26900.0,PE,NIFTY26SEP26900PE,0.0,0.0,0.0,2776.0,2776.0,2776.0,23446.8,3426.95,65,0,0,0.0,0,F1,65,,,,,,0
2026-09-23,2026-09-23,FO,NSE,IDO,74496,,NIFTY,,2026-09-29,2026-09-29,26850.0,PE,NIFTY26SEP26850PE,0.0,0.0,0.0,2691.9,0.0,2691.9,23446.8,3377.0,0,0,0,0.0,0,F1,65,,,,,,0
2026-09-23,2026-09-23,FO,NSE,IDO,74492,,NIFTY,,2026-09-29,2026-09-29,26750.0,PE,NIFTY26SEP26750PE,0.0,0.0,0.0,2201.15,2201.15,2201.15,23446.8,3277.09,65,0,0,0.0,0,F1,65,,,,,,0
2026-09-23,2026-09-23,FO,NSE,IDO,74413,,NIFTY,,2026-09-29,2026-09-29,25600.0,PE,NIFTY26SEP25600PE,2180.0,2208.0,2165.0,2165.0,2165.0,2250.0,23446.8,2128.22,29120,0,10,18064865.0,6,F1,65,,,,,,650
2026-09-23,2026-09-23,FO,NSE,IDO,54055,,NIFTY,,2026-11-03,2026-11-03,23500.0,PE,NIFTY26N0323500PE,300.55,300.55,261.0,268.45,265.8,502.45,23446.8,268.45,4485,4485,84,129814064.25,53,F1,65,,,,,,5460
2026-09-23,2026-09-23,FO,NSE,IDO,54103,,NIFTY,,2026-11-03,2026-11-03,23800.0,PE,NIFTY26N0323800PE,0.0,0.0,0.0,669.7,0.0,669.7,23446.8,593.05,0,0,0,0.0,0,F1,65,,,,,,0
2026-09-23,2026-09-23,FO,NSE,IDO,54123,,NIFTY,,2026-11-03,2026-11-03,24250.0,PE,NIFTY26N0324250PE,0.0,0.0,0.0,970.25,0.0,970.25,23446.8,877.81,0,0,0,0.0,0,F1,65,,,,,,0
2026-09-23,2026-09-23,FO,NSE,IDO,54135,,NIFTY,,2026-11-03,2026-11-03,24450.0,PE,NIFTY26N0324450PE,0.0,0.0,0.0,1121.05,0.0,1121.05,23446.8,1023.5,0,0,0,0.0,0,F1,65,,,,,,0
2026-09-23,2026-09-23,FO,NSE,IDO,54331,,NIFTY,,2026-11-03,2026-11-03,24950.0,PE,NIFTY26N0324950PE,0.0,0.0,0.0,1534.25,0.0,1534.25,23446.8,1424.16,0,0,0,0.0,0,F1,65,,,,,,0
2026-09-23,2026-09-23,FO,NSE,IDO,64205,,NIFTY,,2026-11-23,2026-11-23,21400.0,PE,NIFTY26NOV21400PE,28.75,34.0,26.55,29.7,28.4,33.05,23446.8,29.7,8450,1560,84,116999255.75,58,F1,65,,,,,,5460
2026-09-23,2026-09-23,FO,NSE,IDO,64279,,NIFTY,,2026-11-23,2026-11-23,22500.0,PE,NIFTY26NOV22500PE,105.0,108.15,84.6,90.85,90.5,107.4,23446.8,90.85,554580,26780,4478,6576210189.25,2479,F1,65,,,,,,291070
2026-09-23,2026-09-23,FO,NSE,IDO,51365,,NIFTY,,2026-10-27,2026-10-27,23300.0,PE,NIFTY26OCT23300PE,210.2,219.2,166.15,179.35,175.35,214.4,23446.8,179.35,1215695,118300,12442,18993053989.0,8740,F1,65,,,,,,808730
2026-09-23,2026-09-23,FO,NSE,IDO,64287,,NIFTY,,2026-11-23,2026-11-23,22600.0,PE,NIFTY26NOV22600PE,118.05,118.15,97.35,103.4,103.55,120.05,23446.8,103.4,59605,25740,961,1418217983.0,532,F1,65,,,,,,62465
2026-09-23,2026-09-23,FO,NSE,IDO,64478,,NIFTY,,2026-11-23,2026-11-23,25600.0,PE,NIFTY26NOV25600PE,0.0,0.0,0.0,1316.4,0.0,1316.4,23446.8,1971.84,0,0,0,0.0,0,F1,65,,,,,,0
2026-09-23,2026-09-23,FO,NSE,IDO,64480,,NIFTY,,2026-11-23,2026-11-23,25650.0,PE,NIFTY26NOV25650PE,0.0,0.0,0.0,1350.35,0.0,1350.35,23446.8,2016.06,0,0,0,0.0,0,F1,65,,,,,,0
2026-09-23,2026-09-23,FO,NSE,IDO,58633,,NIFTY,,2026-12-29,2026-12-29,14000.0,PE,NIFTY26DEC14000PE,0.0,0.0,0.0,6.0,6.0,6.0,23446.8,0.0,9675,0,0,0.0,0,F1,65,,,,,,0
2026-09-23,2026-09-23,FO,NSE,IDO,55323,,NIFTY,,2026-12-29,2026-12-29,16500.0,PE,NIFTY26DEC16500PE,0.0,0.0,0.0,9.0,9.0,9.0,23446.8,0.0,4420,0,0,0.0,0,F1,65,,,,,,0
2026-09-23,2026-09-23,FO,NSE,IDO,58641,,NIFTY,,2026-12-29,2026-12-29,18000.0,PE,NIFTY26DEC18000PE,15.7,16.7,15.3,15.5,15.35,16.4,23446.8,15.5,654360,-15275,882,1032858440.25,487,F1,65,,,,,,57330
2026-09-23,2026-09-23,FO,NSE,IDO,58645,,NIFTY,,2026-12-29,2026-12-29,20000.0,PE,NIFTY26DEC20000PE,33.4,33.4,29.0,29.85,29.9,33.4,23446.8,29.85,1328855,-11180,3416,4447545183.25,2125,F1,65,,,,,,222040
2026-09-23,2026-09-23,FO,NSE,IDO,80271,,NIFTY,,2027-03-30,2027-03-30,22500.0,PE,NIFTY27MAR22500PE,270.65,270.65,244.45,249.7,244.45,267.8,23446.8,249.7,767520,2860,1510,2233031732.75,1041,F1,65,,,,,,98150
2026-09-23,2026-09-23,FO,NSE,IDO,53625,,NIFTY,,2027-12-28,2027-12-28,24000.0,PE,NIFTY27DEC24000PE,804.35,804.35,766.0,776.45,782.95,805.2,23446.8,776.45,242675,260,148,238409977.0,112,F1,65,,,,,,9620
2026-09-23,2026-09-23,FO,NSE,IDO,55599,,NIFTY,,2029-12-24,2029-12-24,16500.0,PE,NIFTY29DEC16500PE,0.0,0.0,0.0,10.15,0.0,10.15,23446.8,47.08,0,0,0,0.0,0,F1,65,,,,,,0
2026-09-23,2026-09-23,FO,NSE,IDO,61660,,NIFTY,,2029-12-24,2029-12-24,21000.0,PE,NIFTY29DEC21000PE,0.0,0.0,0.0,440.0,440.0,440.0,23446.8,378.28,1950,0,0,0.0,0,F1,65,,,,,,0
2026-09-23,2026-09-23,FO,NSE,IDO,61933,,NIFTY,,2029-12-24,2029-12-24,30000.0,PE,NIFTY29DEC30000PE,0.0,0.0,0.0,2500.05,2500.0,2500.05,23446.8,3212.77,1365,0,0,0.0,0,F1,65,,,,,,0
2026-09-23,2026-09-23,FO,NSE,IDO,55697,,NIFTY,,2030-12-31,2030-12-31,16500.0,PE,NIFTY30DEC16500PE,0.0,0.0,0.0,13.65,0.0,13.65,23446.8,59.7,0,0,0,0.0,0,F1,65,,,,,,0
2026-09-23,2026-09-23,FO,NSE,IDO,55701,,NIFTY,,2030-12-31,2030-12-31,19500.0,PE,NIFTY30DEC19500PE,0.0,0.0,0.0,67.4,0.0,67.4,23446.8,222.73,0,0,0,0.0,0,F1,65,,,,,,0
2026-09-23,2026-09-23,FO,NSE,IDO,65903,,NIFTY,,2026-09-29,2026-09-29,25000.0,PE,NIFTY26SEP25000PE,1623.15,1623.15,1515.0,1551.0,1544.45,1607.7,23446.8,1551.0,1716440,-109720,3125,5395339014.0,2836,F1,65,,,,,,203125
2026-09-23,2026-09-23,FO,NSE,IDO,74057,,NIFTY,,2026-09-29,2026-09-29,23900.0,PE,NIFTY26SEP23900PE,523.15,530.9,423.0,454.35,446.45,517.9,23446.8,454.35,940225,-72540,7057,11174180023.5,4938,F1,65,,,,,,458705
2026-09-23,2026-09-23,FO,NSE,IDO,73926,,NIFTY,,2026-09-29,2026-09-29,23350.0,PE,NIFTY26SEP23350PE,112.3,114.05,60.1,66.6,61.2,110.1,23446.8,66.6,3979495,2053870,1820482,2772945560508.5,748505,F1,65,,,,,,118331330
2026-09-23,2026-09-23,FO,NSE,IDO,73922,,NIFTY,,2026-09-29,2026-09-29,23250.0,PE,NIFTY26SEP23250PE,72.0,74.85,36.45,41.2,36.95,73.6,23446.8,41.2,3762785,2253745,711195,1077209238205.75,288377,F1,65,,,,,,46227675
2026-09-23,2026-09-23,FO,NSE,IDO,73898,,NIFTY,,2026-09-29,2026-09-29,22850.0,PE,NIFTY26SEP22850PE,13.8,13.8,6.8,7.9,7.0,14.4,23446.8,7.9,2408640,1498055,220100,327038383941.75,58749,F1,65,,,,,,14306500
2026-09-23,2026-09-23,FO,NSE,IDO,73878,,NIFTY,,2026-09-29,2026-09-29,22300.0,PE,NIFTY26SEP22300PE,2.5,3.45,2.5,2.85,2.8,3.3,23446.8,2.85,2524470,926380,183284,265706091508.0,34722,F1,65,,,,,,11913460
2026-09-23,2026-09-23,FO,NSE,IDO,73853,,NIFTY,,2026-09-29,2026-09-29,21800.0,PE,NIFTY26SEP21800PE,1.95,2.2,1.65,1.8,1.85,2.1,23446.8,1.8,1321190,282880,72691,103012046663.5,14259,F1,65,,,,,,4724915
2026-09-23,2026-09-23,FO,NSE,IDO,73806,,NIFTY,,2026-09-29,2026-09-29,21600.0,PE,NIFTY26SEP21600PE,1.7,2.05,1.45,1.55,1.5,1.9,23446.8,1.55,890435,-131170,50491,70894652214.75,11842,F1,65,,,,,,3281915
2026-09-23,2026-09-23,FO,NSE,IDO,73774,,NIFTY,,2026-09-29,2026-09-29,21450.0,PE,NIFTY26SEP21450PE,1.5,17.0,1.2,1.4,1.45,1.6,23446.8,1.4,174785,149045,34862,48609767176.75,6102,F1,65,,,,,,2266030
2026-09-23,2026-09-23,FO,NSE,IDO,74647,,NIFTY,,2031-06-24,2031-06-24,22500.0,CE,NIFTY31JUN22500CE,0.0,0.0,0.0,8012.75,0.0,8012.75,23446.8,7357.68,0,0,0,0.0,0,F1,65,,,,,,0
2026-09-23,2026-09-23,FO,NSE,IDO,60936,,NIFTY,,2030-06-25,2030-06-25,30000.0,CE,NIFTY30JUN30000CE,0.0,0.0,0.0,5580.35,0.0,5580.35,23446.8,2753.54,0,0,0,0.0,0,F1,65,,,,,,0
2026-09-23,2026-09-23,FO,NSE,IDO,55648,,NIFTY,,2030-06-25,2030-06-25,28500.0,CE,NIFTY30JUN28500CE,0.0,0.0,0.0,5382.85,0.0,5382.85,23446.8,3298.87,0,0,0,0.0,0,F1,65,,,,,,0
2026-09-23,2026-09-23,FO,NSE,IDO,55560,,NIFTY,,2029-06-26,2029-06-26,22500.0,CE,NIFTY29JUN22500CE,0.0,0.0,0.0,7946.5,0.0,7946.5,23446.8,5182.26,0,0,0,0.0,0,F1,65,,,,,,0
2026-09-23,2026-09-23,FO,NSE,IDO,55280,,NIFTY,,2026-09-29,2026-09-29,16500.0,CE,NIFTY26SEP16500CE,0.0,0.0,0.0,10168.85,0.0,10168.85,23446.8,6962.9,0,0,0,0.0,0,F1,65,,,,,,0
2026-09-23,2026-09-23,FO,NSE,IDO,73715,,NIFTY,,2026-09-29,2026-09-29,21350.0,CE,NIFTY26SEP21350CE,0.0,0.0,0.0,2900.5,0.0,2900.5,23446.8,2117.64,0,0,0,0.0,0,F1,65,,,,,,0
2026-09-23,2026-09-23,FO,NSE,IDO,73831,,NIFTY,,2026-09-29,2026-09-29,21650.0,CE,NIFTY26SEP21650CE,0.0,0.0,0.0,1850.0,1850.0,1850.0,23446.8,1817.93,65,0,0,0.0,0,F1,65,,,,,,0
2026-09-23,2026-09-23,FO,NSE,IDO,73925,,NIFTY,,2026-09-29,2026-09-29,23350.0,CE,NIFTY26SEP23350CE,147.8,200.85,133.55,167.25,170.3,149.6,23446.8,167.25,1590875,-728520,1173569,1793573773572.75,695632,F1,65,,,,,,76281985
2026-09-23,2026-09-23,FO,NSE,IDO,74243,,NIFTY,,2026-09-29,2026-09-29,24550.0,CE,NIFTY26SEP24550CE,1.75,1.85,1.1,1.25,1.2,2.05,23446.8,1.25,770445,59020,46487,74185818463.25,9851,F1,65,,,,,,3021655
2026-09-23,2026-09-23,FO,NSE,IDO,55286,,NIFTY,,2026-09-29,2026-09-29,25500.0,CE,NIFTY26SEP25500CE,1.0,1.1,0.7,0.8,0.8,1.15,23446.8,0.8,3242785,6890,45843,75987210247.0,12037,F1,65,,,,,,2979795
2026-09-23,2026-09-23,FO,NSE,IDO,74418,,NIFTY,,2026-09-29,2026-09-29,25750.0,CE,NIFTY26SEP25750CE,0.8,1.0,0.65,0.75,0.65,0.9,23446.8,0.75,19760,9295,1082,1811054141.0,674,F1,65,,,,,,70330
2026-09-23,2026-09-23,FO,NSE,IDO,74422,,NIFTY,,2026-09-29,2026-09-29,25850.0,CE,NIFTY26SEP25850CE,0.85,0.95,0.6,0.75,0.7,0.85,23446.8,0.75,15990,5525,634,1065309414.0,441,F1,65,,,,,,41210
2026-09-23,2026-09-23,FO,NSE,IDO,65904,,NIFTY,,2026-09-29,2026-09-29,26000.0,CE,NIFTY26SEP26000CE,0.75,0.8,0.6,0.7,0.6,0.75,23446.8,0.7,3292655,-279545,39634,66983230691.0,11932,F1,65,,,,,,2576210
2026-09-23,2026-09-23,FO,NSE,IDO,74485,,NIFTY,,2026-09-29,2026-09-29,26600.0,CE,NIFTY26SEP26600CE,0.65,0.75,0.45,0.55,0.45,0.75,23446.8,0.55,35945,-260,934,1614920021.0,582,F1,65,,,,,,60710
2026-09-23,2026-09-23,FO,NSE,IDO,74505,,NIFTY,,2026-09-29,2026-09-29,27150.0,CE,NIFTY26SEP27150CE,0.7,0.75,0.45,0.55,0.45,0.45,23446.8,0.55,66105,57720,3187,5624377495.75,1303,F1,65,,,,,,207155
2026-09-23,2026-09-23,FO,NSE,IDO,40699,,NIFTY,,2026-10-06,2026-10-06,22550.0,CE,NIFTY26O0622550CE,863.3,904.25,863.3,904.25,904.25,854.35,23446.8,970.48,260,-65,4,6092781.5,3,F1,65,,,,,,260
2026-09-23,2026-09-23,FO,NSE,IDO,67788,,NIFTY,,2028-12-26,2028-12-26,27000.0,CE,NIFTY28DEC27000CE,0.0,0.0,0.0,1740.8,1740.8,1740.8,23446.8,2229.27,4485,0,0,0.0,0,F1,65,,,,,,0
2026-09-23,2026-09-23,FO,NSE,IDO,40793,,NIFTY,,2026-10-06,2026-10-06,24000.0,CE,NIFTY26O0624000CE,15.0,20.15,14.15,15.1,15.35,18.9,23446.8,15.1,1546805,367900,59950,93586933371.75,30852,F1,65,,,,,,3896750
2026-09-23,2026-09-23,FO,NSE,IDO,40879,,NIFTY,,2026-10-06,2026-10-06,25350.0,CE,NIFTY26O0625350CE,1.75,2.0,1.1,1.6,2.0,2.75,23446.8,1.6,2600,1040,52,85688148.0,19,F1,65,,,,,,3380
2026-09-23,2026-09-23,FO,NSE,IDO,44694,,NIFTY,,2026-10-13,2026-10-13,23800.0,CE,NIFTY26O1323800CE,65.0,87.7,65.0,75.1,75.05,77.7,23446.8,75.1,184990,39260,3856,5984425258.5,3023,F1,65,,,,,,250640
2026-09-23,2026-09-23,FO,NSE,IDO,44778,,NIFTY,,2026-10-13,2026-10-13,25000.0,CE,NIFTY26O1325000CE,5.45,5.45,3.25,3.65,4.0,5.45,23446.8,3.65,44720,2015,862,1400963460.0,300,F1,65,,,,,,56030
2026-09-23,2026-09-23,FO,NSE,IDO,44792,,NIFTY,,2026-10-13,2026-10-13,25300.0,CE,NIFTY26O1325300CE,2.2,2.2,2.2,2.2,2.2,4.5,23446.8,8.14,1170,-195,3,4933929.0,1,F1,65,,,,,,195
2026-09-23,2026-09-23,FO,NSE,IDO,47081,,NIFTY,,2026-10-19,2026-10-19,21350.0,CE,NIFTY26O1921350CE,0.0,0.0,0.0,1902.6,0.0,1902.6,23446.8,2190.1,0,0,0,0.0,0,F1,65,,,,,,0
2026-09-23,2026-09-23,FO,NSE,IDO,47129,,NIFTY,,2026-10-19,2026-10-19,22400.0,CE,NIFTY26O1922400CE,0.0,0.0,0.0,982.3,0.0,982.3,23446.8,1196.8,0,0,0,0.0,0,F1,65,,,,,,0
2026-09-23,2026-09-23,FO,NSE,IDO,47159,,NIFTY,,2026-10-19,2026-10-19,22950.0,CE,NIFTY26O1922950CE,0.0,0.0,0.0,607.05,0.0,607.05,23446.8,754.93,0,0,0,0.0,0,F1,65,,,,,,0
2026-09-23,2026-09-23,FO,NSE,IDO,47313,,NIFTY,,2026-10-19,2026-10-19,24450.0,CE,NIFTY26O1924450CE,22.65,22.65,15.0,15.0,15.0,22.0,23446.8,101.58,845,65,2,3180947.25,2,F1,65,,,,,,130
2026-09-23,2026-09-23,FO,NSE,IDO,51330,,NIFTY,,2026-10-27,2026-10-27,22500.0,CE,NIFTY26OCT22500CE,1029.7,1110.0,1025.0,1084.55,1092.0,1046.0,23446.8,1084.55,183820,1820,881,1350145670.25,722,F1,65,,,,,,57265
2026-09-23,2026-09-23,FO,NSE,IDO,51382,,NIFTY,,2026-10-27,2026-10-27,23750.0,CE,NIFTY26OCT23750CE,171.15,191.0,157.95,175.3,175.95,175.7,23446.8,175.3,43940,15535,638,992218019.0,409,F1,65,,,,,,41470
2026-09-23,2026-09-23,FO,NSE,IDO,51384,,NIFTY,,2026-10-27,2026-10-27,23800.0,CE,NIFTY26OCT23800CE,159.9,169.5,138.1,155.8,157.85,156.65,23446.8,155.8,880490,141310,11392,17737994189.5,7846,F1,65,,,,,,740480
2026-09-23,2026-09-23,FO,NSE,IDO,51386,,NIFTY,,2026-10-27,2026-10-27,23850.0,CE,NIFTY26OCT23850CE,134.9,150.0,123.6,137.2,140.15,138.75,23446.8,137.2,69940,28470,944,1471859892.75,638,F1,65,,,,,,61360
2026-09-23,2026-09-23,FO,NSE,IDO,51424,,NIFTY,,2026-10-27,2026-10-27,24650.0,CE,NIFTY26OCT24650CE,19.05,19.05,14.5,15.9,16.05,19.05,23446.8,15.9,71370,-455,1147,1838967260.0,686,F1,65,,,,,,74555
2026-09-23,2026-09-23,FO,NSE,IDO,51450,,NIFTY,,2026-10-27,2026-10-27,25250.0,CE,NIFTY26OCT25250CE,0.0,0.0,0.0,447.85,0.0,447.85,23446.8,41.05,0,0,0,0.0,0,F1,65,,,,,,0
2026-09-23,2026-09-23,FO,NSE,IDO,51488,,NIFTY,,2026-10-27,2026-10-27,25950.0,CE,NIFTY26OCT25950CE,3.75,3.75,3.75,3.75,3.75,3.75,23446.8,10.37,1170,0,1,1686993.75,1,F1,65,,,,,,65
2026-09-23,2026-09-23,FO,NSE,IDO,51510,,NIFTY,,2026-10-27,2026-10-27,26500.0,CE,NIFTY26OCT26500CE,2.2,3.15,1.6,1.8,1.65,2.45,23446.8,1.8,330265,17225,2154,3710592619.5,1234,F1,65,,,,,,140010
2026-09-23,2026-09-23,FO,NSE,IDO,53525,,NIFTY,,2026-11-03,2026-11-03,22000.0,CE,NIFTY26N0322000CE,0.0,0.0,0.0,1543.15,0.0,1543.15,23446.8,1652.54,0,0,0,0.0,0,F1,65,,,,,,0
2026-09-23,2026-09-23,FO,NSE,IDO,53860,,NIFTY,,2026-11-03,2026-11-03,22950.0,CE,NIFTY26N0322950CE,0.0,0.0,0.0,804.6,0.0,804.6,23446.8,885.63,0,0,0,0.0,0,F1,65,,,,,,0
2026-09-23,2026-09-23,FO,NSE,IDO,54066,,NIFTY,,2026-11-03,2026-11-03,23650.0,CE,NIFTY26N0323650CE,0.0,0.0,0.0,422.7,0.0,422.7,23446.8,476.12,0,0,0,0.0,0,F1,65,,,,,,0
2026-09-23,2026-09-23,FO,NSE,IDO,54098,,NIFTY,,2026-11-03,2026-11-03,23700.0,CE,NIFTY26N0323700CE,0.0,0.0,0.0,401.3,0.0,401.3,23446.8,452.79,0,0,0,0.0,0,F1,65,,,,,,0
2026-09-23,2026-09-23,FO,NSE,IDO,54102,,NIFTY,,2026-11-03,2026-11-03,23800.0,CE,NIFTY26N0323800CE,0.0,0.0,0.0,360.8,0.0,360.8,23446.8,408.48,0,0,0,0.0,0,F1,65,,,,,,0
2026-09-23,2026-09-23,FO,NSE,IDO,54136,,NIFTY,,2026-11-03,2026-11-03,24500.0,CE,NIFTY26N0324500CE,0.0,0.0,0.0,156.05,0.0,156.05,23446.8,180.76,0,0,0,0.0,0,F1,65,,,,,,0
