w_pro,w_fii,w_contra,dev_exact,dev_cov,dev_sign,val_exact,val_sign,conf_exact,conf_sign,conf_sign_n,dev_score
0.25,0.2,-0.3,23.62,1.75,80.0,22.18,42.86,19.28,50.0,6,57.448
0.25,0.25,-0.25,24.49,2.33,75.0,22.18,80.0,18.67,50.0,4,54.796
0.15,0.15,-0.15,24.49,2.33,75.0,22.18,80.0,18.67,50.0,4,54.796
0.2,0.2,-0.2,24.49,2.33,75.0,22.18,80.0,18.67,50.0,4,54.796
0.05,0.05,-0.05,24.49,2.33,75.0,22.18,80.0,18.67,50.0,4,54.796
0.3,0.3,-0.3,24.49,2.33,75.0,22.18,80.0,18.67,50.0,4,54.796
0.1,0.1,-0.1,24.49,2.33,75.0,22.18,80.0,18.67,50.0,4,54.796
0.2,0.2,-0.25,23.62,1.17,75.0,21.37,40.0,18.07,33.33,3,54.448
0.25,0.35,-0.3,23.62,1.17,75.0,21.77,75.0,19.28,60.0,5,54.448
0.2,0.25,-0.3,23.91,2.33,71.43,22.18,44.44,18.67,20.0,5,52.422000000000004
0.3,0.2,-0.25,24.49,4.66,69.23,23.79,80.0,18.67,75.0,4,51.334
0.25,0.2,-0.2,24.49,6.12,68.75,24.19,76.92,19.88,70.0,10,51.046
0.55,1.0,-0.3,30.32,32.07,63.86,34.27,55.56,28.92,50.0,64,50.443999999999996
0.4,0.75,-0.2,32.07,36.15,62.5,35.48,57.3,30.12,50.72,69,50.328
0.1,0.2,-0.05,32.07,38.48,62.38,34.27,56.82,31.33,51.39,72,50.256
0.5,1.0,-0.25,32.07,38.48,62.38,34.27,56.82,31.33,51.39,72,50.256
0.4,0.8,-0.2,32.07,38.48,62.38,34.27,56.82,31.33,51.39,72,50.256
0.2,0.4,-0.1,32.07,38.48,62.38,34.27,56.82,31.33,51.39,72,50.256
0.3,0.6,-0.15,32.07,38.48,62.38,34.27,56.82,31.33,51.39,72,50.256
0.3,0.5,-0.15,30.61,33.53,63.22,35.89,57.47,29.52,50.0,66,50.175999999999995
0.4,0.65,-0.2,30.61,33.53,63.22,35.48,57.65,28.92,49.23,65,50.175999999999995
0.6,1.0,-0.3,30.61,33.53,63.22,35.89,57.47,29.52,50.0,66,50.175999999999995
0.5,0.85,-0.25,30.61,33.53,63.22,35.89,57.47,29.52,50.0,66,50.175999999999995
0.5,0.95,-0.25,32.07,37.03,62.24,35.08,57.3,29.52,50.0,68,50.172000000000004
0.45,0.0,0.2,39.65,76.09,57.14,39.11,53.9,37.95,52.34,107,50.144
0.25,0.25,-0.15,27.99,22.16,64.91,29.84,56.0,25.3,48.78,41,50.141999999999996
0.5,0.5,-0.3,27.99,22.16,64.91,29.84,56.0,25.3,48.78,41,50.141999999999996
0.6,0.05,0.2,39.36,74.64,57.29,39.11,54.61,36.75,51.43,105,50.117999999999995
0.75,0.05,0.25,39.36,74.64,57.29,39.11,54.61,37.35,51.89,106,50.117999999999995
0.5,0.05,0.15,39.36,74.64,57.29,39.11,54.61,36.75,51.92,104,50.117999999999995
1.0,0.1,0.3,39.36,74.64,57.29,39.11,54.61,36.75,51.92,104,50.117999999999995
0.4,0.85,-0.2,32.36,39.94,61.9,34.27,56.18,31.93,52.0,75,50.084
0.7,0.95,-0.3,31.78,37.32,62.24,35.48,56.67,28.31,49.23,65,50.056000000000004
0.45,0.05,0.15,39.07,74.93,57.29,39.11,54.61,36.75,51.92,104,50.001999999999995
0.7,0.1,0.25,39.07,74.93,57.29,38.71,54.97,37.35,52.38,105,50.001999999999995
0.95,0.1,0.3,39.07,74.93,57.29,39.11,54.61,36.75,51.92,104,50.001999999999995
0.65,0.1,0.2,39.07,74.93,57.29,38.71,54.97,37.35,52.38,105,50.001999999999995
0.95,0.15,0.3,39.07,74.93,57.29,38.31,54.67,37.35,52.38,105,50.001999999999995
0.8,0.05,0.25,39.07,74.93,57.29,39.11,54.25,37.35,51.89,106,50.001999999999995
0.9,0.1,0.3,39.07,74.93,57.29,39.11,54.61,36.75,51.92,104,50.001999999999995
1.0,0.15,0.3,39.07,74.93,57.29,39.11,54.97,36.75,51.92,104,50.001999999999995
0.75,0.1,0.25,39.07,74.93,57.29,38.71,54.61,37.95,52.83,106,50.001999999999995
0.85,0.1,0.3,39.07,74.93,57.29,38.71,54.61,37.95,52.83,106,50.001999999999995
0.85,0.1,0.25,39.07,74.93,57.29,39.11,54.61,36.75,51.92,104,50.001999999999995
0.8,0.1,0.25,39.07,74.93,57.29,39.11,54.61,36.75,51.92,104,50.001999999999995
0.45,0.0,0.25,39.65,76.38,56.86,39.11,54.19,37.95,52.34,107,49.976
0.35,0.0,0.2,39.65,76.38,56.86,39.11,54.55,37.95,52.34,107,49.976
0.55,0.7,-0.25,30.9,34.99,62.64,34.68,55.42,28.31,50.79,63,49.943999999999996
0.7,0.05,0.25,39.36,74.93,57.0,39.11,54.61,37.35,51.89,106,49.943999999999996
0.65,0.05,0.2,39.36,74.93,57.0,39.11,54.61,36.75,51.43,105,49.943999999999996
0.85,0.05,0.3,39.36,74.93,57.0,39.11,54.61,37.35,51.89,106,49.943999999999996
0.8,0.05,0.3,39.36,74.93,57.0,39.11,54.61,37.35,51.89,106,49.943999999999996
0.85,0.15,0.25,38.78,74.34,57.36,38.71,55.03,36.75,51.92,104,49.928
0.5,0.6,-0.2,31.78,38.19,62.0,34.68,54.44,28.31,48.48,66,49.912
0.75,0.95,-0.3,31.78,38.19,62.0,35.48,56.67,28.92,49.25,67,49.912
0.75,0.9,-0.3,31.78,38.19,62.0,34.68,54.44,28.31,48.48,66,49.912
0.25,0.3,-0.1,31.78,38.19,62.0,34.68,54.44,28.31,48.48,66,49.912
0.55,0.0,0.25,39.36,75.8,56.93,39.11,53.9,37.95,52.34,107,49.902
0.6,0.0,0.3,39.36,75.8,56.93,39.11,54.19,38.55,52.78,108,49.902
0.55,0.0,0.3,39.36,75.8,56.93,39.11,54.19,38.55,52.78,108,49.902
0.3,0.0,0.15,39.36,75.8,56.93,39.11,54.19,38.55,52.78,108,49.902
0.4,0.0,0.2,39.36,75.8,56.93,39.11,54.19,38.55,52.78,108,49.902
0.65,0.0,0.3,39.36,75.8,56.93,39.11,53.9,38.55,52.78,108,49.902
0.5,0.0,0.25,39.36,75.8,56.93,39.11,54.19,38.55,52.78,108,49.902
0.1,0.0,0.05,39.36,75.8,56.93,39.11,54.19,38.55,52.78,108,49.902
0.2,0.0,0.1,39.36,75.8,56.93,39.11,54.19,38.55,52.78,108,49.902
1.0,0.05,0.3,38.78,75.22,57.29,39.52,54.19,37.35,51.89,106,49.885999999999996
0.95,0.05,0.3,38.78,75.22,57.29,39.11,53.9,37.35,51.89,106,49.885999999999996
0.35,0.0,0.15,39.36,76.68,56.86,39.11,53.9,37.35,51.89,106,49.86
0.7,0.0,0.3,39.36,76.68,56.86,39.11,53.9,37.35,51.89,106,49.86
0.2,0.45,-0.1,32.65,39.94,61.32,35.08,57.14,33.13,52.56,78,49.852000000000004
0.4,0.9,-0.2,32.65,39.94,61.32,35.08,57.14,33.13,52.56,78,49.852000000000004
0.75,0.1,-0.05,37.61,71.72,57.98,39.52,54.35,34.34,52.75,91,49.831999999999994
0.45,1.0,-0.25,31.78,36.73,61.86,33.47,54.65,31.33,51.43,70,49.828
0.9,0.05,0.3,39.07,75.22,57.0,39.11,54.25,37.35,51.89,106,49.827999999999996
0.6,0.05,0.25,39.07,75.22,57.0,38.71,54.61,38.55,53.27,107,49.827999999999996
0.4,0.05,0.15,39.07,75.22,57.0,38.71,54.61,37.35,52.38,105,49.827999999999996
0.55,0.05,0.2,39.07,75.22,57.0,39.11,54.61,38.55,53.27,107,49.827999999999996
0.75,0.05,0.3,39.07,75.22,57.0,39.11,54.61,38.55,53.27,107,49.827999999999996
0.65,0.05,0.25,39.07,75.22,57.0,39.11,54.61,38.55,53.27,107,49.827999999999996
0.5,0.05,0.2,39.07,75.22,57.0,38.71,54.61,37.95,52.83,106,49.827999999999996
0.7,0.05,0.3,39.07,75.22,57.0,38.71,54.61,38.55,53.27,107,49.827999999999996
0.65,0.05,0.3,39.07,75.22,57.0,38.71,54.61,37.95,52.83,106,49.827999999999996
0.8,0.1,0.3,39.07,75.22,57.0,38.71,54.61,37.35,52.38,105,49.827999999999996
0.35,0.3,-0.3,24.49,4.08,66.67,23.39,80.0,21.08,75.0,8,49.798
0.3,0.25,-0.25,24.49,4.08,66.67,23.79,81.82,21.08,77.78,9,49.798
0.4,0.05,0.1,38.78,73.76,57.14,38.71,54.3,36.75,51.92,104,49.796
0.8,0.1,0.2,38.78,73.76,57.14,38.71,54.3,36.75,51.92,104,49.796
0.45,0.55,-0.2,30.9,35.86,62.37,34.68,55.42,28.31,50.79,63,49.782
0.65,0.95,-0.3,30.9,35.86,62.37,35.48,57.95,28.92,49.23,65,49.782
0.7,0.75,-0.3,30.9,35.86,62.37,34.27,55.56,26.51,46.77,62,49.782
0.6,0.9,-0.25,31.78,39.07,61.76,35.08,55.43,30.12,50.72,69,49.768
0.35,0.05,0.1,38.78,74.64,57.07,39.11,54.61,36.75,51.92,104,49.754
0.9,0.15,0.25,38.78,74.64,57.07,39.11,54.67,36.75,51.92,104,49.754
0.75,0.1,0.3,38.78,74.64,57.07,38.71,55.33,37.35,52.38,105,49.754
0.45,0.8,-0.25,29.45,30.9,63.29,34.27,56.25,28.92,50.0,62,49.754
0.6,0.1,0.15,38.78,74.64,57.07,39.11,54.67,36.75,51.92,104,49.754
0.6,0.1,0.25,38.78,74.64,57.07,37.9,55.03,37.95,53.33,105,49.754
0.7,0.05,0.2,38.78,74.64,57.07,39.11,54.25,36.75,51.43,105,49.754
0.7,0.1,0.2,38.78,74.64,57.07,39.11,54.61,36.75,51.92,104,49.754
0.95,0.15,0.25,38.78,74.64,57.07,39.52,54.61,36.75,51.92,104,49.754
0.55,0.95,-0.3,29.45,30.9,63.29,34.68,56.79,28.92,49.21,63,49.754
0.55,0.8,-0.25,31.2,36.44,62.11,35.48,57.95,28.92,49.23,65,49.745999999999995
0.5,0.0,0.2,39.07,76.97,56.86,39.52,54.19,37.35,51.89,106,49.744
0.25,0.0,0.1,39.07,76.97,56.86,39.52,54.19,37.35,51.89,106,49.744
0.6,0.0,0.25,39.07,76.97,56.86,39.11,53.9,37.35,51.89,106,49.744
0.75,0.0,0.3,39.07,76.97,56.86,39.52,54.19,37.35,51.89,106,49.744
0.35,0.4,-0.25,26.82,15.16,65.0,28.23,57.89,22.89,44.12,34,49.728
0.7,0.05,-0.0,38.48,76.38,57.21,40.32,55.7,35.54,49.51,103,49.718
0.9,0.0,0.15,38.48,76.38,57.21,38.31,53.9,36.14,50.48,105,49.718
1.0,0.0,0.15,38.48,76.38,57.21,37.9,53.59,36.14,50.96,104,49.718
0.75,0.05,-0.0,38.48,76.38,57.21,40.73,56.0,35.54,49.51,103,49.718
0.6,0.0,0.1,38.48,76.38,57.21,38.31,53.9,36.14,50.48,105,49.718
0.55,0.0,0.1,38.48,76.38,57.21,38.31,53.9,36.14,50.48,105,49.718
0.85,0.0,0.15,38.48,76.38,57.21,38.31,53.9,35.54,50.0,104,49.718
0.65,0.05,-0.0,38.48,76.38,57.21,39.92,55.41,35.54,50.5,101,49.718
0.8,0.05,-0.0,38.48,76.38,57.21,40.73,56.0,35.54,49.51,103,49.718
1.0,0.05,-0.0,38.48,76.38,57.21,40.32,56.0,35.54,51.0,100,49.718
0.3,0.0,0.05,38.48,76.38,57.21,38.31,53.9,36.14,50.48,105,49.718
0.9,0.05,-0.0,38.48,76.38,57.21,40.73,56.0,35.54,50.0,102,49.718
0.65,0.0,0.1,38.48,76.38,57.21,38.31,53.9,36.14,50.96,104,49.718
0.85,0.05,-0.0,38.48,76.38,57.21,40.73,56.0,35.54,50.0,102,49.718
0.95,0.05,-0.0,38.48,76.38,57.21,40.32,56.0,35.54,50.5,101,49.718
0.95,0.0,0.15,38.48,76.38,57.21,38.31,53.9,36.14,50.96,104,49.718
0.8,0.0,0.15,38.48,76.38,57.21,37.5,53.29,36.14,50.48,105,49.718
0.8,0.1,-0.05,37.32,72.01,57.98,38.71,54.35,33.73,52.17,92,49.715999999999994
0.45,0.65,-0.2,31.49,37.03,61.86,35.48,57.3,28.92,49.23,65,49.712
0.3,0.05,0.1,38.48,74.05,57.14,38.31,55.03,37.35,52.38,105,49.676
0.55,0.1,0.15,38.48,74.05,57.14,38.71,54.67,37.35,52.38,105,49.676
0.55,0.1,0.2,38.48,74.05,57.14,38.31,55.03,37.35,52.88,104,49.676
0.85,0.15,0.3,38.48,74.05,57.14,38.31,55.03,37.35,52.88,104,49.676
0.9,0.15,0.3,38.48,74.05,57.14,38.31,55.03,37.35,52.38,105,49.676
0.8,0.15,0.3,38.48,74.05,57.14,38.31,55.03,37.35,53.4,103,49.676
0.8,0.15,0.25,38.48,74.05,57.14,38.71,55.03,37.35,52.88,104,49.676
0.6,0.1,0.2,38.48,74.05,57.14,38.31,55.03,37.35,52.38,105,49.676
0.8,0.0,0.3,38.78,76.38,56.93,39.52,54.19,37.35,51.89,106,49.67
0.85,0.0,0.3,38.78,76.38,56.93,39.11,54.19,37.35,51.89,106,49.67
0.7,0.0,0.25,38.78,76.38,56.93,39.52,54.19,37.35,51.89,106,49.67
0.55,0.0,0.2,38.78,76.38,56.93,39.52,54.19,37.35,51.89,106,49.67
0.4,0.0,0.15,38.78,76.38,56.93,39.52,54.19,37.35,51.89,106,49.67
0.5,0.05,0.25,39.07,75.51,56.72,38.31,55.33,38.55,53.77,106,49.66
0.6,0.05,0.3,39.07,75.51,56.72,38.31,55.33,37.95,53.33,105,49.66
0.9,0.3,0.25,38.19,72.59,57.29,37.5,54.48,37.95,53.92,102,49.64999999999999
0.25,0.35,-0.1,31.78,39.94,61.54,35.48,56.67,30.12,51.47,68,49.636
0.5,0.7,-0.2,31.78,39.94,61.54,35.48,56.67,30.12,51.47,68,49.636
0.85,0.05,0.25,38.48,74.93,57.07,39.52,54.55,36.75,51.43,105,49.634
1.0,0.05,-0.05,37.9,74.34,57.44,41.53,56.46,35.54,50.52,97,49.623999999999995
0.95,0.05,-0.05,37.9,74.34,57.44,41.53,56.46,35.54,51.04,96,49.623999999999995
0.95,0.1,0.25,38.78,74.05,56.85,38.71,54.3,36.75,51.92,104,49.622
0.9,0.1,0.25,38.78,74.05,56.85,39.11,54.61,36.75,51.92,104,49.622
0.55,0.05,0.15,38.78,74.05,56.85,38.71,54.3,36.75,51.43,105,49.622
0.3,0.55,-0.15,31.49,35.57,61.7,35.48,57.3,29.52,50.0,68,49.616
0.15,0.0,0.05,38.48,75.8,57.0,39.11,54.19,37.35,51.89,106,49.592
0.95,0.0,0.3,38.48,75.8,57.0,38.71,53.9,36.75,51.43,105,49.592
0.45,0.0,0.15,38.48,75.8,57.0,39.11,54.19,37.35,51.89,106,49.592
0.9,0.0,0.3,38.48,75.8,57.0,39.11,54.19,37.35,51.89,106,49.592
0.65,0.0,0.2,38.48,75.8,57.0,38.71,53.9,36.75,51.43,105,49.592
0.6,0.0,0.2,38.48,75.8,57.0,39.11,54.19,37.35,51.89,106,49.592
0.75,0.0,0.25,38.48,75.8,57.0,39.11,54.19,37.35,51.89,106,49.592
0.3,0.0,0.1,38.48,75.8,57.0,39.11,54.19,37.35,51.89,106,49.592
0.8,0.0,0.25,38.48,75.8,57.0,38.71,53.9,36.75,51.43,105,49.592
0.45,0.05,0.2,38.78,74.93,56.78,38.71,55.33,37.95,52.83,106,49.58
0.55,0.05,0.25,38.78,74.93,56.78,38.71,54.61,37.95,52.83,106,49.58
0.7,0.1,-0.05,37.32,71.43,57.75,38.71,53.68,34.34,54.55,88,49.578
0.4,0.7,-0.2,30.61,34.69,62.22,35.08,56.82,28.92,50.0,66,49.576
0.2,0.35,-0.1,30.61,34.69,62.22,35.08,56.82,28.92,50.0,66,49.576
0.65,0.85,-0.3,30.61,34.69,62.22,35.08,55.95,28.92,50.0,64,49.576
0.6,0.8,-0.25,31.49,37.9,61.62,35.48,56.67,28.31,49.23,65,49.568
0.75,0.85,-0.3,31.49,37.9,61.62,35.48,55.56,28.31,49.23,65,49.568
0.25,0.4,-0.3,23.91,1.75,66.67,22.98,85.71,21.08,66.67,9,49.566
0.3,0.4,-0.3,23.91,3.21,66.67,24.19,90.91,21.08,53.85,13,49.566
0.15,0.2,-0.15,23.91,3.21,66.67,24.19,90.91,21.08,53.85,13,49.566
0.2,0.25,-0.2,23.91,3.21,66.67,23.79,90.0,21.08,63.64,11,49.566
0.25,0.3,-0.25,23.91,3.21,66.67,23.39,80.0,21.69,77.78,9,49.566
0.3,0.35,-0.3,23.91,3.21,66.67,23.39,80.0,21.69,77.78,9,49.566
0.9,0.4,0.1,37.61,70.55,57.53,36.69,54.29,37.35,52.58,97,49.562
0.8,0.35,0.1,37.61,70.55,57.53,36.69,54.29,37.35,52.58,97,49.562
0.45,0.2,0.05,37.61,70.55,57.53,36.69,54.29,37.35,52.58,97,49.562
1.0,0.1,0.15,38.19,74.34,57.14,38.71,53.59,35.54,50.98,102,49.56
0.8,0.0,0.2,38.48,76.68,56.93,38.71,53.55,37.35,51.89,106,49.55
0.7,0.0,0.1,38.48,76.68,56.93,37.5,53.29,35.54,50.49,103,49.55
0.35,0.0,0.05,38.48,76.68,56.93,37.5,53.29,35.54,50.49,103,49.55
0.95,0.0,0.2,38.48,76.68,56.93,38.31,53.9,36.75,50.94,106,49.55
0.7,0.0,0.15,38.48,76.68,56.93,38.31,53.55,36.75,51.43,105,49.55
1.0,0.0,0.25,38.48,76.68,56.93,38.71,53.55,37.35,51.89,106,49.55
0.6,0.0,0.05,38.48,76.68,56.93,39.11,54.97,35.54,50.0,104,49.55
0.65,0.0,0.05,38.48,76.68,56.93,39.11,54.97,34.94,49.51,103,49.55
0.6,0.0,0.15,38.48,76.68,56.93,38.71,53.55,37.35,51.89,106,49.55
0.2,0.0,0.05,38.48,76.68,56.93,38.71,53.55,37.35,51.89,106,49.55
0.85,0.0,0.2,38.48,76.68,56.93,38.31,53.55,37.35,51.89,106,49.55
0.4,0.0,0.1,38.48,76.68,56.93,38.71,53.55,37.35,51.89,106,49.55
0.65,0.0,0.15,38.48,76.68,56.93,38.31,53.55,37.35,51.89,106,49.55
0.7,0.1,0.15,38.48,73.47,56.92,39.11,54.3,36.14,51.96,102,49.544
0.95,0.15,0.2,38.48,73.47,56.92,39.11,54.3,36.14,51.96,102,49.544
0.7,0.15,-0.05,37.32,69.1,57.69,37.9,54.14,32.53,51.11,90,49.542
0.5,0.45,-0.3,27.41,22.16,64.29,29.03,56.52,25.3,50.0,40,49.538000000000004
0.85,0.1,-0.05,37.32,72.3,57.67,38.71,54.35,33.73,52.17,92,49.53
0.95,0.05,0.2,38.19,75.22,57.07,38.31,53.25,36.14,50.96,104,49.518
0.7,0.1,0.3,38.48,74.34,56.85,38.31,55.03,37.95,53.33,105,49.501999999999995
0.85,0.15,0.2,38.48,74.34,56.85,38.71,54.36,36.75,51.92,104,49.501999999999995
1.0,0.15,0.25,38.48,74.34,56.85,39.11,54.3,36.75,51.92,104,49.501999999999995
0.35,0.05,0.15,38.48,74.34,56.85,38.31,55.03,37.95,53.33,105,49.501999999999995
0.75,0.1,0.2,38.48,74.34,56.85,39.11,54.61,36.75,51.92,104,49.501999999999995
0.75,0.15,0.3,38.48,74.34,56.85,37.5,55.1,37.95,53.85,104,49.501999999999995
0.65,0.0,0.25,38.78,76.68,56.65,39.52,54.19,37.35,51.89,106,49.501999999999995
0.5,0.1,0.2,38.48,74.34,56.85,37.5,55.1,37.95,53.85,104,49.501999999999995
0.25,0.05,0.1,38.48,74.34,56.85,37.5,55.1,37.95,53.85,104,49.501999999999995
0.65,0.1,0.25,38.48,74.34,56.85,38.31,55.03,37.35,52.88,104,49.501999999999995
0.45,0.6,-0.2,31.2,35.86,61.7,35.48,57.95,28.31,50.0,64,49.5
0.2,0.1,-0.25,25.66,9.62,65.38,24.19,46.43,26.51,51.61,31,49.492
0.55,0.05,0.3,39.07,75.8,56.44,38.31,55.33,38.55,53.77,106,49.492
1.0,0.05,0.05,38.19,76.09,57.0,39.52,54.67,36.14,50.98,102,49.476
0.95,0.05,0.05,38.19,76.09,57.0,39.11,54.36,36.14,50.98,102,49.476
0.55,0.2,0.15,38.19,72.89,56.99,37.1,54.55,37.95,54.0,100,49.47
0.7,0.25,0.2,38.19,72.89,56.99,37.1,54.55,38.55,53.92,102,49.47
0.85,0.3,0.25,38.19,72.89,56.99,37.1,54.55,38.55,53.4,103,49.47
0.9,0.35,0.25,38.19,72.89,56.99,37.1,54.55,36.75,53.06,98,49.47
1.0,0.35,0.3,38.19,72.89,56.99,37.1,54.55,38.55,53.4,103,49.47
0.7,1.0,-0.3,31.2,38.19,61.62,35.48,56.67,28.92,50.0,66,49.452
0.35,0.5,-0.15,31.2,38.19,61.62,35.48,56.67,28.92,50.0,66,49.452
0.15,0.15,-0.2,23.62,2.04,66.67,22.18,37.5,18.07,20.0,5,49.45
0.65,0.1,-0.05,37.32,70.85,57.53,38.71,53.68,33.73,54.02,87,49.446
0.35,0.8,-0.2,31.78,37.03,61.22,33.87,54.65,31.33,51.43,70,49.444
0.75,0.0,0.05,38.19,76.97,56.93,39.52,55.26,34.94,49.51,103,49.434
0.7,0.0,0.05,38.19,76.97,56.93,39.52,55.26,34.94,49.51,103,49.434
0.8,0.0,0.05,38.19,76.97,56.93,39.92,55.26,34.94,50.0,102,49.434
0.9,0.0,0.2,38.19,76.97,56.93,38.31,53.55,37.35,51.89,106,49.434
0.45,0.0,0.1,38.19,76.97,56.93,38.31,53.55,37.35,51.89,106,49.434
0.5,0.65,-0.2,31.49,38.78,61.39,35.48,56.67,28.92,49.25,67,49.42999999999999
0.4,0.1,0.15,38.19,73.76,56.92,37.9,55.1,37.95,53.85,104,49.428
0.5,0.1,0.15,38.19,73.76,56.92,38.71,55.03,37.35,53.4,103,49.428
0.7,0.15,0.2,38.19,73.76,56.92,38.71,55.03,37.35,53.4,103,49.428
0.45,0.1,0.1,38.19,73.76,56.92,38.71,54.73,35.54,52.0,100,49.428
1.0,0.2,0.25,38.19,73.76,56.92,38.71,55.03,36.75,51.92,104,49.428
0.8,0.2,0.3,38.19,73.76,56.92,37.9,55.1,37.95,53.85,104,49.428
0.8,0.15,0.2,38.19,73.76,56.92,39.11,54.67,36.75,51.92,104,49.428
1.0,0.2,0.3,38.19,73.76,56.92,38.71,55.03,37.35,53.4,103,49.428
0.95,0.2,0.3,38.19,73.76,56.92,38.71,55.03,37.35,53.4,103,49.428
0.75,0.15,0.25,38.19,73.76,56.92,38.71,55.03,37.35,53.4,103,49.428
0.9,0.2,0.2,38.19,73.76,56.92,38.71,54.73,35.54,52.0,100,49.428
0.6,0.95,-0.3,30.03,32.94,62.35,35.48,57.65,28.92,50.0,64,49.422
0.5,0.8,-0.25,30.03,32.94,62.35,35.48,57.65,28.92,49.23,65,49.422
0.55,1.0,-0.25,31.78,39.36,61.17,34.68,57.14,31.93,52.05,73,49.414
0.65,0.1,0.3,38.78,75.22,56.5,37.5,54.73,38.55,53.77,106,49.412
0.35,0.0,0.3,39.36,76.68,56.1,39.11,54.49,38.55,53.77,106,49.403999999999996
0.3,0.0,0.25,39.36,76.68,56.1,38.71,54.19,38.55,53.77,106,49.403999999999996
0.45,0.9,-0.25,31.2,34.4,61.54,33.87,56.1,30.12,50.75,67,49.403999999999996
0.25,0.0,0.2,39.36,76.68,56.1,38.71,54.19,38.55,53.77,106,49.403999999999996
0.25,0.0,0.15,39.36,76.68,56.1,38.71,54.55,37.95,52.34,107,49.403999999999996
0.5,0.0,0.3,39.36,76.68,56.1,38.71,54.55,37.95,52.34,107,49.403999999999996
0.3,0.65,-0.15,32.07,39.94,60.95,34.27,56.18,32.53,51.95,77,49.398
0.75,0.0,-0.05,37.32,74.93,57.44,41.53,56.0,34.94,50.53,95,49.391999999999996
0.4,0.35,-0.25,28.28,19.24,63.46,28.63,58.54,25.3,55.88,34,49.388000000000005
0.9,0.05,0.25,38.19,74.64,56.85,38.71,53.59,36.14,50.96,104,49.385999999999996
0.4,0.0,0.05,38.48,76.97,56.65,38.31,53.59,35.54,50.98,102,49.38199999999999
0.75,0.0,0.1,38.48,76.97,56.65,37.9,53.59,35.54,50.49,103,49.38199999999999
0.85,0.0,0.1,38.48,76.97,56.65,38.71,54.25,35.54,50.49,103,49.38199999999999
0.55,0.0,0.05,38.48,76.97,56.65,39.11,54.97,35.54,50.0,104,49.38199999999999
0.8,0.0,0.1,38.48,76.97,56.65,38.31,53.59,35.54,50.98,102,49.38199999999999
0.6,0.1,-0.05,37.03,70.26,57.61,38.31,53.33,33.13,52.87,87,49.378
0.95,0.1,-0.1,37.03,70.26,57.61,39.52,54.35,33.73,52.27,88,49.378
0.5,0.8,-0.2,31.78,41.69,61.11,35.89,56.38,30.12,51.43,70,49.378
0.25,0.4,-0.1,31.78,41.69,61.11,35.89,56.38,30.12,51.43,70,49.378
0.7,0.3,0.1,37.61,70.85,57.22,36.69,54.61,37.35,52.58,97,49.376000000000005
1.0,0.45,0.15,37.61,70.85,57.22,37.1,54.55,37.35,52.58,97,49.376000000000005
0.9,0.4,0.15,37.61,70.85,57.22,37.1,54.55,37.35,52.58,97,49.376000000000005
0.35,0.15,0.05,37.61,70.85,57.22,36.69,54.61,37.35,52.58,97,49.376000000000005
0.9,0.2,-0.05,37.61,70.85,57.22,37.5,53.73,32.53,51.11,90,49.376000000000005
0.2,0.2,-0.15,25.36,9.91,65.38,25.81,57.69,21.08,52.63,19,49.37199999999999
0.4,0.4,-0.3,25.36,9.91,65.38,25.81,57.69,21.08,52.63,19,49.37199999999999
0.85,0.1,0.2,38.48,73.76,56.63,38.71,54.3,36.75,51.92,104,49.370000000000005
0.9,0.25,0.3,37.9,73.18,56.99,37.5,54.86,37.95,53.85,104,49.354
0.75,0.2,0.25,37.9,73.18,56.99,37.9,54.79,37.95,53.85,104,49.354
0.65,0.2,0.2,37.9,73.18,56.99,37.5,54.86,38.55,53.85,104,49.354
0.95,0.3,0.3,37.9,73.18,56.99,37.5,54.11,38.55,53.85,104,49.354
0.8,0.25,0.25,37.9,73.18,56.99,37.5,54.11,38.55,53.85,104,49.354
0.95,0.1,-0.05,37.32,72.59,57.37,40.32,55.63,33.73,51.61,93,49.349999999999994
0.9,0.1,-0.05,37.32,72.59,57.37,39.92,55.32,33.73,52.17,92,49.349999999999994
0.7,0.0,0.2,38.19,75.51,56.78,38.31,53.59,36.75,51.43,105,49.343999999999994
0.35,0.0,0.1,38.19,75.51,56.78,38.31,53.59,36.75,51.43,105,49.343999999999994
0.25,0.3,-0.3,23.32,0.87,66.67,21.37,66.67,18.07,33.33,3,49.330000000000005
0.85,0.1,-0.0,37.61,74.93,57.14,39.11,55.17,35.54,51.0,100,49.328
0.6,0.85,-0.25,31.2,39.07,61.39,35.48,56.67,30.12,51.47,68,49.31399999999999
0.75,0.0,0.15,38.19,76.38,56.72,38.31,53.9,36.75,50.94,106,49.30799999999999
0.75,0.0,0.2,38.19,76.38,56.72,38.71,53.55,37.35,51.89,106,49.30799999999999
0.5,0.0,0.1,38.19,76.38,56.72,38.31,53.9,36.75,50.94,106,49.30799999999999
0.25,0.0,0.05,38.19,76.38,56.72,38.31,53.9,36.75,50.94,106,49.30799999999999
0.95,0.45,0.1,37.32,70.26,57.3,36.29,53.57,37.35,53.12,96,49.30799999999999
0.85,0.4,0.1,37.32,70.26,57.3,36.69,53.9,37.35,52.58,97,49.30799999999999
1.0,0.0,0.2,38.19,76.38,56.72,38.31,53.9,36.75,50.94,106,49.30799999999999
0.75,0.35,0.1,37.32,70.26,57.3,36.69,53.9,37.35,52.58,97,49.30799999999999
0.85,0.05,-0.05,37.32,73.47,57.29,41.53,56.46,34.94,50.53,95,49.30199999999999
0.85,0.15,0.15,38.19,73.18,56.7,38.71,54.0,35.54,51.49,101,49.29600000000001
1.0,0.15,0.2,38.19,73.18,56.7,39.11,54.3,35.54,51.49,101,49.29600000000001
0.8,0.05,0.1,37.61,75.8,57.07,38.31,53.29,35.54,50.98,102,49.286
1.0,0.05,0.15,37.61,75.8,57.07,38.31,53.59,36.14,51.46,103,49.286
0.9,0.1,0.1,37.9,74.93,56.85,37.9,53.33,36.14,51.46,103,49.269999999999996
0.45,0.05,0.05,37.9,74.93,56.85,37.9,53.33,36.14,51.46,103,49.269999999999996
0.9,0.05,0.2,37.9,74.93,56.85,38.31,53.25,36.14,50.96,104,49.269999999999996
0.85,0.1,0.1,37.9,74.93,56.85,38.31,53.64,35.54,50.98,102,49.269999999999996
0.75,0.05,0.15,37.9,74.93,56.85,38.31,53.59,36.14,50.96,104,49.269999999999996
0.85,0.0,0.05,38.19,77.26,56.65,39.92,55.26,34.94,50.0,102,49.26599999999999
0.95,0.4,0.2,37.9,71.72,56.84,37.1,54.93,37.95,53.06,98,49.263999999999996
1.0,0.1,0.25,38.19,74.05,56.63,38.71,54.3,36.75,51.43,105,49.254000000000005
0.65,0.15,0.25,38.19,74.05,56.63,37.9,55.1,37.95,53.85,104,49.254000000000005
0.65,0.1,0.15,38.19,74.05,56.63,39.11,54.3,36.75,51.92,104,49.254000000000005
0.9,0.15,0.2,38.19,74.05,56.63,39.11,54.3,36.14,51.96,102,49.254000000000005
0.65,0.8,-0.3,30.03,33.82,62.07,34.68,56.1,28.31,50.79,63,49.254
0.55,0.1,0.25,38.78,75.51,56.22,37.5,55.1,37.95,53.85,104,49.244
0.6,0.1,0.3,38.78,75.51,56.22,37.5,55.1,38.55,54.29,105,49.244
0.3,0.05,0.15,38.78,75.51,56.22,37.5,55.1,38.55,54.29,105,49.244
0.4,0.05,0.2,38.78,75.51,56.22,38.31,55.33,38.55,53.77,106,49.244
0.45,0.05,0.25,38.78,75.51,56.22,38.31,55.33,38.55,53.77,106,49.244
0.4,0.0,0.3,39.36,76.97,55.83,39.52,54.78,38.55,53.77,106,49.242
0.4,0.0,0.25,39.36,76.97,55.83,39.11,54.49,38.55,52.78,108,49.242
0.3,0.0,0.2,39.36,76.97,55.83,39.52,54.78,38.55,53.77,106,49.242
0.15,0.0,0.1,39.36,76.97,55.83,39.52,54.78,38.55,53.77,106,49.242
0.2,0.0,0.15,39.36,76.97,55.83,39.52,54.78,38.55,53.77,106,49.242
0.45,0.0,0.3,39.36,76.97,55.83,39.52,54.78,38.55,53.77,106,49.242
0.85,0.1,-0.1,37.03,69.68,57.38,38.71,54.48,33.13,53.57,84,49.239999999999995
1.0,0.1,-0.05,37.03,72.89,57.37,40.73,55.94,33.73,51.61,93,49.233999999999995
0.75,0.05,0.05,37.9,75.8,56.78,38.71,54.36,36.14,50.49,103,49.227999999999994
1.0,0.05,0.1,37.9,75.8,56.78,38.31,54.05,35.54,50.49,103,49.227999999999994
0.95,0.05,0.1,37.9,75.8,56.78,38.31,53.64,36.14,50.96,104,49.227999999999994
1.0,0.05,0.2,37.9,75.8,56.78,38.31,53.25,36.75,51.43,105,49.227999999999994
0.8,0.05,0.05,37.9,75.8,56.78,38.71,54.36,36.14,50.98,102,49.227999999999994
0.9,0.05,0.05,37.9,75.8,56.78,39.11,54.36,36.14,50.49,103,49.227999999999994
0.45,0.95,-0.25,31.49,35.86,61.05,33.87,55.29,30.72,50.72,69,49.226
0.95,0.35,0.25,37.9,72.59,56.77,37.1,54.55,37.95,54.0,100,49.221999999999994
0.4,0.15,0.1,37.9,72.59,56.77,37.1,54.93,37.35,53.54,99,49.221999999999994
0.8,0.3,0.2,37.9,72.59,56.77,37.1,54.93,37.35,53.54,99,49.221999999999994
0.9,0.0,0.1,38.48,77.26,56.37,38.71,54.61,35.54,50.0,104,49.214
1.0,0.0,0.1,38.48,77.26,56.37,38.71,54.97,35.54,50.0,104,49.214
0.5,0.0,0.05,38.48,77.26,56.37,38.71,54.97,35.54,50.0,104,49.214
0.95,0.0,0.1,38.48,77.26,56.37,38.71,54.61,35.54,50.49,103,49.214
0.45,0.0,0.05,38.48,77.26,56.37,38.71,54.61,35.54,50.0,104,49.214
0.85,0.0,-0.05,37.32,75.22,57.14,41.53,56.0,34.94,49.48,97,49.212
0.8,0.1,-0.0,37.32,75.22,57.14,39.11,55.17,35.54,51.0,100,49.212
0.5,0.55,-0.2,31.2,37.61,61.22,35.48,56.18,27.11,47.62,63,49.212
0.6,0.75,-0.25,31.2,37.61,61.22,34.68,56.32,28.31,49.23,65,49.212
0.8,0.0,-0.05,37.32,75.22,57.14,41.53,56.0,34.94,50.0,96,49.212
0.4,0.05,-0.0,37.32,75.22,57.14,39.11,55.17,35.54,51.0,100,49.212
0.45,0.7,-0.2,31.49,38.19,61.0,35.48,56.04,30.72,50.72,69,49.196
0.8,0.35,0.15,37.61,71.14,56.91,37.1,54.55,37.95,53.06,98,49.19
0.4,0.95,-0.2,33.24,41.69,59.82,33.87,56.67,33.73,52.5,80,49.187999999999995
0.55,0.1,0.1,37.9,73.47,56.7,38.71,54.0,35.54,51.49,101,49.18000000000001
0.85,0.25,0.3,37.9,73.47,56.7,37.5,54.11,38.55,53.85,104,49.18000000000001
1.0,0.25,0.3,37.9,73.47,56.7,38.31,55.1,37.35,53.4,103,49.18000000000001
0.65,0.15,0.15,37.9,73.47,56.7,38.71,55.03,36.14,53.0,100,49.18000000000001
0.7,0.15,0.25,37.9,73.47,56.7,37.9,54.73,37.95,53.85,104,49.18000000000001
0.85,0.2,0.2,37.9,73.47,56.7,39.11,55.03,36.14,53.0,100,49.18000000000001
0.6,0.15,0.2,37.9,73.47,56.7,37.9,55.1,37.95,53.85,104,49.18000000000001
0.85,0.2,0.25,37.9,73.47,56.7,38.31,54.73,37.35,53.4,103,49.18000000000001
0.85,0.2,0.3,37.9,73.47,56.7,37.9,55.1,37.95,53.85,104,49.18000000000001
0.9,0.2,0.25,37.9,73.47,56.7,38.71,55.03,37.35,53.4,103,49.18000000000001
0.45,0.1,0.15,37.9,73.47,56.7,38.31,54.73,37.35,53.4,103,49.18000000000001
0.8,0.2,0.25,37.9,73.47,56.7,37.9,55.1,37.95,53.85,104,49.18000000000001
0.95,0.2,0.2,37.9,73.47,56.7,38.71,54.36,36.14,51.96,102,49.18000000000001
0.75,0.15,0.2,37.9,73.47,56.7,38.71,55.03,36.75,51.92,104,49.18000000000001
0.9,0.2,0.3,37.9,73.47,56.7,38.31,54.73,37.35,53.4,103,49.18000000000001
0.7,0.15,0.15,37.9,73.47,56.7,38.71,54.73,36.14,51.96,102,49.18000000000001
0.65,0.15,0.2,37.9,73.47,56.7,38.31,54.73,37.35,53.4,103,49.18000000000001
0.95,0.2,0.25,37.9,73.47,56.7,38.71,55.03,36.75,52.94,102,49.18000000000001
0.9,0.0,0.25,38.19,75.8,56.5,38.31,53.25,36.75,51.43,105,49.176
0.3,0.7,-0.15,32.94,41.11,60.0,34.27,57.14,33.73,53.16,79,49.176
0.45,1.0,-0.2,32.94,43.44,60.0,34.68,56.99,34.34,53.75,80,49.176
0.65,0.9,-0.3,30.61,34.99,61.54,35.89,57.95,28.92,50.0,64,49.168
0.55,0.75,-0.25,30.61,34.99,61.54,35.48,57.95,28.92,50.0,64,49.168
0.5,0.75,-0.2,31.49,40.52,60.95,35.48,55.91,30.72,51.43,70,49.166
0.9,0.05,0.15,37.61,75.22,56.85,38.31,53.25,36.14,51.46,103,49.153999999999996
0.9,0.1,-0.0,37.61,75.22,56.85,39.52,55.1,35.54,50.5,101,49.153999999999996
0.45,0.05,-0.0,37.61,75.22,56.85,39.52,55.1,35.54,50.5,101,49.153999999999996
0.65,0.05,0.1,37.61,75.22,56.85,38.71,53.59,36.14,51.46,103,49.153999999999996
0.9,0.0,0.05,37.9,77.55,56.65,39.92,55.26,34.94,50.0,102,49.14999999999999
0.95,0.0,0.05,37.9,77.55,56.65,39.92,56.0,35.54,50.49,103,49.14999999999999
1.0,0.0,0.05,37.9,77.55,56.65,39.92,56.0,35.54,50.49,103,49.14999999999999
0.45,0.15,0.1,37.61,72.01,56.84,37.1,54.55,37.35,53.47,101,49.147999999999996
1.0,0.35,0.2,37.61,72.01,56.84,37.1,54.55,37.35,54.0,100,49.147999999999996
0.7,0.25,0.15,37.61,72.01,56.84,37.1,54.55,36.75,53.54,99,49.147999999999996
0.75,0.25,0.2,37.61,72.01,56.84,37.5,54.86,37.35,53.47,101,49.147999999999996
0.55,0.2,0.1,37.61,72.01,56.84,37.1,54.55,37.35,53.54,99,49.147999999999996
1.0,0.35,0.25,37.61,72.01,56.84,37.1,54.55,37.35,53.47,101,49.147999999999996
0.85,0.3,0.2,37.61,72.01,56.84,37.1,54.55,37.35,54.0,100,49.147999999999996
0.9,0.3,0.2,37.61,72.01,56.84,37.1,54.55,37.35,53.47,101,49.147999999999996
0.6,0.2,0.15,37.61,72.01,56.84,37.1,54.55,37.35,53.47,101,49.147999999999996
0.85,0.3,0.15,37.61,72.01,56.84,37.1,54.23,36.75,53.06,98,49.147999999999996
0.95,0.35,0.2,37.61,72.01,56.84,37.1,54.93,36.75,53.54,99,49.147999999999996
0.95,0.15,-0.05,37.03,71.43,57.22,37.5,53.68,34.34,52.13,94,49.144000000000005
1.0,0.15,-0.05,37.03,71.43,57.22,37.9,54.01,34.34,52.13,94,49.144000000000005
0.95,0.0,0.25,38.19,76.68,56.44,38.71,53.55,37.35,51.89,106,49.14
1.0,0.1,0.2,37.9,74.34,56.63,39.11,54.3,35.54,50.98,102,49.138000000000005
0.6,0.05,0.15,37.9,74.34,56.63,38.71,54.3,36.14,50.96,104,49.138000000000005
0.65,0.05,0.15,37.9,74.34,56.63,38.71,53.95,36.14,50.96,104,49.138000000000005
0.95,0.1,0.2,37.9,74.34,56.63,38.71,54.0,36.14,50.96,104,49.138000000000005
0.5,0.05,0.1,37.9,74.34,56.63,39.11,54.3,35.54,50.98,102,49.138000000000005
0.8,0.05,0.2,37.9,74.34,56.63,38.71,53.95,36.14,50.96,104,49.138000000000005
0.75,0.05,0.2,37.9,74.34,56.63,38.71,53.95,36.14,50.96,104,49.138000000000005
0.5,0.9,-0.25,30.9,35.57,61.29,35.48,57.3,29.52,50.75,67,49.134
0.9,0.05,-0.05,37.32,73.76,56.99,41.53,56.46,35.54,51.04,96,49.122
0.65,0.3,0.1,37.32,70.55,56.99,36.69,54.23,37.35,52.58,97,49.122
0.75,0.1,0.15,38.19,73.47,56.41,38.71,54.0,35.54,51.49,101,49.122
0.9,0.1,-0.1,36.73,69.97,57.38,39.11,54.81,33.13,52.33,86,49.12
0.45,0.05,-0.05,36.73,69.97,57.38,39.11,54.81,33.13,52.33,86,49.12
0.55,0.1,-0.05,36.73,69.97,57.38,38.31,53.73,33.13,52.87,87,49.12
0.55,0.0,-0.05,36.73,73.18,57.37,41.13,55.41,34.94,51.06,94,49.114
0.85,0.05,0.1,37.61,76.09,56.78,37.9,52.98,35.54,50.98,102,49.111999999999995
0.5,0.15,0.15,37.61,72.89,56.77,37.5,54.48,38.55,53.85,104,49.105999999999995
1.0,0.3,0.3,37.61,72.89,56.77,37.5,54.48,38.55,53.85,104,49.105999999999995
0.35,0.1,0.1,37.61,72.89,56.77,37.5,54.48,37.95,53.85,104,49.105999999999995
0.85,0.25,0.25,37.61,72.89,56.77,37.5,54.48,37.95,53.85,104,49.105999999999995
0.7,0.2,0.2,37.61,72.89,56.77,37.5,54.48,37.95,53.85,104,49.105999999999995
0.85,0.0,0.25,37.9,75.22,56.57,38.31,53.59,36.75,51.43,105,49.102000000000004
1.0,0.0,0.3,37.9,75.22,56.57,38.31,53.59,36.75,51.43,105,49.102000000000004
0.5,0.0,0.15,37.9,75.22,56.57,38.31,53.59,36.75,51.43,105,49.102000000000004
0.8,0.0,-0.1,37.03,72.3,57.14,39.11,55.56,34.34,51.69,89,49.096000000000004
0.4,0.0,-0.05,37.03,72.3,57.14,39.11,55.56,34.34,51.69,89,49.096000000000004
0.4,0.45,-0.3,25.95,11.66,64.52,27.02,57.58,22.29,44.44,27,49.092
0.55,0.65,-0.25,30.03,34.69,61.8,34.68,56.79,26.51,48.33,60,49.092
0.45,0.5,-0.2,30.03,34.69,61.8,34.27,55.56,27.11,47.54,61,49.092
0.85,0.4,0.3,37.9,72.01,56.54,37.5,54.86,37.95,53.0,100,49.084
0.75,0.3,0.2,37.9,72.01,56.54,37.1,54.55,37.35,53.06,98,49.084
0.85,0.35,0.2,37.9,72.01,56.54,37.1,54.55,37.35,53.06,98,49.084
1.0,0.4,0.25,37.9,72.01,56.54,37.1,54.55,37.35,53.06,98,49.084
0.45,0.05,0.3,38.78,75.8,55.94,38.71,55.26,38.55,53.77,106,49.076
0.4,0.05,0.25,38.78,75.8,55.94,38.31,55.33,38.55,54.29,105,49.076
1.0,0.1,-0.1,36.73,70.85,57.3,39.52,54.35,33.73,52.27,88,49.071999999999996
0.5,0.05,-0.05,36.73,70.85,57.3,39.52,54.35,33.73,52.27,88,49.071999999999996
0.3,0.75,-0.15,32.94,41.98,59.82,33.87,55.91,33.73,52.5,80,49.068
0.1,0.25,-0.05,32.94,41.98,59.82,33.87,55.91,33.73,52.5,80,49.068
0.2,0.5,-0.1,32.94,41.98,59.82,33.87,55.91,33.73,52.5,80,49.068
0.4,1.0,-0.2,32.94,41.98,59.82,33.87,55.91,33.73,52.5,80,49.068
0.65,0.0,-0.05,36.73,74.05,57.29,41.94,55.63,34.94,50.53,95,49.065999999999995
0.7,0.0,-0.05,36.73,74.05,57.29,41.53,56.0,34.94,50.53,95,49.065999999999995
0.75,0.1,0.1,37.61,73.76,56.7,39.11,53.95,35.54,50.98,102,49.06400000000001
0.4,0.05,0.05,37.61,73.76,56.7,38.71,53.95,35.54,50.98,102,49.06400000000001
0.8,0.1,0.1,37.61,73.76,56.7,38.71,53.95,35.54,50.98,102,49.06400000000001
1.0,0.15,0.1,37.61,73.76,56.7,38.31,53.69,36.14,51.49,101,49.06400000000001
0.35,0.55,-0.15,31.49,39.07,60.78,35.08,56.04,30.72,50.72,69,49.06399999999999
0.75,1.0,-0.3,31.49,39.07,60.78,35.48,56.67,29.52,50.0,68,49.06399999999999
0.55,0.0,0.15,37.9,76.09,56.5,38.71,53.55,37.35,51.89,106,49.06
0.6,0.05,-0.0,37.9,76.09,56.5,39.52,55.48,35.54,50.5,101,49.06
0.55,0.25,0.05,37.03,69.97,57.07,36.69,54.68,37.35,53.12,96,49.054
1.0,0.45,0.1,37.03,69.97,57.07,36.69,54.29,37.35,52.58,97,49.054
0.9,0.15,0.1,37.9,72.89,56.48,38.71,53.64,35.54,51.49,101,49.048
0.5,0.85,-0.2,31.78,41.98,60.55,35.48,56.38,32.53,53.25,77,49.042
0.6,0.05,0.05,37.32,75.51,56.85,37.9,54.11,36.14,51.46,103,49.038
0.75,0.05,0.1,37.32,75.51,56.85,38.31,53.29,36.14,51.46,103,49.038
0.95,0.05,0.15,37.32,75.51,56.85,37.9,53.29,36.14,51.46,103,49.038
0.5,0.05,0.05,37.32,75.51,56.85,37.9,53.69,35.54,50.98,102,49.038
1.0,0.1,0.05,37.32,75.51,56.85,37.9,54.11,36.14,50.98,102,49.038
0.95,0.1,0.1,37.32,75.51,56.85,37.9,53.69,36.14,51.46,103,49.038
1.0,0.1,0.1,37.32,75.51,56.85,37.9,53.69,35.54,50.98,102,49.038
0.7,0.05,0.1,37.32,75.51,56.85,38.31,53.64,36.14,51.46,103,49.038
0.95,0.1,0.05,37.32,75.51,56.85,37.9,54.11,36.14,50.98,102,49.038
0.65,0.15,-0.05,36.73,68.51,57.22,37.9,53.79,32.53,51.69,89,49.024
0.95,0.15,0.05,37.61,74.64,56.63,37.9,54.79,36.14,50.98,102,49.022000000000006
0.95,0.05,0.25,37.61,74.64,56.63,38.31,53.59,36.14,50.96,104,49.022000000000006
0.7,0.05,0.15,37.61,74.64,56.63,38.31,53.59,36.14,50.96,104,49.022000000000006
1.0,0.05,0.25,37.61,74.64,56.63,38.31,53.59,36.14,50.96,104,49.022000000000006
0.65,0.1,0.05,37.61,74.64,56.63,37.9,54.79,36.14,51.49,101,49.022000000000006
0.85,0.05,0.2,37.61,74.64,56.63,38.31,53.59,36.14,50.96,104,49.022000000000006
0.7,0.1,0.05,37.61,74.64,56.63,37.9,54.79,36.14,50.98,102,49.022000000000006
0.85,0.4,0.15,37.61,71.43,56.61,37.1,54.55,37.35,52.58,97,49.010000000000005
0.6,0.25,0.15,37.61,71.43,56.61,37.1,54.55,37.35,53.06,98,49.010000000000005
1.0,0.5,0.3,37.61,71.43,56.61,37.1,54.55,37.35,53.06,98,49.010000000000005
0.6,0.25,0.1,37.61,71.43,56.61,37.1,54.55,37.35,53.06,98,49.010000000000005
1.0,0.4,0.15,37.61,71.43,56.61,36.69,54.61,37.95,53.54,99,49.010000000000005
0.7,0.35,0.2,37.61,71.43,56.61,37.1,54.55,37.35,53.06,98,49.010000000000005
0.7,0.3,0.15,37.61,71.43,56.61,37.1,54.55,37.95,53.06,98,49.010000000000005
1.0,0.4,0.2,37.61,71.43,56.61,37.1,54.55,37.35,53.06,98,49.010000000000005
1.0,0.45,0.2,37.61,71.43,56.61,37.1,54.55,37.95,53.06,98,49.010000000000005
0.5,0.2,0.1,37.61,71.43,56.61,37.1,54.55,37.35,53.06,98,49.010000000000005
0.9,0.45,0.25,37.61,71.43,56.61,37.1,54.55,37.35,53.06,98,49.010000000000005
0.55,0.25,0.1,37.61,71.43,56.61,37.1,54.55,37.95,53.06,98,49.010000000000005
0.25,0.1,0.05,37.61,71.43,56.61,37.1,54.55,37.35,53.06,98,49.010000000000005
0.75,0.3,0.15,37.61,71.43,56.61,37.1,54.55,37.35,53.06,98,49.010000000000005
0.75,0.3,0.1,37.61,71.43,56.61,36.69,54.61,37.35,53.06,98,49.010000000000005
0.85,0.35,0.15,37.61,71.43,56.61,37.1,54.55,37.35,53.06,98,49.010000000000005
0.9,0.35,0.2,37.61,71.43,56.61,37.1,54.55,36.75,53.06,98,49.010000000000005
0.75,0.35,0.15,37.61,71.43,56.61,37.1,54.55,37.95,53.06,98,49.010000000000005
0.5,0.25,0.15,37.61,71.43,56.61,37.1,54.55,37.35,53.06,98,49.010000000000005
0.9,0.35,0.15,37.61,71.43,56.61,36.69,54.61,37.95,53.54,99,49.010000000000005
0.95,0.4,0.15,37.61,71.43,56.61,36.69,54.23,36.75,52.58,97,49.010000000000005
0.8,0.4,0.25,37.61,71.43,56.61,37.5,54.55,37.35,53.06,98,49.010000000000005
0.1,0.9,-0.1,35.28,52.48,58.16,36.69,54.39,36.14,53.85,91,49.007999999999996
0.05,0.45,-0.05,35.28,52.48,58.16,36.69,54.39,36.14,53.85,91,49.007999999999996
0.9,0.05,-0.1,37.03,70.85,56.99,41.13,56.03,34.94,52.75,91,49.006
0.9,0.1,0.2,37.9,73.76,56.41,38.71,54.0,36.14,50.96,104,49.006
0.7,0.2,0.25,37.9,73.76,56.41,37.5,54.11,37.95,53.85,104,49.006
0.3,0.1,0.1,37.9,73.76,56.41,37.5,54.48,38.55,53.85,104,49.006
0.85,0.15,-0.05,37.03,70.85,56.99,37.5,53.68,33.73,51.61,93,49.006
0.6,0.2,0.2,37.9,73.76,56.41,37.5,54.48,38.55,53.85,104,49.006
0.8,0.1,0.15,37.9,73.76,56.41,38.71,54.0,35.54,51.49,101,49.006
0.45,0.15,0.15,37.9,73.76,56.41,37.5,54.48,38.55,53.85,104,49.006
0.75,0.25,0.25,37.9,73.76,56.41,37.5,54.48,38.55,53.85,104,49.006
0.45,0.05,0.1,37.9,73.76,56.41,38.71,54.0,36.14,50.96,104,49.006
0.9,0.3,0.3,37.9,73.76,56.41,37.5,54.48,38.55,53.85,104,49.006
0.15,0.05,0.05,37.9,73.76,56.41,37.5,54.48,38.55,53.85,104,49.006
0.8,0.25,0.3,37.9,73.76,56.41,37.5,54.11,38.55,53.85,104,49.006
0.8,0.15,-0.05,37.03,70.85,56.99,37.9,53.68,33.73,52.17,92,49.006
0.8,0.15,0.15,37.9,73.76,56.41,38.71,54.36,36.14,51.96,102,49.006
0.55,0.15,0.2,37.9,73.76,56.41,37.5,54.11,37.95,53.85,104,49.006
0.05,0.45,-0.0,37.03,61.22,56.97,40.32,53.85,36.14,52.53,99,48.994
0.1,0.9,-0.0,37.03,61.22,56.97,40.32,53.85,36.14,52.53,99,48.994
0.35,0.0,0.25,39.07,76.68,55.61,39.52,55.13,38.55,53.77,106,48.994
0.25,0.05,0.15,38.48,75.22,56.0,38.31,55.33,38.55,54.29,105,48.992000000000004
0.5,0.1,0.3,38.48,75.22,56.0,38.31,55.33,38.55,54.29,105,48.992000000000004
0.4,0.05,0.3,38.48,75.22,56.0,38.71,55.26,38.55,53.77,106,48.992000000000004
0.25,0.1,0.1,38.19,72.89,56.19,37.5,54.86,38.55,52.43,103,48.989999999999995
0.65,1.0,-0.3,30.9,36.44,61.05,35.48,57.3,30.12,50.0,68,48.989999999999995
0.6,0.65,-0.25,30.9,36.44,61.05,35.08,57.14,27.11,47.62,63,48.989999999999995
0.6,0.7,-0.25,30.9,36.44,61.05,35.48,56.32,28.31,50.0,64,48.989999999999995
0.7,0.85,-0.3,30.9,36.44,61.05,35.48,56.32,28.31,50.0,64,48.989999999999995
0.75,0.3,0.3,38.19,72.89,56.19,37.5,54.86,38.55,52.43,103,48.989999999999995
0.75,0.3,0.25,38.19,72.89,56.19,37.9,55.17,37.95,53.0,100,48.989999999999995
0.5,0.2,0.2,38.19,72.89,56.19,37.5,54.86,38.55,52.43,103,48.989999999999995
0.65,0.05,0.05,37.61,75.51,56.57,38.31,54.42,35.54,50.98,102,48.986000000000004
0.6,0.05,0.1,37.61,75.51,56.57,38.71,53.59,35.54,50.98,102,48.986000000000004
0.55,0.05,-0.0,37.61,75.51,56.57,39.52,55.48,35.54,50.5,101,48.986000000000004
0.85,0.05,0.05,37.61,75.51,56.57,38.71,54.36,36.14,50.98,102,48.986000000000004
0.85,0.05,0.15,37.61,75.51,56.57,38.31,53.25,36.14,51.46,103,48.986000000000004
0.7,0.05,0.05,37.61,75.51,56.57,38.31,54.05,35.54,50.49,103,48.986000000000004
0.95,0.1,-0.0,37.61,75.51,56.57,39.52,55.1,35.54,50.0,102,48.986000000000004
0.5,0.05,-0.0,37.61,75.51,56.57,39.52,55.1,35.54,50.0,102,48.986000000000004
0.8,0.05,0.15,37.61,75.51,56.57,38.31,53.25,35.54,50.98,102,48.986000000000004
1.0,0.1,-0.0,37.61,75.51,56.57,39.52,55.1,35.54,50.0,102,48.986000000000004
0.9,0.05,0.1,37.61,75.51,56.57,38.31,53.64,36.14,51.46,103,48.986000000000004
1.0,0.0,-0.1,36.73,72.59,57.14,40.32,55.17,34.34,51.09,92,48.976
0.45,0.0,-0.05,36.73,72.59,57.14,40.32,55.63,34.34,50.55,91,48.976
0.5,0.0,-0.05,36.73,72.59,57.14,40.32,55.17,34.34,51.09,92,48.976
0.95,0.0,-0.1,36.73,72.59,57.14,40.32,55.56,34.34,50.55,91,48.976
0.85,0.0,-0.1,36.73,72.59,57.14,39.52,55.4,34.34,51.69,89,48.976
0.9,0.0,-0.1,36.73,72.59,57.14,40.32,55.63,34.34,50.55,91,48.976
0.7,0.9,-0.3,31.2,37.03,60.82,35.08,56.82,28.31,50.0,64,48.971999999999994
0.35,0.45,-0.15,31.2,37.03,60.82,35.08,56.82,28.31,50.0,64,48.971999999999994
0.9,0.3,0.15,37.61,72.3,56.54,37.1,54.23,36.75,53.06,98,48.968
0.6,0.2,0.1,37.61,72.3,56.54,37.1,54.23,36.75,53.06,98,48.968
0.95,0.2,0.1,37.61,72.3,56.54,38.71,54.05,36.14,51.49,101,48.968
0.3,0.1,0.05,37.61,72.3,56.54,37.1,54.23,36.75,53.06,98,48.968
1.0,0.35,0.15,37.61,72.3,56.54,37.1,54.23,36.14,52.58,97,48.968
0.95,0.3,0.2,37.61,72.3,56.54,37.9,54.48,36.75,53.0,100,48.968
0.75,0.25,0.15,37.61,72.3,56.54,37.5,54.55,36.75,53.54,99,48.968
0.75,0.1,-0.0,37.03,74.93,56.92,39.11,55.17,35.54,51.0,100,48.964
0.95,0.4,-0.1,35.57,65.89,57.89,36.29,54.92,33.73,52.33,86,48.962
1.0,0.4,-0.1,35.57,65.89,57.89,36.69,54.47,33.73,52.87,87,48.962
0.5,0.2,-0.05,35.57,65.89,57.89,36.69,54.47,33.73,52.87,87,48.962
0.1,0.85,-0.1,34.99,51.9,58.27,36.69,55.36,36.14,53.85,91,48.958000000000006
0.4,0.75,-0.15,32.65,44.61,59.83,35.48,56.12,33.13,53.16,79,48.958
0.95,0.2,-0.05,37.03,71.72,56.91,37.5,53.73,32.53,51.11,90,48.958
0.55,0.9,-0.3,28.86,30.32,62.34,34.27,57.69,28.31,48.39,62,48.94800000000001
0.65,0.75,-0.25,31.2,39.36,60.78,35.08,54.84,28.92,48.53,68,48.94799999999999
0.4,0.7,-0.15,32.36,44.02,60.0,35.48,55.67,32.53,52.56,78,48.944
0.45,0.85,-0.2,31.49,39.94,60.58,34.68,57.14,33.13,53.25,77,48.944
0.45,0.8,-0.2,31.49,39.94,60.58,35.48,57.14,31.93,52.05,73,48.944
1.0,0.5,0.15,37.32,70.85,56.68,36.29,53.9,37.35,53.12,96,48.93599999999999
0.7,0.35,0.1,37.32,70.85,56.68,36.69,53.9,36.75,52.63,95,48.93599999999999
0.9,0.25,-0.0,37.32,70.85,56.68,37.5,54.29,34.94,51.55,97,48.93599999999999
0.6,0.0,-0.05,36.73,73.47,57.07,41.94,56.0,34.94,50.53,95,48.934
0.75,0.15,-0.05,36.73,70.26,57.07,37.5,53.33,33.13,51.65,91,48.934
0.85,0.05,-0.1,36.73,70.26,57.07,41.13,56.03,34.34,52.81,89,48.934
0.95,0.25,0.2,37.61,73.18,56.48,38.31,54.42,36.14,53.0,100,48.932
1.0,0.25,0.15,37.61,73.18,56.48,38.71,54.42,35.54,52.0,100,48.932
0.95,0.25,0.3,37.61,73.18,56.48,37.9,54.79,37.95,53.85,104,48.932
0.2,0.05,0.05,37.61,73.18,56.48,38.71,54.73,36.75,53.47,101,48.932
0.8,0.2,0.2,37.61,73.18,56.48,38.71,54.73,36.75,53.47,101,48.932
0.6,0.15,0.15,37.61,73.18,56.48,38.71,54.73,36.75,53.47,101,48.932
1.0,0.25,0.25,37.61,73.18,56.48,38.71,54.73,36.75,53.47,101,48.932
1.0,0.25,0.2,37.61,73.18,56.48,38.31,54.42,36.14,53.0,100,48.932
0.6,0.15,0.1,37.61,73.18,56.48,38.71,54.42,35.54,52.0,100,48.932
0.9,0.2,0.15,37.61,73.18,56.48,39.11,54.36,36.14,51.96,102,48.932
0.75,0.2,0.15,37.61,73.18,56.48,38.31,54.42,35.54,52.53,99,48.932
0.9,0.25,0.25,37.61,73.18,56.48,37.9,54.79,37.95,53.85,104,48.932
0.95,0.25,0.25,37.61,73.18,56.48,38.31,54.42,37.35,53.4,103,48.932
0.85,0.2,0.15,37.61,73.18,56.48,39.11,54.73,36.14,52.48,101,48.932
0.4,0.1,0.1,37.61,73.18,56.48,38.71,54.73,36.75,53.47,101,48.932
0.75,0.2,0.2,37.61,73.18,56.48,38.31,54.79,37.35,53.4,103,48.932
0.4,0.65,-0.15,31.49,42.27,60.55,35.48,55.21,32.53,53.95,76,48.926
0.05,0.9,-0.0,37.61,62.68,56.47,40.32,53.9,36.75,53.0,100,48.926
0.45,0.1,0.2,38.19,74.64,56.06,37.5,54.73,37.95,53.85,104,48.912000000000006
0.5,0.1,0.25,38.19,74.64,56.06,37.9,55.03,38.55,54.29,105,48.912000000000006
0.75,0.35,0.3,37.9,72.3,56.25,37.9,54.86,37.95,53.0,100,48.91
0.75,0.35,0.25,37.9,72.3,56.25,37.5,54.86,37.95,53.0,100,48.91
0.95,0.45,0.3,37.9,72.3,56.25,37.5,54.86,37.35,53.06,98,48.91
0.65,0.3,0.25,37.9,72.3,56.25,37.5,54.86,37.95,53.0,100,48.91
0.4,0.2,0.15,37.9,72.3,56.25,37.5,54.55,37.95,53.0,100,48.91
0.7,0.35,0.25,37.9,72.3,56.25,37.9,54.86,37.95,53.0,100,48.91
0.8,0.4,0.3,37.9,72.3,56.25,37.5,54.55,37.95,53.0,100,48.91
0.95,0.45,0.25,37.9,72.3,56.25,37.5,54.86,37.35,53.61,97,48.91
0.55,0.25,0.2,37.9,72.3,56.25,37.5,54.86,37.95,53.0,100,48.91
0.5,0.25,0.2,37.9,72.3,56.25,37.5,54.55,37.95,53.0,100,48.91
0.4,0.05,-0.05,36.44,68.8,57.22,38.71,54.89,33.13,53.57,84,48.908
0.8,0.1,-0.1,36.44,68.8,57.22,38.71,54.89,33.13,53.57,84,48.908
1.0,0.15,0.05,37.32,74.93,56.63,37.9,54.79,36.14,50.98,102,48.906000000000006
0.75,0.1,0.05,37.32,74.93,56.63,37.9,54.79,36.14,50.98,102,48.906000000000006
0.8,0.1,0.05,37.32,74.93,56.63,37.9,54.42,36.14,50.98,102,48.906000000000006
0.65,0.25,0.1,37.32,71.72,56.61,36.69,54.61,37.95,53.54,99,48.894000000000005
0.75,0.2,0.05,37.32,71.72,56.61,38.31,54.17,34.94,51.02,98,48.894000000000005
0.8,0.3,0.15,37.32,71.72,56.61,37.1,54.93,37.35,53.54,99,48.894000000000005
0.95,0.35,0.15,37.32,71.72,56.61,37.1,54.23,36.75,53.06,98,48.894000000000005
0.95,0.25,0.05,37.32,71.72,56.61,38.31,54.55,34.94,51.02,98,48.894000000000005
0.65,0.25,0.15,37.32,71.72,56.61,37.1,54.55,36.75,53.06,98,48.894000000000005
0.9,0.25,0.05,37.32,71.72,56.61,37.9,54.23,34.94,51.55,97,48.894000000000005
0.55,0.15,0.05,37.32,71.72,56.61,38.71,54.79,35.54,51.52,99,48.894000000000005
0.85,0.1,0.15,37.61,74.05,56.41,39.11,54.3,35.54,50.98,102,48.89
0.55,0.05,0.1,37.61,74.05,56.41,38.71,53.59,35.54,50.98,102,48.89
0.9,0.1,0.15,37.61,74.05,56.41,39.11,53.95,35.54,50.98,102,48.89
0.95,0.1,0.15,37.61,74.05,56.41,38.71,53.59,35.54,50.98,102,48.89
0.55,0.05,-0.05,36.73,71.14,56.99,39.92,54.68,34.34,51.09,92,48.886
0.9,0.15,-0.05,36.73,71.14,56.99,37.5,53.68,34.34,52.69,93,48.886
1.0,0.15,0.15,37.9,73.18,56.19,38.71,54.0,35.54,51.49,101,48.873999999999995
0.65,0.1,0.1,37.9,73.18,56.19,38.71,54.0,35.54,51.49,101,48.873999999999995
0.95,0.15,0.15,37.9,73.18,56.19,38.71,54.0,35.54,51.49,101,48.873999999999995
0.95,0.35,0.3,37.9,73.18,56.19,37.1,54.55,37.95,52.94,102,48.873999999999995
0.9,0.15,0.15,37.9,73.18,56.19,38.71,54.0,35.54,51.49,101,48.873999999999995
0.8,0.3,0.25,37.9,73.18,56.19,37.1,54.55,37.95,52.94,102,48.873999999999995
0.6,0.1,0.1,37.9,73.18,56.19,38.71,54.0,35.54,51.49,101,48.873999999999995
0.3,0.05,0.05,37.9,73.18,56.19,38.71,54.0,35.54,51.49,101,48.873999999999995
0.8,0.4,0.1,37.03,70.26,56.76,36.29,53.57,36.75,53.19,94,48.867999999999995
0.95,0.4,0.1,37.03,70.26,56.76,37.1,54.29,37.35,53.06,98,48.867999999999995
1.0,0.5,0.1,37.03,70.26,56.76,36.29,53.57,36.75,52.63,95,48.867999999999995
0.6,0.35,0.05,37.03,70.26,56.76,37.1,54.35,36.75,53.76,93,48.867999999999995
0.45,0.25,0.05,37.03,70.26,56.76,37.1,54.29,36.75,53.76,93,48.867999999999995
0.75,0.4,0.1,37.03,70.26,56.76,36.69,54.29,36.75,53.76,93,48.867999999999995
0.85,0.45,0.1,37.03,70.26,56.76,36.29,53.96,36.75,53.76,93,48.867999999999995
0.5,0.25,0.05,37.03,70.26,56.76,36.29,53.57,36.75,52.63,95,48.867999999999995
0.9,0.45,0.1,37.03,70.26,56.76,36.29,53.57,36.75,53.19,94,48.867999999999995
0.9,0.5,0.1,37.03,70.26,56.76,37.1,54.29,36.75,53.76,93,48.867999999999995
1.0,0.25,-0.05,37.03,70.26,56.76,37.1,54.14,32.53,51.69,89,48.867999999999995
0.85,0.2,-0.05,37.03,70.26,56.76,37.5,54.14,32.53,51.69,89,48.867999999999995
1.0,0.55,0.1,37.03,70.26,56.76,36.69,53.96,36.75,53.76,93,48.867999999999995
0.4,0.2,0.05,37.03,70.26,56.76,36.29,53.57,36.75,53.19,94,48.867999999999995
0.95,0.55,0.1,37.03,70.26,56.76,37.5,54.29,36.75,53.76,93,48.867999999999995
0.95,0.5,0.15,37.03,70.26,56.76,36.29,54.29,36.75,53.19,94,48.867999999999995
0.35,0.75,-0.15,32.94,43.73,59.48,35.08,57.45,34.34,53.75,80,48.864
0.05,0.8,-0.0,37.32,62.1,56.55,40.73,54.23,36.75,53.0,100,48.858000000000004
1.0,0.3,0.25,37.32,72.59,56.54,37.5,54.48,36.14,53.0,100,48.852000000000004
0.65,0.2,0.15,37.32,72.59,56.54,37.9,54.48,36.14,53.0,100,48.852000000000004
0.95,0.25,0.1,37.32,72.59,56.54,38.71,54.42,35.54,51.52,99,48.852000000000004
0.8,0.25,0.2,37.32,72.59,56.54,37.5,54.48,37.35,53.47,101,48.852000000000004
0.95,0.3,0.25,37.32,72.59,56.54,37.5,54.48,37.35,53.47,101,48.852000000000004
0.55,0.85,-0.25,30.9,37.32,60.82,35.48,56.67,30.12,50.0,68,48.852
0.75,0.8,-0.3,30.9,37.32,60.82,34.68,55.81,27.11,47.62,63,48.852
0.9,0.4,-0.1,35.28,66.18,57.89,36.29,54.92,33.73,51.72,87,48.846000000000004
1.0,0.45,-0.1,35.28,66.18,57.89,36.29,54.92,33.73,51.72,87,48.846000000000004
0.6,0.25,-0.05,35.28,66.18,57.89,35.89,54.47,33.73,52.27,88,48.846000000000004
0.45,0.2,-0.05,35.28,66.18,57.89,36.29,54.92,33.73,51.72,87,48.846000000000004
0.55,0.25,-0.05,35.28,66.18,57.89,35.89,54.47,33.73,51.72,87,48.846000000000004
0.75,0.1,-0.1,36.15,68.22,57.3,38.71,54.89,33.13,53.57,84,48.839999999999996
0.85,0.0,-0.15,36.15,68.22,57.3,37.9,54.69,34.34,50.0,86,48.839999999999996
0.8,0.25,-0.05,36.73,68.8,56.91,37.1,54.62,33.13,52.22,90,48.837999999999994
0.9,0.3,-0.05,36.73,68.8,56.91,36.69,54.62,34.34,52.75,91,48.837999999999994
1.0,0.25,0.05,37.61,71.72,56.32,37.9,54.23,34.94,50.51,99,48.836
0.85,0.2,-0.0,37.61,71.72,56.32,38.31,54.93,34.94,50.51,99,48.836
0.9,0.4,0.2,37.61,71.72,56.32,37.1,54.55,37.95,53.06,98,48.836
0.9,0.45,0.3,37.61,71.72,56.32,37.9,54.86,37.95,53.54,99,48.836
0.45,0.2,0.1,37.61,71.72,56.32,37.1,54.55,37.95,53.06,98,48.836
0.6,0.3,0.2,37.61,71.72,56.32,37.9,54.86,37.95,53.54,99,48.836
0.95,0.45,0.2,37.61,71.72,56.32,37.1,54.55,37.95,53.61,97,48.836
0.65,0.15,-0.0,37.61,71.72,56.32,38.31,54.93,34.94,50.51,99,48.836
0.3,0.15,0.1,37.61,71.72,56.32,37.9,54.86,37.95,53.54,99,48.836
0.55,0.95,-0.25,31.49,38.48,60.4,35.48,57.14,30.72,51.43,70,48.836
0.95,0.15,-0.0,37.03,74.34,56.7,37.9,54.93,34.94,50.51,99,48.83200000000001
0.9,0.15,-0.0,37.03,74.34,56.7,38.31,55.24,34.94,50.0,100,48.83200000000001
0.65,0.1,-0.0,37.03,74.34,56.7,37.9,54.93,35.54,51.0,100,48.83200000000001
0.3,0.05,-0.0,37.03,74.34,56.7,38.31,55.24,34.94,50.0,100,48.83200000000001
0.85,0.15,-0.0,37.03,74.34,56.7,39.11,55.56,34.34,50.0,98,48.83200000000001
0.7,0.1,-0.0,37.03,74.34,56.7,38.31,54.86,35.54,51.0,100,48.83200000000001
0.6,0.1,-0.0,37.03,74.34,56.7,38.31,55.24,34.94,50.0,100,48.83200000000001
0.35,0.05,-0.0,37.03,74.34,56.7,38.31,54.86,35.54,51.0,100,48.83200000000001
1.0,0.15,-0.0,37.03,74.34,56.7,38.31,55.24,35.54,51.0,100,48.83200000000001
0.75,0.2,0.3,37.9,74.05,56.12,37.1,54.11,37.95,53.85,104,48.831999999999994
0.6,0.95,-0.25,31.2,40.23,60.58,35.48,55.91,30.12,51.43,70,48.828
0.45,0.95,-0.2,32.07,41.98,60.0,35.08,57.45,34.34,53.75,80,48.828
0.45,0.9,-0.2,31.78,41.4,60.19,35.08,57.61,33.73,53.16,79,48.826
0.5,0.05,0.3,38.48,75.51,55.72,38.71,55.26,38.55,53.77,106,48.824
0.35,0.05,0.2,38.48,75.51,55.72,38.31,55.33,38.55,54.29,105,48.824
0.7,0.2,-0.0,37.03,71.14,56.68,37.5,54.29,34.34,51.04,96,48.81999999999999
1.0,0.3,0.05,37.03,71.14,56.68,38.31,54.93,34.94,51.55,97,48.81999999999999
0.95,0.3,0.05,37.03,71.14,56.68,38.31,54.55,34.34,51.04,96,48.81999999999999
0.35,0.1,-0.0,37.03,71.14,56.68,37.5,54.29,34.34,51.04,96,48.81999999999999
0.5,0.15,-0.0,37.03,71.14,56.68,37.1,54.35,34.34,51.04,96,48.81999999999999
0.65,0.2,-0.0,37.03,71.14,56.68,37.1,54.35,34.34,51.04,96,48.81999999999999
1.0,0.3,-0.0,37.03,71.14,56.68,37.1,54.35,34.34,51.04,96,48.81999999999999
0.85,0.15,0.05,37.32,73.47,56.48,38.31,54.79,36.14,51.49,101,48.816
0.6,0.1,0.05,37.32,73.47,56.48,38.31,54.05,36.14,51.49,101,48.816
0.95,0.15,0.1,37.32,73.47,56.48,39.11,53.95,36.14,51.49,101,48.816
0.6,0.25,0.25,38.19,73.18,55.9,37.5,54.86,38.55,52.43,103,48.816
0.6,0.25,0.3,38.19,73.18,55.9,37.9,55.17,39.16,53.4,103,48.816
0.55,0.8,-0.3,28.28,28.57,62.5,34.27,56.58,27.71,47.37,57,48.812
0.55,0.9,-0.2,31.49,43.15,60.36,35.48,54.08,32.53,53.25,77,48.812
0.4,0.55,-0.15,30.9,41.98,60.75,35.48,54.74,30.72,51.43,70,48.809999999999995
0.05,0.55,-0.05,36.15,56.27,57.24,36.29,54.31,36.14,53.76,93,48.804
0.7,0.05,-0.05,36.73,72.89,56.84,41.94,56.25,34.94,50.53,95,48.796
0.75,0.05,-0.05,36.73,72.89,56.84,41.94,56.55,34.94,50.53,95,48.796
0.8,0.05,-0.05,36.73,72.89,56.84,41.94,56.46,34.94,50.53,95,48.796
1.0,0.2,0.05,37.61,72.59,56.25,38.31,53.79,34.94,50.51,99,48.794
1.0,0.2,0.1,37.61,72.59,56.25,38.71,53.69,36.14,51.49,101,48.794
0.7,0.35,0.3,37.61,72.59,56.25,37.5,54.55,37.95,53.0,100,48.794
0.75,0.15,0.1,37.61,72.59,56.25,38.31,54.05,35.54,51.49,101,48.794
1.0,0.3,0.2,37.61,72.59,56.25,37.5,54.17,36.14,53.0,100,48.794
0.5,0.1,0.05,37.61,72.59,56.25,38.71,53.69,36.14,51.49,101,48.794
0.5,0.15,0.1,37.61,72.59,56.25,37.5,54.17,36.14,53.0,100,48.794
0.7,0.15,0.05,37.61,72.59,56.25,38.31,53.74,35.54,51.0,100,48.794
0.75,0.15,0.05,37.61,72.59,56.25,37.9,53.79,35.54,51.0,100,48.794
0.85,0.15,0.1,37.61,72.59,56.25,38.71,54.0,35.54,51.49,101,48.794
0.9,0.2,0.05,37.61,72.59,56.25,38.31,54.17,34.94,50.51,99,48.794
0.6,0.3,0.25,37.61,72.59,56.25,37.5,54.55,37.95,53.0,100,48.794
0.95,0.2,0.05,37.61,72.59,56.25,38.31,53.79,34.94,50.51,99,48.794
0.8,0.25,0.15,37.61,72.59,56.25,37.1,53.85,35.54,52.53,99,48.794
0.55,0.1,0.05,37.61,72.59,56.25,38.31,54.05,36.14,51.49,101,48.794
0.85,0.25,0.15,37.61,72.59,56.25,37.9,54.11,35.54,52.53,99,48.794
0.15,0.0,-0.0,37.32,77.55,56.44,39.92,56.21,36.14,50.98,102,48.792
0.1,0.0,-0.0,37.32,77.55,56.44,39.92,56.21,36.14,50.98,102,48.792
0.2,0.0,-0.0,37.32,77.55,56.44,39.92,56.21,36.14,50.98,102,48.792
0.3,0.0,-0.0,37.32,77.55,56.44,39.92,56.21,36.14,50.98,102,48.792
0.65,0.0,-0.0,37.32,77.55,56.44,39.92,56.21,36.14,50.98,102,48.792
0.55,0.0,-0.0,37.32,77.55,56.44,39.92,56.21,36.14,50.98,102,48.792
0.6,0.0,-0.0,37.32,77.55,56.44,39.92,56.21,36.14,50.98,102,48.792
0.95,0.0,-0.15,36.15,69.1,57.22,38.31,54.55,33.13,50.0,86,48.792
0.85,0.0,-0.0,37.32,77.55,56.44,39.92,56.21,36.14,50.98,102,48.792
0.8,0.0,-0.0,37.32,77.55,56.44,39.92,56.21,36.14,50.98,102,48.792
0.25,0.0,-0.0,37.32,77.55,56.44,39.92,56.21,36.14,50.98,102,48.792
1.0,0.0,-0.0,37.32,77.55,56.44,39.92,56.21,36.14,50.98,102,48.792
0.9,0.0,-0.0,37.32,77.55,56.44,39.92,56.21,36.14,50.98,102,48.792
0.7,0.0,-0.0,37.32,77.55,56.44,39.92,56.21,36.14,50.98,102,48.792
0.35,0.0,-0.0,37.32,77.55,56.44,39.92,56.21,36.14,50.98,102,48.792
0.4,0.0,-0.0,37.32,77.55,56.44,39.92,56.21,36.14,50.98,102,48.792
0.75,0.0,-0.0,37.32,77.55,56.44,39.92,56.21,36.14,50.98,102,48.792
0.5,0.0,-0.0,37.32,77.55,56.44,39.92,56.21,36.14,50.98,102,48.792
0.95,0.0,-0.0,37.32,77.55,56.44,39.92,56.21,36.14,50.98,102,48.792
0.45,0.0,-0.0,37.32,77.55,56.44,39.92,56.21,36.14,50.98,102,48.792
0.05,0.0,-0.0,37.32,77.55,56.44,39.92,56.21,36.14,50.98,102,48.792
0.9,0.0,-0.05,37.03,75.22,56.63,41.53,56.0,34.94,48.98,98,48.790000000000006
0.9,0.1,0.05,37.03,75.22,56.63,37.9,54.11,36.14,50.98,102,48.790000000000006
0.85,0.1,0.05,37.03,75.22,56.63,38.31,54.42,36.14,50.98,102,48.790000000000006
0.55,0.05,0.05,37.03,75.22,56.63,37.9,54.42,35.54,50.98,102,48.790000000000006
0.9,0.45,0.05,36.73,69.68,56.83,36.29,54.74,36.75,52.63,95,48.79
1.0,0.45,0.05,36.73,69.68,56.83,37.1,55.47,36.14,52.63,95,48.79
0.85,0.35,-0.0,36.73,69.68,56.83,37.1,55.15,34.94,52.13,94,48.79
0.55,0.3,0.05,36.73,69.68,56.83,36.29,53.96,36.75,53.76,93,48.79
0.85,0.4,0.05,36.73,69.68,56.83,36.29,55.56,36.14,52.13,94,48.79
0.75,0.35,0.05,36.73,69.68,56.83,36.29,55.56,36.14,52.13,94,48.79
0.5,0.3,0.05,36.73,69.68,56.83,37.5,54.29,36.75,53.76,93,48.79
0.9,0.4,0.05,36.73,69.68,56.83,37.1,55.47,36.14,53.19,94,48.79
0.8,0.4,0.05,36.73,69.68,56.83,36.29,54.74,36.75,52.63,95,48.79
0.8,0.35,-0.0,36.73,69.68,56.83,36.69,55.56,35.54,52.13,94,48.79
0.95,0.4,-0.0,36.73,69.68,56.83,36.69,55.56,34.94,52.13,94,48.79
0.95,0.5,0.1,36.73,69.68,56.83,36.29,53.96,36.75,53.76,93,48.79
0.65,0.3,0.05,36.73,69.68,56.83,36.69,54.68,37.35,53.68,95,48.79
0.8,0.35,0.05,36.73,69.68,56.83,37.1,55.07,36.14,52.63,95,48.79
1.0,0.5,0.05,36.73,69.68,56.83,36.29,55.15,36.75,52.63,95,48.79
0.7,0.35,0.05,36.73,69.68,56.83,36.29,53.96,36.75,52.63,95,48.79
0.6,0.25,-0.0,36.73,69.68,56.83,37.1,55.56,34.94,52.13,94,48.79
0.6,0.3,0.05,36.73,69.68,56.83,36.29,53.57,36.75,52.63,95,48.79
0.7,0.3,-0.0,36.73,69.68,56.83,36.69,55.56,34.94,51.61,93,48.79
1.0,0.6,0.1,36.73,69.68,56.83,37.5,54.29,36.75,53.76,93,48.79
0.35,0.15,-0.0,36.73,69.68,56.83,36.69,55.56,34.94,51.61,93,48.79
1.0,0.25,0.1,37.03,72.01,56.61,38.71,54.05,35.54,51.52,99,48.778000000000006
0.6,0.15,0.05,37.03,72.01,56.61,38.31,54.48,35.54,51.52,99,48.778000000000006
0.1,0.8,-0.1,34.99,51.31,57.97,36.29,55.45,35.54,53.33,90,48.778
0.05,0.4,-0.05,34.99,51.31,57.97,36.29,55.45,35.54,53.33,90,48.778
0.9,0.15,0.05,37.32,74.34,56.41,37.9,54.79,36.14,51.49,101,48.774
0.55,0.7,-0.1,33.24,53.06,59.12,35.89,54.46,33.73,51.81,83,48.767999999999994
0.35,0.65,-0.2,29.15,29.45,61.84,33.87,55.7,28.92,50.79,63,48.763999999999996
0.5,0.15,0.2,37.61,73.47,56.19,37.5,54.11,38.55,53.85,104,48.757999999999996
0.35,0.05,0.05,37.61,73.47,56.19,38.71,53.64,35.54,51.49,101,48.757999999999996
0.75,0.15,0.15,37.61,73.47,56.19,38.71,54.36,36.14,51.96,102,48.757999999999996
1.0,0.2,0.2,37.61,73.47,56.19,38.71,54.36,36.14,51.96,102,48.757999999999996
0.7,0.1,0.1,37.61,73.47,56.19,38.71,53.64,35.54,51.49,101,48.757999999999996
0.5,0.1,0.1,37.61,73.47,56.19,38.71,54.36,36.14,51.96,102,48.757999999999996
0.65,0.2,0.25,37.61,73.47,56.19,37.5,54.11,38.55,53.85,104,48.757999999999996
0.75,0.25,0.3,37.61,73.47,56.19,37.9,55.17,38.55,53.4,103,48.757999999999996
0.25,0.05,0.05,37.61,73.47,56.19,38.71,54.36,36.14,51.96,102,48.757999999999996
0.9,0.5,0.25,37.32,71.14,56.38,37.1,54.61,37.35,53.61,97,48.756
0.65,0.35,0.2,37.32,71.14,56.38,37.1,54.61,37.35,53.61,97,48.756
0.75,0.4,0.2,37.32,71.14,56.38,37.5,54.93,37.35,53.61,97,48.756
0.9,0.45,0.15,37.32,71.14,56.38,36.29,53.9,37.35,53.12,96,48.756
1.0,0.55,0.3,37.32,71.14,56.38,37.1,54.61,37.35,53.61,97,48.756
0.95,0.5,0.3,37.32,71.14,56.38,37.1,54.61,37.35,53.06,98,48.756
0.3,0.15,0.05,37.32,71.14,56.38,36.29,53.9,37.35,53.12,96,48.756
0.95,0.5,0.25,37.32,71.14,56.38,37.5,54.93,37.35,53.06,98,48.756
0.6,0.3,0.1,37.32,71.14,56.38,36.29,53.9,37.35,53.12,96,48.756
0.55,0.3,0.15,37.32,71.14,56.38,37.1,54.61,37.35,53.61,97,48.756
0.85,0.45,0.25,37.32,71.14,56.38,37.1,54.61,37.35,53.06,98,48.756
0.85,0.35,0.1,37.32,71.14,56.38,37.5,54.61,37.35,53.06,98,48.756
0.35,0.05,0.25,38.19,74.93,55.78,38.71,55.26,38.55,53.77,106,48.744
0.85,0.05,-0.15,36.15,66.76,57.14,37.9,54.33,33.13,50.59,85,48.744
0.7,0.15,0.3,38.19,74.93,55.78,37.5,55.1,37.95,53.85,104,48.744
0.3,0.05,0.2,38.19,74.93,55.78,38.31,54.97,38.55,54.29,105,48.744
0.45,0.1,0.25,38.19,74.93,55.78,37.9,55.03,38.55,54.29,105,48.744
0.35,0.15,0.15,37.9,72.59,55.96,37.5,54.86,37.95,52.48,101,48.736000000000004
0.7,0.3,0.25,37.9,72.59,55.96,37.5,54.86,37.95,53.0,100,48.736000000000004
0.85,0.4,0.25,37.9,72.59,55.96,37.5,54.86,37.35,53.61,97,48.736000000000004
0.7,0.3,0.3,37.9,72.59,55.96,37.5,54.86,37.95,52.48,101,48.736000000000004
0.8,0.35,0.3,37.9,72.59,55.96,37.5,54.86,37.95,53.0,100,48.736000000000004
0.6,0.25,0.2,37.9,72.59,55.96,37.9,55.17,37.95,53.0,100,48.736000000000004
0.8,0.35,0.25,37.9,72.59,55.96,37.9,55.17,37.95,53.54,99,48.736000000000004
0.55,0.25,0.25,37.9,72.59,55.96,38.31,55.17,37.95,53.0,100,48.736000000000004
0.45,0.2,0.15,37.9,72.59,55.96,37.5,54.86,37.95,53.54,99,48.736000000000004
0.9,0.4,0.3,37.9,72.59,55.96,37.5,54.86,37.95,53.54,99,48.736000000000004
0.85,0.35,0.3,37.9,72.59,55.96,37.5,54.86,37.95,53.0,100,48.736000000000004
0.95,0.4,0.3,37.9,72.59,55.96,37.9,55.17,37.95,53.0,100,48.736000000000004
0.95,0.4,0.25,37.9,72.59,55.96,37.1,54.55,37.35,53.06,98,48.736000000000004
0.65,0.3,0.2,37.9,72.59,55.96,37.5,54.86,37.35,53.61,97,48.736000000000004
1.0,0.45,0.3,37.9,72.59,55.96,37.9,55.17,37.35,53.06,98,48.736000000000004
0.4,0.2,-0.0,36.44,69.1,56.91,36.29,56.06,35.54,52.17,92,48.721999999999994
1.0,0.3,-0.05,36.44,69.1,56.91,36.69,54.14,33.73,52.17,92,48.721999999999994
1.0,0.35,-0.05,36.44,69.1,56.91,35.89,54.26,34.34,52.75,91,48.721999999999994
1.0,0.45,-0.0,36.44,69.1,56.91,36.69,55.56,35.54,52.13,94,48.721999999999994
0.6,0.3,-0.0,36.44,69.1,56.91,36.29,56.06,35.54,52.17,92,48.721999999999994
0.95,0.45,-0.0,36.44,69.1,56.91,36.29,55.22,36.14,52.13,94,48.721999999999994
0.65,0.3,-0.0,36.44,69.1,56.91,36.29,55.22,35.54,52.13,94,48.721999999999994
0.95,0.5,-0.0,36.44,69.1,56.91,36.29,55.97,36.14,53.26,92,48.721999999999994
0.8,0.4,-0.0,36.44,69.1,56.91,36.29,56.06,35.54,52.17,92,48.721999999999994
0.3,0.15,-0.0,36.44,69.1,56.91,36.29,56.06,35.54,52.17,92,48.721999999999994
1.0,0.5,-0.0,36.44,69.1,56.91,36.29,56.06,35.54,52.17,92,48.721999999999994
0.7,0.35,-0.0,36.44,69.1,56.91,36.29,56.06,35.54,52.17,92,48.721999999999994
0.9,0.45,-0.0,36.44,69.1,56.91,36.29,56.06,35.54,52.17,92,48.721999999999994
0.2,0.1,-0.0,36.44,69.1,56.91,36.29,56.06,35.54,52.17,92,48.721999999999994
0.75,0.35,-0.0,36.44,69.1,56.91,36.29,55.22,35.54,52.13,94,48.721999999999994
0.5,0.25,-0.0,36.44,69.1,56.91,36.29,56.06,35.54,52.17,92,48.721999999999994
0.85,0.4,-0.0,36.44,69.1,56.91,36.29,55.22,36.14,52.13,94,48.721999999999994
0.1,0.05,-0.0,36.44,69.1,56.91,36.29,56.06,35.54,52.17,92,48.721999999999994
0.55,0.25,-0.0,36.44,69.1,56.91,36.69,55.56,35.54,52.13,94,48.721999999999994
0.65,0.05,-0.05,36.44,72.3,56.91,40.73,55.32,34.94,50.53,95,48.721999999999994
0.95,0.3,-0.05,36.44,69.1,56.91,36.29,54.62,33.73,52.17,92,48.721999999999994
0.7,0.25,0.1,37.32,72.01,56.32,37.1,54.23,36.14,52.58,97,48.72
0.65,0.15,0.05,37.32,72.01,56.32,38.31,54.48,35.54,51.0,100,48.72
0.8,0.2,0.05,37.32,72.01,56.32,38.31,54.55,34.94,50.51,99,48.72
0.45,0.1,-0.0,37.32,72.01,56.32,38.71,54.93,34.94,50.51,99,48.72
0.9,0.2,-0.0,37.32,72.01,56.32,38.71,54.93,34.94,50.51,99,48.72
0.6,1.0,-0.25,30.9,40.52,60.58,35.48,55.91,31.33,52.11,71,48.708
0.05,0.65,-0.05,36.73,57.73,56.69,37.1,53.72,36.14,53.68,95,48.705999999999996
0.05,0.7,-0.05,36.73,57.73,56.69,37.5,53.66,36.14,53.68,95,48.705999999999996
0.45,0.65,-0.25,28.28,27.11,62.32,32.66,56.52,28.31,48.21,56,48.70399999999999
0.8,0.3,0.3,37.9,73.47,55.9,37.9,55.17,38.55,52.94,102,48.7
0.4,0.15,0.15,37.9,73.47,55.9,37.9,55.17,38.55,52.94,102,48.7
0.5,0.2,0.25,37.9,73.47,55.9,38.31,55.48,39.16,52.88,104,48.7
0.65,0.25,0.25,37.9,73.47,55.9,37.5,54.86,38.55,52.94,102,48.7
0.75,0.0,-0.1,36.73,71.43,56.68,38.71,55.22,33.73,51.14,88,48.699999999999996
0.2,0.0,0.3,38.78,78.13,55.29,39.52,54.43,38.55,53.21,109,48.686
0.1,0.0,0.15,38.78,78.13,55.29,39.52,54.43,38.55,53.21,109,48.686
0.95,0.45,0.15,37.03,70.55,56.45,36.69,54.23,37.35,52.58,97,48.682
0.95,0.55,0.15,37.03,70.55,56.45,37.5,54.29,36.75,53.76,93,48.682
0.75,0.45,0.15,37.03,70.55,56.45,37.1,54.29,36.75,52.63,95,48.682
1.0,0.6,0.2,37.03,70.55,56.45,37.1,54.29,36.75,52.63,95,48.682
0.85,0.5,0.15,37.03,70.55,56.45,37.1,53.96,36.75,53.19,94,48.682
0.25,0.15,0.05,37.03,70.55,56.45,37.1,54.29,36.75,52.63,95,48.682
1.0,0.6,0.15,37.03,70.55,56.45,37.5,54.29,36.75,53.76,93,48.682
0.5,0.3,0.1,37.03,70.55,56.45,37.1,54.29,36.75,52.63,95,48.682
0.6,0.35,0.1,37.03,70.55,56.45,37.5,54.29,36.75,53.76,93,48.682
0.8,0.45,0.15,37.03,70.55,56.45,36.69,54.29,36.75,52.63,95,48.682
0.7,0.15,0.1,37.32,72.89,56.25,39.11,54.36,35.54,51.49,101,48.678
0.7,0.2,0.15,37.32,72.89,56.25,38.31,54.42,36.14,53.0,100,48.678
0.55,0.15,0.1,37.32,72.89,56.25,38.31,54.42,35.54,52.53,99,48.678
0.55,0.15,0.15,37.32,72.89,56.25,38.31,54.79,37.35,53.4,103,48.678
0.85,0.25,0.2,37.32,72.89,56.25,37.9,54.48,36.14,53.0,100,48.678
0.9,0.25,0.2,37.32,72.89,56.25,38.31,54.42,36.75,53.47,101,48.678
1.0,0.2,0.15,37.32,72.89,56.25,38.71,54.36,35.54,51.49,101,48.678
0.8,0.2,0.15,37.32,72.89,56.25,38.71,54.42,35.54,52.53,99,48.678
0.95,0.2,0.15,37.32,72.89,56.25,38.71,54.36,35.54,51.49,101,48.678
0.65,0.15,0.1,37.32,72.89,56.25,39.11,54.36,36.14,51.96,102,48.678
0.95,0.25,0.15,37.32,72.89,56.25,38.71,54.42,34.94,52.04,98,48.678
0.8,0.2,0.1,37.32,72.89,56.25,38.71,54.05,35.54,51.52,99,48.678
0.8,0.15,0.05,37.32,72.89,56.25,38.31,54.11,36.14,51.49,101,48.678
0.4,0.1,0.05,37.32,72.89,56.25,38.71,54.05,35.54,51.52,99,48.678
0.8,0.05,-0.1,36.44,69.97,56.83,39.92,55.47,33.73,51.72,87,48.674
0.7,0.0,-0.1,36.44,69.97,56.83,38.71,55.22,34.34,51.14,88,48.674
0.35,0.0,-0.05,36.44,69.97,56.83,38.71,55.22,34.34,51.14,88,48.674
0.75,0.05,-0.1,36.44,69.97,56.83,39.52,55.56,33.13,51.16,86,48.674
0.1,0.95,-0.0,36.73,61.81,56.63,40.32,54.23,36.75,53.0,100,48.67
0.2,0.05,0.1,37.9,74.34,55.84,37.5,54.73,37.95,53.85,104,48.664
0.65,0.15,0.3,37.9,74.34,55.84,37.9,55.03,37.95,53.85,104,48.664
0.6,0.15,0.25,37.9,74.34,55.84,37.9,54.73,37.95,53.85,104,48.664
0.6,0.15,0.3,37.9,74.34,55.84,37.5,54.73,37.95,53.85,104,48.664
0.4,0.1,0.2,37.9,74.34,55.84,37.5,54.73,37.95,53.85,104,48.664
1.0,0.2,-0.05,36.73,72.3,56.61,37.5,53.68,33.13,51.09,92,48.658
0.8,0.15,-0.0,37.03,74.64,56.41,39.11,55.56,34.94,50.51,99,48.658
0.55,0.1,-0.0,37.03,74.64,56.41,39.11,55.56,34.94,50.51,99,48.658
0.05,0.85,-0.0,37.32,62.39,56.21,40.32,53.9,36.75,53.0,100,48.653999999999996
0.55,1.0,-0.2,32.65,44.9,59.32,35.48,56.12,33.13,53.16,79,48.652
0.0,0.85,0.1,37.03,64.14,56.4,40.32,53.42,36.75,53.0,100,48.652
0.65,0.3,-0.05,35.28,66.47,57.56,35.89,54.47,33.73,51.72,87,48.648
0.7,0.2,0.05,37.03,71.43,56.38,38.71,54.86,34.94,51.55,97,48.64
0.8,0.3,0.1,37.03,71.43,56.38,37.1,54.23,35.54,52.08,96,48.64
0.4,0.15,0.05,37.03,71.43,56.38,37.1,54.23,35.54,52.08,96,48.64
0.85,0.25,0.05,37.03,71.43,56.38,38.31,54.55,34.94,51.55,97,48.64
0.55,0.95,-0.2,32.36,44.31,59.48,35.48,55.56,32.53,52.56,78,48.632
0.35,0.4,-0.15,30.61,36.15,60.64,34.27,55.42,27.11,48.39,62,48.628
0.7,0.8,-0.3,30.61,36.15,60.64,34.27,55.42,27.11,48.39,62,48.628
1.0,0.0,-0.05,37.03,75.51,56.35,41.53,56.29,34.94,48.98,98,48.622
0.95,0.0,-0.05,37.03,75.51,56.35,41.13,56.0,34.94,48.98,98,48.622
0.65,0.25,0.2,37.61,72.89,55.96,37.1,54.55,38.55,53.47,101,48.620000000000005
0.65,0.3,0.3,37.61,72.89,55.96,38.31,55.17,37.95,53.0,100,48.620000000000005
0.8,0.15,0.1,37.61,72.89,55.96,38.31,53.69,35.54,51.49,101,48.620000000000005
0.7,0.25,0.25,37.61,72.89,55.96,37.5,54.86,37.95,52.94,102,48.620000000000005
0.05,0.05,0.2,38.78,75.8,55.17,38.31,54.49,42.77,53.45,116,48.614
0.05,0.05,0.25,38.78,75.8,55.17,38.31,54.49,43.37,53.85,117,48.614
0.5,0.2,-0.2,32.07,41.4,59.63,31.05,53.42,27.71,50.91,55,48.606
0.25,0.1,-0.1,32.07,41.4,59.63,31.05,53.42,27.71,50.91,55,48.606
0.75,0.3,-0.3,32.07,41.4,59.63,31.05,53.42,27.71,50.91,55,48.606
0.95,0.15,-0.1,36.15,69.39,56.91,38.31,53.73,33.13,52.94,85,48.605999999999995
0.65,0.0,-0.1,36.15,69.39,56.91,38.31,54.55,33.13,50.0,86,48.605999999999995
1.0,0.0,-0.15,36.15,69.39,56.91,38.31,54.89,33.13,50.0,86,48.605999999999995
0.9,0.15,-0.1,36.15,69.39,56.91,38.31,54.14,33.13,53.57,84,48.605999999999995
1.0,0.15,-0.1,36.15,69.39,56.91,38.31,53.33,33.73,52.87,87,48.605999999999995
0.6,0.25,0.05,36.73,69.97,56.52,37.1,54.29,36.14,52.08,96,48.604
0.8,0.45,0.1,36.73,69.97,56.52,37.1,54.29,36.75,53.76,93,48.604
0.75,0.45,0.1,36.73,69.97,56.52,37.5,54.29,36.75,53.76,93,48.604
0.5,0.2,-0.0,36.73,69.97,56.52,37.1,55.15,34.34,52.17,92,48.604
0.85,0.2,0.1,37.03,72.3,56.32,39.11,54.36,35.54,51.0,100,48.604
0.75,0.3,-0.0,36.73,69.97,56.52,37.1,55.15,34.34,52.17,92,48.604
0.25,0.1,-0.0,36.73,69.97,56.52,37.1,55.15,34.34,52.17,92,48.604
1.0,0.4,0.05,36.73,69.97,56.52,37.1,55.07,35.54,52.63,95,48.604
0.7,0.4,0.1,36.73,69.97,56.52,37.9,54.61,36.75,53.76,93,48.604
0.65,0.35,0.1,36.73,69.97,56.52,36.69,54.29,36.75,52.63,95,48.604
0.95,0.4,0.05,36.73,69.97,56.52,37.1,55.47,36.14,52.63,95,48.604
0.7,0.3,0.05,36.73,69.97,56.52,37.1,55.07,36.14,52.63,95,48.604
1.0,0.4,-0.0,36.73,69.97,56.52,37.1,55.15,34.34,52.17,92,48.604
0.75,0.3,0.05,36.73,69.97,56.52,37.1,54.68,35.54,52.08,96,48.604
0.35,0.2,0.05,36.73,69.97,56.52,37.9,54.61,36.75,53.76,93,48.604
0.85,0.35,0.05,36.73,69.97,56.52,37.1,55.07,36.14,52.63,95,48.604
0.85,0.5,0.1,36.73,69.97,56.52,37.5,54.29,36.75,53.76,93,48.604
0.9,0.35,0.05,36.73,69.97,56.52,37.1,54.68,35.54,52.08,96,48.604
0.25,0.15,-0.3,25.07,4.37,64.29,22.18,23.08,21.69,50.0,14,48.602000000000004
0.8,0.05,-0.15,36.15,66.18,56.9,36.69,53.23,33.13,50.0,84,48.6
0.65,0.85,-0.25,31.49,40.23,60.0,35.89,55.91,29.52,50.0,68,48.596000000000004
0.55,0.9,-0.25,31.49,37.9,60.0,35.08,56.67,30.12,50.72,69,48.596000000000004
0.65,0.7,-0.25,31.2,39.65,60.19,35.89,55.43,27.11,47.62,63,48.593999999999994
0.8,0.9,-0.3,31.2,39.65,60.19,35.08,54.26,28.92,48.53,68,48.593999999999994
0.4,0.45,-0.15,31.2,39.65,60.19,35.08,54.26,28.92,48.53,68,48.593999999999994
0.65,0.9,-0.25,30.9,41.4,60.38,35.89,55.91,30.72,51.43,70,48.588
0.05,0.55,-0.0,37.03,61.81,56.29,40.73,54.55,36.75,53.0,100,48.586
0.05,0.65,-0.0,37.03,61.81,56.29,40.73,54.17,36.75,53.0,100,48.586
0.1,0.85,-0.0,37.03,61.81,56.29,40.32,53.85,35.54,52.04,98,48.586
0.95,0.45,-0.1,34.99,65.89,57.65,35.89,54.55,33.13,51.16,86,48.586
0.05,0.6,-0.0,37.03,61.81,56.29,40.73,54.17,36.75,53.0,100,48.586
0.05,0.7,-0.0,37.03,61.81,56.29,41.53,54.48,36.75,53.0,100,48.586
0.05,0.75,-0.0,37.03,61.81,56.29,41.13,54.55,36.75,53.0,100,48.586
0.35,0.1,0.15,37.61,73.76,55.9,37.5,54.42,38.55,53.85,104,48.584
0.7,0.2,0.3,37.61,73.76,55.9,37.5,54.42,38.55,53.85,104,48.584
0.55,0.15,0.25,37.61,73.76,55.9,37.5,54.42,38.55,53.85,104,48.584
1.0,0.05,-0.1,36.44,71.72,56.68,41.13,55.24,34.94,52.17,92,48.583999999999996
0.6,0.05,-0.05,36.44,71.72,56.68,40.73,55.32,34.34,50.54,93,48.583999999999996
0.95,0.05,-0.1,36.44,71.72,56.68,41.13,55.63,34.94,52.75,91,48.583999999999996
0.5,0.1,-0.0,36.73,74.05,56.48,38.71,55.24,34.34,50.0,98,48.58
1.0,0.2,-0.0,36.73,74.05,56.48,38.71,55.24,34.34,50.0,98,48.58
0.25,0.05,-0.0,36.73,74.05,56.48,38.71,55.24,34.34,50.0,98,48.58
0.75,0.15,-0.0,36.73,74.05,56.48,38.71,55.24,34.34,50.0,98,48.58
0.7,0.05,-0.1,36.44,68.51,56.67,38.31,54.55,33.13,51.16,86,48.578
1.0,0.05,-0.15,36.44,68.51,56.67,39.52,55.3,33.13,50.57,87,48.578
1.0,0.25,-0.0,37.32,71.43,56.08,37.9,55.0,34.94,51.02,98,48.57599999999999
0.4,0.2,0.1,37.32,71.43,56.08,37.1,54.55,37.35,53.61,97,48.57599999999999
0.55,0.15,-0.0,37.32,71.43,56.08,37.5,54.29,34.94,51.55,97,48.57599999999999
0.6,0.15,-0.0,37.32,71.43,56.08,37.9,55.0,34.94,51.02,98,48.57599999999999
0.2,0.1,0.05,37.32,71.43,56.08,37.1,54.55,37.35,53.61,97,48.57599999999999
0.75,0.2,-0.0,37.32,71.43,56.08,37.5,54.29,34.94,51.55,97,48.57599999999999
0.85,0.45,0.3,37.32,71.43,56.08,37.1,54.61,37.95,53.0,100,48.57599999999999
0.75,0.4,0.25,37.32,71.43,56.08,37.1,54.61,37.35,53.06,98,48.57599999999999
0.55,0.1,0.3,38.19,75.22,55.5,38.31,55.33,38.55,54.29,105,48.57599999999999
0.6,0.3,0.15,37.32,71.43,56.08,37.1,54.55,37.35,53.61,97,48.57599999999999
0.2,0.05,-0.0,37.32,71.43,56.08,37.9,55.0,34.94,51.02,98,48.57599999999999
0.4,0.1,-0.0,37.32,71.43,56.08,37.9,55.0,34.94,51.02,98,48.57599999999999
0.95,0.25,-0.0,37.32,71.43,56.08,37.5,54.29,34.94,51.02,98,48.57599999999999
1.0,0.5,0.25,37.32,71.43,56.08,37.1,54.55,37.35,53.61,97,48.57599999999999
0.8,0.4,0.2,37.32,71.43,56.08,37.1,54.55,37.35,53.61,97,48.57599999999999
0.65,0.3,0.15,37.32,71.43,56.08,37.1,54.55,37.95,53.06,98,48.57599999999999
0.8,0.2,-0.0,37.32,71.43,56.08,37.9,55.0,34.94,51.02,98,48.57599999999999
0.0,0.9,0.1,37.32,64.14,56.07,40.32,53.42,36.75,53.0,100,48.56999999999999
0.0,0.45,0.05,37.32,64.14,56.07,40.32,53.42,36.75,53.0,100,48.56999999999999
0.8,0.25,-0.0,36.73,70.85,56.45,37.1,54.74,34.34,51.58,95,48.562
0.85,0.25,-0.0,36.73,70.85,56.45,37.5,54.68,34.34,51.04,96,48.562
0.45,0.2,0.2,37.9,72.89,55.67,37.5,54.86,37.95,53.0,100,48.562
0.95,0.3,-0.0,36.73,70.85,56.45,37.1,54.74,34.34,51.58,95,48.562
0.35,0.8,-0.15,32.94,44.02,58.97,34.68,56.84,34.94,53.66,82,48.558
0.2,0.0,0.25,38.78,77.55,55.07,39.11,54.14,37.95,52.34,107,48.554
0.15,0.0,0.2,38.78,77.55,55.07,39.11,54.49,38.55,52.78,108,48.554
0.95,0.1,-0.15,36.15,67.06,56.82,37.9,54.33,32.53,52.44,82,48.552
0.8,0.35,-0.1,35.28,65.01,57.4,36.29,55.46,31.93,50.6,83,48.552
0.85,0.35,-0.1,35.28,65.01,57.4,36.69,55.37,31.93,51.19,84,48.552
0.9,0.55,0.15,37.03,69.97,56.22,37.1,53.96,36.75,53.19,94,48.544
0.35,0.45,-0.25,26.24,16.03,63.41,29.03,59.52,22.29,42.86,35,48.542
0.35,0.1,0.05,37.32,72.3,56.02,38.71,54.42,35.54,52.04,98,48.540000000000006
0.95,0.3,0.15,37.32,72.3,56.02,37.1,53.85,36.14,53.06,98,48.540000000000006
0.7,0.2,0.1,37.32,72.3,56.02,38.71,54.42,35.54,52.04,98,48.540000000000006
0.9,0.25,0.1,37.32,72.3,56.02,38.71,54.42,36.14,52.0,100,48.540000000000006
0.85,0.2,0.05,37.32,72.3,56.02,38.71,54.86,34.94,50.51,99,48.540000000000006
1.0,0.2,-0.1,35.86,68.8,56.98,38.31,53.79,32.53,51.72,87,48.532
0.9,0.0,-0.15,35.86,68.8,56.98,37.9,54.26,33.73,50.0,86,48.532
0.6,0.0,-0.1,35.86,68.8,56.98,37.9,54.26,33.73,50.0,86,48.532
0.5,0.1,-0.05,35.86,68.8,56.98,38.31,53.79,32.53,51.72,87,48.532
0.3,0.0,-0.05,35.86,68.8,56.98,37.9,54.26,33.73,50.0,86,48.532
0.45,0.75,-0.25,28.57,30.03,61.84,33.87,56.41,28.31,49.18,61,48.532
0.05,0.95,-0.0,37.61,63.27,55.81,40.32,53.9,36.75,53.0,100,48.53
0.75,0.2,-0.05,36.44,69.39,56.59,37.9,54.14,32.53,51.69,89,48.53
0.45,0.2,-0.0,36.44,69.39,56.59,36.69,55.56,35.54,52.13,94,48.53
0.95,0.45,0.05,36.44,69.39,56.59,36.29,55.56,36.14,52.13,94,48.53
0.65,0.35,0.05,36.44,69.39,56.59,36.29,54.35,36.75,53.76,93,48.53
0.7,0.4,0.05,36.44,69.39,56.59,36.69,54.35,36.75,53.76,93,48.53
0.95,0.25,-0.05,36.44,69.39,56.59,37.1,54.14,33.73,52.75,91,48.53
0.9,0.4,-0.0,36.44,69.39,56.59,36.69,55.56,35.54,52.13,94,48.53
0.75,0.45,0.05,36.44,69.39,56.59,37.1,54.35,36.75,53.76,93,48.53
0.05,1.0,-0.0,37.61,63.27,55.81,40.32,54.29,36.75,53.0,100,48.53
0.8,0.45,0.05,36.44,69.39,56.59,36.69,55.15,36.75,53.76,93,48.53
0.9,0.25,-0.05,36.44,69.39,56.59,37.1,54.14,33.73,52.75,91,48.53
0.45,0.2,0.25,37.9,73.76,55.61,37.9,54.11,39.16,52.88,104,48.525999999999996
1.0,0.5,-0.1,34.69,65.31,57.74,35.89,54.55,33.13,51.76,85,48.519999999999996
0.5,0.25,-0.05,34.69,65.31,57.74,35.89,54.55,33.13,51.76,85,48.519999999999996
0.7,0.1,-0.1,35.57,67.35,57.14,38.31,54.96,32.53,53.01,83,48.512
0.35,0.05,-0.05,35.57,67.35,57.14,38.31,54.96,32.53,53.01,83,48.512
0.35,0.75,-0.2,30.61,34.69,60.44,33.87,55.42,30.72,50.72,69,48.507999999999996
0.05,0.75,0.05,36.44,62.97,56.55,39.92,53.47,36.75,53.0,100,48.506
0.85,0.3,0.3,37.32,73.18,55.96,37.5,54.86,37.95,52.94,102,48.504000000000005
0.95,0.2,-0.1,36.15,67.93,56.74,38.31,53.79,31.33,51.19,84,48.504
0.95,0.05,-0.15,36.15,67.93,56.74,38.71,54.62,33.73,51.16,86,48.504
0.7,0.4,0.2,37.03,70.85,56.15,37.1,54.61,37.35,53.61,97,48.501999999999995
0.7,0.4,0.15,37.03,70.85,56.15,36.69,54.29,36.75,52.63,95,48.501999999999995
0.8,0.4,0.15,37.03,70.85,56.15,36.29,53.9,37.35,53.12,96,48.501999999999995
0.65,0.35,0.15,37.03,70.85,56.15,37.1,54.61,37.95,53.61,97,48.501999999999995
0.8,0.45,0.2,37.03,70.85,56.15,36.69,54.29,37.35,53.12,96,48.501999999999995
0.8,0.45,0.25,37.03,70.85,56.15,37.1,54.61,37.35,53.61,97,48.501999999999995
0.45,0.25,0.1,37.03,70.85,56.15,36.69,54.29,36.75,52.63,95,48.501999999999995
0.95,0.55,0.25,37.03,70.85,56.15,36.69,54.29,37.35,53.12,96,48.501999999999995
0.95,0.55,0.2,37.03,70.85,56.15,37.1,54.29,36.75,52.08,96,48.501999999999995
0.9,0.5,0.2,37.03,70.85,56.15,36.69,54.29,36.75,52.63,95,48.501999999999995
0.95,0.5,0.2,37.03,70.85,56.15,36.69,54.61,37.95,54.17,96,48.501999999999995
0.6,0.35,0.15,37.03,70.85,56.15,37.1,54.29,37.35,53.12,96,48.501999999999995
0.85,0.5,0.25,37.03,70.85,56.15,37.1,54.61,36.75,53.12,96,48.501999999999995
0.85,0.5,0.2,37.03,70.85,56.15,37.1,54.29,36.75,52.63,95,48.501999999999995
0.85,0.45,0.2,37.03,70.85,56.15,37.5,54.93,37.95,54.17,96,48.501999999999995
0.9,0.35,0.1,37.03,70.85,56.15,37.5,54.23,35.54,52.08,96,48.501999999999995
0.35,0.2,0.1,37.03,70.85,56.15,37.1,54.61,37.35,53.61,97,48.501999999999995
1.0,0.55,0.2,37.03,70.85,56.15,37.1,54.61,36.75,53.19,94,48.501999999999995
1.0,0.55,0.25,37.03,70.85,56.15,37.1,54.61,37.95,53.61,97,48.501999999999995
1.0,0.6,0.25,37.03,70.85,56.15,37.1,54.29,37.35,53.12,96,48.501999999999995
0.0,0.9,0.05,38.19,64.72,55.37,39.92,53.52,36.75,53.54,99,48.49799999999999
0.0,0.95,0.05,38.19,64.72,55.37,39.92,53.52,36.75,53.54,99,48.49799999999999
0.0,1.0,0.05,38.19,64.72,55.37,39.92,53.9,36.75,53.54,99,48.49799999999999
0.0,0.95,0.1,37.61,64.14,55.75,40.32,53.42,36.75,53.0,100,48.494
0.35,0.55,-0.2,28.28,27.99,61.97,33.06,55.56,27.11,47.27,55,48.494
0.35,0.7,-0.15,31.78,41.69,59.63,34.68,57.61,33.73,53.16,79,48.49
0.9,0.1,-0.15,35.86,66.47,56.9,37.9,54.33,32.53,53.09,81,48.484
0.7,0.15,-0.0,36.73,72.59,56.32,38.71,54.93,34.34,50.0,98,48.484
0.75,0.35,0.2,37.61,72.3,55.73,37.5,54.86,37.35,53.61,97,48.482
0.55,0.25,0.15,37.61,72.3,55.73,37.5,54.86,37.35,53.06,98,48.482
0.9,0.4,0.25,37.61,72.3,55.73,37.5,54.86,37.35,53.06,98,48.482
0.35,0.15,0.1,37.61,72.3,55.73,37.1,54.55,37.35,53.06,98,48.482
0.85,0.35,0.25,37.61,72.3,55.73,37.1,54.55,37.35,53.06,98,48.482
0.7,0.3,0.2,37.61,72.3,55.73,37.1,54.55,37.35,53.06,98,48.482
0.65,0.8,-0.25,31.2,40.52,60.0,35.89,55.79,28.92,48.53,68,48.480000000000004
0.35,0.85,-0.2,30.9,37.61,60.2,33.47,54.65,32.53,52.7,74,48.48
0.8,1.0,-0.15,32.94,52.77,58.82,35.89,54.46,33.13,51.85,81,48.468
0.05,0.5,-0.0,36.73,62.1,56.29,40.73,54.93,36.75,53.0,100,48.466
0.1,1.0,-0.0,36.73,62.1,56.29,40.73,54.93,36.75,53.0,100,48.466
0.85,0.45,-0.0,36.15,68.8,56.67,36.69,55.97,36.14,53.26,92,48.462
0.75,0.4,-0.0,36.15,68.8,56.67,36.69,55.97,36.14,53.26,92,48.462
0.65,0.35,-0.0,36.15,68.8,56.67,36.69,55.56,36.14,53.26,92,48.462
0.85,0.25,-0.05,36.15,68.8,56.67,37.5,54.14,33.73,52.75,91,48.462
0.9,0.55,0.1,36.73,69.39,56.28,37.5,54.29,36.75,53.76,93,48.46
0.65,0.2,0.05,37.03,71.72,56.08,38.71,54.86,34.94,52.08,96,48.459999999999994
0.8,0.25,0.05,37.03,71.72,56.08,38.71,54.86,34.34,51.04,96,48.459999999999994
0.0,0.8,0.1,37.03,64.43,56.07,39.92,52.74,36.75,53.0,100,48.45399999999999
0.0,0.4,0.05,37.03,64.43,56.07,39.92,52.74,36.75,53.0,100,48.45399999999999
0.35,0.3,-0.2,28.28,24.2,61.9,30.65,57.69,25.3,50.0,40,48.452
0.55,0.2,0.2,37.61,73.18,55.67,37.5,54.86,37.95,52.94,102,48.446
0.9,0.35,0.3,37.61,73.18,55.67,37.1,54.55,38.55,52.94,102,48.446
0.15,0.1,0.3,38.19,74.64,55.28,38.71,54.9,42.77,54.31,116,48.444
0.95,0.2,-0.0,36.73,73.47,56.25,39.11,55.24,34.34,50.0,98,48.442
0.55,0.0,-0.1,35.86,67.35,56.82,37.5,54.33,34.34,50.0,86,48.436
0.9,0.05,-0.15,35.86,67.35,56.82,38.31,54.26,33.73,51.16,86,48.436
0.15,0.0,0.25,38.48,77.84,55.07,39.52,54.49,39.76,53.21,109,48.434
0.9,0.2,0.1,37.03,72.59,56.02,38.71,54.05,35.54,51.0,100,48.42400000000001
0.9,0.25,0.15,37.03,72.59,56.02,38.31,54.42,35.54,52.53,99,48.42400000000001
0.45,0.1,0.05,37.03,72.59,56.02,38.71,54.05,35.54,51.0,100,48.42400000000001
0.75,0.2,0.1,37.03,72.59,56.02,38.71,54.42,36.14,52.0,100,48.42400000000001
1.0,0.4,0.1,36.73,70.26,56.22,37.5,54.61,36.14,52.08,96,48.424
1.0,0.55,0.15,36.73,70.26,56.22,37.1,54.61,36.75,53.76,93,48.424
0.85,0.45,0.15,36.73,70.26,56.22,36.69,54.61,36.75,53.19,94,48.424
0.9,0.5,0.15,36.73,70.26,56.22,37.1,54.61,36.75,53.19,94,48.424
0.55,0.3,0.1,36.73,70.26,56.22,37.1,54.61,36.75,53.19,94,48.424
0.5,0.2,0.05,36.73,70.26,56.22,37.5,54.61,36.14,52.08,96,48.424
0.65,0.25,-0.0,36.73,70.26,56.22,37.1,55.15,34.34,52.17,92,48.424
0.65,0.25,0.05,36.73,70.26,56.22,37.1,54.29,35.54,52.08,96,48.424
0.9,0.35,-0.0,36.73,70.26,56.22,37.1,55.15,34.34,52.17,92,48.424
0.05,0.6,-0.05,36.44,57.43,56.41,36.29,52.94,36.14,53.68,95,48.422
0.0,0.75,0.05,37.9,64.14,55.43,40.73,54.17,36.75,53.54,99,48.41799999999999
0.35,0.7,-0.2,30.32,32.65,60.47,33.47,55.56,29.52,50.0,66,48.41
0.65,0.25,0.3,37.61,74.05,55.61,37.9,55.17,39.16,52.88,104,48.41
0.65,0.2,0.3,37.61,74.05,55.61,37.9,54.42,38.55,53.4,103,48.41
0.55,0.2,0.3,37.61,74.05,55.61,38.31,55.48,39.16,52.88,104,48.41
0.35,0.15,0.2,37.61,74.05,55.61,38.31,54.42,39.16,52.88,104,48.41
0.6,0.2,0.25,37.61,74.05,55.61,38.31,55.48,38.55,53.4,103,48.41
0.4,0.15,0.2,37.61,74.05,55.61,38.31,55.48,39.16,52.88,104,48.41
0.85,0.4,0.2,37.32,71.72,55.79,37.1,54.55,37.95,53.61,97,48.402
0.05,0.5,-0.05,35.86,54.52,56.76,36.69,54.78,36.75,54.35,92,48.4
0.1,1.0,-0.1,35.86,54.52,56.76,36.69,54.78,36.75,54.35,92,48.4
0.6,0.95,-0.2,31.78,44.9,59.48,36.29,55.45,32.53,52.56,78,48.4
0.1,0.0,0.1,38.78,77.84,54.81,39.11,54.84,38.55,52.78,108,48.398
0.05,0.0,0.05,38.78,77.84,54.81,39.11,54.84,38.55,52.78,108,48.398
0.2,0.0,0.2,38.78,77.84,54.81,39.11,54.84,38.55,52.78,108,48.398
0.15,0.0,0.15,38.78,77.84,54.81,39.11,54.84,38.55,52.78,108,48.398
0.25,0.0,0.25,38.78,77.84,54.81,39.11,54.84,38.55,52.78,108,48.398
0.3,0.0,0.3,38.78,77.84,54.81,39.11,54.84,38.55,52.78,108,48.398
0.4,0.55,-0.3,26.24,14.58,63.16,28.63,58.54,22.89,45.71,35,48.391999999999996
0.9,0.55,0.05,36.44,68.8,56.35,36.29,54.48,36.75,53.76,93,48.386
0.6,0.3,-0.05,34.99,66.18,57.31,35.89,54.47,33.13,51.76,85,48.382000000000005
0.9,0.3,0.05,36.73,71.14,56.15,38.31,54.93,33.73,51.06,94,48.382
0.75,0.25,0.05,36.73,71.14,56.15,37.9,54.61,34.34,51.58,95,48.382
0.0,0.0,0.25,38.48,79.59,54.98,39.11,53.7,45.18,54.55,121,48.379999999999995
0.0,0.0,0.15,38.48,79.59,54.98,39.11,53.7,45.18,54.55,121,48.379999999999995
0.0,0.0,0.05,38.48,79.59,54.98,39.11,53.7,45.18,54.55,121,48.379999999999995
0.0,0.0,0.1,38.48,79.59,54.98,39.11,53.7,45.18,54.55,121,48.379999999999995
0.0,0.0,0.2,38.48,79.59,54.98,39.11,53.7,45.18,54.55,121,48.379999999999995
0.0,0.0,0.3,38.48,79.59,54.98,39.11,53.7,45.18,54.55,121,48.379999999999995
0.1,0.95,-0.05,36.44,58.31,56.33,37.9,54.76,36.75,53.06,98,48.373999999999995
0.1,0.85,-0.05,36.44,58.31,56.33,37.9,54.76,36.75,53.06,98,48.373999999999995
0.1,0.9,-0.05,36.44,58.31,56.33,37.9,54.76,36.75,53.06,98,48.373999999999995
1.0,0.1,-0.15,36.15,67.35,56.5,37.9,54.69,33.13,52.38,84,48.36
0.35,0.65,-0.15,30.9,40.82,60.0,34.68,57.14,33.13,53.25,77,48.36
0.55,0.8,-0.2,30.61,42.57,60.19,35.48,54.08,30.72,50.7,71,48.358
0.9,0.35,-0.1,35.28,65.31,57.06,36.69,54.47,33.13,52.33,86,48.348
0.1,0.0,0.25,38.19,77.26,55.12,39.11,53.5,40.96,53.51,114,48.348
0.15,0.95,-0.1,34.69,52.77,57.45,36.69,53.91,36.14,53.26,92,48.346
0.8,0.2,-0.05,36.44,69.68,56.28,37.9,54.14,32.53,51.69,89,48.344
0.0,0.85,0.15,36.73,64.72,56.07,39.11,52.38,37.35,53.47,101,48.333999999999996
0.75,0.05,-0.15,35.86,65.89,56.65,36.69,53.33,32.53,49.4,83,48.333999999999996
0.65,0.75,-0.3,29.45,34.11,60.92,34.27,56.25,27.71,48.33,60,48.332
1.0,0.5,0.2,37.03,71.14,55.85,36.69,54.23,37.95,53.61,97,48.322
0.5,0.25,0.1,37.03,71.14,55.85,36.69,54.23,37.95,53.61,97,48.322
0.45,0.85,-0.25,29.74,32.36,60.71,33.87,55.56,29.52,50.77,65,48.322
0.95,0.55,0.3,37.03,71.14,55.85,37.1,54.61,37.35,53.61,97,48.322
0.45,0.25,0.15,37.03,71.14,55.85,37.1,54.61,37.35,53.61,97,48.322
0.9,0.5,0.3,37.03,71.14,55.85,37.1,54.61,37.35,53.61,97,48.322
0.9,0.45,0.2,37.03,71.14,55.85,37.1,54.55,37.95,53.61,97,48.322
0.7,0.35,0.15,37.03,71.14,55.85,37.1,54.55,37.95,53.61,97,48.322
0.95,0.5,-0.05,35.57,67.64,56.82,37.1,56.25,34.94,53.41,88,48.32
0.15,0.0,0.3,38.19,78.13,55.07,39.11,54.19,39.16,52.68,112,48.318
0.05,0.0,0.1,38.19,78.13,55.07,39.11,54.19,39.16,52.68,112,48.318
0.1,0.0,0.2,38.19,78.13,55.07,39.11,54.19,39.16,52.68,112,48.318
0.85,0.4,-0.1,34.69,65.6,57.4,35.48,55.08,33.13,51.16,86,48.315999999999995
0.85,0.3,-0.0,36.44,70.55,56.22,37.5,55.07,34.94,52.13,94,48.308
0.15,0.05,-0.0,36.44,70.55,56.22,36.69,54.81,34.34,51.58,95,48.308
0.75,0.25,-0.0,36.44,70.55,56.22,36.69,54.81,34.34,51.58,95,48.308
0.3,0.1,-0.0,36.44,70.55,56.22,36.69,54.81,34.34,51.58,95,48.308
0.4,0.15,-0.0,36.44,70.55,56.22,37.1,54.74,34.34,51.61,93,48.308
0.9,0.3,-0.0,36.44,70.55,56.22,36.69,54.81,34.34,51.58,95,48.308
1.0,0.35,-0.0,36.44,70.55,56.22,37.5,55.07,34.94,52.13,94,48.308
0.6,0.2,-0.0,36.44,70.55,56.22,36.69,54.81,34.34,51.58,95,48.308
0.45,0.15,-0.0,36.44,70.55,56.22,36.69,54.81,34.34,51.58,95,48.308
0.65,0.0,-0.15,35.57,64.43,56.8,35.89,54.24,33.73,50.0,82,48.308
0.8,0.3,-0.0,36.44,70.55,56.22,37.1,54.74,34.34,51.61,93,48.308
0.7,0.25,-0.0,36.44,70.55,56.22,37.5,55.07,34.94,52.13,94,48.308
1.0,0.4,0.3,37.61,72.59,55.44,37.1,54.55,37.95,53.54,99,48.30799999999999
0.5,0.2,0.15,37.61,72.59,55.44,37.1,54.55,37.95,53.54,99,48.30799999999999
0.5,1.0,-0.2,32.07,44.02,59.13,35.48,57.89,33.73,53.16,79,48.306000000000004
0.25,0.5,-0.1,32.07,44.02,59.13,35.48,57.89,33.73,53.16,79,48.306000000000004
0.45,0.85,-0.15,32.94,46.65,58.54,36.69,56.31,33.73,53.75,80,48.3
0.2,0.05,0.3,37.9,75.8,55.22,38.71,53.9,39.76,53.7,108,48.292
0.75,0.25,0.1,37.03,72.01,55.79,37.1,54.23,36.14,52.58,97,48.286
0.6,0.05,-0.1,35.86,66.76,56.57,37.5,53.97,33.13,50.59,85,48.286
0.65,0.2,0.1,37.03,72.01,55.79,37.1,53.47,36.14,52.53,99,48.286
1.0,0.3,0.15,37.03,72.01,55.79,37.5,53.79,36.14,52.53,99,48.286
1.0,0.3,0.1,37.03,72.01,55.79,38.31,54.11,36.14,53.06,98,48.286
0.5,0.15,0.05,37.03,72.01,55.79,38.31,54.11,36.14,53.06,98,48.286
0.65,0.4,0.1,36.73,69.68,55.98,37.1,53.96,36.75,53.19,94,48.279999999999994
0.1,0.95,-0.1,35.28,53.35,56.94,36.69,54.78,36.75,54.35,92,48.275999999999996
0.05,0.75,-0.05,36.73,58.31,55.97,37.5,53.66,36.14,53.68,95,48.274
0.1,0.1,0.25,37.61,73.47,55.38,38.31,53.95,42.77,53.91,115,48.272000000000006
0.75,0.4,0.05,36.15,69.1,56.35,36.29,54.74,36.75,53.76,93,48.27
1.0,0.55,0.05,36.15,69.1,56.35,36.69,55.15,36.75,53.76,93,48.27
0.85,0.5,0.05,36.15,69.1,56.35,36.69,55.15,36.75,53.76,93,48.27
1.0,0.6,0.05,36.15,69.1,56.35,36.69,54.41,36.75,53.76,93,48.27
0.95,0.55,0.05,36.15,69.1,56.35,36.69,55.15,36.75,53.76,93,48.27
0.9,0.5,0.05,36.15,69.1,56.35,36.69,55.15,36.75,53.76,93,48.27
0.3,0.55,-0.1,32.65,46.06,58.68,35.89,55.88,33.13,53.16,79,48.268
0.6,0.8,-0.1,33.24,53.64,58.27,35.08,54.05,33.73,50.59,85,48.258
0.3,0.4,-0.05,33.24,53.64,58.27,35.08,54.05,33.73,50.59,85,48.258
0.55,0.65,-0.1,33.24,53.64,58.27,35.48,54.46,33.73,52.44,82,48.258
0.25,0.55,-0.1,32.94,44.31,58.47,35.48,56.7,34.94,53.66,82,48.258
0.9,0.45,-0.1,34.4,65.01,57.49,35.48,54.17,33.13,51.76,85,48.254
0.85,0.45,-0.05,35.28,67.06,56.9,36.69,55.91,34.34,52.87,87,48.252
0.75,0.35,-0.05,35.28,67.06,56.9,35.89,54.84,33.73,51.72,87,48.252
0.8,0.35,-0.05,35.28,67.06,56.9,36.29,55.2,34.34,52.81,89,48.252
0.7,0.3,-0.05,35.28,67.06,56.9,35.48,54.03,33.73,52.27,88,48.252
0.85,0.35,-0.05,35.28,67.06,56.9,36.29,54.76,34.34,52.81,89,48.252
0.05,0.5,0.25,36.73,66.47,55.93,37.5,52.32,38.55,53.33,105,48.25
0.05,0.0,0.3,38.48,79.01,54.76,38.31,54.14,42.17,53.85,117,48.24799999999999
0.05,0.0,0.25,38.48,79.01,54.76,39.11,53.8,42.17,53.85,117,48.24799999999999
0.65,0.95,-0.25,30.9,41.69,59.81,35.89,55.79,30.72,51.43,70,48.246
0.6,0.15,-0.05,35.86,67.64,56.5,37.9,53.79,31.93,51.14,88,48.244
0.4,0.1,0.25,37.61,74.34,55.33,37.9,55.03,38.55,53.33,105,48.242000000000004
0.45,0.15,0.25,37.61,74.34,55.33,37.9,55.48,39.16,52.88,104,48.242000000000004
0.45,0.1,0.3,37.61,74.34,55.33,37.9,54.67,37.95,53.33,105,48.242000000000004
0.6,0.2,0.3,37.61,74.34,55.33,38.31,55.1,39.16,52.88,104,48.242000000000004
0.45,0.15,0.2,37.61,74.34,55.33,37.9,55.17,38.55,53.4,103,48.242000000000004
0.35,0.1,0.2,37.61,74.34,55.33,37.5,55.1,38.55,52.88,104,48.242000000000004
0.55,0.2,0.25,37.61,74.34,55.33,37.9,55.17,39.16,52.88,104,48.242000000000004
0.55,0.15,0.3,37.61,74.34,55.33,37.5,54.73,37.95,53.4,103,48.242000000000004
0.5,0.15,0.25,37.61,74.34,55.33,37.5,54.42,38.55,53.4,103,48.242000000000004
0.7,0.25,0.3,37.61,74.34,55.33,37.9,55.17,39.16,53.4,103,48.242000000000004
0.45,0.2,0.3,37.61,74.34,55.33,38.31,54.42,39.16,52.88,104,48.242000000000004
0.3,0.1,0.15,37.61,74.34,55.33,38.31,55.1,39.16,52.88,104,48.242000000000004
0.5,0.15,0.3,37.61,74.34,55.33,37.5,54.73,39.16,52.88,104,48.242000000000004
0.25,0.0,0.3,38.78,78.13,54.55,39.11,54.14,38.55,53.27,107,48.242
0.1,0.8,-0.05,35.86,57.14,56.49,37.5,54.4,36.14,52.58,97,48.238
0.75,0.4,0.15,36.73,70.55,55.91,36.69,54.61,36.75,53.19,94,48.238
0.75,0.45,0.2,36.73,70.55,55.91,37.1,54.29,37.35,53.12,96,48.238
0.9,0.55,0.25,36.73,70.55,55.91,37.1,54.29,37.35,53.12,96,48.238
1.0,0.45,0.25,37.32,72.01,55.5,37.1,54.55,37.35,53.06,98,48.227999999999994
0.8,0.35,0.2,37.32,72.01,55.5,37.1,54.55,37.35,53.06,98,48.227999999999994
0.0,0.8,0.05,37.9,64.43,55.11,40.32,53.85,36.75,53.54,99,48.226
0.0,0.5,0.05,37.32,63.85,55.49,40.32,53.42,36.75,53.0,100,48.221999999999994
0.0,0.55,0.05,37.32,63.85,55.49,40.32,53.42,36.75,53.0,100,48.221999999999994
0.0,1.0,0.1,37.32,63.85,55.49,40.32,53.42,36.75,53.0,100,48.221999999999994
1.0,0.35,-0.1,35.57,66.18,56.65,36.69,53.6,32.53,52.33,86,48.217999999999996
0.05,0.05,0.3,38.19,76.68,54.9,38.31,54.49,43.37,53.39,118,48.215999999999994
0.75,0.3,-0.1,34.69,64.14,57.23,36.29,55.0,31.93,51.22,82,48.21399999999999
1.0,0.4,-0.15,34.69,64.14,57.23,37.1,55.56,31.33,50.62,81,48.21399999999999
0.4,0.8,-0.15,32.07,44.9,58.97,35.48,56.12,34.34,53.75,80,48.21
0.5,0.7,-0.25,29.45,32.65,60.71,35.08,56.79,28.92,50.79,63,48.206
0.8,0.45,0.3,36.73,71.43,55.85,37.1,54.23,37.95,53.54,99,48.202
0.75,0.4,0.3,36.73,71.43,55.85,37.1,54.23,37.95,53.0,100,48.202
0.65,0.35,0.25,36.73,71.43,55.85,37.1,54.23,37.95,53.0,100,48.202
0.6,0.35,0.2,36.73,71.43,55.85,37.1,54.23,37.35,53.61,97,48.202
0.55,0.3,0.2,36.73,71.43,55.85,37.1,54.61,37.95,53.54,99,48.202
0.7,0.4,0.25,36.73,71.43,55.85,37.1,54.23,37.95,54.08,98,48.202
0.85,0.5,0.3,36.73,71.43,55.85,37.1,54.23,37.95,54.08,98,48.202
0.95,0.6,0.1,36.44,69.1,56.04,37.5,53.96,36.75,53.76,93,48.199999999999996
0.4,0.1,-0.2,32.07,34.69,58.95,29.84,55.77,27.11,47.92,48,48.198
0.6,0.15,-0.3,32.07,34.69,58.95,29.84,55.77,27.11,47.92,48,48.198
0.2,0.05,-0.1,32.07,34.69,58.95,29.84,55.77,27.11,47.92,48,48.198
0.55,0.3,-0.0,35.86,68.51,56.42,36.69,55.56,36.14,53.26,92,48.196
0.95,0.5,-0.1,34.11,64.43,57.58,35.48,54.17,33.13,51.76,85,48.19199999999999
0.75,0.15,-0.1,34.99,66.47,56.98,38.31,54.62,32.53,53.66,82,48.184
0.75,0.4,-0.05,34.99,66.47,56.98,36.29,55.56,34.34,52.87,87,48.184
0.7,0.35,-0.05,34.99,66.47,56.98,35.89,54.84,33.13,51.16,86,48.184
0.0,0.7,0.1,36.73,64.14,55.81,39.92,52.74,36.75,53.0,100,48.178
0.0,0.35,0.05,36.73,64.14,55.81,39.92,52.74,36.75,53.0,100,48.178
0.0,0.75,0.1,36.73,64.14,55.81,39.92,52.74,36.75,53.0,100,48.178
0.0,1.0,0.15,36.73,64.14,55.81,40.32,53.38,37.35,53.47,101,48.178
0.0,0.95,0.15,36.73,64.14,55.81,40.32,53.38,37.35,53.47,101,48.178
0.9,0.55,0.2,36.44,69.97,55.98,37.1,54.29,36.75,52.08,96,48.163999999999994
0.05,0.0,0.2,38.19,78.43,54.81,39.11,53.8,42.17,54.31,116,48.162000000000006
0.15,1.0,-0.1,34.99,53.64,56.94,36.69,53.91,36.14,53.26,92,48.16
0.1,0.05,0.25,37.9,75.22,55.0,39.11,54.84,41.57,53.91,115,48.16
1.0,0.65,-0.05,34.69,65.01,57.14,36.29,54.33,34.34,52.27,88,48.16
0.1,0.05,0.2,37.9,75.22,55.0,38.71,54.19,40.96,53.51,114,48.16
0.95,0.6,-0.05,34.69,65.01,57.14,35.89,53.97,34.94,52.81,89,48.16
0.75,0.35,-0.3,31.49,41.4,59.26,31.85,53.16,28.31,50.0,56,48.152
0.8,0.6,-0.25,32.36,46.36,58.68,35.48,55.67,28.31,47.83,69,48.152
0.0,0.8,0.15,36.73,65.01,55.75,38.71,52.38,37.35,53.47,101,48.141999999999996
0.0,0.55,0.1,36.73,65.01,55.75,39.11,52.38,37.35,53.47,101,48.141999999999996
0.85,1.0,-0.15,32.94,53.94,58.27,35.48,54.46,33.73,52.44,82,48.138000000000005
0.8,0.95,-0.3,31.2,40.82,59.43,35.48,55.32,28.92,48.53,68,48.138000000000005
0.65,0.85,-0.1,32.94,53.94,58.27,35.08,54.46,33.73,50.59,85,48.138000000000005
0.55,0.75,-0.2,30.9,42.57,59.63,35.08,54.74,30.72,50.7,71,48.138
0.65,1.0,-0.25,30.61,41.98,59.81,35.89,55.21,30.12,51.43,70,48.13
0.35,0.05,0.3,37.9,76.09,54.95,38.71,54.55,37.95,52.83,106,48.129999999999995
0.15,0.05,0.3,37.9,76.09,54.95,38.31,53.9,40.96,53.51,114,48.129999999999995
0.3,0.05,0.25,37.9,76.09,54.95,38.71,54.9,37.95,52.83,106,48.129999999999995
0.8,0.15,-0.1,35.57,67.93,56.5,37.9,54.62,32.53,53.66,82,48.128
0.5,0.2,0.3,37.32,74.64,55.33,38.71,54.73,39.16,52.88,104,48.126000000000005
0.25,0.1,0.15,37.32,74.64,55.33,38.71,54.73,39.16,52.88,104,48.126000000000005
0.65,0.4,0.05,36.15,68.51,56.11,36.69,54.01,36.75,53.76,93,48.126
1.0,0.6,-0.0,36.15,68.51,56.11,36.29,54.81,36.75,53.76,93,48.126
0.5,0.3,-0.0,36.15,68.51,56.11,36.29,54.81,36.75,53.76,93,48.126
0.75,0.45,-0.0,36.15,68.51,56.11,36.29,54.81,36.75,53.76,93,48.126
0.25,0.15,-0.0,36.15,68.51,56.11,36.29,54.81,36.75,53.76,93,48.126
0.85,0.3,0.05,36.44,70.85,55.91,37.9,54.61,34.94,51.58,95,48.122
0.8,0.3,0.05,36.44,70.85,55.91,37.1,54.68,35.54,52.08,96,48.122
1.0,0.35,0.05,36.44,70.85,55.91,37.5,54.29,34.94,51.58,95,48.122
0.95,0.35,0.05,36.44,70.85,55.91,37.5,54.68,34.94,51.58,95,48.122
0.45,0.8,-0.15,32.07,45.77,58.82,35.89,55.88,33.13,53.16,79,48.120000000000005
0.5,0.5,-0.2,30.9,37.9,59.6,34.68,55.81,25.9,46.03,63,48.12
0.75,0.75,-0.3,30.9,37.9,59.6,34.68,55.81,25.9,46.03,63,48.12
0.25,0.25,-0.1,30.9,37.9,59.6,34.68,55.81,25.9,46.03,63,48.12
0.55,0.85,-0.3,28.28,29.74,61.33,34.27,56.58,27.71,48.33,60,48.11
0.05,0.8,0.05,36.44,63.56,55.88,39.92,53.47,36.75,53.0,100,48.104
0.55,0.2,-0.05,35.28,66.47,56.65,36.69,53.6,32.53,52.33,86,48.102
0.85,0.2,-0.1,35.28,66.47,56.65,38.31,54.2,30.72,51.22,82,48.102
0.4,0.25,0.1,36.73,69.97,55.68,37.1,54.29,36.75,52.08,96,48.1
0.65,0.4,0.15,36.73,69.97,55.68,37.1,54.29,36.75,52.08,96,48.1
0.95,0.6,0.25,36.73,69.97,55.68,37.1,53.9,37.35,52.58,97,48.1
0.8,0.5,0.2,36.73,69.97,55.68,37.1,54.29,36.75,52.08,96,48.1
0.7,0.75,-0.15,32.36,49.56,58.59,35.89,55.56,31.93,51.95,77,48.098000000000006
0.4,0.5,-0.3,25.95,13.41,62.86,28.23,57.89,22.29,45.16,31,48.096000000000004
0.2,0.25,-0.15,25.95,13.41,62.86,28.23,57.89,22.29,45.16,31,48.096000000000004
0.45,0.7,-0.15,31.78,45.19,58.97,36.29,55.45,32.53,52.56,78,48.094
0.8,0.0,-0.2,35.28,63.27,56.63,35.48,53.91,33.73,50.0,82,48.09
0.6,0.0,-0.15,35.28,63.27,56.63,35.48,53.91,33.73,50.0,82,48.09
0.4,0.0,-0.1,35.28,63.27,56.63,35.48,53.91,33.73,50.0,82,48.09
1.0,0.0,-0.25,35.28,63.27,56.63,35.48,53.91,33.73,50.0,82,48.09
0.2,0.0,-0.05,35.28,63.27,56.63,35.48,53.91,33.73,50.0,82,48.09
0.5,0.15,-0.25,31.2,33.82,59.34,29.44,56.25,25.9,45.65,46,48.084
0.95,0.5,0.05,36.15,69.39,56.04,36.29,55.15,36.75,53.76,93,48.083999999999996
0.85,0.45,0.05,36.15,69.39,56.04,36.29,55.15,36.75,53.76,93,48.083999999999996
0.8,0.25,-0.1,34.99,65.01,56.8,37.5,53.97,31.33,51.22,82,48.076
0.75,0.25,-0.1,34.99,65.01,56.8,37.1,54.03,31.33,51.22,82,48.076
0.35,0.15,0.25,37.61,74.64,55.05,37.9,54.05,39.16,52.38,105,48.074
0.1,0.1,0.3,37.61,74.64,55.05,38.31,54.25,42.77,53.91,115,48.074
0.35,0.15,0.3,37.61,74.64,55.05,37.5,54.11,39.76,53.27,107,48.074
0.05,0.05,0.15,37.61,74.64,55.05,38.31,54.25,42.77,53.91,115,48.074
0.4,0.15,-0.2,30.9,30.9,59.52,30.24,55.77,25.9,46.51,43,48.072
0.7,0.6,-0.25,31.78,42.86,58.93,34.27,54.35,26.51,46.15,65,48.07
0.95,0.05,-0.2,35.57,65.6,56.4,35.89,53.78,33.13,49.4,83,48.068
1.0,0.05,-0.2,35.57,65.6,56.4,36.69,54.1,32.53,48.81,84,48.068
0.55,0.05,-0.1,35.57,65.6,56.4,36.69,53.23,33.13,52.44,82,48.068
0.45,0.95,-0.15,32.36,47.23,58.54,37.1,56.07,34.34,53.66,82,48.068
0.2,0.2,-0.05,32.07,48.98,58.73,35.48,54.9,31.93,51.95,77,48.066
1.0,1.0,-0.25,32.07,48.98,58.73,35.48,54.9,31.93,51.95,77,48.066
0.6,0.6,-0.15,32.07,48.98,58.73,35.48,54.9,31.93,51.95,77,48.066
0.8,0.8,-0.2,32.07,48.98,58.73,35.48,54.9,31.93,51.95,77,48.066
0.4,0.4,-0.1,32.07,48.98,58.73,35.48,54.9,31.93,51.95,77,48.066
0.4,0.6,-0.2,29.45,33.53,60.47,35.48,58.33,28.92,50.79,63,48.062
0.5,0.75,-0.25,29.45,33.53,60.47,35.48,58.33,28.92,50.79,63,48.062
0.2,0.3,-0.1,29.45,33.53,60.47,35.48,58.33,28.92,50.79,63,48.062
0.6,0.9,-0.3,29.45,33.53,60.47,35.48,58.33,28.92,50.79,63,48.062
0.1,0.15,-0.05,29.45,33.53,60.47,35.48,58.33,28.92,50.79,63,48.062
0.3,0.45,-0.15,29.45,33.53,60.47,35.48,58.33,28.92,50.79,63,48.062
0.25,0.3,-0.05,32.65,51.02,58.33,35.89,54.46,32.53,51.9,79,48.058
0.5,0.6,-0.1,32.65,51.02,58.33,35.89,54.46,32.53,51.9,79,48.058
0.75,0.9,-0.15,32.65,51.02,58.33,35.89,54.46,32.53,51.9,79,48.058
0.75,0.85,-0.15,32.65,51.02,58.33,35.08,54.05,33.13,51.9,79,48.058
0.5,0.3,0.15,36.73,70.85,55.61,37.5,54.61,36.75,53.12,96,48.058
1.0,0.6,0.3,36.73,70.85,55.61,37.5,54.61,36.75,53.12,96,48.058
0.95,0.4,-0.05,35.28,67.35,56.57,36.29,54.76,34.34,52.81,89,48.054
1.0,0.55,-0.05,35.28,67.35,56.57,36.69,56.25,34.34,52.87,87,48.054
0.75,0.3,-0.05,35.28,67.35,56.57,35.48,54.03,34.34,52.81,89,48.054
0.85,0.4,-0.05,35.28,67.35,56.57,35.89,55.2,34.34,52.27,88,48.054
0.9,0.4,-0.05,35.28,67.35,56.57,36.29,55.2,34.94,52.81,89,48.054
0.65,0.05,-0.1,35.86,67.93,56.18,38.71,54.62,33.13,51.16,86,48.052
0.75,0.25,-0.05,35.86,67.93,56.18,37.1,54.62,33.73,52.22,90,48.052
0.4,0.2,0.3,37.9,73.76,54.82,37.5,53.79,39.16,52.83,106,48.05199999999999
0.2,0.1,0.15,37.9,73.76,54.82,37.5,53.79,39.16,52.83,106,48.05199999999999
0.55,0.7,-0.2,31.49,42.27,59.09,35.89,55.21,30.12,50.0,70,48.05
0.5,0.95,-0.2,31.49,42.27,59.09,35.08,57.45,33.73,53.16,79,48.05
0.95,0.35,-0.0,36.15,70.26,55.98,37.1,54.74,34.34,51.61,93,48.047999999999995
0.55,0.2,-0.0,36.15,70.26,55.98,37.1,54.74,34.94,52.13,94,48.047999999999995
0.15,0.05,0.25,37.61,75.51,55.0,38.71,53.9,40.96,53.98,113,48.044
0.15,0.05,0.2,37.61,75.51,55.0,37.9,53.64,39.76,53.7,108,48.044
0.05,0.8,-0.05,36.15,58.89,55.97,37.9,54.03,36.14,53.12,96,48.042
1.0,0.25,-0.15,35.28,64.14,56.55,37.5,53.6,31.33,53.16,79,48.042
0.05,0.85,-0.05,36.15,58.89,55.97,37.9,54.03,36.14,52.58,97,48.042
0.85,0.0,-0.2,35.28,64.14,56.55,35.48,54.31,33.73,50.0,82,48.042
0.0,0.85,0.05,37.9,64.72,54.8,40.32,53.85,36.75,53.54,99,48.03999999999999
0.55,0.85,-0.2,30.9,43.44,59.46,35.89,54.08,30.72,52.78,72,48.036
0.0,0.6,0.05,37.32,64.14,55.17,40.32,53.42,36.75,53.54,99,48.03
0.6,0.2,0.05,36.73,71.72,55.56,37.9,54.23,34.34,51.58,95,48.028
0.85,0.25,0.1,36.73,71.72,55.56,38.31,54.11,35.54,52.04,98,48.028
0.95,0.3,0.1,36.73,71.72,55.56,37.5,53.47,34.94,52.08,96,48.028
0.9,0.3,0.1,36.73,71.72,55.56,37.1,54.23,35.54,52.08,96,48.028
0.05,0.55,0.3,36.73,67.64,55.56,37.9,52.63,37.95,52.88,104,48.028
0.45,0.15,0.05,36.73,71.72,55.56,37.1,54.23,35.54,52.08,96,48.028
0.8,0.25,0.1,36.73,71.72,55.56,37.1,53.47,35.54,52.58,97,48.028
0.0,0.75,0.15,36.44,65.31,55.75,39.11,52.35,36.14,53.0,100,48.025999999999996
0.0,0.5,0.1,36.44,65.31,55.75,39.11,52.35,36.14,53.0,100,48.025999999999996
0.25,0.35,-0.2,25.07,11.95,63.33,28.63,61.11,22.89,45.16,31,48.025999999999996
0.0,1.0,0.2,36.44,65.31,55.75,39.11,52.35,36.14,53.0,100,48.025999999999996
0.0,0.25,0.05,36.44,65.31,55.75,39.11,52.35,36.14,53.0,100,48.025999999999996
0.7,0.0,-0.15,35.57,66.47,56.32,37.1,54.47,33.73,50.0,82,48.02
0.85,0.55,0.2,36.44,69.39,55.74,37.1,53.96,36.75,52.63,95,48.02
0.95,0.6,0.2,36.44,69.39,55.74,37.1,54.29,36.75,53.19,94,48.02
0.85,0.55,0.15,36.44,69.39,55.74,37.5,53.96,36.75,53.19,94,48.02
0.4,0.25,0.05,36.44,69.39,55.74,37.9,54.29,36.75,53.19,94,48.02
0.95,0.6,0.15,36.44,69.39,55.74,37.5,53.96,36.75,53.19,94,48.02
1.0,0.65,0.2,36.44,69.39,55.74,37.1,53.96,36.75,53.19,94,48.02
0.7,0.8,-0.15,32.36,50.44,58.46,35.48,55.05,32.53,51.95,77,48.02
0.8,0.5,0.1,36.44,69.39,55.74,37.9,54.29,36.75,53.19,94,48.02
0.7,0.45,0.15,36.44,69.39,55.74,37.5,54.29,36.75,53.19,94,48.02
0.8,0.5,0.15,36.44,69.39,55.74,37.5,54.29,36.75,53.19,94,48.02
0.55,0.35,0.1,36.44,69.39,55.74,37.9,54.29,36.75,53.19,94,48.02
0.8,0.55,0.2,36.44,69.39,55.74,37.1,53.57,36.14,52.69,93,48.02
0.1,0.05,0.05,37.32,73.18,55.15,37.9,54.11,37.95,52.48,101,48.018
0.55,0.25,0.3,37.32,73.18,55.15,37.9,54.11,39.16,52.88,104,48.018
0.4,0.2,0.2,37.32,73.18,55.15,37.9,54.11,37.95,52.48,101,48.018
0.2,0.1,0.1,37.32,73.18,55.15,37.9,54.11,37.95,52.48,101,48.018
0.3,0.15,0.15,37.32,73.18,55.15,37.9,54.11,37.95,52.48,101,48.018
0.6,0.3,0.3,37.32,73.18,55.15,37.9,54.11,37.95,52.48,101,48.018
0.5,0.25,0.25,37.32,73.18,55.15,37.9,54.11,37.95,52.48,101,48.018
0.35,0.6,-0.15,30.61,40.52,59.62,35.48,56.52,31.93,52.05,73,48.016
0.85,0.5,-0.0,35.86,68.8,56.11,36.29,54.81,36.75,53.76,93,48.01
1.0,0.35,-0.15,34.69,64.43,56.89,36.69,54.17,30.72,50.62,81,48.01
0.4,0.15,-0.05,34.69,64.43,56.89,36.69,54.92,31.93,51.22,82,48.01
0.65,0.25,-0.1,34.69,64.43,56.89,37.1,55.56,31.33,50.62,81,48.01
0.8,0.3,-0.1,34.69,64.43,56.89,36.69,54.92,31.93,51.22,82,48.01
0.7,0.25,-0.1,34.69,64.43,56.89,37.1,54.55,30.72,50.62,81,48.01
1.0,0.55,-0.0,35.86,68.8,56.11,36.69,55.56,36.14,53.26,92,48.01
0.7,0.4,-0.0,35.86,68.8,56.11,36.29,54.81,36.75,53.76,93,48.01
0.35,0.2,-0.0,35.86,68.8,56.11,36.29,54.81,36.75,53.76,93,48.01
0.7,0.2,-0.05,35.86,68.8,56.11,37.9,54.14,31.93,51.14,88,48.01
0.6,0.35,-0.0,35.86,68.8,56.11,36.29,54.81,36.75,53.76,93,48.01
0.95,0.55,-0.0,35.86,68.8,56.11,36.29,54.81,36.75,53.76,93,48.01
0.5,0.35,0.25,37.03,70.85,55.32,37.9,54.23,36.75,52.0,100,48.004000000000005
0.9,0.6,0.3,37.03,70.85,55.32,37.1,53.57,35.54,52.08,96,48.004000000000005
0.7,0.45,0.25,37.03,70.85,55.32,37.5,54.23,36.75,52.58,97,48.004000000000005
0.85,0.55,0.3,37.03,70.85,55.32,37.9,54.23,36.75,52.58,97,48.004000000000005
0.6,0.4,0.2,37.03,70.85,55.32,37.1,53.57,35.54,52.08,96,48.004000000000005
0.75,0.5,0.25,37.03,70.85,55.32,37.1,53.57,35.54,52.08,96,48.004000000000005
0.55,0.35,0.2,37.03,70.85,55.32,37.5,54.23,37.35,53.06,98,48.004000000000005
0.15,0.1,0.05,37.03,70.85,55.32,37.1,53.57,35.54,52.08,96,48.004000000000005
0.3,0.2,0.1,37.03,70.85,55.32,37.1,53.57,35.54,52.08,96,48.004000000000005
0.45,0.3,0.15,37.03,70.85,55.32,37.1,53.57,35.54,52.08,96,48.004000000000005
0.9,0.8,-0.3,32.07,44.31,58.62,35.08,55.32,28.92,49.28,69,48.0
0.45,0.4,-0.15,32.07,44.31,58.62,35.08,55.32,28.92,49.28,69,48.0
0.4,0.4,-0.05,32.94,55.69,58.04,35.89,54.62,34.34,52.38,84,48.0
0.8,0.8,-0.1,32.94,55.69,58.04,35.89,54.62,34.34,52.38,84,48.0
0.1,0.05,0.3,37.9,75.51,54.73,39.11,54.49,42.17,53.91,115,47.99799999999999
0.9,0.35,-0.15,34.4,62.97,57.06,36.69,55.26,31.33,50.62,81,47.995999999999995
0.4,0.1,-0.05,35.28,65.01,56.47,37.5,53.91,30.72,51.22,82,47.994
0.45,0.0,-0.1,35.28,65.01,56.47,36.29,54.17,33.73,50.0,82,47.994
0.8,0.2,-0.1,35.28,65.01,56.47,37.5,53.91,30.72,51.22,82,47.994
0.9,0.0,-0.2,35.28,65.01,56.47,36.29,54.17,33.73,50.0,82,47.994
0.0,0.65,0.1,36.73,64.43,55.49,40.32,53.38,37.35,53.47,101,47.986
0.55,0.35,0.15,36.44,70.26,55.68,37.1,53.9,37.35,52.58,97,47.984
1.0,0.65,0.25,36.44,70.26,55.68,37.1,53.57,36.75,52.63,95,47.984
0.55,0.3,-0.05,34.11,64.72,57.23,35.89,54.55,33.13,51.76,85,47.98199999999999
0.9,0.2,-0.1,35.57,67.35,56.25,38.31,54.2,30.72,50.6,83,47.978
0.65,0.25,-0.05,35.57,67.35,56.25,35.89,54.47,33.73,52.81,89,47.978
0.45,0.1,-0.05,35.57,67.35,56.25,38.31,54.2,30.72,50.6,83,47.978
0.6,0.2,-0.05,35.57,67.35,56.25,36.69,53.91,32.53,51.72,87,47.978
0.65,0.2,-0.05,35.57,67.35,56.25,37.1,53.85,32.53,51.69,89,47.978
0.6,0.55,-0.2,31.78,43.73,58.77,35.08,55.32,28.31,48.53,68,47.974000000000004
0.65,0.3,-0.25,31.78,43.73,58.77,32.66,53.66,28.31,50.0,58,47.974000000000004
0.25,0.05,0.3,37.9,76.38,54.68,38.71,54.61,40.96,53.21,109,47.968
0.1,0.0,0.3,38.48,78.72,54.29,39.11,53.8,40.96,53.51,114,47.965999999999994
0.05,0.0,0.15,38.48,78.72,54.29,39.11,53.8,40.96,53.51,114,47.965999999999994
0.0,0.65,0.05,37.61,64.14,54.86,40.73,53.79,36.75,53.54,99,47.959999999999994
0.0,0.7,0.05,37.61,64.14,54.86,40.73,54.17,36.75,53.54,99,47.959999999999994
0.8,0.3,-0.3,31.2,44.9,59.13,31.45,50.62,28.31,50.0,58,47.958
0.4,0.15,0.25,37.32,74.93,55.05,37.9,54.73,39.16,52.88,104,47.958
0.25,0.1,0.2,37.32,74.93,55.05,37.5,53.74,40.36,53.27,107,47.958
0.4,0.15,-0.15,31.2,44.9,59.13,31.45,50.62,28.31,50.0,58,47.958
0.75,0.45,-0.05,34.69,65.31,56.8,35.89,54.84,34.34,52.87,87,47.955999999999996
0.8,0.5,-0.05,34.69,65.31,56.8,35.48,54.03,34.94,52.81,89,47.955999999999996
0.75,0.75,-0.1,32.65,55.1,58.16,36.29,54.62,33.73,51.81,83,47.955999999999996
0.95,0.35,-0.1,35.28,65.89,56.4,36.69,54.03,32.53,52.33,86,47.952
0.9,0.95,-0.2,31.78,49.27,58.73,35.48,55.66,31.93,51.95,77,47.95
0.1,1.0,-0.05,36.44,58.89,55.62,37.9,54.76,36.75,53.06,98,47.948
0.05,1.0,0.1,36.44,62.97,55.62,40.32,53.06,37.35,53.47,101,47.948
0.75,0.9,-0.1,33.24,54.81,57.75,35.89,55.17,34.94,52.33,86,47.946
0.65,0.8,-0.1,33.24,54.81,57.75,35.08,54.87,34.34,51.76,85,47.946
0.7,0.85,-0.1,33.24,54.81,57.75,35.48,55.26,34.34,51.76,85,47.946
0.7,0.25,0.05,36.44,71.14,55.61,37.5,55.0,34.94,51.58,95,47.942
0.55,0.2,0.05,36.44,71.14,55.61,37.5,54.23,35.54,52.08,96,47.942
0.65,0.4,0.2,36.44,71.14,55.61,37.5,54.23,36.75,53.12,96,47.942
0.75,0.45,0.25,36.44,71.14,55.61,37.1,54.23,36.75,53.12,96,47.942
0.85,0.3,0.1,36.44,71.14,55.61,37.1,54.23,35.54,52.08,96,47.942
0.9,0.55,0.3,36.44,71.14,55.61,37.5,54.23,36.75,53.12,96,47.942
0.95,0.35,0.1,36.44,71.14,55.61,37.5,54.23,35.54,52.08,96,47.942
0.35,0.15,-0.05,34.4,63.85,56.97,36.69,55.56,31.93,50.62,81,47.94199999999999
0.95,0.35,-0.15,34.4,63.85,56.97,37.1,55.08,31.33,50.62,81,47.94199999999999
0.7,0.3,-0.1,34.4,63.85,56.97,36.69,55.56,31.93,50.62,81,47.94199999999999
1.0,0.75,0.2,36.15,68.8,55.8,37.1,52.86,34.94,52.17,92,47.94
0.9,0.65,0.2,36.15,68.8,55.8,36.69,52.86,35.54,52.69,93,47.94
0.95,0.7,0.2,36.15,68.8,55.8,37.1,52.86,35.54,52.69,93,47.94
0.75,0.55,0.15,36.15,68.8,55.8,37.1,52.86,35.54,52.69,93,47.94
0.95,0.35,-0.05,35.57,68.22,56.18,35.89,53.49,34.34,52.75,91,47.936
0.85,0.15,-0.1,35.57,68.22,56.18,38.31,54.96,33.13,53.57,84,47.936
0.3,0.15,0.25,37.61,74.05,54.82,37.1,53.79,39.76,53.27,107,47.93599999999999
0.7,0.5,0.2,36.73,70.26,55.38,37.1,53.19,35.54,51.58,95,47.92
0.85,0.6,0.25,36.73,70.26,55.38,37.1,53.57,35.54,51.58,95,47.92
0.9,0.6,0.25,36.73,70.26,55.38,37.1,53.57,36.14,51.58,95,47.92
0.65,0.45,0.2,36.73,70.26,55.38,37.1,53.57,36.14,51.55,97,47.92
1.0,0.7,0.3,36.73,70.26,55.38,37.1,53.57,36.14,52.08,96,47.92
0.5,0.35,0.15,36.73,70.26,55.38,37.1,53.57,36.14,52.08,96,47.92
0.95,0.65,0.3,36.73,70.26,55.38,37.1,53.57,36.14,51.55,97,47.92
0.8,0.55,0.25,36.73,70.26,55.38,37.1,53.57,36.14,51.55,97,47.92
0.35,0.25,0.1,36.73,70.26,55.38,37.1,53.19,35.54,51.58,95,47.92
0.8,0.45,-0.05,34.69,66.18,56.73,36.69,55.91,34.34,52.87,87,47.913999999999994
0.05,0.85,0.05,36.44,63.85,55.56,39.92,53.47,36.75,53.0,100,47.912
0.55,0.6,-0.2,31.2,40.23,59.05,35.08,54.26,28.92,48.53,68,47.91
0.8,0.85,-0.3,31.2,40.23,59.05,35.89,54.84,27.11,46.88,64,47.91
0.35,0.5,-0.2,27.99,26.24,61.19,32.66,55.88,27.71,47.27,55,47.91
0.25,0.35,-0.05,32.07,50.73,58.46,35.89,55.05,33.13,51.85,81,47.904
1.0,0.0,-0.2,35.28,66.76,56.32,37.9,55.12,34.34,50.0,84,47.904
0.5,0.0,-0.1,35.28,66.76,56.32,37.9,55.12,34.34,50.0,84,47.904
0.75,0.0,-0.15,35.28,66.76,56.32,37.9,55.12,34.34,50.0,84,47.904
0.95,0.0,-0.2,35.28,66.76,56.32,38.31,55.56,33.73,49.4,83,47.904
0.25,0.0,-0.05,35.28,66.76,56.32,37.9,55.12,34.34,50.0,84,47.904
0.8,0.0,-0.15,35.28,66.76,56.32,37.5,54.33,33.73,50.0,84,47.904
0.5,0.7,-0.1,32.07,50.73,58.46,35.89,55.05,33.13,51.85,81,47.904
0.6,0.4,0.15,36.15,69.68,55.74,37.1,53.57,36.14,52.13,94,47.904
0.6,0.7,-0.1,32.94,54.23,57.86,35.48,54.46,33.73,51.81,83,47.892
0.95,0.95,-0.15,32.94,54.23,57.86,36.69,54.24,32.53,50.62,81,47.892
0.3,0.35,-0.05,32.94,54.23,57.86,35.48,54.46,33.73,51.81,83,47.892
0.6,0.75,-0.1,32.94,54.23,57.86,35.89,54.46,33.73,51.19,84,47.892
0.65,0.65,-0.1,32.94,54.23,57.86,36.29,54.24,33.73,51.81,83,47.892
0.45,0.75,-0.2,30.61,39.07,59.41,35.48,57.14,30.12,50.72,69,47.88999999999999
0.75,0.55,-0.25,31.78,44.61,58.62,34.68,55.32,27.71,46.27,67,47.884
0.95,0.9,-0.3,31.78,44.61,58.62,35.08,54.64,29.52,48.61,72,47.884
0.75,0.65,-0.25,31.78,44.61,58.62,35.08,54.74,28.31,48.53,68,47.884
0.8,0.75,-0.25,31.78,44.61,58.62,35.08,54.64,29.52,48.61,72,47.884
0.9,0.65,-0.3,31.78,44.61,58.62,34.68,55.32,27.71,46.27,67,47.884
0.3,0.05,0.3,37.61,75.8,54.73,38.31,53.55,38.55,52.83,106,47.88199999999999
0.25,0.05,0.2,37.61,75.8,54.73,38.31,54.61,37.95,52.83,106,47.88199999999999
0.25,0.05,0.25,37.61,75.8,54.73,38.31,54.25,39.76,52.34,107,47.88199999999999
0.35,0.3,-0.25,25.95,11.95,62.5,25.81,62.5,20.48,52.94,17,47.88
0.15,0.15,0.3,37.32,72.59,54.92,38.71,53.95,41.57,53.98,113,47.879999999999995
0.75,0.85,-0.1,33.24,55.69,57.64,35.89,55.17,33.73,51.76,85,47.879999999999995
0.1,0.1,0.2,37.32,72.59,54.92,38.71,53.95,41.57,53.98,113,47.879999999999995
0.05,0.05,0.1,37.32,72.59,54.92,38.71,53.95,41.57,53.98,113,47.879999999999995
0.45,0.15,-0.05,34.99,65.31,56.47,36.69,54.03,31.93,51.19,84,47.878
0.85,0.25,-0.1,34.99,65.31,56.47,37.5,53.12,30.72,50.0,84,47.878
0.95,0.3,-0.1,34.99,65.31,56.47,37.1,53.12,31.33,50.0,86,47.878
0.9,0.25,-0.1,34.99,65.31,56.47,37.5,53.49,30.72,49.41,85,47.878
0.9,0.3,-0.1,34.99,65.31,56.47,36.69,54.03,31.93,51.19,84,47.878
0.8,0.55,0.05,35.86,68.22,55.87,36.69,53.68,36.14,52.69,93,47.866
0.85,0.6,0.05,35.86,68.22,55.87,36.69,53.68,36.14,52.69,93,47.866
0.95,0.65,0.05,35.86,68.22,55.87,36.69,54.07,36.14,52.69,93,47.866
0.8,0.5,0.05,35.86,68.22,55.87,37.1,54.01,36.75,53.76,93,47.866
0.05,1.0,0.05,36.73,62.97,55.29,40.73,53.42,36.75,53.0,100,47.866
0.95,0.6,0.05,35.86,68.22,55.87,36.69,54.48,36.75,53.76,93,47.866
0.7,0.45,0.05,35.86,68.22,55.87,36.69,53.68,36.75,53.76,93,47.866
1.0,0.7,0.05,35.86,68.22,55.87,36.69,54.48,36.14,52.69,93,47.866
0.9,0.55,-0.0,35.86,68.22,55.87,36.69,54.81,36.75,53.76,93,47.866
0.15,0.3,-0.05,32.36,46.65,58.2,36.69,56.31,34.34,54.32,81,47.864000000000004
0.3,0.6,-0.1,32.36,46.65,58.2,36.69,56.31,34.34,54.32,81,47.864000000000004
0.45,0.9,-0.15,32.36,46.65,58.2,36.69,56.31,34.34,54.32,81,47.864000000000004
0.95,0.45,-0.05,35.28,67.64,56.25,36.69,55.91,34.34,52.27,88,47.862
0.9,0.35,-0.05,35.28,67.64,56.25,36.29,54.69,33.73,52.22,90,47.862
1.0,0.45,-0.05,35.28,67.64,56.25,36.29,55.56,34.94,52.81,89,47.862
0.95,0.0,-0.25,34.99,62.1,56.44,34.27,52.25,31.93,49.35,77,47.86
0.75,0.0,-0.2,34.99,62.1,56.44,34.27,52.29,31.93,48.72,78,47.86
0.65,0.25,-0.25,31.49,44.02,58.77,31.45,50.63,28.31,50.88,57,47.858000000000004
0.0,0.3,-0.0,37.9,65.01,54.49,39.92,54.01,37.95,53.47,101,47.854
0.0,0.1,-0.0,37.9,65.01,54.49,39.92,54.01,37.95,53.47,101,47.854
0.0,0.6,-0.0,37.9,65.01,54.49,39.92,54.01,37.95,53.47,101,47.854
0.0,0.4,-0.0,37.9,65.01,54.49,39.92,54.01,37.95,53.47,101,47.854
0.0,0.75,-0.0,37.9,65.01,54.49,39.92,54.01,37.95,53.47,101,47.854
0.0,0.55,-0.0,37.9,65.01,54.49,39.92,54.01,37.95,53.47,101,47.854
0.0,0.2,-0.0,37.9,65.01,54.49,39.92,54.01,37.95,53.47,101,47.854
0.0,0.35,-0.0,37.9,65.01,54.49,39.92,54.01,37.95,53.47,101,47.854
0.0,0.05,-0.0,37.9,65.01,54.49,39.92,54.01,37.95,53.47,101,47.854
0.0,0.25,-0.0,37.9,65.01,54.49,39.92,54.01,37.95,53.47,101,47.854
0.0,0.9,-0.0,37.9,65.01,54.49,39.92,54.01,37.95,53.47,101,47.854
0.0,0.7,-0.0,37.9,65.01,54.49,39.92,54.01,37.95,53.47,101,47.854
0.0,1.0,-0.0,37.9,65.01,54.49,39.92,54.01,37.95,53.47,101,47.854
0.0,0.45,-0.0,37.9,65.01,54.49,39.92,54.01,37.95,53.47,101,47.854
0.0,0.15,-0.0,37.9,65.01,54.49,39.92,54.01,37.95,53.47,101,47.854
0.0,0.85,-0.0,37.9,65.01,54.49,39.92,54.01,37.95,53.47,101,47.854
0.0,0.95,-0.0,37.9,65.01,54.49,39.92,54.01,37.95,53.47,101,47.854
0.0,0.5,-0.0,37.9,65.01,54.49,39.92,54.01,37.95,53.47,101,47.854
0.0,0.8,-0.0,37.9,65.01,54.49,39.92,54.01,37.95,53.47,101,47.854
0.0,0.65,-0.0,37.9,65.01,54.49,39.92,54.01,37.95,53.47,101,47.854
0.2,0.05,0.25,37.61,76.68,54.68,38.31,54.3,39.76,53.7,108,47.852000000000004
0.4,0.2,0.25,37.32,73.47,54.87,37.9,54.11,38.55,51.92,104,47.849999999999994
0.5,0.25,0.3,37.32,73.47,54.87,37.9,54.11,37.95,51.46,103,47.849999999999994
0.45,0.25,0.2,36.73,72.01,55.26,37.5,54.55,37.95,53.0,100,47.848
0.7,0.4,0.3,36.73,72.01,55.26,37.5,54.55,37.95,53.0,100,47.848
0.6,0.35,0.25,36.73,72.01,55.26,37.5,54.55,37.95,53.0,100,47.848
0.35,0.2,0.15,36.73,72.01,55.26,37.5,54.55,37.95,53.0,100,47.848
0.5,1.0,0.2,35.57,62.68,56.02,36.69,53.68,39.16,54.08,98,47.84
0.25,0.5,0.1,35.57,62.68,56.02,36.69,53.68,39.16,54.08,98,47.84
0.0,0.05,0.1,38.19,74.05,54.27,39.52,54.09,43.37,54.78,115,47.837999999999994
0.6,0.8,-0.3,28.86,31.78,60.49,34.68,56.96,28.31,50.82,61,47.837999999999994
0.0,0.15,0.3,38.19,74.05,54.27,39.52,54.09,43.37,54.78,115,47.837999999999994
0.3,0.4,-0.15,28.86,31.78,60.49,34.68,56.96,28.31,50.82,61,47.837999999999994
0.0,0.1,0.2,38.19,74.05,54.27,39.52,54.09,43.37,54.78,115,47.837999999999994
0.55,0.85,-0.15,31.78,47.81,58.54,35.89,56.19,32.53,51.25,80,47.836
0.55,0.8,-0.15,31.78,47.81,58.54,36.29,56.19,32.53,51.25,80,47.836
0.65,0.1,-0.1,34.99,66.18,56.4,37.5,53.91,32.53,53.09,81,47.836
0.95,0.15,-0.15,34.99,66.18,56.4,36.69,54.03,32.53,53.09,81,47.836
0.6,0.45,0.15,36.44,69.68,55.43,36.69,52.86,34.94,51.61,93,47.833999999999996
0.2,0.15,0.05,36.44,69.68,55.43,36.69,52.86,34.94,51.61,93,47.833999999999996
0.4,0.3,0.1,36.44,69.68,55.43,36.69,52.86,34.94,51.61,93,47.833999999999996
0.55,0.4,0.15,36.44,69.68,55.43,37.1,53.19,35.54,52.13,94,47.833999999999996
0.75,0.55,0.2,36.44,69.68,55.43,37.1,53.19,35.54,52.13,94,47.833999999999996
0.8,0.6,0.2,36.44,69.68,55.43,36.69,52.86,34.94,51.61,93,47.833999999999996
0.95,0.7,0.25,36.44,69.68,55.43,37.1,53.19,35.54,52.13,94,47.833999999999996
0.9,0.65,0.25,36.44,69.68,55.43,37.1,53.19,35.54,51.58,95,47.833999999999996
1.0,0.75,0.25,36.44,69.68,55.43,36.69,52.86,34.94,51.61,93,47.833999999999996
0.95,0.65,0.25,36.44,69.68,55.43,37.1,53.57,36.14,52.13,94,47.833999999999996
0.05,0.95,-0.05,36.15,59.18,55.62,38.31,54.33,36.75,53.06,98,47.832
0.05,1.0,-0.05,36.15,59.18,55.62,38.31,54.33,36.75,53.06,98,47.832
0.05,0.6,0.3,36.15,67.35,55.62,37.9,51.97,38.55,53.33,105,47.832
0.05,0.9,-0.05,36.15,59.18,55.62,37.5,54.03,36.14,52.58,97,47.832
0.6,0.4,0.25,37.03,71.14,55.03,37.9,53.85,36.75,52.0,100,47.83
0.7,0.45,0.3,37.03,71.14,55.03,37.9,54.17,37.35,52.48,101,47.83
0.75,0.5,0.3,37.03,71.14,55.03,37.9,53.85,36.14,51.52,99,47.83
0.65,0.45,0.3,37.03,71.14,55.03,37.9,54.23,36.75,52.0,100,47.83
0.05,0.9,0.05,36.73,63.85,55.23,40.73,53.79,36.75,53.0,100,47.83
0.1,0.8,-0.0,36.44,61.52,55.42,40.32,53.85,35.54,52.04,98,47.828
0.05,0.4,-0.0,36.44,61.52,55.42,40.32,53.85,35.54,52.04,98,47.828
0.45,0.55,-0.1,32.36,49.85,58.14,35.48,54.63,32.53,51.9,79,47.828
0.7,0.95,-0.15,32.36,49.85,58.14,35.89,55.05,33.13,51.85,81,47.828
0.45,0.6,-0.1,32.36,49.85,58.14,35.89,55.56,33.13,52.5,80,47.828
0.3,0.5,-0.1,32.07,46.06,58.33,35.48,55.45,32.53,52.56,78,47.826
0.15,0.25,-0.05,32.07,46.06,58.33,35.48,55.45,32.53,52.56,78,47.826
0.65,1.0,-0.2,32.07,46.06,58.33,36.29,56.31,32.53,51.25,80,47.826
0.45,0.75,-0.15,32.07,46.06,58.33,35.48,55.45,32.53,52.56,78,47.826
0.35,0.4,-0.05,32.94,55.1,57.75,35.89,55.17,34.34,51.76,85,47.826
0.7,0.8,-0.1,32.94,55.1,57.75,35.89,55.17,34.34,51.76,85,47.826
0.6,1.0,-0.2,32.07,46.06,58.33,35.48,55.45,32.53,52.56,78,47.826
0.7,0.45,-0.05,34.11,64.14,56.97,35.48,54.03,33.73,52.33,86,47.82599999999999
0.35,0.85,-0.15,32.36,44.31,58.12,35.89,57.0,33.73,52.5,80,47.816
0.6,0.2,-0.3,30.9,32.65,59.09,30.24,55.77,25.9,44.44,45,47.814
0.3,0.1,-0.15,30.9,32.65,59.09,30.24,55.77,25.9,44.44,45,47.814
0.85,0.9,-0.1,33.24,56.56,57.53,35.89,53.72,33.73,51.76,85,47.814
0.55,0.65,-0.2,31.2,41.11,58.88,35.48,54.74,28.92,48.53,68,47.80800000000001
0.8,1.0,-0.3,31.2,41.11,58.88,35.89,55.21,28.92,48.53,68,47.80800000000001
0.4,0.5,-0.15,31.2,41.11,58.88,35.89,55.21,28.92,48.53,68,47.80800000000001
0.4,0.55,-0.2,29.15,32.36,60.24,34.68,56.25,28.92,51.61,62,47.804
0.85,0.55,0.25,36.44,70.55,55.38,37.5,53.9,37.35,52.58,97,47.804
0.8,0.5,0.25,36.44,70.55,55.38,37.1,53.9,36.75,53.12,96,47.804
0.7,0.45,0.2,36.44,70.55,55.38,37.5,53.9,37.35,52.58,97,47.804
0.95,0.6,0.3,36.44,70.55,55.38,37.1,53.9,36.75,53.12,96,47.804
1.0,0.65,0.3,36.44,70.55,55.38,37.5,53.9,37.35,52.58,97,47.804
0.4,0.35,-0.3,25.07,10.5,62.96,25.0,65.0,20.48,61.54,13,47.803999999999995
0.4,0.6,-0.15,30.61,42.27,59.26,35.89,54.08,30.12,51.43,70,47.8
0.45,0.7,-0.25,28.28,29.15,60.81,34.27,56.58,26.51,47.37,57,47.798
0.45,0.25,0.3,37.61,73.47,54.59,37.5,54.55,37.95,52.43,103,47.798
0.1,0.55,0.25,36.44,66.47,55.37,37.5,53.42,37.95,52.43,103,47.797999999999995
0.05,0.4,0.2,36.44,66.47,55.37,37.5,52.67,38.55,52.88,104,47.797999999999995
0.1,0.65,0.3,36.44,66.47,55.37,37.1,52.7,37.95,52.43,103,47.797999999999995
0.7,0.5,0.1,36.15,68.22,55.56,37.1,53.24,36.14,52.69,93,47.796
0.9,0.65,0.15,36.15,68.22,55.56,37.1,52.86,36.14,52.69,93,47.796
0.9,0.65,0.1,36.15,68.22,55.56,37.1,53.62,35.54,52.17,92,47.796
0.95,0.7,0.1,36.15,68.22,55.56,37.1,53.62,35.54,52.17,92,47.796
0.75,0.55,0.1,36.15,68.22,55.56,37.1,52.86,35.54,52.17,92,47.796
0.85,0.1,-0.15,35.28,65.31,56.14,37.5,53.97,33.13,53.09,81,47.796
0.85,0.6,0.15,36.15,68.22,55.56,37.1,53.24,36.14,52.69,93,47.796
0.9,0.05,-0.2,35.28,65.31,56.14,35.89,53.78,33.13,48.78,82,47.796
0.35,0.25,0.05,36.15,68.22,55.56,37.1,53.24,36.14,52.69,93,47.796
1.0,0.95,-0.3,31.78,45.48,58.47,34.27,54.08,30.12,49.32,73,47.794000000000004
0.95,1.0,0.25,35.86,65.89,55.75,36.29,54.07,37.95,52.58,97,47.794
0.65,0.4,0.3,37.03,72.01,54.97,37.5,54.17,37.35,52.48,101,47.794
0.75,0.8,0.2,35.86,65.89,55.75,36.29,54.07,37.95,52.58,97,47.794
0.9,0.95,0.25,35.86,65.89,55.75,36.29,54.07,37.95,52.58,97,47.794
0.45,0.15,0.3,37.32,75.22,54.77,37.5,54.36,39.16,52.38,105,47.790000000000006
0.45,0.5,-0.1,32.07,49.27,58.27,36.29,55.56,32.53,51.95,77,47.790000000000006
0.9,1.0,-0.2,32.07,49.27,58.27,36.29,55.56,32.53,51.95,77,47.790000000000006
0.25,0.1,0.25,37.32,75.22,54.77,37.9,54.36,40.36,53.7,108,47.790000000000006
0.2,0.05,0.15,37.32,75.22,54.77,37.9,54.3,39.16,52.83,106,47.790000000000006
0.15,0.05,0.15,37.32,75.22,54.77,37.9,54.0,40.96,53.7,108,47.790000000000006
0.3,0.1,0.3,37.32,75.22,54.77,37.9,54.0,40.96,53.7,108,47.790000000000006
0.15,0.05,0.1,37.32,75.22,54.77,37.5,54.36,39.16,52.38,105,47.790000000000006
0.25,0.1,0.3,37.32,75.22,54.77,37.9,54.36,39.76,53.7,108,47.790000000000006
0.3,0.1,0.2,37.32,75.22,54.77,37.5,54.36,39.16,52.38,105,47.790000000000006
0.35,0.1,0.25,37.32,75.22,54.77,37.5,54.36,39.76,52.83,106,47.790000000000006
0.4,0.1,0.3,37.32,75.22,54.77,37.9,54.3,39.16,52.83,106,47.790000000000006
0.8,0.4,-0.05,34.99,67.06,56.32,36.29,55.56,33.73,51.72,87,47.788000000000004
0.9,0.45,-0.05,34.99,67.06,56.32,36.69,55.91,33.73,51.72,87,47.788000000000004
0.35,0.3,0.05,35.57,67.64,55.93,36.69,54.07,35.54,52.17,92,47.786
0.7,0.65,0.2,35.57,67.64,55.93,36.69,54.41,36.75,52.08,96,47.786
0.7,0.25,-0.05,35.57,67.64,55.93,35.89,53.54,34.34,52.75,91,47.786
1.0,0.95,0.3,35.57,67.64,55.93,36.69,54.41,36.75,52.08,96,47.786
0.9,0.85,0.25,35.57,67.64,55.93,36.69,54.07,36.75,52.08,96,47.786
0.9,0.85,0.3,35.57,67.64,55.93,37.1,54.74,36.75,52.08,96,47.786
0.8,0.75,0.25,35.57,67.64,55.93,37.1,54.74,36.75,52.08,96,47.786
0.85,0.8,0.25,35.57,67.64,55.93,36.69,54.41,36.75,52.08,96,47.786
0.65,0.6,0.15,35.57,67.64,55.93,36.69,54.07,36.75,52.63,95,47.786
0.85,0.3,-0.05,35.57,67.64,55.93,36.29,54.26,34.34,52.75,91,47.786
0.95,0.9,0.3,35.57,67.64,55.93,37.1,54.74,36.75,52.08,96,47.786
0.75,0.7,0.2,35.57,67.64,55.93,36.69,54.07,36.75,52.08,96,47.786
0.7,0.6,0.1,35.57,67.64,55.93,36.69,54.07,35.54,52.17,92,47.786
0.6,0.85,-0.3,29.45,32.94,60.0,35.08,56.79,28.92,50.79,63,47.78
1.0,1.0,-0.15,32.65,54.52,57.86,36.29,54.24,33.73,51.81,83,47.776
0.85,0.95,-0.15,32.65,54.52,57.86,35.48,54.46,32.53,51.9,79,47.776
0.9,1.0,-0.15,32.65,54.52,57.86,35.48,54.46,32.53,51.85,81,47.776
0.3,0.15,0.3,37.61,74.34,54.55,37.9,54.05,40.36,53.7,108,47.774
0.1,0.05,0.1,37.61,74.34,54.55,37.9,54.05,40.36,53.7,108,47.774
0.2,0.1,0.2,37.61,74.34,54.55,37.9,54.05,40.36,53.7,108,47.774
0.55,0.1,-0.1,34.99,63.85,56.29,35.89,52.89,31.93,53.85,78,47.77
0.45,0.65,-0.15,31.49,44.9,58.62,36.69,55.45,30.72,51.35,74,47.768
0.3,0.45,-0.1,31.49,44.9,58.62,35.89,55.0,31.93,52.63,76,47.768
0.8,0.8,-0.25,31.49,44.9,58.62,34.68,54.08,30.12,49.32,73,47.768
0.65,0.65,-0.2,31.49,44.9,58.62,34.68,54.08,30.12,49.32,73,47.768
1.0,0.35,0.1,36.44,71.43,55.32,37.5,54.23,35.54,52.08,96,47.768
0.6,0.9,-0.2,31.49,44.9,58.62,35.89,55.0,31.93,52.63,76,47.768
0.6,0.35,0.3,37.03,72.89,54.92,37.5,54.17,37.35,52.48,101,47.763999999999996
1.0,0.55,-0.1,33.82,63.56,57.06,35.08,53.78,33.13,51.76,85,47.763999999999996
0.1,0.65,-0.05,35.28,54.81,56.08,36.69,53.28,36.75,53.19,94,47.76
0.8,0.85,-0.1,32.94,55.98,57.64,35.89,54.17,33.73,51.76,85,47.76
0.75,0.7,-0.25,31.78,43.15,58.41,35.08,55.32,27.71,47.76,67,47.758
0.85,0.75,0.05,34.69,65.6,56.47,36.69,54.48,36.14,52.75,91,47.757999999999996
0.5,0.55,-0.1,32.36,50.73,58.02,35.08,54.05,31.93,51.95,77,47.756
0.7,0.7,-0.15,32.36,50.73,58.02,35.48,55.14,32.53,51.9,79,47.756
0.95,0.95,-0.2,32.36,50.73,58.02,35.48,54.13,32.53,51.9,79,47.756
0.7,0.85,-0.15,32.36,50.73,58.02,35.89,54.55,32.53,51.9,79,47.756
0.95,1.0,-0.2,32.36,50.73,58.02,35.89,55.56,31.93,51.95,77,47.756
0.95,0.8,0.05,35.28,66.18,56.07,36.69,54.07,35.54,52.75,91,47.754
1.0,0.7,0.25,36.15,69.1,55.49,37.1,53.57,35.54,52.69,93,47.754
1.0,0.25,-0.1,35.28,66.18,56.07,38.31,53.79,30.72,49.41,85,47.754
0.45,0.3,0.1,36.15,69.1,55.49,37.1,53.57,36.14,52.69,93,47.754
0.85,0.65,0.2,36.15,69.1,55.49,36.69,52.86,34.94,51.61,93,47.754
0.85,0.7,0.05,35.28,66.18,56.07,36.69,53.68,34.94,52.17,92,47.754
0.9,0.6,0.2,36.15,69.1,55.49,37.1,53.57,36.14,52.69,93,47.754
0.0,0.95,0.2,36.15,65.01,55.49,39.11,52.35,36.14,53.0,100,47.754
0.9,0.75,0.05,35.28,66.18,56.07,36.69,54.07,35.54,52.75,91,47.754
0.85,0.9,-0.2,31.78,48.69,58.4,36.29,56.19,31.93,51.95,77,47.752
0.1,0.45,0.2,35.86,66.76,55.68,37.5,53.79,38.55,52.88,104,47.752
0.65,0.7,-0.15,31.78,48.69,58.4,35.89,55.66,31.93,51.95,77,47.752
0.15,0.85,-0.1,33.82,50.73,57.04,35.89,52.68,36.14,54.44,90,47.751999999999995
0.9,0.5,-0.0,35.57,68.51,55.87,36.29,55.22,36.75,53.76,93,47.75
0.05,0.95,0.1,36.44,63.27,55.29,39.92,52.74,36.75,53.0,100,47.75
0.8,0.45,-0.0,35.57,68.51,55.87,36.29,54.81,36.75,53.76,93,47.75
0.45,0.25,-0.0,35.57,68.51,55.87,36.29,55.22,36.75,53.76,93,47.75
0.05,0.95,0.05,36.44,63.27,55.29,40.73,53.42,36.75,53.0,100,47.75
0.65,0.5,-0.2,32.07,46.94,58.2,35.48,56.12,28.92,48.57,70,47.748000000000005
1.0,0.75,-0.3,32.07,46.94,58.2,35.89,56.57,28.31,47.83,69,47.748000000000005
0.85,0.65,-0.25,32.07,46.94,58.2,35.89,56.57,29.52,49.3,71,47.748000000000005
0.35,0.25,-0.3,23.91,4.08,63.64,23.79,80.0,18.67,75.0,4,47.748
1.0,0.65,-0.15,32.94,59.18,57.62,35.89,53.98,33.13,52.44,82,47.748
0.7,0.5,0.25,36.73,70.55,55.08,37.1,53.19,36.14,51.52,99,47.739999999999995
0.7,0.5,0.3,36.73,70.55,55.08,37.9,53.85,36.75,52.0,100,47.739999999999995
0.4,0.3,0.15,36.73,70.55,55.08,37.5,53.15,36.14,51.52,99,47.739999999999995
0.95,0.7,0.3,36.73,70.55,55.08,37.1,52.82,36.14,51.55,97,47.739999999999995
0.8,0.6,0.3,36.73,70.55,55.08,37.5,53.15,36.14,51.52,99,47.739999999999995
0.6,0.45,0.25,36.73,70.55,55.08,37.5,53.52,36.75,52.0,100,47.739999999999995
0.75,0.55,0.3,36.73,70.55,55.08,37.5,53.15,36.75,52.0,100,47.739999999999995
0.75,0.55,0.25,36.73,70.55,55.08,37.1,52.82,36.75,52.04,98,47.739999999999995
0.65,0.5,0.3,36.73,70.55,55.08,37.9,53.85,37.95,52.94,102,47.739999999999995
0.65,0.5,0.25,36.73,70.55,55.08,37.5,53.52,36.75,52.0,100,47.739999999999995
0.8,0.55,0.3,36.73,70.55,55.08,37.5,53.52,35.54,51.55,97,47.739999999999995
0.65,0.45,0.25,36.73,70.55,55.08,37.9,53.85,36.75,52.53,99,47.739999999999995
0.55,0.4,0.2,36.73,70.55,55.08,37.5,53.15,36.14,51.52,99,47.739999999999995
0.45,0.35,0.2,36.73,70.55,55.08,37.5,53.52,37.95,52.43,103,47.739999999999995
0.55,0.4,0.25,36.73,70.55,55.08,37.9,53.85,36.75,52.0,100,47.739999999999995
0.9,0.65,0.3,36.73,70.55,55.08,37.1,52.82,36.14,51.02,98,47.739999999999995
0.35,0.25,0.15,36.73,70.55,55.08,37.9,53.85,36.75,52.0,100,47.739999999999995
0.5,0.35,0.2,36.73,70.55,55.08,37.9,53.85,36.75,52.53,99,47.739999999999995
0.85,0.6,0.3,36.73,70.55,55.08,37.1,53.19,35.54,51.02,98,47.739999999999995
0.85,0.15,-0.15,34.99,64.72,56.21,35.89,52.89,32.53,54.43,79,47.722
1.0,0.95,0.1,34.99,64.72,56.21,36.69,54.48,37.35,52.63,95,47.722
0.75,0.2,-0.1,34.99,64.72,56.21,37.9,53.91,30.72,51.22,82,47.722
0.9,0.75,0.1,35.86,67.64,55.62,36.69,53.68,35.54,52.75,91,47.716
1.0,0.15,-0.15,34.69,66.47,56.4,37.9,54.26,31.93,52.44,82,47.715999999999994
0.0,0.6,0.1,36.44,64.14,55.23,39.52,52.38,37.35,53.47,101,47.714
0.0,0.3,0.05,36.44,64.14,55.23,39.52,52.38,37.35,53.47,101,47.714
0.0,0.9,0.15,36.44,64.14,55.23,39.52,52.38,37.35,53.47,101,47.714
0.85,0.8,0.2,35.28,67.06,56.0,36.69,54.07,36.75,52.63,95,47.712
0.45,0.45,-0.1,32.07,50.15,58.14,35.48,55.66,31.93,51.28,78,47.712
0.85,0.75,-0.3,31.2,41.98,58.72,34.27,54.95,26.51,46.15,65,47.712
0.55,0.15,-0.05,35.28,67.06,56.0,37.9,53.79,30.72,50.0,86,47.712
0.25,0.45,-0.1,31.2,41.98,58.72,35.08,56.38,33.13,53.25,77,47.712
0.9,0.9,-0.2,32.07,50.15,58.14,35.48,55.66,31.93,51.28,78,47.712
0.35,0.2,0.2,37.32,72.89,54.64,37.5,54.17,37.95,52.43,103,47.712
0.5,0.9,-0.2,31.2,41.98,58.72,35.08,56.38,33.13,53.25,77,47.712
0.75,0.65,0.1,35.28,67.06,56.0,36.69,54.48,35.54,52.17,92,47.712
0.8,0.5,0.3,36.73,71.43,55.03,37.5,54.23,37.35,53.06,98,47.71
0.75,0.7,-0.1,32.65,55.39,57.75,35.89,54.62,34.94,52.94,85,47.71
0.4,0.25,0.15,36.73,71.43,55.03,37.5,54.23,37.35,53.06,98,47.71
0.85,0.8,-0.25,31.78,46.36,58.33,34.27,54.08,30.12,49.32,73,47.71
0.95,0.55,-0.1,33.53,62.97,57.14,36.29,53.78,33.13,51.19,84,47.696
0.95,0.6,-0.1,33.53,62.97,57.14,36.29,54.17,33.73,52.38,84,47.696
0.5,0.95,-0.1,33.53,53.35,57.14,36.69,56.14,34.34,51.76,85,47.696
0.45,0.45,-0.05,32.94,56.85,57.53,34.68,53.72,34.34,51.76,85,47.694
0.85,0.85,-0.1,32.94,56.85,57.53,35.08,54.17,34.34,52.38,84,47.694
0.9,0.9,-0.1,32.94,56.85,57.53,34.68,53.72,34.34,51.76,85,47.694
0.25,0.5,0.3,36.73,67.35,55.0,37.1,53.9,40.96,54.21,107,47.692
0.2,0.4,0.25,36.73,67.35,55.0,37.5,54.23,40.96,54.21,107,47.692
0.15,0.9,-0.1,33.82,51.6,56.93,36.69,53.51,36.14,53.26,92,47.686
0.35,0.8,0.25,35.28,63.85,55.95,37.5,53.57,39.76,55.0,100,47.682
0.3,0.75,0.25,35.28,63.85,55.95,37.1,53.57,39.16,52.94,102,47.682
0.3,0.15,0.2,37.32,73.76,54.59,37.9,54.11,39.76,52.83,106,47.682
0.45,1.0,0.3,35.28,63.85,55.95,37.5,53.96,39.76,55.0,100,47.682
0.4,0.95,0.3,35.28,63.85,55.95,37.5,53.9,39.16,54.55,99,47.682
0.35,0.9,0.3,35.28,63.85,55.95,37.1,53.57,39.16,52.94,102,47.682
0.25,0.6,0.2,35.28,63.85,55.95,37.5,53.9,39.76,53.92,102,47.682
0.1,0.6,0.3,36.15,66.76,55.37,37.9,53.38,39.16,53.33,105,47.681999999999995
0.05,0.3,0.15,36.15,66.76,55.37,37.9,53.38,39.16,53.33,105,47.681999999999995
0.95,0.65,0.15,35.86,68.51,55.56,37.1,53.62,36.14,52.69,93,47.68
0.9,0.15,-0.15,34.99,65.6,56.14,36.69,54.03,32.53,53.75,80,47.68
0.45,0.4,0.1,35.86,68.51,55.56,36.69,53.68,36.75,52.63,95,47.68
0.55,0.4,0.1,35.86,68.51,55.56,37.1,52.86,36.14,52.69,93,47.68
0.5,0.35,0.05,35.86,68.51,55.56,36.69,53.68,36.14,52.69,93,47.68
1.0,0.3,-0.1,34.99,65.6,56.14,36.69,53.12,30.72,50.0,86,47.68
0.7,0.55,0.1,35.86,68.51,55.56,37.1,52.86,35.54,52.69,93,47.68
0.65,0.45,0.1,35.86,68.51,55.56,37.1,53.62,36.14,52.69,93,47.68
0.8,0.55,0.15,35.86,68.51,55.56,37.1,53.24,36.14,52.69,93,47.68
1.0,0.7,0.1,35.86,68.51,55.56,36.69,53.68,36.14,52.69,93,47.68
0.6,0.1,-0.1,34.99,65.6,56.14,36.69,54.03,32.53,53.75,80,47.68
0.85,0.65,0.15,35.86,68.51,55.56,37.1,52.86,34.94,52.17,92,47.68
0.95,0.65,0.1,35.86,68.51,55.56,36.69,53.68,36.14,52.69,93,47.68
0.55,0.35,0.05,35.86,68.51,55.56,37.1,54.01,36.75,53.76,93,47.68
0.55,0.4,0.05,35.86,68.51,55.56,37.1,53.62,35.54,52.17,92,47.68
0.85,0.75,0.2,35.86,68.51,55.56,37.1,54.01,36.75,52.63,95,47.68
0.85,0.6,0.1,35.86,68.51,55.56,37.1,53.62,36.14,52.69,93,47.68
0.9,0.65,0.05,35.86,68.51,55.56,36.69,53.28,35.54,52.17,92,47.68
0.5,0.35,0.1,35.86,68.51,55.56,37.1,53.24,36.14,52.69,93,47.68
0.9,0.7,0.15,35.86,68.51,55.56,37.1,52.86,35.54,52.69,93,47.68
0.9,0.8,0.2,35.86,68.51,55.56,36.69,53.68,36.75,52.63,95,47.68
1.0,0.9,0.25,35.86,68.51,55.56,36.69,54.07,36.75,52.63,95,47.68
1.0,0.65,0.1,35.86,68.51,55.56,37.1,54.01,36.14,52.69,93,47.68
0.3,0.05,-0.05,34.99,65.6,56.14,36.69,54.03,32.53,53.75,80,47.68
0.5,0.15,-0.05,34.99,65.6,56.14,36.69,53.12,30.72,50.0,86,47.68
1.0,0.7,0.15,35.86,68.51,55.56,37.1,53.62,36.14,52.69,93,47.68
0.65,0.5,0.1,35.86,68.51,55.56,37.1,52.86,34.94,52.17,92,47.68
0.95,0.85,0.25,35.86,68.51,55.56,37.1,54.01,36.75,52.63,95,47.68
0.8,0.6,0.15,35.86,68.51,55.56,37.1,52.86,34.94,52.17,92,47.68
0.65,0.45,0.15,35.86,68.51,55.56,37.1,53.57,36.14,52.69,93,47.68
0.65,0.45,0.05,35.86,68.51,55.56,36.69,53.68,36.14,52.69,93,47.68
0.7,0.5,0.15,35.86,68.51,55.56,37.1,52.86,35.54,52.69,93,47.68
0.7,0.5,0.05,35.86,68.51,55.56,36.69,53.28,35.54,52.17,92,47.68
1.0,0.7,0.2,35.86,68.51,55.56,37.1,53.24,36.14,52.69,93,47.68
0.8,0.55,0.1,35.86,68.51,55.56,37.1,53.62,36.14,52.69,93,47.68
0.95,0.7,0.15,35.86,68.51,55.56,37.1,52.86,35.54,52.17,92,47.68
0.85,0.6,0.2,35.86,68.51,55.56,37.1,53.57,35.54,52.69,93,47.68
0.6,0.4,0.05,35.86,68.51,55.56,37.1,54.01,36.14,52.69,93,47.68
0.95,0.75,0.15,35.86,68.51,55.56,37.1,52.86,35.54,52.69,93,47.68
0.7,0.7,0.15,35.57,66.18,55.75,36.69,54.07,37.35,52.08,96,47.678
0.5,0.75,-0.15,31.49,45.77,58.47,36.29,56.31,32.53,51.25,80,47.678
0.05,0.65,0.05,36.15,62.68,55.36,39.92,52.74,36.14,52.53,99,47.676
0.05,0.7,0.05,36.15,62.68,55.36,39.92,53.47,36.75,53.0,100,47.676
0.45,0.35,-0.3,25.95,14.29,62.16,27.02,64.29,21.08,45.45,22,47.676
0.65,0.35,0.3,36.73,72.3,54.97,37.5,54.55,37.95,52.48,101,47.674
0.55,0.3,0.25,36.73,72.3,54.97,37.5,54.55,37.95,52.48,101,47.674
1.0,0.4,-0.05,35.28,67.93,55.93,36.29,54.69,33.73,52.22,90,47.67
0.35,1.0,-0.2,31.2,39.65,58.65,33.47,53.85,33.73,53.85,78,47.67
0.8,0.3,-0.05,35.28,67.93,55.93,35.89,53.91,34.34,52.75,91,47.67
1.0,0.5,-0.05,35.28,67.93,55.93,37.1,56.25,34.94,52.81,89,47.67
0.95,0.4,-0.15,34.11,63.56,56.71,36.69,55.17,31.93,50.62,81,47.669999999999995
0.1,0.75,-0.05,35.28,56.56,55.92,37.5,54.4,36.14,53.12,96,47.664
0.7,0.45,-0.2,32.07,47.81,58.06,34.68,53.47,28.92,47.89,71,47.664
1.0,0.6,-0.3,32.07,47.81,58.06,34.27,53.0,28.31,46.27,67,47.664
0.5,0.3,-0.15,32.07,47.81,58.06,34.27,53.0,28.31,46.27,67,47.664
1.0,0.95,-0.15,32.36,54.81,57.86,36.29,54.7,33.13,51.22,82,47.660000000000004
0.7,0.7,-0.1,32.36,54.81,57.86,36.69,54.62,33.73,51.81,83,47.660000000000004
0.35,0.35,-0.05,32.36,54.81,57.86,36.69,54.62,33.73,51.81,83,47.660000000000004
0.75,0.5,0.2,36.44,69.97,55.14,37.1,53.57,36.14,52.13,94,47.66
1.0,0.75,0.3,36.44,69.97,55.14,37.1,52.82,35.54,51.04,96,47.66
0.85,0.65,0.3,36.44,69.97,55.14,37.5,53.15,36.75,52.04,98,47.66
0.6,0.45,0.2,36.44,69.97,55.14,37.1,52.82,36.75,52.04,98,47.66
0.8,0.6,0.25,36.44,69.97,55.14,37.1,52.82,36.14,51.55,97,47.66
0.2,0.1,0.3,37.32,74.64,54.55,37.9,53.95,40.96,53.98,113,47.658
0.2,0.1,0.25,37.32,74.64,54.55,37.9,54.0,40.96,54.05,111,47.658
0.1,0.05,0.15,37.32,74.64,54.55,37.9,53.95,40.96,53.98,113,47.658
0.55,0.35,0.25,37.03,71.43,54.74,37.9,54.17,37.95,52.94,102,47.656000000000006
0.45,0.3,0.2,37.03,71.43,54.74,38.31,54.17,36.75,52.0,100,47.656000000000006
0.35,0.25,0.2,37.03,71.43,54.74,37.9,54.23,37.35,52.48,101,47.656000000000006
0.5,0.35,0.3,37.03,71.43,54.74,37.9,54.23,37.35,52.48,101,47.656000000000006
0.4,0.85,-0.15,32.36,46.06,57.85,36.69,57.43,34.94,54.32,81,47.654
0.65,0.95,-0.2,31.2,45.19,58.62,36.29,55.88,32.53,53.25,77,47.652
0.5,0.7,-0.15,31.2,45.19,58.62,36.29,55.88,30.72,51.35,74,47.652
0.3,0.8,-0.15,32.07,42.27,58.04,33.87,55.32,33.13,52.5,80,47.652
0.65,0.9,-0.2,31.2,45.19,58.62,36.29,55.45,30.72,51.35,74,47.652
0.65,0.15,-0.1,34.69,64.14,56.29,37.5,53.6,31.33,53.16,79,47.65
0.85,0.45,-0.1,33.53,63.85,57.06,35.89,54.24,32.53,51.19,84,47.647999999999996
0.8,0.4,-0.1,33.53,63.85,57.06,35.89,55.08,33.13,51.76,85,47.647999999999996
0.4,0.2,-0.05,33.53,63.85,57.06,35.89,55.08,33.13,51.76,85,47.647999999999996
0.7,0.9,-0.1,32.94,54.52,57.45,35.48,55.26,33.73,50.59,85,47.646
0.35,0.45,-0.05,32.94,54.52,57.45,35.48,55.26,33.73,50.59,85,47.646
0.45,0.4,-0.25,27.7,25.07,60.94,31.05,57.14,24.7,46.67,45,47.644
0.6,0.25,-0.25,30.61,38.48,59.0,31.05,54.17,27.11,49.06,53,47.644
0.35,0.7,-0.25,27.7,25.07,60.94,31.45,55.38,26.51,47.17,53,47.644
0.35,0.7,0.15,35.57,62.97,55.69,36.69,53.68,39.76,54.55,99,47.641999999999996
0.65,0.35,-0.05,34.4,65.89,56.47,36.29,55.2,33.73,52.33,86,47.641999999999996
0.45,0.9,0.2,35.57,62.97,55.69,36.69,53.68,40.36,55.0,100,47.641999999999996
0.85,0.65,-0.3,31.49,43.44,58.41,34.68,55.43,27.71,45.45,66,47.641999999999996
0.5,0.65,-0.1,32.07,51.02,58.02,35.89,54.55,33.73,51.81,83,47.64
0.75,1.0,-0.15,32.07,51.02,58.02,35.89,55.05,33.13,51.22,82,47.64
0.75,0.95,-0.15,32.07,51.02,58.02,35.48,54.55,33.13,51.22,82,47.64
0.3,0.55,0.25,35.86,65.31,55.49,36.69,54.35,39.76,54.37,103,47.638
0.35,0.65,0.3,35.86,65.31,55.49,36.69,54.35,39.76,54.37,103,47.638
0.45,0.4,0.05,34.99,66.47,56.07,36.69,54.48,36.75,52.69,93,47.638
0.7,0.6,0.05,34.99,66.47,56.07,36.69,54.48,35.54,52.75,91,47.638
0.65,0.55,0.05,34.99,66.47,56.07,36.69,54.07,35.54,52.75,91,47.638
0.75,0.65,0.05,34.99,66.47,56.07,36.69,54.48,36.14,52.75,91,47.638
1.0,0.85,0.05,34.99,66.47,56.07,36.69,54.07,36.14,52.75,91,47.638
0.9,0.8,0.1,34.99,66.47,56.07,36.69,54.48,36.75,52.69,93,47.638
0.45,0.3,-0.05,33.24,62.39,57.23,36.69,55.0,33.73,52.38,84,47.63399999999999
0.85,0.5,-0.1,33.24,62.39,57.23,35.89,53.85,32.53,51.22,82,47.63399999999999
0.9,0.6,-0.1,33.24,62.39,57.23,36.69,55.0,33.73,52.38,84,47.63399999999999
0.45,0.5,-0.3,26.53,18.37,61.7,29.03,59.09,22.29,42.86,35,47.632000000000005
0.2,0.05,0.2,37.32,75.51,54.5,38.71,54.61,40.36,52.78,108,47.628
0.35,0.1,0.3,37.32,75.51,54.5,37.5,54.0,39.76,52.83,106,47.628
0.5,0.3,0.25,37.03,72.3,54.69,37.5,54.17,37.35,52.48,101,47.626000000000005
0.4,0.25,0.2,37.03,72.3,54.69,37.5,54.17,37.95,52.94,102,47.626000000000005
0.35,0.0,-0.1,34.69,60.93,56.25,34.68,53.27,31.93,48.72,78,47.626
0.5,0.0,-0.15,34.69,60.93,56.25,35.08,53.85,31.93,48.05,77,47.626
1.0,0.0,-0.3,34.69,60.93,56.25,35.08,53.85,31.93,48.05,77,47.626
0.85,0.0,-0.25,34.69,60.93,56.25,35.08,53.33,32.53,48.72,78,47.626
0.7,0.0,-0.2,34.69,60.93,56.25,34.68,53.27,31.93,48.72,78,47.626
0.85,0.55,-0.05,34.11,64.43,56.63,35.48,54.03,33.73,51.72,87,47.622
0.9,0.6,-0.05,34.11,64.43,56.63,35.48,54.03,33.73,51.72,87,47.622
0.75,0.5,-0.05,34.11,64.43,56.63,35.48,54.47,34.34,51.72,87,47.622
0.75,0.35,-0.1,34.11,64.43,56.63,36.29,55.08,31.93,51.22,82,47.622
0.65,0.4,-0.05,34.11,64.43,56.63,35.89,54.47,33.13,51.76,85,47.622
0.7,0.9,-0.25,31.2,42.86,58.56,35.89,55.21,30.12,50.0,70,47.616
0.55,0.45,-0.2,31.2,42.86,58.56,33.87,55.06,27.11,45.31,64,47.616
0.55,0.75,-0.1,32.36,52.48,57.78,35.48,54.55,33.13,51.22,82,47.612
0.6,0.85,-0.1,32.36,52.48,57.78,34.27,54.55,33.13,50.6,83,47.612
0.8,0.95,-0.15,32.36,52.48,57.78,35.89,54.46,33.73,52.44,82,47.612
0.95,1.0,0.3,35.86,66.18,55.43,36.29,54.07,37.95,52.58,97,47.602
0.65,0.8,-0.2,30.61,44.02,58.93,35.48,56.12,29.52,50.0,70,47.602
0.7,0.15,-0.1,34.69,65.01,56.21,37.5,53.91,32.53,54.32,81,47.602
0.7,0.65,0.05,34.69,65.01,56.21,36.69,54.48,36.75,52.13,94,47.602
0.85,0.9,0.25,35.86,66.18,55.43,36.29,54.07,37.95,52.58,97,47.602
0.15,0.7,0.3,35.86,66.18,55.43,37.5,53.79,37.95,52.43,103,47.602
0.85,0.3,-0.1,34.69,65.01,56.21,36.69,54.47,31.93,51.19,84,47.602
0.45,0.8,0.3,35.57,63.85,55.62,35.89,54.07,40.36,54.46,101,47.6
0.45,0.85,0.3,35.57,63.85,55.62,36.29,54.01,39.16,54.55,99,47.6
1.0,0.8,0.1,35.57,67.93,55.62,36.69,53.28,35.54,52.69,93,47.6
1.0,0.65,0.05,35.57,67.93,55.62,36.69,54.48,36.14,53.26,92,47.6
0.9,0.6,0.05,35.57,67.93,55.62,36.69,53.68,36.14,53.26,92,47.6
0.5,0.4,0.05,35.57,67.93,55.62,36.69,53.28,35.54,52.69,93,47.6
0.85,0.8,0.3,35.57,67.93,55.62,37.1,54.35,37.35,52.58,97,47.6
0.85,0.75,0.15,35.57,67.93,55.62,36.69,54.07,36.75,52.63,95,47.6
0.75,0.7,0.25,35.57,67.93,55.62,37.1,54.35,36.75,52.08,96,47.6
0.75,0.6,0.1,35.57,67.93,55.62,37.1,52.86,35.54,52.69,93,47.6
0.6,0.55,0.2,35.57,67.93,55.62,37.1,54.35,36.75,52.08,96,47.6
0.85,0.55,0.05,35.57,67.93,55.62,36.69,53.68,36.14,53.26,92,47.6
0.85,0.7,0.1,35.57,67.93,55.62,36.69,53.28,35.54,52.17,92,47.6
0.3,0.55,0.2,35.57,63.85,55.62,36.29,54.01,39.16,54.0,100,47.6
0.8,0.65,0.1,35.57,67.93,55.62,36.69,53.28,35.54,52.69,93,47.6
0.8,0.7,0.15,35.57,67.93,55.62,36.69,54.07,36.75,52.63,95,47.6
0.95,0.85,0.2,35.57,67.93,55.62,36.69,53.68,36.75,52.63,95,47.6
0.65,0.6,0.2,35.57,67.93,55.62,37.1,54.35,36.75,52.08,96,47.6
0.7,0.65,0.25,35.57,67.93,55.62,37.1,54.35,36.75,52.08,96,47.6
0.6,0.55,0.15,35.57,67.93,55.62,36.69,54.07,36.75,52.63,95,47.6
0.25,0.25,0.05,35.28,65.6,55.81,36.69,54.07,37.35,52.08,96,47.598
0.5,0.5,0.1,35.28,65.6,55.81,36.69,54.07,37.35,52.08,96,47.598
1.0,1.0,0.2,35.28,65.6,55.81,36.69,54.07,37.35,52.08,96,47.598
0.75,0.75,0.15,35.28,65.6,55.81,36.69,54.07,37.35,52.08,96,47.598
0.45,0.25,0.25,37.03,73.18,54.64,37.5,54.17,37.35,51.96,102,47.596000000000004
0.55,0.3,0.3,37.03,73.18,54.64,37.5,54.17,37.95,51.96,102,47.596000000000004
0.75,0.45,0.3,36.44,71.72,55.03,37.5,54.55,37.95,53.0,100,47.594
0.5,0.3,0.2,36.44,71.72,55.03,37.5,54.55,37.95,53.0,100,47.594
0.25,0.15,0.1,36.44,71.72,55.03,37.5,54.55,37.95,53.0,100,47.594
0.65,0.4,0.25,36.44,71.72,55.03,37.5,54.23,37.95,53.0,100,47.594
0.75,0.6,-0.25,31.78,44.9,58.12,35.08,54.74,27.11,46.27,67,47.584
0.7,0.75,-0.1,32.94,55.39,57.34,36.29,54.7,32.53,50.6,83,47.580000000000005
0.75,0.8,-0.1,32.94,55.39,57.34,35.89,54.62,33.13,51.19,84,47.580000000000005
0.9,0.95,-0.1,33.24,56.85,57.14,35.48,53.72,34.34,52.33,86,47.58
0.55,0.0,-0.15,34.69,61.81,56.17,34.27,52.29,31.93,48.72,78,47.577999999999996
0.15,0.3,0.2,36.44,67.64,55.0,37.5,53.85,40.96,53.7,108,47.576
0.5,0.8,-0.15,32.36,46.94,57.72,35.89,56.31,32.53,51.25,80,47.576
1.0,0.95,-0.0,34.4,63.56,56.36,36.29,54.96,36.14,53.33,90,47.57599999999999
0.8,0.75,-0.0,34.4,63.56,56.36,36.29,54.96,36.14,53.33,90,47.57599999999999
0.95,0.9,-0.0,34.4,63.56,56.36,36.29,54.96,36.14,53.33,90,47.57599999999999
0.9,0.85,-0.0,34.4,63.56,56.36,36.29,54.96,36.14,53.33,90,47.57599999999999
0.85,0.8,-0.0,34.4,63.56,56.36,36.29,54.96,36.14,53.33,90,47.57599999999999
0.95,0.75,0.3,36.15,69.39,55.19,36.69,52.48,36.14,52.08,96,47.574
0.95,0.75,0.25,36.15,69.39,55.19,36.69,52.48,36.14,52.08,96,47.574
1.0,0.8,0.25,36.15,69.39,55.19,36.69,52.86,36.14,52.08,96,47.574
0.9,0.7,0.25,36.15,69.39,55.19,36.69,52.48,36.14,52.08,96,47.574
0.5,0.4,0.15,36.15,69.39,55.19,36.69,52.48,36.14,52.08,96,47.574
0.75,0.6,0.2,36.15,69.39,55.19,36.69,52.48,36.14,52.08,96,47.574
0.8,0.65,0.25,36.15,69.39,55.19,36.69,52.86,37.35,52.58,97,47.574
1.0,0.8,0.3,36.15,69.39,55.19,36.69,52.48,36.14,52.08,96,47.574
0.85,0.65,0.25,36.15,69.39,55.19,36.69,52.48,35.54,51.58,95,47.574
0.7,0.55,0.2,36.15,69.39,55.19,36.69,52.48,36.14,52.08,96,47.574
0.75,0.5,-0.1,32.65,60.35,57.52,36.69,54.7,33.73,52.38,84,47.572
0.4,0.8,0.15,35.28,62.39,55.76,36.69,53.68,39.16,54.08,98,47.568
0.55,0.15,-0.1,35.28,62.39,55.76,37.1,52.89,31.33,53.25,77,47.568
0.4,1.0,-0.3,30.03,30.32,59.26,32.26,56.76,27.71,50.0,60,47.568
0.15,0.3,0.05,35.28,62.39,55.76,36.69,53.73,37.95,53.12,96,47.568
0.5,1.0,0.15,35.28,62.39,55.76,36.69,53.73,38.55,53.12,96,47.568
0.2,0.5,-0.15,30.03,30.32,59.26,32.26,56.76,27.71,50.0,60,47.568
0.25,0.7,-0.2,30.03,30.32,59.26,33.06,57.89,28.31,49.23,65,47.568
0.95,0.65,-0.1,32.94,61.81,57.32,36.29,55.0,34.34,52.94,85,47.568
0.3,0.6,0.1,35.28,62.39,55.76,36.69,53.73,37.95,53.12,96,47.568
0.45,0.9,0.15,35.28,62.39,55.76,36.69,53.73,37.95,53.12,96,47.568
0.7,0.2,-0.1,34.99,64.14,55.95,37.9,53.97,30.72,51.85,81,47.566
1.0,0.3,-0.15,34.99,64.14,55.95,37.5,54.03,31.33,51.22,82,47.566
0.85,0.05,-0.2,34.99,64.14,55.95,35.48,53.04,33.13,49.38,81,47.566
0.35,0.1,-0.05,34.99,64.14,55.95,37.9,53.97,30.72,51.85,81,47.566
0.25,0.15,0.3,37.03,74.05,54.59,38.31,54.36,41.57,54.46,112,47.566
0.2,0.15,0.1,36.73,70.85,54.79,37.9,53.85,37.35,52.48,101,47.565999999999995
0.25,0.2,0.2,36.73,70.85,54.79,37.1,53.52,40.36,53.77,106,47.565999999999995
0.1,0.5,0.25,35.86,67.06,55.37,37.9,53.38,39.76,53.33,105,47.565999999999995
0.4,0.3,0.2,36.73,70.85,54.79,37.9,53.85,37.35,52.48,101,47.565999999999995
0.6,0.45,0.3,36.73,70.85,54.79,37.9,53.85,37.35,52.48,101,47.565999999999995
0.95,0.65,0.2,35.57,68.8,55.56,37.1,53.57,36.14,52.69,93,47.564
0.55,0.8,-0.1,32.07,51.9,57.89,35.48,54.55,33.13,51.22,82,47.562000000000005
0.6,0.6,0.15,35.28,66.47,55.75,36.69,54.07,37.35,52.08,96,47.562
0.9,0.9,0.2,35.28,66.47,55.75,36.69,54.07,37.35,52.08,96,47.562
0.65,0.65,0.15,35.28,66.47,55.75,36.69,54.07,37.35,52.08,96,47.562
0.4,0.4,0.1,35.28,66.47,55.75,36.69,54.07,37.35,52.08,96,47.562
0.2,0.2,0.05,35.28,66.47,55.75,36.69,54.07,37.35,52.08,96,47.562
0.8,0.8,0.2,35.28,66.47,55.75,36.69,54.07,37.35,52.08,96,47.562
0.6,0.5,0.05,35.28,66.47,55.75,36.69,53.68,35.54,52.75,91,47.562
0.45,0.45,0.1,35.28,66.47,55.75,36.69,54.07,37.35,52.08,96,47.562
0.85,0.85,0.2,35.28,66.47,55.75,36.69,54.07,37.35,52.08,96,47.562
1.0,1.0,0.25,35.28,66.47,55.75,36.69,54.07,37.35,52.08,96,47.562
0.85,0.5,-0.05,34.69,65.89,56.14,35.48,54.4,34.34,52.87,87,47.559999999999995
0.8,0.7,0.05,34.69,65.89,56.14,36.69,54.48,36.14,52.75,91,47.559999999999995
0.8,0.75,0.1,34.69,65.89,56.14,36.69,54.48,37.35,52.63,95,47.559999999999995
0.9,0.55,-0.05,34.69,65.89,56.14,35.89,54.84,34.94,52.81,89,47.559999999999995
0.1,0.75,-0.1,33.82,50.15,56.72,36.29,55.05,34.94,53.41,88,47.559999999999995
0.7,0.9,-0.15,32.36,50.15,57.69,35.89,55.05,32.53,51.25,80,47.558
0.9,0.75,-0.3,31.49,44.31,58.26,34.27,53.19,28.31,48.53,68,47.55199999999999
0.6,0.5,-0.2,31.49,44.31,58.26,34.27,53.19,28.31,48.53,68,47.55199999999999
0.3,0.25,-0.1,31.49,44.31,58.26,34.27,53.19,28.31,48.53,68,47.55199999999999
0.6,0.85,-0.15,31.78,48.1,58.06,35.89,55.66,32.53,51.25,80,47.548
0.6,0.9,-0.15,31.78,48.1,58.06,36.69,55.56,32.53,51.25,80,47.548
0.8,0.85,-0.2,31.78,48.1,58.06,36.29,55.77,31.93,51.95,77,47.548
0.2,0.3,-0.05,31.78,48.1,58.06,36.69,55.56,32.53,51.25,80,47.548
0.75,0.8,-0.2,31.78,48.1,58.06,35.89,55.34,30.72,50.67,75,47.548
0.4,0.55,-0.1,31.78,48.1,58.06,35.89,55.66,33.13,52.5,80,47.548
0.95,1.0,-0.25,31.78,48.1,58.06,35.89,55.34,30.72,50.67,75,47.548
0.4,0.6,-0.1,31.78,48.1,58.06,36.69,55.56,32.53,51.25,80,47.548
0.6,0.65,-0.15,31.78,48.1,58.06,36.29,56.19,31.33,51.32,76,47.548
0.25,0.15,0.25,37.32,73.18,54.36,37.1,53.79,40.36,53.21,109,47.544
0.35,0.2,0.25,37.32,73.18,54.36,37.5,54.55,37.95,52.43,103,47.544
0.5,0.95,-0.3,28.86,28.86,60.0,33.47,55.13,27.71,50.0,60,47.544
0.3,0.1,0.25,37.03,74.93,54.55,37.5,53.69,39.76,52.83,106,47.542
0.4,0.15,0.3,37.03,74.93,54.55,37.5,54.05,39.76,53.33,105,47.542
0.95,0.75,-0.3,32.07,46.36,57.85,36.29,56.12,28.31,47.83,69,47.538000000000004
0.35,0.95,-0.25,31.2,32.65,58.43,32.66,55.7,30.12,51.47,68,47.538
0.2,0.55,-0.1,31.78,42.57,58.04,35.08,56.7,33.73,53.09,81,47.536
0.2,0.55,-0.15,30.9,32.07,58.62,32.66,56.41,29.52,50.75,67,47.532
0.65,0.75,-0.1,32.65,54.81,57.45,35.48,54.39,34.34,52.38,84,47.53
0.65,0.85,-0.05,33.82,57.43,56.67,35.48,54.92,34.94,51.72,87,47.53
0.65,0.5,0.05,35.86,67.93,55.31,36.69,53.28,35.54,52.17,92,47.53
0.3,0.25,0.05,35.86,67.93,55.31,37.1,53.24,36.14,52.13,94,47.53
0.8,0.6,0.1,35.86,67.93,55.31,37.1,52.86,35.54,52.17,92,47.53
0.6,0.5,0.1,35.86,67.93,55.31,37.1,53.24,36.14,52.13,94,47.53
1.0,0.75,0.1,35.86,67.93,55.31,37.1,53.62,35.54,52.17,92,47.53
0.4,0.3,0.05,35.86,67.93,55.31,37.1,52.86,35.54,52.17,92,47.53
0.9,0.75,0.15,35.86,67.93,55.31,37.1,53.24,36.14,52.13,94,47.53
0.65,0.7,-0.1,32.65,54.81,57.45,36.29,54.31,33.13,51.22,82,47.53
0.25,0.6,0.15,35.28,63.27,55.69,36.69,52.52,38.55,54.08,98,47.525999999999996
0.35,0.85,0.25,35.28,63.27,55.69,37.5,53.57,39.16,54.0,100,47.525999999999996
0.35,0.75,0.15,35.28,63.27,55.69,36.69,52.9,38.55,53.61,97,47.525999999999996
0.2,0.45,0.1,35.28,63.27,55.69,36.69,52.9,37.95,53.61,97,47.525999999999996
0.25,0.55,0.15,35.28,63.27,55.69,37.1,53.62,39.76,55.0,100,47.525999999999996
0.3,0.65,0.15,35.28,63.27,55.69,36.69,53.28,38.55,54.08,98,47.525999999999996
0.7,0.55,-0.25,31.2,43.73,58.41,34.27,54.95,27.11,45.31,64,47.525999999999996
0.15,0.35,0.1,35.28,63.27,55.69,37.1,53.24,39.16,54.55,99,47.525999999999996
0.45,0.95,0.2,35.28,63.27,55.69,36.69,53.28,39.16,54.08,98,47.525999999999996
0.3,0.7,0.2,35.28,63.27,55.69,37.1,53.24,39.16,54.55,99,47.525999999999996
0.45,1.0,0.2,35.28,63.27,55.69,37.1,52.9,37.35,53.12,96,47.525999999999996
0.45,1.0,0.25,35.28,63.27,55.69,36.69,52.9,39.16,54.55,99,47.525999999999996
0.35,0.95,0.3,35.28,63.27,55.69,36.69,53.19,38.55,52.48,101,47.525999999999996
0.4,0.9,0.2,35.28,63.27,55.69,36.69,52.9,37.95,53.61,97,47.525999999999996
0.4,0.9,0.25,35.28,63.27,55.69,37.1,53.24,39.16,54.55,99,47.525999999999996
0.35,0.8,0.2,35.28,63.27,55.69,36.69,52.9,39.16,54.55,99,47.525999999999996
0.2,0.5,0.15,35.28,63.27,55.69,37.5,53.57,39.16,53.47,101,47.525999999999996
0.4,0.85,0.2,35.28,63.27,55.69,37.1,53.62,39.16,54.55,99,47.525999999999996
0.4,0.85,0.15,35.28,63.27,55.69,37.1,53.28,37.95,53.12,96,47.525999999999996
0.25,0.65,0.2,35.28,63.27,55.69,37.5,53.19,39.16,52.94,102,47.525999999999996
0.4,1.0,0.3,35.28,63.27,55.69,37.5,53.57,39.16,53.47,101,47.525999999999996
0.4,0.95,0.25,35.28,63.27,55.69,37.1,53.24,38.55,54.08,98,47.525999999999996
0.8,0.8,0.15,34.99,65.01,55.88,36.69,54.07,37.35,52.08,96,47.524
0.95,0.9,0.1,34.99,65.01,55.88,36.69,54.48,37.35,52.63,95,47.524
0.55,0.55,0.1,34.99,65.01,55.88,36.69,54.07,37.35,52.08,96,47.524
0.8,0.85,0.2,35.57,65.6,55.49,36.29,54.07,37.95,52.58,97,47.522
0.8,0.75,0.2,35.28,67.35,55.68,36.69,54.07,36.75,52.08,96,47.52
0.95,0.65,-0.0,35.28,67.35,55.68,36.69,54.48,36.14,53.26,92,47.52
0.95,0.9,0.25,35.28,67.35,55.68,36.69,54.07,36.75,52.08,96,47.52
0.95,0.85,0.15,35.28,67.35,55.68,36.69,54.07,36.75,52.63,95,47.52
0.9,0.5,-0.05,34.69,66.76,56.07,37.1,56.25,34.34,52.87,87,47.517999999999994
0.95,0.6,-0.15,32.36,59.77,57.62,35.89,53.98,32.53,51.85,81,47.516
0.7,1.0,-0.15,32.07,49.56,57.81,35.89,55.05,33.13,51.85,81,47.514
0.8,0.5,-0.1,32.65,61.22,57.42,36.29,55.17,33.13,51.81,83,47.512
0.4,0.25,-0.05,32.65,61.22,57.42,36.29,55.17,33.13,51.81,83,47.512
0.5,0.4,-0.3,27.7,21.28,60.71,29.44,58.14,24.7,54.55,33,47.506
0.5,0.65,-0.15,30.61,44.9,58.77,36.29,55.45,31.33,52.05,73,47.506
0.25,0.2,-0.15,27.7,21.28,60.71,29.44,58.14,24.7,54.55,33,47.506
0.35,0.35,-0.15,29.74,35.28,59.34,34.68,56.1,27.11,45.16,62,47.5
0.65,0.6,-0.2,31.78,45.77,57.98,35.08,54.64,29.52,49.3,71,47.5
0.7,0.7,-0.3,29.74,35.28,59.34,34.68,56.1,27.11,45.16,62,47.5
0.05,0.45,0.25,36.15,67.06,55.06,37.9,52.98,39.16,53.33,105,47.496
0.05,0.5,0.3,36.15,67.06,55.06,37.5,52.98,39.16,53.33,105,47.496
0.75,0.9,-0.25,30.9,43.15,58.56,35.89,55.67,30.12,50.0,70,47.496
0.05,0.35,0.2,36.15,67.06,55.06,37.5,52.67,39.16,53.33,105,47.496
0.6,0.75,-0.2,30.9,43.15,58.56,35.89,55.67,30.12,50.0,70,47.496
0.7,0.95,-0.25,30.9,43.15,58.56,35.48,55.21,30.72,50.7,71,47.496
0.45,0.55,-0.15,30.9,43.15,58.56,35.89,55.67,30.12,50.0,70,47.496
0.6,0.6,-0.25,30.03,35.86,59.14,34.68,55.42,26.51,45.16,62,47.496
0.9,0.7,0.2,35.86,68.8,55.25,37.1,52.86,35.54,52.13,94,47.494
0.8,0.7,0.2,35.86,68.8,55.25,37.1,54.01,36.75,52.63,95,47.494
0.7,0.55,0.15,35.86,68.8,55.25,37.1,52.86,35.54,52.13,94,47.494
0.65,0.5,0.15,35.86,68.8,55.25,37.1,52.86,34.94,51.61,93,47.494
0.45,0.35,0.1,35.86,68.8,55.25,37.1,52.86,35.54,52.13,94,47.494
1.0,0.65,0.15,35.86,68.8,55.25,37.5,53.96,36.14,52.69,93,47.494
1.0,0.9,0.3,35.86,68.8,55.25,37.1,54.35,36.75,52.63,95,47.494
0.6,0.4,0.1,35.86,68.8,55.25,37.5,53.96,36.14,52.69,93,47.494
0.8,0.25,-0.15,34.99,61.81,55.83,36.69,53.39,31.33,53.25,77,47.494
0.95,0.75,0.2,35.86,68.8,55.25,37.1,52.86,35.54,52.13,94,47.494
0.85,0.55,0.1,35.86,68.8,55.25,36.69,53.28,36.75,53.19,94,47.494
0.7,0.45,0.1,35.86,68.8,55.25,37.1,53.62,36.75,53.19,94,47.494
0.5,0.45,0.15,35.86,68.8,55.25,37.1,54.35,36.75,52.63,95,47.494
0.4,0.35,0.1,35.86,68.8,55.25,37.1,54.01,36.75,52.63,95,47.494
0.75,0.5,0.15,35.86,68.8,55.25,37.5,53.96,36.14,52.69,93,47.494
0.9,0.6,0.15,35.86,68.8,55.25,37.5,53.96,36.14,52.69,93,47.494
0.75,0.5,0.1,35.86,68.8,55.25,37.1,53.62,36.14,52.69,93,47.494
0.45,0.3,0.05,35.86,68.8,55.25,36.69,53.28,36.14,52.69,93,47.494
0.9,0.6,0.1,35.86,68.8,55.25,36.69,53.28,36.14,52.69,93,47.494
0.3,0.2,0.05,35.86,68.8,55.25,37.5,53.96,36.14,52.69,93,47.494
0.75,0.8,-0.15,32.36,51.02,57.58,35.48,54.05,31.93,51.95,77,47.492
0.1,0.7,-0.05,35.28,55.98,55.63,37.5,54.03,36.14,52.63,95,47.49
0.95,0.25,-0.15,34.69,63.56,56.02,37.5,54.03,31.33,53.85,78,47.488
0.65,0.2,-0.1,34.69,63.56,56.02,37.1,53.66,31.33,51.85,81,47.488
0.95,0.3,-0.15,34.69,63.56,56.02,36.69,53.72,30.72,51.25,80,47.488
0.55,0.55,0.15,35.57,66.47,55.43,37.1,54.41,37.35,52.08,96,47.486
0.9,0.5,-0.1,33.53,63.27,56.79,35.48,53.39,32.53,51.19,84,47.486
0.6,0.4,-0.05,33.53,63.27,56.79,35.89,54.47,34.34,52.94,85,47.486
0.55,0.35,-0.05,33.53,63.27,56.79,36.29,54.47,33.73,52.38,84,47.486
1.0,0.9,0.05,34.4,65.31,56.21,36.69,54.48,36.14,52.75,91,47.486
0.95,0.85,0.05,34.4,65.31,56.21,36.69,54.48,36.14,52.75,91,47.486
0.9,0.8,0.05,34.4,65.31,56.21,36.69,54.48,36.14,52.75,91,47.486
0.95,0.95,0.25,35.57,66.47,55.43,37.1,54.41,37.35,52.08,96,47.486
0.45,0.25,-0.05,33.53,63.27,56.79,35.48,53.39,32.53,51.19,84,47.486
0.9,0.9,0.25,35.57,66.47,55.43,37.1,54.41,37.35,52.08,96,47.486
0.7,0.35,-0.1,33.53,63.27,56.79,36.29,54.7,31.93,51.25,80,47.486
0.7,0.4,-0.05,34.4,65.31,56.21,36.29,55.65,34.34,52.87,87,47.486
0.75,0.75,0.2,35.57,66.47,55.43,37.1,54.41,37.35,52.08,96,47.486
0.3,0.85,0.3,35.28,64.14,55.62,36.29,53.19,39.76,53.4,103,47.484
0.35,0.65,0.25,35.28,64.14,55.62,36.69,54.35,39.16,54.0,100,47.484
0.4,0.9,0.3,35.28,64.14,55.62,37.1,53.96,39.76,55.0,100,47.484
0.25,0.7,0.25,35.28,64.14,55.62,36.69,53.19,39.76,53.4,103,47.484
0.4,0.75,0.3,35.28,64.14,55.62,36.69,54.35,40.36,54.9,102,47.484
0.35,0.85,0.3,35.28,64.14,55.62,37.5,53.9,39.76,53.92,102,47.484
0.3,0.7,0.25,35.28,64.14,55.62,37.9,54.61,39.76,54.46,101,47.484
0.2,0.45,0.15,35.28,64.14,55.62,37.1,53.96,39.76,55.0,100,47.484
1.0,0.95,0.15,34.99,65.89,55.81,36.69,54.07,37.35,52.63,95,47.482
0.6,0.4,0.3,37.03,71.72,54.45,38.31,54.55,37.95,52.94,102,47.482
0.35,0.25,0.25,37.03,71.72,54.45,37.5,53.9,38.55,52.88,104,47.482
0.0,0.7,0.15,35.86,64.72,55.23,39.11,52.0,35.54,53.06,98,47.482
0.15,0.1,0.1,37.03,71.72,54.45,37.5,54.55,38.55,53.4,103,47.482
0.55,0.35,0.3,37.03,71.72,54.45,37.5,54.55,37.95,52.94,102,47.482
0.3,0.2,0.2,37.03,71.72,54.45,37.5,54.55,38.55,53.4,103,47.482
0.3,0.2,0.15,37.03,71.72,54.45,38.31,54.55,37.95,52.94,102,47.482
0.95,0.25,-0.1,34.99,65.89,55.81,38.31,53.79,30.72,49.41,85,47.482
0.4,0.3,0.3,37.03,71.72,54.45,37.5,53.9,39.16,53.33,105,47.482
0.2,0.15,0.15,37.03,71.72,54.45,37.5,53.9,39.16,53.33,105,47.482
0.45,0.3,0.3,37.03,71.72,54.45,37.5,54.55,38.55,53.4,103,47.482
0.7,0.55,0.3,36.44,70.26,54.84,37.5,53.52,37.35,52.48,101,47.480000000000004
0.05,0.9,0.1,36.15,62.97,55.03,39.92,52.74,36.14,52.53,99,47.478
0.7,0.8,-0.25,31.2,41.4,58.33,35.48,54.74,29.52,49.28,69,47.477999999999994
0.7,0.65,-0.2,31.2,46.94,58.33,34.27,53.54,30.12,49.32,73,47.477999999999994
0.75,0.95,-0.05,33.82,58.31,56.58,35.89,54.84,36.14,52.22,90,47.476
0.65,0.95,-0.15,31.78,48.98,57.94,36.29,55.56,33.13,51.85,81,47.476
0.45,0.65,-0.1,31.78,48.98,57.94,35.89,55.56,33.13,51.85,81,47.476
0.9,0.95,-0.15,32.36,54.23,57.55,35.89,54.39,33.13,51.85,81,47.474
0.65,0.35,-0.1,33.24,61.81,56.96,36.29,53.91,31.33,51.28,78,47.472
0.95,0.85,-0.3,31.49,45.19,58.12,35.48,54.64,29.52,49.3,71,47.468
0.4,0.95,-0.25,30.03,33.53,59.09,32.66,54.32,31.33,52.17,69,47.466
0.65,0.25,-0.3,30.9,35.28,58.51,30.24,53.12,27.71,48.98,49,47.465999999999994
0.8,0.75,-0.1,32.65,55.69,57.34,35.48,54.62,34.94,52.94,85,47.464000000000006
0.95,0.95,-0.1,32.94,57.14,57.14,35.08,54.1,34.94,52.33,86,47.46
0.35,0.55,-0.1,32.07,47.23,57.72,35.89,56.73,32.53,51.25,80,47.46
0.75,0.95,-0.1,33.24,55.39,56.94,35.48,55.26,34.34,51.16,86,47.459999999999994
0.75,0.55,-0.1,32.65,58.89,57.33,37.5,55.46,34.94,52.94,85,47.458
0.5,0.55,-0.3,27.11,23.32,61.02,31.05,55.36,25.9,50.0,44,47.456
0.7,0.75,-0.25,30.9,40.82,58.49,34.27,54.26,28.92,47.83,69,47.454
0.8,0.05,-0.2,34.99,62.68,55.76,34.27,52.29,33.13,50.0,80,47.452
0.3,0.8,0.2,34.99,62.68,55.76,37.9,53.57,36.75,51.55,97,47.452
0.15,0.4,0.1,34.99,62.68,55.76,37.9,53.57,36.75,51.55,97,47.452
0.3,0.75,0.2,34.99,62.68,55.76,37.5,53.19,38.55,53.54,99,47.452
0.35,0.8,0.15,34.99,62.68,55.76,37.1,52.52,36.75,52.63,95,47.452
0.4,1.0,0.25,34.99,62.68,55.76,37.9,53.19,37.35,52.58,97,47.452
0.25,0.55,0.1,34.99,62.68,55.76,37.1,52.9,37.95,53.12,96,47.452
0.4,0.95,0.2,34.99,62.68,55.76,37.1,52.52,36.75,52.63,95,47.452
0.35,0.85,0.2,34.99,62.68,55.76,37.1,52.52,37.35,53.12,96,47.452
0.25,0.65,0.15,34.99,62.68,55.76,37.9,53.57,36.75,52.63,95,47.452
0.35,0.95,0.25,34.99,62.68,55.76,37.5,53.57,36.75,51.55,97,47.452
0.35,0.9,0.2,34.99,62.68,55.76,37.5,53.24,36.75,52.63,95,47.452
0.3,0.7,0.15,34.99,62.68,55.76,37.1,52.52,37.35,53.12,96,47.452
0.35,0.9,0.25,34.99,62.68,55.76,37.5,53.19,38.55,53.0,100,47.452
0.4,0.25,0.25,37.03,72.59,54.4,37.5,54.55,37.95,52.94,102,47.452
0.55,0.55,0.2,35.57,67.35,55.37,36.29,54.41,37.35,52.58,97,47.449999999999996
0.7,0.7,0.25,35.57,67.35,55.37,36.29,54.41,37.35,52.58,97,47.449999999999996
0.85,0.85,0.3,35.57,67.35,55.37,36.29,54.41,37.35,52.58,97,47.449999999999996
0.15,1.0,-0.25,31.78,34.69,57.89,33.06,55.0,30.12,51.39,72,47.446000000000005
0.75,0.7,-0.15,31.78,52.19,57.89,35.89,53.15,32.53,51.9,79,47.446000000000005
1.0,0.85,0.1,34.99,66.76,55.75,36.69,54.48,35.54,52.75,91,47.446
0.75,0.1,-0.15,34.69,64.43,55.95,35.89,52.54,33.13,53.16,79,47.446
0.9,0.85,0.2,34.99,66.76,55.75,36.69,54.07,36.75,52.63,95,47.446
0.4,0.35,0.05,34.99,66.76,55.75,36.69,54.48,35.54,52.17,92,47.446
0.75,0.7,0.05,34.69,64.43,55.95,36.69,54.48,37.35,52.63,95,47.446
0.05,0.35,0.15,35.86,65.6,55.17,37.9,53.06,38.55,52.88,104,47.446
0.05,0.25,0.1,35.86,65.6,55.17,37.9,53.79,38.55,52.43,103,47.446
0.15,0.75,0.3,35.86,65.6,55.17,37.9,53.79,38.55,52.43,103,47.446
0.9,0.65,-0.0,34.99,66.76,55.75,36.29,53.73,35.54,52.75,91,47.446
0.1,0.5,0.2,35.86,65.6,55.17,37.9,53.79,38.55,52.43,103,47.446
0.1,0.6,0.25,35.86,65.6,55.17,37.5,53.06,39.16,52.88,104,47.446
1.0,0.1,-0.2,34.69,64.43,55.95,36.29,52.46,33.13,51.85,81,47.446
0.95,0.8,0.1,34.99,66.76,55.75,36.69,54.07,35.54,52.75,91,47.446
0.5,0.05,-0.1,34.69,64.43,55.95,36.29,52.46,33.13,51.85,81,47.446
0.1,0.7,0.3,35.86,65.6,55.17,37.9,53.06,38.55,52.88,104,47.446
0.8,0.7,0.1,34.99,66.76,55.75,36.69,54.48,35.54,52.17,92,47.446
0.85,0.75,0.1,34.99,66.76,55.75,36.69,54.48,35.54,52.17,92,47.446
0.25,0.6,-0.1,32.36,45.48,57.5,36.69,57.28,34.94,53.66,82,47.444
0.7,0.95,-0.2,30.9,46.36,58.47,36.29,56.31,30.72,51.35,74,47.442
0.5,0.75,-0.1,32.07,50.44,57.69,35.48,55.05,33.13,51.85,81,47.442
0.95,0.95,-0.3,31.2,44.61,58.26,34.68,54.08,29.52,48.61,72,47.43599999999999
0.4,0.3,-0.25,26.53,16.91,61.36,27.02,57.58,23.49,46.67,30,47.428
1.0,0.65,-0.1,33.24,62.68,56.88,36.29,54.55,33.73,52.38,84,47.424
0.9,0.55,-0.1,33.24,62.68,56.88,36.29,53.78,33.73,52.38,84,47.424
0.9,0.85,-0.3,31.49,42.86,58.04,35.08,55.32,27.71,47.76,67,47.42
0.3,0.1,-0.05,34.4,62.97,56.1,36.69,54.24,30.72,51.25,80,47.419999999999995
0.6,0.2,-0.1,34.4,62.97,56.1,36.69,54.24,30.72,51.25,80,47.419999999999995
0.9,0.3,-0.15,34.4,62.97,56.1,36.69,54.24,30.72,51.25,80,47.419999999999995
0.6,0.35,-0.05,34.11,64.72,56.29,35.08,54.17,34.34,52.87,87,47.418
0.75,0.05,-0.2,34.69,61.22,55.9,33.47,51.43,32.53,49.37,79,47.416
0.55,0.6,-0.05,33.53,57.73,56.67,35.08,53.66,34.94,52.87,87,47.414
0.95,0.8,0.15,35.57,68.22,55.31,36.69,53.28,35.54,52.17,92,47.414
0.6,0.65,-0.05,33.53,57.73,56.67,35.48,54.03,34.94,52.87,87,47.414
1.0,0.75,0.15,35.57,68.22,55.31,37.1,52.86,34.94,52.17,92,47.414
0.6,0.45,0.1,35.57,68.22,55.31,37.1,52.86,34.94,52.17,92,47.414
1.0,0.8,0.15,35.57,68.22,55.31,37.1,52.86,35.54,52.69,93,47.414
1.0,0.85,0.15,35.57,68.22,55.31,36.69,54.07,35.54,52.17,92,47.414
0.65,0.55,0.1,35.57,68.22,55.31,36.69,53.68,35.54,52.17,92,47.414
0.65,0.8,-0.05,33.53,57.73,56.67,36.29,55.28,36.14,52.22,90,47.414
0.75,0.5,0.05,35.57,68.22,55.31,36.69,53.68,36.14,53.26,92,47.414
0.75,0.65,0.15,35.57,68.22,55.31,36.69,53.28,36.75,52.63,95,47.414
0.75,0.55,0.05,35.57,68.22,55.31,36.69,53.28,35.54,52.17,92,47.414
0.8,0.75,0.3,35.57,68.22,55.31,37.1,54.35,37.35,52.58,97,47.414
0.7,0.65,-0.1,32.36,55.1,57.45,36.29,55.08,34.34,52.38,84,47.414
0.6,0.75,-0.05,33.53,57.73,56.67,35.48,55.0,34.94,51.14,88,47.414
0.55,0.35,-0.15,32.65,50.15,57.25,35.48,54.37,29.52,48.61,72,47.410000000000004
0.7,0.75,0.2,35.86,66.47,55.11,36.29,54.07,37.95,52.58,97,47.41
0.45,0.95,0.25,34.99,63.56,55.69,37.1,53.62,39.76,55.0,100,47.41
0.45,0.9,0.25,34.99,63.56,55.69,36.69,53.28,40.36,55.0,100,47.41
0.9,0.95,0.3,35.86,66.47,55.11,35.89,54.07,38.55,53.06,98,47.41
0.35,0.75,0.2,34.99,63.56,55.69,37.1,53.62,39.76,55.0,100,47.41
0.35,0.7,0.2,34.99,63.56,55.69,36.69,53.28,39.76,55.0,100,47.41
0.8,0.85,0.25,35.86,66.47,55.11,36.29,54.07,38.55,53.06,98,47.41
0.0,0.7,-0.05,36.44,58.02,54.72,37.5,53.72,36.75,54.74,95,47.408
0.95,0.95,0.2,35.28,65.89,55.49,36.69,54.07,37.35,52.08,96,47.406
0.4,0.45,-0.05,33.24,56.27,56.85,35.48,55.17,33.73,51.76,85,47.406
0.95,0.55,-0.15,32.94,61.22,57.05,35.89,54.46,31.33,50.63,79,47.406
0.85,1.0,-0.1,33.24,56.27,56.85,35.48,54.7,34.94,52.33,86,47.406
0.8,0.95,-0.1,33.24,56.27,56.85,35.89,55.17,34.94,52.33,86,47.406
0.8,0.9,-0.1,33.24,56.27,56.85,35.48,55.17,33.73,51.76,85,47.406
0.85,0.6,-0.1,32.65,59.77,57.24,37.1,55.46,34.34,52.94,85,47.404
0.6,0.35,-0.1,32.65,59.77,57.24,35.89,54.95,31.93,50.63,79,47.404
0.9,0.65,-0.1,32.65,59.77,57.24,35.89,55.0,34.94,52.94,85,47.404
0.95,0.7,-0.1,32.65,59.77,57.24,36.29,55.37,34.94,52.94,85,47.404
0.9,0.85,0.1,34.69,65.31,55.88,36.69,54.48,37.35,52.63,95,47.403999999999996
0.65,0.6,0.05,34.69,65.31,55.88,36.69,54.48,36.75,52.13,94,47.403999999999996
0.75,0.65,-0.0,34.69,65.31,55.88,35.89,54.62,36.14,53.33,90,47.403999999999996
0.85,0.8,0.1,34.69,65.31,55.88,36.69,54.48,37.35,52.63,95,47.403999999999996
0.4,0.35,-0.0,34.69,65.31,55.88,36.29,54.96,36.14,53.33,90,47.403999999999996
0.8,0.7,-0.0,34.69,65.31,55.88,36.29,54.96,36.14,53.33,90,47.403999999999996
0.35,0.3,-0.0,34.69,65.31,55.88,35.89,54.2,36.14,53.33,90,47.403999999999996
0.7,0.6,-0.0,34.69,65.31,55.88,35.89,54.2,36.14,53.33,90,47.403999999999996
0.65,0.4,-0.1,32.07,60.06,57.62,35.89,53.98,32.53,51.85,81,47.4
0.7,0.45,-0.1,32.07,60.06,57.62,36.29,54.78,33.13,52.44,82,47.4
0.7,0.95,-0.1,32.94,54.81,57.04,35.48,55.26,33.73,50.59,85,47.4
0.85,0.85,-0.2,31.78,49.85,57.81,35.48,55.77,31.93,51.95,77,47.398
0.65,0.65,-0.15,31.78,49.85,57.81,35.48,55.77,31.93,51.28,78,47.398
0.15,0.1,0.25,37.03,74.34,54.31,38.71,54.97,42.17,53.91,115,47.397999999999996
0.65,0.5,0.2,36.15,69.68,54.89,37.1,52.82,36.14,51.55,97,47.394
0.9,0.7,0.3,36.15,69.68,54.89,37.1,52.82,36.75,52.04,98,47.394
0.55,1.0,-0.15,32.94,48.4,57.03,35.89,55.66,33.73,53.75,80,47.394
0.75,0.6,0.25,36.15,69.68,54.89,37.1,53.19,36.75,51.55,97,47.394
0.45,0.35,0.15,36.15,69.68,54.89,37.1,52.82,36.75,52.04,98,47.394
0.25,0.2,0.15,36.73,71.14,54.5,37.9,54.23,39.16,52.88,104,47.391999999999996
0.5,0.4,0.3,36.73,71.14,54.5,37.9,54.23,39.16,52.88,104,47.391999999999996
0.45,0.35,0.25,36.73,71.14,54.5,37.9,54.23,39.16,53.4,103,47.391999999999996
0.55,0.4,0.3,36.73,71.14,54.5,37.9,53.85,37.35,52.48,101,47.391999999999996
0.4,0.3,0.25,36.73,71.14,54.5,37.9,53.85,38.55,52.88,104,47.391999999999996
0.0,1.0,-0.05,36.73,61.22,54.49,37.5,52.8,36.75,53.61,97,47.386
0.0,0.95,-0.05,36.73,61.22,54.49,37.5,53.23,36.75,53.61,97,47.386
1.0,0.9,-0.3,31.49,46.06,57.98,34.68,54.08,29.52,49.3,71,47.384
0.5,0.45,-0.15,31.49,46.06,57.98,34.68,54.08,29.52,49.3,71,47.384
0.4,0.85,-0.1,33.53,51.31,56.62,37.1,55.36,34.94,54.22,83,47.38399999999999
0.1,0.55,0.3,35.86,67.35,55.06,37.5,53.02,39.76,53.33,105,47.38
0.75,0.95,-0.25,30.61,43.44,58.56,35.89,55.67,30.12,50.0,70,47.38
0.35,0.2,0.3,37.32,73.47,54.08,37.5,54.17,39.16,52.83,106,47.376000000000005
0.75,0.75,-0.15,32.07,51.31,57.58,35.89,54.05,32.53,51.9,79,47.376
0.5,0.5,-0.1,32.07,51.31,57.58,35.89,54.05,32.53,51.9,79,47.376
0.25,0.25,-0.05,32.07,51.31,57.58,35.89,54.05,32.53,51.9,79,47.376
1.0,1.0,-0.2,32.07,51.31,57.58,35.89,54.05,32.53,51.9,79,47.376
0.9,0.7,-0.05,33.53,61.81,56.6,35.48,54.03,35.54,52.87,87,47.372
0.6,0.15,-0.1,34.4,63.85,56.02,37.5,54.03,31.33,53.85,78,47.372
0.85,0.65,-0.05,33.53,61.81,56.6,35.89,55.28,34.94,52.87,87,47.372
0.75,0.7,-0.0,34.4,63.85,56.02,36.29,54.96,36.14,53.33,90,47.372
0.7,0.65,-0.0,34.4,63.85,56.02,36.29,54.96,35.54,52.81,89,47.372
0.85,0.35,-0.15,33.53,61.81,56.6,36.29,54.87,31.33,50.0,80,47.372
0.4,0.7,-0.25,27.99,26.53,60.29,33.06,55.71,27.71,48.21,56,47.37
0.85,0.65,-0.0,35.28,66.76,55.43,35.89,54.2,35.54,52.17,92,47.37
0.8,0.8,0.25,35.28,66.76,55.43,36.29,54.41,37.95,52.58,97,47.37
0.95,0.95,0.3,35.28,66.76,55.43,36.29,54.41,37.95,52.58,97,47.37
1.0,0.2,-0.15,34.11,65.6,56.21,37.1,53.6,32.53,54.32,81,47.37
0.35,0.35,0.1,35.28,66.76,55.43,37.1,54.41,37.95,52.58,97,47.37
1.0,1.0,0.3,35.28,66.76,55.43,36.69,54.41,37.95,52.58,97,47.37
0.65,0.5,-0.0,35.28,66.76,55.43,35.89,54.2,34.94,51.65,91,47.37
0.5,0.5,0.15,35.28,66.76,55.43,36.69,54.41,37.95,52.58,97,47.37
0.7,0.7,0.2,35.28,66.76,55.43,37.1,54.41,37.95,52.58,97,47.37
0.65,0.65,0.2,35.28,66.76,55.43,36.69,54.41,37.95,52.58,97,47.37
0.85,0.85,0.25,35.28,66.76,55.43,36.69,54.41,37.95,52.58,97,47.37
0.8,0.35,-0.3,31.78,44.31,57.76,32.26,53.01,28.31,50.85,59,47.368
0.2,0.55,0.25,35.57,65.01,55.23,37.1,53.85,39.76,53.33,105,47.366
0.25,0.65,0.25,35.57,65.01,55.23,37.5,54.23,40.36,53.85,104,47.366
0.25,0.7,0.3,35.57,65.01,55.23,37.1,54.23,40.36,53.33,105,47.366
0.35,0.8,0.3,35.57,65.01,55.23,37.5,54.61,40.36,54.9,102,47.366
0.25,0.75,0.3,35.57,65.01,55.23,36.69,53.52,39.76,52.38,105,47.366
0.1,0.25,0.1,35.57,65.01,55.23,37.5,54.23,40.36,53.85,104,47.366
0.2,0.5,0.2,35.57,65.01,55.23,37.5,54.23,40.36,53.85,104,47.366
0.15,0.8,0.3,35.57,65.01,55.23,38.31,53.42,39.16,52.88,104,47.366
0.15,0.7,0.25,35.57,65.01,55.23,38.31,53.79,39.16,53.4,103,47.366
0.25,0.45,0.2,35.57,65.01,55.23,36.69,54.35,39.76,54.37,103,47.366
0.1,0.55,0.2,35.57,65.01,55.23,37.9,53.42,38.55,52.94,102,47.366
0.3,0.75,0.3,35.57,65.01,55.23,37.5,54.23,40.36,53.85,104,47.366
0.35,0.3,0.2,36.15,70.55,54.84,37.9,54.23,38.55,51.92,104,47.364000000000004
0.5,0.95,0.25,35.28,62.68,55.42,36.69,54.07,40.36,55.0,100,47.364000000000004
0.6,0.5,0.3,36.15,70.55,54.84,37.5,53.9,38.55,51.92,104,47.364000000000004
0.3,0.25,0.15,36.15,70.55,54.84,37.5,53.9,38.55,51.92,104,47.364000000000004
0.1,0.7,-0.1,33.82,49.56,56.39,35.08,53.77,34.34,54.76,84,47.361999999999995
0.95,0.85,0.1,34.69,66.18,55.81,36.69,54.48,36.75,52.69,93,47.361999999999995
0.95,0.55,-0.05,34.69,66.18,55.81,36.69,55.47,34.34,52.87,87,47.361999999999995
0.5,0.45,0.05,34.69,66.18,55.81,36.69,54.48,36.75,52.13,94,47.361999999999995
0.05,0.35,-0.05,33.82,49.56,56.39,35.08,53.77,34.34,54.76,84,47.361999999999995
1.0,0.6,-0.05,34.69,66.18,55.81,36.69,55.12,34.94,52.81,89,47.361999999999995
1.0,0.9,0.1,34.69,66.18,55.81,36.69,54.48,36.75,52.13,94,47.361999999999995
0.8,0.9,-0.05,33.53,58.6,56.58,35.89,54.4,35.54,52.81,89,47.36
0.2,0.35,0.25,36.44,68.8,54.64,36.69,53.9,40.96,54.21,107,47.36
0.75,0.85,-0.05,33.53,58.6,56.58,35.89,54.4,35.54,52.22,90,47.36
0.8,1.0,-0.05,33.53,58.6,56.58,35.89,54.84,36.14,52.22,90,47.36
0.95,0.9,-0.15,32.07,54.52,57.55,36.29,54.31,33.13,52.5,80,47.358
0.35,0.6,-0.2,27.99,28.86,60.27,33.47,55.84,28.31,49.18,61,47.358
0.0,0.2,0.3,37.61,72.59,53.85,39.52,54.14,42.17,54.05,111,47.354
0.0,0.1,0.15,37.61,72.59,53.85,39.52,54.14,42.17,54.05,111,47.354
0.95,1.0,-0.1,33.24,57.14,56.76,34.68,53.72,34.94,52.87,87,47.352
0.45,0.5,-0.05,33.24,57.14,56.76,35.08,54.7,34.34,52.33,86,47.352
0.9,1.0,-0.1,33.24,57.14,56.76,35.08,54.7,34.34,52.33,86,47.352
0.5,0.1,-0.25,31.78,35.57,57.73,30.24,57.14,26.51,48.94,47,47.35
0.85,0.3,-0.15,34.11,62.39,56.17,36.29,53.91,31.93,51.25,80,47.346
0.45,0.8,-0.1,32.65,51.02,57.14,36.69,55.45,33.73,52.44,82,47.344
0.7,0.55,-0.2,31.78,47.52,57.72,35.48,55.56,29.52,48.61,72,47.344
0.6,0.45,0.05,35.86,68.22,55.0,37.1,53.62,35.54,52.17,92,47.344
0.95,0.95,-0.25,31.78,47.52,57.72,35.48,54.9,31.33,50.67,75,47.344
0.85,0.65,0.1,35.86,68.22,55.0,37.1,53.24,34.94,52.17,92,47.344
0.75,0.75,-0.2,31.78,47.52,57.72,35.48,54.9,31.33,50.67,75,47.344
0.05,0.2,0.25,37.03,71.14,54.21,39.52,54.9,40.96,53.21,109,47.337999999999994
1.0,0.9,0.2,35.28,67.64,55.37,36.69,53.68,36.75,52.63,95,47.333999999999996
0.9,0.8,0.15,35.28,67.64,55.37,36.69,54.07,36.75,52.63,95,47.333999999999996
0.55,0.45,0.05,35.28,67.64,55.37,36.69,53.68,34.94,52.17,92,47.333999999999996
0.65,0.4,-0.0,35.28,67.64,55.37,37.1,54.81,36.75,53.76,93,47.333999999999996
0.5,0.45,0.1,35.28,67.64,55.37,36.69,53.68,36.75,52.63,95,47.333999999999996
0.4,0.75,0.15,34.99,61.22,55.56,36.29,53.73,40.36,54.55,99,47.332
0.6,0.05,-0.15,34.69,62.97,55.76,35.08,52.25,33.13,50.63,79,47.331999999999994
0.0,0.35,0.3,36.44,69.68,54.59,37.9,52.26,39.76,53.21,109,47.33
0.25,0.4,-0.15,27.41,26.24,60.61,32.66,55.07,27.11,48.15,54,47.33
0.1,0.25,0.25,36.44,69.68,54.59,38.31,54.73,40.96,52.73,110,47.33
0.1,0.65,0.25,35.57,65.89,55.17,37.9,53.06,38.55,52.43,103,47.33
0.5,0.8,-0.3,27.41,26.24,60.61,32.66,55.07,27.11,48.15,54,47.33
0.0,0.15,0.25,37.61,73.47,53.81,39.92,54.43,42.17,53.57,112,47.33
0.15,0.55,0.25,35.57,65.89,55.17,37.1,53.47,39.16,52.38,105,47.33
0.3,0.8,0.25,35.28,63.56,55.36,37.1,53.19,38.55,52.48,101,47.328
0.45,0.85,0.25,35.28,63.56,55.36,36.69,54.07,40.36,55.0,100,47.328
0.0,0.6,-0.05,36.15,57.43,54.78,37.1,53.33,37.35,54.74,95,47.328
0.0,0.65,-0.05,36.15,57.43,54.78,37.1,53.33,37.35,54.74,95,47.328
0.5,0.95,0.3,35.28,63.56,55.36,36.29,54.01,40.36,55.0,100,47.328
0.4,0.75,0.25,35.28,63.56,55.36,36.29,54.01,39.76,54.55,99,47.328
0.35,0.65,0.2,35.28,63.56,55.36,36.69,54.41,39.76,54.55,99,47.328
0.9,0.85,-0.2,31.78,50.73,57.69,35.48,55.77,32.53,51.9,79,47.326
0.65,0.15,-0.3,31.78,38.78,57.69,28.63,52.54,27.11,46.15,52,47.326
1.0,0.45,-0.15,33.53,62.68,56.52,36.29,55.17,31.33,50.0,80,47.324
0.65,0.1,-0.25,32.07,48.98,57.48,33.06,52.33,28.31,48.39,62,47.316
0.9,0.55,-0.25,32.07,48.98,57.48,34.68,53.47,28.92,47.89,71,47.316
0.35,0.25,0.3,37.03,72.01,54.17,37.1,53.52,38.55,52.88,104,47.31400000000001
0.45,0.3,0.25,37.03,72.01,54.17,38.31,54.55,37.95,52.94,102,47.31400000000001
0.55,0.5,0.2,35.86,69.1,54.95,37.1,53.96,37.35,52.58,97,47.314
0.85,0.7,0.25,35.86,69.1,54.95,36.69,52.86,37.35,52.58,97,47.314
0.55,0.45,0.15,35.86,69.1,54.95,36.69,52.86,36.75,52.08,96,47.314
0.75,0.65,0.2,35.86,69.1,54.95,36.69,53.24,37.35,53.12,96,47.314
0.8,0.65,0.2,35.86,69.1,54.95,36.69,52.48,36.75,52.08,96,47.314
0.35,0.3,0.1,35.86,69.1,54.95,36.69,53.24,37.35,53.12,96,47.314
0.5,0.4,0.1,35.86,69.1,54.95,37.1,52.86,35.54,52.13,94,47.314
1.0,0.85,0.3,35.86,69.1,54.95,36.69,53.24,37.35,53.12,96,47.314
0.25,0.2,0.05,35.86,69.1,54.95,37.1,52.86,35.54,52.13,94,47.314
1.0,0.8,0.2,35.86,69.1,54.95,37.1,52.86,35.54,52.13,94,47.314
0.75,0.6,0.15,35.86,69.1,54.95,37.1,52.86,35.54,52.13,94,47.314
0.55,0.5,0.3,35.86,69.1,54.95,37.1,53.9,38.55,52.43,103,47.314
0.7,0.6,0.2,35.86,69.1,54.95,36.69,53.24,37.35,53.12,96,47.314
0.9,0.8,0.25,35.86,69.1,54.95,36.69,54.01,36.75,52.63,95,47.314
0.35,0.95,-0.2,30.9,39.36,58.25,33.47,54.44,33.73,53.85,78,47.309999999999995
0.5,0.4,0.25,36.44,70.55,54.55,37.9,54.23,38.55,52.43,103,47.306
0.55,0.45,0.25,36.44,70.55,54.55,37.5,53.9,37.95,51.96,102,47.306
0.95,0.85,-0.2,32.07,52.19,57.46,35.48,53.21,32.53,51.9,79,47.304
1.0,1.0,0.05,34.11,63.27,56.1,35.89,53.79,37.35,52.63,95,47.303999999999995
0.9,0.9,0.05,34.11,63.27,56.1,35.89,53.79,37.35,52.63,95,47.303999999999995
0.85,0.85,0.05,34.11,63.27,56.1,35.89,53.79,37.35,52.63,95,47.303999999999995
0.75,0.75,0.05,34.11,63.27,56.1,35.89,53.79,37.35,52.63,95,47.303999999999995
0.95,0.95,0.05,34.11,63.27,56.1,35.89,53.79,37.35,52.63,95,47.303999999999995
0.8,0.8,0.05,34.11,63.27,56.1,35.89,53.79,37.35,52.63,95,47.303999999999995
0.5,0.9,-0.15,32.36,47.23,57.26,36.29,55.77,33.13,53.16,79,47.3
0.3,0.65,-0.1,32.36,47.23,57.26,36.69,55.66,34.34,53.66,82,47.3
0.9,0.0,-0.25,34.4,61.52,55.9,34.27,52.78,31.93,48.72,78,47.3
0.7,0.85,-0.05,33.24,58.02,56.67,36.29,55.28,36.14,52.22,90,47.298
0.35,0.9,-0.2,30.61,38.78,58.42,33.47,55.68,34.34,53.85,78,47.296
0.3,0.3,-0.05,32.36,53.64,57.25,36.29,54.31,32.53,51.25,80,47.294000000000004
0.9,0.9,-0.15,32.36,53.64,57.25,36.29,54.31,32.53,51.25,80,47.294000000000004
0.6,0.6,-0.1,32.36,53.64,57.25,36.29,54.31,32.53,51.25,80,47.294000000000004
0.55,0.1,-0.2,32.36,50.44,57.25,32.26,50.57,30.12,50.0,66,47.294000000000004
0.85,0.9,-0.15,32.36,53.64,57.25,35.08,53.57,33.13,51.85,81,47.294000000000004
1.0,0.75,-0.1,32.94,59.77,56.86,35.89,55.37,34.94,52.94,85,47.292
1.0,0.6,-0.15,32.65,61.52,57.05,36.29,54.39,32.53,51.85,81,47.29
0.45,0.95,0.15,34.99,62.1,55.49,37.1,53.68,37.95,53.12,96,47.29
0.65,0.85,-0.2,30.61,44.31,58.41,36.29,55.45,31.33,52.05,73,47.29
1.0,0.7,-0.1,32.65,61.52,57.05,35.89,55.37,34.34,52.94,85,47.29
0.85,0.55,-0.1,32.65,61.52,57.05,36.69,55.08,33.73,52.38,84,47.29
0.35,0.75,0.1,34.99,62.1,55.49,37.1,53.68,37.35,53.19,94,47.29
0.5,0.35,-0.05,32.65,61.52,57.05,35.89,55.37,34.34,52.94,85,47.29
0.65,0.05,-0.15,34.69,63.85,55.69,35.89,52.17,33.13,50.0,80,47.28999999999999
0.8,0.55,-0.1,32.36,60.06,57.24,36.69,55.56,33.73,52.38,84,47.288000000000004
0.6,0.55,0.05,34.4,65.6,55.88,36.69,54.48,36.75,52.13,94,47.288
0.55,0.5,0.05,34.4,65.6,55.88,36.69,54.48,36.75,52.13,94,47.288
0.25,0.8,0.3,35.28,64.43,55.29,36.29,53.19,38.55,51.96,102,47.286
0.15,0.4,0.15,35.28,64.43,55.29,37.1,53.9,39.76,53.4,103,47.286
0.25,0.5,0.2,35.28,64.43,55.29,36.69,53.96,40.36,55.45,101,47.286
0.3,0.65,0.2,35.28,64.43,55.29,37.5,53.96,39.76,55.0,100,47.286
0.2,0.55,0.2,35.28,64.43,55.29,36.69,53.19,39.76,53.4,103,47.286
0.35,0.7,0.3,35.28,64.43,55.29,36.69,53.96,40.36,54.9,102,47.286
0.3,0.8,0.3,35.28,64.43,55.29,37.1,53.9,39.76,53.4,103,47.286
0.4,0.85,0.25,35.28,64.43,55.29,37.1,53.62,39.76,55.0,100,47.286
0.1,0.6,-0.05,34.99,53.94,55.48,36.29,52.89,36.75,53.19,94,47.284
0.4,0.25,0.3,37.03,72.89,54.12,37.1,53.85,38.55,53.4,103,47.28399999999999
0.5,0.3,0.3,37.03,72.89,54.12,37.5,54.55,37.95,52.94,102,47.28399999999999
0.25,0.15,0.15,37.03,72.89,54.12,37.5,54.55,37.95,52.94,102,47.28399999999999
0.5,1.0,-0.15,32.65,48.69,57.03,37.1,55.56,34.34,54.32,81,47.278
0.15,0.95,-0.25,31.78,33.24,57.61,32.26,56.0,28.92,50.0,70,47.278
0.6,0.5,0.25,35.86,69.97,54.89,37.5,53.9,37.35,52.53,99,47.278
0.8,0.55,-0.05,33.53,63.56,56.44,35.48,54.92,34.34,51.72,87,47.275999999999996
0.65,0.0,-0.2,34.11,60.06,56.05,34.68,52.88,31.33,47.37,76,47.273999999999994
0.85,0.95,-0.2,31.78,48.4,57.6,36.29,55.66,31.93,51.32,76,47.272000000000006
0.0,0.25,0.25,36.73,69.68,54.3,38.71,52.9,42.17,53.57,112,47.272
0.0,0.3,0.3,36.73,69.68,54.3,38.71,52.9,42.17,53.57,112,47.272
0.2,0.35,0.3,36.73,69.68,54.3,37.5,54.17,40.96,53.7,108,47.272
0.0,0.15,0.15,36.73,69.68,54.3,38.71,52.9,42.17,53.57,112,47.272
0.0,0.2,0.2,36.73,69.68,54.3,38.71,52.9,42.17,53.57,112,47.272
0.0,0.05,0.05,36.73,69.68,54.3,38.71,52.9,42.17,53.57,112,47.272
0.0,0.1,0.1,36.73,69.68,54.3,38.71,52.9,42.17,53.57,112,47.272
0.8,0.6,0.05,35.57,67.64,55.06,36.69,53.28,35.54,52.17,92,47.264
1.0,0.75,0.05,35.57,67.64,55.06,36.29,52.94,35.54,52.17,92,47.264
0.85,0.65,0.05,35.57,67.64,55.06,36.29,52.94,35.54,52.17,92,47.264
0.9,0.7,0.05,35.57,67.64,55.06,36.69,53.68,35.54,52.17,92,47.264
0.95,0.9,-0.2,31.78,51.6,57.58,35.48,53.21,32.53,51.9,79,47.26
1.0,0.65,-0.0,34.99,67.06,55.43,36.29,54.14,36.14,53.26,92,47.254
0.7,0.5,-0.0,34.99,67.06,55.43,36.29,53.73,35.54,52.75,91,47.254
0.75,0.7,0.15,34.99,67.06,55.43,36.69,54.07,37.35,52.63,95,47.254
0.7,0.45,-0.0,34.99,67.06,55.43,36.29,54.14,36.14,53.26,92,47.254
0.2,0.15,-0.0,34.99,67.06,55.43,36.29,54.14,35.54,52.17,92,47.254
0.8,0.75,0.15,34.99,67.06,55.43,36.69,54.07,37.35,52.63,95,47.254
0.35,0.25,-0.0,34.99,67.06,55.43,36.29,53.73,35.54,52.75,91,47.254
0.6,0.45,-0.0,34.99,67.06,55.43,36.29,54.14,35.54,52.17,92,47.254
0.6,0.4,-0.0,34.99,67.06,55.43,36.69,54.48,36.14,53.26,92,47.254
0.3,0.2,-0.0,34.99,67.06,55.43,36.69,54.48,36.14,53.26,92,47.254
0.75,0.5,-0.0,34.99,67.06,55.43,36.69,54.48,36.14,53.26,92,47.254
0.8,0.55,-0.0,34.99,67.06,55.43,36.69,54.48,36.14,53.26,92,47.254
0.15,0.1,-0.0,34.99,67.06,55.43,36.69,54.48,36.14,53.26,92,47.254
0.45,0.3,-0.0,34.99,67.06,55.43,36.69,54.48,36.14,53.26,92,47.254
0.8,0.6,-0.0,34.99,67.06,55.43,36.29,54.14,35.54,52.17,92,47.254
0.7,0.65,0.15,34.99,67.06,55.43,36.69,54.07,36.75,52.63,95,47.254
0.85,0.55,-0.0,34.99,67.06,55.43,36.29,54.14,36.14,53.26,92,47.254
0.5,0.35,-0.0,34.99,67.06,55.43,36.69,54.48,35.54,52.75,91,47.254
0.85,0.6,-0.0,34.99,67.06,55.43,36.29,53.73,35.54,52.75,91,47.254
1.0,0.75,-0.0,34.99,67.06,55.43,36.29,54.14,35.54,52.17,92,47.254
0.4,0.3,-0.0,34.99,67.06,55.43,36.29,54.14,35.54,52.17,92,47.254
0.55,0.35,-0.0,34.99,67.06,55.43,36.29,54.14,36.75,53.76,93,47.254
1.0,0.7,-0.0,34.99,67.06,55.43,36.69,54.48,35.54,52.75,91,47.254
0.95,0.7,-0.0,34.99,67.06,55.43,36.29,53.73,35.54,52.17,92,47.254
1.0,0.9,0.15,34.99,67.06,55.43,36.69,54.48,36.75,52.63,95,47.254
0.65,0.6,0.1,34.99,67.06,55.43,36.69,54.07,37.35,52.63,95,47.254
0.65,0.45,-0.0,34.99,67.06,55.43,36.69,54.48,36.14,53.26,92,47.254
0.9,0.6,-0.0,34.99,67.06,55.43,36.69,54.48,36.14,53.26,92,47.254
1.0,0.95,0.25,34.99,67.06,55.43,36.69,54.07,36.75,52.08,96,47.254
0.5,0.2,-0.25,30.32,30.32,58.54,30.24,55.77,25.3,44.19,43,47.251999999999995
0.7,0.35,-0.25,31.49,44.61,57.76,33.47,52.81,28.31,48.33,60,47.251999999999995
0.85,0.45,-0.3,31.49,44.61,57.76,33.47,52.75,28.31,47.54,61,47.251999999999995
0.6,0.65,0.15,35.28,65.31,55.23,36.29,54.07,37.95,53.12,96,47.25
0.1,0.45,0.15,35.28,65.31,55.23,37.9,53.85,39.16,53.4,103,47.25
0.85,0.9,0.2,35.28,65.31,55.23,35.89,53.73,37.95,52.58,97,47.25
0.2,0.9,0.3,35.28,65.31,55.23,37.9,53.85,39.16,53.4,103,47.25
0.2,0.55,0.15,34.99,62.97,55.42,37.1,53.57,37.35,51.52,99,47.248000000000005
0.25,0.7,0.2,34.99,62.97,55.42,37.1,53.57,37.35,51.52,99,47.248000000000005
0.3,0.85,0.25,34.99,62.97,55.42,36.69,53.19,37.35,51.52,99,47.248000000000005
0.2,0.4,0.1,34.99,62.97,55.42,36.69,53.28,40.36,55.0,100,47.248000000000005
0.4,0.8,0.2,34.99,62.97,55.42,36.69,53.28,40.36,55.0,100,47.248000000000005
0.1,0.2,0.05,34.99,62.97,55.42,36.69,53.28,40.36,55.0,100,47.248000000000005
0.5,1.0,0.25,34.99,62.97,55.42,36.69,53.28,40.36,55.0,100,47.248000000000005
0.3,0.6,0.15,34.99,62.97,55.42,36.69,53.28,40.36,55.0,100,47.248000000000005
0.8,0.1,-0.15,34.69,64.72,55.62,35.89,52.89,33.13,53.75,80,47.248
0.85,0.85,0.15,34.69,64.72,55.62,36.29,53.73,37.35,52.08,96,47.248
0.7,0.05,-0.15,34.69,64.72,55.62,36.29,53.39,32.53,50.0,82,47.248
0.25,0.2,0.25,36.44,72.3,54.45,37.9,53.79,40.36,54.21,107,47.246
0.5,0.25,-0.2,31.2,40.82,57.94,32.66,54.32,27.71,49.12,57,47.244
0.0,0.35,0.25,36.15,69.1,54.64,38.31,52.9,39.76,53.7,108,47.244
0.0,0.4,0.3,36.15,69.1,54.64,37.9,52.6,39.16,53.27,107,47.244
0.0,0.2,0.15,36.15,69.1,54.64,37.9,52.6,39.16,53.27,107,47.244
0.5,0.6,-0.05,33.53,57.14,56.38,35.48,54.62,34.94,51.14,88,47.24
0.6,0.8,-0.05,33.53,57.14,56.38,35.48,54.47,34.34,51.16,86,47.24
0.3,0.55,0.3,36.44,67.35,54.44,37.1,53.9,40.36,54.81,104,47.239999999999995
0.25,0.45,0.25,36.44,67.35,54.44,36.69,53.57,40.36,54.29,105,47.239999999999995
0.05,0.35,-0.0,35.86,61.81,54.82,39.92,53.9,36.14,52.53,99,47.236
0.1,0.7,-0.0,35.86,61.81,54.82,39.92,53.9,36.14,52.53,99,47.236
0.1,0.95,0.05,35.86,61.81,54.82,39.92,53.47,36.14,52.53,99,47.236
0.1,0.75,-0.0,35.86,61.81,54.82,40.32,53.85,36.14,52.53,99,47.236
0.6,0.6,-0.0,33.82,62.68,56.17,36.29,54.62,36.75,52.69,93,47.23
0.35,0.35,-0.0,33.82,62.68,56.17,36.29,54.62,36.75,52.69,93,47.23
0.75,0.75,-0.0,33.82,62.68,56.17,36.29,54.62,36.75,52.69,93,47.23
0.7,0.7,-0.0,33.82,62.68,56.17,36.29,54.62,36.75,52.69,93,47.23
1.0,1.0,-0.0,33.82,62.68,56.17,36.29,54.62,36.75,52.69,93,47.23
0.9,0.9,-0.0,33.82,62.68,56.17,36.29,54.62,36.75,52.69,93,47.23
0.8,0.8,-0.0,33.82,62.68,56.17,36.29,54.62,36.75,52.69,93,47.23
0.85,0.85,-0.0,33.82,62.68,56.17,36.29,54.62,36.75,52.69,93,47.23
0.95,0.95,-0.0,33.82,62.68,56.17,36.29,54.62,36.75,52.69,93,47.23
0.4,0.4,-0.0,33.82,62.68,56.17,36.29,54.62,36.75,52.69,93,47.23
0.65,0.65,-0.0,33.82,62.68,56.17,36.29,54.62,36.75,52.69,93,47.23
0.15,0.15,-0.0,33.82,62.68,56.17,36.29,54.62,36.75,52.69,93,47.23
0.5,0.5,-0.0,33.82,62.68,56.17,36.29,54.62,36.75,52.69,93,47.23
0.05,0.05,-0.0,33.82,62.68,56.17,36.29,54.62,36.75,52.69,93,47.23
0.2,0.2,-0.0,33.82,62.68,56.17,36.29,54.62,36.75,52.69,93,47.23
0.1,0.1,-0.0,33.82,62.68,56.17,36.29,54.62,36.75,52.69,93,47.23
0.25,0.25,-0.0,33.82,62.68,56.17,36.29,54.62,36.75,52.69,93,47.23
0.55,0.55,-0.0,33.82,62.68,56.17,36.29,54.62,36.75,52.69,93,47.23
0.45,0.45,-0.0,33.82,62.68,56.17,36.29,54.62,36.75,52.69,93,47.23
0.3,0.3,-0.0,33.82,62.68,56.17,36.29,54.62,36.75,52.69,93,47.23
0.45,0.35,0.05,35.57,68.51,55.0,37.1,53.24,34.94,52.17,92,47.228
0.0,0.4,0.25,35.57,68.51,55.0,38.71,52.9,39.76,54.21,107,47.228
0.6,0.65,-0.1,32.36,54.52,57.14,35.48,53.51,33.13,51.85,81,47.228
0.35,0.9,-0.15,32.36,44.9,57.14,36.69,57.84,33.73,53.09,81,47.228
0.7,0.6,0.15,35.57,68.51,55.0,37.1,53.24,36.75,52.63,95,47.228
0.55,0.5,0.15,35.57,68.51,55.0,37.1,54.41,36.75,52.63,95,47.228
0.9,0.7,0.1,35.57,68.51,55.0,37.1,53.24,34.94,52.17,92,47.228
0.85,0.7,0.15,35.57,68.51,55.0,37.1,52.86,36.14,52.13,94,47.228
0.95,1.0,-0.15,32.36,54.52,57.14,36.29,54.78,33.13,51.22,82,47.228
0.9,0.8,-0.25,31.49,47.81,57.72,33.87,54.08,29.52,47.95,73,47.227999999999994
0.4,0.45,-0.1,31.49,47.81,57.72,36.29,56.73,31.93,51.32,76,47.227999999999994
0.8,0.9,-0.2,31.49,47.81,57.72,36.29,56.73,31.93,51.32,76,47.227999999999994
0.15,1.0,-0.05,35.28,57.14,55.19,39.52,55.38,35.54,52.04,98,47.226
0.6,0.65,0.2,35.86,66.76,54.8,36.29,54.07,38.55,53.61,97,47.224
0.4,0.45,0.15,35.86,66.76,54.8,35.89,54.07,38.55,53.61,97,47.224
0.7,0.75,0.25,35.86,66.76,54.8,35.89,54.07,38.55,53.06,98,47.224
0.85,0.8,-0.1,32.65,55.98,56.94,34.68,54.17,34.94,52.94,85,47.224
0.85,0.95,0.3,35.86,66.76,54.8,35.89,54.07,38.55,53.61,97,47.224
0.9,1.0,0.3,35.86,66.76,54.8,36.29,54.07,38.55,53.61,97,47.224
0.5,0.55,0.2,35.86,66.76,54.8,35.89,54.07,38.55,53.61,97,47.224
0.65,0.7,0.2,35.86,66.76,54.8,36.29,54.07,38.55,53.61,97,47.224
0.45,0.5,0.15,35.86,66.76,54.8,36.29,54.07,38.55,53.61,97,47.224
0.75,0.8,0.25,35.86,66.76,54.8,35.89,54.07,38.55,53.06,98,47.224
0.55,0.6,0.2,35.86,66.76,54.8,35.89,54.07,38.55,53.61,97,47.224
0.75,0.85,0.3,35.86,66.76,54.8,35.89,54.07,39.16,54.08,98,47.224
0.8,0.9,0.3,35.86,66.76,54.8,35.89,54.07,38.55,53.61,97,47.224
0.25,0.65,-0.2,28.86,28.28,59.46,31.85,55.56,27.71,50.85,59,47.22
0.55,0.95,-0.1,32.65,52.77,56.93,36.29,55.36,34.34,52.38,84,47.218
0.1,0.15,0.2,36.73,71.43,54.21,38.31,54.05,39.76,53.27,107,47.217999999999996
0.15,0.15,0.25,36.73,71.43,54.21,37.5,53.38,41.57,54.95,111,47.217999999999996
0.45,0.35,0.3,36.73,71.43,54.21,37.5,53.9,39.16,52.88,104,47.217999999999996
0.05,0.3,0.2,36.44,68.22,54.4,37.5,53.02,41.57,53.64,110,47.216
0.9,0.25,-0.15,34.4,63.27,55.76,36.69,53.28,31.33,53.16,79,47.215999999999994
0.85,0.25,-0.15,34.4,63.27,55.76,37.5,53.72,31.33,52.56,78,47.215999999999994
0.8,0.15,-0.15,34.4,63.27,55.76,36.69,52.89,31.93,53.85,78,47.215999999999994
1.0,0.1,-0.25,34.4,63.27,55.76,35.08,52.73,33.13,50.0,80,47.215999999999994
0.8,0.65,0.3,36.15,69.97,54.59,37.5,53.9,37.95,52.53,99,47.214
0.85,0.7,0.3,36.15,69.97,54.59,37.1,53.57,37.35,52.04,98,47.214
0.15,0.65,0.3,35.28,66.18,55.17,37.1,53.47,38.55,52.43,103,47.214
0.25,0.2,0.1,36.15,69.97,54.59,37.5,53.9,37.35,52.53,99,47.214
0.05,0.45,0.2,35.28,66.18,55.17,38.31,52.32,37.95,52.88,104,47.214
0.75,0.6,0.3,36.15,69.97,54.59,37.5,53.9,37.35,52.53,99,47.214
0.55,0.45,0.2,36.15,69.97,54.59,37.1,53.57,37.95,52.53,99,47.214
0.85,0.75,-0.0,34.11,65.01,55.95,36.29,54.96,36.14,53.33,90,47.214
0.5,0.4,0.2,36.15,69.97,54.59,37.5,53.9,37.35,52.53,99,47.214
0.7,0.55,0.25,36.15,69.97,54.59,37.5,53.52,36.75,52.04,98,47.214
0.8,0.65,-0.25,31.78,46.06,57.5,35.89,55.1,28.31,47.83,69,47.212
0.3,0.9,0.25,34.99,63.85,55.36,37.1,53.57,37.35,51.52,99,47.212
0.25,0.5,0.15,34.99,63.85,55.36,36.69,53.28,39.76,55.0,100,47.212
0.2,0.6,0.15,34.99,63.85,55.36,37.1,53.57,36.75,51.02,98,47.212
0.5,1.0,0.3,34.99,63.85,55.36,36.69,53.28,39.76,55.0,100,47.212
0.25,0.75,0.2,34.99,63.85,55.36,37.1,53.57,36.75,51.02,98,47.212
0.95,0.05,-0.25,34.69,61.52,55.56,32.66,50.94,32.53,49.37,79,47.211999999999996
0.35,0.65,0.15,34.69,61.52,55.56,36.29,53.73,39.76,54.55,99,47.211999999999996
0.45,0.85,0.2,34.69,61.52,55.56,36.29,53.73,40.36,55.0,100,47.211999999999996
0.8,0.65,-0.05,33.53,61.22,56.33,35.48,54.03,35.54,52.87,87,47.209999999999994
0.75,0.6,-0.05,33.53,61.22,56.33,35.48,54.03,35.54,52.87,87,47.209999999999994
0.7,0.55,-0.05,33.53,61.22,56.33,35.48,54.92,35.54,52.87,87,47.209999999999994
0.75,0.4,-0.1,33.24,62.97,56.52,35.89,54.31,33.13,51.81,83,47.208
0.65,0.45,-0.05,33.24,62.97,56.52,35.89,54.92,34.34,52.33,86,47.208
1.0,0.6,-0.1,33.24,62.97,56.52,36.29,54.17,33.73,51.76,85,47.208
0.5,0.3,-0.05,33.24,62.97,56.52,36.29,54.17,33.73,51.76,85,47.208
0.9,1.0,-0.05,33.82,59.48,56.13,35.89,54.4,35.54,52.81,89,47.205999999999996
0.4,0.9,-0.15,32.65,46.36,56.91,36.29,57.43,34.94,53.66,82,47.205999999999996
0.5,0.95,0.15,35.28,62.1,55.15,36.29,54.14,39.76,54.08,98,47.202
1.0,0.95,-0.25,31.78,49.27,57.48,34.68,54.9,31.33,50.0,76,47.2
0.85,1.0,-0.25,30.61,45.19,58.26,35.08,55.56,29.52,49.3,71,47.199999999999996
0.25,0.2,0.3,36.73,72.3,54.17,37.9,53.42,40.96,54.63,108,47.194
0.2,0.15,0.3,36.73,72.3,54.17,37.5,54.05,41.57,54.46,112,47.194
0.2,0.15,0.25,36.73,72.3,54.17,37.1,53.42,40.96,54.13,109,47.194
0.65,0.7,0.3,35.86,67.64,54.75,35.89,54.07,37.95,53.06,98,47.194
0.35,0.3,0.25,36.15,70.85,54.55,37.1,53.9,39.16,52.88,104,47.19
1.0,0.55,-0.15,32.94,61.52,56.69,35.48,53.91,31.33,50.63,79,47.19
0.3,0.25,0.2,36.15,70.85,54.55,37.5,53.9,38.55,52.43,103,47.19
0.5,0.45,-0.1,31.78,52.48,57.46,35.48,53.21,32.53,51.9,79,47.188
0.8,0.9,-0.15,31.78,52.48,57.46,35.08,54.05,33.13,51.9,79,47.188
0.05,0.7,-0.1,34.99,51.6,55.32,36.29,56.07,37.95,56.04,91,47.188
0.75,0.65,-0.15,31.78,52.48,57.46,35.48,53.21,32.53,51.9,79,47.188
1.0,0.9,-0.2,31.78,52.48,57.46,35.48,53.21,32.53,51.9,79,47.188
0.7,0.9,-0.05,33.53,58.02,56.29,35.89,55.28,34.94,51.14,88,47.186
0.65,0.7,-0.05,33.53,58.02,56.29,35.48,54.03,34.94,52.87,87,47.186
0.6,0.7,-0.05,33.53,58.02,56.29,35.89,55.37,35.54,52.22,90,47.186
0.65,0.75,-0.05,33.53,58.02,56.29,35.89,54.92,35.54,52.22,90,47.186
0.15,0.3,0.25,36.44,69.1,54.35,37.9,54.11,41.57,53.64,110,47.186
0.4,0.9,-0.25,30.03,32.94,58.62,32.66,54.43,30.72,51.47,68,47.184
0.85,0.7,-0.3,30.9,43.44,58.04,34.27,54.95,25.9,45.31,64,47.184
0.85,0.6,-0.25,32.07,47.52,57.26,35.89,55.45,28.31,47.14,70,47.184
0.55,0.2,-0.1,34.11,61.81,55.9,36.29,54.39,31.93,51.9,79,47.184
0.25,0.55,-0.15,30.03,32.94,58.62,32.66,53.75,30.72,50.72,69,47.184
0.5,0.8,-0.1,32.07,50.73,57.25,36.29,55.45,33.73,52.44,82,47.178000000000004
0.25,0.4,-0.05,32.07,50.73,57.25,36.29,55.45,33.73,52.44,82,47.178000000000004
0.35,0.35,0.15,35.28,67.06,55.11,36.69,54.74,37.95,53.06,98,47.178
0.4,0.4,0.15,35.28,67.06,55.11,36.29,54.41,37.35,52.58,97,47.178
0.6,0.6,0.2,35.28,67.06,55.11,36.29,54.41,37.35,52.58,97,47.178
0.65,0.65,0.25,35.28,67.06,55.11,36.69,54.74,37.35,52.58,97,47.178
0.75,0.75,0.25,35.28,67.06,55.11,36.29,54.41,37.35,52.58,97,47.178
0.5,0.5,0.2,35.28,67.06,55.11,36.69,54.74,37.35,52.58,97,47.178
0.45,0.45,0.15,35.28,67.06,55.11,36.29,54.41,37.35,52.58,97,47.178
0.3,0.3,0.1,35.28,67.06,55.11,36.29,54.41,37.35,52.58,97,47.178
0.15,0.15,0.05,35.28,67.06,55.11,36.29,54.41,37.35,52.58,97,47.178
0.7,0.7,0.3,35.28,67.06,55.11,36.69,54.74,37.95,53.06,98,47.178
0.6,0.6,0.25,35.28,67.06,55.11,36.69,54.74,37.35,52.58,97,47.178
0.8,0.8,0.3,35.28,67.06,55.11,36.29,54.41,37.35,52.58,97,47.178
1.0,0.8,0.05,35.28,67.06,55.11,36.69,53.68,34.94,52.17,92,47.178
0.25,0.25,0.1,35.28,67.06,55.11,36.69,54.74,37.35,52.58,97,47.178
0.9,0.9,0.3,35.28,67.06,55.11,36.29,54.41,37.35,52.58,97,47.178
0.75,0.75,0.3,35.28,67.06,55.11,36.69,54.74,37.35,52.58,97,47.178
0.0,0.75,-0.05,35.86,58.6,54.72,37.5,53.28,36.75,54.17,96,47.176
0.8,0.7,-0.25,31.49,45.48,57.63,35.48,54.64,29.52,50.0,70,47.17400000000001
0.95,0.7,-0.3,31.49,45.48,57.63,35.48,55.67,28.31,47.83,69,47.17400000000001
0.15,0.3,0.15,35.57,65.31,54.91,37.1,54.29,40.96,54.72,106,47.174
0.1,0.2,0.1,35.57,65.31,54.91,37.1,54.29,40.96,54.72,106,47.174
0.2,0.4,0.2,35.57,65.31,54.91,37.1,54.29,40.96,54.72,106,47.174
0.2,0.6,0.25,35.57,65.31,54.91,36.69,53.15,39.76,52.38,105,47.174
0.05,0.1,0.05,35.57,65.31,54.91,37.1,54.29,40.96,54.72,106,47.174
0.3,0.6,0.3,35.57,65.31,54.91,37.1,54.29,40.96,54.72,106,47.174
0.2,0.65,0.3,35.57,65.31,54.91,36.29,53.15,39.16,52.38,105,47.174
0.15,0.45,0.2,35.57,65.31,54.91,36.29,53.15,39.76,52.83,106,47.174
0.25,0.5,0.25,35.57,65.31,54.91,37.1,54.29,40.96,54.72,106,47.174
0.95,0.1,-0.2,34.4,64.14,55.69,35.08,50.85,32.53,51.25,80,47.17399999999999
0.8,0.75,0.05,34.4,64.14,55.69,36.69,54.48,37.35,52.63,95,47.17399999999999
0.55,0.5,-0.0,34.4,64.14,55.69,36.29,54.96,35.54,52.81,89,47.17399999999999
1.0,0.95,0.05,34.4,64.14,55.69,36.29,54.14,37.35,52.63,95,47.17399999999999
0.9,0.85,0.05,34.4,64.14,55.69,36.29,54.14,37.35,52.63,95,47.17399999999999
0.6,0.55,-0.0,34.4,64.14,55.69,36.29,54.96,35.54,52.81,89,47.17399999999999
0.85,0.8,0.05,34.4,64.14,55.69,36.69,54.48,37.35,52.63,95,47.17399999999999
0.95,0.9,0.05,34.4,64.14,55.69,36.29,54.14,37.35,52.63,95,47.17399999999999
0.65,0.6,-0.0,34.4,64.14,55.69,36.29,54.96,35.54,52.81,89,47.17399999999999
0.5,0.65,-0.05,33.24,56.56,56.46,35.48,55.0,34.34,51.16,86,47.172
0.85,0.95,-0.1,33.24,56.56,56.46,35.48,54.7,33.73,51.76,85,47.172
0.2,0.4,0.15,34.99,64.72,55.29,36.69,53.96,39.76,55.0,100,47.17
0.65,0.7,0.15,34.99,64.72,55.29,35.89,53.73,37.95,53.12,96,47.17
0.4,0.8,0.3,34.99,64.72,55.29,36.69,53.96,39.76,55.0,100,47.17
0.9,0.95,0.2,34.99,64.72,55.29,35.89,53.73,37.35,52.08,96,47.17
0.35,0.7,0.25,34.99,64.72,55.29,36.69,53.96,39.76,55.0,100,47.17
0.15,0.65,0.2,34.99,64.72,55.29,38.31,53.85,37.35,52.0,100,47.17
0.4,0.9,0.15,34.69,62.39,55.49,37.1,53.28,37.35,52.63,95,47.169999999999995
0.2,0.5,0.1,34.69,62.39,55.49,37.1,52.9,36.75,52.63,95,47.169999999999995
1.0,0.95,0.2,34.69,66.47,55.49,36.69,54.07,37.35,52.63,95,47.169999999999995
0.4,0.95,0.15,34.69,62.39,55.49,37.1,53.28,36.14,53.26,92,47.169999999999995
0.3,0.65,0.1,34.69,62.39,55.49,37.1,53.28,37.95,53.68,95,47.169999999999995
0.4,1.0,0.2,34.69,62.39,55.49,37.1,52.9,36.75,52.63,95,47.169999999999995
0.95,0.9,0.2,34.69,66.47,55.49,36.69,54.07,37.35,52.63,95,47.169999999999995
0.25,0.6,0.1,34.69,62.39,55.49,37.1,53.28,36.14,52.69,93,47.169999999999995
0.95,0.9,0.15,34.69,66.47,55.49,36.69,54.48,37.35,52.63,95,47.169999999999995
0.55,0.4,-0.0,34.69,66.47,55.49,36.29,53.73,35.54,52.17,92,47.169999999999995
0.3,0.75,0.15,34.69,62.39,55.49,37.1,52.9,36.75,52.63,95,47.169999999999995
1.0,0.05,-0.25,34.69,62.39,55.49,33.87,51.82,33.13,50.0,80,47.169999999999995
0.45,1.0,0.15,34.69,62.39,55.49,37.1,53.28,37.35,53.76,93,47.169999999999995
0.35,0.85,0.15,34.69,62.39,55.49,37.1,53.28,36.75,53.19,94,47.169999999999995
0.1,0.25,0.05,34.69,62.39,55.49,37.1,52.9,36.75,52.63,95,47.169999999999995
0.55,0.95,0.1,34.99,60.64,55.28,36.69,54.14,38.55,54.26,94,47.164
0.3,0.5,0.05,34.99,60.64,55.28,36.29,54.14,39.16,54.74,95,47.164
0.2,0.35,0.05,34.99,60.64,55.28,36.29,54.14,39.76,54.64,97,47.164
0.5,0.9,0.15,34.99,60.64,55.28,36.29,54.14,39.76,54.64,97,47.164
0.45,0.8,0.15,34.99,60.64,55.28,36.29,53.73,39.76,54.64,97,47.164
0.45,0.8,0.1,34.99,60.64,55.28,36.29,54.14,39.16,54.74,95,47.164
0.55,1.0,0.15,34.99,60.64,55.28,36.29,54.14,39.76,54.64,97,47.164
0.4,0.7,0.1,34.99,60.64,55.28,36.29,54.14,39.76,54.64,97,47.164
0.6,1.0,0.1,34.99,60.64,55.28,36.29,54.14,39.16,54.74,95,47.164
0.5,0.9,0.1,34.99,60.64,55.28,36.69,54.14,38.55,54.26,94,47.164
0.5,0.85,0.1,34.99,60.64,55.28,36.29,54.14,39.16,54.74,95,47.164
0.25,0.45,0.05,34.99,60.64,55.28,36.69,54.14,38.55,54.26,94,47.164
0.55,0.95,0.15,34.99,60.64,55.28,35.89,53.79,39.16,54.17,96,47.164
0.25,0.5,-0.05,33.53,54.81,56.25,36.69,55.17,34.94,52.33,86,47.162
0.35,0.7,-0.1,32.36,48.98,57.03,37.1,55.96,34.34,54.32,81,47.162
0.8,0.6,-0.05,33.53,62.1,56.25,35.48,54.92,34.94,52.87,87,47.162
0.5,1.0,-0.1,33.53,54.81,56.25,36.69,55.17,34.94,52.33,86,47.162
0.85,1.0,-0.3,31.2,41.69,57.8,35.89,55.21,29.52,49.28,69,47.16
0.1,1.0,-0.15,34.69,50.15,55.47,35.89,56.19,36.14,54.55,88,47.157999999999994
0.95,0.8,-0.25,31.49,48.69,57.6,34.68,55.45,30.12,48.65,74,47.156000000000006
0.65,0.9,-0.15,31.49,48.69,57.6,35.89,55.56,33.13,51.85,81,47.156000000000006
0.35,0.55,-0.3,24.78,11.66,62.07,29.03,63.89,22.89,48.39,31,47.153999999999996
0.3,0.45,-0.25,24.78,11.66,62.07,29.03,63.89,22.89,48.39,31,47.153999999999996
0.8,1.0,-0.25,30.03,44.02,58.56,36.29,56.57,29.52,50.0,70,47.148
0.95,0.75,0.1,35.28,67.93,55.06,36.69,52.9,35.54,52.69,93,47.148
0.35,0.5,-0.1,30.9,46.65,57.98,35.89,56.31,32.53,51.9,79,47.147999999999996
0.55,0.75,-0.15,30.9,46.65,57.98,35.89,56.19,31.33,52.0,75,47.147999999999996
0.7,1.0,-0.2,30.9,46.65,57.98,35.89,56.31,32.53,51.9,79,47.147999999999996
0.3,0.2,0.25,37.03,72.3,53.89,37.1,53.85,39.16,53.33,105,47.146
0.55,0.85,-0.1,31.49,51.9,57.58,35.08,54.95,33.13,51.22,82,47.14399999999999
1.0,0.95,-0.2,31.49,51.9,57.58,35.89,54.05,32.53,51.9,79,47.14399999999999
1.0,0.65,-0.3,31.78,46.94,57.38,34.68,54.0,27.71,46.38,69,47.14
0.95,0.65,-0.05,33.82,64.43,56.02,35.08,54.03,33.73,51.72,87,47.14
0.55,0.6,-0.25,28.57,33.24,59.52,34.27,56.25,28.31,47.54,61,47.14
0.9,0.95,-0.25,31.78,46.94,57.38,35.48,54.9,30.72,50.0,74,47.14
0.0,0.8,-0.05,35.86,59.48,54.66,37.9,53.66,36.75,53.61,97,47.14
1.0,0.7,-0.05,33.82,64.43,56.02,35.08,54.47,34.34,52.27,88,47.14
0.7,0.7,-0.2,31.78,46.94,57.38,34.68,54.55,31.33,50.67,75,47.14
0.35,0.35,-0.1,31.78,46.94,57.38,34.68,54.55,31.33,50.67,75,47.14
0.1,0.75,-0.2,32.36,32.94,56.99,31.85,54.67,30.72,52.78,72,47.138000000000005
0.85,0.95,-0.05,33.53,58.89,56.21,35.89,54.4,35.54,52.81,89,47.138
0.7,0.25,-0.15,33.53,58.89,56.21,35.08,52.68,31.33,52.0,75,47.138
0.8,0.45,-0.1,32.94,62.39,56.6,35.48,53.85,32.53,51.22,82,47.136
0.0,0.25,0.3,37.32,70.55,53.68,39.52,53.5,42.77,53.98,113,47.135999999999996
0.1,0.35,0.15,34.99,65.6,55.23,37.1,53.47,39.16,52.38,105,47.134
0.2,0.7,0.3,34.99,65.6,55.23,37.1,53.47,39.16,52.38,105,47.134
0.55,0.45,0.3,36.44,70.85,54.26,37.9,54.23,38.55,52.43,103,47.132
0.65,0.55,-0.0,34.4,65.01,55.62,35.48,53.85,36.14,53.33,90,47.132
1.0,0.85,-0.0,34.4,65.01,55.62,35.89,54.2,36.14,53.33,90,47.132
0.35,0.65,-0.1,32.94,48.69,56.59,36.69,55.14,33.73,53.75,80,47.13
1.0,0.85,0.25,35.86,69.39,54.64,37.1,52.86,37.35,53.12,96,47.128
0.8,0.7,0.25,35.86,69.39,54.64,37.1,53.57,37.35,53.12,96,47.128
0.95,0.85,0.3,35.86,69.39,54.64,37.1,54.35,36.75,52.63,95,47.128
0.75,0.65,0.3,35.86,69.39,54.64,37.1,53.57,37.95,52.53,99,47.128
0.4,0.35,0.2,35.86,69.39,54.64,37.5,53.9,38.55,52.43,103,47.128
0.5,0.45,0.25,35.86,69.39,54.64,37.5,53.9,38.55,52.43,103,47.128
0.3,0.85,0.2,34.69,63.27,55.42,37.1,53.57,36.75,51.02,98,47.128
0.65,0.55,0.2,35.86,69.39,54.64,36.69,53.24,37.35,52.58,97,47.128
0.65,0.55,0.15,35.86,69.39,54.64,37.1,52.86,37.35,53.12,96,47.128
0.45,0.4,0.2,35.86,69.39,54.64,37.1,53.57,38.55,53.47,101,47.128
0.45,0.4,0.15,35.86,69.39,54.64,37.1,53.57,37.35,53.12,96,47.128
0.9,0.8,0.3,35.86,69.39,54.64,37.1,53.57,37.35,53.12,96,47.128
0.95,0.8,0.25,35.86,69.39,54.64,36.69,52.86,37.35,52.58,97,47.128
0.75,0.65,0.25,35.86,69.39,54.64,37.1,53.57,37.35,53.12,96,47.128
0.65,0.55,0.25,35.86,69.39,54.64,37.1,53.57,37.95,52.53,99,47.128
0.85,0.7,0.2,35.86,69.39,54.64,37.1,52.86,36.75,52.08,96,47.128
0.85,0.75,0.25,35.86,69.39,54.64,36.69,53.62,37.35,53.12,96,47.128
0.6,0.55,0.3,35.86,69.39,54.64,36.69,53.57,38.55,52.94,102,47.128
0.85,0.75,0.3,35.86,69.39,54.64,37.1,53.57,37.35,53.12,96,47.128
0.35,0.9,-0.25,30.61,31.78,58.14,32.26,55.13,28.31,49.21,63,47.128
0.5,0.55,-0.05,33.24,57.43,56.38,35.08,54.17,34.94,52.87,87,47.124
0.05,0.45,0.3,36.15,67.64,54.44,37.9,52.63,39.76,52.78,108,47.123999999999995
0.05,0.4,0.25,36.15,67.64,54.44,37.9,52.63,39.76,53.77,106,47.123999999999995
0.55,0.6,-0.1,31.78,53.35,57.35,35.08,54.05,33.13,51.85,81,47.122
0.25,0.15,0.2,37.03,73.18,53.85,37.1,53.85,38.55,52.88,104,47.122
0.25,0.5,0.05,34.99,61.52,55.21,36.69,54.14,37.95,53.19,94,47.122
0.3,0.6,0.05,34.99,61.52,55.21,36.29,53.79,37.35,53.26,92,47.122
0.5,1.0,0.1,34.99,61.52,55.21,36.69,54.14,37.95,53.19,94,47.122
0.05,0.1,0.2,37.03,73.18,53.85,37.9,54.0,42.17,54.46,112,47.122
0.5,0.95,0.2,34.99,61.52,55.21,36.29,53.73,40.36,55.0,100,47.122
0.05,0.6,0.05,35.57,62.1,54.82,39.92,52.74,36.14,52.53,99,47.12
0.1,1.0,0.05,35.57,62.1,54.82,39.92,53.85,36.14,52.53,99,47.12
0.3,0.35,-0.2,25.95,19.83,61.22,29.44,57.45,23.49,45.95,37,47.112
0.85,0.5,-0.25,32.07,48.4,57.14,34.27,53.0,28.92,47.06,68,47.112
0.85,0.15,-0.3,32.07,51.6,57.14,31.85,51.14,29.52,50.0,66,47.112
0.05,0.65,-0.15,33.24,39.65,56.36,33.87,55.68,30.72,52.78,72,47.111999999999995
0.9,0.75,-0.05,33.82,61.22,55.97,35.48,54.03,35.54,52.87,87,47.11
0.15,0.95,-0.05,34.99,57.43,55.19,39.11,55.04,34.94,52.08,96,47.11
0.8,0.4,-0.3,31.49,43.15,57.52,33.06,51.72,28.31,49.15,59,47.108000000000004
0.4,0.2,-0.15,31.49,43.15,57.52,33.06,51.72,28.31,49.15,59,47.108000000000004
0.85,0.9,-0.05,34.11,59.48,55.77,35.48,53.6,35.54,53.41,88,47.106
0.9,0.95,-0.05,34.11,59.48,55.77,35.89,53.97,35.54,53.41,88,47.106
0.95,1.0,-0.05,34.11,59.48,55.77,35.89,53.97,35.54,53.41,88,47.106
0.8,0.85,-0.05,34.11,59.48,55.77,35.48,53.6,35.54,53.41,88,47.106
0.8,0.75,-0.3,30.61,40.52,58.1,34.27,55.06,25.9,45.31,64,47.104
0.0,0.05,0.3,37.61,76.38,53.43,38.71,53.46,45.18,55.46,119,47.102000000000004
0.65,0.9,-0.1,32.36,53.06,56.93,34.27,54.05,33.73,51.19,84,47.102000000000004
0.3,0.25,0.25,36.44,71.72,54.21,37.1,53.52,40.96,54.21,107,47.102
0.3,0.25,0.3,36.44,71.72,54.21,37.9,53.79,40.36,54.21,107,47.102
0.2,0.4,0.3,36.15,68.51,54.4,37.5,53.47,40.96,53.7,108,47.1
0.1,0.2,0.15,36.15,68.51,54.4,37.5,53.47,40.96,53.7,108,47.1
0.9,0.1,-0.2,34.11,63.56,55.76,35.48,51.3,32.53,50.62,81,47.099999999999994
0.7,0.1,-0.15,34.11,63.56,55.76,35.08,51.3,32.53,53.25,77,47.099999999999994
0.9,0.2,-0.15,34.11,63.56,55.76,37.5,53.6,31.93,53.75,80,47.099999999999994
0.7,0.7,0.05,34.11,63.56,55.76,35.89,53.79,37.35,52.63,95,47.099999999999994
0.45,0.05,-0.1,34.11,63.56,55.76,35.48,51.3,32.53,50.62,81,47.099999999999994
0.15,0.25,0.25,36.73,69.97,54.01,37.9,54.48,39.76,53.27,107,47.098
0.15,0.3,0.3,36.73,69.97,54.01,37.9,54.11,40.96,53.21,109,47.098
0.1,0.2,0.2,36.73,69.97,54.01,37.9,54.11,40.96,53.21,109,47.098
0.05,0.1,0.1,36.73,69.97,54.01,37.9,54.11,40.96,53.21,109,47.098
0.85,0.85,-0.25,31.49,46.36,57.5,34.68,54.55,30.12,49.32,73,47.096000000000004
0.45,0.75,-0.1,32.36,49.85,56.92,36.29,55.56,33.73,52.44,82,47.096000000000004
0.5,0.5,-0.15,31.49,46.36,57.5,34.27,54.08,30.12,49.32,73,47.096000000000004
1.0,1.0,-0.3,31.49,46.36,57.5,34.27,54.08,30.12,49.32,73,47.096000000000004
0.75,0.7,0.1,34.4,65.89,55.56,36.69,54.48,37.35,52.63,95,47.096
1.0,0.25,-0.2,34.4,61.81,55.56,35.89,52.59,30.72,53.33,75,47.096
0.3,0.6,0.25,35.28,64.72,54.97,36.69,53.96,40.36,55.45,101,47.094
0.3,0.65,0.25,35.28,64.72,54.97,37.5,54.61,40.36,55.45,101,47.094
0.8,0.95,-0.25,30.9,44.31,57.89,35.48,55.67,30.12,50.0,70,47.094
0.15,0.75,0.25,35.28,64.72,54.97,38.31,53.79,38.55,52.94,102,47.094
0.15,0.85,0.3,35.28,64.72,54.97,37.9,53.42,38.55,52.94,102,47.094
0.65,0.75,-0.2,30.9,44.31,57.89,35.48,55.67,30.12,49.3,71,47.094
0.65,0.5,-0.05,33.24,61.52,56.33,35.48,55.37,34.94,52.33,86,47.093999999999994
1.0,0.8,-0.05,33.24,61.52,56.33,35.48,54.03,35.54,52.87,87,47.093999999999994
0.95,0.75,-0.05,33.24,61.52,56.33,35.48,54.03,35.54,52.87,87,47.093999999999994
0.3,0.95,0.3,34.69,64.14,55.36,37.1,53.57,37.35,51.52,99,47.092
0.4,0.95,-0.15,32.36,46.65,56.91,36.69,56.73,34.94,53.66,82,47.089999999999996
0.25,0.45,-0.05,32.94,52.77,56.52,36.29,55.36,34.34,52.38,84,47.088
0.5,0.9,-0.1,32.94,52.77,56.52,36.29,55.36,34.34,52.38,84,47.088
0.4,0.75,0.2,34.99,62.39,55.15,36.69,54.07,39.76,54.55,99,47.086
0.35,0.7,0.1,34.99,62.39,55.15,36.69,53.73,38.55,53.68,95,47.086
0.7,0.4,-0.2,31.49,49.56,57.48,34.27,53.0,30.12,48.57,70,47.084
0.4,0.35,-0.1,31.49,49.56,57.48,34.68,54.9,31.33,50.0,76,47.084
1.0,0.9,-0.25,31.49,49.56,57.48,35.08,55.34,31.93,50.65,77,47.084
0.8,0.75,-0.2,31.49,49.56,57.48,34.68,54.9,31.33,50.0,76,47.084
0.35,0.2,-0.1,31.49,49.56,57.48,34.27,53.0,30.12,48.57,70,47.084
0.8,0.7,-0.2,31.49,49.56,57.48,34.68,54.9,31.33,50.0,76,47.084
0.6,0.55,-0.15,31.49,49.56,57.48,34.68,54.9,31.93,50.65,77,47.084
0.7,0.9,-0.2,30.32,45.48,58.26,35.48,55.45,31.33,52.05,73,47.083999999999996
0.35,0.45,-0.1,30.32,45.48,58.26,35.48,55.45,31.33,52.05,73,47.083999999999996
0.5,0.85,-0.3,27.7,27.7,60.0,33.47,56.16,27.11,47.37,57,47.08
0.7,0.95,-0.05,33.82,58.02,55.92,35.48,54.03,34.34,51.16,86,47.08
0.75,1.0,-0.05,33.82,58.02,55.92,35.89,54.4,34.94,51.72,87,47.08
0.6,0.15,-0.25,31.2,42.57,57.66,30.65,52.78,28.31,48.28,58,47.07599999999999
0.75,0.45,-0.1,32.65,61.81,56.69,36.29,54.31,32.53,51.22,82,47.074
0.7,0.4,-0.1,32.65,61.81,56.69,36.29,53.85,32.53,51.85,81,47.074
0.35,0.2,-0.05,32.65,61.81,56.69,36.29,53.85,32.53,51.85,81,47.074
0.1,0.2,0.25,36.73,70.85,53.97,38.31,54.36,40.36,53.21,109,47.074
0.8,0.75,-0.15,31.49,52.77,57.46,36.29,53.51,32.53,51.9,79,47.072
0.85,0.6,-0.05,33.53,63.85,56.1,35.08,54.47,34.34,52.33,86,47.071999999999996
0.7,0.8,-0.05,33.24,58.31,56.29,35.89,54.84,35.54,52.22,90,47.07
0.75,0.9,-0.05,33.24,58.31,56.29,36.29,55.28,36.14,52.22,90,47.07
0.0,0.3,0.25,36.15,69.39,54.35,37.9,52.26,39.76,53.21,109,47.07
0.15,0.35,0.3,36.15,69.39,54.35,37.5,53.79,40.96,52.73,110,47.07
0.85,1.0,-0.05,33.24,58.31,56.29,35.89,54.4,35.54,52.22,90,47.07
0.0,0.25,0.2,36.15,69.39,54.35,37.9,52.26,39.76,53.7,108,47.07
0.8,0.95,-0.05,33.24,58.31,56.29,35.89,54.84,36.14,52.22,90,47.07
0.15,0.9,-0.25,31.2,30.61,57.65,31.45,54.79,28.92,51.52,66,47.06999999999999
0.15,0.2,-0.05,30.61,43.73,58.04,36.29,55.0,30.72,50.7,71,47.068
0.75,1.0,-0.25,30.61,43.73,58.04,36.29,55.0,30.72,50.7,71,47.068
0.3,0.4,-0.1,30.61,43.73,58.04,36.29,55.0,30.72,50.7,71,47.068
0.7,1.0,-0.25,30.61,43.73,58.04,35.48,54.08,30.72,50.7,71,47.068
0.9,0.7,-0.25,31.78,47.81,57.26,35.48,56.0,29.52,48.61,72,47.068
0.6,0.8,-0.2,30.61,43.73,58.04,36.29,55.0,30.72,50.7,71,47.068
0.45,0.6,-0.15,30.61,43.73,58.04,36.29,55.0,30.72,50.7,71,47.068
0.25,0.7,-0.15,30.9,38.78,57.84,33.06,53.93,33.73,53.85,78,47.064
0.9,0.05,-0.25,34.11,60.35,55.7,33.06,51.92,33.13,50.63,79,47.064
0.4,0.3,-0.05,32.65,58.6,56.67,36.29,55.46,34.94,52.94,85,47.062000000000005
0.9,0.7,-0.1,32.65,58.6,56.67,36.29,55.37,34.94,52.94,85,47.062000000000005
0.8,0.6,-0.1,32.65,58.6,56.67,36.29,55.46,34.94,52.94,85,47.062000000000005
0.45,0.35,-0.05,32.65,58.6,56.67,36.29,55.37,34.94,52.94,85,47.062000000000005
0.4,0.25,-0.0,34.99,67.35,55.11,36.69,54.48,36.75,53.76,93,47.062
0.6,0.55,0.1,34.99,67.35,55.11,36.69,53.68,37.35,52.63,95,47.062
0.8,0.5,-0.0,34.99,67.35,55.11,36.69,54.48,36.75,53.76,93,47.062
0.95,0.6,-0.0,34.99,67.35,55.11,36.29,54.14,36.75,53.76,93,47.062
0.55,0.5,0.1,34.99,67.35,55.11,36.69,53.68,36.75,52.63,95,47.062
0.2,0.85,0.3,35.28,65.6,54.91,37.5,53.85,38.55,52.94,102,47.058
0.15,0.65,0.25,35.28,65.6,54.91,37.5,53.47,38.55,52.43,103,47.058
0.1,0.75,0.3,35.28,65.6,54.91,38.31,53.02,37.95,52.43,103,47.058
0.15,0.5,0.25,35.28,65.6,54.91,36.29,53.15,40.36,53.27,107,47.058
0.65,1.0,0.3,35.57,63.85,54.71,35.89,53.33,40.36,54.55,99,47.054
0.85,0.2,-0.15,34.4,62.68,55.49,36.69,53.28,30.72,53.25,77,47.053999999999995
0.35,0.95,0.2,34.4,62.68,55.49,37.5,53.57,36.14,51.58,95,47.053999999999995
0.3,0.85,0.15,34.4,62.68,55.49,37.1,54.01,36.75,52.08,96,47.053999999999995
0.4,0.7,0.25,34.99,63.27,55.09,35.48,53.73,40.36,54.46,101,47.050000000000004
0.1,0.3,0.1,34.99,63.27,55.09,36.29,53.19,37.95,51.49,101,47.050000000000004
0.25,0.45,0.15,34.99,63.27,55.09,36.29,54.41,39.76,54.55,99,47.050000000000004
0.25,0.75,0.25,34.99,63.27,55.09,36.29,53.19,37.95,51.49,101,47.050000000000004
0.3,0.9,0.3,34.99,63.27,55.09,36.29,53.19,37.95,51.49,101,47.050000000000004
0.5,0.9,0.3,34.99,63.27,55.09,36.29,54.41,39.76,54.55,99,47.050000000000004
0.35,1.0,0.3,34.99,63.27,55.09,36.69,53.19,37.35,51.52,99,47.050000000000004
0.05,0.15,0.05,34.99,63.27,55.09,36.29,53.19,37.95,51.49,101,47.050000000000004
0.15,0.45,0.15,34.99,63.27,55.09,36.29,53.19,37.95,51.49,101,47.050000000000004
0.35,0.6,0.2,34.99,63.27,55.09,35.48,53.73,39.16,53.54,99,47.050000000000004
0.2,0.6,0.2,34.99,63.27,55.09,36.29,53.19,37.95,51.49,101,47.050000000000004
0.9,0.75,-0.0,34.69,65.01,55.29,35.89,54.2,35.54,52.75,91,47.05
0.6,0.5,-0.0,34.69,65.01,55.29,35.89,54.2,35.54,52.75,91,47.05
0.95,0.8,-0.0,34.69,65.01,55.29,35.48,53.85,36.14,53.33,90,47.05
0.85,0.7,-0.0,34.69,65.01,55.29,35.89,54.62,35.54,52.75,91,47.05
0.3,0.25,-0.0,34.69,65.01,55.29,35.89,54.2,35.54,52.75,91,47.05
0.0,0.25,0.15,35.57,68.8,54.7,38.71,52.9,39.76,54.21,107,47.048
0.95,0.8,0.2,35.57,68.8,54.7,37.1,53.24,36.75,52.63,95,47.048
0.75,0.7,0.3,35.57,68.8,54.7,37.1,54.35,37.35,52.58,97,47.048
0.55,0.45,0.1,35.57,68.8,54.7,37.1,52.86,36.14,52.13,94,47.048
1.0,0.85,0.2,35.57,68.8,54.7,37.1,53.62,36.14,52.13,94,47.048
0.0,0.3,0.2,35.57,68.8,54.7,37.9,52.6,39.76,53.7,108,47.048
0.0,0.5,0.3,35.57,68.8,54.7,38.71,52.9,39.76,54.21,107,47.048
0.0,0.15,0.1,35.57,68.8,54.7,37.9,52.6,39.76,53.7,108,47.048
0.0,0.45,0.3,35.57,68.8,54.7,37.9,52.6,39.76,53.7,108,47.048
0.8,0.65,0.15,35.57,68.8,54.7,37.1,52.86,35.54,52.13,94,47.048
0.65,0.6,0.25,35.57,68.8,54.7,37.1,54.35,37.35,52.58,97,47.048
0.65,1.0,-0.15,32.07,49.27,57.03,36.29,55.56,32.53,51.25,80,47.046
0.55,1.0,0.2,34.69,60.93,55.28,36.29,53.73,39.76,54.08,98,47.044
0.3,0.55,0.1,34.69,60.93,55.28,36.29,53.73,39.76,54.08,98,47.044
0.8,0.65,-0.2,31.2,48.98,57.6,34.68,54.9,30.12,48.65,74,47.040000000000006
0.85,0.95,-0.3,30.9,41.98,57.8,34.68,53.68,29.52,49.28,69,47.04
0.4,0.75,0.1,35.28,61.52,54.88,36.69,54.14,39.16,54.74,95,47.04
0.7,0.85,-0.25,30.9,41.98,57.8,35.89,55.21,30.12,50.0,70,47.04
0.5,0.45,0.3,36.15,70.26,54.3,37.1,53.9,38.55,52.43,103,47.04
0.4,0.35,0.25,36.15,70.26,54.3,37.1,53.9,38.55,52.43,103,47.04
0.45,0.4,0.3,36.15,70.26,54.3,37.1,53.9,39.16,53.4,103,47.04
0.0,0.55,-0.05,35.86,57.14,54.49,37.5,53.78,37.35,54.74,95,47.038000000000004
0.7,0.8,0.3,35.86,67.06,54.49,35.89,54.07,39.16,54.08,98,47.038000000000004
0.35,0.4,0.15,35.86,67.06,54.49,35.89,54.07,39.16,54.08,98,47.038000000000004
0.65,0.7,0.25,35.86,67.06,54.49,35.89,54.07,38.55,53.06,98,47.038000000000004
0.65,0.75,0.3,35.86,67.06,54.49,35.48,53.73,39.16,54.08,98,47.038000000000004
0.1,0.25,0.2,36.44,68.51,54.1,37.1,53.85,40.96,53.21,109,47.036
0.05,0.35,0.25,36.44,68.51,54.1,37.9,52.98,41.57,53.64,110,47.036
0.05,0.4,0.3,36.44,68.51,54.1,37.9,52.98,41.57,53.64,110,47.036
0.45,0.1,-0.2,32.07,39.65,57.01,30.24,55.38,28.31,47.27,55,47.034
0.55,1.0,-0.1,32.94,53.64,56.43,36.29,55.75,34.34,52.38,84,47.034
0.45,0.9,-0.1,32.65,52.19,56.62,36.29,55.75,34.34,53.01,83,47.032
0.2,0.15,0.2,36.73,72.59,53.89,37.9,53.79,40.36,54.21,107,47.025999999999996
0.3,0.2,0.3,36.73,72.59,53.89,37.5,54.17,40.36,53.7,108,47.025999999999996
0.15,0.1,0.15,36.73,72.59,53.89,37.5,54.17,40.36,53.7,108,47.025999999999996
0.5,0.85,-0.15,32.36,47.52,56.8,36.29,56.31,32.53,52.56,78,47.024
0.85,0.55,-0.25,31.49,47.23,57.38,34.68,53.47,28.31,47.14,70,47.024
0.45,1.0,-0.15,32.36,47.52,56.8,36.69,55.14,34.94,53.66,82,47.024
0.9,0.9,-0.25,31.49,47.23,57.38,35.48,55.45,31.33,50.67,75,47.024
0.9,1.0,-0.25,31.49,47.23,57.38,35.48,54.9,31.33,50.67,75,47.024
0.35,0.6,-0.1,32.36,47.52,56.8,35.89,56.19,33.13,51.85,81,47.024
0.55,0.55,-0.15,31.49,47.23,57.38,35.48,55.45,31.33,50.67,75,47.024
0.6,0.45,-0.05,32.94,60.93,56.41,35.89,55.37,34.94,52.33,86,47.022
0.0,0.15,0.2,37.03,70.85,53.68,39.52,53.85,42.17,54.05,111,47.019999999999996
0.0,0.2,0.25,37.03,70.85,53.68,39.52,53.5,42.77,53.98,113,47.019999999999996
0.3,0.9,-0.25,29.74,30.9,58.54,32.66,56.41,28.92,50.0,66,47.019999999999996
0.05,0.85,-0.1,34.69,52.77,55.24,37.9,57.66,38.55,55.91,93,47.019999999999996
0.35,0.6,0.25,35.57,64.72,54.65,35.89,54.07,40.36,54.46,101,47.018
0.4,0.7,0.3,35.57,64.72,54.65,36.29,54.01,40.36,54.9,102,47.018
0.2,0.35,0.15,35.57,64.72,54.65,36.29,54.01,40.36,54.9,102,47.018
0.75,0.85,-0.0,34.11,61.22,55.62,35.89,54.62,36.14,52.17,92,47.016
0.15,0.3,0.1,34.99,64.14,55.03,36.29,53.62,39.76,55.0,100,47.014
0.4,0.8,0.25,34.99,64.14,55.03,36.69,53.28,39.76,55.0,100,47.014
0.2,0.9,0.25,34.99,64.14,55.03,38.71,54.23,37.35,52.0,100,47.014
0.05,0.9,-0.1,34.99,55.1,55.03,37.9,57.14,37.95,55.91,93,47.014
0.45,0.95,0.3,34.99,64.14,55.03,37.1,53.96,39.76,55.0,100,47.014
0.3,0.6,0.2,34.99,64.14,55.03,36.29,53.62,39.76,55.0,100,47.014
0.05,0.95,-0.1,34.99,55.1,55.03,37.9,55.65,37.35,55.91,93,47.014
0.15,0.7,0.2,34.99,64.14,55.03,38.31,53.85,37.35,52.0,100,47.014
0.35,0.75,0.25,34.99,64.14,55.03,37.5,54.29,39.76,55.0,100,47.014
0.45,0.9,0.3,34.99,64.14,55.03,36.29,53.62,39.76,55.0,100,47.014
0.95,0.75,-0.0,34.69,65.89,55.23,35.89,54.2,34.94,51.65,91,47.013999999999996
0.9,0.75,0.3,35.57,69.68,54.64,37.1,53.57,37.35,52.58,97,47.012
0.55,0.65,-0.05,33.53,57.43,56.0,35.08,54.62,36.14,52.22,90,47.012
0.25,0.75,-0.2,30.32,32.07,58.14,32.66,55.7,29.52,49.28,69,47.012
0.7,0.75,0.1,34.4,63.56,55.42,35.89,54.14,37.35,52.63,95,47.012
0.9,0.75,0.25,35.57,69.68,54.64,36.69,52.86,37.35,52.58,97,47.012
0.95,1.0,0.1,34.4,63.56,55.42,35.89,53.79,37.35,52.63,95,47.012
0.3,0.25,0.1,35.57,69.68,54.64,37.1,53.57,37.35,52.58,97,47.012
0.8,0.85,0.1,34.4,63.56,55.42,36.29,54.14,37.35,52.63,95,47.012
0.9,0.95,0.1,34.4,63.56,55.42,35.89,53.79,37.35,52.63,95,47.012
0.85,0.9,0.1,34.4,63.56,55.42,35.89,53.79,37.35,52.63,95,47.012
0.75,0.8,0.1,34.4,63.56,55.42,36.29,54.14,37.35,52.63,95,47.012
0.6,0.5,0.2,35.57,69.68,54.64,37.1,53.57,37.35,52.58,97,47.012
0.6,0.5,0.15,35.57,69.68,54.64,37.1,52.86,36.75,52.08,96,47.012
0.3,0.7,-0.2,30.03,31.49,58.33,32.66,55.13,29.52,51.56,64,47.01
0.15,0.35,-0.1,30.03,31.49,58.33,32.66,55.13,29.52,51.56,64,47.01
0.55,0.5,-0.2,30.61,41.4,57.94,34.68,54.95,26.51,46.15,65,47.007999999999996
0.5,0.65,-0.25,28.28,31.2,59.49,34.27,57.14,28.31,49.15,59,47.006
0.9,0.8,-0.15,31.49,53.64,57.35,36.29,53.91,33.73,53.09,81,47.006
0.15,0.25,0.2,36.44,69.39,54.05,37.5,54.55,40.36,53.27,107,47.006
0.55,0.95,-0.0,34.4,59.48,55.41,35.89,54.69,36.75,52.75,91,47.00599999999999
0.4,0.85,0.1,34.69,61.81,55.21,37.1,53.68,37.35,53.26,92,47.001999999999995
0.45,1.0,0.1,34.69,61.81,55.21,37.1,53.73,36.75,53.26,92,47.001999999999995
0.25,0.55,0.05,34.69,61.81,55.21,37.1,53.73,37.35,53.26,92,47.001999999999995
0.45,0.95,0.1,34.69,61.81,55.21,36.69,53.33,37.35,53.26,92,47.001999999999995
0.45,0.9,0.1,34.69,61.81,55.21,36.69,53.73,38.55,53.68,95,47.001999999999995
0.55,0.35,-0.1,32.36,58.02,56.76,35.89,54.95,31.33,50.0,78,47.0
0.6,1.0,-0.15,31.78,48.69,57.14,36.29,56.07,33.13,51.85,81,46.996
0.6,0.95,-0.15,31.78,48.69,57.14,36.29,55.56,32.53,51.25,80,46.996
0.4,0.65,-0.1,31.78,48.69,57.14,36.29,56.07,32.53,51.25,80,46.996
0.6,0.65,-0.0,33.53,61.52,55.97,36.29,55.04,36.75,52.69,93,46.994
0.55,0.6,-0.0,33.53,61.52,55.97,36.29,55.04,36.75,52.69,93,46.994
0.95,0.75,0.05,35.28,67.35,54.8,36.69,53.28,34.94,52.17,92,46.992
0.8,1.0,-0.1,33.24,55.98,56.16,35.89,55.17,34.34,51.16,86,46.992
0.75,0.6,0.05,35.28,67.35,54.8,36.69,53.68,34.94,52.17,92,46.992
0.7,0.55,0.05,35.28,67.35,54.8,36.69,53.28,35.54,52.69,93,46.992
0.4,0.5,-0.05,33.24,55.98,56.16,35.89,55.17,34.34,51.16,86,46.992
0.2,0.6,0.3,35.57,65.6,54.6,36.69,53.85,40.36,53.77,106,46.988
0.1,0.3,0.15,35.57,65.6,54.6,36.69,53.85,40.36,53.77,106,46.988
0.25,0.6,0.25,35.57,65.6,54.6,37.5,54.61,40.36,53.33,105,46.988
0.25,0.65,0.3,35.57,65.6,54.6,37.1,53.85,39.76,53.33,105,46.988
0.0,0.35,0.2,35.86,68.8,54.4,40.32,52.9,38.55,54.21,107,46.984
0.0,0.45,0.25,35.86,68.8,54.4,40.32,52.9,38.55,54.21,107,46.984
1.0,0.85,-0.05,34.11,62.1,55.56,35.89,54.84,35.54,52.27,88,46.98
0.3,0.8,0.1,34.11,62.1,55.56,36.69,53.33,36.75,52.63,95,46.98
0.25,0.7,0.1,34.11,62.1,55.56,37.1,53.68,36.14,52.63,95,46.98
0.15,0.4,0.05,34.11,62.1,55.56,36.69,53.33,36.75,52.63,95,46.98
0.35,0.95,0.15,34.11,62.1,55.56,37.1,53.68,36.75,52.63,95,46.98
0.2,0.65,0.25,34.99,65.01,54.97,36.29,53.19,38.55,51.96,102,46.978
0.05,0.3,0.1,34.99,65.01,54.97,38.71,53.42,37.95,52.48,101,46.978
0.15,0.9,0.3,34.99,65.01,54.97,38.71,53.42,37.95,52.48,101,46.978
0.25,0.95,0.3,34.99,65.01,54.97,37.5,53.9,37.35,52.0,100,46.978
0.1,0.6,0.2,34.99,65.01,54.97,38.71,53.42,37.95,52.48,101,46.978
0.15,0.5,0.2,34.99,65.01,54.97,36.29,52.82,38.55,51.46,103,46.978
0.75,0.55,-0.0,34.69,66.76,55.17,36.29,53.73,35.54,52.17,92,46.977999999999994
0.85,0.8,0.15,34.69,66.76,55.17,36.69,54.07,37.35,52.63,95,46.977999999999994
0.9,0.85,0.15,34.69,66.76,55.17,36.69,54.07,37.35,52.63,95,46.977999999999994
0.1,0.15,0.3,37.03,72.59,53.61,38.31,53.29,41.57,53.57,112,46.977999999999994
0.7,0.65,0.1,34.69,66.76,55.17,36.69,54.48,37.35,52.63,95,46.977999999999994
0.95,0.95,0.15,34.4,64.43,55.36,36.29,54.14,37.35,52.08,96,46.976
0.9,0.9,0.15,34.4,64.43,55.36,36.29,54.14,37.35,52.08,96,46.976
0.3,0.3,0.05,34.4,64.43,55.36,36.29,54.14,37.35,52.08,96,46.976
0.6,0.6,0.1,34.4,64.43,55.36,36.29,54.14,37.35,52.08,96,46.976
0.95,0.45,-0.15,32.94,61.81,56.33,36.29,55.17,31.33,49.37,79,46.974
0.3,0.9,-0.15,32.07,43.73,56.9,35.08,56.7,35.54,54.12,85,46.968
0.1,0.3,-0.05,32.07,43.73,56.9,35.08,56.7,35.54,54.12,85,46.968
0.85,0.8,-0.2,31.2,49.85,57.48,35.08,55.34,32.53,51.9,79,46.968
0.2,0.6,-0.1,32.07,43.73,56.9,35.08,56.7,35.54,54.12,85,46.968
0.35,0.5,0.1,35.28,63.27,54.76,36.29,54.14,40.36,54.55,99,46.967999999999996
0.7,1.0,0.2,35.28,63.27,54.76,36.29,54.14,40.36,54.55,99,46.967999999999996
0.55,0.5,-0.3,27.41,25.66,60.0,31.85,57.63,25.3,45.83,48,46.964
0.55,0.1,-0.25,31.49,38.48,57.28,29.44,55.74,27.71,49.06,53,46.964
0.4,0.4,-0.25,26.24,20.41,60.78,29.03,57.78,25.3,48.72,39,46.964
0.95,0.7,0.05,35.28,68.22,54.75,36.69,53.28,35.54,52.17,92,46.962
0.5,0.95,0.1,34.99,60.93,54.94,36.29,53.79,38.55,54.26,94,46.96
0.5,0.85,0.15,34.99,60.93,54.94,35.89,53.79,39.16,54.17,96,46.96
0.35,0.6,0.1,34.99,60.93,54.94,35.89,53.79,39.16,54.17,96,46.96
0.35,0.65,0.05,34.99,60.93,54.94,36.69,54.14,38.55,54.26,94,46.96
0.55,1.0,0.1,34.99,60.93,54.94,36.69,54.14,37.95,53.76,93,46.96
0.45,0.85,0.1,34.99,60.93,54.94,36.29,53.79,38.55,54.26,94,46.96
0.35,0.65,0.1,34.99,60.93,54.94,36.29,54.14,39.76,54.64,97,46.96
0.3,0.55,0.05,34.99,60.93,54.94,36.29,53.79,37.95,53.76,93,46.96
0.1,0.9,0.05,35.57,61.52,54.55,39.92,53.1,36.14,52.53,99,46.958
0.4,0.35,0.3,36.44,71.14,53.97,37.1,53.9,39.76,53.33,105,46.958
0.05,0.2,0.1,35.57,66.47,54.55,36.69,53.47,39.76,52.83,106,46.958
0.15,0.6,0.3,35.57,66.47,54.55,36.69,53.47,39.76,52.83,106,46.958
0.1,0.4,0.2,35.57,66.47,54.55,36.69,53.47,39.76,52.83,106,46.958
0.5,0.55,0.15,35.57,66.47,54.55,36.29,54.07,38.55,53.61,97,46.958
0.7,0.15,-0.3,31.49,41.69,57.27,29.84,52.17,27.71,47.37,57,46.958
0.25,0.6,-0.15,30.03,34.69,58.24,33.06,54.22,31.33,51.43,70,46.956
0.4,0.8,-0.1,32.94,51.31,56.3,36.29,55.96,34.34,53.66,82,46.955999999999996
0.2,0.4,-0.05,32.94,51.31,56.3,36.29,55.96,34.34,53.66,82,46.955999999999996
0.45,0.4,0.25,35.86,69.68,54.35,37.1,53.9,38.55,52.43,103,46.954
0.95,0.8,0.3,35.86,69.68,54.35,37.1,53.57,37.35,52.58,97,46.954
0.4,0.35,0.15,35.86,69.68,54.35,37.1,53.57,37.35,52.04,98,46.954
0.8,0.7,0.3,35.86,69.68,54.35,37.1,53.57,37.35,52.04,98,46.954
0.05,0.75,-0.1,34.99,51.9,54.93,37.1,56.88,37.95,55.43,92,46.954
0.35,0.3,0.15,35.86,69.68,54.35,37.5,53.9,37.95,52.48,101,46.954
0.7,0.6,0.3,35.86,69.68,54.35,37.5,53.9,37.95,52.48,101,46.954
0.7,0.6,0.25,35.86,69.68,54.35,37.1,53.57,37.35,53.12,96,46.954
0.05,0.8,-0.1,34.99,51.9,54.93,37.9,57.66,37.95,55.43,92,46.954
0.55,0.5,0.25,35.86,69.68,54.35,37.1,53.57,38.55,53.47,101,46.954
0.5,0.45,0.2,35.86,69.68,54.35,37.1,53.57,38.55,53.0,100,46.954
0.75,0.6,-0.2,31.49,48.1,57.26,35.08,55.45,30.12,49.32,73,46.952
0.55,0.45,-0.15,31.49,48.1,57.26,34.68,55.56,30.12,49.32,73,46.952
0.55,0.25,-0.2,31.49,44.9,57.26,33.06,52.87,28.92,50.0,60,46.952
1.0,0.85,-0.1,32.94,58.6,56.29,35.48,55.37,35.54,52.87,87,46.95
0.95,0.8,-0.1,32.94,58.6,56.29,35.48,55.37,34.94,52.33,86,46.95
0.7,0.65,-0.15,31.49,51.31,57.25,35.48,53.7,32.53,51.9,79,46.946
0.1,0.5,0.3,36.15,67.93,54.14,37.1,53.42,39.76,52.83,106,46.944
0.05,0.25,0.15,36.15,67.93,54.14,37.1,53.42,39.76,52.83,106,46.944
0.55,0.7,-0.05,33.24,56.85,56.08,35.48,55.0,34.94,51.72,87,46.943999999999996
0.45,0.7,0.25,35.28,64.14,54.71,35.89,53.68,40.36,54.55,99,46.938
0.85,0.55,-0.15,32.07,57.43,56.85,35.89,54.46,31.93,51.25,80,46.938
0.55,0.85,0.3,35.28,64.14,54.71,35.89,53.68,40.36,54.55,99,46.938
0.35,0.55,0.2,35.28,64.14,54.71,35.89,53.68,39.76,54.0,100,46.938
0.85,0.1,-0.2,34.11,62.97,55.49,35.48,52.68,31.93,51.28,78,46.937999999999995
0.95,0.15,-0.2,34.11,62.97,55.49,35.08,51.3,32.53,53.95,76,46.937999999999995
0.0,0.85,-0.05,35.86,59.77,54.32,37.9,53.23,36.75,53.06,98,46.936
0.35,1.0,0.25,34.69,63.56,55.09,37.1,53.57,36.75,51.02,98,46.93
0.45,0.7,-0.1,31.78,49.56,57.03,36.29,55.56,32.53,51.25,80,46.93
0.55,0.65,-0.0,34.4,61.22,55.28,35.89,54.62,35.54,51.65,91,46.928
0.75,0.2,-0.15,34.4,61.22,55.28,35.48,52.17,31.33,52.63,76,46.928
0.8,0.95,-0.0,34.4,61.22,55.28,36.29,54.62,35.54,51.65,91,46.928
0.7,0.5,-0.05,32.94,62.68,56.25,35.89,55.37,34.34,52.33,86,46.926
0.75,1.0,-0.1,32.94,55.39,56.25,35.08,55.26,33.73,50.59,85,46.926
0.85,0.7,-0.05,33.24,60.93,56.05,35.48,54.03,35.54,52.87,87,46.925999999999995
0.3,0.85,-0.15,31.78,43.15,57.02,35.48,57.14,33.73,53.09,81,46.92400000000001
0.45,0.85,0.15,34.99,61.81,54.88,36.29,54.14,40.36,54.55,99,46.924
0.0,0.1,0.25,37.9,75.8,52.94,39.52,54.09,43.37,54.78,115,46.92399999999999
0.55,0.6,0.25,35.57,67.35,54.49,35.89,54.07,39.16,53.54,99,46.922000000000004
0.8,0.85,0.3,35.57,67.35,54.49,35.89,54.07,38.55,53.06,98,46.922000000000004
0.75,0.8,0.3,35.57,67.35,54.49,35.89,54.07,38.55,53.06,98,46.922000000000004
0.85,0.9,0.3,35.57,67.35,54.49,35.89,54.07,38.55,53.06,98,46.922000000000004
0.6,0.65,0.25,35.57,67.35,54.49,35.89,54.07,38.55,53.06,98,46.922000000000004
0.7,0.75,0.3,35.57,67.35,54.49,35.89,54.07,38.55,53.06,98,46.922000000000004
0.75,0.2,-0.3,31.2,44.31,57.39,31.05,51.32,28.92,49.15,59,46.914
0.45,0.35,-0.15,31.2,44.31,57.39,35.08,54.74,26.51,45.45,66,46.914
0.9,0.7,-0.3,31.2,44.31,57.39,35.08,54.74,26.51,45.45,66,46.914
0.35,1.0,-0.25,30.61,33.53,57.78,32.26,55.0,30.72,52.17,69,46.912
0.8,0.65,0.05,34.99,66.76,54.86,36.69,53.68,34.94,52.17,92,46.912
0.2,0.6,-0.15,30.61,33.53,57.78,32.26,55.0,30.12,50.0,70,46.912
0.35,0.25,-0.1,32.07,47.81,56.8,35.48,55.45,29.52,48.61,72,46.908
0.75,0.85,-0.2,31.2,47.52,57.38,35.48,55.88,31.93,51.32,76,46.908
0.15,0.35,-0.05,32.07,47.81,56.8,37.1,55.05,35.54,54.22,83,46.908
0.3,0.7,-0.1,32.07,47.81,56.8,37.1,55.05,35.54,54.22,83,46.908
0.6,0.8,-0.15,31.2,47.52,57.38,35.48,55.66,32.53,51.9,79,46.908
0.7,0.5,-0.2,32.07,47.81,56.8,35.48,55.45,29.52,48.61,72,46.908
0.35,0.3,-0.1,31.2,47.52,57.38,34.68,55.1,29.52,48.61,72,46.908
0.7,0.6,-0.2,31.2,47.52,57.38,34.68,55.1,29.52,48.61,72,46.908
0.55,0.95,-0.15,32.07,47.81,56.8,36.29,56.07,33.13,51.85,81,46.908
0.55,0.6,-0.15,31.2,47.52,57.38,35.89,55.34,31.33,50.67,75,46.908
0.7,0.25,-0.3,30.03,37.9,58.16,30.24,52.17,27.71,49.06,53,46.907999999999994
0.55,0.4,-0.05,32.65,61.22,56.41,35.89,55.37,34.34,52.33,86,46.906
0.25,0.55,0.2,35.28,65.01,54.65,37.5,54.61,39.76,55.0,100,46.902
0.55,0.45,-0.05,32.94,59.48,56.21,35.48,55.37,35.54,52.87,87,46.902
0.05,0.25,0.3,36.73,71.14,53.68,38.71,54.3,41.57,53.15,111,46.9
0.4,0.45,-0.0,33.82,61.52,55.62,35.89,54.62,36.14,52.17,92,46.9
0.9,1.0,-0.0,33.82,61.52,55.62,36.29,55.04,36.14,52.17,92,46.9
0.55,0.45,-0.3,27.7,26.24,59.7,31.45,57.14,25.3,46.81,47,46.9
0.45,0.85,-0.3,27.7,26.24,59.7,32.26,55.88,27.11,47.27,55,46.9
0.45,0.5,-0.0,33.82,61.52,55.62,36.29,55.04,36.14,52.17,92,46.9
0.85,0.95,-0.0,33.82,61.52,55.62,36.29,54.62,36.14,52.17,92,46.9
0.8,0.9,-0.0,33.82,61.52,55.62,35.89,54.62,36.14,52.17,92,46.9
0.3,0.75,-0.2,30.32,32.94,57.95,32.26,55.13,30.12,50.75,67,46.898
0.95,0.2,-0.15,34.11,63.85,55.42,37.5,53.6,32.53,54.32,81,46.896
1.0,0.15,-0.2,34.11,63.85,55.42,35.08,51.72,32.53,54.55,77,46.896
1.0,0.9,-0.0,34.11,63.85,55.42,36.29,54.96,35.54,52.81,89,46.896
0.5,0.45,-0.0,34.11,63.85,55.42,36.29,54.96,35.54,52.81,89,46.896
0.65,0.65,0.05,34.11,63.85,55.42,35.89,53.79,37.35,52.63,95,46.896
0.2,0.65,0.2,34.69,64.43,55.03,37.1,53.57,37.35,51.52,99,46.894
0.2,0.8,0.25,34.69,64.43,55.03,38.31,54.23,38.55,52.94,102,46.894
0.15,0.85,0.25,34.69,64.43,55.03,39.52,54.11,37.35,52.0,100,46.894
0.95,1.0,0.2,34.69,64.43,55.03,35.89,53.73,37.35,52.08,96,46.894
0.2,1.0,0.3,34.69,64.43,55.03,38.71,54.17,37.35,52.0,100,46.894
0.25,0.8,0.25,34.69,64.43,55.03,37.1,53.57,37.35,51.52,99,46.894
0.1,0.5,0.15,34.69,64.43,55.03,38.71,54.17,37.35,52.0,100,46.894
0.2,0.85,0.25,34.69,64.43,55.03,38.31,53.85,37.35,52.0,100,46.894
0.7,0.75,0.15,34.69,64.43,55.03,35.89,53.73,37.95,53.12,96,46.894
0.25,1.0,0.3,34.69,64.43,55.03,38.31,54.23,37.35,52.0,100,46.894
0.3,0.95,0.25,34.69,64.43,55.03,37.1,53.57,36.75,51.02,98,46.894
0.15,0.5,0.15,34.69,64.43,55.03,37.5,53.9,37.35,51.52,99,46.894
0.25,0.85,0.25,34.69,64.43,55.03,37.5,53.9,37.35,51.52,99,46.894
0.3,1.0,0.3,34.69,64.43,55.03,37.5,53.9,37.35,51.52,99,46.894
0.9,0.75,-0.1,32.65,58.02,56.38,35.89,55.37,34.94,52.33,86,46.888000000000005
0.85,0.65,-0.1,32.65,58.02,56.38,35.89,55.46,34.94,52.94,85,46.888000000000005
0.45,0.65,0.1,34.99,62.68,54.82,36.29,54.96,39.76,54.08,98,46.888
0.15,0.1,0.2,36.44,73.76,53.85,37.5,54.42,40.96,53.98,113,46.886
0.15,0.35,0.05,34.4,62.1,55.21,37.1,53.28,36.75,53.26,92,46.885999999999996
0.8,0.2,-0.15,34.4,62.1,55.21,36.69,52.94,30.72,52.63,76,46.885999999999996
0.3,0.7,0.1,34.4,62.1,55.21,37.1,53.28,36.75,53.26,92,46.885999999999996
0.35,0.8,0.1,34.4,62.1,55.21,37.5,53.28,36.75,53.26,92,46.885999999999996
0.2,0.45,0.05,34.4,62.1,55.21,37.1,53.33,36.75,53.26,92,46.885999999999996
0.4,0.9,0.1,34.4,62.1,55.21,37.1,53.33,36.75,53.26,92,46.885999999999996
0.7,0.5,-0.1,32.07,58.31,56.76,36.69,54.78,34.34,53.01,83,46.884
0.35,0.25,-0.05,32.07,58.31,56.76,36.69,54.78,34.34,53.01,83,46.884
0.95,0.8,-0.3,31.49,45.77,57.14,35.48,54.64,28.31,47.83,69,46.879999999999995
0.95,0.9,-0.25,31.49,48.98,57.14,35.08,54.9,31.33,50.0,76,46.879999999999995
0.75,0.7,-0.2,31.49,48.98,57.14,34.68,54.46,31.33,50.0,76,46.879999999999995
0.45,0.75,0.1,34.69,60.35,55.0,36.29,54.14,39.16,54.17,96,46.876
0.5,0.9,0.05,34.69,60.35,55.0,36.29,53.79,37.95,53.76,93,46.876
0.55,0.9,0.1,34.69,60.35,55.0,36.29,54.14,39.16,54.74,95,46.876
0.6,0.9,0.05,34.69,60.35,55.0,35.89,54.2,39.16,54.74,95,46.876
0.9,0.85,-0.1,32.36,56.56,56.55,35.08,54.55,34.94,52.94,85,46.874
0.55,0.6,0.15,35.28,65.89,54.6,36.29,54.07,38.55,53.61,97,46.872
1.0,0.9,-0.15,32.07,55.1,56.74,35.89,54.31,34.34,53.01,83,46.872
0.45,0.6,-0.05,32.94,56.27,56.16,36.29,55.46,34.34,51.16,86,46.872
0.9,0.85,-0.15,31.78,53.64,56.93,36.69,54.31,33.13,52.5,80,46.870000000000005
0.6,0.55,0.25,35.57,69.1,54.4,37.1,53.96,38.55,53.0,100,46.868
0.7,0.65,0.3,35.57,69.1,54.4,37.1,53.96,37.95,53.0,100,46.868
0.65,0.6,0.3,35.57,69.1,54.4,37.1,53.96,38.55,53.47,101,46.868
0.9,0.75,0.2,35.57,69.1,54.4,37.1,53.24,36.75,52.08,96,46.868
0.2,0.2,0.3,36.15,70.55,54.01,38.31,53.38,39.76,54.21,107,46.866
0.1,0.1,0.15,36.15,70.55,54.01,38.31,53.38,39.76,54.21,107,46.866
0.1,0.3,0.3,36.15,70.55,54.01,38.71,55.1,40.96,52.73,110,46.866
0.05,0.15,0.15,36.15,70.55,54.01,38.71,55.1,40.96,52.73,110,46.866
0.35,0.6,-0.05,32.65,54.81,56.34,35.48,54.78,34.94,52.94,85,46.864000000000004
0.85,0.75,-0.2,31.78,50.44,56.92,35.08,55.34,31.93,50.65,77,46.864000000000004
0.85,0.95,0.05,33.82,62.39,55.56,35.89,53.79,36.75,52.69,93,46.864
0.7,0.8,0.05,33.82,62.39,55.56,35.89,53.79,36.14,52.17,92,46.864
0.75,0.85,0.05,33.82,62.39,55.56,35.89,53.79,36.75,52.69,93,46.864
0.65,0.75,0.05,33.82,62.39,55.56,35.89,53.79,36.14,52.17,92,46.864
0.9,1.0,0.05,33.82,62.39,55.56,35.89,53.79,36.75,52.69,93,46.864
0.8,0.9,0.05,33.82,62.39,55.56,35.89,53.79,36.75,52.69,93,46.864
0.9,0.15,-0.2,33.82,62.39,55.56,34.27,50.89,32.53,54.67,75,46.864
0.1,0.15,0.05,35.57,64.14,54.39,35.89,53.68,40.36,54.55,99,46.862
0.4,0.6,0.2,35.57,64.14,54.39,35.89,53.68,40.36,54.55,99,46.862
0.7,1.0,0.3,35.57,64.14,54.39,36.29,54.07,39.76,54.64,97,46.862
0.55,0.8,0.25,35.57,64.14,54.39,35.89,53.68,40.36,54.55,99,46.862
0.6,0.9,0.3,35.57,64.14,54.39,35.89,53.68,40.36,54.55,99,46.862
0.6,0.85,0.25,35.57,64.14,54.39,36.29,54.07,39.76,54.64,97,46.862
0.35,0.5,0.15,35.57,64.14,54.39,36.29,54.07,39.76,54.64,97,46.862
0.5,0.6,-0.15,30.32,44.9,57.89,35.48,56.12,29.52,50.0,70,46.862
0.65,0.95,0.3,35.57,64.14,54.39,35.89,53.68,40.36,54.55,99,46.862
0.5,0.75,0.25,35.57,64.14,54.39,35.89,53.68,40.36,54.55,99,46.862
0.3,0.45,0.15,35.57,64.14,54.39,35.89,53.68,40.36,54.55,99,46.862
0.45,0.65,0.2,35.57,64.14,54.39,36.29,54.07,40.36,54.55,99,46.862
0.2,0.3,0.1,35.57,64.14,54.39,35.89,53.68,40.36,54.55,99,46.862
0.35,1.0,-0.3,29.15,28.28,58.67,32.66,56.76,27.11,49.18,61,46.861999999999995
0.55,0.9,-0.1,32.07,51.9,56.72,35.08,54.95,34.34,52.38,84,46.86
0.85,0.75,-0.25,30.9,46.94,57.5,34.68,54.64,29.52,48.61,72,46.86
0.75,1.0,-0.2,30.9,46.94,57.5,35.89,56.19,31.33,52.7,74,46.86
0.65,0.65,-0.25,30.61,39.94,57.69,34.68,55.17,26.51,46.88,64,46.858
0.45,0.5,0.2,35.86,67.35,54.19,35.89,54.07,39.16,54.08,98,46.858
0.1,0.45,0.25,35.86,67.35,54.19,37.1,53.42,39.76,52.83,106,46.858
0.05,0.35,0.3,36.44,68.8,53.8,37.9,52.63,40.36,52.78,108,46.855999999999995
0.05,0.3,0.25,36.44,68.8,53.8,37.9,53.69,40.36,52.78,108,46.855999999999995
0.75,0.25,-0.15,34.11,60.64,55.35,35.89,53.04,31.93,53.25,77,46.854
0.5,0.65,-0.0,34.11,60.64,55.35,35.89,54.26,37.35,52.69,93,46.854
0.6,0.95,0.3,34.99,63.56,54.76,35.48,53.33,40.36,54.55,99,46.852
0.45,0.75,0.25,34.99,63.56,54.76,35.48,53.73,39.76,54.0,100,46.852
0.5,0.85,0.3,34.99,63.56,54.76,35.48,53.73,39.76,54.0,100,46.852
0.5,0.8,0.25,34.99,63.56,54.76,35.89,53.73,40.36,54.55,99,46.852
0.55,0.9,0.3,34.99,63.56,54.76,35.48,53.73,39.76,54.0,100,46.852
0.35,1.0,0.2,34.4,62.97,55.15,37.5,53.57,36.14,50.52,97,46.849999999999994
0.1,0.8,-0.2,32.07,34.99,56.7,32.26,53.75,30.72,52.05,73,46.848000000000006
0.05,0.4,-0.1,32.07,34.99,56.7,32.26,53.75,30.72,52.05,73,46.848000000000006
0.35,0.75,-0.25,27.99,26.82,59.42,31.85,55.88,26.51,48.21,56,46.848
0.95,0.0,-0.3,33.24,58.6,55.92,34.27,52.94,31.33,47.37,76,46.848
0.55,0.75,-0.3,27.11,28.28,60.0,33.87,57.75,27.71,46.43,56,46.844
0.15,0.15,-0.1,27.11,16.62,60.0,28.63,58.97,23.49,44.12,34,46.844
0.3,0.3,-0.2,27.11,16.62,60.0,28.63,58.97,23.49,44.12,34,46.844
0.45,0.45,-0.3,27.11,16.62,60.0,28.63,58.97,23.49,44.12,34,46.844
0.85,0.8,-0.3,31.2,41.98,57.27,35.48,55.32,27.11,46.97,66,46.842
0.35,0.3,0.3,36.15,71.43,53.97,37.9,54.17,40.36,53.77,106,46.842
0.55,0.85,0.1,34.69,61.22,54.94,36.29,54.55,39.16,54.17,96,46.839999999999996
0.4,0.05,-0.15,32.65,51.6,56.3,32.66,52.87,28.92,48.44,64,46.839999999999996
0.8,0.1,-0.3,32.65,51.6,56.3,32.66,52.87,28.92,48.44,64,46.839999999999996
0.4,0.8,0.05,34.69,61.22,54.94,36.69,53.79,37.35,53.85,91,46.839999999999996
0.45,0.85,-0.1,32.65,51.6,56.3,35.89,55.96,34.34,53.01,83,46.839999999999996
0.6,0.7,-0.2,30.61,43.15,57.66,35.48,55.67,30.12,50.0,70,46.839999999999996
0.3,0.35,-0.1,30.61,43.15,57.66,35.48,55.67,30.12,50.0,70,46.839999999999996
0.4,0.85,0.05,34.69,61.22,54.94,36.69,53.38,37.35,53.26,92,46.839999999999996
0.5,0.15,-0.2,30.61,43.15,57.66,31.05,53.42,28.31,50.0,56,46.839999999999996
0.35,0.7,0.05,34.69,61.22,54.94,36.29,53.79,37.35,53.85,91,46.839999999999996
0.65,0.55,0.3,35.57,69.97,54.35,37.5,53.9,38.55,51.92,104,46.838
0.55,0.5,-0.15,31.2,48.4,57.26,34.68,54.46,30.12,48.65,74,46.836
0.65,0.85,-0.15,31.2,48.4,57.26,35.48,55.14,32.53,51.9,79,46.836
0.85,1.0,-0.2,31.2,48.4,57.26,36.69,56.07,31.93,51.32,76,46.836
0.1,0.55,-0.05,34.11,52.48,55.32,35.48,52.99,36.14,52.69,93,46.836
0.75,0.65,-0.2,31.2,48.4,57.26,35.08,55.45,30.12,48.65,74,46.836
0.95,0.85,-0.25,31.2,48.4,57.26,35.08,54.9,30.72,49.33,75,46.836
0.6,0.25,-0.1,33.24,62.68,55.9,37.1,55.17,31.93,50.62,81,46.836
0.65,0.75,-0.15,31.2,48.4,57.26,36.69,56.07,31.93,51.32,76,46.836
0.95,0.75,-0.25,31.2,48.4,57.26,35.48,55.88,29.52,48.61,72,46.836
0.95,0.75,-0.1,32.65,58.89,56.29,35.48,55.0,34.94,52.33,86,46.834
0.75,0.45,-0.3,30.32,39.36,57.84,33.87,54.12,26.51,44.83,58,46.832
0.55,1.0,-0.05,33.53,56.85,55.7,36.29,54.47,35.54,52.27,88,46.832
0.5,0.3,-0.2,30.32,39.36,57.84,33.87,54.12,26.51,44.83,58,46.832
0.25,0.15,-0.1,30.32,39.36,57.84,33.87,54.12,26.51,44.83,58,46.832
0.9,0.55,-0.15,32.07,59.18,56.67,35.89,54.95,31.93,51.25,80,46.830000000000005
0.35,0.4,0.2,35.86,68.22,54.14,36.29,54.41,39.76,53.92,102,46.828
0.5,0.55,0.25,35.86,68.22,54.14,35.48,53.73,39.16,54.46,101,46.828
0.2,0.35,0.2,35.86,68.22,54.14,36.69,53.57,40.36,54.29,105,46.828
0.45,0.5,0.25,35.86,68.22,54.14,36.29,54.41,39.16,53.4,103,46.828
0.25,0.45,0.3,35.86,68.22,54.14,36.69,53.9,40.36,53.77,106,46.828
0.0,0.9,-0.05,36.15,60.64,53.94,37.5,53.23,36.75,53.06,98,46.824
0.6,0.25,-0.3,30.03,30.03,58.02,31.05,55.56,25.3,43.18,44,46.824
0.95,0.65,-0.15,31.78,57.73,56.85,35.89,53.98,33.73,52.44,82,46.822
0.2,0.95,0.3,34.99,64.43,54.71,38.71,54.17,37.35,52.0,100,46.822
0.4,0.85,0.3,34.99,64.43,54.71,37.1,54.29,39.76,55.0,100,46.822
0.55,0.7,-0.15,30.61,46.36,57.63,35.89,55.77,31.33,52.05,73,46.822
0.9,0.6,-0.15,31.78,57.73,56.85,35.89,53.98,33.73,52.44,82,46.822
0.6,0.4,-0.1,31.78,57.73,56.85,35.89,53.98,33.73,52.44,82,46.822
0.3,0.2,-0.05,31.78,57.73,56.85,35.89,53.98,33.73,52.44,82,46.822
0.45,0.35,-0.0,34.69,66.18,54.91,35.89,54.2,34.94,51.65,91,46.821999999999996
0.7,0.55,-0.0,34.69,66.18,54.91,35.89,54.2,34.94,51.65,91,46.821999999999996
0.9,0.7,-0.0,34.69,66.18,54.91,35.89,54.2,34.94,51.65,91,46.821999999999996
0.8,0.5,-0.15,32.36,57.43,56.46,36.29,54.95,31.33,50.65,77,46.82
0.75,0.4,-0.15,32.36,57.43,56.46,36.29,55.05,30.72,50.0,76,46.82
0.55,0.5,-0.1,31.49,53.06,57.04,35.89,53.1,33.13,52.5,80,46.81999999999999
0.85,0.8,-0.15,31.49,53.06,57.04,37.1,54.31,32.53,51.9,79,46.81999999999999
0.35,0.6,0.3,36.15,66.47,53.93,36.69,53.96,40.36,54.81,104,46.818
0.35,0.65,-0.25,26.53,23.32,60.34,30.65,54.1,27.11,48.08,52,46.816
0.95,1.0,0.15,34.4,63.85,55.09,36.29,54.14,37.35,52.63,95,46.814
0.25,0.4,-0.2,26.24,14.29,60.53,29.84,60.0,23.49,45.95,37,46.814
0.15,0.55,0.15,34.4,63.85,55.09,37.9,53.9,36.75,51.52,99,46.814
0.4,1.0,-0.15,32.36,46.94,56.45,37.1,56.6,35.54,54.22,83,46.814
0.3,0.25,-0.2,26.24,14.29,60.53,27.82,62.5,21.08,40.0,25,46.814
0.9,0.45,-0.2,32.07,55.98,56.64,35.48,54.63,30.12,50.0,74,46.812000000000005
0.85,1.0,-0.0,34.11,61.52,55.28,35.89,54.62,35.54,51.65,91,46.812
0.7,0.8,-0.0,34.11,61.52,55.28,35.89,54.62,36.14,52.17,92,46.812
0.6,0.7,-0.0,34.11,61.52,55.28,35.89,54.62,36.14,52.17,92,46.812
0.35,0.4,-0.0,34.11,61.52,55.28,35.89,54.62,36.14,52.17,92,46.812
0.05,0.85,-0.2,33.24,39.94,55.86,33.06,53.33,33.13,54.67,75,46.812
0.65,0.75,-0.0,34.11,61.52,55.28,35.89,54.62,36.14,52.17,92,46.812
0.95,0.1,-0.25,34.11,61.52,55.28,34.68,53.77,32.53,51.32,76,46.812
0.3,0.35,-0.0,34.11,61.52,55.28,35.89,54.62,36.14,52.17,92,46.812
0.5,0.95,-0.15,32.65,48.4,56.25,36.29,55.24,33.73,53.75,80,46.81
0.4,0.55,-0.05,32.65,55.69,56.25,35.89,55.08,33.73,50.59,85,46.81
0.65,0.6,-0.1,31.78,54.52,56.83,36.29,54.31,33.73,52.44,82,46.81
1.0,0.85,-0.3,31.49,46.65,57.02,35.48,55.1,29.52,48.61,72,46.80800000000001
0.5,0.4,-0.15,31.49,46.65,57.02,35.48,55.56,29.52,49.3,71,46.80800000000001
1.0,0.8,-0.3,31.49,46.65,57.02,35.48,55.56,29.52,49.3,71,46.80800000000001
0.95,0.6,-0.3,31.49,46.65,57.02,35.08,54.08,28.92,46.27,67,46.80800000000001
0.65,0.15,-0.25,31.49,46.65,57.02,31.85,51.9,30.12,50.0,64,46.80800000000001
0.15,0.2,0.2,36.44,70.55,53.72,37.5,53.42,39.16,53.33,105,46.808
0.45,0.45,0.2,35.28,67.64,54.49,36.69,54.74,38.55,53.54,99,46.806000000000004
0.55,0.55,0.25,35.28,67.64,54.49,36.69,54.35,38.55,53.54,99,46.806000000000004
0.85,0.9,-0.3,30.9,41.4,57.41,34.27,54.26,28.92,47.83,69,46.806
0.7,0.65,-0.25,30.9,41.4,57.41,35.48,55.32,27.11,46.97,66,46.806
0.9,0.7,-0.2,31.78,51.31,56.82,35.48,54.21,31.33,49.35,77,46.804
0.45,0.35,-0.1,31.78,51.31,56.82,35.48,54.21,31.33,49.35,77,46.804
0.9,0.75,-0.2,31.78,51.31,56.82,35.08,54.29,31.33,50.0,76,46.804
0.2,0.4,0.05,34.69,62.1,54.88,36.69,53.73,38.55,53.68,95,46.803999999999995
0.4,0.8,0.1,34.69,62.1,54.88,36.69,53.73,38.55,53.68,95,46.803999999999995
0.35,0.6,-0.3,25.07,12.24,61.29,28.63,57.5,24.1,47.22,36,46.802
0.7,0.65,-0.05,33.24,59.48,55.84,35.08,54.1,35.54,52.27,88,46.8
0.6,0.55,-0.05,33.24,59.48,55.84,35.08,54.55,35.54,52.87,87,46.8
0.65,0.6,-0.05,33.24,59.48,55.84,35.08,54.1,35.54,52.27,88,46.8
0.75,0.75,-0.05,33.24,59.48,55.84,35.48,54.03,34.94,52.87,87,46.8
0.45,0.7,0.05,34.4,59.77,55.06,36.29,54.55,39.16,54.74,95,46.796
0.4,0.65,-0.0,34.4,59.77,55.06,35.89,53.85,36.75,52.75,91,46.796
0.55,0.85,0.05,34.4,59.77,55.06,36.29,54.55,39.16,55.32,94,46.796
0.35,0.6,-0.0,34.4,59.77,55.06,35.89,54.26,36.75,52.75,91,46.796
0.15,0.25,-0.0,34.4,59.77,55.06,35.48,53.49,36.75,52.75,91,46.796
0.6,1.0,-0.0,34.4,59.77,55.06,35.48,53.49,36.75,52.75,91,46.796
0.45,0.75,-0.0,34.4,59.77,55.06,35.48,53.49,36.75,52.75,91,46.796
0.55,0.9,-0.0,34.4,59.77,55.06,35.89,53.85,36.75,52.75,91,46.796
0.3,0.5,-0.0,34.4,59.77,55.06,35.48,53.49,36.75,52.75,91,46.796
0.9,0.65,-0.05,33.24,63.56,55.83,35.08,54.47,34.94,52.87,87,46.794
0.6,0.45,-0.2,30.9,44.61,57.39,35.08,55.32,26.51,45.45,66,46.794
0.05,0.15,0.25,37.03,73.76,53.3,38.71,54.61,42.17,54.46,112,46.792
0.15,0.6,0.2,34.99,65.31,54.65,37.1,53.9,37.95,52.48,101,46.786
0.15,0.6,0.25,34.99,65.31,54.65,36.69,53.52,39.16,52.43,103,46.786
0.2,0.45,0.2,34.99,65.31,54.65,37.5,54.61,39.76,54.37,103,46.786
0.1,0.4,0.15,34.99,65.31,54.65,36.69,53.52,37.95,52.48,101,46.786
0.35,0.75,0.3,34.99,65.31,54.65,37.5,54.61,40.36,55.45,101,46.786
0.2,0.8,0.3,34.99,65.31,54.65,36.69,53.52,37.95,52.48,101,46.786
0.2,0.75,0.3,34.99,65.31,54.65,36.69,53.52,38.55,51.96,102,46.786
0.8,0.85,-0.0,33.53,61.81,55.62,36.29,54.62,36.75,53.26,92,46.784
0.15,0.25,0.3,36.44,71.43,53.68,37.9,54.11,39.76,53.27,107,46.784
0.7,0.75,-0.0,33.53,61.81,55.62,36.29,54.62,36.75,52.69,93,46.784
0.7,0.85,-0.2,30.32,45.77,57.76,35.08,56.0,30.72,51.39,72,46.784
0.1,0.15,0.25,36.44,71.43,53.68,38.31,53.64,41.57,54.55,110,46.784
0.75,0.8,-0.0,33.53,61.81,55.62,36.29,54.62,36.75,52.69,93,46.784
0.65,0.7,-0.0,33.53,61.81,55.62,36.29,54.62,36.75,52.69,93,46.784
0.5,0.55,-0.0,33.53,61.81,55.62,36.29,55.04,36.14,52.17,92,46.784
0.95,0.85,-0.0,33.82,64.14,55.42,36.29,54.96,35.54,52.81,89,46.78
0.7,0.1,-0.25,32.65,52.48,56.2,32.66,51.69,28.92,48.44,64,46.78
0.35,1.0,-0.15,32.65,45.19,56.2,37.1,58.25,34.94,53.57,84,46.78
0.2,0.3,-0.15,26.24,16.62,60.47,29.84,58.7,24.7,47.5,40,46.778
0.4,0.6,-0.3,26.24,16.62,60.47,29.84,58.7,24.7,47.5,40,46.778
0.55,0.55,-0.05,32.94,58.02,56.0,35.08,54.1,34.94,52.87,87,46.776
1.0,1.0,-0.1,32.94,58.02,56.0,35.08,54.1,34.34,52.33,86,46.776
0.5,0.5,-0.05,32.94,58.02,56.0,35.08,54.1,34.34,52.33,86,46.776
0.05,0.95,-0.15,34.11,49.27,55.22,36.69,56.73,36.14,55.81,86,46.775999999999996
0.05,0.85,0.1,35.28,63.56,54.44,40.32,53.06,36.14,52.53,99,46.775999999999996
0.05,0.9,-0.15,34.11,49.27,55.22,36.29,56.31,34.94,54.76,84,46.775999999999996
0.6,0.9,0.25,35.28,63.56,54.44,35.89,53.33,40.36,54.55,99,46.775999999999996
0.5,0.75,0.2,35.28,63.56,54.44,35.89,53.33,40.36,54.55,99,46.775999999999996
0.05,1.0,0.15,35.28,63.56,54.44,39.11,52.7,36.14,52.53,99,46.775999999999996
0.55,0.85,0.25,35.28,63.56,54.44,35.89,53.33,40.36,54.55,99,46.775999999999996
1.0,0.35,-0.2,33.82,60.06,55.41,36.29,53.91,31.93,52.56,78,46.773999999999994
0.55,0.65,0.25,35.57,66.76,54.24,35.89,54.07,39.76,54.08,98,46.772
0.6,0.7,0.25,35.57,66.76,54.24,35.89,54.07,39.16,54.08,98,46.772
0.6,0.7,0.3,35.57,66.76,54.24,35.89,54.07,39.76,54.08,98,46.772
0.3,0.35,0.15,35.57,66.76,54.24,35.89,54.07,39.76,54.08,98,46.772
0.5,0.6,0.25,35.57,66.76,54.24,35.89,54.07,39.76,54.08,98,46.772
0.1,0.15,0.1,36.15,68.22,53.85,36.29,53.57,39.76,53.85,104,46.77
0.2,0.3,0.2,36.15,68.22,53.85,36.29,53.57,39.76,53.85,104,46.77
0.3,0.45,0.3,36.15,68.22,53.85,36.29,53.57,39.76,53.85,104,46.77
0.15,0.35,0.25,36.15,68.22,53.85,37.1,53.85,40.96,53.21,109,46.77
0.25,0.7,0.15,34.11,62.39,55.21,37.1,53.57,36.14,50.52,97,46.769999999999996
0.35,0.9,0.15,34.11,62.39,55.21,37.5,53.28,36.14,52.69,93,46.769999999999996
0.4,0.05,-0.1,34.11,62.39,55.21,34.68,52.78,31.93,52.0,75,46.769999999999996
0.3,0.75,0.1,34.11,62.39,55.21,37.1,53.33,36.14,53.26,92,46.769999999999996
0.35,1.0,0.15,34.11,62.39,55.21,36.69,53.68,36.14,52.63,95,46.769999999999996
0.2,0.55,0.1,34.11,62.39,55.21,37.5,54.01,36.14,51.58,95,46.769999999999996
0.25,0.65,0.1,34.11,62.39,55.21,37.5,53.68,36.14,52.13,94,46.769999999999996
0.4,0.95,0.1,34.11,62.39,55.21,37.1,53.33,36.75,53.26,92,46.769999999999996
0.4,1.0,0.15,34.11,62.39,55.21,37.5,53.68,36.14,53.26,92,46.769999999999996
0.8,0.1,-0.2,34.11,62.39,55.21,34.68,52.78,31.93,52.0,75,46.769999999999996
0.3,0.8,0.15,34.11,62.39,55.21,37.9,53.24,36.14,51.58,95,46.769999999999996
0.35,0.85,0.1,34.11,62.39,55.21,37.1,53.33,36.75,53.26,92,46.769999999999996
0.6,0.7,0.05,34.11,62.39,55.21,35.89,53.79,36.14,52.17,92,46.769999999999996
0.7,1.0,0.15,34.69,62.97,54.82,36.29,54.55,39.76,54.08,98,46.767999999999994
0.3,0.5,0.15,34.69,62.97,54.82,35.89,53.73,39.16,53.54,99,46.767999999999994
0.6,1.0,0.3,34.69,62.97,54.82,35.89,53.73,39.16,53.54,99,46.767999999999994
0.3,0.55,0.15,34.69,62.97,54.82,36.29,53.73,39.76,54.55,99,46.767999999999994
0.55,1.0,0.3,34.69,62.97,54.82,36.29,54.07,39.76,54.55,99,46.767999999999994
1.0,0.8,-0.25,31.2,49.27,57.14,35.08,54.81,30.12,48.65,74,46.763999999999996
0.05,0.2,0.3,37.32,72.89,53.06,39.52,55.19,42.17,54.46,112,46.763999999999996
1.0,0.85,-0.25,31.2,49.27,57.14,34.68,55.45,30.12,48.65,74,46.763999999999996
0.6,0.5,-0.15,31.2,49.27,57.14,34.68,54.9,30.12,48.65,74,46.763999999999996
0.85,0.9,-0.25,31.2,46.06,57.14,34.68,54.0,30.72,50.0,74,46.763999999999996
0.65,1.0,0.1,34.4,60.64,55.0,36.29,54.55,39.16,54.74,95,46.76
0.7,0.35,-0.15,32.07,56.85,56.55,35.48,54.63,30.12,49.33,75,46.758
0.65,0.3,-0.1,32.94,62.1,55.97,36.29,55.17,30.72,49.37,79,46.758
0.8,0.7,-0.05,33.24,60.35,55.77,35.48,54.47,35.54,52.87,87,46.758
0.95,0.5,-0.2,32.07,56.85,56.55,35.48,54.63,30.72,50.0,76,46.758
0.8,0.55,-0.15,32.07,56.85,56.55,35.89,54.95,32.53,51.25,80,46.758
0.05,0.55,0.25,34.99,66.18,54.6,38.31,51.97,37.95,52.88,104,46.756
0.6,0.85,-0.2,30.61,44.02,57.52,36.29,55.0,30.72,51.35,74,46.756
0.05,0.65,0.3,34.99,66.18,54.6,39.11,51.97,37.95,52.88,104,46.756
0.95,0.85,-0.15,31.49,53.94,56.93,36.29,54.31,33.73,53.09,81,46.754000000000005
0.6,0.55,-0.1,31.49,53.94,56.93,36.29,54.31,33.13,52.5,80,46.754000000000005
0.0,0.05,0.25,37.03,75.51,53.23,38.71,53.46,44.58,55.56,117,46.75
0.0,0.05,0.2,37.03,75.51,53.23,39.52,54.37,43.98,55.17,116,46.75
0.85,0.7,-0.2,31.49,50.73,56.92,34.68,54.37,30.72,49.33,75,46.748000000000005
0.65,0.55,-0.15,31.49,50.73,56.92,34.68,53.85,31.33,50.0,76,46.748000000000005
0.25,0.35,0.1,35.28,64.43,54.39,35.89,54.07,39.76,54.64,97,46.746
0.25,0.4,0.15,35.28,64.43,54.39,35.89,53.68,39.76,54.0,100,46.746
0.5,0.7,0.2,35.28,64.43,54.39,35.89,54.07,39.76,54.64,97,46.746
0.4,0.65,0.25,35.28,64.43,54.39,35.89,53.68,39.76,54.0,100,46.746
0.45,0.75,0.3,35.28,64.43,54.39,35.48,53.33,40.36,54.46,101,46.746
0.3,0.5,0.2,35.28,64.43,54.39,35.48,53.33,40.36,54.46,101,46.746
0.65,0.9,0.25,35.28,64.43,54.39,35.89,54.48,39.76,54.08,98,46.746
0.5,0.8,0.3,35.28,64.43,54.39,35.89,53.68,39.76,54.0,100,46.746
0.15,0.25,0.1,35.28,64.43,54.39,35.48,53.33,40.36,54.46,101,46.746
0.35,0.8,-0.25,28.86,28.57,58.67,31.45,55.56,26.51,48.28,58,46.745999999999995
0.05,0.7,-0.15,32.65,41.98,56.14,33.87,54.84,31.93,53.25,77,46.744
0.55,0.45,-0.0,34.4,65.6,54.97,35.89,54.62,34.94,52.17,92,46.742
0.8,0.65,-0.0,34.4,65.6,54.97,35.89,54.2,34.94,52.17,92,46.742
0.25,0.55,-0.05,32.94,54.81,55.94,36.69,54.7,35.54,54.12,85,46.74
0.65,0.95,-0.1,32.07,53.64,56.52,34.68,54.95,33.13,50.6,83,46.74
0.2,0.3,0.25,36.15,69.1,53.8,37.1,54.23,39.16,52.83,106,46.739999999999995
0.65,0.7,-0.3,28.28,32.94,59.04,34.27,56.96,27.71,46.67,60,46.736000000000004
0.45,0.45,-0.2,28.28,32.94,59.04,33.87,55.7,26.51,44.07,59,46.736000000000004
0.55,0.2,-0.25,30.9,35.86,57.29,30.65,53.85,27.71,48.0,50,46.733999999999995
0.3,0.85,-0.1,33.24,48.98,55.73,38.31,56.25,36.14,54.65,86,46.733999999999995
0.3,0.05,-0.15,30.9,35.86,57.29,30.24,57.14,25.9,47.92,48,46.733999999999995
0.25,0.75,0.15,34.11,63.27,55.15,37.5,53.96,36.14,51.02,98,46.733999999999995
0.6,0.1,-0.3,30.9,35.86,57.29,30.24,57.14,25.9,47.92,48,46.733999999999995
0.4,0.45,-0.25,26.82,21.57,60.0,30.24,54.72,24.1,46.34,41,46.728
0.5,0.6,-0.3,26.82,23.91,60.0,30.65,55.17,25.9,47.83,46,46.728
0.25,0.3,-0.15,26.82,23.91,60.0,30.65,55.17,25.9,47.83,46,46.728
0.4,0.7,-0.1,31.78,48.98,56.69,36.29,56.07,33.73,52.44,82,46.726
0.2,1.0,-0.05,34.99,57.14,54.55,37.9,53.97,34.94,52.08,96,46.726
0.2,0.35,-0.05,31.78,48.98,56.69,36.29,56.07,33.73,52.44,82,46.726
0.5,0.6,-0.0,34.4,61.52,54.94,36.29,54.62,35.54,51.65,91,46.724
0.45,0.55,-0.0,34.4,61.52,54.94,36.29,55.04,36.14,51.65,91,46.724
0.35,0.75,0.05,34.4,61.52,54.94,36.69,53.38,37.35,53.26,92,46.724
0.75,0.9,-0.0,34.4,61.52,54.94,36.29,54.62,35.54,51.65,91,46.724
0.65,0.8,-0.0,34.4,61.52,54.94,36.29,54.62,36.14,51.65,91,46.724
0.7,0.85,-0.0,34.4,61.52,54.94,36.29,55.04,36.14,51.65,91,46.724
0.25,0.3,-0.0,34.4,61.52,54.94,36.29,54.62,35.54,51.65,91,46.724
0.3,0.65,0.05,34.4,61.52,54.94,36.69,53.38,37.35,53.26,92,46.724
0.4,0.7,-0.0,34.11,59.18,55.13,36.29,55.04,36.75,52.75,91,46.722
0.5,0.75,-0.0,34.11,59.18,55.13,35.89,53.85,38.55,54.26,94,46.722
0.3,0.45,-0.0,34.11,59.18,55.13,35.89,53.85,38.55,54.26,94,46.722
0.2,0.3,-0.0,34.11,59.18,55.13,35.89,53.85,38.55,54.26,94,46.722
0.6,0.9,-0.0,34.11,59.18,55.13,35.89,53.85,38.55,54.26,94,46.722
0.4,0.6,-0.0,34.11,59.18,55.13,35.89,53.85,38.55,54.26,94,46.722
0.1,0.15,-0.0,34.11,59.18,55.13,35.89,53.85,38.55,54.26,94,46.722
0.2,0.35,-0.0,34.11,59.18,55.13,36.29,55.04,36.75,52.75,91,46.722
0.45,0.8,-0.0,34.11,59.18,55.13,36.69,55.04,37.35,53.26,92,46.722
0.7,0.65,-0.3,29.15,34.69,58.43,34.27,55.56,25.9,43.33,60,46.718
0.55,0.75,-0.05,33.24,57.14,55.7,35.89,54.47,34.34,51.16,86,46.716
0.95,0.7,-0.05,32.94,62.97,55.9,35.08,54.92,34.94,52.87,87,46.716
0.15,0.35,0.15,35.28,65.31,54.34,37.5,54.61,40.36,53.33,105,46.716
0.9,0.35,-0.2,33.24,57.14,55.7,34.68,53.21,31.93,52.0,75,46.716
1.0,0.75,-0.05,32.94,62.97,55.9,35.48,55.28,34.94,52.87,87,46.716
0.3,0.7,0.3,35.28,65.31,54.34,37.5,54.61,40.36,53.33,105,46.716
0.25,0.05,-0.1,30.9,45.48,57.26,31.85,51.9,28.92,49.18,61,46.715999999999994
0.85,0.95,-0.25,30.9,45.48,57.26,35.08,55.0,30.72,49.32,73,46.715999999999994
0.75,0.15,-0.3,30.9,45.48,57.26,31.85,51.9,28.92,49.18,61,46.715999999999994
0.5,0.1,-0.2,30.9,45.48,57.26,31.85,51.9,28.92,49.18,61,46.715999999999994
0.55,0.6,0.3,35.57,68.51,54.14,35.89,54.07,39.16,53.4,103,46.712
0.0,0.55,0.3,35.57,68.51,54.14,39.92,52.9,38.55,54.21,107,46.712
0.6,0.65,0.3,35.57,68.51,54.14,35.89,54.07,39.16,54.46,101,46.712
0.35,0.85,-0.25,30.03,30.9,57.83,32.66,55.13,27.71,49.18,61,46.71
0.0,0.05,0.15,37.32,75.51,52.97,39.52,54.09,43.98,55.17,116,46.709999999999994
0.0,0.1,0.3,37.32,75.51,52.97,39.52,54.09,43.98,55.17,116,46.709999999999994
0.4,0.65,-0.25,27.7,24.78,59.38,32.66,55.88,27.71,49.06,53,46.708
0.8,0.05,-0.3,32.94,51.6,55.88,31.45,51.72,28.31,48.39,62,46.704
0.85,0.75,-0.15,31.2,53.35,57.04,36.29,53.98,33.73,53.09,81,46.70399999999999
0.8,0.7,-0.15,31.2,53.35,57.04,35.89,53.15,33.13,52.5,80,46.70399999999999
0.15,0.8,0.25,34.69,64.72,54.71,38.71,54.17,37.35,52.0,100,46.702
0.25,0.85,0.3,34.69,64.72,54.71,36.69,53.9,37.95,52.0,100,46.702
0.15,0.55,0.2,34.69,64.72,54.71,36.69,53.9,37.95,52.0,100,46.702
0.65,0.65,0.1,34.11,64.14,55.09,36.29,54.14,37.35,52.08,96,46.698
0.45,0.45,0.05,34.11,64.14,55.09,36.29,54.14,37.35,52.63,95,46.698
0.75,0.75,0.1,34.11,64.14,55.09,36.29,54.14,37.35,52.08,96,46.698
0.6,0.6,0.05,34.11,64.14,55.09,35.89,53.79,37.35,52.63,95,46.698
0.95,0.95,0.1,34.11,64.14,55.09,36.29,54.14,37.35,52.63,95,46.698
0.35,0.35,0.05,34.11,64.14,55.09,36.29,54.14,37.35,52.08,96,46.698
0.85,0.85,0.1,34.11,64.14,55.09,36.29,54.14,37.35,52.63,95,46.698
1.0,1.0,0.15,34.11,64.14,55.09,36.29,54.14,37.35,52.08,96,46.698
1.0,1.0,0.1,34.11,64.14,55.09,36.29,54.14,37.35,52.63,95,46.698
0.4,0.4,0.05,34.11,64.14,55.09,36.29,54.14,37.35,52.63,95,46.698
0.5,0.5,0.05,34.11,64.14,55.09,36.29,54.14,37.35,52.63,95,46.698
0.8,0.8,0.1,34.11,64.14,55.09,36.29,54.14,37.35,52.63,95,46.698
0.9,0.9,0.1,34.11,64.14,55.09,36.29,54.14,37.35,52.63,95,46.698
0.7,0.7,0.1,34.11,64.14,55.09,36.29,54.14,37.35,52.08,96,46.698
0.55,0.55,0.05,34.11,64.14,55.09,36.29,54.14,37.35,52.63,95,46.698
0.65,0.6,-0.15,31.2,50.15,57.03,35.48,55.77,32.53,51.9,79,46.69799999999999
1.0,0.65,-0.2,31.78,56.27,56.64,35.48,54.63,31.93,50.65,77,46.696000000000005
0.2,0.5,0.05,33.82,61.81,55.28,37.1,53.33,37.35,53.76,93,46.696
0.95,0.8,-0.05,33.82,61.81,55.28,35.48,54.47,35.54,52.87,87,46.696
0.65,0.1,-0.15,33.82,61.81,55.28,34.68,51.79,32.53,53.95,76,46.696
0.35,0.9,0.1,33.82,61.81,55.28,37.1,53.33,36.75,52.63,95,46.696
0.4,1.0,0.1,33.82,61.81,55.28,37.1,53.33,37.35,53.76,93,46.696
0.5,0.35,-0.2,29.74,39.07,58.0,33.47,54.76,27.11,45.0,60,46.696
0.8,0.15,-0.3,32.36,48.69,56.25,32.66,50.59,29.52,50.0,64,46.694
0.3,0.8,-0.2,30.32,34.69,57.61,32.66,55.0,31.33,52.11,71,46.693999999999996
0.15,0.4,-0.1,30.32,34.69,57.61,32.66,55.0,31.33,52.11,71,46.693999999999996
0.85,0.7,-0.25,31.2,46.94,57.02,35.08,55.1,29.52,48.61,72,46.69200000000001
0.65,0.4,-0.2,31.2,46.94,57.02,34.68,54.08,28.31,46.27,67,46.69200000000001
0.8,0.5,-0.25,31.2,46.94,57.02,34.68,54.08,28.92,46.27,67,46.69200000000001
0.2,0.25,0.25,36.15,70.85,53.72,37.5,53.42,39.76,53.77,106,46.692
0.4,0.6,0.1,34.99,62.97,54.49,36.29,54.55,39.76,54.08,98,46.690000000000005
0.45,0.7,0.15,34.99,62.97,54.49,35.89,53.38,39.76,54.08,98,46.690000000000005
0.4,0.6,0.15,34.99,62.97,54.49,35.89,53.33,40.36,54.55,99,46.690000000000005
0.6,0.95,0.25,34.99,62.97,54.49,35.89,53.73,39.76,54.08,98,46.690000000000005
0.6,0.9,0.15,34.99,62.97,54.49,36.29,54.55,39.76,54.08,98,46.690000000000005
0.65,1.0,0.25,34.99,62.97,54.49,35.89,53.73,39.76,54.08,98,46.690000000000005
0.2,0.3,0.05,34.99,62.97,54.49,36.29,54.55,39.76,54.08,98,46.690000000000005
0.65,1.0,0.2,34.99,62.97,54.49,35.89,53.38,39.76,54.08,98,46.690000000000005
0.45,0.7,0.2,34.99,62.97,54.49,35.89,53.73,40.36,54.55,99,46.690000000000005
0.65,0.95,0.2,34.99,62.97,54.49,36.29,53.73,39.76,54.64,97,46.690000000000005
0.35,0.55,0.15,34.99,62.97,54.49,35.89,53.73,40.36,54.55,99,46.690000000000005
0.5,0.8,0.2,34.99,62.97,54.49,35.89,53.38,39.76,54.08,98,46.690000000000005
0.5,0.75,0.15,34.99,62.97,54.49,36.29,53.73,39.76,54.08,98,46.690000000000005
0.55,0.8,0.15,34.99,62.97,54.49,36.29,53.73,39.76,54.64,97,46.690000000000005
0.3,0.45,0.1,34.99,62.97,54.49,35.89,53.38,39.76,54.08,98,46.690000000000005
0.25,0.4,0.1,34.99,62.97,54.49,35.89,53.38,39.76,54.08,98,46.690000000000005
0.55,0.85,0.2,34.99,62.97,54.49,35.89,53.38,39.76,54.08,98,46.690000000000005
0.6,0.9,0.2,34.99,62.97,54.49,35.89,53.38,39.76,54.08,98,46.690000000000005
0.65,0.95,0.15,34.99,62.97,54.49,36.29,54.55,39.76,54.08,98,46.690000000000005
0.95,0.5,-0.15,32.65,61.52,56.05,36.29,54.39,31.33,50.65,77,46.69
0.9,0.8,-0.2,31.49,51.6,56.82,35.48,54.21,32.53,51.9,79,46.688
0.7,0.55,-0.15,31.49,51.6,56.82,35.89,54.63,31.93,50.0,78,46.688
0.45,0.4,-0.1,31.49,51.6,56.82,35.48,54.21,32.53,51.9,79,46.688
0.95,0.8,-0.2,31.49,51.6,56.82,35.48,53.21,32.53,51.9,79,46.688
0.7,0.6,-0.15,31.49,51.6,56.82,35.48,53.7,32.53,51.9,79,46.688
0.65,0.75,0.25,35.28,66.18,54.29,35.89,54.07,39.16,54.08,98,46.686
0.7,0.8,0.25,35.28,66.18,54.29,35.89,54.07,38.55,53.61,97,46.686
0.5,0.9,-0.3,27.99,27.7,59.15,32.66,54.67,27.11,48.28,58,46.68599999999999
0.25,0.45,-0.15,27.99,27.7,59.15,32.66,54.67,27.11,48.28,58,46.68599999999999
0.6,0.95,-0.1,31.78,53.06,56.62,35.08,54.46,34.34,52.38,84,46.684
0.3,0.45,-0.05,31.78,53.06,56.62,35.08,54.95,33.13,51.22,82,46.684
0.6,0.9,-0.1,31.78,53.06,56.62,35.08,54.95,33.13,51.22,82,46.684
0.8,0.85,-0.15,31.78,53.06,56.62,35.08,54.05,32.53,51.9,79,46.684
0.9,0.65,-0.2,31.78,53.06,56.62,35.89,55.14,30.72,48.68,76,46.684
0.55,0.05,-0.15,34.11,60.06,55.06,32.66,51.49,31.93,50.67,75,46.68
0.05,1.0,-0.1,34.69,55.69,54.67,37.5,55.65,37.35,55.32,94,46.678
0.5,0.65,0.3,35.86,67.64,53.89,35.48,54.07,40.96,55.45,101,46.678
0.25,0.4,0.25,35.86,67.64,53.89,36.29,53.57,40.36,54.29,105,46.678
0.95,0.5,-0.3,31.49,48.4,56.8,35.08,54.08,29.52,46.97,66,46.676
0.65,0.35,-0.2,31.49,48.4,56.8,34.27,54.08,29.52,46.27,67,46.676
0.55,0.9,-0.15,31.49,48.4,56.8,36.29,56.6,32.53,51.25,80,46.676
0.15,1.0,-0.0,35.28,61.22,54.27,40.32,54.23,36.14,52.53,99,46.674
0.6,0.95,0.1,34.69,60.64,54.66,36.29,54.55,39.16,54.74,95,46.672
0.45,0.8,0.05,34.69,60.64,54.66,36.69,54.14,37.95,53.76,93,46.672
0.25,0.4,0.05,34.69,60.64,54.66,36.29,54.14,39.16,54.17,96,46.672
0.6,1.0,0.15,34.69,60.64,54.66,35.89,53.79,39.16,54.17,96,46.672
0.5,0.8,0.1,34.69,60.64,54.66,36.29,54.14,39.16,54.17,96,46.672
0.85,0.9,-0.0,33.24,62.1,55.62,36.29,54.62,36.75,53.26,92,46.668
0.9,0.95,-0.0,33.24,62.1,55.62,36.29,54.62,36.75,53.26,92,46.668
0.95,1.0,-0.0,33.24,62.1,55.62,36.29,54.62,36.75,53.26,92,46.668
0.85,0.4,-0.3,31.49,45.19,56.78,33.47,52.81,28.92,49.18,61,46.664
0.65,0.2,-0.25,31.49,45.19,56.78,30.65,51.32,28.92,50.88,57,46.664
0.45,0.4,-0.0,33.53,64.43,55.42,36.29,54.96,35.54,52.81,89,46.664
0.9,0.8,-0.0,33.53,64.43,55.42,36.29,54.96,35.54,52.81,89,46.664
0.55,0.5,-0.05,32.65,58.31,56.0,35.48,54.92,35.54,52.87,87,46.660000000000004
0.85,0.7,-0.1,32.65,58.31,56.0,35.89,55.46,34.94,52.33,86,46.660000000000004
0.25,0.4,0.3,35.86,68.51,53.85,36.69,53.9,39.76,52.83,106,46.654
0.3,0.35,0.2,35.86,68.51,53.85,36.29,54.01,40.36,54.37,103,46.654
0.7,0.75,0.05,33.82,62.68,55.21,35.89,53.79,36.75,52.13,94,46.653999999999996
0.9,0.95,0.05,33.82,62.68,55.21,35.89,53.79,36.75,52.69,93,46.653999999999996
0.8,0.85,0.05,33.82,62.68,55.21,35.89,53.79,36.75,52.13,94,46.653999999999996
0.75,0.8,0.05,33.82,62.68,55.21,35.89,53.79,36.75,52.13,94,46.653999999999996
0.6,0.65,0.05,33.82,62.68,55.21,35.89,53.79,37.35,52.63,95,46.653999999999996
0.55,0.6,0.05,33.82,62.68,55.21,35.48,53.79,37.35,52.63,95,46.653999999999996
0.45,0.5,0.05,33.82,62.68,55.21,35.48,53.79,37.35,52.63,95,46.653999999999996
0.95,1.0,0.05,33.82,62.68,55.21,35.89,53.79,36.75,52.69,93,46.653999999999996
0.85,0.95,0.1,33.82,62.68,55.21,35.48,53.79,37.35,52.63,95,46.653999999999996
0.9,1.0,0.1,33.82,62.68,55.21,35.48,53.79,37.35,52.63,95,46.653999999999996
0.85,0.9,0.05,33.82,62.68,55.21,35.89,53.79,36.75,52.13,94,46.653999999999996
0.65,0.7,0.05,33.82,62.68,55.21,35.89,53.79,37.35,52.63,95,46.653999999999996
0.5,0.55,0.05,33.82,62.68,55.21,35.48,53.79,37.35,52.63,95,46.653999999999996
0.65,0.35,-0.25,31.49,41.98,56.76,33.47,52.87,28.31,48.33,60,46.652
0.5,0.65,-0.3,27.11,24.49,59.68,30.65,55.17,27.11,47.06,51,46.652
0.15,0.45,0.1,34.4,63.27,54.82,37.5,53.57,36.14,50.52,97,46.651999999999994
0.3,0.9,0.2,34.4,63.27,54.82,37.5,53.57,36.14,50.52,97,46.651999999999994
0.2,0.5,-0.05,33.53,52.19,55.4,37.1,55.65,35.54,55.29,85,46.651999999999994
0.4,1.0,-0.1,33.53,52.19,55.4,37.1,55.65,35.54,55.29,85,46.651999999999994
0.25,0.65,-0.15,30.03,37.32,57.73,33.06,54.12,33.13,52.63,76,46.65
0.45,0.35,-0.25,27.99,25.36,59.09,31.05,57.41,25.9,52.5,40,46.65
0.45,0.6,-0.0,34.11,60.93,55.0,35.89,54.69,37.95,53.19,94,46.644
0.55,0.65,-0.15,30.9,46.36,57.14,35.48,56.44,31.33,50.67,75,46.644
0.75,0.75,-0.25,30.9,43.15,57.14,34.27,53.68,27.71,46.38,69,46.644
0.45,0.55,-0.05,32.94,56.56,55.78,35.08,54.7,34.94,51.14,88,46.644
0.6,0.8,-0.0,34.11,60.93,55.0,35.89,54.69,37.95,53.19,94,46.644
0.75,1.0,-0.0,34.11,60.93,55.0,35.89,54.69,37.95,53.19,94,46.644
0.9,0.9,-0.3,30.9,43.15,57.14,34.27,53.68,27.71,46.38,69,46.644
0.45,0.45,-0.15,30.9,43.15,57.14,34.27,53.68,27.71,46.38,69,46.644
0.15,0.2,-0.0,34.11,60.93,55.0,35.89,54.69,37.95,53.19,94,46.644
0.3,0.4,-0.0,34.11,60.93,55.0,35.89,54.69,37.95,53.19,94,46.644
0.7,0.8,-0.2,30.9,46.36,57.14,35.08,55.56,30.72,50.0,74,46.644
0.3,0.3,-0.1,30.9,43.15,57.14,34.27,53.68,27.71,46.38,69,46.644
0.55,0.75,-0.0,34.11,60.93,55.0,35.89,54.69,37.95,53.19,94,46.644
0.15,0.15,-0.05,30.9,43.15,57.14,34.27,53.68,27.71,46.38,69,46.644
0.35,0.4,-0.1,30.9,46.36,57.14,35.08,55.56,30.72,50.0,74,46.644
0.7,0.95,-0.0,34.11,60.93,55.0,35.89,54.69,37.95,53.19,94,46.644
0.65,0.9,0.05,34.11,60.93,55.0,35.48,54.26,38.55,53.68,95,46.644
0.6,0.6,-0.2,30.9,43.15,57.14,34.27,53.68,27.71,46.38,69,46.644
0.65,0.85,-0.0,34.11,60.93,55.0,35.89,54.26,37.35,52.69,93,46.644
1.0,0.5,-0.15,32.65,62.39,55.97,36.29,54.31,32.53,51.25,80,46.642
0.05,0.85,-0.15,33.53,48.1,55.38,35.89,55.88,34.34,54.22,83,46.64
0.8,0.35,-0.15,32.94,60.64,55.77,36.29,54.87,31.33,50.0,78,46.638000000000005
0.45,0.7,0.1,34.69,61.52,54.6,36.29,54.55,39.16,53.61,97,46.635999999999996
0.65,0.05,-0.25,33.24,50.73,55.56,31.45,52.33,28.31,48.39,62,46.632
0.25,0.75,-0.1,33.24,46.65,55.56,37.1,56.07,35.54,54.12,85,46.632
0.25,0.6,-0.05,33.82,54.52,55.17,36.69,54.24,36.14,54.02,87,46.629999999999995
1.0,0.85,-0.2,31.49,52.48,56.72,35.89,53.64,33.73,53.09,81,46.628
0.65,0.65,0.3,35.28,67.93,54.19,36.69,54.35,37.95,53.0,100,46.626
0.9,0.75,-0.25,31.2,47.81,56.91,34.68,55.1,30.12,49.32,73,46.62599999999999
0.85,0.15,-0.2,33.53,61.22,55.35,33.87,51.85,31.33,53.42,73,46.622
0.9,0.5,-0.15,32.36,60.93,56.13,36.29,54.46,31.33,50.65,77,46.622
0.8,0.3,-0.15,33.53,61.22,55.35,36.29,54.87,31.93,51.9,79,46.622
0.05,0.1,0.15,36.44,71.72,53.4,37.9,54.0,39.76,52.78,108,46.616
0.1,0.25,0.3,36.44,71.72,53.4,38.31,54.36,40.96,53.64,110,46.616
0.15,0.4,0.2,35.57,66.18,53.98,37.1,53.85,40.36,53.77,106,46.616
0.1,0.2,0.3,36.44,71.72,53.4,37.9,54.0,39.76,52.78,108,46.616
0.2,0.7,0.2,34.4,64.14,54.76,37.9,53.9,36.75,51.52,99,46.61599999999999
0.8,0.85,0.15,34.4,64.14,54.76,35.89,53.73,37.35,52.63,95,46.61599999999999
0.85,0.9,0.15,34.4,64.14,54.76,35.89,54.14,37.35,52.63,95,46.61599999999999
0.1,0.35,0.1,34.4,64.14,54.76,37.9,53.9,36.75,51.52,99,46.61599999999999
0.9,0.95,0.15,34.4,64.14,54.76,35.89,54.14,37.35,52.63,95,46.61599999999999
0.15,0.75,0.2,34.4,64.14,54.76,39.11,54.17,37.35,52.0,100,46.61599999999999
0.75,0.8,0.15,34.4,64.14,54.76,35.89,53.73,37.35,52.63,95,46.61599999999999
0.1,0.95,0.1,35.28,62.97,54.17,39.52,53.42,35.54,53.06,98,46.614000000000004
0.3,0.8,-0.1,32.94,49.27,55.73,37.9,56.36,36.14,55.29,85,46.614
0.15,0.4,-0.05,32.94,49.27,55.73,37.9,56.36,36.14,55.29,85,46.614
0.15,0.8,-0.1,32.94,49.27,55.73,35.08,52.29,35.54,54.55,88,46.614
0.3,1.0,-0.2,30.61,39.36,57.28,32.66,52.22,35.54,54.22,83,46.612
0.25,0.75,-0.15,30.61,39.36,57.28,33.47,53.85,34.34,53.75,80,46.612
0.7,0.6,-0.05,32.65,59.18,55.92,35.48,54.47,35.54,52.87,87,46.612
0.15,0.5,-0.1,30.61,39.36,57.28,32.66,52.22,35.54,54.22,83,46.612
0.5,0.4,-0.05,32.65,59.18,55.92,35.48,55.0,34.94,52.33,86,46.612
0.65,0.55,-0.05,32.65,59.18,55.92,35.48,54.92,35.54,52.87,87,46.612
1.0,0.8,-0.1,32.65,59.18,55.92,35.48,55.0,34.94,52.33,86,46.612
0.9,0.6,-0.25,31.49,49.27,56.69,35.48,54.37,29.52,48.61,72,46.61
0.45,0.6,-0.3,25.95,21.57,60.38,31.45,59.26,24.1,45.24,42,46.608000000000004
0.15,0.2,-0.1,25.95,21.57,60.38,31.45,59.26,24.1,45.24,42,46.608000000000004
0.3,0.4,-0.2,25.95,21.57,60.38,31.45,59.26,24.1,45.24,42,46.608000000000004
0.85,1.0,0.05,34.11,61.81,54.94,35.89,53.79,36.14,52.17,92,46.608
0.75,0.15,-0.15,34.11,61.81,54.94,36.29,52.14,32.53,55.26,76,46.608
0.5,0.1,-0.1,34.11,61.81,54.94,36.29,52.14,32.53,55.26,76,46.608
1.0,0.2,-0.2,34.11,61.81,54.94,36.29,52.14,32.53,55.26,76,46.608
0.8,0.95,0.05,34.11,61.81,54.94,35.89,53.79,36.14,52.17,92,46.608
0.25,0.05,-0.05,34.11,61.81,54.94,36.29,52.14,32.53,55.26,76,46.608
0.15,0.65,-0.1,32.07,44.9,56.3,33.87,53.06,34.94,53.57,84,46.608
0.75,0.25,-0.3,30.61,42.57,57.27,30.65,52.78,28.92,50.88,57,46.606
0.55,0.8,0.1,34.69,62.39,54.55,36.29,54.55,39.16,53.61,97,46.605999999999995
0.5,0.8,0.15,34.69,62.39,54.55,35.89,53.38,39.76,54.08,98,46.605999999999995
0.4,0.65,0.15,34.69,62.39,54.55,35.89,53.38,39.76,54.08,98,46.605999999999995
0.55,1.0,0.25,34.69,62.39,54.55,36.29,53.73,39.76,54.55,99,46.605999999999995
0.55,0.9,0.2,34.69,62.39,54.55,35.89,53.38,39.76,54.08,98,46.605999999999995
0.45,0.95,-0.1,32.94,53.35,55.71,36.69,56.14,34.94,53.57,84,46.602000000000004
0.15,0.15,0.15,35.86,70.26,53.76,37.9,53.79,39.16,53.85,104,46.6
0.05,0.05,0.05,35.86,70.26,53.76,37.9,53.79,39.16,53.85,104,46.6
0.15,0.2,0.25,35.86,70.26,53.76,37.9,53.74,39.76,53.27,107,46.6
0.3,0.3,0.3,35.86,70.26,53.76,37.9,53.79,39.16,53.85,104,46.6
0.25,0.25,0.25,35.86,70.26,53.76,37.9,53.79,39.16,53.85,104,46.6
0.25,0.55,0.25,34.99,65.6,54.34,37.5,54.61,39.76,54.37,103,46.6
0.2,0.2,0.2,35.86,70.26,53.76,37.9,53.79,39.16,53.85,104,46.6
0.2,0.2,0.25,35.86,70.26,53.76,37.9,53.42,39.76,54.21,107,46.6
0.15,0.15,0.2,35.86,70.26,53.76,37.9,53.42,39.76,54.21,107,46.6
0.3,0.65,0.3,34.99,65.6,54.34,37.5,54.61,39.76,54.37,103,46.6
0.1,0.1,0.1,35.86,70.26,53.76,37.9,53.79,39.16,53.85,104,46.6
0.7,0.95,0.3,34.99,65.6,54.34,35.48,54.07,39.76,54.08,98,46.6
0.25,0.25,0.3,35.86,70.26,53.76,37.9,53.42,39.76,54.21,107,46.6
0.7,0.3,-0.25,31.49,46.06,56.67,33.06,52.27,28.92,50.82,61,46.598
0.65,0.55,-0.2,31.49,46.06,56.67,35.08,54.64,28.92,48.57,70,46.598
0.2,0.75,-0.05,34.4,55.1,54.73,37.1,53.28,37.95,54.35,92,46.59799999999999
1.0,0.9,-0.1,32.36,57.73,56.08,35.48,54.92,35.54,52.87,87,46.592
0.5,0.85,-0.0,34.4,60.06,54.72,35.48,53.49,36.75,52.75,91,46.592
0.3,0.55,-0.2,27.41,25.07,59.38,32.66,56.72,27.11,47.27,55,46.592
0.8,0.65,-0.1,32.36,57.73,56.08,36.29,55.93,34.94,52.94,85,46.592
0.35,0.6,0.05,34.4,60.06,54.72,36.69,54.14,37.95,53.76,93,46.592
0.55,0.95,0.05,34.4,60.06,54.72,37.1,54.48,37.35,53.26,92,46.592
0.5,0.75,-0.3,27.41,25.07,59.38,32.26,55.22,27.71,48.15,54,46.592
0.5,0.45,-0.05,32.36,57.73,56.08,35.48,54.92,35.54,52.87,87,46.592
0.4,0.65,0.05,34.4,60.06,54.72,36.69,54.55,39.16,54.74,95,46.592
0.5,0.85,0.05,34.4,60.06,54.72,36.69,54.14,37.35,53.26,92,46.592
0.4,0.75,0.05,34.4,60.06,54.72,36.29,53.79,37.95,53.76,93,46.592
0.4,0.7,0.05,34.4,60.06,54.72,37.1,54.48,37.95,53.76,93,46.592
0.6,1.0,0.05,34.4,60.06,54.72,36.69,54.55,37.35,53.26,92,46.592
0.45,0.75,0.05,34.4,60.06,54.72,36.69,54.55,37.95,53.76,93,46.592
0.05,0.25,0.2,36.15,68.51,53.55,37.9,54.05,40.36,52.78,108,46.589999999999996
0.25,0.35,0.25,36.15,68.51,53.55,36.29,54.35,39.76,53.33,105,46.589999999999996
0.8,0.45,-0.15,31.78,58.02,56.46,36.29,55.45,31.33,50.65,77,46.588
0.15,0.95,-0.0,34.99,60.64,54.32,40.32,54.23,36.14,52.53,99,46.588
0.3,0.8,-0.05,33.82,55.39,55.1,36.69,52.89,36.14,53.93,89,46.588
0.65,0.45,-0.1,31.78,58.02,56.46,36.29,54.39,34.34,53.01,83,46.588
1.0,0.7,-0.15,31.78,58.02,56.46,36.29,54.39,34.34,53.01,83,46.588
0.55,0.65,0.3,35.57,67.06,53.93,35.89,54.07,40.36,55.0,100,46.586
0.2,0.7,0.25,34.4,65.01,54.71,36.69,53.9,37.95,52.0,100,46.586
0.25,0.9,0.3,34.4,65.01,54.71,37.1,53.9,37.95,52.0,100,46.586
0.45,0.65,0.15,35.28,63.85,54.12,36.29,54.48,40.36,55.1,98,46.583999999999996
0.65,0.95,0.25,35.28,63.85,54.12,36.29,53.68,40.36,54.55,99,46.583999999999996
0.7,1.0,0.25,35.28,63.85,54.12,36.29,54.07,40.36,55.1,98,46.583999999999996
0.8,0.8,-0.05,33.24,59.77,55.48,35.48,54.03,34.94,52.87,87,46.583999999999996
0.55,0.8,0.2,35.28,63.85,54.12,36.29,53.68,40.36,54.55,99,46.583999999999996
0.3,0.65,-0.05,33.24,55.69,55.48,37.5,55.0,35.54,52.87,87,46.583999999999996
0.8,0.2,-0.3,31.78,47.52,56.45,31.45,51.25,29.52,51.61,62,46.582
0.4,0.1,-0.15,31.78,47.52,56.45,31.45,51.25,29.52,51.61,62,46.582
0.2,0.45,-0.05,33.24,51.6,55.47,37.1,55.65,34.94,54.22,83,46.577999999999996
0.2,0.25,-0.1,27.99,30.9,58.97,34.27,56.58,27.71,47.37,57,46.577999999999996
0.6,0.75,-0.3,27.99,30.9,58.97,34.27,56.58,27.71,47.37,57,46.577999999999996
0.4,0.5,-0.2,27.99,30.9,58.97,34.27,56.58,27.71,47.37,57,46.577999999999996
0.15,0.75,-0.1,33.24,47.52,55.47,34.27,52.43,34.94,53.49,86,46.577999999999996
0.4,0.95,-0.1,33.24,51.6,55.47,37.1,55.65,35.54,54.76,84,46.577999999999996
0.4,0.9,-0.1,33.24,51.6,55.47,37.1,55.65,34.94,54.22,83,46.577999999999996
0.85,0.35,-0.2,32.65,55.98,55.86,34.68,53.7,32.53,51.32,76,46.576
0.05,0.1,0.25,36.44,73.47,53.33,37.9,53.64,42.77,54.39,114,46.574
0.7,0.5,-0.25,30.32,41.98,57.41,35.08,56.52,28.31,45.31,64,46.574
0.05,0.1,0.3,36.44,73.47,53.33,37.9,53.29,43.37,54.31,116,46.574
0.05,0.15,0.3,36.44,73.47,53.33,38.71,53.9,43.98,55.65,115,46.574
0.55,0.4,-0.2,30.32,41.98,57.41,34.27,56.18,27.71,44.44,63,46.574
0.95,0.75,-0.2,31.2,51.9,56.82,36.29,55.05,32.53,51.25,80,46.572
0.55,0.3,-0.2,30.9,44.02,57.02,33.47,52.81,28.31,47.54,61,46.572
0.55,0.75,0.1,34.69,63.27,54.49,35.89,54.2,38.55,53.12,96,46.57
0.2,0.9,0.05,34.69,63.27,54.49,37.9,51.77,36.14,53.12,96,46.57
0.6,0.85,0.15,34.69,63.27,54.49,36.29,54.14,39.76,54.08,98,46.57
0.4,0.65,0.2,34.69,63.27,54.49,35.89,53.73,40.36,54.55,99,46.57
0.55,0.9,0.25,34.69,63.27,54.49,35.89,53.73,39.76,54.08,98,46.57
0.45,0.0,-0.15,33.53,58.02,55.26,34.68,53.54,29.52,46.48,71,46.568
0.3,0.0,-0.1,33.53,58.02,55.26,34.68,53.54,29.52,46.48,71,46.568
0.75,0.0,-0.25,33.53,58.02,55.26,34.68,53.54,29.52,46.48,71,46.568
0.15,0.0,-0.05,33.53,58.02,55.26,34.68,53.54,29.52,46.48,71,46.568
0.6,0.0,-0.2,33.53,58.02,55.26,34.68,53.54,29.52,46.48,71,46.568
0.9,0.0,-0.3,33.53,58.02,55.26,34.68,53.54,29.52,46.48,71,46.568
0.05,0.9,-0.2,32.94,41.98,55.65,34.27,55.43,31.93,53.95,76,46.566
0.25,0.35,0.3,36.15,69.39,53.51,37.5,54.93,39.16,53.33,105,46.565999999999995
0.75,0.4,-0.3,30.9,40.82,57.01,33.47,54.22,26.51,46.43,56,46.565999999999995
0.4,0.45,0.2,35.57,67.93,53.89,35.48,53.73,39.16,54.08,98,46.562
0.65,0.8,-0.15,31.2,48.69,56.8,35.48,55.14,32.53,51.9,79,46.56
1.0,0.55,-0.3,31.2,48.69,56.8,34.27,54.08,28.92,46.27,67,46.56
0.4,0.6,0.05,34.4,60.93,54.66,36.29,54.55,39.16,54.74,95,46.556
0.4,0.65,0.1,34.4,60.93,54.66,36.29,54.14,39.16,54.17,96,46.556
0.5,0.75,0.05,34.4,60.93,54.66,36.29,54.55,39.16,54.74,95,46.556
0.65,0.95,0.05,34.4,60.93,54.66,35.48,53.85,39.16,54.17,96,46.556
0.25,0.65,-0.05,33.53,53.94,55.24,37.1,53.33,36.14,54.55,88,46.556
0.6,0.9,0.1,34.4,60.93,54.66,36.29,54.55,39.16,54.74,95,46.556
0.3,0.45,0.05,34.4,60.93,54.66,36.29,54.55,39.16,54.74,95,46.556
0.55,0.8,0.05,34.4,60.93,54.66,35.48,54.26,39.16,54.17,96,46.556
1.0,0.95,-0.1,32.94,58.31,55.63,35.08,54.55,34.94,52.94,85,46.554
0.6,0.6,-0.05,32.94,58.31,55.63,35.08,53.66,34.94,52.87,87,46.554
0.85,0.45,-0.15,32.07,60.35,56.21,35.89,53.98,30.72,50.0,76,46.554
1.0,0.8,-0.0,34.4,65.89,54.65,35.89,54.2,35.54,52.17,92,46.55
0.25,0.2,-0.0,34.4,65.89,54.65,35.89,54.2,35.54,52.17,92,46.55
0.5,0.4,-0.0,34.4,65.89,54.65,35.89,54.2,35.54,52.17,92,46.55
0.75,0.6,-0.0,34.4,65.89,54.65,35.89,54.2,35.54,52.17,92,46.55
0.25,0.65,-0.1,32.07,45.77,56.2,37.1,57.69,34.94,54.22,83,46.548
0.5,0.85,-0.1,31.78,51.6,56.39,35.89,54.95,33.73,51.81,83,46.546
0.2,0.95,-0.05,34.99,56.56,54.25,37.1,52.8,36.75,52.08,96,46.546
0.4,0.65,0.3,35.86,66.18,53.67,36.29,54.01,40.36,54.37,103,46.546
0.1,0.85,-0.2,32.07,38.48,56.19,33.47,54.65,31.33,52.7,74,46.542
0.85,0.75,-0.05,33.24,60.64,55.41,35.48,54.47,35.54,52.27,88,46.541999999999994
0.55,0.95,-0.05,33.24,56.56,55.41,35.48,53.72,35.54,52.27,88,46.541999999999994
0.5,0.9,-0.05,33.24,56.56,55.41,36.29,54.1,35.54,52.27,88,46.541999999999994
0.9,0.8,-0.05,33.24,60.64,55.41,35.89,54.84,35.54,52.27,88,46.541999999999994
0.5,0.95,-0.05,33.24,56.56,55.41,37.1,54.47,36.14,52.81,89,46.541999999999994
1.0,1.0,-0.05,33.24,60.64,55.41,35.48,53.6,36.14,53.93,89,46.541999999999994
0.5,0.85,-0.05,33.24,56.56,55.41,35.89,53.72,35.54,52.87,87,46.541999999999994
0.95,0.85,-0.05,33.24,60.64,55.41,35.89,54.84,35.54,52.27,88,46.541999999999994
1.0,0.9,-0.05,33.24,60.64,55.41,35.89,54.84,36.14,52.81,89,46.541999999999994
0.95,0.95,-0.05,33.24,60.64,55.41,35.48,53.6,36.14,53.93,89,46.541999999999994
0.85,0.5,-0.15,31.78,58.89,56.38,36.29,54.95,31.33,50.65,77,46.540000000000006
0.55,0.3,-0.1,31.78,58.89,56.38,36.29,55.45,31.33,50.65,77,46.540000000000006
0.55,0.05,-0.2,32.65,52.77,55.8,33.06,52.81,28.92,48.44,64,46.54
0.1,0.7,0.1,34.69,64.14,54.44,38.71,52.41,36.14,54.08,98,46.53999999999999
0.05,0.35,0.05,34.69,64.14,54.44,38.71,52.41,36.14,54.08,98,46.53999999999999
0.35,0.4,0.25,35.57,68.8,53.85,36.29,54.01,40.36,53.85,104,46.538000000000004
0.4,0.45,0.25,35.57,68.8,53.85,36.29,54.41,39.16,53.4,103,46.538000000000004
0.5,0.55,0.3,35.57,68.8,53.85,36.29,54.41,39.16,53.4,103,46.538000000000004
0.25,0.3,0.05,34.11,63.56,54.82,36.29,54.48,39.16,53.61,97,46.535999999999994
0.25,0.9,0.2,34.11,63.56,54.82,37.9,54.29,36.75,51.52,99,46.535999999999994
0.3,1.0,0.25,34.11,63.56,54.82,37.9,53.9,36.75,51.52,99,46.535999999999994
0.9,1.0,0.15,34.11,63.56,54.82,35.89,54.14,37.95,53.12,96,46.535999999999994
0.85,0.95,0.15,34.11,63.56,54.82,35.89,54.14,37.95,53.12,96,46.535999999999994
0.25,0.95,0.25,34.11,63.56,54.82,37.9,54.29,36.75,51.52,99,46.535999999999994
0.2,0.65,0.15,34.11,63.56,54.82,37.5,53.57,36.75,51.52,99,46.535999999999994
0.5,0.6,0.1,34.11,63.56,54.82,36.29,54.48,39.16,53.61,97,46.535999999999994
0.75,0.9,0.15,34.11,63.56,54.82,36.29,54.48,39.16,53.61,97,46.535999999999994
0.2,0.7,0.15,34.11,63.56,54.82,37.9,54.29,36.75,51.52,99,46.535999999999994
0.2,0.75,0.2,34.11,63.56,54.82,37.9,53.9,36.75,51.52,99,46.535999999999994
0.75,0.1,-0.3,31.49,46.94,56.56,31.85,51.22,28.31,48.39,62,46.532
0.4,0.4,-0.15,30.61,40.23,57.14,35.48,56.67,26.51,46.88,64,46.528
0.95,0.25,-0.2,33.82,61.22,55.0,35.48,52.17,31.33,53.33,75,46.528
0.75,0.95,-0.2,30.61,46.65,57.14,36.29,56.19,31.93,52.7,74,46.528
0.8,0.8,-0.3,30.61,40.23,57.14,35.48,56.67,26.51,46.88,64,46.528
0.95,0.2,-0.2,33.82,61.22,55.0,36.29,52.14,31.93,54.67,75,46.528
0.35,0.8,0.05,33.82,61.22,55.0,37.1,53.73,37.95,53.76,93,46.528
0.4,0.9,0.05,33.82,61.22,55.0,37.1,53.73,37.95,53.76,93,46.528
0.7,0.15,-0.15,33.82,61.22,55.0,36.29,52.59,31.93,55.41,74,46.528
0.75,0.8,-0.05,33.53,58.89,55.19,35.48,54.03,34.94,52.87,87,46.525999999999996
0.7,0.75,-0.05,33.53,58.89,55.19,35.48,54.03,34.94,52.87,87,46.525999999999996
0.7,0.55,-0.1,32.07,57.14,56.16,37.1,54.7,34.94,52.94,85,46.524
1.0,0.75,-0.15,32.07,57.14,56.16,36.29,53.91,34.94,53.57,84,46.524
0.85,0.75,-0.1,32.07,57.14,56.16,35.48,55.37,34.34,51.76,85,46.524
0.6,0.85,0.3,35.28,65.6,54.02,35.48,54.07,39.76,54.08,98,46.524
0.95,0.7,-0.15,32.07,57.14,56.16,36.29,54.39,34.34,53.01,83,46.524
0.6,0.95,0.15,34.4,61.81,54.6,36.29,54.14,39.16,54.17,96,46.519999999999996
0.25,0.45,0.1,34.4,61.81,54.6,36.29,53.73,40.36,54.55,99,46.519999999999996
0.5,0.9,0.2,34.4,61.81,54.6,36.29,53.73,40.36,54.55,99,46.519999999999996
0.4,0.7,0.15,34.4,61.81,54.6,35.89,53.38,40.36,55.1,98,46.519999999999996
0.55,0.95,0.2,34.4,61.81,54.6,35.89,53.38,39.76,54.64,97,46.519999999999996
0.7,0.15,-0.25,32.07,49.85,56.15,30.65,49.4,29.52,50.0,64,46.518
0.05,0.75,-0.15,33.24,44.31,55.37,34.68,55.67,34.34,54.88,82,46.517999999999994
0.65,1.0,-0.0,34.11,59.48,54.78,35.48,53.49,37.95,53.76,93,46.512
0.65,1.0,0.05,34.11,59.48,54.78,36.69,54.55,39.16,55.32,94,46.512
0.25,0.4,-0.0,34.11,59.48,54.78,35.89,53.85,37.35,53.26,92,46.512
0.55,0.9,0.05,34.11,59.48,54.78,36.69,54.55,37.95,53.76,93,46.512
0.5,0.8,-0.0,34.11,59.48,54.78,35.89,53.85,37.35,53.26,92,46.512
0.65,0.65,-0.05,32.94,59.18,55.56,35.08,53.66,34.94,52.87,87,46.512
0.35,0.9,-0.1,32.94,51.02,55.56,38.31,56.14,36.14,55.29,85,46.512
0.3,0.55,-0.05,32.94,55.1,55.56,36.29,54.31,34.94,52.94,85,46.512
0.35,0.55,-0.0,34.11,59.48,54.78,35.89,53.85,37.35,53.85,91,46.512
0.5,0.8,0.05,34.11,59.48,54.78,36.69,54.55,39.16,54.74,95,46.512
0.7,0.7,-0.05,32.94,59.18,55.56,35.48,54.03,34.94,52.87,87,46.512
0.55,0.85,-0.0,34.11,59.48,54.78,35.89,53.85,37.95,53.76,93,46.512
0.45,0.7,-0.0,34.11,59.48,54.78,35.89,53.85,37.35,53.26,92,46.512
0.6,0.95,-0.0,34.11,59.48,54.78,35.89,53.85,37.35,53.85,91,46.512
0.6,0.95,0.05,34.11,59.48,54.78,36.69,54.55,39.16,54.74,95,46.512
0.65,0.8,0.2,34.69,65.01,54.39,36.29,54.07,39.76,54.08,98,46.51
0.6,0.75,0.2,34.69,65.01,54.39,36.29,54.48,39.76,54.08,98,46.51
0.2,0.75,0.25,34.69,65.01,54.39,37.1,53.9,37.35,52.0,100,46.51
0.2,1.0,0.25,34.69,65.01,54.39,39.11,54.17,37.35,52.0,100,46.51
0.15,0.7,0.15,34.69,65.01,54.39,38.71,53.52,37.35,52.0,100,46.51
0.75,0.95,0.25,34.69,65.01,54.39,36.29,54.48,39.76,54.08,98,46.51
0.25,0.8,-0.2,30.32,33.24,57.3,32.26,54.32,30.12,49.3,71,46.507999999999996
0.95,0.65,-0.2,31.49,54.23,56.52,35.89,55.14,31.33,49.35,77,46.507999999999996
0.6,0.7,-0.15,30.9,48.1,56.91,35.89,55.77,31.93,51.32,76,46.50599999999999
0.9,0.85,-0.25,30.9,48.1,56.91,34.27,54.08,30.72,50.0,74,46.50599999999999
0.7,0.1,-0.3,32.36,44.02,55.93,31.85,53.95,28.31,47.46,59,46.502
0.35,0.05,-0.15,32.36,44.02,55.93,31.85,53.95,28.31,47.46,59,46.502
0.5,0.7,0.3,35.28,66.47,53.98,35.48,54.07,40.96,55.0,100,46.5
0.3,0.4,0.15,35.28,66.47,53.98,35.48,54.07,40.36,54.55,99,46.5
0.2,0.45,0.25,35.28,66.47,53.98,37.5,54.23,40.96,54.21,107,46.5
0.2,0.5,0.3,35.28,66.47,53.98,37.1,54.23,40.96,53.7,108,46.5
0.45,0.65,0.3,35.28,66.47,53.98,35.48,53.68,40.36,54.37,103,46.5
0.15,0.35,0.2,35.28,66.47,53.98,37.5,54.23,40.96,54.21,107,46.5
0.45,0.7,0.3,35.28,66.47,53.98,35.89,53.68,40.36,54.46,101,46.5
0.3,0.45,0.2,35.28,66.47,53.98,35.48,53.68,39.76,54.46,101,46.5
0.95,0.7,-0.2,32.07,53.94,56.12,35.89,54.13,31.33,49.35,77,46.5
0.15,0.4,0.25,35.28,66.47,53.98,37.1,54.23,40.96,53.7,108,46.5
0.1,0.25,0.15,35.28,66.47,53.98,37.1,54.23,40.96,53.7,108,46.5
0.6,0.8,0.3,35.28,66.47,53.98,35.48,54.07,40.36,54.55,99,46.5
0.35,0.5,0.2,35.28,66.47,53.98,35.48,54.07,39.76,54.08,98,46.5
0.4,0.55,0.2,35.28,66.47,53.98,35.48,54.07,40.36,55.1,98,46.5
0.55,0.75,0.3,35.28,66.47,53.98,35.48,54.07,40.36,55.1,98,46.5
0.4,0.6,0.25,35.28,66.47,53.98,35.48,53.68,40.36,54.46,101,46.5
0.25,0.35,0.15,35.28,66.47,53.98,35.48,54.07,40.96,55.0,100,46.5
0.35,0.5,0.3,35.86,67.93,53.59,35.89,54.41,40.36,53.85,104,46.498000000000005
0.1,0.9,0.1,34.99,63.27,54.17,38.71,53.1,35.54,53.61,97,46.498000000000005
0.05,0.45,0.05,34.99,63.27,54.17,38.71,53.1,35.54,53.61,97,46.498000000000005
0.2,0.45,0.3,35.86,67.93,53.59,37.1,53.9,40.96,53.21,109,46.498000000000005
0.1,0.45,0.3,35.86,67.93,53.59,37.5,53.74,40.36,52.78,108,46.498000000000005
0.25,0.35,0.2,35.86,67.93,53.59,35.89,54.41,40.36,53.85,104,46.498000000000005
0.05,0.75,0.1,34.99,63.27,54.17,39.11,52.7,36.14,52.53,99,46.498000000000005
0.05,0.8,0.1,34.99,63.27,54.17,39.11,52.7,36.14,52.53,99,46.498000000000005
0.4,0.55,0.3,35.86,67.93,53.59,35.48,54.07,40.36,53.85,104,46.498000000000005
1.0,0.45,-0.2,32.36,59.48,55.92,35.89,54.46,30.72,49.35,77,46.496
0.6,0.9,-0.05,33.24,57.43,55.33,35.89,54.1,34.94,52.33,86,46.494
0.55,0.8,-0.05,33.24,57.43,55.33,36.29,54.92,34.94,52.33,86,46.494
0.7,1.0,-0.05,33.24,57.43,55.33,35.48,54.03,34.94,51.72,87,46.494
0.6,0.85,-0.05,33.24,57.43,55.33,36.29,54.92,34.34,51.16,86,46.494
0.65,0.95,-0.05,33.24,57.43,55.33,36.29,54.47,34.94,52.33,86,46.494
0.65,0.9,-0.05,33.24,57.43,55.33,35.48,54.03,34.94,51.72,87,46.494
0.95,0.5,-0.25,31.78,52.48,56.3,34.68,53.92,29.52,49.3,71,46.492
0.95,0.3,-0.2,33.53,59.77,55.13,35.08,52.68,31.33,53.33,75,46.49
0.5,0.05,-0.2,32.36,48.1,55.91,33.06,52.94,29.52,49.18,61,46.49
0.5,0.6,0.05,34.4,62.68,54.55,35.89,53.79,37.95,52.63,95,46.489999999999995
0.2,0.35,0.1,34.4,62.68,54.55,35.89,53.73,39.76,54.55,99,46.489999999999995
0.25,0.35,0.05,34.4,62.68,54.55,36.29,54.55,39.16,53.61,97,46.489999999999995
0.8,1.0,0.1,34.4,62.68,54.55,35.89,54.2,37.95,52.63,95,46.489999999999995
0.4,0.5,0.05,34.4,62.68,54.55,35.89,54.2,37.95,52.63,95,46.489999999999995
0.55,0.95,0.3,34.4,62.68,54.55,35.48,53.73,39.76,54.0,100,46.489999999999995
0.45,0.75,0.2,34.4,62.68,54.55,35.48,53.38,39.76,54.08,98,46.489999999999995
0.4,0.7,0.2,34.4,62.68,54.55,35.89,53.73,39.76,54.55,99,46.489999999999995
0.5,0.9,0.25,34.4,62.68,54.55,36.29,53.73,39.76,54.55,99,46.489999999999995
0.45,0.55,0.05,34.4,62.68,54.55,35.89,54.2,37.95,52.63,95,46.489999999999995
0.65,0.8,0.1,34.4,62.68,54.55,35.89,54.2,38.55,53.12,96,46.489999999999995
0.45,0.8,0.2,34.4,62.68,54.55,36.29,53.73,39.76,54.55,99,46.489999999999995
0.6,1.0,0.25,34.4,62.68,54.55,35.89,53.38,39.76,54.08,98,46.489999999999995
0.45,0.8,0.25,34.4,62.68,54.55,36.29,54.07,39.76,54.55,99,46.489999999999995
0.5,0.7,0.1,34.4,62.68,54.55,36.29,54.55,39.16,53.61,97,46.489999999999995
0.5,0.85,0.25,34.4,62.68,54.55,35.89,53.73,39.16,53.54,99,46.489999999999995
0.85,0.85,-0.3,30.9,41.69,56.88,35.08,55.43,27.11,46.97,66,46.488
0.55,0.4,-0.3,27.99,26.24,58.82,31.45,58.49,25.9,51.22,41,46.488
0.85,0.1,-0.3,32.65,53.64,55.71,33.47,52.75,29.52,48.48,66,46.486000000000004
0.05,0.55,-0.1,33.53,46.65,55.12,35.89,56.44,33.73,54.32,81,46.483999999999995
0.95,0.65,-0.3,31.2,46.36,56.67,35.48,54.0,27.11,45.59,68,46.482
0.7,0.75,-0.2,31.2,46.36,56.67,35.48,54.9,30.72,50.0,74,46.482
0.8,0.55,-0.25,31.2,46.36,56.67,35.48,54.0,27.71,46.38,69,46.482
0.3,0.85,-0.05,34.11,55.39,54.73,36.69,52.89,36.75,53.85,91,46.48199999999999
0.9,0.4,-0.15,32.65,61.81,55.7,37.1,55.17,31.93,50.0,80,46.480000000000004
0.45,0.85,0.05,34.11,60.35,54.72,36.29,54.2,37.95,53.76,93,46.476
0.5,0.95,0.05,34.11,60.35,54.72,36.29,54.2,37.95,53.76,93,46.476
0.15,0.2,0.15,35.86,68.8,53.55,36.69,54.68,39.16,53.33,105,46.474
0.3,0.4,0.3,35.86,68.8,53.55,36.69,54.68,39.16,53.33,105,46.474
0.4,0.5,0.3,35.86,68.8,53.55,35.89,54.01,40.36,54.9,102,46.474
0.2,0.25,0.15,35.86,68.8,53.55,35.89,54.01,40.36,54.9,102,46.474
0.65,0.6,-0.25,30.03,39.07,57.43,33.87,54.02,25.3,44.44,63,46.47
0.55,0.75,0.2,34.99,64.14,54.12,36.29,54.81,39.76,54.08,98,46.467999999999996
0.6,0.85,0.2,34.99,64.14,54.12,36.69,54.81,40.36,54.55,99,46.467999999999996
0.05,0.9,0.15,34.99,64.14,54.12,39.11,53.06,35.54,53.06,98,46.467999999999996
0.1,0.6,-0.0,34.69,60.93,54.32,39.92,53.96,36.14,52.53,99,46.467999999999996
0.65,0.9,0.2,34.99,64.14,54.12,36.69,54.81,39.76,54.08,98,46.467999999999996
0.05,0.3,-0.0,34.69,60.93,54.32,39.92,53.96,36.14,52.53,99,46.467999999999996
0.5,0.7,0.15,34.99,64.14,54.12,36.29,54.48,39.76,54.08,98,46.467999999999996
0.15,0.9,-0.0,34.69,60.93,54.32,39.92,53.96,36.14,52.53,99,46.467999999999996
0.4,0.55,0.15,34.99,64.14,54.12,35.89,54.48,39.76,54.08,98,46.467999999999996
0.4,0.75,-0.05,32.94,55.98,55.48,37.1,54.1,35.54,52.27,88,46.464
0.75,0.65,-0.05,32.94,60.06,55.48,35.48,54.47,35.54,52.87,87,46.464
0.45,0.8,-0.05,32.94,55.98,55.48,35.48,53.33,35.54,52.27,88,46.464
0.35,0.65,-0.05,32.94,55.98,55.48,36.69,54.7,35.54,52.87,87,46.464
0.85,0.85,-0.05,32.94,60.06,55.48,35.48,54.03,35.54,53.41,88,46.464
0.45,0.85,-0.05,32.94,55.98,55.48,36.69,54.1,35.54,52.27,88,46.464
0.75,0.5,-0.15,31.78,56.56,56.25,35.48,55.05,31.93,50.0,78,46.462
0.55,0.4,-0.1,31.78,56.56,56.25,35.89,54.46,33.73,52.44,82,46.462
0.3,0.85,-0.2,29.74,35.28,57.61,32.66,54.22,30.72,51.39,72,46.461999999999996
0.9,0.4,-0.2,32.36,56.27,55.86,35.08,53.64,30.72,50.0,74,46.46
0.45,0.2,-0.1,32.36,56.27,55.86,35.08,53.64,30.72,50.0,74,46.46
0.8,0.95,-0.2,30.61,47.52,57.02,35.89,55.77,31.93,51.32,76,46.456
0.8,0.9,-0.25,30.61,44.31,57.02,35.48,55.1,30.12,48.61,72,46.456
0.2,0.6,0.1,33.82,62.97,54.88,36.69,53.68,36.14,51.55,97,46.455999999999996
0.4,0.45,0.05,33.82,62.97,54.88,35.48,53.79,37.35,52.63,95,46.455999999999996
0.1,0.3,0.05,33.82,62.97,54.88,36.69,53.68,36.14,51.55,97,46.455999999999996
0.75,0.85,0.1,33.82,62.97,54.88,35.48,53.79,37.35,52.63,95,46.455999999999996
0.15,0.8,-0.05,34.69,55.98,54.3,37.5,54.03,36.14,52.08,96,46.455999999999996
0.3,0.9,0.15,33.82,62.97,54.88,36.69,53.68,36.14,51.55,97,46.455999999999996
0.8,0.9,0.1,33.82,62.97,54.88,35.48,53.79,37.35,52.63,95,46.455999999999996
0.2,1.0,-0.1,33.53,51.6,55.07,35.48,53.98,36.75,53.85,91,46.454
0.1,0.5,-0.05,33.53,51.6,55.07,35.48,53.98,36.75,53.85,91,46.454
0.25,1.0,0.1,34.4,63.56,54.49,38.71,53.19,37.35,53.06,98,46.454
0.95,0.8,-0.15,31.49,55.1,56.43,36.29,54.78,34.34,53.01,83,46.45399999999999
0.7,0.05,-0.3,32.65,46.36,55.65,31.05,52.56,27.71,46.55,58,46.45
0.1,0.15,0.15,35.86,69.68,53.51,37.9,54.11,39.16,53.33,105,46.449999999999996
0.4,0.4,0.3,35.86,69.68,53.51,37.5,54.61,39.76,53.33,105,46.449999999999996
0.7,0.7,-0.25,30.61,41.11,57.01,35.08,55.43,27.11,46.97,66,46.449999999999996
0.55,0.55,-0.2,30.61,41.11,57.01,35.08,55.43,26.51,46.15,65,46.449999999999996
0.2,0.3,0.3,35.86,69.68,53.51,37.9,54.11,39.16,53.33,105,46.449999999999996
0.2,0.2,0.15,35.86,69.68,53.51,37.5,54.61,39.76,53.33,105,46.449999999999996
0.25,0.25,0.2,35.86,69.68,53.51,37.5,53.85,39.76,53.85,104,46.449999999999996
0.9,0.2,-0.2,33.53,60.64,55.06,35.89,52.17,31.93,54.79,73,46.448
0.8,0.4,-0.15,32.36,60.35,55.84,35.89,54.05,30.72,50.0,76,46.448
0.45,0.1,-0.1,33.53,60.64,55.06,35.89,52.17,31.93,54.79,73,46.448
1.0,0.75,-0.2,32.07,54.81,56.03,36.29,54.05,31.93,50.63,79,46.446000000000005
0.45,0.15,-0.2,30.61,37.9,57.0,30.65,53.73,26.51,48.0,50,46.443999999999996
0.3,0.95,-0.2,30.61,37.9,57.0,32.66,53.41,34.34,53.75,80,46.443999999999996
0.35,0.95,-0.15,32.36,44.9,55.83,36.69,57.84,34.34,53.66,82,46.442
0.45,0.65,0.05,34.11,61.22,54.66,35.89,54.62,39.16,54.17,96,46.44
0.35,0.45,-0.0,34.11,61.22,54.66,35.89,54.26,37.35,52.69,93,46.44
0.5,0.15,-0.1,34.11,61.22,54.66,36.29,52.99,31.33,53.33,75,46.44
0.8,1.0,-0.0,34.11,61.22,54.66,35.89,54.26,36.75,52.17,92,46.44
0.2,0.25,-0.0,34.11,61.22,54.66,35.89,54.26,36.75,52.17,92,46.44
0.6,0.75,-0.0,34.11,61.22,54.66,35.89,54.26,36.75,52.17,92,46.44
1.0,0.3,-0.2,34.11,61.22,54.66,36.29,52.99,31.33,53.33,75,46.44
0.55,0.7,-0.0,34.11,61.22,54.66,35.89,54.26,37.35,52.69,93,46.44
0.4,0.5,-0.0,34.11,61.22,54.66,35.89,54.26,36.75,52.17,92,46.44
0.6,0.85,0.05,34.11,61.22,54.66,35.48,54.26,39.16,54.17,96,46.44
0.7,0.9,-0.0,34.11,61.22,54.66,35.89,54.26,37.35,52.69,93,46.44
0.75,0.95,-0.0,34.11,61.22,54.66,35.89,54.26,37.35,52.69,93,46.44
0.55,0.9,0.15,34.11,61.22,54.66,35.89,53.79,39.16,54.17,96,46.44
0.7,0.95,0.05,34.11,61.22,54.66,35.89,54.26,37.95,53.19,94,46.44
0.65,0.95,0.1,34.69,61.81,54.27,36.29,54.55,39.16,54.17,96,46.437999999999995
0.4,0.25,-0.3,24.78,8.75,60.87,23.79,64.29,18.67,71.43,7,46.434
0.8,0.4,-0.2,31.78,53.35,56.2,34.68,54.37,29.52,49.3,71,46.432
0.75,0.55,-0.05,32.65,62.68,55.62,35.48,55.37,34.34,52.33,86,46.432
1.0,0.5,-0.25,31.78,53.35,56.2,34.68,54.37,29.52,49.3,71,46.432
0.6,0.3,-0.15,31.78,53.35,56.2,34.68,54.37,29.52,49.3,71,46.432
0.2,0.1,-0.05,31.78,53.35,56.2,34.68,54.37,29.52,49.3,71,46.432
0.4,0.2,-0.1,31.78,53.35,56.2,34.68,54.37,29.52,49.3,71,46.432
0.15,0.2,0.3,35.86,70.55,53.48,38.31,54.05,40.36,53.21,109,46.431999999999995
0.2,0.55,0.3,35.57,66.47,53.67,37.1,53.85,40.36,53.77,106,46.43
0.15,0.45,0.25,35.57,66.47,53.67,36.69,53.85,40.36,53.77,106,46.43
0.95,0.55,-0.25,31.49,51.9,56.39,35.89,54.81,30.12,49.32,73,46.42999999999999
0.3,0.8,-0.25,28.57,27.41,58.33,30.65,54.41,27.71,50.85,59,46.426
0.5,0.05,-0.25,31.78,38.78,56.19,30.65,56.45,25.9,48.98,49,46.426
0.0,0.45,0.1,34.4,64.43,54.44,39.11,52.0,36.14,53.54,99,46.42399999999999
0.1,0.55,0.15,34.4,64.43,54.44,39.52,54.11,37.35,52.0,100,46.42399999999999
0.9,1.0,0.2,34.4,64.43,54.44,36.29,54.07,38.55,53.61,97,46.42399999999999
0.7,0.8,0.15,34.4,64.43,54.44,36.29,54.07,38.55,53.61,97,46.42399999999999
0.15,0.65,0.1,34.4,64.43,54.44,39.52,53.85,37.35,53.06,98,46.42399999999999
0.45,0.5,0.1,34.4,64.43,54.44,36.29,54.07,38.55,53.61,97,46.42399999999999
0.65,0.75,0.15,34.4,64.43,54.44,36.29,54.07,38.55,53.61,97,46.42399999999999
0.0,0.9,0.2,34.4,64.43,54.44,39.11,52.0,36.14,53.54,99,46.42399999999999
0.25,0.3,0.2,35.28,69.1,53.85,36.29,54.35,39.76,53.85,104,46.422000000000004
0.5,0.7,-0.05,32.94,56.85,55.41,36.29,55.37,33.73,50.59,85,46.422
0.45,0.65,-0.05,32.94,56.85,55.41,36.29,54.62,33.73,51.19,84,46.422
0.55,0.25,-0.1,32.94,60.93,55.41,36.29,54.87,30.72,49.35,77,46.422
0.25,0.9,0.25,33.82,63.85,54.82,37.9,53.9,36.75,51.52,99,46.419999999999995
0.45,0.45,-0.25,27.41,25.95,59.09,31.85,56.67,25.9,46.81,47,46.418
0.9,0.95,-0.3,30.9,42.57,56.76,34.68,54.74,29.52,47.89,71,46.416
0.6,0.3,-0.2,31.2,47.23,56.56,33.47,51.61,28.92,49.18,61,46.416
0.3,0.15,-0.1,31.2,47.23,56.56,33.47,51.61,28.92,49.18,61,46.416
0.5,0.35,-0.15,31.2,47.23,56.56,35.08,54.55,28.31,47.14,70,46.416
0.9,0.45,-0.3,31.2,47.23,56.56,33.47,51.61,28.92,49.18,61,46.416
0.6,0.65,-0.2,30.9,42.57,56.76,35.08,54.64,29.52,47.89,71,46.416
1.0,0.7,-0.3,31.2,47.23,56.56,35.08,54.55,28.31,47.14,70,46.416
0.05,0.65,-0.1,33.82,49.85,54.81,36.69,57.69,37.35,55.56,90,46.414
0.25,0.6,0.05,33.53,61.52,55.0,37.1,53.33,37.35,53.76,93,46.412
0.75,0.1,-0.2,33.53,61.52,55.0,34.27,53.33,32.53,52.7,74,46.412
0.95,0.9,-0.1,32.36,57.14,55.78,35.08,54.55,34.94,52.94,85,46.412
0.35,0.95,0.1,33.53,61.52,55.0,36.69,53.33,36.14,52.63,95,46.412
0.3,0.7,0.05,33.53,61.52,55.0,37.1,53.33,37.35,53.76,93,46.412
0.95,0.6,-0.25,32.07,51.6,55.97,35.89,54.81,30.12,49.32,73,46.410000000000004
0.95,0.35,-0.2,33.24,59.18,55.19,35.48,53.57,31.93,51.95,77,46.41
0.8,0.0,-0.25,33.24,59.18,55.19,34.68,53.4,31.33,47.37,76,46.41
0.65,0.9,0.3,34.99,65.89,54.02,35.48,54.07,39.76,54.64,97,46.408
0.25,0.55,0.3,34.99,65.89,54.02,37.5,54.23,40.96,54.72,106,46.408
0.6,0.7,0.2,34.99,65.89,54.02,36.29,54.07,38.55,53.61,97,46.408
0.5,0.75,0.3,34.99,65.89,54.02,35.48,53.68,39.76,54.55,99,46.408
0.8,0.95,0.3,34.99,65.89,54.02,35.89,54.07,39.76,54.08,98,46.408
0.8,0.9,0.25,34.99,65.89,54.02,36.29,54.07,38.55,53.61,97,46.408
0.55,0.75,0.25,34.99,65.89,54.02,35.48,54.07,39.76,54.08,98,46.408
0.3,0.35,0.1,34.99,65.89,54.02,36.29,54.07,38.55,53.61,97,46.408
0.75,0.85,0.25,34.99,65.89,54.02,36.29,54.07,38.55,53.61,97,46.408
0.9,1.0,0.25,34.99,65.89,54.02,36.29,54.07,38.55,53.61,97,46.408
0.85,1.0,0.3,34.99,65.89,54.02,36.29,54.07,39.76,54.08,98,46.408
0.85,0.95,0.25,34.99,65.89,54.02,36.29,54.07,38.55,53.61,97,46.408
0.55,0.65,0.2,34.99,65.89,54.02,36.29,54.07,39.76,54.08,98,46.408
0.9,0.65,-0.15,31.78,57.43,56.16,36.29,54.39,34.34,53.01,83,46.408
0.55,0.8,0.3,34.99,65.89,54.02,35.48,53.68,39.76,54.08,98,46.408
0.55,0.85,0.15,34.69,62.68,54.22,36.29,54.14,39.76,54.08,98,46.407999999999994
0.05,0.55,0.05,34.69,62.68,54.22,39.92,52.74,36.14,52.53,99,46.407999999999994
0.6,0.95,0.2,34.69,62.68,54.22,35.89,53.38,39.76,54.08,98,46.407999999999994
0.35,0.55,0.1,34.69,62.68,54.22,35.89,53.38,39.76,54.08,98,46.407999999999994
0.85,0.4,-0.15,32.36,61.22,55.77,36.29,54.87,31.33,50.65,77,46.406000000000006
0.8,0.4,-0.25,31.49,48.69,56.35,34.68,54.08,30.12,49.25,67,46.406000000000006
0.45,0.55,0.25,35.57,67.35,53.63,35.89,53.68,40.96,55.45,101,46.406
0.5,0.6,0.3,35.57,67.35,53.63,35.89,53.68,40.96,54.37,103,46.406
0.1,0.3,0.2,35.57,67.35,53.63,37.1,53.47,40.96,53.7,108,46.406
0.05,0.15,0.1,35.57,67.35,53.63,37.1,53.47,40.96,53.7,108,46.406
0.4,0.5,0.25,35.57,67.35,53.63,35.48,53.68,40.96,54.37,103,46.406
0.15,0.45,0.3,35.57,67.35,53.63,37.1,53.47,40.96,53.7,108,46.406
0.15,0.4,0.3,35.57,67.35,53.63,37.1,53.85,40.96,53.7,108,46.406
0.25,0.3,0.15,35.57,67.35,53.63,35.89,53.68,40.96,54.37,103,46.406
0.3,0.5,0.25,35.57,67.35,53.63,36.69,53.96,39.76,54.37,103,46.406
0.75,0.9,0.05,34.11,62.1,54.6,35.89,53.79,36.75,52.69,93,46.403999999999996
0.75,0.5,-0.2,31.78,50.15,56.15,35.89,54.81,29.52,48.61,72,46.402
0.4,0.75,-0.1,31.78,50.15,56.15,36.69,55.96,34.34,53.66,82,46.402
0.45,0.65,-0.0,33.82,59.77,54.78,35.89,54.26,39.16,54.74,95,46.396
0.4,0.65,-0.05,32.65,55.39,55.56,35.89,54.7,34.34,52.38,84,46.396
0.55,0.8,-0.0,33.82,59.77,54.78,35.89,54.26,39.16,54.74,95,46.396
0.65,0.95,-0.0,33.82,59.77,54.78,35.89,53.85,39.16,54.74,95,46.396
0.6,0.05,-0.25,32.65,47.23,55.56,32.26,53.09,28.31,48.28,58,46.396
0.6,0.5,-0.05,32.65,59.48,55.56,35.48,54.92,35.54,52.87,87,46.396
0.4,0.7,-0.05,32.65,55.39,55.56,35.89,53.78,34.94,52.94,85,46.396
0.6,0.1,-0.25,31.2,44.02,56.52,31.45,52.56,29.52,50.0,60,46.391999999999996
0.1,0.65,-0.0,34.99,60.93,53.99,40.32,54.23,36.14,52.53,99,46.39
0.15,0.7,-0.1,32.36,45.77,55.74,33.87,53.54,35.54,54.12,85,46.388000000000005
0.35,0.95,-0.1,33.24,51.02,55.15,37.9,56.14,36.14,54.65,86,46.385999999999996
0.65,0.7,-0.2,30.61,45.19,56.9,34.68,53.54,30.12,48.61,72,46.384
0.05,0.15,0.2,36.73,72.89,52.82,38.71,54.67,40.96,53.64,110,46.384
0.5,0.55,-0.15,30.61,45.19,56.9,34.68,54.0,30.12,48.61,72,46.384
0.15,0.2,0.1,35.57,68.22,53.59,35.48,54.07,40.96,55.45,101,46.382000000000005
0.35,0.45,0.25,35.57,68.22,53.59,35.48,53.68,40.36,54.9,102,46.382000000000005
0.45,0.6,0.3,35.57,68.22,53.59,35.48,54.07,40.96,55.45,101,46.382000000000005
0.3,0.4,0.2,35.57,68.22,53.59,35.48,54.07,40.96,55.45,101,46.382000000000005
0.55,1.0,0.05,34.4,60.35,54.37,36.29,53.79,37.35,53.26,92,46.382
0.35,0.55,0.05,34.4,60.35,54.37,36.29,54.55,39.16,54.74,95,46.382
0.35,0.35,-0.25,25.95,13.12,60.0,27.42,59.38,21.69,47.83,23,46.38
0.3,0.2,-0.2,25.95,13.12,60.0,26.21,64.0,19.88,53.33,15,46.38
0.15,0.1,-0.1,25.95,13.12,60.0,26.21,64.0,19.88,53.33,15,46.38
0.45,0.3,-0.3,25.95,13.12,60.0,26.21,64.0,19.88,53.33,15,46.38
0.55,0.75,0.15,34.69,63.56,54.17,36.29,54.48,39.76,54.08,98,46.378
0.75,1.0,0.15,34.69,63.56,54.17,36.69,54.55,39.16,53.61,97,46.378
0.75,0.95,0.15,34.69,63.56,54.17,35.89,54.55,38.55,53.12,96,46.378
0.5,0.65,0.1,34.69,63.56,54.17,36.69,54.55,39.16,53.61,97,46.378
0.7,0.9,0.15,34.69,63.56,54.17,35.89,54.55,39.16,53.61,97,46.378
0.6,0.8,0.15,34.69,63.56,54.17,35.89,54.14,39.76,54.08,98,46.378
0.7,0.95,0.15,34.69,63.56,54.17,36.29,54.55,39.76,54.08,98,46.378
0.65,0.85,0.15,34.69,63.56,54.17,35.89,54.14,39.16,53.61,97,46.378
0.45,0.6,0.1,34.69,63.56,54.17,36.69,54.55,39.16,53.61,97,46.378
0.75,1.0,0.2,34.69,63.56,54.17,36.29,54.48,39.76,54.08,98,46.378
0.4,0.55,0.1,34.69,63.56,54.17,36.69,54.48,39.76,54.08,98,46.378
0.65,0.9,0.15,34.69,63.56,54.17,36.29,54.55,39.76,54.08,98,46.378
0.2,0.8,-0.05,34.4,55.39,54.36,37.1,53.66,37.95,53.76,93,46.376
0.8,0.8,-0.15,31.49,52.77,56.3,35.48,53.57,32.53,51.9,79,46.37599999999999
0.85,0.85,-0.15,31.49,52.77,56.3,35.89,53.98,32.53,51.9,79,46.37599999999999
0.55,0.55,-0.1,31.49,52.77,56.3,35.89,53.98,32.53,51.9,79,46.37599999999999
0.9,0.65,-0.25,32.07,48.4,55.91,35.48,56.0,30.12,49.32,73,46.374
0.75,0.9,0.1,34.11,62.97,54.55,35.89,53.79,38.55,53.12,96,46.373999999999995
0.9,0.5,-0.25,31.2,51.31,56.49,34.68,53.47,30.12,48.57,70,46.373999999999995
0.7,0.85,0.1,34.11,62.97,54.55,35.89,53.79,38.55,53.12,96,46.373999999999995
0.55,0.65,0.05,34.11,62.97,54.55,35.89,53.79,36.75,52.13,94,46.373999999999995
0.75,0.45,-0.2,31.2,51.31,56.49,35.89,54.81,30.72,50.0,74,46.373999999999995
0.85,0.45,-0.25,30.9,49.85,56.69,34.27,54.08,30.12,47.83,69,46.373999999999995
0.4,0.75,-0.25,27.7,26.53,58.82,32.66,55.41,27.11,48.28,58,46.372
0.45,1.0,-0.1,32.94,53.64,55.32,36.69,55.65,34.94,53.57,84,46.368
0.05,0.8,-0.15,33.24,46.94,55.12,35.89,56.44,34.34,54.88,82,46.367999999999995
0.2,0.9,-0.05,34.99,55.98,53.95,37.1,53.23,36.75,52.08,96,46.366
0.5,0.25,-0.1,32.36,58.02,55.7,35.89,54.05,30.72,50.0,76,46.364000000000004
1.0,0.5,-0.2,32.36,58.02,55.7,35.89,54.05,30.72,50.0,76,46.364000000000004
0.85,0.35,-0.3,30.9,46.65,56.67,33.06,52.87,29.52,51.61,62,46.362
0.55,0.2,-0.2,30.9,46.65,56.67,31.45,50.0,29.52,51.67,60,46.362
0.45,0.5,0.3,35.57,69.1,53.55,36.29,53.62,39.16,53.4,103,46.358
0.35,0.45,0.3,35.57,69.1,53.55,36.29,54.35,39.76,53.85,104,46.358
0.6,0.15,-0.2,32.07,52.48,55.88,31.45,49.44,30.72,53.97,63,46.356
0.0,0.6,0.3,34.99,67.64,53.93,39.52,52.6,37.95,53.77,106,46.354
0.0,0.1,0.05,34.99,67.64,53.93,39.52,52.6,37.95,53.77,106,46.354
0.0,0.2,0.1,34.99,67.64,53.93,39.52,52.6,37.95,53.77,106,46.354
0.0,0.3,0.15,34.99,67.64,53.93,39.52,52.6,37.95,53.77,106,46.354
0.0,0.5,0.25,34.99,67.64,53.93,39.52,52.6,37.95,53.77,106,46.354
0.0,0.4,0.2,34.99,67.64,53.93,39.52,52.6,37.95,53.77,106,46.354
0.5,0.8,-0.05,32.65,56.27,55.48,35.89,54.62,34.34,52.38,84,46.348
0.7,0.95,0.25,34.69,64.43,54.12,36.29,54.81,39.76,54.08,98,46.34799999999999
0.85,0.6,-0.15,31.49,56.85,56.25,35.89,54.46,33.73,52.44,82,46.346000000000004
0.15,0.6,-0.1,31.49,42.27,56.25,33.06,52.63,35.54,53.57,84,46.346000000000004
0.6,0.5,-0.25,29.45,35.57,57.61,33.47,55.7,25.9,42.37,59,46.346
0.7,0.4,-0.25,30.9,43.44,56.64,33.47,53.33,29.52,47.69,65,46.344
0.75,0.65,-0.1,32.07,56.56,55.86,37.1,55.46,34.34,52.38,84,46.344
0.85,0.5,-0.3,30.9,43.44,56.64,33.47,52.17,29.52,47.69,65,46.344
0.4,0.05,-0.2,31.2,37.61,56.44,30.65,57.63,25.3,47.92,48,46.343999999999994
0.15,1.0,-0.15,32.65,48.1,55.47,34.68,53.33,34.34,54.76,84,46.342
0.15,0.6,0.15,34.11,63.85,54.49,38.31,54.23,37.35,52.0,100,46.338
0.2,0.85,0.2,34.11,63.85,54.49,39.11,54.23,37.35,52.0,100,46.338
0.25,1.0,0.25,34.11,63.85,54.49,38.31,54.23,37.35,52.0,100,46.338
0.8,0.9,0.15,34.11,63.85,54.49,35.89,54.14,37.95,53.12,96,46.338
0.15,0.65,0.15,34.11,63.85,54.49,38.31,53.9,37.35,52.0,100,46.338
0.7,0.85,0.15,34.11,63.85,54.49,36.29,54.07,39.16,53.61,97,46.338
0.6,0.65,0.1,34.11,63.85,54.49,35.89,54.14,37.35,52.63,95,46.338
0.2,0.8,0.2,34.11,63.85,54.49,38.31,54.23,37.35,52.0,100,46.338
0.65,0.7,0.1,34.11,63.85,54.49,35.89,54.14,37.35,52.63,95,46.338
0.5,0.55,0.1,34.11,63.85,54.49,35.89,53.73,37.95,53.12,96,46.338
0.25,0.8,0.2,34.11,63.85,54.49,37.5,53.57,36.14,50.52,97,46.338
0.45,0.55,0.1,34.11,63.85,54.49,36.29,54.07,38.55,53.12,96,46.338
0.65,0.8,0.15,34.11,63.85,54.49,36.29,54.07,38.55,53.12,96,46.338
0.05,0.2,0.05,34.11,63.85,54.49,38.31,54.23,37.35,52.0,100,46.338
0.2,0.95,0.25,34.11,63.85,54.49,39.11,54.17,37.35,52.0,100,46.338
0.1,0.4,0.1,34.11,63.85,54.49,38.31,54.23,37.35,52.0,100,46.338
0.55,0.6,0.1,34.11,63.85,54.49,35.89,54.14,37.35,52.63,95,46.338
0.5,0.7,0.25,35.28,65.89,53.71,35.48,54.07,39.76,54.64,97,46.338
0.15,0.9,-0.05,34.99,56.85,53.9,38.31,54.33,34.94,52.08,96,46.336
0.4,0.3,-0.15,30.32,41.4,57.01,33.87,55.68,27.71,45.16,62,46.333999999999996
0.8,0.6,-0.3,30.32,41.4,57.01,33.87,55.68,27.71,45.16,62,46.333999999999996
0.3,0.3,0.25,35.57,69.97,53.51,37.9,53.79,39.76,53.85,104,46.333999999999996
0.35,0.35,0.3,35.57,69.97,53.51,37.9,53.79,39.16,53.85,104,46.333999999999996
0.2,0.25,0.2,35.57,69.97,53.51,37.1,54.23,39.16,53.33,105,46.333999999999996
0.6,0.3,-0.1,32.07,60.64,55.84,36.29,54.39,31.33,50.65,77,46.332
0.6,0.1,-0.15,33.24,60.93,55.06,33.47,51.43,30.72,52.05,73,46.332
0.9,0.45,-0.15,32.07,60.64,55.84,36.29,54.39,31.33,50.65,77,46.332
0.3,0.15,-0.05,32.07,60.64,55.84,36.29,54.39,31.33,50.65,77,46.332
0.1,0.95,-0.15,34.11,48.98,54.48,36.29,56.19,35.54,54.65,86,46.331999999999994
0.75,0.55,-0.15,31.78,55.1,56.03,35.89,54.55,32.53,50.63,79,46.330000000000005
0.15,0.85,0.05,34.99,62.68,53.89,38.71,52.45,35.54,53.61,97,46.33
0.1,0.75,0.05,34.99,62.68,53.89,39.11,53.15,36.14,53.06,98,46.33
0.85,0.0,-0.3,33.82,56.56,54.67,33.06,52.69,28.92,47.06,68,46.33
0.5,0.4,-0.2,30.32,38.19,57.0,34.27,54.65,27.11,44.26,61,46.327999999999996
0.75,0.55,-0.3,29.45,38.78,57.58,33.87,54.22,27.11,45.0,60,46.327999999999996
0.75,0.6,-0.3,30.32,38.19,57.0,34.27,54.65,27.11,44.26,61,46.327999999999996
0.25,0.2,-0.1,30.32,38.19,57.0,34.27,54.65,27.11,44.26,61,46.327999999999996
0.25,0.95,-0.0,34.4,62.1,54.27,37.5,52.17,36.75,53.68,95,46.321999999999996
0.35,0.5,0.05,34.4,62.1,54.27,36.29,54.96,39.16,54.17,96,46.321999999999996
0.7,1.0,0.1,34.4,62.1,54.27,36.29,54.96,39.16,54.17,96,46.321999999999996
0.2,0.75,-0.0,34.4,62.1,54.27,37.5,51.8,36.75,53.68,95,46.321999999999996
0.5,0.6,0.15,34.69,65.31,54.07,36.29,54.07,39.16,53.61,97,46.318
0.1,0.7,0.25,34.69,65.31,54.07,39.11,53.02,37.95,52.94,102,46.318
0.45,0.55,0.15,34.69,65.31,54.07,36.29,54.07,39.76,54.08,98,46.318
0.7,0.9,0.25,34.69,65.31,54.07,36.69,54.81,40.36,54.55,99,46.318
0.85,1.0,0.25,34.69,65.31,54.07,36.29,54.07,38.55,53.61,97,46.318
0.8,0.95,0.25,34.69,65.31,54.07,36.29,54.07,39.16,53.61,97,46.318
0.75,1.0,0.3,34.69,65.31,54.07,35.89,54.48,39.76,54.08,98,46.318
0.75,0.85,0.2,34.69,65.31,54.07,36.29,54.07,38.55,53.61,97,46.318
0.65,0.85,0.25,34.69,65.31,54.07,36.29,54.81,40.36,54.55,99,46.318
0.2,0.25,0.3,35.57,70.85,53.48,37.5,53.42,39.76,53.27,107,46.315999999999995
0.15,0.5,0.3,35.28,66.76,53.67,36.69,53.47,40.36,53.27,107,46.314
0.35,0.55,0.25,35.28,66.76,53.67,35.48,53.68,39.76,53.92,102,46.314
0.45,0.6,0.25,35.28,66.76,53.67,35.48,54.07,40.36,55.1,98,46.314
0.55,0.7,0.3,35.28,66.76,53.67,35.48,54.07,40.36,54.55,99,46.314
0.35,0.45,0.2,35.28,66.76,53.67,35.48,54.07,40.96,55.0,100,46.314
0.6,0.35,-0.15,32.07,53.35,55.8,35.89,54.81,30.72,50.0,74,46.308
0.45,0.5,-0.15,30.61,42.86,56.76,35.08,54.64,29.52,48.57,70,46.3
0.75,0.85,-0.25,30.61,42.86,56.76,35.08,54.64,30.12,50.0,70,46.3
0.9,1.0,-0.3,30.61,42.86,56.76,35.08,54.64,29.52,48.57,70,46.3
0.25,0.7,-0.05,34.11,54.81,54.42,37.1,53.33,36.75,54.44,90,46.296
0.75,0.6,-0.1,32.07,57.43,55.78,36.29,55.17,34.94,52.94,85,46.296
0.0,0.5,-0.05,35.28,55.1,53.64,37.5,55.17,37.35,54.74,95,46.296
0.0,1.0,-0.1,35.28,55.1,53.64,37.5,55.17,37.35,54.74,95,46.296
0.8,0.65,-0.3,30.03,40.82,57.14,34.27,55.56,27.71,45.31,64,46.296
0.95,0.85,-0.1,32.07,57.43,55.78,35.48,54.92,35.54,52.87,87,46.296
0.9,0.8,-0.1,32.07,57.43,55.78,35.48,54.92,35.54,52.87,87,46.296
0.45,0.4,-0.05,32.07,57.43,55.78,35.48,54.92,35.54,52.87,87,46.296
0.25,0.85,-0.15,31.2,41.69,56.36,33.47,53.19,36.14,54.12,85,46.29599999999999
0.25,0.95,0.05,34.4,62.97,54.22,38.31,52.52,36.75,53.12,96,46.291999999999994
0.6,0.75,0.1,34.4,62.97,54.22,35.89,54.2,38.55,53.12,96,46.291999999999994
0.25,1.0,0.05,34.4,62.97,54.22,37.9,52.14,36.75,53.12,96,46.291999999999994
0.1,0.65,0.05,34.4,62.97,54.22,39.52,53.47,36.14,54.08,98,46.291999999999994
0.7,0.9,0.1,34.4,62.97,54.22,36.29,54.2,37.95,52.63,95,46.291999999999994
0.75,0.95,0.1,34.4,62.97,54.22,36.29,54.2,37.95,52.63,95,46.291999999999994
0.35,0.45,0.05,34.4,62.97,54.22,36.29,54.2,37.95,52.63,95,46.291999999999994
0.3,0.5,0.3,35.28,67.64,53.63,36.29,53.57,39.76,53.85,104,46.29
0.15,0.25,0.15,35.28,67.64,53.63,36.29,53.57,39.76,53.85,104,46.29
0.05,1.0,-0.15,34.11,49.85,54.41,36.29,56.73,37.35,56.18,89,46.28999999999999
0.4,0.5,-0.25,26.24,23.03,59.65,31.45,57.14,25.9,48.89,45,46.286
0.65,0.15,-0.15,33.53,60.06,54.78,35.48,52.21,31.93,54.79,73,46.28
0.75,0.3,-0.15,32.36,59.77,55.56,36.29,54.87,32.53,51.95,77,46.28
1.0,0.4,-0.2,32.36,59.77,55.56,36.29,54.87,32.53,51.95,77,46.28
0.5,0.2,-0.1,32.36,59.77,55.56,36.29,54.87,32.53,51.95,77,46.28
0.45,0.7,-0.05,32.36,55.69,55.56,36.29,55.08,34.34,51.76,85,46.28
0.25,0.1,-0.05,32.36,59.77,55.56,36.29,54.87,32.53,51.95,77,46.28
0.3,0.85,-0.25,28.86,28.86,57.89,32.66,57.33,27.11,49.18,61,46.278000000000006
0.7,0.6,-0.1,31.78,55.98,55.94,36.29,55.17,34.34,52.38,84,46.276
0.35,0.3,-0.05,31.78,55.98,55.94,36.29,55.17,34.34,52.38,84,46.276
0.5,0.35,-0.1,31.78,55.98,55.94,35.48,55.05,31.33,49.35,77,46.276
1.0,0.85,-0.15,31.78,55.98,55.94,35.89,54.78,34.34,53.01,83,46.276
1.0,0.7,-0.2,31.78,55.98,55.94,35.48,55.05,31.33,49.35,77,46.276
0.15,0.7,-0.05,34.69,55.39,54.0,37.1,54.1,36.75,52.08,96,46.275999999999996
0.95,1.0,-0.3,30.9,44.31,56.52,34.68,54.08,28.92,47.89,71,46.272
0.3,0.95,-0.15,31.78,44.61,55.93,35.48,56.57,35.54,54.12,85,46.27
0.6,0.4,-0.25,29.74,37.03,57.29,34.68,56.1,25.9,43.1,58,46.269999999999996
0.85,0.4,-0.2,31.49,54.52,56.12,34.68,54.29,30.72,50.68,73,46.268
0.3,0.3,0.15,35.28,68.51,53.59,36.69,54.35,38.55,53.47,101,46.266000000000005
0.6,0.6,0.3,35.28,68.51,53.59,36.69,54.35,38.55,53.47,101,46.266000000000005
0.2,0.2,0.1,35.28,68.51,53.59,36.69,54.35,38.55,53.47,101,46.266000000000005
0.1,0.1,0.05,35.28,68.51,53.59,36.69,54.35,38.55,53.47,101,46.266000000000005
0.4,0.4,0.2,35.28,68.51,53.59,36.69,54.35,38.55,53.47,101,46.266000000000005
0.5,0.5,0.25,35.28,68.51,53.59,36.69,54.35,38.55,53.47,101,46.266000000000005
0.45,0.95,0.05,34.11,60.64,54.37,36.69,53.38,37.35,53.26,92,46.266
0.5,1.0,0.05,34.11,60.64,54.37,36.69,53.38,37.35,53.85,91,46.266
0.45,0.9,0.05,34.11,60.64,54.37,36.69,53.38,37.35,53.85,91,46.266
0.4,0.35,-0.15,29.74,40.23,57.28,34.27,55.06,25.3,44.44,63,46.264
0.8,0.7,-0.3,29.74,40.23,57.28,34.27,55.06,25.3,44.44,63,46.264
0.35,0.55,-0.25,25.66,20.41,60.0,31.05,56.36,24.7,45.65,46,46.264
0.15,0.6,0.05,34.4,63.85,54.17,38.31,52.86,37.35,53.06,98,46.262
0.1,0.85,0.1,34.4,63.85,54.17,38.71,53.1,36.14,54.08,98,46.262
0.85,1.0,0.1,33.82,63.27,54.55,35.89,53.79,37.95,53.12,96,46.257999999999996
0.3,0.95,0.2,33.82,63.27,54.55,37.5,53.96,36.14,51.02,98,46.257999999999996
0.25,0.85,0.2,33.82,63.27,54.55,37.9,54.29,36.75,51.52,99,46.257999999999996
0.25,0.8,0.15,33.82,63.27,54.55,37.1,53.62,36.75,51.52,99,46.257999999999996
0.8,0.95,0.1,33.82,63.27,54.55,35.89,53.79,37.95,53.12,96,46.257999999999996
0.35,0.4,0.05,33.82,63.27,54.55,35.48,53.79,37.95,53.12,96,46.257999999999996
0.15,0.5,0.1,33.82,63.27,54.55,37.9,54.29,36.75,51.52,99,46.257999999999996
0.8,0.95,0.15,33.82,63.27,54.55,35.48,53.79,38.55,53.61,97,46.257999999999996
0.3,1.0,0.2,33.82,63.27,54.55,37.9,54.29,36.75,51.52,99,46.257999999999996
0.3,0.35,0.05,33.82,63.27,54.55,35.48,53.79,38.55,53.61,97,46.257999999999996
0.55,0.65,0.1,33.82,63.27,54.55,35.48,53.79,38.55,53.61,97,46.257999999999996
0.7,0.8,0.1,33.82,63.27,54.55,35.48,53.79,37.95,53.12,96,46.257999999999996
0.85,1.0,0.15,33.82,63.27,54.55,35.48,53.79,38.55,53.61,97,46.257999999999996
0.6,0.7,0.1,33.82,63.27,54.55,35.48,53.79,38.55,53.61,97,46.257999999999996
0.4,0.25,-0.15,30.32,42.27,56.88,33.87,54.02,28.31,46.03,63,46.256
0.2,0.95,-0.1,33.53,51.02,54.74,35.48,54.46,36.14,53.33,90,46.256
0.8,0.5,-0.3,30.32,42.27,56.88,33.87,54.02,28.31,46.03,63,46.256
0.9,0.9,-0.05,32.94,60.35,55.13,35.48,53.6,35.54,53.41,88,46.254000000000005
0.95,0.45,-0.2,32.07,58.31,55.7,35.89,54.05,30.12,50.0,74,46.248000000000005
0.25,0.8,-0.15,30.9,41.11,56.48,33.47,53.26,36.14,55.42,83,46.248
0.1,0.6,-0.15,30.61,33.24,56.67,33.47,55.56,29.52,50.0,70,46.246
0.75,0.9,-0.2,30.61,46.94,56.67,35.89,56.31,31.33,50.67,75,46.246
0.15,0.85,-0.05,34.69,56.27,53.95,38.31,54.33,34.94,52.08,96,46.245999999999995
0.45,1.0,0.05,33.53,60.93,54.72,37.1,53.73,37.95,53.76,93,46.244
0.8,0.5,-0.2,31.78,52.77,55.88,35.89,54.81,30.72,50.0,74,46.24
0.4,0.25,-0.1,31.78,52.77,55.88,35.89,54.81,30.72,50.0,74,46.24
1.0,0.6,-0.25,31.78,52.77,55.88,35.89,54.81,30.72,50.0,74,46.24
0.2,1.0,-0.0,34.69,62.1,53.94,38.71,52.52,36.14,53.06,98,46.239999999999995
0.1,0.5,-0.0,34.69,62.1,53.94,38.71,52.52,36.14,53.06,98,46.239999999999995
0.05,0.25,-0.0,34.69,62.1,53.94,38.71,52.52,36.14,53.06,98,46.239999999999995
0.15,0.75,-0.0,34.69,62.1,53.94,38.71,52.52,36.14,53.06,98,46.239999999999995
0.65,0.1,-0.3,31.49,39.94,56.07,30.24,56.25,27.11,46.3,54,46.238
0.45,0.75,-0.05,32.94,56.27,55.1,35.89,54.62,34.94,52.94,85,46.236000000000004
0.35,0.7,-0.05,32.94,56.27,55.1,37.1,54.17,35.54,52.27,88,46.236000000000004
0.3,0.6,-0.05,32.94,56.27,55.1,37.1,55.08,34.94,52.33,86,46.236000000000004
0.55,0.75,0.05,34.11,61.52,54.32,35.89,53.85,37.95,53.19,94,46.236
0.5,0.7,0.05,34.11,61.52,54.32,35.48,54.26,39.16,54.17,96,46.236
1.0,0.05,-0.3,33.24,58.6,54.9,34.27,53.92,31.33,50.0,74,46.236
0.75,1.0,0.05,34.11,61.52,54.32,35.89,53.85,37.35,52.69,93,46.236
0.85,0.65,-0.2,31.49,51.31,56.06,35.48,55.24,30.72,48.68,76,46.232
0.75,0.9,0.2,34.4,64.72,54.12,36.29,54.07,39.16,53.61,97,46.23199999999999
0.15,0.95,0.15,34.4,64.72,54.12,38.71,52.78,35.54,53.61,97,46.23199999999999
0.15,1.0,0.15,34.4,64.72,54.12,38.71,52.41,36.14,54.08,98,46.23199999999999
0.7,0.85,0.2,34.4,64.72,54.12,36.29,54.07,39.16,53.61,97,46.23199999999999
0.85,1.0,0.2,34.4,64.72,54.12,36.29,54.07,38.55,53.61,97,46.23199999999999
0.2,0.95,0.2,34.4,64.72,54.12,39.11,53.47,37.35,52.53,99,46.23199999999999
0.15,0.8,0.2,34.4,64.72,54.12,39.52,53.79,37.35,52.0,100,46.23199999999999
0.8,1.0,0.25,34.4,64.72,54.12,36.29,54.48,39.76,54.08,98,46.23199999999999
0.8,0.95,0.2,34.4,64.72,54.12,36.29,54.07,39.16,53.61,97,46.23199999999999
0.1,0.65,0.1,34.4,64.72,54.12,38.71,52.41,36.14,54.08,98,46.23199999999999
0.4,0.45,0.1,34.4,64.72,54.12,36.29,54.07,38.55,53.61,97,46.23199999999999
0.8,0.9,0.2,34.4,64.72,54.12,36.29,54.07,38.55,53.61,97,46.23199999999999
0.85,0.95,0.2,34.4,64.72,54.12,36.29,54.07,38.55,53.61,97,46.23199999999999
0.1,0.95,-0.25,32.07,34.69,55.67,31.45,54.67,31.33,52.78,72,46.230000000000004
0.4,0.35,-0.05,31.78,56.85,55.86,36.29,55.46,34.34,51.76,85,46.228
0.95,0.75,-0.15,31.78,56.85,55.86,35.89,53.98,34.94,53.57,84,46.228
0.65,0.5,-0.1,31.78,56.85,55.86,36.29,53.91,34.94,53.57,84,46.228
1.0,0.8,-0.15,31.78,56.85,55.86,36.69,54.78,34.94,53.57,84,46.228
0.8,0.7,-0.1,31.78,56.85,55.86,36.29,55.46,34.34,51.76,85,46.228
0.25,0.7,-0.1,32.65,45.77,55.28,37.5,57.55,34.94,54.22,83,46.228
0.5,0.6,0.2,34.99,66.18,53.71,35.89,54.07,39.76,54.08,98,46.222
0.45,0.6,0.2,34.99,66.18,53.71,35.48,54.07,40.36,54.55,99,46.222
0.75,0.9,0.3,34.99,66.18,53.71,35.89,54.07,39.76,54.08,98,46.222
0.7,0.85,0.3,34.99,66.18,53.71,36.29,54.41,39.76,54.08,98,46.222
0.45,0.55,0.2,34.99,66.18,53.71,35.89,54.07,39.76,54.08,98,46.222
0.65,0.8,0.25,34.99,66.18,53.71,35.89,54.07,39.76,54.08,98,46.222
0.65,0.85,0.3,34.99,66.18,53.71,35.48,54.48,40.36,54.55,99,46.222
0.25,0.6,0.3,34.99,66.18,53.71,37.5,54.23,40.36,53.77,106,46.222
0.25,0.3,0.1,34.99,66.18,53.71,35.89,54.07,39.76,54.08,98,46.222
0.45,0.65,0.25,34.99,66.18,53.71,35.48,53.68,39.76,54.08,98,46.222
0.65,0.55,-0.1,31.49,55.39,56.03,36.29,54.78,34.34,53.01,83,46.214
0.35,0.95,-0.05,33.53,56.85,54.67,36.69,52.46,36.14,53.93,89,46.214
0.3,0.7,-0.05,33.53,56.85,54.67,36.69,53.33,36.75,54.55,88,46.214
0.6,0.3,-0.25,30.03,38.48,57.0,32.66,53.85,27.71,49.09,55,46.211999999999996
0.3,0.4,0.25,35.57,68.51,53.3,36.29,54.74,40.36,53.85,104,46.208
0.4,1.0,-0.25,30.03,35.28,56.99,33.06,54.22,32.53,53.52,71,46.206
0.55,0.95,0.25,34.11,62.39,54.27,35.89,53.38,39.76,54.08,98,46.205999999999996
0.8,1.0,0.05,34.11,62.39,54.27,36.29,54.2,37.35,52.69,93,46.205999999999996
0.7,0.9,0.05,34.11,62.39,54.27,35.89,53.85,37.35,52.69,93,46.205999999999996
0.6,0.85,0.1,34.11,62.39,54.27,36.29,54.96,39.16,53.61,97,46.205999999999996
0.35,0.6,0.15,34.11,62.39,54.27,35.89,53.38,39.76,54.08,98,46.205999999999996
0.6,0.75,0.05,34.11,62.39,54.27,36.29,54.2,37.35,52.69,93,46.205999999999996
0.65,0.8,0.05,34.11,62.39,54.27,36.29,54.2,37.95,53.19,94,46.205999999999996
0.5,0.85,0.2,34.11,62.39,54.27,35.89,53.38,39.76,54.64,97,46.205999999999996
0.7,0.85,0.05,34.11,62.39,54.27,35.89,54.2,37.95,53.19,94,46.205999999999996
0.5,0.65,0.05,34.11,62.39,54.27,36.29,54.2,37.35,52.69,93,46.205999999999996
0.05,0.4,0.15,34.4,65.6,54.07,39.11,53.02,37.95,52.43,103,46.202
0.1,0.8,0.3,34.4,65.6,54.07,39.11,53.02,37.95,52.43,103,46.202
0.65,0.45,-0.2,31.2,46.65,56.2,35.08,54.55,27.71,46.38,69,46.2
0.3,0.95,-0.25,30.03,32.07,56.98,32.26,55.7,30.12,50.0,70,46.199999999999996
0.15,0.55,0.3,34.99,67.06,53.67,36.69,53.47,40.36,53.27,107,46.198
0.4,0.55,0.25,34.99,67.06,53.67,35.48,54.07,40.36,55.0,100,46.198
0.5,0.75,-0.05,32.94,57.14,55.03,35.89,54.17,34.94,52.33,86,46.194
0.6,0.95,-0.05,32.94,57.14,55.03,35.48,54.17,35.54,52.27,88,46.194
0.35,0.85,-0.1,32.65,50.73,55.22,38.31,55.26,35.54,54.76,84,46.192
0.3,0.5,-0.05,31.78,53.64,55.8,35.89,55.26,34.34,52.38,84,46.192
0.6,1.0,-0.1,31.78,53.64,55.8,35.89,55.26,34.34,52.38,84,46.192
0.65,1.0,-0.1,31.78,53.64,55.8,34.68,54.46,34.34,52.38,84,46.192
0.7,0.3,-0.15,32.36,57.43,55.41,36.29,54.87,32.53,51.95,77,46.19
0.05,0.95,0.15,34.69,63.85,53.85,39.11,52.7,35.54,53.06,98,46.186
0.7,0.95,0.2,34.69,63.85,53.85,36.69,54.81,39.76,54.08,98,46.186
0.35,0.5,-0.0,33.82,60.06,54.43,35.89,54.26,37.95,53.76,93,46.186
0.05,0.7,0.1,34.69,63.85,53.85,39.11,53.06,35.54,53.06,98,46.186
0.6,0.85,-0.0,33.82,60.06,54.43,35.89,54.69,37.95,53.19,94,46.186
0.7,1.0,-0.0,33.82,60.06,54.43,35.89,54.26,37.95,53.76,93,46.186
0.5,0.5,0.3,35.57,69.39,53.26,36.29,53.62,39.76,53.33,105,46.184
0.25,0.25,0.15,35.57,69.39,53.26,36.29,53.62,39.76,53.33,105,46.184
0.7,0.45,-0.25,30.32,43.15,56.76,34.68,54.84,28.92,45.45,66,46.184
0.4,0.4,0.25,35.57,69.39,53.26,36.69,53.96,39.76,53.33,105,46.184
0.85,0.55,-0.3,30.32,43.15,56.76,34.68,53.68,28.92,45.45,66,46.184
0.2,0.9,-0.1,33.24,50.44,54.81,35.89,55.05,36.75,53.33,90,46.182
0.1,0.45,-0.05,33.24,50.44,54.81,35.89,55.05,36.75,53.33,90,46.182
0.75,0.7,-0.3,29.74,37.9,57.14,33.47,54.12,26.51,44.44,63,46.18
0.5,0.45,-0.2,29.74,37.9,57.14,33.87,54.12,26.51,43.55,62,46.18
0.6,0.75,-0.15,30.61,47.81,56.56,35.48,55.66,31.93,52.0,75,46.18
0.4,0.5,-0.1,30.61,47.81,56.56,35.48,55.66,31.93,52.0,75,46.18
0.6,0.35,-0.25,29.74,37.9,57.14,33.87,55.56,25.3,43.64,55,46.18
0.8,1.0,-0.2,30.61,47.81,56.56,35.48,55.66,31.93,52.0,75,46.18
0.2,0.25,-0.05,30.61,47.81,56.56,35.48,55.66,31.93,52.0,75,46.18
0.2,0.6,-0.05,33.53,52.77,54.61,37.1,55.17,37.35,54.44,90,46.178
0.95,0.05,-0.3,33.53,57.73,54.61,35.08,53.92,31.93,50.0,74,46.178
0.75,0.4,-0.2,31.49,52.19,55.97,35.08,53.92,28.92,48.57,70,46.178
0.55,0.3,-0.15,31.49,52.19,55.97,34.68,53.47,28.92,48.57,70,46.178
0.15,0.7,0.05,34.11,63.27,54.22,38.31,52.11,36.14,53.12,96,46.175999999999995
0.2,0.8,0.05,34.11,63.27,54.22,37.9,52.14,36.75,53.12,96,46.175999999999995
0.35,0.75,-0.1,32.36,49.27,55.38,37.1,54.95,34.34,53.66,82,46.172000000000004
0.8,0.35,-0.25,30.9,49.27,56.35,33.47,53.12,30.12,51.56,64,46.17
0.25,0.3,0.25,35.57,70.26,53.23,37.1,54.23,39.76,53.33,105,46.166
0.25,0.3,0.3,35.57,70.26,53.23,37.1,53.47,39.76,53.77,106,46.166
0.35,0.95,-0.0,33.24,60.35,54.78,37.9,52.63,37.35,53.68,95,46.164
0.3,0.8,-0.0,33.24,60.35,54.78,37.9,52.63,37.35,53.12,96,46.164
0.3,0.75,-0.1,32.07,47.81,55.56,37.9,56.36,35.54,54.76,84,46.164
0.15,0.4,-0.0,33.24,60.35,54.78,37.9,52.63,37.35,53.12,96,46.164
0.25,0.65,-0.0,33.24,60.35,54.78,37.9,52.63,37.35,53.19,94,46.164
0.35,0.9,-0.0,33.24,60.35,54.78,37.9,52.63,37.35,53.19,94,46.164
0.45,0.95,-0.3,28.57,29.15,57.89,32.66,54.67,26.51,48.28,58,46.162000000000006
0.05,0.45,-0.1,32.36,41.11,55.36,33.06,53.93,31.93,53.95,76,46.160000000000004
0.1,0.9,-0.2,32.36,41.11,55.36,33.06,53.93,31.93,53.95,76,46.160000000000004
0.9,0.3,-0.2,32.94,58.02,54.97,34.68,52.73,31.93,52.7,74,46.158
0.45,0.15,-0.1,32.94,58.02,54.97,34.68,52.73,31.93,52.7,74,46.158
0.1,0.8,0.15,34.69,64.72,53.8,39.11,52.74,36.75,54.55,99,46.15599999999999
0.2,0.8,-0.0,34.4,61.52,53.99,37.5,52.17,36.75,53.68,95,46.153999999999996
0.15,0.6,-0.0,34.4,61.52,53.99,37.5,52.17,36.75,53.68,95,46.153999999999996
0.75,0.65,-0.3,29.45,37.32,57.29,33.87,54.76,26.51,43.55,62,46.153999999999996
0.25,1.0,-0.0,34.4,61.52,53.99,37.5,52.17,36.75,53.68,95,46.153999999999996
0.7,0.3,-0.3,29.45,37.32,57.29,31.05,55.71,27.71,49.06,53,46.153999999999996
0.8,0.25,-0.3,31.49,44.9,55.93,30.65,51.32,28.92,50.88,57,46.153999999999996
0.1,0.4,-0.0,34.4,61.52,53.99,37.5,52.17,36.75,53.68,95,46.153999999999996
0.05,0.2,-0.0,34.4,61.52,53.99,37.5,52.17,36.75,53.68,95,46.153999999999996
0.35,0.15,-0.15,29.45,37.32,57.29,31.05,55.71,27.71,49.06,53,46.153999999999996
0.1,0.4,-0.05,32.94,48.98,54.96,35.48,54.72,36.14,53.49,86,46.152
0.7,0.45,-0.15,31.2,54.81,56.12,35.48,54.63,31.33,50.0,76,46.152
0.6,0.5,-0.1,31.2,54.81,56.12,36.29,54.39,33.73,52.44,82,46.152
0.3,0.25,-0.05,31.2,54.81,56.12,36.29,54.39,33.73,52.44,82,46.152
0.45,0.55,-0.3,25.95,20.99,59.62,29.84,58.33,23.49,43.59,39,46.152
0.9,0.75,-0.15,31.2,54.81,56.12,36.29,54.39,33.73,52.44,82,46.152
0.2,0.8,-0.1,32.94,48.98,54.96,35.48,54.72,36.14,53.49,86,46.152
0.7,1.0,0.05,33.82,60.93,54.37,35.48,54.26,39.16,54.17,96,46.15
0.05,0.6,-0.15,32.36,37.03,55.34,31.85,54.43,31.33,52.78,72,46.148
0.25,0.9,-0.2,30.32,36.73,56.7,32.26,53.49,33.73,53.16,79,46.148
0.75,0.95,0.2,34.11,64.14,54.17,36.29,54.48,39.16,53.61,97,46.146
0.1,0.4,0.05,34.11,64.14,54.17,38.31,52.86,37.35,53.06,98,46.146
0.65,0.85,0.2,34.11,64.14,54.17,36.69,54.81,39.76,54.08,98,46.146
0.2,0.9,0.2,34.11,64.14,54.17,38.31,53.52,37.35,52.0,100,46.146
0.55,0.7,0.15,34.11,64.14,54.17,36.29,54.48,39.16,53.61,97,46.146
0.6,0.75,0.15,34.11,64.14,54.17,36.29,54.48,39.16,53.61,97,46.146
0.35,0.45,0.1,34.11,64.14,54.17,36.29,54.48,39.16,53.61,97,46.146
0.15,0.9,0.1,34.11,64.14,54.17,38.71,52.78,35.54,53.61,97,46.146
0.75,0.85,0.15,34.11,64.14,54.17,35.89,53.73,38.55,53.61,97,46.146
0.4,0.5,0.1,34.11,64.14,54.17,36.29,54.48,39.16,53.61,97,46.146
0.7,0.9,0.2,34.11,64.14,54.17,36.29,54.48,39.16,53.61,97,46.146
0.1,0.45,0.1,34.11,64.14,54.17,38.31,53.52,37.35,52.0,100,46.146
0.2,0.8,0.1,34.11,64.14,54.17,38.31,52.86,37.35,53.06,98,46.146
0.15,0.85,0.1,34.11,64.14,54.17,38.31,52.45,35.54,53.61,97,46.146
0.2,0.25,0.05,34.11,64.14,54.17,36.29,54.48,39.16,53.61,97,46.146
0.5,0.65,0.15,34.11,64.14,54.17,36.29,54.48,39.16,53.61,97,46.146
0.8,1.0,0.2,34.11,64.14,54.17,36.29,54.48,39.16,53.61,97,46.146
0.55,0.0,-0.2,33.82,55.98,54.36,32.26,53.41,30.12,47.06,68,46.144
0.35,0.25,-0.25,25.36,11.37,60.0,25.4,66.67,19.88,72.73,11,46.144
0.7,0.0,-0.25,33.82,55.98,54.36,32.66,53.93,29.52,47.06,68,46.144
0.55,0.4,-0.15,31.49,48.98,55.91,35.89,55.88,30.12,48.65,74,46.141999999999996
0.5,0.4,-0.1,30.9,53.35,56.3,36.29,54.55,33.13,51.85,81,46.13999999999999
1.0,0.8,-0.2,30.9,53.35,56.3,36.29,54.55,33.13,51.85,81,46.13999999999999
0.75,0.6,-0.15,30.9,53.35,56.3,36.29,54.55,33.13,51.85,81,46.13999999999999
0.25,0.2,-0.05,30.9,53.35,56.3,36.29,54.55,33.13,51.85,81,46.13999999999999
1.0,0.95,-0.05,32.65,60.64,55.13,35.48,53.6,35.54,52.81,89,46.138000000000005
0.9,0.85,-0.05,32.65,60.64,55.13,35.48,54.03,35.54,52.81,89,46.138000000000005
0.75,0.7,-0.05,32.65,60.64,55.13,35.08,53.66,35.54,52.81,89,46.138000000000005
0.95,0.9,-0.05,32.65,60.64,55.13,35.48,53.6,35.54,52.81,89,46.138000000000005
0.85,0.8,-0.05,32.65,60.64,55.13,35.48,54.03,35.54,52.81,89,46.138000000000005
0.8,0.75,-0.05,32.65,60.64,55.13,35.48,54.03,35.54,52.81,89,46.138000000000005
0.2,0.3,0.15,35.28,67.06,53.37,35.89,54.01,40.36,54.37,103,46.134
0.4,0.6,0.3,35.28,67.06,53.37,35.89,54.01,40.36,54.37,103,46.134
0.25,0.4,0.2,35.28,67.06,53.37,36.29,54.35,39.76,54.37,103,46.134
0.3,0.45,0.25,35.28,67.06,53.37,35.89,54.01,40.36,53.85,104,46.134
0.35,0.55,0.3,35.28,67.06,53.37,36.29,54.35,40.36,54.29,105,46.134
0.1,0.35,0.2,35.28,67.06,53.37,37.1,53.79,40.36,53.27,107,46.134
0.3,0.9,-0.05,33.24,56.27,54.73,37.1,53.28,36.75,53.85,91,46.13399999999999
0.7,0.85,0.25,34.69,65.6,53.76,36.29,54.07,39.76,54.08,98,46.132
0.35,0.4,0.1,34.69,65.6,53.76,36.29,54.07,38.55,53.61,97,46.132
0.75,0.9,0.25,34.69,65.6,53.76,36.29,54.07,39.76,54.08,98,46.132
0.7,0.8,0.2,34.69,65.6,53.76,36.29,54.07,38.55,53.61,97,46.132
0.55,0.7,0.2,34.69,65.6,53.76,36.69,54.81,39.76,54.08,98,46.132
0.65,0.75,0.2,34.69,65.6,53.76,36.29,54.07,38.55,53.61,97,46.132
0.6,0.8,0.25,34.69,65.6,53.76,35.48,54.48,39.76,54.08,98,46.132
0.3,1.0,-0.25,30.32,33.53,56.67,31.85,53.66,30.12,49.3,71,46.13
0.3,0.8,0.05,33.24,61.22,54.72,36.69,52.63,36.75,52.63,95,46.128
0.4,0.95,0.05,33.24,61.22,54.72,37.5,53.33,37.95,53.76,93,46.128
0.2,0.55,0.05,33.24,61.22,54.72,37.1,53.33,36.14,52.63,95,46.128
0.25,0.65,0.05,33.24,61.22,54.72,37.5,53.33,36.75,52.63,95,46.128
0.35,0.85,0.05,33.24,61.22,54.72,37.5,53.33,37.35,53.76,93,46.128
0.25,0.7,0.05,33.24,61.22,54.72,36.69,52.63,36.14,52.63,95,46.128
1.0,0.15,-0.25,33.24,61.22,54.72,34.27,52.83,31.33,53.42,73,46.128
0.35,0.95,0.05,33.24,61.22,54.72,36.69,52.63,36.75,52.63,95,46.128
0.35,0.9,0.05,33.24,61.22,54.72,37.1,52.63,36.75,53.19,94,46.128
0.05,0.3,0.3,35.86,69.39,52.97,38.31,53.64,40.96,52.73,110,46.126
0.35,0.8,-0.1,32.36,50.15,55.3,37.9,55.26,34.94,54.22,83,46.124
0.15,0.95,0.05,34.4,62.39,53.94,39.52,53.52,36.75,54.08,98,46.123999999999995
0.5,0.75,0.1,34.4,62.39,53.94,36.29,54.55,39.16,54.17,96,46.123999999999995
0.15,1.0,0.05,34.4,62.39,53.94,39.52,53.52,36.75,53.54,99,46.123999999999995
0.65,1.0,0.15,34.4,62.39,53.94,36.29,54.55,39.16,53.61,97,46.123999999999995
0.4,0.8,-0.05,32.65,56.56,55.1,37.5,53.66,35.54,52.27,88,46.120000000000005
0.6,0.45,-0.25,30.03,36.15,56.84,34.27,55.56,27.11,45.76,59,46.116
0.1,0.75,0.15,34.11,65.01,54.12,39.52,52.7,35.54,53.61,97,46.11599999999999
1.0,0.55,-0.2,31.49,57.14,55.86,36.29,55.05,30.72,50.0,76,46.111999999999995
0.1,0.35,0.25,35.28,67.93,53.33,37.1,53.79,40.96,53.21,109,46.11
0.0,0.9,-0.1,35.28,54.52,53.33,37.9,56.14,37.95,54.74,95,46.11
0.75,0.8,-0.25,30.9,42.86,56.25,34.68,54.74,29.52,47.89,71,46.11
0.2,0.85,-0.1,32.94,49.85,54.89,35.48,54.63,36.14,53.41,88,46.11
0.0,0.45,-0.05,35.28,54.52,53.33,37.9,56.14,37.95,54.74,95,46.11
0.25,0.9,-0.05,33.82,56.85,54.3,36.69,53.28,38.55,54.26,94,46.108
0.55,0.15,-0.25,30.61,38.19,56.44,29.84,54.1,25.9,42.86,49,46.108
0.6,0.05,-0.3,31.78,39.07,55.66,29.84,55.56,25.9,48.0,50,46.108
0.9,0.25,-0.2,33.53,59.48,54.49,35.48,51.75,31.93,53.33,75,46.106
0.2,0.55,-0.05,33.24,52.19,54.68,37.5,54.7,35.54,53.41,88,46.104
0.05,0.5,0.2,34.69,66.47,53.71,39.11,52.32,37.95,52.43,103,46.102
0.8,0.6,-0.15,31.2,55.69,56.03,35.89,54.46,33.73,52.44,82,46.098
0.75,0.5,-0.3,29.74,38.78,57.0,34.27,54.65,27.11,45.0,60,46.096
0.55,0.7,0.1,34.4,63.27,53.89,36.29,54.55,38.55,53.12,96,46.093999999999994
0.65,0.85,0.1,34.4,63.27,53.89,36.69,54.55,37.95,52.63,95,46.093999999999994
0.3,0.4,0.05,34.4,63.27,53.89,36.69,54.55,37.95,52.63,95,46.093999999999994
0.6,0.8,0.1,34.4,63.27,53.89,36.69,54.55,37.95,52.63,95,46.093999999999994
0.15,0.95,0.1,34.4,63.27,53.89,38.71,52.78,35.54,53.61,97,46.093999999999994
0.8,1.0,0.15,34.4,63.27,53.89,35.89,54.55,38.55,53.12,96,46.093999999999994
0.1,0.6,0.05,34.4,63.27,53.89,39.11,52.78,35.54,53.61,97,46.093999999999994
0.35,0.35,0.2,35.28,68.8,53.3,36.29,53.62,39.16,53.4,103,46.092
0.45,0.45,0.25,35.28,68.8,53.3,36.29,54.01,38.55,52.94,102,46.092
0.55,0.55,0.3,35.28,68.8,53.3,36.29,54.01,38.55,52.94,102,46.092
0.85,0.05,-0.3,32.94,54.81,54.86,32.66,52.75,28.92,48.44,64,46.092
0.15,0.65,-0.05,34.69,54.81,53.69,36.29,53.33,36.75,52.13,94,46.089999999999996
0.15,0.55,0.1,33.82,62.68,54.27,38.71,54.68,37.35,52.53,99,46.089999999999996
0.45,0.8,-0.3,27.11,24.78,58.73,31.85,55.38,27.71,48.15,54,46.082
0.95,0.55,-0.3,30.9,46.94,56.2,35.08,54.64,29.52,46.27,67,46.08
0.45,0.2,-0.15,31.2,48.4,56.0,32.26,51.65,29.52,50.79,63,46.08
0.8,0.45,-0.25,30.9,46.94,56.2,34.27,54.08,29.52,46.27,67,46.08
0.75,0.4,-0.25,30.9,46.94,56.2,34.27,53.19,29.52,48.44,64,46.08
0.9,0.4,-0.3,31.2,48.4,56.0,32.26,51.65,29.52,50.79,63,46.08
0.1,0.45,-0.0,34.69,61.52,53.66,37.9,52.17,35.54,53.61,97,46.071999999999996
0.2,0.9,-0.0,34.69,61.52,53.66,37.9,52.17,35.54,53.61,97,46.071999999999996
0.2,0.95,-0.0,34.69,61.52,53.66,38.31,52.17,36.14,53.61,97,46.071999999999996
0.25,0.35,-0.0,33.53,60.35,54.43,35.48,54.69,37.95,53.19,94,46.07
0.65,0.9,-0.0,33.53,60.35,54.43,35.89,54.69,37.95,53.19,94,46.07
0.5,0.7,-0.0,33.53,60.35,54.43,35.48,54.69,37.95,53.19,94,46.07
0.7,0.2,-0.15,33.53,60.35,54.43,35.08,51.75,31.33,53.33,75,46.07
0.4,0.55,-0.0,33.53,60.35,54.43,35.89,54.69,37.95,53.19,94,46.07
0.05,0.65,0.1,34.4,64.14,53.85,39.11,53.06,35.54,53.61,97,46.07
0.05,0.85,0.15,34.4,64.14,53.85,39.11,53.06,35.54,53.61,97,46.07
0.1,1.0,0.15,34.4,64.14,53.85,38.71,52.74,36.14,54.08,98,46.07
0.3,0.35,0.3,35.28,69.68,53.26,37.1,53.85,39.76,53.85,104,46.068
0.3,0.35,0.25,35.28,69.68,53.26,36.69,53.96,39.76,53.33,105,46.068
0.4,0.45,0.3,35.28,69.68,53.26,36.29,53.62,39.76,53.33,105,46.068
0.05,0.6,-0.1,33.24,48.1,54.62,36.29,57.28,36.14,55.81,86,46.068
0.35,0.4,0.3,35.28,69.68,53.26,37.5,54.23,39.76,53.33,105,46.068
0.05,0.95,-0.2,33.24,43.15,54.62,34.27,55.91,32.53,53.16,79,46.068
0.4,0.9,-0.05,33.24,58.02,54.61,37.5,52.8,36.75,53.33,90,46.062
0.2,0.85,-0.05,34.69,55.69,53.64,37.5,53.6,37.35,53.76,93,46.059999999999995
0.65,0.75,0.1,33.82,63.56,54.22,35.48,53.79,38.55,53.61,97,46.059999999999995
0.95,0.4,-0.3,30.61,49.56,56.35,32.66,52.13,30.12,50.77,65,46.054
0.45,0.55,0.3,35.57,67.93,53.04,36.29,54.01,40.96,54.37,103,46.052
0.2,1.0,-0.15,32.07,45.48,55.37,33.06,52.04,34.34,54.22,83,46.05
0.3,0.75,-0.05,32.94,55.69,54.79,36.69,52.89,36.14,54.55,88,46.05
0.25,0.95,-0.15,31.78,44.02,55.56,34.27,54.08,36.14,54.12,85,46.048
0.2,0.55,-0.0,32.94,60.64,54.78,37.9,52.63,37.35,53.68,95,46.044000000000004
0.5,0.65,0.25,34.99,66.47,53.41,35.48,54.07,40.36,54.55,99,46.042
0.2,0.25,0.1,34.99,66.47,53.41,35.89,54.07,40.36,54.55,99,46.042
0.55,0.7,0.25,34.99,66.47,53.41,35.89,54.48,40.36,54.55,99,46.042
0.2,0.5,0.25,34.99,66.47,53.41,37.1,54.23,40.36,53.77,106,46.042
0.6,0.75,0.3,34.99,66.47,53.41,35.89,54.07,40.36,54.55,99,46.042
0.4,0.5,0.2,34.99,66.47,53.41,35.89,54.07,40.36,54.55,99,46.042
0.6,0.75,0.25,34.99,66.47,53.41,36.29,54.41,39.76,54.08,98,46.042
0.65,0.8,0.3,34.99,66.47,53.41,35.89,54.07,39.76,54.08,98,46.042
0.7,0.9,0.3,34.99,66.47,53.41,35.89,54.48,40.36,54.55,99,46.042
0.35,0.45,0.15,34.99,66.47,53.41,35.89,54.48,40.36,54.55,99,46.042
0.4,1.0,-0.05,33.82,58.6,54.19,37.1,52.0,36.14,54.55,88,46.041999999999994
0.05,0.5,0.05,34.69,62.39,53.61,39.52,53.79,36.14,52.53,99,46.041999999999994
0.1,1.0,0.1,34.69,62.39,53.61,39.52,53.79,36.14,52.53,99,46.041999999999994
0.8,0.85,-0.25,30.32,44.9,56.52,34.68,54.08,30.12,48.61,72,46.04
0.2,0.9,0.15,34.4,65.01,53.8,39.52,53.85,37.35,53.06,98,46.03999999999999
0.0,0.85,0.2,34.4,65.01,53.8,39.11,52.0,36.14,54.08,98,46.03999999999999
0.55,0.65,0.15,34.4,65.01,53.8,36.29,54.07,38.55,53.61,97,46.03999999999999
0.1,0.65,0.2,34.4,65.01,53.8,39.52,53.02,36.75,52.0,100,46.03999999999999
0.15,0.95,0.3,34.4,65.01,53.8,39.52,53.02,36.75,52.0,100,46.03999999999999
0.0,0.65,0.15,34.4,65.01,53.8,39.11,52.0,36.14,54.08,98,46.03999999999999
0.6,0.7,0.15,34.4,65.01,53.8,36.29,54.07,38.55,53.61,97,46.03999999999999
0.45,0.75,0.15,34.11,61.81,53.99,35.89,53.38,39.76,54.64,97,46.038
0.25,0.9,-0.0,34.11,61.81,53.99,37.5,51.8,36.75,53.68,95,46.038
0.15,0.25,0.05,34.11,61.81,53.99,35.89,53.38,39.76,54.64,97,46.038
0.1,0.55,-0.0,34.11,61.81,53.99,39.92,53.57,36.14,52.53,99,46.038
0.6,0.8,0.05,34.11,61.81,53.99,35.89,53.85,37.35,52.69,93,46.038
0.6,1.0,0.2,34.11,61.81,53.99,35.89,53.38,39.76,54.64,97,46.038
0.3,0.5,0.1,34.11,61.81,53.99,35.89,53.38,39.76,54.64,97,46.038
0.75,0.05,-0.3,32.65,49.27,54.96,31.85,54.22,29.52,49.18,61,46.036
0.95,0.6,-0.2,30.9,55.1,56.12,35.48,54.63,31.33,50.0,76,46.032
0.75,0.35,-0.15,32.07,58.6,55.33,36.29,54.46,30.72,50.0,76,46.026
0.95,0.7,-0.25,31.2,49.27,55.91,35.89,55.88,30.12,48.65,74,46.025999999999996
0.75,0.55,-0.2,31.2,49.27,55.91,35.89,55.88,30.12,48.65,74,46.025999999999996
0.5,0.25,-0.15,31.2,49.27,55.91,34.68,54.08,30.12,48.53,68,46.025999999999996
1.0,0.5,-0.3,31.2,49.27,55.91,34.68,54.08,30.12,48.53,68,46.025999999999996
0.7,0.05,-0.2,33.24,58.89,54.55,33.47,51.96,31.93,50.67,75,46.025999999999996
0.85,0.05,-0.25,33.24,58.89,54.55,33.06,51.92,31.93,50.0,76,46.025999999999996
0.35,0.4,-0.2,26.53,24.49,59.02,31.85,56.45,26.51,46.94,49,46.024
0.35,0.55,-0.05,32.07,54.52,55.32,35.48,54.78,34.34,52.38,84,46.02
0.75,0.35,-0.25,30.9,47.81,56.1,32.66,51.65,29.52,50.79,63,46.019999999999996
0.1,0.65,-0.1,32.36,47.81,55.12,34.68,53.85,34.34,54.76,84,46.016
0.25,0.95,-0.05,34.11,56.85,53.95,36.69,53.66,38.55,54.26,94,46.013999999999996
0.35,0.65,-0.0,33.82,59.48,54.14,36.69,54.62,37.35,53.85,91,46.012
0.55,1.0,-0.0,33.82,59.48,54.14,36.69,54.62,36.75,53.33,90,46.012
0.3,0.55,-0.0,33.82,59.48,54.14,36.69,54.62,37.35,53.85,91,46.012
0.5,0.9,-0.0,33.82,59.48,54.14,36.69,55.04,36.75,52.75,91,46.012
0.25,0.45,-0.0,33.82,59.48,54.14,36.69,55.04,36.75,52.75,91,46.012
0.3,0.3,0.2,35.57,69.68,52.97,36.69,53.96,39.76,53.33,105,46.01
0.35,0.35,0.25,35.57,69.68,52.97,37.5,54.61,39.76,53.33,105,46.01
0.45,0.45,0.3,35.57,69.68,52.97,36.69,53.96,39.76,53.33,105,46.01
0.15,0.15,0.1,35.57,69.68,52.97,36.69,53.96,39.76,53.33,105,46.01
0.55,0.7,0.05,34.11,62.68,53.94,36.29,54.2,37.35,52.69,93,46.007999999999996
0.75,0.95,0.05,34.11,62.68,53.94,36.29,54.2,37.35,52.69,93,46.007999999999996
0.15,0.9,0.05,34.11,62.68,53.94,38.71,53.19,35.54,53.61,97,46.007999999999996
0.75,1.0,0.1,34.11,62.68,53.94,35.89,53.85,37.35,52.13,94,46.007999999999996
0.0,0.95,-0.1,34.99,54.81,53.33,37.9,55.65,37.35,54.74,95,45.994
0.1,0.55,-0.15,30.03,30.61,56.63,31.85,55.41,29.52,50.0,68,45.99
0.3,0.65,-0.0,33.24,59.77,54.49,36.69,53.03,37.95,54.35,92,45.99
0.2,0.65,-0.1,31.78,44.9,55.46,35.89,56.44,35.54,54.12,85,45.988
0.65,0.5,-0.15,31.49,51.6,55.64,35.48,55.24,30.72,48.68,76,45.980000000000004
0.45,0.9,-0.05,32.94,57.43,54.67,37.5,53.66,36.14,52.81,89,45.978
0.5,1.0,-0.05,32.94,57.43,54.67,37.1,53.66,36.75,53.33,90,45.978
0.4,0.85,-0.05,32.94,57.43,54.67,37.9,53.6,36.14,52.81,89,45.978
0.65,1.0,-0.05,32.94,57.43,54.67,36.29,54.1,34.94,51.72,87,45.978
0.9,0.5,-0.3,31.2,46.06,55.83,35.08,54.17,29.52,46.97,66,45.977999999999994
0.45,0.25,-0.15,31.2,46.06,55.83,35.08,54.17,29.52,46.97,66,45.977999999999994
0.15,0.65,0.05,34.11,63.56,53.89,37.9,52.48,37.35,53.61,97,45.977999999999994
0.1,0.5,0.05,34.11,63.56,53.89,37.9,52.11,36.14,53.61,97,45.977999999999994
0.15,0.8,0.05,34.11,63.56,53.89,38.71,52.45,35.54,53.61,97,45.977999999999994
0.2,1.0,0.1,34.11,63.56,53.89,37.9,52.11,36.14,53.61,97,45.977999999999994
0.2,0.85,0.05,34.11,63.56,53.89,37.9,52.14,36.75,53.12,96,45.977999999999994
0.6,0.55,-0.25,29.45,35.86,56.99,34.27,56.1,26.51,44.26,61,45.974000000000004
0.2,0.75,0.15,33.53,62.97,54.27,38.31,54.29,37.35,52.0,100,45.974
0.25,0.85,0.15,33.53,62.97,54.27,37.9,54.35,36.75,52.04,98,45.974
0.25,0.95,0.2,33.53,62.97,54.27,38.31,54.29,37.35,52.0,100,45.974
0.2,0.1,-0.1,29.74,30.03,56.79,32.26,57.89,25.3,44.44,45,45.97
0.6,0.3,-0.3,29.74,30.03,56.79,32.26,57.89,25.3,44.44,45,45.97
0.4,0.2,-0.2,29.74,30.03,56.79,32.26,57.89,25.3,44.44,45,45.97
0.1,0.05,-0.05,29.74,30.03,56.79,32.26,57.89,25.3,44.44,45,45.97
0.3,0.15,-0.15,29.74,30.03,56.79,32.26,57.89,25.3,44.44,45,45.97
0.5,0.25,-0.25,29.74,30.03,56.79,32.26,57.89,25.3,44.44,45,45.97
0.35,0.35,-0.2,26.82,25.07,58.73,31.45,57.89,25.3,47.73,44,45.966
0.95,0.65,-0.25,31.2,50.15,55.81,35.89,54.81,29.52,48.61,72,45.965999999999994
0.7,0.25,-0.25,30.61,47.23,56.2,32.66,51.16,30.12,51.61,62,45.964
0.3,0.95,-0.05,33.53,58.02,54.25,37.1,52.42,37.35,54.35,92,45.961999999999996
0.35,0.85,-0.05,33.53,58.02,54.25,36.69,52.03,36.14,54.55,88,45.961999999999996
0.7,0.5,-0.15,31.2,54.23,55.8,35.89,54.63,30.72,48.68,76,45.959999999999994
0.9,0.55,-0.2,31.2,54.23,55.8,36.29,54.63,30.72,49.33,75,45.959999999999994
0.05,0.25,0.25,35.86,69.68,52.69,38.31,54.0,40.96,52.73,110,45.958
0.45,0.2,-0.2,30.32,35.28,56.38,31.05,54.55,27.71,50.0,52,45.956
0.2,0.65,-0.15,30.32,35.28,56.38,32.26,52.38,31.93,51.32,76,45.956
0.15,0.7,-0.0,34.4,61.81,53.66,37.9,52.17,36.14,53.61,97,45.955999999999996
0.1,0.85,0.05,34.4,61.81,53.66,39.92,53.1,36.14,52.53,99,45.955999999999996
0.1,0.8,0.05,34.4,61.81,53.66,39.52,53.47,36.14,52.53,99,45.955999999999996
0.45,0.6,0.15,34.11,64.43,53.85,36.29,54.81,39.76,54.08,98,45.954
0.15,0.2,0.05,34.11,64.43,53.85,36.29,54.81,39.76,54.08,98,45.954
0.3,0.4,0.1,34.11,64.43,53.85,36.29,54.81,39.76,54.08,98,45.954
0.75,1.0,0.25,34.11,64.43,53.85,36.29,54.81,39.76,54.08,98,45.954
0.35,0.5,0.25,35.28,67.35,53.07,35.48,54.07,40.36,54.37,103,45.954
0.1,0.95,0.15,34.11,64.43,53.85,38.71,52.74,36.75,54.55,99,45.954
0.2,0.95,0.15,34.11,64.43,53.85,39.11,53.52,37.35,53.06,98,45.954
0.1,0.75,0.1,34.11,64.43,53.85,38.71,52.41,36.14,54.08,98,45.954
0.1,0.4,0.25,35.28,67.35,53.07,37.1,53.42,40.36,52.78,108,45.954
0.2,0.5,-0.0,33.24,60.64,54.43,37.9,52.63,37.35,53.19,94,45.954
0.1,0.25,-0.0,33.24,60.64,54.43,37.9,52.63,37.35,53.19,94,45.954
0.4,1.0,-0.0,33.24,60.64,54.43,37.9,52.63,37.35,53.19,94,45.954
0.3,0.75,-0.0,33.24,60.64,54.43,37.9,52.63,37.35,53.19,94,45.954
0.6,0.8,0.2,34.11,64.43,53.85,36.29,54.81,39.76,54.08,98,45.954
0.85,0.45,-0.2,31.78,53.94,55.4,35.89,54.72,29.52,49.32,73,45.952
0.6,0.1,-0.2,31.78,53.94,55.4,32.26,50.55,30.72,51.47,68,45.952
0.3,0.05,-0.1,31.78,53.94,55.4,32.26,50.55,30.72,51.47,68,45.952
0.9,0.15,-0.3,31.78,53.94,55.4,32.26,50.55,30.72,51.47,68,45.952
0.45,0.05,-0.25,30.61,32.65,56.18,30.24,59.62,22.29,45.95,37,45.952
0.25,0.45,-0.2,26.24,16.91,59.09,30.24,56.0,25.3,47.73,44,45.95
0.65,0.0,-0.25,33.53,53.06,54.23,32.26,54.65,28.92,44.62,65,45.949999999999996
0.25,0.75,-0.05,33.24,55.69,54.42,36.69,53.33,36.75,53.85,91,45.948
0.15,0.95,-0.15,32.07,47.23,55.2,35.08,53.85,34.34,54.76,84,45.948
0.35,0.95,-0.3,28.57,27.7,57.53,30.24,53.73,27.71,49.15,59,45.946
0.0,0.95,0.25,34.69,65.89,53.45,39.11,52.0,36.14,53.54,99,45.946
0.5,0.65,0.2,34.69,65.89,53.45,35.89,54.48,40.36,54.55,99,45.946
0.0,0.75,0.2,34.69,65.89,53.45,39.11,52.0,36.14,53.54,99,45.946
0.85,0.6,-0.3,30.32,42.57,56.36,35.08,56.52,28.31,45.31,64,45.943999999999996
0.45,1.0,-0.05,32.94,58.31,54.61,37.5,52.8,36.14,52.81,89,45.942
0.65,0.2,-0.15,32.94,58.31,54.61,34.68,52.29,31.93,53.42,73,45.942
0.05,0.2,0.15,35.28,68.22,53.04,37.9,54.42,40.96,53.21,109,45.936
0.1,0.4,0.3,35.28,68.22,53.04,37.9,54.42,40.96,53.21,109,45.936
0.65,0.5,-0.25,29.74,40.52,56.73,33.87,55.17,27.71,45.16,62,45.934
0.6,0.45,-0.1,31.49,56.56,55.56,36.29,54.39,34.34,53.01,83,45.932
0.5,0.3,-0.1,31.49,56.56,55.56,35.89,55.05,31.33,50.65,77,45.932
0.95,0.45,-0.25,31.49,52.48,55.56,34.27,54.46,29.52,48.57,70,45.932
0.25,0.15,-0.05,31.49,56.56,55.56,35.89,55.05,31.33,50.65,77,45.932
0.55,0.15,-0.2,31.49,48.4,55.56,31.05,51.28,30.12,53.33,60,45.932
0.9,0.7,-0.15,31.49,56.56,55.56,36.29,54.39,34.94,53.57,84,45.932
1.0,0.6,-0.2,31.49,56.56,55.56,35.89,55.05,31.33,50.65,77,45.932
0.75,0.45,-0.15,31.49,56.56,55.56,35.89,55.05,31.33,50.65,77,45.932
0.25,0.9,-0.15,31.2,42.86,55.75,33.06,52.63,36.14,54.12,85,45.92999999999999
0.4,0.25,-0.2,28.57,30.9,57.5,32.26,54.84,24.1,46.67,45,45.928
0.25,0.5,-0.15,28.57,30.9,57.5,33.06,55.13,28.92,50.0,64,45.928
0.5,1.0,-0.3,28.57,30.9,57.5,33.06,55.13,28.92,50.0,64,45.928
0.1,0.7,0.05,34.4,62.68,53.61,39.11,53.15,36.14,54.08,98,45.925999999999995
0.55,0.25,-0.25,30.03,34.69,56.52,31.45,54.55,27.11,50.0,50,45.924
0.35,0.3,-0.15,28.86,34.69,57.3,34.27,56.41,26.51,43.33,60,45.92399999999999
0.7,0.6,-0.3,28.86,34.69,57.3,34.27,56.41,26.51,43.33,60,45.92399999999999
0.05,0.7,0.3,34.69,66.76,53.41,39.11,51.97,37.95,52.88,104,45.922
0.65,0.9,0.1,33.82,62.1,53.99,35.89,54.2,39.16,53.61,97,45.922
0.65,0.85,0.05,33.82,62.1,53.99,35.89,53.85,37.35,52.69,93,45.922
0.45,0.6,0.05,33.82,62.1,53.99,35.89,53.85,37.35,52.69,93,45.922
0.2,0.75,0.05,33.82,62.1,53.99,38.31,53.24,37.35,53.06,98,45.922
0.4,0.55,0.05,33.82,62.1,53.99,35.48,53.85,38.55,53.68,95,45.922
0.25,0.9,0.05,33.82,62.1,53.99,37.9,52.9,37.35,53.61,97,45.922
0.1,0.35,-0.0,33.82,62.1,53.99,37.9,52.17,36.75,53.68,95,45.922
0.2,0.7,-0.0,33.82,62.1,53.99,37.9,52.17,36.75,53.68,95,45.922
0.45,0.3,-0.15,30.9,45.48,55.93,34.68,54.17,28.92,45.45,66,45.918
0.35,1.0,0.1,33.24,61.52,54.37,37.5,53.68,36.14,52.63,95,45.918
0.9,0.6,-0.3,30.9,45.48,55.93,34.68,54.17,28.92,45.45,66,45.918
0.75,0.5,-0.25,30.9,45.48,55.93,34.68,54.17,28.92,45.45,66,45.918
0.15,0.1,-0.05,30.9,45.48,55.93,34.68,54.17,28.92,45.45,66,45.918
0.75,0.45,-0.25,30.9,45.48,55.93,35.08,54.17,29.52,46.27,67,45.918
0.3,0.85,0.1,33.24,61.52,54.37,37.1,53.68,36.14,52.63,95,45.918
0.35,1.0,0.05,33.24,61.52,54.37,37.5,52.63,36.75,53.12,96,45.918
0.9,0.55,-0.3,30.9,45.48,55.93,34.68,54.17,29.52,46.27,67,45.918
0.3,0.2,-0.1,30.9,45.48,55.93,34.68,54.17,28.92,45.45,66,45.918
0.6,0.4,-0.2,30.9,45.48,55.93,34.68,54.17,28.92,45.45,66,45.918
0.9,0.45,-0.25,31.2,51.02,55.73,33.87,53.54,30.12,48.57,70,45.91799999999999
0.4,0.0,-0.15,33.53,53.94,54.17,32.26,54.02,29.52,44.78,67,45.914
0.8,0.0,-0.3,33.53,53.94,54.17,32.26,54.02,29.52,44.78,67,45.914
0.35,1.0,-0.05,33.24,56.56,54.36,36.29,52.46,36.75,53.85,91,45.912
0.15,0.45,-0.05,32.94,49.27,54.55,37.9,56.25,36.75,55.17,87,45.906
0.3,0.9,-0.1,32.94,49.27,54.55,37.9,56.25,36.75,55.17,87,45.906
0.65,0.3,-0.2,30.9,49.56,55.91,34.27,54.08,30.72,52.31,65,45.906
0.35,1.0,-0.1,33.24,51.6,54.35,37.9,56.14,36.75,55.17,87,45.906
0.7,0.4,-0.15,31.78,54.81,55.32,35.89,54.63,30.72,50.0,76,45.904
0.65,0.35,-0.15,31.78,54.81,55.32,35.48,54.72,29.52,49.32,73,45.904
0.6,1.0,-0.05,32.65,56.85,54.73,35.48,53.72,35.54,52.87,87,45.897999999999996
0.35,0.75,-0.05,32.65,56.85,54.73,37.5,53.66,35.54,52.27,88,45.897999999999996
0.55,0.9,-0.05,32.65,56.85,54.73,35.48,54.17,34.94,52.33,86,45.897999999999996
0.45,0.85,-0.0,33.53,59.77,54.14,36.69,54.62,37.35,53.85,91,45.896
0.5,0.95,-0.0,33.53,59.77,54.14,36.69,54.62,37.35,53.85,91,45.896
0.4,0.75,-0.0,33.53,59.77,54.14,36.69,54.62,37.35,53.85,91,45.896
0.35,0.05,-0.2,30.03,31.49,56.47,29.84,60.42,23.49,47.22,36,45.894
0.65,0.65,-0.3,27.7,32.36,58.02,33.47,58.11,25.9,43.86,57,45.891999999999996
0.55,0.55,-0.25,27.7,32.36,58.02,33.87,57.89,26.51,44.83,58,45.891999999999996
0.55,0.55,-0.3,27.41,26.24,58.21,32.26,57.14,25.9,44.9,49,45.89
0.9,0.6,-0.2,30.9,53.64,55.88,35.89,54.63,31.33,50.0,76,45.888
0.45,0.3,-0.1,30.9,53.64,55.88,35.89,54.63,31.33,50.0,76,45.888
0.15,0.55,-0.1,30.61,40.82,56.07,33.06,53.26,35.54,53.57,84,45.885999999999996
0.1,1.0,-0.25,32.36,36.44,54.9,31.85,53.85,30.72,52.78,72,45.884
0.8,0.05,-0.25,33.24,57.43,54.3,33.87,53.47,31.33,50.68,73,45.876
0.45,0.05,-0.2,32.07,44.02,55.08,31.85,55.41,27.11,47.27,55,45.876
0.45,0.95,-0.05,32.65,57.73,54.67,37.9,53.6,36.75,53.33,90,45.862
0.4,0.9,-0.3,27.7,26.82,57.97,31.45,54.41,26.51,48.21,56,45.861999999999995
0.2,0.45,-0.15,27.7,26.82,57.97,31.45,54.41,26.51,48.21,56,45.861999999999995
0.1,0.55,0.05,33.82,63.85,53.89,38.31,52.45,35.54,53.61,97,45.861999999999995
0.15,0.75,-0.05,34.11,55.39,53.69,37.5,54.03,36.14,52.08,96,45.858
0.05,0.55,0.1,34.4,65.31,53.49,38.71,52.38,36.75,54.55,99,45.854
0.15,0.95,0.25,34.4,65.31,53.49,39.52,53.06,36.75,52.53,99,45.854
0.1,0.85,0.15,34.4,65.31,53.49,38.71,52.41,36.75,54.55,99,45.854
0.15,0.9,0.25,34.4,65.31,53.49,39.92,53.38,36.75,52.0,100,45.854
0.1,0.9,0.2,34.4,65.31,53.49,39.92,53.02,36.75,54.55,99,45.854
0.15,0.85,0.2,34.4,65.31,53.49,39.52,53.42,36.75,52.53,99,45.854
0.45,0.65,-0.3,26.24,22.45,58.93,31.05,55.17,25.3,45.65,46,45.854
0.1,0.6,0.15,34.4,65.31,53.49,39.52,53.42,36.75,52.53,99,45.854
0.05,0.45,0.1,34.4,65.31,53.49,39.92,53.02,36.75,54.55,99,45.854
0.1,0.7,-0.2,30.9,30.9,55.81,31.05,55.71,31.93,53.62,69,45.846
0.05,0.35,-0.1,30.9,30.9,55.81,31.05,55.71,31.93,53.62,69,45.846
0.0,0.4,-0.05,34.4,52.77,53.47,37.5,55.86,37.35,55.43,92,45.842
0.0,0.8,-0.1,34.4,52.77,53.47,37.5,55.86,37.35,55.43,92,45.842
0.85,0.7,-0.15,30.9,54.52,55.8,36.29,53.98,33.73,52.44,82,45.839999999999996
0.15,0.8,-0.0,34.11,62.1,53.66,39.11,53.24,36.14,52.53,99,45.839999999999996
0.15,0.6,-0.05,33.82,53.06,53.85,36.29,54.78,36.75,53.33,90,45.838
0.45,0.15,-0.25,29.45,27.11,56.76,28.63,58.14,24.1,43.24,37,45.836
0.85,0.5,-0.2,31.49,54.23,55.4,36.29,55.66,30.72,49.33,75,45.836
0.25,0.85,-0.0,33.53,61.52,54.04,37.9,52.55,36.75,53.68,95,45.836
0.3,0.75,0.05,32.94,60.93,54.43,37.5,53.33,37.35,53.76,93,45.834
0.4,1.0,0.05,32.94,60.93,54.43,36.69,52.63,36.75,53.19,94,45.834
0.7,0.0,-0.3,32.65,48.69,54.62,31.85,53.09,28.92,49.15,59,45.832
0.35,0.0,-0.15,32.65,48.69,54.62,31.85,53.09,28.92,49.15,59,45.832
0.4,0.95,-0.3,28.28,27.99,57.53,31.85,55.56,26.51,48.28,58,45.83
0.55,0.35,-0.2,30.03,42.86,56.36,33.87,54.44,28.92,46.15,65,45.827999999999996
0.85,0.2,-0.3,31.49,50.15,55.38,31.05,50.6,30.12,51.56,64,45.824
0.25,1.0,-0.1,33.53,50.73,54.01,36.29,54.87,36.75,53.33,90,45.818
0.65,0.25,-0.15,32.36,56.27,54.79,34.27,53.27,32.53,52.0,75,45.818
0.1,0.7,-0.15,31.2,40.52,55.56,33.47,54.44,31.93,53.95,76,45.816
0.5,0.3,-0.25,28.28,31.2,57.5,32.26,54.84,25.3,50.0,46,45.812
0.35,0.8,-0.0,33.24,59.18,54.19,36.29,52.67,37.95,53.76,93,45.809999999999995
0.3,0.7,-0.0,33.24,59.18,54.19,37.5,53.03,37.95,53.76,93,45.809999999999995
0.15,0.35,-0.0,33.24,59.18,54.19,37.5,53.03,37.95,53.76,93,45.809999999999995
0.0,0.85,-0.1,34.99,54.23,53.02,37.5,55.75,37.95,54.74,95,45.80800000000001
0.0,0.55,0.25,34.4,67.06,53.41,39.52,52.6,36.75,53.4,103,45.806
0.0,0.65,0.3,34.4,67.06,53.41,39.52,52.6,37.35,53.85,104,45.806
0.0,0.45,0.2,34.4,67.06,53.41,39.52,52.6,37.35,53.85,104,45.806
0.1,0.9,-0.15,33.82,48.1,53.79,35.89,56.31,35.54,54.65,86,45.802
0.25,0.8,-0.1,32.36,47.23,54.76,37.1,55.56,35.54,54.12,85,45.8
0.25,1.0,-0.05,34.11,57.14,53.59,36.69,52.8,38.55,54.26,94,45.798
0.25,0.75,0.1,32.94,61.81,54.37,37.1,53.68,36.75,52.58,97,45.798
0.3,0.85,0.05,32.94,61.81,54.37,37.1,52.63,36.75,53.12,96,45.798
0.35,0.35,-0.3,24.49,5.25,60.0,23.79,81.82,20.48,70.0,10,45.796
0.35,0.5,-0.3,24.49,9.91,60.0,27.02,58.06,22.89,46.15,26,45.796
0.9,0.05,-0.3,32.94,56.85,54.36,33.87,52.04,30.12,48.53,68,45.792
0.3,0.95,-0.1,32.65,49.56,54.55,37.5,55.26,36.14,54.65,86,45.79
0.85,0.25,-0.3,30.61,49.85,55.91,31.45,51.19,30.12,53.33,60,45.79
0.45,0.25,-0.1,31.49,55.1,55.32,35.89,54.63,30.72,50.0,76,45.788
0.9,0.5,-0.2,31.49,55.1,55.32,35.89,54.63,30.72,50.0,76,45.788
0.1,0.9,-0.25,31.49,33.82,55.32,31.05,54.05,32.53,54.29,70,45.788
0.7,1.0,-0.1,32.07,54.81,54.93,34.68,54.46,33.73,51.19,84,45.786
0.35,0.5,-0.05,32.07,54.81,54.93,34.68,54.46,33.73,51.19,84,45.786
0.15,1.0,0.1,34.11,63.85,53.57,38.71,52.41,36.14,54.08,98,45.785999999999994
0.1,0.45,0.05,34.11,63.85,53.57,38.71,52.82,37.35,53.61,97,45.785999999999994
0.2,0.85,0.1,34.11,63.85,53.57,38.71,53.19,37.35,53.06,98,45.785999999999994
0.15,0.8,0.1,34.11,63.85,53.57,38.31,52.45,36.14,53.61,97,45.785999999999994
0.1,0.8,0.1,34.11,63.85,53.57,39.11,52.74,36.14,54.08,98,45.785999999999994
0.05,0.4,0.05,34.11,63.85,53.57,39.11,52.74,36.14,54.08,98,45.785999999999994
0.15,0.75,0.1,34.11,63.85,53.57,38.31,52.45,36.75,53.61,97,45.785999999999994
0.2,0.95,0.1,34.11,63.85,53.57,37.9,52.11,36.75,53.61,97,45.785999999999994
0.2,0.9,0.1,34.11,63.85,53.57,38.71,52.82,37.35,53.61,97,45.785999999999994
0.45,0.95,-0.0,33.24,60.06,54.14,36.69,53.03,37.95,54.35,92,45.78
0.35,0.75,-0.0,33.24,60.06,54.14,36.69,53.03,37.95,54.35,92,45.78
0.25,1.0,-0.15,32.07,45.77,54.92,34.68,54.0,36.14,54.12,85,45.78
0.4,0.85,-0.0,33.24,60.06,54.14,36.69,53.03,37.95,54.35,92,45.78
0.25,0.6,-0.0,33.24,60.06,54.14,37.5,53.03,37.35,53.76,93,45.78
0.4,0.95,-0.0,33.24,60.06,54.14,37.5,53.03,37.35,53.76,93,45.78
0.25,1.0,0.2,33.53,63.27,53.94,38.71,53.9,37.35,52.53,99,45.775999999999996
0.8,0.65,-0.15,30.61,53.94,55.88,36.29,54.05,33.73,52.44,82,45.772
0.55,0.45,-0.1,30.61,53.94,55.88,36.29,53.98,33.73,52.44,82,45.772
0.35,0.1,-0.15,30.32,41.11,56.07,30.24,52.86,28.31,48.21,56,45.769999999999996
0.7,0.2,-0.3,30.32,41.11,56.07,30.24,52.86,28.31,48.21,56,45.769999999999996
0.15,1.0,-0.3,30.03,29.15,56.25,30.65,55.88,31.33,52.24,67,45.762
0.1,0.35,0.3,35.28,68.51,52.75,37.5,54.11,40.96,53.21,109,45.762
0.1,0.3,0.25,35.28,68.51,52.75,37.1,53.85,40.96,53.21,109,45.762
0.15,0.9,0.2,34.11,64.72,53.53,39.52,53.42,36.75,52.53,99,45.762
0.05,0.8,0.15,34.11,64.72,53.53,39.11,52.7,36.14,54.08,98,45.762
0.05,0.6,0.1,34.11,64.72,53.53,38.71,52.38,36.75,54.55,99,45.762
0.8,0.45,-0.3,30.61,42.57,55.86,33.06,52.87,28.31,47.54,61,45.76
0.4,0.5,0.15,34.69,66.18,53.14,36.69,54.41,39.76,54.08,98,45.76
0.8,1.0,0.3,34.69,66.18,53.14,36.69,54.41,39.76,54.08,98,45.76
0.75,0.95,0.3,34.69,66.18,53.14,36.29,54.81,40.36,54.55,99,45.76
0.35,0.9,-0.05,33.53,58.31,53.9,36.69,52.46,36.14,53.93,89,45.751999999999995
0.15,0.85,-0.0,33.82,61.52,53.7,39.92,53.57,35.54,52.04,98,45.748
0.15,0.55,-0.0,33.82,61.52,53.7,37.5,51.8,36.75,53.68,95,45.748
0.4,0.6,-0.05,32.07,55.69,54.86,36.29,55.08,34.34,51.76,85,45.744
0.0,0.25,0.1,34.69,67.06,53.11,39.92,52.9,37.95,53.85,104,45.742
0.05,0.6,0.25,34.69,67.06,53.11,39.11,51.97,37.95,52.43,103,45.742
0.15,0.7,-0.2,29.74,28.57,56.41,31.45,53.42,28.92,50.0,66,45.742
0.0,0.75,0.3,34.69,67.06,53.11,39.92,52.9,37.95,53.85,104,45.742
0.0,0.5,0.2,34.69,67.06,53.11,39.92,52.9,37.95,53.85,104,45.742
0.25,0.95,-0.1,33.24,50.15,54.07,36.29,54.46,36.14,53.41,88,45.738
0.05,0.9,0.2,34.11,65.6,53.49,38.71,52.03,36.75,54.55,99,45.738
0.05,0.95,0.2,34.11,65.6,53.49,39.11,52.35,36.75,54.55,99,45.738
0.1,0.85,0.2,34.11,65.6,53.49,39.52,53.02,36.14,53.0,100,45.738
0.1,0.75,0.2,34.11,65.6,53.49,39.52,52.7,36.14,52.53,99,45.738
0.05,0.75,0.15,34.11,65.6,53.49,38.71,52.03,36.75,54.55,99,45.738
0.45,0.4,-0.3,26.53,15.16,58.54,27.42,57.58,21.69,44.44,27,45.736
0.6,0.25,-0.2,30.32,49.27,56.0,31.85,51.11,29.52,51.61,62,45.728
0.15,0.25,-0.1,26.82,23.62,58.33,30.65,54.1,26.51,48.0,50,45.726
0.45,0.75,-0.3,26.82,23.62,58.33,30.65,54.1,26.51,48.0,50,45.726
0.3,0.5,-0.2,26.82,23.62,58.33,30.65,54.1,26.51,48.0,50,45.726
0.15,0.55,0.05,33.82,62.39,53.66,37.9,53.28,37.35,53.06,98,45.724
0.25,0.95,0.1,33.82,62.39,53.66,38.31,53.62,37.35,53.06,98,45.724
0.2,0.95,0.05,33.82,62.39,53.66,38.31,52.11,35.54,53.12,96,45.724
0.7,0.95,0.1,33.82,62.39,53.66,36.29,54.2,37.95,52.63,95,45.724
0.25,0.8,-0.0,32.65,61.22,54.43,37.1,52.63,36.75,54.26,94,45.718
0.25,0.7,-0.0,32.65,61.22,54.43,37.9,52.63,37.35,53.68,95,45.718
0.1,0.8,-0.15,32.36,44.02,54.62,34.68,54.64,33.73,54.32,81,45.716
0.0,0.55,0.15,34.11,66.47,53.45,39.11,52.0,36.14,53.54,99,45.714
0.55,0.25,-0.3,28.57,26.24,57.14,29.84,58.7,25.3,48.65,37,45.712
0.55,0.3,-0.3,28.57,26.24,57.14,29.84,54.17,24.7,47.22,36,45.712
0.25,0.8,-0.05,33.82,56.56,53.64,37.1,53.28,37.35,53.85,91,45.711999999999996
0.5,0.6,-0.25,27.11,29.74,58.11,33.87,57.53,27.11,46.43,56,45.71
0.7,0.05,-0.25,32.36,53.94,54.61,32.66,52.75,28.92,49.21,63,45.71
0.05,0.2,0.2,35.57,68.51,52.46,38.31,54.36,40.96,53.21,109,45.704
0.55,0.1,-0.3,30.9,32.65,55.56,31.05,61.54,25.9,53.85,39,45.696
0.95,0.45,-0.3,30.9,48.98,55.56,33.47,53.12,30.12,51.56,64,45.696
0.85,0.55,-0.2,30.9,53.06,55.56,36.69,55.66,31.33,50.0,76,45.696
1.0,0.65,-0.25,30.9,53.06,55.56,35.89,54.81,30.12,48.65,74,45.696
1.0,0.45,-0.25,30.9,53.06,55.56,34.27,53.92,30.72,50.0,72,45.696
0.2,1.0,0.05,33.82,63.27,53.61,37.9,51.77,35.54,53.61,97,45.693999999999996
0.25,0.5,-0.0,33.53,60.06,53.8,37.5,53.73,37.35,53.85,91,45.69199999999999
0.3,0.6,-0.0,33.53,60.06,53.8,37.5,53.73,37.35,53.85,91,45.69199999999999
0.15,0.3,-0.0,33.53,60.06,53.8,37.5,53.73,37.35,53.85,91,45.69199999999999
0.1,0.2,-0.0,33.53,60.06,53.8,37.5,53.73,37.35,53.85,91,45.69199999999999
0.35,0.7,-0.0,33.53,60.06,53.8,37.5,53.73,37.35,53.85,91,45.69199999999999
0.45,0.9,-0.0,33.53,60.06,53.8,37.5,53.73,37.35,53.85,91,45.69199999999999
0.4,0.8,-0.0,33.53,60.06,53.8,37.5,53.73,37.35,53.85,91,45.69199999999999
0.5,1.0,-0.0,33.53,60.06,53.8,37.5,53.73,37.35,53.85,91,45.69199999999999
0.05,0.1,-0.0,33.53,60.06,53.8,37.5,53.73,37.35,53.85,91,45.69199999999999
0.2,0.4,-0.0,33.53,60.06,53.8,37.5,53.73,37.35,53.85,91,45.69199999999999
0.25,0.8,0.05,33.24,62.68,53.99,37.9,53.33,36.75,53.12,96,45.69
0.2,0.65,0.1,33.24,62.68,53.99,37.5,54.01,36.75,52.04,98,45.69
0.25,0.55,-0.0,32.94,59.48,54.19,36.69,53.03,37.95,54.35,92,45.69
0.2,0.45,-0.0,32.94,59.48,54.19,36.29,52.67,37.95,53.76,93,45.69
0.45,1.0,-0.0,32.94,59.48,54.19,36.29,52.67,37.95,53.76,93,45.69
0.3,1.0,0.05,33.24,62.68,53.99,38.31,53.68,37.35,53.61,97,45.69
0.3,0.95,0.15,33.24,62.68,53.99,37.5,54.01,36.75,52.04,98,45.69
0.3,0.95,0.05,33.24,62.68,53.99,37.5,52.99,36.75,53.12,96,45.69
0.4,0.9,-0.0,32.94,59.48,54.19,36.29,52.67,37.95,53.76,93,45.69
0.25,0.9,0.15,33.24,62.68,53.99,38.71,54.68,37.35,52.53,99,45.69
0.85,0.2,-0.2,32.94,59.48,54.19,34.68,51.35,31.33,54.17,72,45.69
0.3,1.0,0.15,33.24,62.68,53.99,37.9,54.35,36.75,52.04,98,45.69
1.0,0.55,-0.25,31.49,52.77,55.15,35.89,55.24,29.52,49.32,73,45.68599999999999
0.8,0.45,-0.2,31.49,52.77,55.15,35.89,55.24,29.52,49.32,73,45.68599999999999
0.6,0.2,-0.25,29.74,39.94,56.31,30.65,52.11,28.31,49.09,55,45.682
0.15,0.25,-0.25,24.2,3.21,60.0,22.18,50.0,18.07,25.0,4,45.68
0.3,0.3,-0.25,24.2,5.54,60.0,24.19,71.43,21.08,61.54,13,45.68
0.2,0.15,-0.25,24.2,3.21,60.0,21.77,25.0,21.08,50.0,10,45.68
0.55,0.85,-0.05,32.65,57.14,54.36,35.89,54.17,34.94,52.33,86,45.676
0.8,0.15,-0.2,32.36,59.77,54.55,33.47,51.43,31.33,53.42,73,45.674
0.95,0.55,-0.2,31.2,55.39,55.32,35.89,54.63,30.72,50.0,76,45.672
0.15,0.9,0.15,33.82,64.14,53.57,38.71,52.78,36.14,53.61,97,45.669999999999995
0.2,1.0,0.15,33.82,64.14,53.57,38.71,52.45,36.75,53.06,98,45.669999999999995
0.15,0.7,0.1,33.82,64.14,53.57,38.71,53.19,37.35,53.06,98,45.669999999999995
0.1,0.55,0.1,33.82,64.14,53.57,39.92,53.42,36.75,53.06,98,45.669999999999995
0.05,0.3,0.05,33.82,64.14,53.57,38.71,52.78,36.14,53.61,97,45.669999999999995
0.1,0.6,0.1,33.82,64.14,53.57,38.71,52.78,36.14,53.61,97,45.669999999999995
0.2,0.85,0.15,33.82,64.14,53.57,38.71,53.9,37.35,53.06,98,45.669999999999995
0.0,1.0,0.25,34.4,65.6,53.18,39.11,52.35,36.14,54.08,98,45.668
0.15,1.0,0.3,34.4,65.6,53.18,39.92,53.38,36.75,52.0,100,45.668
0.0,0.6,0.15,34.4,65.6,53.18,39.11,52.35,36.14,54.08,98,45.668
0.05,0.7,0.15,34.4,65.6,53.18,38.71,52.03,36.75,54.55,99,45.668
0.0,0.2,0.05,34.4,65.6,53.18,39.11,52.35,36.14,54.08,98,45.668
0.0,0.8,0.2,34.4,65.6,53.18,39.11,52.35,36.14,54.08,98,45.668
0.1,1.0,0.25,34.4,65.6,53.18,39.52,52.67,36.75,53.47,101,45.668
0.0,0.4,0.1,34.4,65.6,53.18,39.11,52.35,36.14,54.08,98,45.668
0.15,0.65,-0.0,34.11,61.52,53.37,37.5,51.8,36.14,53.61,97,45.666
0.35,0.8,-0.05,33.24,57.73,53.95,37.1,52.85,36.75,53.93,89,45.666
0.35,0.85,-0.0,32.94,60.35,54.14,37.5,53.03,37.35,53.76,93,45.660000000000004
0.3,0.5,-0.25,25.07,12.54,59.38,29.44,59.52,24.1,47.22,36,45.656
0.65,0.2,-0.3,30.61,36.15,55.67,29.03,50.82,25.9,44.9,49,45.646
0.15,1.0,0.25,33.82,65.01,53.53,39.52,53.06,36.75,52.53,99,45.646
0.05,0.9,0.3,34.4,66.47,53.14,39.11,52.63,37.35,53.92,102,45.644
0.05,0.65,0.2,34.4,66.47,53.14,39.52,52.32,36.75,53.47,101,45.644
0.05,0.8,0.2,34.4,66.47,53.14,39.92,52.98,36.75,54.0,100,45.644
0.05,0.6,0.2,34.4,66.47,53.14,39.52,52.63,36.75,53.47,101,45.644
0.05,0.75,0.25,34.4,66.47,53.14,39.52,52.63,36.75,53.47,101,45.644
0.0,0.6,0.25,34.4,66.47,53.14,39.92,52.9,37.35,53.85,104,45.644
0.65,0.4,-0.15,30.9,53.94,55.47,36.29,55.14,30.72,49.33,75,45.641999999999996
0.8,0.6,-0.2,30.9,49.85,55.47,35.89,56.31,30.12,48.65,74,45.641999999999996
0.4,0.3,-0.1,30.9,49.85,55.47,35.89,56.31,30.12,48.65,74,45.641999999999996
0.2,0.15,-0.05,30.9,49.85,55.47,35.89,56.31,30.12,48.65,74,45.641999999999996
1.0,0.75,-0.25,30.9,49.85,55.47,35.89,56.31,30.12,48.65,74,45.641999999999996
0.6,0.45,-0.15,30.9,49.85,55.47,35.89,56.31,30.12,48.65,74,45.641999999999996
0.4,0.95,-0.05,33.24,58.6,53.9,37.5,52.38,36.75,53.93,89,45.635999999999996
0.65,0.3,-0.3,30.03,34.11,56.04,31.45,54.69,26.51,48.98,49,45.635999999999996
0.7,0.55,-0.3,28.86,34.11,56.82,34.27,56.25,25.3,42.86,56,45.635999999999996
0.05,0.8,-0.2,32.65,37.32,54.29,33.06,53.49,32.53,54.05,74,45.634
0.75,0.1,-0.25,32.36,55.69,54.48,33.06,51.61,30.72,50.0,70,45.632
0.45,0.05,-0.15,32.36,55.69,54.48,33.87,52.13,30.72,49.28,69,45.632
0.6,0.05,-0.2,32.36,55.69,54.48,34.27,52.63,29.52,47.76,67,45.632
0.9,0.1,-0.3,32.36,55.69,54.48,33.87,52.13,30.72,49.28,69,45.632
0.2,0.65,-0.0,32.94,61.22,54.09,37.1,52.24,36.75,54.26,94,45.63
0.95,0.4,-0.2,32.07,58.31,54.67,36.29,54.87,32.53,51.95,77,45.63
0.85,0.65,-0.15,31.2,56.27,55.24,36.29,54.39,34.34,53.01,83,45.623999999999995
0.75,0.35,-0.2,31.2,52.19,55.22,34.27,54.46,29.52,48.57,70,45.611999999999995
0.6,0.7,-0.3,26.53,29.45,58.33,33.87,59.15,27.11,46.43,56,45.61
0.7,0.1,-0.2,32.65,58.89,54.25,32.26,51.52,31.93,52.78,72,45.61
0.3,0.35,-0.15,26.53,29.45,58.33,33.87,59.15,27.11,46.43,56,45.61
0.4,0.55,-0.25,26.53,23.91,58.33,30.65,55.17,26.51,47.06,51,45.61
0.4,0.6,-0.25,26.53,23.91,58.33,30.65,55.0,27.11,48.08,52,45.61
1.0,0.2,-0.25,32.65,58.89,54.25,33.87,51.4,31.33,53.42,73,45.61
0.4,0.45,-0.2,26.53,29.45,58.33,33.87,57.75,27.11,46.43,56,45.61
0.35,0.05,-0.1,32.65,58.89,54.25,32.26,51.52,31.93,52.78,72,45.61
0.3,0.9,-0.2,29.45,36.15,56.38,32.66,52.87,32.53,53.33,75,45.608000000000004
0.15,0.45,-0.1,29.45,36.15,56.38,32.66,52.87,32.53,53.33,75,45.608000000000004
0.15,0.75,0.05,33.53,62.68,53.66,38.31,52.11,36.14,53.61,97,45.608
0.2,0.7,0.05,33.53,62.68,53.66,37.9,53.68,37.35,53.61,97,45.608
0.2,0.6,0.05,32.94,62.1,54.04,37.1,52.99,36.75,53.12,96,45.6
0.15,0.45,0.05,32.94,62.1,54.04,37.1,53.68,36.75,52.58,97,45.6
0.3,0.9,0.1,32.94,62.1,54.04,37.1,53.68,36.75,52.58,97,45.6
0.15,0.45,-0.0,32.94,62.1,54.04,37.9,52.63,36.14,53.19,94,45.6
0.3,0.9,0.05,32.94,62.1,54.04,37.5,52.99,36.75,53.12,96,45.6
0.05,0.15,-0.0,32.94,62.1,54.04,37.9,52.63,36.14,53.19,94,45.6
0.3,0.9,-0.0,32.94,62.1,54.04,37.9,52.63,36.14,53.19,94,45.6
0.25,0.75,-0.0,32.94,62.1,54.04,37.9,52.63,36.14,53.19,94,45.6
0.1,0.3,-0.0,32.94,62.1,54.04,37.9,52.63,36.14,53.19,94,45.6
0.2,0.6,-0.0,32.94,62.1,54.04,37.9,52.63,36.14,53.19,94,45.6
0.25,0.75,0.05,32.94,62.1,54.04,37.5,52.99,36.75,53.12,96,45.6
0.85,0.3,-0.2,32.36,56.56,54.42,34.27,52.78,31.93,53.42,73,45.596000000000004
0.25,0.85,-0.05,33.53,56.85,53.64,37.5,53.28,37.95,54.35,92,45.596
0.4,0.8,-0.25,27.99,29.15,57.33,33.47,55.13,27.71,50.0,60,45.593999999999994
0.7,0.35,-0.2,30.9,50.73,55.38,34.27,53.54,29.52,47.83,69,45.588
1.0,0.45,-0.3,30.9,50.73,55.38,34.27,54.08,30.72,52.31,65,45.588
0.6,0.0,-0.25,32.65,48.98,54.2,31.85,53.01,28.31,46.67,60,45.580000000000005
0.2,1.0,0.2,34.11,65.01,53.22,39.52,53.79,37.35,53.06,98,45.576
0.1,0.5,0.1,34.11,65.01,53.22,39.52,53.79,37.35,53.06,98,45.576
0.05,1.0,0.2,34.11,65.01,53.22,39.11,52.35,36.14,54.08,98,45.576
0.1,0.9,0.15,34.11,65.01,53.22,38.71,52.74,36.75,54.55,99,45.576
0.15,0.75,0.15,34.11,65.01,53.22,39.52,53.79,37.35,53.06,98,45.576
0.05,0.25,0.05,34.11,65.01,53.22,39.52,53.79,37.35,53.06,98,45.576
0.15,0.5,0.05,32.94,62.97,53.99,38.31,53.68,36.75,52.04,98,45.57
0.3,1.0,0.1,32.94,62.97,53.99,38.31,53.68,36.75,52.04,98,45.57
0.2,0.7,-0.15,29.74,37.61,56.12,32.66,52.81,33.73,53.16,79,45.568
0.3,1.0,-0.05,33.53,57.73,53.59,37.1,52.42,37.35,54.35,92,45.566
0.0,0.65,0.25,34.69,67.35,52.81,39.52,52.6,37.35,53.4,103,45.562
0.0,0.85,0.3,34.69,67.35,52.81,39.11,52.29,37.35,53.4,103,45.562
0.0,0.4,0.15,34.69,67.35,52.81,39.52,52.6,37.35,53.4,103,45.562
0.0,0.8,0.3,34.69,67.35,52.81,39.52,52.6,37.35,53.4,103,45.562
0.0,0.55,0.2,34.69,67.35,52.81,39.52,52.6,37.35,53.4,103,45.562
0.0,0.7,0.25,34.69,67.35,52.81,39.52,52.6,37.35,53.4,103,45.562
0.65,0.3,-0.15,31.49,55.39,54.93,35.08,54.72,30.72,50.68,73,45.554
0.15,0.55,-0.05,33.53,51.9,53.57,36.69,54.78,36.14,53.41,88,45.553999999999995
0.15,1.0,0.2,33.53,64.43,53.57,39.52,52.7,36.14,53.06,98,45.553999999999995
0.1,0.7,0.15,33.53,64.43,53.57,39.11,52.7,36.14,53.06,98,45.553999999999995
0.1,0.95,0.2,34.11,65.89,53.18,39.11,52.38,36.75,54.55,99,45.552
0.05,0.35,0.1,34.11,65.89,53.18,39.92,53.38,36.75,52.53,99,45.552
0.1,0.9,0.25,34.11,65.89,53.18,39.52,53.02,35.54,52.53,99,45.552
0.1,0.95,0.25,34.11,65.89,53.18,39.52,52.67,36.14,53.0,100,45.552
0.05,0.85,0.2,34.11,65.89,53.18,38.71,52.03,36.75,54.55,99,45.552
0.05,1.0,0.25,34.11,65.89,53.18,39.52,52.32,36.75,54.0,100,45.552
0.1,0.85,0.25,34.11,65.89,53.18,39.92,53.02,36.14,52.53,99,45.552
0.1,0.95,0.3,34.11,65.89,53.18,39.92,52.67,36.75,53.0,100,45.552
0.1,0.7,0.2,34.11,65.89,53.18,39.92,53.38,36.75,52.53,99,45.552
0.1,0.75,0.25,34.11,65.89,53.18,39.11,53.02,37.35,52.48,101,45.552
0.2,0.85,-0.0,33.82,61.81,53.37,37.5,51.8,36.14,53.61,97,45.55
0.15,0.5,-0.0,33.24,61.22,53.75,37.5,52.59,36.75,54.26,94,45.546
0.3,1.0,-0.0,33.24,61.22,53.75,37.5,52.59,36.75,54.26,94,45.546
0.95,0.15,-0.25,32.65,60.64,54.14,33.87,53.4,31.33,53.42,73,45.544000000000004
0.8,0.55,-0.2,30.9,51.6,55.3,35.89,55.34,30.72,49.33,75,45.54
0.35,0.45,-0.2,27.11,25.07,57.81,31.85,57.14,27.11,47.17,53,45.53
0.0,0.7,0.3,34.11,66.76,53.14,39.52,52.6,37.35,53.85,104,45.528
0.05,0.8,0.25,34.11,66.76,53.14,39.11,52.32,37.35,53.92,102,45.528
0.05,0.8,0.3,34.11,66.76,53.14,39.92,52.63,37.35,53.4,103,45.528
0.0,0.35,0.15,34.11,66.76,53.14,39.52,52.6,37.35,53.85,104,45.528
0.05,0.75,0.3,34.11,66.76,53.14,39.92,52.63,37.35,52.88,104,45.528
0.05,0.7,0.25,34.11,66.76,53.14,39.52,52.63,36.75,52.94,102,45.528
0.05,0.95,0.3,34.11,66.76,53.14,39.11,52.32,37.35,53.92,102,45.528
0.65,0.55,-0.25,29.15,39.65,56.44,33.47,54.65,27.11,44.44,63,45.524
0.65,0.4,-0.25,30.32,40.52,55.66,33.87,54.02,27.11,44.26,61,45.523999999999994
0.6,0.35,-0.2,30.61,46.06,55.46,35.08,54.17,29.52,46.27,67,45.519999999999996
0.35,0.25,-0.15,28.57,34.4,56.82,34.27,57.69,25.3,42.86,56,45.519999999999996
0.7,0.5,-0.3,28.57,34.4,56.82,34.27,57.69,25.3,42.86,56,45.519999999999996
0.9,0.35,-0.3,30.32,48.69,55.65,31.85,51.11,30.12,51.56,64,45.518
0.75,0.3,-0.25,30.32,48.69,55.65,31.85,50.55,30.12,51.56,64,45.518
0.2,0.9,-0.15,30.9,43.44,55.26,33.06,52.63,34.34,53.66,82,45.516
0.3,0.85,-0.0,32.65,61.52,54.09,37.9,52.63,37.35,53.68,95,45.514
0.3,0.95,-0.0,32.65,61.52,54.09,37.5,52.99,36.75,54.26,94,45.514
0.35,1.0,-0.0,32.65,61.52,54.09,37.9,52.63,36.75,53.19,94,45.514
0.2,0.85,-0.15,30.61,41.98,55.45,32.66,52.69,34.94,53.66,82,45.514
0.2,0.75,-0.1,32.36,48.4,54.26,35.08,54.81,36.14,53.49,86,45.5
0.05,0.55,-0.15,31.78,34.69,54.64,31.45,55.41,33.13,54.17,72,45.496
0.3,0.95,0.1,33.24,62.97,53.66,37.9,53.68,36.75,52.58,97,45.492
0.25,0.85,0.05,33.24,62.97,53.66,37.9,53.68,37.35,53.61,97,45.492
0.05,1.0,-0.2,33.24,44.61,53.66,34.68,54.64,34.34,54.88,82,45.492
0.2,0.65,0.05,33.24,62.97,53.66,37.9,53.33,36.75,53.12,96,45.492
0.25,0.95,0.15,33.24,62.97,53.66,39.11,54.29,37.35,52.53,99,45.492
0.55,0.05,-0.25,32.36,43.44,54.24,30.65,55.71,27.11,48.15,54,45.488
0.05,0.5,0.1,34.4,65.89,52.87,38.31,51.7,36.75,54.55,99,45.482
0.9,0.2,-0.3,31.49,52.19,54.81,31.05,48.31,31.33,53.03,66,45.482
0.1,1.0,0.2,34.4,65.89,52.87,38.31,51.7,36.75,54.55,99,45.482
0.05,0.55,0.15,34.4,65.89,52.87,39.52,52.32,36.75,53.47,101,45.482
0.45,0.1,-0.15,31.49,52.19,54.81,31.05,48.31,31.33,53.03,66,45.482
0.15,0.8,0.15,33.82,64.43,53.25,39.52,53.42,36.75,53.06,98,45.478
1.0,0.7,-0.25,30.61,51.02,55.38,35.89,55.34,30.72,49.33,75,45.472
0.85,0.4,-0.25,30.61,51.02,55.38,34.27,54.08,30.12,49.25,67,45.472
0.1,0.35,-0.05,32.07,46.94,54.4,35.08,55.88,35.54,54.12,85,45.468
0.2,0.7,-0.1,32.07,46.94,54.4,35.08,55.88,35.54,54.12,85,45.468
0.7,0.2,-0.25,30.32,49.56,55.56,31.85,51.19,29.52,52.54,59,45.464
0.0,0.75,0.25,34.4,66.76,52.84,39.11,52.63,37.35,54.46,101,45.464
0.0,0.6,0.2,34.4,66.76,52.84,39.11,52.63,37.35,54.46,101,45.464
0.0,0.45,0.15,34.4,66.76,52.84,39.11,52.63,37.35,54.46,101,45.464
0.0,0.9,0.3,34.4,66.76,52.84,39.11,52.63,37.35,54.46,101,45.464
0.0,0.3,0.1,34.4,66.76,52.84,39.11,52.63,37.35,54.46,101,45.464
0.0,0.95,0.3,34.4,66.76,52.84,39.92,52.94,37.35,54.46,101,45.464
0.05,0.95,0.25,34.4,66.76,52.84,39.52,52.63,36.75,54.0,100,45.464
0.0,0.15,0.05,34.4,66.76,52.84,39.11,52.63,37.35,54.46,101,45.464
0.1,0.8,0.2,33.82,65.31,53.22,39.52,53.02,35.54,52.53,99,45.46
0.05,0.4,0.1,33.82,65.31,53.22,39.52,53.02,35.54,52.53,99,45.46
0.85,0.3,-0.3,30.03,48.1,55.74,32.66,51.16,30.12,51.61,62,45.456
0.2,0.3,-0.25,23.62,1.46,60.0,22.18,80.0,19.28,50.0,6,45.448
0.25,0.35,-0.25,23.62,3.79,60.0,24.6,78.57,21.08,53.85,13,45.448
0.25,0.25,-0.3,23.62,1.46,60.0,21.37,50.0,17.47,0.0,1,45.448
0.0,0.75,-0.1,33.82,51.9,53.19,37.5,55.96,38.55,56.52,92,45.442
0.0,0.9,0.25,33.82,66.18,53.18,39.92,52.63,36.14,53.54,99,45.436
0.05,0.6,0.15,33.82,66.18,53.18,39.11,52.67,36.75,54.0,100,45.436
0.85,0.25,-0.2,32.65,58.31,53.95,35.08,52.73,30.72,52.11,71,45.43
0.9,0.4,-0.25,30.61,51.9,55.3,33.87,54.08,30.72,50.75,67,45.424
0.6,0.4,-0.15,30.61,51.9,55.3,35.89,54.81,30.72,49.33,75,45.424
0.85,0.6,-0.2,30.61,51.9,55.3,35.89,55.77,30.72,49.33,75,45.424
0.25,0.9,-0.1,32.94,49.85,53.73,36.69,54.95,35.54,54.12,85,45.414
0.2,0.75,0.1,33.53,62.97,53.33,39.11,54.29,37.35,53.06,98,45.41
0.1,0.85,-0.15,32.36,45.19,54.1,35.48,56.0,34.94,54.76,84,45.404
0.25,0.95,-0.2,30.32,38.19,55.45,32.66,53.41,33.73,53.16,79,45.398
0.35,0.25,-0.2,27.41,23.32,57.38,30.65,59.57,24.7,50.0,36,45.391999999999996
0.45,0.6,-0.25,27.11,25.95,57.58,33.06,57.35,27.11,45.45,55,45.391999999999996
0.25,1.0,0.15,33.53,63.85,53.29,39.11,54.29,37.35,53.06,98,45.385999999999996
0.15,0.6,0.1,33.53,63.85,53.29,38.71,54.29,37.35,52.53,99,45.385999999999996
0.15,0.85,0.15,33.53,63.85,53.29,39.11,53.1,36.75,53.06,98,45.385999999999996
0.2,0.7,0.1,32.94,63.27,53.66,38.71,54.68,37.35,52.53,99,45.372
0.1,0.35,0.05,32.94,63.27,53.66,38.71,54.68,37.35,52.53,99,45.372
0.25,0.85,0.1,32.94,63.27,53.66,39.11,54.35,36.75,52.04,98,45.372
0.25,0.9,0.1,32.94,63.27,53.66,38.31,53.68,37.35,53.06,98,45.372
0.2,0.95,-0.15,31.49,44.9,54.62,33.06,52.08,34.94,54.22,83,45.367999999999995
0.55,0.3,-0.25,29.15,34.11,56.18,33.06,56.34,25.9,48.0,50,45.367999999999995
0.1,0.8,0.25,34.11,66.18,52.87,39.92,53.02,37.35,53.0,100,45.366
0.0,0.65,0.2,34.11,66.18,52.87,39.92,52.94,37.35,54.46,101,45.366
0.05,0.5,0.15,34.11,66.18,52.87,39.52,52.32,36.14,53.0,100,45.366
0.05,0.85,0.3,34.11,66.18,52.87,39.52,52.63,36.75,52.94,102,45.366
0.1,0.9,0.3,34.11,66.18,52.87,39.52,52.67,37.35,53.0,100,45.366
0.05,0.45,0.15,34.11,66.18,52.87,39.52,52.67,37.35,53.0,100,45.366
0.1,1.0,0.3,34.11,66.18,52.87,39.52,52.32,36.14,53.0,100,45.366
1.0,0.4,-0.25,31.49,54.81,54.61,34.27,54.29,32.53,52.05,73,45.361999999999995
0.3,0.2,-0.15,27.41,29.74,57.33,31.85,54.84,24.7,46.81,47,45.361999999999995
0.8,0.3,-0.2,31.49,54.81,54.61,34.27,54.29,32.53,53.52,71,45.361999999999995
0.4,0.15,-0.1,31.49,54.81,54.61,34.27,54.29,32.53,53.52,71,45.361999999999995
0.6,0.4,-0.3,27.41,29.74,57.33,31.85,54.84,24.7,46.81,47,45.361999999999995
0.6,0.25,-0.15,31.49,54.81,54.61,33.87,53.85,31.33,50.68,73,45.361999999999995
0.1,0.95,-0.2,31.78,42.27,54.39,33.87,54.35,33.13,55.13,78,45.346000000000004
0.45,0.0,-0.2,32.36,46.94,53.97,31.45,54.55,28.92,49.15,59,45.326
0.3,1.0,-0.15,31.49,45.77,54.55,35.89,56.44,35.54,54.12,85,45.32599999999999
0.75,0.15,-0.25,31.78,53.06,54.35,31.85,48.89,30.72,52.24,67,45.322
0.6,0.2,-0.15,32.07,56.27,54.11,34.68,53.27,32.53,53.52,71,45.294000000000004
0.2,0.8,0.15,33.24,63.27,53.33,38.31,53.9,37.35,52.53,99,45.294
0.65,0.45,-0.25,29.74,41.11,55.66,33.87,54.65,27.11,44.26,61,45.291999999999994
0.8,0.35,-0.2,31.2,54.23,54.68,34.68,54.37,30.72,49.32,73,45.288
0.1,0.65,-0.2,29.45,28.28,55.84,30.24,56.06,30.12,50.79,63,45.284
0.6,0.55,-0.3,26.24,28.28,57.97,33.47,57.35,24.7,45.1,51,45.278
0.5,0.45,-0.25,26.24,28.28,57.97,33.47,57.35,24.7,44.23,52,45.278
0.45,0.5,-0.25,26.82,26.24,57.58,32.26,56.25,26.51,45.1,51,45.275999999999996
0.45,0.55,-0.25,26.82,26.24,57.58,33.06,58.46,27.11,45.45,55,45.275999999999996
0.65,0.05,-0.2,32.65,56.85,53.69,34.27,54.08,31.93,52.05,73,45.274
0.3,0.65,-0.2,28.57,29.74,56.41,31.85,53.95,27.71,50.0,60,45.274
0.6,0.65,-0.3,26.53,28.86,57.75,33.87,57.75,26.51,44.44,54,45.262
0.5,0.55,-0.25,26.53,28.86,57.75,33.87,57.75,25.9,44.44,54,45.262
0.7,0.15,-0.2,32.07,57.14,54.05,32.66,51.0,30.72,53.62,69,45.258
0.9,0.2,-0.25,32.07,57.14,54.05,32.26,51.0,30.72,52.86,70,45.258
0.1,0.85,-0.3,30.03,26.24,55.41,28.63,54.55,30.72,55.0,60,45.257999999999996
0.7,0.35,-0.3,29.45,36.44,55.79,32.66,56.16,27.11,48.15,54,45.254
0.0,0.85,0.25,33.82,66.47,52.87,39.52,52.63,36.75,54.0,100,45.25
0.0,0.35,0.1,33.82,66.47,52.87,39.92,52.63,36.14,53.54,99,45.25
0.05,0.65,0.15,33.82,66.47,52.87,38.71,52.03,36.75,54.55,99,45.25
0.0,1.0,0.3,33.82,66.47,52.87,39.52,52.63,37.35,54.46,101,45.25
0.0,0.5,0.15,33.82,66.47,52.87,39.52,52.63,37.35,54.46,101,45.25
0.05,0.7,0.2,33.82,66.47,52.87,39.11,52.32,36.75,53.47,101,45.25
0.0,0.7,0.2,33.82,66.47,52.87,39.92,52.63,36.14,53.54,99,45.25
0.15,0.3,-0.1,27.41,27.41,57.14,32.26,54.79,26.51,48.21,56,45.248
0.3,0.6,-0.2,27.41,27.41,57.14,32.26,54.79,26.51,48.21,56,45.248
0.45,0.9,-0.3,27.41,27.41,57.14,32.26,54.79,26.51,48.21,56,45.248
0.35,0.5,-0.25,25.07,18.95,58.7,29.84,57.45,24.7,45.24,42,45.248
0.15,0.5,-0.05,33.24,51.6,53.24,37.1,55.26,36.75,54.55,88,45.24
0.3,1.0,-0.1,33.24,51.6,53.24,37.1,55.26,36.75,54.55,88,45.24
0.1,0.65,-0.15,29.74,37.9,55.56,32.66,55.29,30.72,52.05,73,45.232
0.45,0.7,-0.3,26.24,22.74,57.89,30.24,54.24,25.9,46.94,49,45.230000000000004
0.3,0.45,-0.2,26.24,22.74,57.89,31.05,54.24,25.3,45.83,48,45.230000000000004
0.7,0.2,-0.2,31.78,55.69,54.17,32.26,51.02,30.12,53.03,66,45.214000000000006
0.9,0.1,-0.25,32.65,58.6,53.59,32.66,52.0,31.93,50.67,75,45.214000000000006
0.35,0.1,-0.1,31.78,55.69,54.17,32.26,51.02,30.12,53.03,66,45.214000000000006
0.65,0.15,-0.2,31.78,55.69,54.17,31.85,50.0,30.72,52.24,67,45.214000000000006
0.4,0.85,-0.25,28.86,31.2,56.1,32.66,55.13,30.12,51.52,66,45.20399999999999
0.35,0.2,-0.25,25.07,11.08,58.62,23.79,62.5,19.28,63.64,11,45.199999999999996
0.25,0.8,0.1,32.94,62.68,53.37,37.5,53.68,36.75,52.04,98,45.198
0.95,0.1,-0.3,32.36,56.27,53.74,34.27,53.61,31.93,50.68,73,45.188
0.75,0.05,-0.25,32.36,56.27,53.74,33.47,52.08,30.12,48.53,68,45.188
0.05,0.55,0.2,34.11,66.47,52.57,39.52,52.67,37.35,52.94,102,45.186
0.05,0.65,0.25,34.11,66.47,52.57,39.92,52.98,37.35,53.4,103,45.186
0.0,0.8,0.25,34.11,66.47,52.57,39.92,52.94,37.35,54.46,101,45.186
0.25,0.0,-0.1,32.36,50.44,53.73,31.45,53.01,28.92,45.31,64,45.182
0.5,0.0,-0.2,32.36,50.44,53.73,31.45,53.01,28.92,45.31,64,45.182
0.75,0.0,-0.3,32.36,50.44,53.73,31.45,53.01,28.92,45.31,64,45.182
0.9,0.25,-0.25,31.78,56.56,54.11,32.66,50.5,30.72,53.73,67,45.178000000000004
0.55,0.15,-0.15,31.78,56.56,54.11,32.66,50.98,30.72,53.73,67,45.178000000000004
0.55,0.25,-0.15,30.61,52.19,54.89,33.47,53.54,30.72,50.0,70,45.178
0.8,0.55,-0.3,29.45,41.4,55.66,34.27,54.55,27.71,44.44,63,45.175999999999995
0.45,0.4,-0.2,27.99,32.65,56.63,34.27,58.67,25.9,43.1,58,45.174
0.45,0.25,-0.2,28.86,35.28,56.04,33.47,57.53,25.9,46.15,52,45.16799999999999
0.75,0.2,-0.25,31.2,51.9,54.48,31.85,49.45,30.72,54.84,62,45.16799999999999
0.55,0.6,-0.3,26.53,26.53,57.58,33.06,57.58,26.51,45.1,51,45.16
1.0,0.3,-0.25,32.36,57.14,53.69,34.68,53.27,31.33,54.41,68,45.158
0.8,0.25,-0.2,32.36,57.14,53.69,34.68,53.27,31.93,53.62,69,45.158
1.0,0.1,-0.3,32.36,57.14,53.69,33.06,52.0,31.93,51.35,74,45.158
0.5,0.05,-0.15,32.36,57.14,53.69,33.06,52.0,31.93,51.35,74,45.158
0.1,0.75,-0.15,31.2,41.98,54.46,33.87,53.76,32.53,53.85,78,45.156000000000006
0.55,0.05,-0.3,30.61,34.11,54.84,30.65,61.11,23.49,48.72,39,45.148
0.85,0.25,-0.25,31.49,55.1,54.23,32.26,52.08,30.72,53.03,66,45.134
1.0,0.3,-0.3,31.49,55.1,54.23,31.45,51.06,30.72,53.03,66,45.134
0.75,0.25,-0.2,31.49,55.1,54.23,34.68,53.77,31.33,52.94,68,45.134
0.95,0.35,-0.25,31.49,55.1,54.23,35.08,54.29,33.13,53.52,71,45.134
0.5,0.15,-0.15,31.49,55.1,54.23,31.45,51.06,30.72,53.03,66,45.134
0.2,0.7,-0.05,33.24,55.1,53.06,37.5,53.28,37.35,53.85,91,45.132
0.0,0.35,-0.05,33.53,51.6,52.86,37.5,56.48,37.35,55.56,90,45.128
0.0,0.7,-0.1,33.53,51.6,52.86,37.5,56.48,37.35,55.56,90,45.128
0.25,0.85,-0.1,32.65,48.69,53.44,37.1,54.95,35.54,54.12,85,45.124
0.5,0.05,-0.3,29.45,30.03,55.56,27.42,59.52,24.7,50.0,38,45.116
0.2,0.4,-0.15,25.95,23.03,57.89,30.65,53.23,27.11,48.08,52,45.114000000000004
0.4,0.8,-0.3,25.95,23.03,57.89,30.65,53.23,27.11,48.08,52,45.114000000000004
0.0,0.3,-0.05,33.82,48.1,52.63,35.08,53.92,34.94,53.49,86,45.106
0.0,0.6,-0.1,33.82,48.1,52.63,35.08,53.92,34.94,53.49,86,45.106
0.0,0.9,-0.15,33.82,48.1,52.63,35.08,53.92,34.94,53.49,86,45.106
0.35,0.15,-0.1,30.32,51.6,54.96,33.87,54.08,30.72,50.75,67,45.104
0.7,0.3,-0.2,30.32,51.6,54.96,33.87,54.08,30.72,50.75,67,45.104
0.5,0.1,-0.15,32.07,55.69,53.79,31.85,50.0,31.33,52.17,69,45.102000000000004
1.0,0.2,-0.3,32.07,55.69,53.79,31.85,50.0,31.33,52.17,69,45.102000000000004
0.1,1.0,-0.2,32.07,44.02,53.78,33.87,54.74,33.13,54.43,79,45.096000000000004
0.05,0.5,-0.1,32.07,44.02,53.78,33.87,54.74,33.13,54.43,79,45.096000000000004
0.35,0.4,-0.3,24.49,6.12,58.82,24.6,68.75,21.08,57.14,14,45.088
0.25,0.85,-0.2,29.74,35.57,55.32,31.85,53.01,31.33,50.0,74,45.088
0.1,0.85,0.3,33.82,65.89,52.6,39.11,53.02,37.95,52.94,102,45.088
0.15,0.95,0.2,33.24,64.43,52.98,39.11,52.7,36.75,53.06,98,45.083999999999996
0.1,0.65,0.15,33.24,64.43,52.98,39.52,52.7,36.75,52.53,99,45.083999999999996
0.9,0.15,-0.25,31.78,59.18,53.95,32.26,51.52,31.93,52.78,72,45.082
0.65,0.4,-0.3,27.99,33.53,56.47,33.47,56.94,25.9,48.98,49,45.077999999999996
0.8,0.1,-0.25,32.07,56.56,53.74,33.47,52.04,31.93,50.68,73,45.072
0.05,0.85,0.25,33.82,66.76,52.57,39.11,52.32,36.75,53.47,101,45.07
0.1,0.6,-0.1,30.61,44.9,54.7,33.87,52.48,34.34,54.76,84,45.064
0.05,0.3,-0.05,30.61,44.9,54.7,33.87,52.48,34.34,54.76,84,45.064
0.15,0.9,-0.15,30.61,44.9,54.7,33.87,52.48,34.34,54.76,84,45.064
0.65,0.45,-0.15,30.32,52.48,54.89,35.89,55.77,30.72,49.33,75,45.062
0.55,0.2,-0.15,31.2,54.52,54.29,34.68,53.33,31.33,52.24,67,45.054
0.95,0.25,-0.25,32.07,57.43,53.69,33.06,50.48,30.72,52.94,68,45.042
0.5,0.7,-0.3,26.53,24.2,57.38,31.45,55.56,26.51,47.06,51,45.04
0.25,0.35,-0.15,26.53,24.2,57.38,31.45,55.56,26.51,47.06,51,45.04
0.4,0.85,-0.3,26.53,24.2,57.38,30.65,53.97,26.51,47.17,53,45.04
0.95,0.2,-0.3,31.78,55.1,53.85,32.26,50.0,30.72,53.03,66,45.022000000000006
0.5,0.35,-0.25,27.41,29.15,56.76,32.26,55.56,24.7,46.81,47,45.019999999999996
0.95,0.35,-0.3,30.61,50.73,54.62,31.85,51.61,30.72,52.31,65,45.016
0.95,0.2,-0.25,32.07,58.31,53.64,32.66,50.98,31.33,53.42,73,45.012
0.75,0.15,-0.2,32.07,58.31,53.64,32.26,50.5,30.72,52.78,72,45.012
0.55,0.1,-0.15,31.49,58.6,54.0,32.26,51.52,30.72,52.78,72,44.995999999999995
1.0,0.35,-0.25,31.78,55.98,53.79,34.68,53.27,31.93,53.52,71,44.986000000000004
0.15,0.85,-0.2,29.45,35.86,55.32,32.66,55.42,30.12,50.7,71,44.972
0.9,0.3,-0.25,30.9,53.94,54.35,33.47,51.96,30.72,53.03,66,44.97
0.75,0.2,-0.2,31.78,56.85,53.74,32.66,50.49,30.72,52.94,68,44.956
0.65,0.35,-0.3,28.86,33.82,55.68,32.26,54.41,25.3,46.94,49,44.952
0.35,0.2,-0.2,27.7,23.32,56.45,29.03,57.14,24.7,47.06,34,44.949999999999996
0.45,0.3,-0.25,28.28,24.49,56.06,30.65,57.14,25.3,51.35,37,44.94800000000001
0.85,0.1,-0.25,32.36,57.43,53.33,32.66,51.52,31.93,51.35,74,44.942
0.35,0.1,-0.2,29.45,27.7,55.26,28.23,57.5,25.3,51.43,35,44.936
0.4,0.3,-0.3,24.78,9.04,58.33,23.79,66.67,20.48,72.73,11,44.91
0.2,0.15,-0.15,24.78,9.04,58.33,23.79,66.67,20.48,72.73,11,44.91
0.95,0.15,-0.3,31.49,55.39,53.85,32.66,50.52,31.33,52.17,69,44.906000000000006
1.0,0.25,-0.3,31.49,55.39,53.85,32.26,50.0,29.52,52.31,65,44.906000000000006
0.55,0.2,-0.3,29.15,27.11,55.41,29.03,60.47,25.3,47.37,38,44.90599999999999
0.1,0.2,-0.1,23.62,9.33,59.09,28.63,59.46,24.7,48.65,37,44.902
0.2,0.4,-0.2,23.62,9.33,59.09,28.63,59.46,24.7,48.65,37,44.902
0.05,0.1,-0.05,23.62,9.33,59.09,28.63,59.46,24.7,48.65,37,44.902
0.3,0.6,-0.3,23.62,9.33,59.09,28.63,59.46,24.7,48.65,37,44.902
0.25,0.5,-0.25,23.62,9.33,59.09,28.63,59.46,24.7,48.65,37,44.902
0.15,0.3,-0.15,23.62,9.33,59.09,28.63,59.46,24.7,48.65,37,44.902
0.4,0.3,-0.2,27.11,29.45,56.76,32.66,58.06,24.1,45.83,48,44.9
0.6,0.45,-0.3,27.11,29.45,56.76,32.66,58.06,24.1,45.83,48,44.9
0.2,0.15,-0.1,27.11,29.45,56.76,32.66,58.06,24.1,45.83,48,44.9
0.5,0.4,-0.25,26.82,28.86,56.94,33.47,56.72,24.1,44.0,50,44.891999999999996
0.05,0.9,0.25,33.82,67.06,52.27,39.52,52.63,36.75,54.0,100,44.89
0.05,1.0,0.3,33.82,67.06,52.27,39.52,52.63,37.35,53.92,102,44.89
0.05,0.75,0.2,33.82,67.06,52.27,39.52,52.63,36.75,54.0,100,44.89
0.1,0.75,-0.25,28.86,26.53,55.56,29.03,54.39,30.12,52.46,61,44.879999999999995
0.15,0.8,-0.25,28.86,26.53,55.56,29.84,53.85,30.12,49.21,63,44.879999999999995
0.0,0.95,-0.2,33.53,44.31,52.42,34.27,54.84,34.34,53.57,84,44.864
0.65,0.05,-0.3,32.07,43.44,53.39,29.84,55.07,27.11,49.06,53,44.862
0.3,0.35,-0.25,23.91,6.71,58.82,25.81,63.64,21.08,56.25,16,44.856
0.6,0.0,-0.3,31.78,41.11,53.57,29.84,55.56,26.51,49.02,51,44.854
0.5,0.0,-0.3,30.61,33.53,54.35,29.03,58.0,25.9,51.11,45,44.854
0.1,0.0,-0.05,31.78,41.11,53.57,29.84,55.56,26.51,49.02,51,44.854
0.25,0.0,-0.15,30.61,33.53,54.35,29.03,58.0,25.9,51.11,45,44.854
0.3,0.0,-0.15,31.78,41.11,53.57,29.84,55.56,26.51,49.02,51,44.854
0.4,0.0,-0.2,31.78,41.11,53.57,29.84,55.56,26.51,49.02,51,44.854
0.2,0.0,-0.1,31.78,41.11,53.57,29.84,55.56,26.51,49.02,51,44.854
0.5,0.0,-0.25,31.78,41.11,53.57,29.84,55.56,26.51,49.02,51,44.854
0.45,1.0,-0.3,28.57,30.03,55.7,31.85,53.95,28.92,51.61,62,44.848
0.05,1.0,-0.25,32.07,37.61,53.33,33.06,54.12,34.34,55.26,76,44.826
0.55,0.15,-0.3,29.74,30.03,54.88,28.23,55.81,27.11,51.22,41,44.824
0.4,0.05,-0.25,29.15,27.99,55.26,26.21,55.26,22.89,47.06,34,44.816
0.7,0.45,-0.3,28.86,35.57,55.43,34.68,56.79,25.3,43.64,55,44.80199999999999
0.2,0.8,-0.15,30.03,41.4,54.63,32.66,53.26,34.94,53.66,82,44.79
0.85,0.35,-0.25,30.03,51.31,54.62,33.47,53.61,30.72,51.52,66,44.784
1.0,0.4,-0.3,30.03,51.31,54.62,33.06,53.12,30.72,51.52,66,44.784
0.5,0.2,-0.15,30.03,51.31,54.62,33.06,53.12,30.72,51.52,66,44.784
0.2,0.75,-0.15,29.74,39.94,54.81,33.06,53.33,34.94,53.66,82,44.782000000000004
0.6,0.5,-0.3,26.53,29.15,56.94,33.47,57.35,24.1,43.14,51,44.775999999999996
0.3,0.25,-0.15,26.53,29.15,56.94,33.47,57.35,24.1,43.14,51,44.775999999999996
0.0,0.85,-0.15,33.53,47.81,52.27,34.68,54.55,35.54,54.02,87,44.774
0.05,0.75,-0.2,31.49,34.69,53.61,31.85,54.43,33.73,55.56,72,44.762
0.55,0.7,-0.3,26.82,26.53,56.72,33.06,58.21,27.11,45.45,55,44.76
0.35,0.6,-0.25,25.36,21.28,57.69,30.65,55.17,26.51,48.0,50,44.757999999999996
0.4,0.75,-0.3,25.36,21.28,57.69,30.65,54.24,26.51,47.06,51,44.757999999999996
0.3,0.5,-0.3,23.62,7.0,58.82,25.81,62.5,22.89,47.83,23,44.74
0.25,0.15,-0.2,23.62,7.0,58.82,23.39,80.0,19.28,80.0,5,44.74
0.15,0.25,-0.15,23.62,7.0,58.82,25.81,62.5,22.89,47.83,23,44.74
0.75,0.3,-0.2,30.9,54.23,53.96,34.68,53.85,31.93,52.17,69,44.736
0.9,0.25,-0.3,30.61,51.9,54.14,31.45,49.44,30.12,52.38,63,44.728
0.2,0.65,-0.05,32.65,54.23,52.78,37.1,53.78,37.35,53.85,91,44.728
0.55,0.35,-0.3,27.99,25.66,55.88,30.24,57.45,25.3,51.35,37,44.724
0.15,1.0,-0.2,30.61,41.11,54.13,33.47,54.35,32.53,53.85,78,44.722
0.0,0.95,-0.15,33.53,50.44,52.17,36.29,55.24,35.54,54.02,87,44.714
0.0,0.65,-0.1,33.53,50.44,52.17,36.29,55.24,35.54,54.65,86,44.714
0.2,0.05,-0.05,31.78,58.02,53.33,33.06,50.0,30.72,52.17,69,44.71
0.6,0.15,-0.15,31.78,58.02,53.33,33.06,50.0,30.72,52.17,69,44.71
0.8,0.2,-0.2,31.78,58.02,53.33,33.06,50.0,30.72,52.17,69,44.71
0.4,0.1,-0.1,31.78,58.02,53.33,33.06,50.0,30.72,52.17,69,44.71
1.0,0.25,-0.25,31.78,58.02,53.33,33.06,50.0,30.72,52.17,69,44.71
0.55,0.0,-0.25,31.78,45.48,53.28,30.65,55.56,28.31,48.28,58,44.68
0.6,0.6,-0.3,25.95,28.86,57.14,33.87,57.14,25.9,45.28,53,44.664
0.5,0.5,-0.25,25.95,28.86,57.14,33.87,57.14,25.9,45.28,53,44.664
0.4,0.4,-0.2,25.95,28.86,57.14,33.87,57.14,25.9,45.28,53,44.664
0.3,0.3,-0.15,25.95,28.86,57.14,33.87,57.14,25.9,45.28,53,44.664
0.2,0.2,-0.1,25.95,28.86,57.14,33.87,57.14,25.9,45.28,53,44.664
0.1,0.1,-0.05,25.95,28.86,57.14,33.87,57.14,25.9,45.28,53,44.664
0.7,0.25,-0.2,30.61,53.64,54.01,33.47,51.96,31.33,53.03,66,44.65
0.85,0.2,-0.25,31.49,56.56,53.42,32.26,50.0,30.72,53.73,67,44.647999999999996
0.85,0.15,-0.25,31.49,56.56,53.42,31.45,50.0,31.33,52.17,69,44.647999999999996
0.55,0.65,-0.3,26.82,27.41,56.52,33.06,58.46,27.11,44.44,54,44.64
0.15,0.75,-0.2,29.45,31.2,54.76,33.06,55.0,30.12,50.72,69,44.635999999999996
0.0,1.0,-0.2,32.94,44.9,52.42,34.68,55.79,34.94,52.94,85,44.628
0.0,0.5,-0.1,32.94,44.9,52.42,34.68,55.79,34.94,52.94,85,44.628
0.0,0.25,-0.05,32.94,44.9,52.42,34.68,55.79,34.94,52.94,85,44.628
0.0,0.75,-0.15,32.94,44.9,52.42,34.68,55.79,34.94,52.94,85,44.628
0.6,0.35,-0.3,27.99,30.61,55.7,32.26,55.74,25.3,50.0,46,44.616
0.4,0.65,-0.3,25.36,18.95,57.45,30.24,56.0,25.3,46.51,43,44.614
0.6,0.2,-0.2,30.03,49.85,54.33,31.85,50.56,30.12,52.38,63,44.61
0.3,0.1,-0.1,30.03,49.85,54.33,31.85,50.56,30.12,52.38,63,44.61
0.15,0.05,-0.05,30.03,49.85,54.33,31.85,50.56,30.12,52.38,63,44.61
0.9,0.3,-0.3,30.03,49.85,54.33,31.85,50.56,30.12,52.38,63,44.61
0.45,0.15,-0.15,30.03,49.85,54.33,31.85,50.56,30.12,52.38,63,44.61
0.75,0.25,-0.25,30.03,49.85,54.33,31.85,50.56,30.12,52.38,63,44.61
0.0,0.8,-0.15,32.94,45.77,52.38,35.08,56.25,34.94,52.94,85,44.604
0.3,0.75,-0.25,27.41,25.36,56.06,30.65,53.03,27.71,50.0,56,44.6
0.15,0.85,-0.25,29.74,28.57,54.43,30.24,54.41,29.52,50.77,65,44.554
1.0,0.15,-0.3,31.78,56.56,53.06,32.26,50.52,31.93,52.86,70,44.548
0.65,0.1,-0.2,31.78,56.56,53.06,32.66,50.52,31.93,52.11,71,44.548
0.25,0.15,-0.15,26.82,20.99,56.36,27.42,55.56,22.89,43.33,30,44.544
0.5,0.3,-0.3,26.82,20.99,56.36,27.42,55.56,22.89,43.33,30,44.544
0.1,0.85,-0.25,30.32,31.49,54.02,31.05,55.71,33.13,55.07,69,44.54
0.65,0.25,-0.2,30.03,51.6,54.2,32.66,52.08,30.72,52.31,65,44.532000000000004
0.2,1.0,-0.25,29.45,32.94,54.55,32.26,55.0,30.72,50.7,71,44.51
0.35,0.2,-0.15,29.15,36.44,54.74,33.06,55.84,25.3,46.15,52,44.504000000000005
0.7,0.4,-0.3,29.15,36.44,54.74,33.06,55.84,25.3,46.15,52,44.504000000000005
0.95,0.25,-0.3,30.9,54.52,53.57,31.45,50.0,30.12,53.12,64,44.501999999999995
0.8,0.2,-0.25,30.9,54.52,53.57,31.45,50.0,30.12,52.31,65,44.501999999999995
0.1,0.95,-0.3,29.74,29.45,54.32,29.44,52.31,31.93,54.55,66,44.488
0.45,0.1,-0.25,30.03,30.9,54.12,29.03,56.52,25.9,55.56,36,44.483999999999995
0.0,1.0,-0.15,32.94,51.02,52.17,36.69,55.66,37.35,56.18,89,44.478
0.1,0.7,-0.25,28.57,25.36,55.07,28.23,55.77,29.52,51.72,58,44.47
0.5,0.1,-0.3,29.15,27.41,54.67,28.23,60.53,24.1,53.33,30,44.462
0.25,0.05,-0.15,29.15,27.41,54.67,28.23,60.53,24.1,53.33,30,44.462
0.15,0.8,-0.2,29.15,32.36,54.65,32.26,55.0,30.72,50.7,71,44.45
0.3,0.45,-0.3,23.62,4.66,58.33,24.6,73.33,20.48,41.18,17,44.446
0.65,0.0,-0.3,31.78,44.9,52.89,30.65,54.93,28.92,50.0,58,44.446
0.1,0.15,-0.1,23.62,4.66,58.33,24.6,73.33,20.48,41.18,17,44.446
0.2,0.3,-0.2,23.62,4.66,58.33,24.6,73.33,20.48,41.18,17,44.446
0.8,0.3,-0.25,30.32,50.73,53.85,31.85,51.61,30.72,52.31,65,44.438
0.1,0.5,-0.15,28.86,26.82,54.79,30.24,53.73,29.52,50.0,64,44.41799999999999
0.2,1.0,-0.3,28.86,26.82,54.79,30.24,53.73,29.52,50.0,64,44.41799999999999
0.4,0.35,-0.2,26.53,28.57,56.34,33.47,57.35,24.1,43.14,51,44.416000000000004
0.25,0.25,-0.2,24.2,7.29,57.89,25.81,73.68,21.08,61.54,13,44.414
0.3,0.4,-0.25,24.49,10.2,57.69,27.02,60.0,22.89,46.15,26,44.41
0.45,0.0,-0.25,30.61,35.57,53.61,30.24,59.65,27.11,51.06,47,44.41
0.35,0.0,-0.2,30.61,35.57,53.61,29.84,57.41,27.11,50.0,48,44.41
0.8,0.15,-0.25,31.2,54.52,53.19,31.85,49.46,30.72,53.03,66,44.394
0.2,0.35,-0.15,25.66,20.41,56.86,30.65,55.36,25.3,46.81,47,44.38
0.4,0.7,-0.3,25.66,20.41,56.86,30.65,55.36,25.3,46.81,47,44.38
0.55,0.5,-0.25,27.11,30.61,55.84,33.87,58.33,25.3,42.11,57,44.348
0.15,0.95,-0.3,28.86,27.7,54.67,29.44,53.97,29.52,50.0,62,44.346000000000004
1.0,0.35,-0.3,30.32,53.35,53.68,32.26,50.51,31.33,53.03,66,44.336
0.9,0.35,-0.25,30.32,53.35,53.68,34.27,54.46,30.72,51.52,66,44.336
0.85,0.3,-0.25,30.32,53.35,53.68,33.06,51.49,31.33,53.03,66,44.336
0.95,0.4,-0.25,30.32,53.35,53.68,34.68,54.9,31.33,50.7,71,44.336
0.2,0.8,-0.25,27.99,25.07,55.22,30.65,53.73,28.92,47.62,63,44.327999999999996
0.45,0.25,-0.25,27.7,24.49,55.38,29.44,53.19,24.1,45.71,35,44.308
0.4,0.25,-0.25,25.95,17.78,56.52,27.42,65.52,22.29,46.15,26,44.292
0.2,0.9,-0.3,26.82,22.74,55.93,29.84,53.33,27.71,46.67,60,44.286
0.1,0.45,-0.15,26.82,22.74,55.93,29.84,53.33,27.71,46.67,60,44.286
0.2,0.65,-0.2,28.28,26.53,54.93,31.45,53.62,28.92,50.0,62,44.269999999999996
0.25,0.8,-0.25,28.28,26.53,54.93,31.45,53.73,28.31,49.18,61,44.269999999999996
0.0,0.7,-0.15,33.24,44.31,51.61,34.27,54.84,33.73,53.01,83,44.262
0.3,0.8,-0.3,26.24,18.37,56.25,31.05,55.36,27.11,46.15,52,44.246
0.15,0.4,-0.15,26.24,18.37,56.25,31.05,55.36,27.11,46.15,52,44.246
0.0,0.55,-0.1,32.65,46.36,51.97,35.08,55.1,34.34,52.94,85,44.242
0.95,0.3,-0.25,31.49,56.27,52.74,34.27,53.33,31.33,53.73,67,44.239999999999995
0.2,0.7,-0.2,28.86,29.45,54.43,31.85,55.41,29.52,50.0,66,44.202
0.1,0.35,-0.1,28.86,29.45,54.43,31.85,55.41,29.52,50.0,66,44.202
0.45,0.25,-0.3,25.36,14.29,56.76,24.6,57.14,20.48,64.29,14,44.199999999999996
0.65,0.2,-0.2,30.61,54.23,53.24,31.45,51.06,30.72,53.03,66,44.188
0.2,0.35,-0.2,23.62,7.87,57.89,26.21,61.54,24.1,48.15,27,44.182
0.3,0.15,-0.2,26.24,15.16,56.1,25.0,56.52,19.88,61.54,13,44.156
0.1,1.0,-0.3,30.03,30.32,53.57,29.84,52.94,33.13,55.07,69,44.153999999999996
0.15,0.85,-0.15,30.03,42.86,53.57,34.27,54.08,34.34,56.1,82,44.153999999999996
0.05,0.5,-0.15,30.03,30.32,53.57,29.84,52.94,33.13,55.07,69,44.153999999999996
0.05,0.45,-0.15,29.45,27.41,53.95,29.84,55.0,30.12,53.33,60,44.15
0.1,0.9,-0.3,29.45,27.41,53.95,29.84,55.0,30.12,53.33,60,44.15
0.2,0.9,-0.25,28.86,30.32,54.32,32.66,54.55,28.92,49.25,67,44.135999999999996
0.05,0.6,-0.2,30.61,28.28,53.09,29.03,53.23,32.53,57.81,64,44.098
0.15,0.95,-0.2,30.32,40.23,53.27,33.47,55.68,31.93,53.25,77,44.09
0.25,0.6,-0.25,25.07,14.58,56.76,30.24,56.25,25.9,46.67,45,44.083999999999996
0.55,0.0,-0.3,30.61,35.86,53.06,30.24,59.65,27.11,51.06,47,44.08
0.5,0.35,-0.3,26.82,20.41,55.56,27.82,55.26,24.1,48.39,31,44.064
0.3,0.7,-0.25,26.24,23.32,55.93,31.05,52.38,25.9,47.06,51,44.054
0.25,0.55,-0.2,26.24,23.32,55.93,30.65,52.46,26.51,47.06,51,44.054
0.65,0.45,-0.3,27.99,32.65,54.76,33.47,56.76,24.7,44.23,52,44.05199999999999
0.5,0.15,-0.3,28.28,24.2,54.55,26.61,50.0,24.1,51.61,31,44.042
0.25,1.0,-0.2,29.45,40.82,53.77,32.66,53.93,34.34,53.75,80,44.042
0.3,1.0,-0.3,27.7,27.11,54.93,31.85,54.29,28.92,50.0,64,44.038
0.15,0.5,-0.15,27.7,27.11,54.93,31.85,54.29,28.92,50.0,64,44.038
0.25,0.6,-0.2,27.11,25.95,55.22,30.65,53.73,27.71,50.0,56,43.976
0.25,0.95,-0.25,28.57,31.49,54.22,31.45,54.55,30.12,50.0,68,43.959999999999994
0.15,0.9,-0.2,29.74,39.07,53.4,33.47,55.81,31.33,52.63,76,43.936
0.25,0.95,-0.3,27.99,24.49,54.55,30.65,53.03,28.92,47.62,63,43.925999999999995
0.45,0.35,-0.2,27.41,32.36,54.88,34.27,58.67,24.7,41.82,55,43.891999999999996
0.55,0.35,-0.25,27.7,33.82,54.65,34.27,56.58,25.3,48.0,50,43.87
0.15,0.75,-0.25,27.41,23.32,54.84,29.44,54.39,28.92,47.46,59,43.868
0.2,0.35,-0.25,23.91,2.04,57.14,23.39,77.78,21.08,46.15,13,43.848
0.55,0.45,-0.25,27.11,31.78,55.0,34.68,59.46,24.7,41.82,55,43.844
0.45,0.2,-0.25,27.7,24.78,54.55,29.84,60.47,25.3,50.0,36,43.809999999999995
0.65,0.55,-0.3,26.82,31.2,55.13,34.27,59.72,24.7,43.4,53,43.806000000000004
0.45,0.15,-0.3,26.53,17.49,55.32,23.79,47.83,20.48,50.0,16,43.804
0.3,0.1,-0.2,26.53,17.49,55.32,23.79,47.83,20.48,50.0,16,43.804
0.15,0.05,-0.1,26.53,17.49,55.32,23.79,47.83,20.48,50.0,16,43.804
0.1,0.55,-0.1,29.74,42.57,53.15,34.27,54.64,34.94,56.1,82,43.786
0.65,0.6,-0.3,26.53,30.61,55.26,33.87,59.15,25.3,42.86,56,43.768
0.15,0.05,-0.15,25.36,8.75,56.0,24.6,42.86,24.1,56.52,23,43.744
0.3,0.1,-0.3,25.36,8.75,56.0,24.6,42.86,24.1,56.52,23,43.744
0.1,0.8,-0.3,28.57,23.32,53.85,28.23,52.94,29.52,54.24,59,43.738
0.05,0.4,-0.15,28.57,23.32,53.85,28.23,52.94,29.52,54.24,59,43.738
0.15,0.3,-0.25,23.62,2.33,57.14,22.18,80.0,19.28,42.86,7,43.732
0.45,0.05,-0.3,28.86,24.78,53.62,25.81,52.78,22.89,48.39,31,43.715999999999994
0.3,0.65,-0.25,26.24,21.87,55.36,31.05,53.45,25.9,46.94,49,43.712
0.15,0.8,-0.15,29.45,41.98,53.21,34.27,54.17,33.73,55.0,80,43.706
0.05,0.95,-0.25,31.2,34.99,52.04,32.66,53.57,34.94,56.0,75,43.70399999999999
0.2,0.95,-0.25,28.86,32.36,53.49,33.06,55.0,30.72,51.43,70,43.638000000000005
0.15,0.3,-0.2,23.32,2.62,57.14,23.39,70.0,21.08,42.86,14,43.612
0.25,0.4,-0.25,23.32,5.83,57.14,25.4,70.0,22.29,47.62,21,43.612
0.55,0.4,-0.25,27.7,32.36,54.22,33.87,57.33,24.1,41.51,53,43.611999999999995
0.1,0.4,-0.1,28.86,33.24,53.41,31.85,54.43,31.93,51.39,72,43.59
0.05,0.2,-0.05,28.86,33.24,53.41,31.85,54.43,31.93,51.39,72,43.59
0.2,0.8,-0.2,28.86,33.24,53.41,31.85,54.43,31.93,51.39,72,43.59
0.15,0.6,-0.15,28.86,33.24,53.41,31.85,54.43,31.93,51.39,72,43.59
0.25,1.0,-0.25,28.86,33.24,53.41,31.85,54.43,31.93,51.39,72,43.59
0.05,0.65,-0.2,29.45,30.32,53.01,29.03,53.03,31.93,56.06,66,43.586
0.25,0.85,-0.25,27.7,27.41,54.17,31.45,54.93,29.52,50.0,66,43.582
0.35,0.9,-0.3,27.11,25.36,54.55,31.05,53.12,26.51,47.27,55,43.574
0.95,0.3,-0.3,30.03,52.77,52.59,31.45,51.06,30.12,53.12,64,43.566
0.1,0.8,-0.25,29.15,28.86,53.16,29.84,55.56,31.93,53.73,67,43.556
0.2,0.55,-0.2,26.53,19.24,54.9,30.24,54.39,27.11,46.3,54,43.552
0.25,1.0,-0.3,28.57,25.95,53.52,31.05,54.29,30.12,50.0,66,43.540000000000006
0.5,0.2,-0.3,27.41,21.87,54.24,27.42,55.88,21.69,47.83,23,43.507999999999996
0.25,0.1,-0.15,27.41,21.87,54.24,27.42,55.88,21.69,47.83,23,43.507999999999996
0.2,0.75,-0.2,28.28,31.2,53.66,31.45,54.55,30.12,50.0,68,43.507999999999996
0.2,0.7,-0.25,26.53,20.12,54.72,30.24,52.54,27.71,46.43,56,43.444
0.05,0.8,-0.25,30.03,30.03,52.38,29.44,54.55,32.53,55.88,68,43.44
0.65,0.5,-0.3,27.11,32.07,54.32,34.27,58.11,24.1,41.51,53,43.436
0.45,0.3,-0.2,27.41,33.53,54.12,33.87,56.41,25.3,44.44,54,43.43599999999999
0.0,0.45,-0.1,32.94,42.86,50.41,33.47,54.95,33.73,53.01,83,43.422
0.0,0.9,-0.2,32.94,42.86,50.41,33.47,54.95,33.73,53.01,83,43.422
0.25,0.3,-0.2,24.49,9.62,56.0,27.02,64.29,22.89,46.15,26,43.396
0.2,0.9,-0.2,29.74,37.9,52.48,32.66,55.29,31.33,52.0,75,43.384
0.1,0.45,-0.1,29.74,37.9,52.48,32.66,55.29,31.33,52.0,75,43.384
0.2,0.85,-0.2,28.57,35.28,53.26,32.66,54.22,31.93,52.05,73,43.384
0.35,0.65,-0.3,25.07,13.99,55.56,30.24,58.7,25.3,47.5,40,43.364
0.4,0.2,-0.3,25.07,9.91,55.56,23.39,72.73,18.67,57.14,7,43.364
0.2,0.1,-0.15,25.07,9.91,55.56,23.39,72.73,18.67,57.14,7,43.364
0.05,0.75,-0.25,30.61,27.99,51.85,28.23,52.46,32.53,56.92,65,43.354
0.0,0.85,-0.2,32.07,41.69,50.86,33.06,55.68,34.34,53.09,81,43.344
0.0,0.65,-0.15,32.07,41.69,50.86,33.06,55.68,34.34,53.09,81,43.344
0.8,0.25,-0.25,30.03,53.06,52.21,31.45,51.06,30.12,52.31,65,43.338
0.2,0.95,-0.3,27.7,25.07,53.73,30.24,54.69,28.92,48.39,62,43.318
0.25,0.9,-0.25,28.57,30.32,53.09,31.85,55.41,29.52,49.25,67,43.282
0.05,0.95,-0.3,30.61,30.61,51.72,28.23,51.52,32.53,55.88,68,43.275999999999996
0.3,0.95,-0.3,27.7,25.95,53.62,31.45,53.73,27.11,47.46,59,43.251999999999995
0.05,0.25,-0.05,29.45,39.94,52.38,33.87,54.35,33.13,53.85,78,43.208
0.15,0.75,-0.15,29.45,39.94,52.38,33.87,54.35,33.13,53.85,78,43.208
0.1,0.5,-0.1,29.45,39.94,52.38,33.87,54.35,33.13,53.85,78,43.208
0.2,1.0,-0.2,29.45,39.94,52.38,33.87,54.35,33.13,53.85,78,43.208
0.15,0.55,-0.15,28.28,30.61,53.09,31.45,55.41,30.12,50.0,68,43.166
0.05,1.0,-0.3,30.32,31.78,51.69,29.44,52.17,32.53,55.88,68,43.141999999999996
0.25,0.0,-0.2,29.74,25.36,52.05,27.42,51.06,24.7,45.45,44,43.126
0.15,0.65,-0.15,28.86,36.15,52.63,32.26,54.76,30.72,52.05,73,43.122
0.05,0.85,-0.25,30.32,32.65,51.65,29.44,50.7,33.13,56.52,69,43.117999999999995
0.35,0.8,-0.3,25.66,20.99,54.72,31.45,53.33,25.9,46.0,50,43.096000000000004
0.4,0.2,-0.25,27.11,19.83,53.7,26.61,60.71,21.69,61.11,18,43.064
0.15,0.1,-0.2,25.07,6.71,55.0,22.58,36.36,24.1,45.45,22,43.028
0.2,0.85,-0.25,28.57,27.99,52.63,31.45,54.93,30.12,50.0,66,43.006
0.25,0.5,-0.2,24.78,20.12,55.1,31.05,55.17,25.9,46.94,49,42.972
0.3,0.85,-0.3,26.82,20.12,53.7,30.65,54.24,26.51,46.3,54,42.948
0.2,0.95,-0.2,29.45,39.36,51.92,33.47,55.06,32.53,53.25,77,42.932
0.15,0.7,-0.15,29.45,39.36,51.92,33.06,54.55,32.53,53.25,77,42.932
0.15,0.35,-0.25,23.91,2.92,55.56,22.18,57.14,20.48,45.45,11,42.9
0.15,0.55,-0.2,26.24,18.95,54.0,29.84,54.55,27.11,45.45,55,42.896
0.25,0.65,-0.25,25.66,17.78,54.35,31.05,56.6,27.71,47.06,51,42.874
0.25,0.9,-0.3,27.11,22.45,53.33,29.84,52.46,28.31,47.46,59,42.842
0.35,0.7,-0.3,24.2,15.74,55.26,31.05,60.42,27.11,48.94,47,42.836
0.25,0.85,-0.3,26.53,20.41,53.7,30.65,52.46,27.71,47.27,55,42.832
0.35,0.45,-0.3,23.62,7.29,55.56,26.61,64.0,22.89,52.17,23,42.784
0.3,0.65,-0.3,24.2,11.66,55.17,29.03,60.0,25.9,48.78,41,42.782
0.25,0.55,-0.25,24.2,11.66,55.17,29.03,60.0,26.51,50.0,42,42.782
0.05,0.9,-0.25,30.32,33.82,51.06,30.65,52.63,33.13,54.93,71,42.763999999999996
0.25,0.1,-0.25,25.07,7.58,54.55,23.79,43.75,21.69,47.06,17,42.757999999999996
0.4,0.0,-0.25,29.15,30.32,51.81,27.82,53.19,25.3,50.0,44,42.745999999999995
0.3,0.0,-0.25,28.57,24.78,52.17,27.42,48.0,24.7,44.44,45,42.730000000000004
0.15,0.65,-0.2,27.41,25.66,52.94,30.65,54.55,29.52,48.44,64,42.727999999999994
0.15,0.6,-0.2,26.82,22.74,53.33,30.24,52.38,28.31,46.67,60,42.726
0.2,0.45,-0.2,24.49,12.24,54.84,29.03,60.0,25.9,48.84,43,42.7
0.45,0.2,-0.3,26.24,14.87,53.66,25.0,56.52,19.88,53.33,15,42.692
0.2,0.85,-0.3,25.95,20.12,53.85,30.24,55.36,28.92,47.37,57,42.690000000000005
0.0,0.7,-0.2,31.49,36.73,50.0,29.84,52.0,34.94,56.76,74,42.596000000000004
0.0,0.9,-0.25,31.49,37.61,50.0,30.65,53.25,34.34,54.67,75,42.596000000000004
0.0,0.35,-0.1,31.49,36.73,50.0,29.84,52.0,34.94,56.76,74,42.596000000000004
0.35,0.0,-0.25,29.45,25.95,51.35,26.61,56.76,25.9,50.0,40,42.59
0.05,0.55,-0.2,29.45,25.95,51.35,27.82,53.85,30.12,55.0,60,42.59
0.4,0.1,-0.25,27.99,23.62,52.31,26.21,56.67,24.1,56.0,25,42.582
0.2,0.4,-0.25,23.03,3.79,55.56,25.0,70.59,21.08,38.1,21,42.548
0.5,0.25,-0.3,27.41,21.57,52.54,28.23,60.0,22.89,52.0,25,42.488
0.35,0.85,-0.3,25.66,22.16,53.57,31.45,52.38,25.9,47.17,53,42.406
0.05,0.9,-0.3,30.03,28.28,50.62,29.03,54.69,32.53,56.92,65,42.384
0.15,0.35,-0.15,24.49,13.99,54.29,29.44,56.82,25.9,48.84,43,42.37
0.3,0.7,-0.3,24.49,13.99,54.29,29.44,56.82,25.9,48.84,43,42.37
0.3,0.55,-0.25,24.78,14.58,54.05,30.65,58.33,26.51,48.84,43,42.342
0.3,0.55,-0.3,23.32,8.45,55.0,27.02,58.06,24.7,48.39,31,42.328
0.25,0.45,-0.25,23.32,8.45,55.0,26.61,56.67,23.49,46.43,28,42.328
0.0,0.55,-0.15,31.49,37.9,49.53,30.65,52.56,34.34,54.67,75,42.314
0.25,0.7,-0.25,26.53,19.83,52.83,30.65,55.17,26.51,46.3,54,42.31
0.4,0.15,-0.25,26.82,21.28,52.63,26.21,57.14,21.08,45.45,22,42.306
0.2,0.75,-0.25,26.82,22.16,52.54,29.84,51.61,28.31,47.46,59,42.251999999999995
0.05,0.7,-0.2,29.74,32.07,50.56,30.24,52.7,33.73,55.71,70,42.232
0.1,0.6,-0.2,27.11,24.49,52.31,29.44,55.17,28.92,47.46,59,42.230000000000004
0.15,0.9,-0.3,27.11,24.49,52.31,29.44,55.17,28.92,47.46,59,42.230000000000004
0.05,0.3,-0.1,27.11,24.49,52.31,29.44,55.17,28.92,47.46,59,42.230000000000004
0.35,0.15,-0.2,26.82,23.03,52.46,29.44,59.52,24.7,53.12,32,42.204
0.4,0.15,-0.3,25.95,11.95,52.94,23.39,50.0,19.88,50.0,10,42.144
0.15,0.7,-0.25,26.24,20.99,52.73,29.84,54.55,28.31,49.09,55,42.134
0.05,0.6,-0.25,27.99,23.91,51.52,28.23,52.08,28.92,56.86,51,42.108
0.2,0.5,-0.2,24.49,15.74,53.85,29.84,55.1,26.51,45.83,48,42.106
0.1,0.25,-0.1,24.49,15.74,53.85,29.84,55.1,26.51,45.83,48,42.106
0.3,0.75,-0.3,24.49,15.74,53.85,29.84,55.1,26.51,45.83,48,42.106
0.45,0.1,-0.3,27.41,20.12,51.79,26.61,58.06,22.29,52.38,21,42.038
0.1,0.3,-0.1,27.7,23.32,51.56,31.45,54.69,26.51,47.27,55,42.016
0.15,0.45,-0.15,27.7,23.32,51.56,31.45,54.69,26.51,47.27,55,42.016
0.2,0.6,-0.2,27.7,23.32,51.56,31.45,54.69,26.51,47.27,55,42.016
0.25,0.75,-0.25,27.7,23.32,51.56,31.45,54.69,26.51,47.27,55,42.016
0.3,0.9,-0.3,27.7,23.32,51.56,31.45,54.69,26.51,47.27,55,42.016
0.05,0.15,-0.05,27.7,23.32,51.56,31.45,54.69,26.51,47.27,55,42.016
0.3,0.6,-0.25,24.78,17.2,53.49,31.45,57.69,26.51,46.94,49,42.006
0.0,0.85,-0.3,30.61,32.65,49.46,27.42,46.88,33.13,56.92,65,41.92
0.0,0.7,-0.25,30.61,31.78,49.45,28.23,48.44,32.53,56.25,64,41.914
0.35,0.0,-0.3,28.57,25.36,50.7,27.02,47.06,25.3,44.68,47,41.848
0.0,0.95,-0.25,30.9,37.9,49.06,31.85,54.22,33.73,53.25,77,41.796
0.2,0.1,-0.2,24.49,4.96,53.33,21.77,25.0,18.67,37.5,8,41.794
0.1,0.05,-0.1,24.49,4.96,53.33,21.77,25.0,18.67,37.5,8,41.794
0.3,0.15,-0.3,24.49,4.96,53.33,21.77,25.0,18.67,37.5,8,41.794
0.2,0.0,-0.15,29.45,25.66,50.0,27.02,51.16,25.3,45.24,42,41.78
0.4,0.0,-0.3,29.45,25.66,50.0,27.02,51.16,25.3,45.24,42,41.78
0.2,0.65,-0.25,25.66,15.74,52.38,29.84,56.86,25.9,47.92,48,41.692
0.0,1.0,-0.3,31.2,35.28,48.51,29.84,52.78,33.73,56.34,71,41.586
0.0,0.5,-0.15,31.2,35.28,48.51,29.84,52.78,33.73,56.34,71,41.586
0.3,0.05,-0.2,27.7,21.87,50.82,27.42,54.29,22.29,44.44,27,41.571999999999996
0.0,0.75,-0.2,30.9,38.19,48.6,31.05,53.09,33.73,53.25,77,41.519999999999996
0.15,0.65,-0.25,25.66,18.37,52.08,30.24,55.77,28.31,49.06,53,41.512
0.35,0.05,-0.25,27.41,19.53,50.91,25.81,54.84,24.1,46.43,28,41.51
0.3,0.15,-0.25,24.2,6.12,52.94,22.58,55.56,18.67,50.0,6,41.443999999999996
0.0,0.8,-0.2,30.61,39.36,48.62,33.06,55.81,33.73,52.5,80,41.416
0.0,1.0,-0.25,30.61,39.36,48.62,33.06,55.81,33.73,52.5,80,41.416
0.0,0.4,-0.1,30.61,39.36,48.62,33.06,55.81,33.73,52.5,80,41.416
0.0,0.6,-0.15,30.61,39.36,48.62,33.06,55.81,33.73,52.5,80,41.416
0.0,0.2,-0.05,30.61,39.36,48.62,33.06,55.81,33.73,52.5,80,41.416
0.1,0.65,-0.25,27.11,21.57,50.85,29.44,54.0,29.52,54.55,55,41.354
0.1,0.75,-0.3,27.11,21.57,50.85,27.82,50.0,28.31,54.9,51,41.354
0.2,0.05,-0.25,25.36,20.41,51.92,28.63,47.62,30.12,52.63,57,41.296
0.35,0.75,-0.3,24.49,16.91,52.38,30.24,53.7,26.51,46.94,49,41.224000000000004
0.05,0.0,-0.25,33.53,71.14,46.35,32.66,45.27,35.54,46.73,107,41.222
0.2,0.55,-0.3,23.03,6.41,53.33,25.0,59.09,23.49,46.15,26,41.21
0.35,0.05,-0.3,26.24,15.45,51.16,25.4,48.39,25.3,51.72,29,41.192
0.0,0.85,-0.25,30.9,35.86,48.04,29.84,52.05,34.34,56.94,72,41.184
0.0,0.3,-0.1,30.32,33.53,48.42,28.23,48.57,33.13,55.88,68,41.18
0.0,0.6,-0.2,30.32,33.53,48.42,28.23,48.57,33.13,55.88,68,41.18
0.0,0.15,-0.05,30.32,33.53,48.42,28.23,48.57,33.13,55.88,68,41.18
0.0,0.45,-0.15,30.32,33.53,48.42,28.23,48.57,33.13,55.88,68,41.18
0.0,0.9,-0.3,30.32,33.53,48.42,28.23,48.57,33.13,55.88,68,41.18
0.0,0.75,-0.25,30.32,33.53,48.42,28.23,48.57,33.13,55.88,68,41.18
0.25,0.1,-0.3,25.66,11.66,51.52,24.6,45.16,26.51,51.43,35,41.176
0.3,0.0,-0.2,28.86,28.28,49.37,27.42,54.55,24.1,50.0,38,41.166
0.15,0.0,-0.1,28.86,28.28,49.37,27.42,54.55,24.1,50.0,38,41.166
0.45,0.0,-0.3,28.86,28.28,49.37,27.42,54.55,24.1,50.0,38,41.166
0.05,0.7,-0.25,28.86,26.53,49.33,29.03,55.17,30.12,54.1,61,41.141999999999996
0.25,0.55,-0.3,22.74,6.71,53.33,25.4,56.0,23.49,46.15,26,41.093999999999994
0.25,0.8,-0.3,25.95,17.49,51.06,29.84,54.72,25.9,44.23,52,41.016
0.0,0.55,-0.2,30.03,31.2,48.31,27.82,48.39,32.53,58.06,62,40.998000000000005
0.15,0.05,-0.2,25.95,20.99,50.91,29.44,47.69,28.31,50.91,55,40.925999999999995
0.05,0.8,-0.3,29.15,27.41,48.72,27.42,49.06,30.12,54.24,59,40.891999999999996
0.05,0.75,-0.3,28.28,25.36,49.3,28.23,50.0,30.12,56.36,55,40.891999999999996
0.0,0.95,-0.3,30.32,33.82,47.92,29.84,52.78,34.34,57.14,70,40.879999999999995
0.2,0.0,-0.25,30.03,36.73,48.04,29.84,45.74,31.93,48.72,78,40.836
0.05,0.0,-0.3,33.24,72.01,45.88,32.26,44.97,36.14,46.79,109,40.824000000000005
0.2,0.8,-0.3,25.36,18.08,51.06,30.24,56.6,28.31,48.15,54,40.78
0.1,0.4,-0.15,25.36,18.08,51.06,30.24,56.6,28.31,48.15,54,40.78
0.05,0.0,-0.2,33.24,69.39,45.74,31.45,44.76,34.34,46.08,102,40.74
0.0,0.4,-0.15,30.03,31.49,47.78,27.02,48.39,31.93,57.14,63,40.68
0.0,0.8,-0.3,30.03,31.49,47.78,27.02,48.39,31.93,57.14,63,40.68
0.25,0.0,-0.3,29.74,34.4,47.92,29.44,43.96,31.33,48.68,76,40.647999999999996
0.15,0.5,-0.25,23.03,9.04,52.38,25.81,53.33,24.7,48.39,31,40.64
0.0,0.8,-0.25,30.32,34.11,47.42,30.24,53.42,33.73,57.14,70,40.58
0.25,0.6,-0.3,22.74,9.33,52.38,27.02,56.25,26.51,48.65,37,40.524
0.05,0.5,-0.2,27.41,23.62,49.23,27.02,51.11,28.92,56.6,53,40.501999999999995
0.4,0.05,-0.3,26.24,17.49,50.0,25.4,51.72,23.49,44.83,29,40.496
0.1,0.55,-0.2,26.24,20.99,50.0,29.03,55.77,28.92,50.91,55,40.496
0.15,0.8,-0.3,26.24,20.99,50.0,29.84,56.86,28.92,50.91,55,40.496
0.05,0.05,-0.2,32.07,60.93,46.06,32.26,45.24,34.34,47.25,91,40.464
0.05,0.0,-0.15,32.65,65.6,45.51,32.66,46.72,34.34,46.46,99,40.366
0.1,0.0,-0.3,32.65,65.6,45.51,32.66,46.72,34.34,46.46,99,40.366
0.35,0.15,-0.25,25.36,12.24,50.0,23.79,52.63,17.47,42.86,7,40.144
0.0,0.65,-0.2,30.03,33.82,46.88,29.84,52.78,33.73,57.14,70,40.14
0.15,0.85,-0.3,26.53,21.87,49.15,28.63,54.72,28.92,50.0,56,40.102000000000004
0.05,0.1,-0.3,31.78,63.56,45.61,31.05,44.35,33.13,45.56,90,40.078
0.25,0.75,-0.3,25.07,14.29,50.0,29.44,57.78,25.9,48.94,47,40.028
0.05,0.85,-0.3,28.86,27.41,47.44,28.63,55.0,30.72,54.84,62,40.007999999999996
0.3,0.05,-0.25,26.82,13.7,48.78,24.19,41.67,25.3,51.72,29,39.996
0.05,0.05,-0.25,31.78,65.6,45.45,30.65,43.94,36.14,46.46,99,39.982
0.0,0.0,-0.3,32.36,79.59,45.02,34.27,46.3,38.55,45.45,121,39.956
0.0,0.0,-0.05,32.36,79.59,45.02,34.27,46.3,38.55,45.45,121,39.956
0.0,0.0,-0.1,32.36,79.59,45.02,34.27,46.3,38.55,45.45,121,39.956
0.0,0.0,-0.2,32.36,79.59,45.02,34.27,46.3,38.55,45.45,121,39.956
0.0,0.0,-0.25,32.36,79.59,45.02,34.27,46.3,38.55,45.45,121,39.956
0.0,0.0,-0.15,32.36,79.59,45.02,34.27,46.3,38.55,45.45,121,39.956
0.05,0.4,-0.2,26.24,20.41,49.09,25.4,48.57,27.11,56.41,39,39.95
0.05,0.7,-0.3,27.99,25.36,47.89,27.42,51.11,28.92,56.86,51,39.93
0.05,0.65,-0.25,27.99,25.36,47.89,27.82,50.0,29.52,54.39,57,39.93
0.15,0.5,-0.2,24.78,14.58,50.0,30.24,59.18,26.51,48.94,47,39.912
0.0,0.1,-0.3,32.65,70.26,44.74,32.66,46.67,34.34,45.45,99,39.904
0.0,0.05,-0.15,32.65,70.26,44.74,32.66,46.67,34.34,45.45,99,39.904
0.05,0.1,-0.25,31.49,57.43,45.51,30.65,46.43,33.13,47.67,86,39.902
0.0,0.25,-0.3,30.03,56.27,46.31,27.42,43.3,29.52,45.83,72,39.798
0.15,0.75,-0.3,25.95,17.2,48.94,29.44,55.1,27.11,51.02,49,39.744
0.05,0.25,-0.1,25.95,17.2,48.94,29.44,55.1,27.11,51.02,49,39.744
0.1,0.5,-0.2,25.95,17.2,48.94,29.44,55.1,27.11,51.02,49,39.744
0.05,0.05,-0.3,32.07,67.93,44.81,32.66,46.38,35.54,46.08,102,39.714
0.0,0.2,-0.25,30.03,56.56,46.0,28.23,43.56,29.52,46.05,76,39.611999999999995
0.25,0.05,-0.3,25.36,20.41,49.06,27.82,45.16,30.72,50.82,61,39.58
0.3,0.2,-0.3,23.91,2.33,50.0,21.77,50.0,18.07,40.0,5,39.564
0.25,0.2,-0.25,23.91,2.33,50.0,21.77,75.0,18.07,50.0,2,39.564
0.15,0.1,-0.15,23.91,2.33,50.0,21.77,50.0,18.07,40.0,5,39.564
0.15,0.2,-0.25,23.91,4.08,50.0,23.39,46.67,18.67,37.5,8,39.564
0.3,0.25,-0.3,23.91,2.33,50.0,21.77,75.0,18.07,50.0,2,39.564
0.2,0.15,-0.2,23.91,2.33,50.0,21.77,60.0,18.07,25.0,4,39.564
0.0,0.05,-0.3,32.07,75.8,44.55,32.26,44.08,35.54,45.87,109,39.558
0.1,0.0,-0.25,31.2,62.97,44.97,31.05,45.8,33.13,47.37,95,39.462
0.35,0.2,-0.3,23.62,4.37,50.0,22.58,55.56,18.07,50.0,4,39.448
0.25,0.65,-0.3,23.62,11.37,50.0,29.03,58.97,27.11,50.0,42,39.448
0.15,0.25,-0.2,23.62,1.75,50.0,22.18,80.0,19.88,50.0,8,39.448
0.1,0.05,-0.3,31.2,57.43,44.87,32.26,45.67,34.94,46.32,95,39.402
0.0,0.45,-0.3,29.15,38.78,46.23,27.42,52.0,22.89,42.11,38,39.397999999999996
0.0,0.3,-0.2,29.15,38.78,46.23,27.42,52.0,22.89,42.11,38,39.397999999999996
0.0,0.15,-0.1,29.15,38.78,46.23,27.42,52.0,22.89,42.11,38,39.397999999999996
0.0,0.05,-0.25,32.07,75.22,44.28,31.45,44.22,36.14,46.3,108,39.396
0.15,0.2,-0.2,23.32,1.17,50.0,21.37,66.67,18.67,50.0,4,39.328
0.2,0.25,-0.25,23.32,1.17,50.0,21.37,50.0,18.07,50.0,2,39.328
0.15,0.4,-0.25,23.32,4.66,50.0,22.58,45.45,21.08,43.75,16,39.328
0.0,0.3,-0.3,30.03,49.56,45.52,28.63,48.1,28.92,46.77,62,39.324
0.0,0.25,-0.25,30.03,49.56,45.52,28.63,48.1,28.92,46.77,62,39.324
0.0,0.2,-0.2,30.03,49.56,45.52,28.63,48.1,28.92,46.77,62,39.324
0.0,0.1,-0.1,30.03,49.56,45.52,28.63,48.1,28.92,46.77,62,39.324
0.0,0.05,-0.2,32.07,73.47,44.16,31.45,45.71,36.14,47.17,106,39.324
0.0,0.05,-0.05,30.03,49.56,45.52,28.63,48.1,28.92,46.77,62,39.324
0.0,0.15,-0.15,30.03,49.56,45.52,28.63,48.1,28.92,46.77,62,39.324
0.0,0.1,-0.25,31.78,68.8,44.32,30.65,45.31,32.53,43.75,96,39.304
0.05,0.55,-0.25,26.82,23.03,47.62,27.02,48.78,29.52,58.7,46,39.3
0.2,0.45,-0.25,23.03,6.71,50.0,25.4,60.87,23.49,48.0,25,39.212
0.25,0.45,-0.3,23.03,3.21,50.0,24.19,71.43,20.48,41.18,17,39.212
0.1,0.05,-0.25,30.03,51.6,45.32,31.45,47.79,34.94,48.86,88,39.204
0.05,0.6,-0.3,26.53,23.32,47.62,26.21,51.16,27.11,55.81,43,39.184
0.15,0.0,-0.2,29.45,41.69,45.61,28.63,43.88,31.93,50.63,79,39.146
0.2,0.5,-0.3,22.74,3.5,50.0,23.79,56.25,22.29,42.86,21,39.096000000000004
0.2,0.5,-0.25,22.74,8.75,50.0,26.21,53.33,25.9,47.22,36,39.096000000000004
0.1,0.25,-0.15,22.74,3.5,50.0,23.79,56.25,22.29,42.86,21,39.096000000000004
0.15,0.35,-0.2,22.74,5.25,50.0,24.6,63.16,23.49,48.0,25,39.096000000000004
0.05,0.5,-0.25,26.53,21.57,47.46,25.81,50.0,26.51,54.76,42,39.088
0.0,0.65,-0.25,29.45,30.61,45.45,27.02,48.39,31.93,56.45,62,39.05
0.0,0.15,-0.2,30.32,58.31,44.87,28.63,43.69,28.31,45.45,77,39.05
0.0,0.65,-0.3,29.15,32.65,45.65,25.4,47.17,30.72,56.86,51,39.05
0.0,0.4,-0.25,27.99,36.15,46.39,24.19,44.44,24.7,50.0,38,39.03
0.15,0.45,-0.25,22.45,6.41,50.0,24.6,52.38,23.49,46.15,26,38.980000000000004
0.15,0.4,-0.2,22.45,8.16,50.0,26.21,55.17,24.7,45.45,33,38.980000000000004
0.0,0.1,-0.15,30.32,60.35,44.72,29.03,44.04,29.52,45.68,81,38.959999999999994
0.0,0.2,-0.3,30.32,60.35,44.72,29.03,44.04,29.52,45.68,81,38.959999999999994
0.35,0.1,-0.25,25.95,13.99,47.5,25.4,60.87,21.69,52.94,17,38.88
0.0,0.55,-0.25,28.86,32.07,45.56,25.0,46.3,31.93,58.49,53,38.88
0.25,0.5,-0.3,22.16,4.96,50.0,25.0,72.22,22.29,43.48,23,38.864000000000004
0.0,0.45,-0.2,28.86,31.2,45.45,25.0,46.3,33.13,60.0,55,38.814
0.0,0.4,-0.3,29.74,41.98,44.83,26.21,49.09,25.3,48.78,41,38.794
0.0,0.2,-0.15,29.74,41.98,44.83,26.21,49.09,25.3,48.78,41,38.794
0.15,0.6,-0.25,23.91,14.87,48.65,29.44,55.32,26.51,50.0,46,38.754
0.05,0.65,-0.3,27.41,23.91,46.27,25.81,47.62,30.12,60.87,46,38.726
0.05,0.15,-0.3,30.03,54.23,44.52,28.63,45.71,30.72,46.15,78,38.724000000000004
0.0,0.1,-0.2,30.9,64.43,43.93,29.44,44.63,30.72,44.94,89,38.718
0.0,0.05,-0.1,30.9,64.43,43.93,29.44,44.63,30.72,44.94,89,38.718
0.0,0.15,-0.3,30.9,64.43,43.93,29.44,44.63,30.72,44.94,89,38.718
0.1,0.6,-0.25,25.07,16.62,47.73,27.42,50.0,26.51,50.0,46,38.666
0.15,0.0,-0.15,27.7,26.53,45.95,25.81,40.62,30.12,49.18,61,38.65
0.05,0.0,-0.05,27.7,26.53,45.95,25.81,40.62,30.12,49.18,61,38.65
0.25,0.0,-0.25,27.7,26.53,45.95,25.81,40.62,30.12,49.18,61,38.65
0.3,0.0,-0.3,27.7,26.53,45.95,25.81,40.62,30.12,49.18,61,38.65
0.1,0.0,-0.1,27.7,26.53,45.95,25.81,40.62,30.12,49.18,61,38.65
0.2,0.0,-0.2,27.7,26.53,45.95,25.81,40.62,30.12,49.18,61,38.65
0.05,0.5,-0.3,26.82,26.24,46.48,25.0,46.34,23.49,46.67,30,38.616
0.0,0.25,-0.2,29.45,45.19,44.72,25.0,45.76,26.51,51.16,43,38.611999999999995
0.25,0.7,-0.3,23.91,12.24,48.39,29.44,59.52,26.51,47.73,44,38.598
0.0,0.5,-0.25,28.28,31.78,45.45,25.4,47.06,29.52,56.25,48,38.582
0.0,0.1,-0.05,28.28,31.78,45.45,25.4,47.06,29.52,56.25,48,38.582
0.0,0.6,-0.3,28.28,31.78,45.45,25.4,47.06,29.52,56.25,48,38.582
0.0,0.3,-0.15,28.28,31.78,45.45,25.4,47.06,29.52,56.25,48,38.582
0.0,0.2,-0.1,28.28,31.78,45.45,25.4,47.06,29.52,56.25,48,38.582
0.0,0.4,-0.2,28.28,31.78,45.45,25.4,47.06,29.52,56.25,48,38.582
0.1,0.5,-0.3,25.36,13.7,47.37,24.19,44.44,22.29,54.55,22,38.565999999999995
0.05,0.25,-0.15,25.36,13.7,47.37,24.19,44.44,22.29,54.55,22,38.565999999999995
0.15,0.05,-0.25,28.57,37.32,45.1,30.24,44.44,31.33,50.0,76,38.488
0.35,0.15,-0.3,24.78,7.0,47.62,21.77,37.5,19.28,44.44,9,38.484
0.0,0.25,-0.1,28.86,30.61,44.83,27.02,49.15,31.33,54.1,61,38.442
0.0,0.75,-0.3,28.86,30.61,44.83,27.02,49.15,31.33,54.1,61,38.442
0.0,0.5,-0.2,28.86,30.61,44.83,27.02,49.15,31.33,54.1,61,38.442
0.15,0.45,-0.2,23.62,11.66,48.28,29.03,57.5,26.51,50.0,44,38.416
0.0,0.6,-0.25,28.57,31.78,44.94,25.81,48.21,31.33,57.89,57,38.391999999999996
0.15,0.05,-0.3,29.15,47.52,44.53,32.26,47.71,34.34,50.0,84,38.378
0.0,0.15,-0.25,29.74,61.81,43.9,29.44,45.3,30.72,45.88,85,38.236000000000004
0.2,0.55,-0.25,23.32,11.08,48.15,28.63,56.41,27.11,48.84,43,38.217999999999996
0.0,0.35,-0.25,28.57,41.4,44.64,26.21,47.17,25.3,47.62,42,38.212
0.0,0.35,-0.15,28.28,31.2,44.83,25.0,46.3,31.93,58.93,56,38.21
0.0,0.7,-0.3,28.28,31.2,44.83,25.0,46.3,31.93,58.93,56,38.21
0.1,0.35,-0.25,25.36,10.2,46.67,24.19,47.83,19.28,45.45,11,38.146
0.05,0.05,-0.15,29.15,50.73,44.12,31.85,47.27,33.13,48.78,82,38.132
0.1,0.1,-0.3,29.15,50.73,44.12,31.85,47.27,33.13,48.78,82,38.132
0.0,0.35,-0.3,29.15,46.94,44.09,27.02,47.76,25.9,48.94,47,38.114000000000004
0.25,0.05,-0.2,26.24,12.24,45.95,25.0,47.83,22.89,43.48,23,38.066
0.15,0.0,-0.25,29.15,51.9,43.88,32.26,46.15,33.13,49.43,87,37.988
0.05,0.35,-0.2,25.95,18.08,46.0,25.4,45.71,25.3,54.84,31,37.98
0.0,0.3,-0.25,28.28,46.65,44.35,25.81,46.03,25.9,51.11,45,37.922
0.2,0.6,-0.25,24.2,13.12,47.06,29.84,57.78,27.11,50.0,46,37.916
0.2,0.65,-0.3,22.74,10.79,48.0,27.42,51.28,26.51,50.0,40,37.896
0.1,0.6,-0.3,25.07,15.16,46.34,24.6,43.33,28.31,61.11,36,37.832
0.05,0.3,-0.15,25.07,15.16,46.34,24.6,43.33,28.31,61.11,36,37.832
0.1,0.45,-0.2,23.91,13.41,47.06,27.02,54.05,27.11,51.16,43,37.8
0.2,0.05,-0.3,28.57,35.28,43.88,29.44,43.48,30.12,49.32,73,37.756
0.05,0.45,-0.25,25.95,20.99,45.61,24.19,48.65,25.3,54.55,33,37.746
0.15,0.5,-0.3,23.62,6.41,47.06,22.98,36.84,22.29,52.38,21,37.684
0.1,0.05,-0.2,28.28,42.27,43.86,32.26,47.17,33.73,51.9,79,37.628
0.05,0.35,-0.25,27.11,23.03,44.62,22.98,45.45,21.08,47.83,23,37.616
0.1,0.55,-0.3,24.78,14.58,46.15,25.4,46.88,25.3,58.62,29,37.602
0.3,0.1,-0.25,24.78,9.04,46.15,24.19,50.0,20.48,54.55,11,37.602
0.2,0.05,-0.15,25.36,12.24,45.71,25.4,59.09,21.69,50.0,16,37.57
0.4,0.1,-0.3,25.36,12.24,45.71,25.4,59.09,21.69,50.0,16,37.57
0.0,0.55,-0.3,27.41,32.36,44.32,24.6,46.81,26.51,54.55,44,37.556
0.0,0.5,-0.3,27.11,33.53,44.44,24.6,44.44,25.3,51.28,39,37.507999999999996
0.0,0.25,-0.15,27.11,33.53,44.44,24.6,44.44,25.3,51.28,39,37.507999999999996
0.15,0.1,-0.3,26.53,35.86,44.68,31.85,48.0,31.93,51.39,72,37.42
0.1,0.7,-0.3,24.78,18.37,45.83,27.02,48.78,28.31,56.25,48,37.41
0.05,0.35,-0.15,24.78,18.37,45.83,27.02,48.78,28.31,56.25,48,37.41
0.05,0.55,-0.3,25.95,22.16,45.0,24.6,47.5,25.3,54.29,35,37.38
0.05,0.1,-0.2,28.28,50.44,43.28,30.24,46.46,30.12,46.58,73,37.28
0.05,0.45,-0.2,25.95,21.28,44.83,26.21,47.37,27.11,56.52,46,37.278
0.1,0.55,-0.25,24.2,14.29,45.95,25.0,46.88,25.9,52.5,40,37.25
0.15,0.7,-0.3,24.2,14.29,45.95,27.02,50.0,25.9,48.89,45,37.25
0.05,0.4,-0.3,27.11,26.24,43.84,23.79,45.95,21.08,47.83,23,37.148
0.2,0.05,-0.2,25.07,10.79,45.16,25.81,46.67,25.3,50.0,30,37.123999999999995
0.1,0.0,-0.2,28.28,56.56,42.95,31.45,46.77,33.13,48.89,90,37.082
0.15,0.0,-0.3,28.28,56.56,42.95,31.45,46.77,33.13,48.89,90,37.082
0.05,0.0,-0.1,28.28,56.56,42.95,31.45,46.77,33.13,48.89,90,37.082
0.1,0.0,-0.15,28.86,46.65,42.52,30.24,44.95,33.13,48.84,86,37.056
0.2,0.0,-0.3,28.86,46.65,42.52,30.24,44.95,33.13,48.84,86,37.056
0.35,0.1,-0.3,25.36,9.62,44.83,24.6,47.37,21.69,53.33,15,37.042
0.1,0.45,-0.25,24.78,11.08,45.16,24.6,46.15,25.9,60.71,28,37.007999999999996
0.05,0.45,-0.3,26.24,25.07,44.12,24.19,47.37,22.89,48.15,27,36.967999999999996
0.1,0.65,-0.3,24.49,16.03,45.24,26.21,50.0,28.92,56.82,44,36.94
0.0,0.45,-0.25,26.82,32.36,43.68,24.19,45.65,26.51,54.55,44,36.936
0.25,0.15,-0.25,23.91,3.5,45.45,21.77,42.86,18.07,33.33,6,36.834
0.0,0.35,-0.2,26.53,32.65,43.68,23.79,42.55,24.7,50.0,40,36.82
0.1,0.1,-0.2,26.82,27.7,43.42,27.02,42.42,28.31,48.28,58,36.78
0.05,0.05,-0.1,26.82,27.7,43.42,27.02,42.42,28.31,48.28,58,36.78
0.15,0.15,-0.3,26.82,27.7,43.42,27.02,42.42,28.31,48.28,58,36.78
0.15,0.65,-0.3,23.62,13.12,45.45,26.21,52.94,27.11,54.05,37,36.718
0.05,0.2,-0.3,27.41,47.81,42.86,27.82,42.39,30.72,47.89,71,36.68
0.1,0.15,-0.25,26.82,32.65,43.18,27.82,45.21,28.92,49.12,57,36.635999999999996
0.2,0.7,-0.3,23.32,13.41,45.45,29.03,55.56,26.51,51.16,43,36.598
0.1,0.35,-0.15,23.32,13.41,45.45,29.03,55.56,26.51,51.16,43,36.598
0.1,0.4,-0.2,23.91,11.08,44.83,26.21,53.33,26.51,54.55,33,36.462
0.15,0.6,-0.3,23.91,11.08,44.83,26.21,53.33,26.51,54.55,33,36.462
0.05,0.2,-0.1,23.91,11.08,44.83,26.21,53.33,26.51,54.55,33,36.462
0.25,0.05,-0.25,24.78,12.24,44.12,25.0,44.44,26.51,47.37,38,36.384
0.05,0.15,-0.25,27.41,49.27,42.31,28.23,43.62,28.92,45.71,70,36.35
0.15,0.55,-0.25,23.62,11.37,44.83,27.42,52.5,27.11,52.5,40,36.346000000000004
0.2,0.75,-0.3,23.62,15.16,44.74,30.24,55.77,27.11,51.06,47,36.292
0.2,0.6,-0.3,23.03,8.16,45.0,26.21,57.14,24.7,48.39,31,36.212
0.1,0.3,-0.15,23.03,8.16,45.0,26.21,57.14,24.7,48.39,31,36.212
0.3,0.05,-0.3,25.07,13.99,43.59,25.4,42.5,26.51,46.34,41,36.182
0.1,0.45,-0.3,25.07,13.99,43.59,23.79,46.15,21.08,44.44,18,36.182
0.1,0.5,-0.25,24.2,12.83,44.12,25.4,48.39,27.11,57.14,35,36.152
0.05,0.15,-0.2,27.7,39.65,41.67,26.21,43.84,28.92,45.0,60,36.082
0.25,0.1,-0.2,24.2,9.04,44.0,22.98,46.15,19.28,44.44,9,36.08
0.1,0.1,-0.25,27.7,41.69,41.59,31.85,48.0,31.33,48.65,74,36.034
0.1,0.4,-0.25,24.78,10.5,43.33,23.39,40.91,22.29,50.0,20,35.91
0.1,0.35,-0.3,25.36,17.78,42.86,22.58,42.86,21.08,50.0,14,35.86
0.1,0.25,-0.2,23.91,5.54,43.75,22.58,46.15,18.07,33.33,6,35.814
0.15,0.4,-0.3,23.91,5.54,43.75,23.39,53.33,18.67,42.86,7,35.814
0.05,0.3,-0.3,27.7,37.03,41.18,23.39,40.0,27.71,55.81,43,35.788
0.05,0.2,-0.25,26.82,40.52,41.67,26.21,45.21,30.12,45.9,61,35.730000000000004
0.15,0.1,-0.25,26.53,23.91,41.79,27.42,44.12,27.71,47.46,59,35.686
0.1,0.05,-0.15,26.24,24.2,41.79,28.23,46.27,27.71,49.12,57,35.57
0.2,0.1,-0.3,26.24,24.2,41.79,28.23,46.27,27.71,49.12,57,35.57
0.05,0.25,-0.2,26.24,21.28,41.67,21.77,40.0,18.67,41.18,17,35.498
0.05,0.4,-0.25,25.36,23.91,42.19,25.0,48.65,22.29,44.0,25,35.458
0.2,0.2,-0.3,23.91,4.66,42.86,22.58,38.46,21.08,45.45,11,35.28
0.1,0.1,-0.15,23.91,4.66,42.86,22.58,38.46,21.08,45.45,11,35.28
0.05,0.35,-0.3,27.11,30.9,40.7,23.39,46.34,22.29,48.15,27,35.264
0.15,0.55,-0.3,23.03,8.45,42.86,23.79,43.48,24.1,52.0,25,34.928
0.1,0.3,-0.2,23.91,6.71,42.11,22.58,40.0,19.88,38.46,13,34.83
0.15,0.45,-0.3,23.91,6.71,42.11,22.58,40.0,19.88,38.46,13,34.83
0.05,0.15,-0.1,23.91,6.71,42.11,22.58,40.0,19.88,38.46,13,34.83
0.05,0.25,-0.3,26.53,42.86,40.35,26.21,45.21,30.12,46.77,62,34.822
0.05,0.3,-0.25,26.53,27.7,40.26,22.58,41.18,20.48,41.67,24,34.768
0.1,0.15,-0.3,26.24,43.15,40.35,29.03,44.57,30.12,46.48,71,34.706
0.05,0.25,-0.25,26.53,34.11,39.78,23.79,43.75,25.9,54.29,35,34.480000000000004
0.1,0.35,-0.2,23.03,7.58,42.11,23.79,43.48,22.89,50.0,22,34.478
0.1,0.15,-0.2,25.07,14.87,40.48,22.58,52.17,22.29,45.45,22,34.315999999999995
0.2,0.15,-0.3,24.2,11.66,40.62,22.58,41.38,25.3,45.45,33,34.05199999999999
0.1,0.2,-0.3,25.36,36.44,39.58,27.02,46.48,30.12,47.54,61,33.891999999999996
0.05,0.1,-0.15,25.36,36.44,39.58,27.02,46.48,30.12,47.54,61,33.891999999999996
0.15,0.2,-0.3,25.66,20.99,38.98,23.79,44.44,25.3,47.06,34,33.652
0.05,0.3,-0.2,24.49,19.83,39.62,24.19,48.48,21.69,45.45,22,33.568
0.05,0.15,-0.15,25.07,21.57,38.98,22.58,43.75,21.08,47.37,19,33.416
0.1,0.3,-0.3,25.07,21.57,38.98,22.58,43.75,21.08,47.37,19,33.416
0.1,0.25,-0.3,25.36,27.7,38.67,23.79,41.86,25.9,48.65,37,33.346000000000004
0.2,0.3,-0.3,23.32,1.46,40.0,21.77,60.0,18.07,25.0,4,33.328
0.1,0.15,-0.15,23.32,1.46,40.0,21.77,60.0,18.07,25.0,4,33.328
0.1,0.2,-0.15,23.03,1.75,40.0,22.98,66.67,19.88,50.0,8,33.212
0.2,0.4,-0.3,23.03,1.75,40.0,22.98,66.67,19.88,50.0,8,33.212
0.1,0.25,-0.25,24.49,14.87,39.02,22.98,52.17,20.48,42.86,14,33.208
0.1,0.2,-0.25,24.49,23.32,38.71,22.18,41.18,25.3,53.33,30,33.022
0.15,0.35,-0.3,24.2,5.83,38.89,22.58,50.0,18.07,25.0,4,33.013999999999996
0.1,0.3,-0.25,23.62,11.66,38.71,22.18,43.48,19.88,50.0,10,32.674
0.05,0.2,-0.15,24.49,15.16,38.1,22.58,42.31,19.88,46.15,13,32.656
0.1,0.4,-0.3,24.49,15.16,38.1,22.58,42.31,19.88,46.15,13,32.656
0.15,0.15,-0.25,24.49,13.41,36.84,23.39,48.15,23.49,40.74,27,31.900000000000002
0.15,0.25,-0.3,24.49,11.37,36.36,22.98,57.14,20.48,40.0,15,31.612
0.05,0.2,-0.2,25.36,29.74,35.37,22.18,40.0,24.1,46.67,30,31.366
0.15,0.3,-0.3,23.62,7.87,36.36,22.98,50.0,18.67,33.33,9,31.264
0.1,0.2,-0.2,23.62,7.87,36.36,22.98,50.0,18.67,33.33,9,31.264
0.05,0.1,-0.1,23.62,7.87,36.36,22.98,50.0,18.67,33.33,9,31.264
0.2,0.45,-0.3,22.74,2.33,33.33,22.58,62.5,21.69,46.67,15,29.093999999999998
0.2,0.35,-0.3,23.03,1.17,25.0,21.37,66.67,19.28,42.86,7,24.212000000000003
