date,open,high,low,close,bars,first15_open,first15_close,first15_high,first15_low,first30_close,first30_high,first30_low,first60_close,first60_high,first60_low,prev_close,gap_pct,oc_ret_pct,cc_ret_pct,first15_ret_pct,first30_ret_pct,first60_ret_pct,first15_range_pct,day_range_pct,oc_ret_sign,cc_ret_sign,first15_ret_sign,first30_ret_sign,first60_ret_sign
2017-04-03,9219.63,9245.35,9192.4,9242.8,25,9219.63,9200.35,9221.75,9193.5,9197.5,9221.75,9193.5,9205.9,9221.75,9192.4,,,0.25131160361099175,,-0.2091190210453005,-0.24003132446745912,-0.14892137753900714,0.3064114286582,0.5743180583168819,UP,FLAT,DOWN,DOWN,DOWN
2017-04-05,9263.12,9273.9,9215.4,9256.9,25,9263.12,9235.05,9266.23,9215.4,9236.75,9266.23,9215.4,9233.8,9266.23,9215.4,9242.8,0.2198467996711119,-0.06714800196911153,0.1525511749686282,-0.30302964875767047,-0.28467730095260346,-0.3165240221437434,0.5487351993712694,0.6315366744682136,FLAT,UP,DOWN,DOWN,DOWN
2017-04-06,9248.05,9267.95,9218.85,9256.35,25,9248.05,9240.35,9248.05,9225.9,9235.95,9248.05,9225.9,9240.95,9248.05,9225.9,9256.9,-0.09560435999092963,0.0897486497153572,-0.005941513897733285,-0.08326079551904357,-0.13083839295849986,-0.07677294132274962,0.23950995074636963,0.5309227350630713,FLAT,FLAT,FLAT,DOWN,FLAT
2017-04-07,9221.93,9250.45,9188.1,9197.35,25,9221.93,9233.15,9238.6,9212.6,9235.65,9238.6,9212.6,9239.2,9240.65,9212.6,9256.35,-0.3718528361611226,-0.2665385662220373,-0.6374002711652,0.12166650581818932,0.14877579855842915,0.18727099424958155,0.2819366444984943,0.6761057609415856,DOWN,DOWN,UP,UP,UP
2017-04-10,9225.14,9225.62,9174.85,9176.95,25,9225.14,9211.4,9225.62,9204.55,9198.6,9225.62,9191.05,9208.75,9225.62,9191.05,9197.35,0.3021522503764568,-0.5223768961771712,-0.2218030193479604,-0.1489408290822663,-0.28769211090562374,-0.17766668039725597,0.22839761781394677,0.5503439514197123,DOWN,DOWN,DOWN,DOWN,DOWN
2017-04-11,9183.47,9242.65,9172.85,9235.6,25,9183.47,9185.75,9194.7,9172.85,9197.6,9199.3,9172.85,9209.55,9211.15,9172.85,9176.95,0.07104757027115347,0.5676503543867516,0.6391012264423325,0.024827216727453295,0.1538634089293156,0.2839885141455238,0.23792749363802967,0.7600612840244404,UP,UP,FLAT,UP,UP
2017-04-12,9243.08,9246.4,9161.8,9200.95,25,9243.08,9241.75,9245.85,9230.95,9211.35,9246.4,9202.6,9182.65,9246.4,9161.8,9235.6,0.08099094807050504,-0.45580044746988235,-0.37517865650309273,-0.014389143012934294,-0.34328384045144655,-0.653786400204264,0.161201677362953,0.9152793224769272,DOWN,DOWN,FLAT,DOWN,DOWN
2017-04-13,9207.0,9207.43,9144.95,9146.95,25,9207.0,9180.05,9207.43,9176.8,9180.15,9207.43,9169.8,9189.95,9207.43,9169.8,9200.95,0.06575407974175788,-0.6522211360920959,-0.5868959183562567,-0.2927120669056232,-0.2916259367872311,-0.18518518518517726,0.3326816552623115,0.678614097968932,DOWN,DOWN,DOWN,DOWN,DOWN
2017-04-17,9140.89,9160.0,9120.25,9139.55,25,9140.89,9140.45,9160.0,9138.7,9131.7,9160.0,9120.25,9141.1,9160.0,9120.25,9146.95,-0.06625159206075587,-0.014659404062406895,-0.0809012840345848,-0.004813535662268011,-0.10053725621901904,0.002297369293372373,0.23301888546956886,0.4348591876720976,FLAT,FLAT,FLAT,DOWN,FLAT
2017-04-18,9163.85,9217.9,9095.45,9100.85,25,9163.85,9187.0,9192.2,9159.7,9209.05,9215.35,9159.7,9213.5,9217.9,9159.7,9139.55,0.26587742284905813,-0.6874839723478668,-0.42343441416698757,0.2526230787278233,0.4932424690495688,0.5418028448741482,0.35465443017945514,1.3362287684761198,DOWN,DOWN,UP,UP,UP
2017-04-19,9115.03,9120.5,9075.15,9113.35,25,9115.03,9090.95,9120.5,9087.05,9104.0,9120.5,9087.05,9104.75,9120.5,9079.5,9100.85,0.1558096221781514,-0.01843109677094086,0.13734980798496843,-0.26417905371677247,-0.12100892701396104,-0.11278075881264958,0.3669763017784991,0.49752990390597024,FLAT,UP,DOWN,DOWN,DOWN
2017-04-20,9109.71,9143.9,9101.55,9136.6,25,9109.71,9121.15,9126.5,9101.55,9115.1,9126.5,9101.55,9112.7,9126.5,9101.55,9113.35,-0.039941404642653215,0.29517953919500445,0.25512023569817904,0.12558028740761792,0.05916763541321554,0.032822120572461706,0.27388358136538626,0.4648885639608765,UP,UP,UP,FLAT,FLAT
2017-04-21,9182.31,9183.65,9088.7,9119.25,25,9182.31,9163.05,9183.65,9157.1,9155.5,9183.65,9148.8,9154.7,9183.65,9148.8,9136.6,0.5002955147428926,-0.6867552936025847,-0.1898955847908452,-0.209751141052744,-0.2919744595858721,-0.3006868641986468,0.2891429280867154,1.0340535224796257,DOWN,DOWN,DOWN,DOWN,DOWN
2017-04-24,9135.88,9225.4,9130.55,9215.15,25,9135.88,9150.85,9155.65,9130.55,9149.85,9159.9,9130.55,9162.6,9167.15,9130.55,9119.25,0.18236148806096117,0.8676777715994568,1.0516215697562807,0.1638594202200682,0.15291356716595628,0.29247319360588325,0.2747409116582132,1.0382141621825196,UP,UP,UP,UP,UP
2017-04-25,9274.88,9309.2,9250.35,9303.45,25,9274.88,9256.85,9279.8,9256.5,9260.7,9279.8,9250.35,9259.35,9279.8,9250.35,9215.15,0.6481717606333003,0.3080363303891967,0.9582046955285708,-0.19439604609438438,-0.1528860750758875,-0.16744151945899932,0.2512161882417807,0.6345095569969679,UP,UP,DOWN,DOWN,DOWN
2017-04-26,9336.63,9367.0,9301.35,9344.15,25,9336.63,9336.4,9343.15,9301.35,9339.7,9343.15,9301.35,9345.95,9347.65,9301.35,9303.45,0.3566418909114196,0.08054297964041027,0.4374721205574158,-0.0024634156006992187,0.03288124301810748,0.09982188434158286,0.4476990091713956,0.7031444964617817,FLAT,UP,FLAT,FLAT,FLAT
2017-04-27,9359.56,9367.15,9322.45,9328.75,25,9359.56,9352.35,9363.4,9335.55,9346.05,9363.4,9335.55,9336.75,9363.4,9329.25,9344.15,0.1649160169731849,-0.3291821410408127,-0.16480899814321942,-0.07703353576449243,-0.14434439225775805,-0.24370803755731563,0.2975567227519281,0.4775865532140283,DOWN,DOWN,FLAT,DOWN,DOWN
2017-04-28,9340.16,9342.65,9282.25,9303.7,25,9340.16,9307.6,9342.65,9300.05,9309.4,9342.65,9300.05,9298.25,9342.65,9297.9,9328.75,0.12231006297735339,-0.3903573386323053,-0.2685247219616698,-0.34860216527339455,-0.3293305468000572,-0.4487075167877194,0.4560949705358405,0.6466698643278022,DOWN,DOWN,DOWN,DOWN,DOWN
2017-05-02,9337.93,9352.55,9269.9,9317.75,25,9337.93,9337.65,9343.5,9322.1,9340.85,9344.45,9322.1,9345.75,9352.55,9322.1,9303.7,0.3679181400947963,-0.21610785259688486,0.15101518750603815,-0.002998523227317562,0.03127031365623937,0.0837444701341701,0.22917284665873094,0.8850998026329138,DOWN,UP,FLAT,FLAT,FLAT
2017-05-03,9346.54,9347.2,9298.4,9303.85,25,9346.54,9336.05,9347.2,9322.1,9326.35,9347.2,9322.1,9329.85,9347.2,9313.1,9317.75,0.3089801722518942,-0.456746560759388,-0.14917764481768278,-0.1122340459678298,-0.21601576626217303,-0.17856875378482848,0.26854857519467484,0.5221183453984157,DOWN,DOWN,DOWN,DOWN,DOWN
2017-05-04,9355.74,9365.65,9323.25,9357.35,25,9355.74,9349.05,9362.1,9341.25,9350.45,9362.1,9341.25,9349.7,9362.1,9341.25,9303.85,0.5577261026349244,0.017208686859623953,0.5750307668330852,-0.07150690378313751,-0.05654282825301958,-0.06455929728700299,0.22285783914474283,0.4531977160545252,FLAT,UP,FLAT,FLAT,FLAT
2017-05-05,9376.96,9377.11,9272.0,9277.25,25,9376.96,9334.95,9377.11,9321.35,9325.2,9377.11,9320.3,9324.25,9377.11,9315.05,9357.35,0.20956787979501423,-1.0633510220796414,-0.856011584476378,-0.44801300208168104,-0.5519912636931202,-0.5621224789270631,0.5946490120465505,1.1209389823567615,DOWN,DOWN,DOWN,DOWN,DOWN
2017-05-08,9311.54,9338.7,9297.95,9310.75,25,9311.54,9305.9,9317.65,9302.0,9308.1,9317.65,9297.95,9318.8,9324.2,9297.95,9277.25,0.3696138403082904,-0.00848409607863869,0.36109838583632003,-0.06057000238415167,-0.036943405709479946,0.07796776902637371,0.16807101725385526,0.4376290065875247,FLAT,UP,FLAT,FLAT,FLAT
2017-05-09,9340.15,9341.9,9307.7,9317.35,25,9340.15,9327.3,9341.9,9317.4,9314.5,9341.9,9308.1,9319.0,9341.9,9307.7,9310.75,0.31576403619471727,-0.24410742868154445,0.07088580404371682,-0.1375780902876331,-0.2746208572667424,-0.22644175950064654,0.26230842117096625,0.36616114302231667,DOWN,FLAT,DOWN,DOWN,DOWN
2017-05-10,9339.83,9414.75,9336.0,9409.85,25,9339.83,9356.85,9359.4,9336.0,9359.35,9366.55,9336.0,9382.2,9390.15,9336.0,9317.35,0.24127031827718784,0.7496924462222593,0.9927715498505476,0.1822302975536004,0.2089973800379711,0.4536485139451232,0.25053989205370586,0.8431630982576771,UP,UP,UP,UP,UP
2017-05-11,9447.74,9450.8,9411.3,9412.4,25,9447.74,9435.25,9450.8,9426.85,9433.45,9450.8,9426.85,9438.55,9450.8,9426.65,9409.85,0.4026631667879872,-0.3740577111563204,0.027099263006310114,-0.13220092847601417,-0.15125310391690558,-0.09727194016770688,0.2534997787830625,0.418089405508619,DOWN,FLAT,DOWN,DOWN,FLAT
2017-05-12,9436.03,9437.75,9372.55,9408.6,25,9436.03,9418.45,9437.75,9408.95,9397.55,9437.75,9396.35,9407.95,9437.75,9384.05,9412.4,0.2510518040032406,-0.2906942856264794,-0.04037227487143845,-0.18630716519553164,-0.4077986186987682,-0.2975827758071978,0.3052131033919908,0.6909685535124488,DOWN,FLAT,DOWN,DOWN,DOWN
2017-05-15,9432.27,9449.25,9423.1,9445.95,25,9432.27,9433.2,9443.55,9426.7,9428.65,9443.55,9425.45,9437.4,9443.55,9423.1,9408.6,0.2515783432179078,0.14503401620182935,0.3969772335948001,0.009859768645302679,-0.03837888440429292,0.05438775607567637,0.17864204480998258,0.2772397312629901,UP,UP,FLAT,FLAT,FLAT
2017-05-16,9461.08,9517.2,9456.3,9510.05,25,9461.08,9482.0,9486.15,9456.3,9486.15,9492.6,9456.3,9469.75,9492.6,9456.3,9445.95,0.1601744663056569,0.517594185864609,0.6785977058951036,0.22111640531525018,0.26498031937156974,0.09163858671525948,0.3155030926701852,0.6436897267542548,UP,UP,UP,UP,FLAT
2017-05-17,9517.18,9532.6,9486.1,9517.5,25,9517.18,9499.65,9521.0,9489.75,9505.55,9521.0,9489.75,9514.2,9521.0,9489.75,9510.05,0.07497331770075888,0.0033623405252365614,0.0783381790842396,-0.18419321689828977,-0.12220006346418812,-0.031311796141289365,0.32835356691793155,0.4885901075738821,FLAT,FLAT,DOWN,DOWN,FLAT
2017-05-18,9461.58,9489.1,9418.1,9422.45,25,9461.58,9487.15,9489.1,9448.7,9479.5,9489.1,9448.7,9465.35,9489.1,9448.7,9517.5,-0.5875492513790394,-0.4135672900297751,-0.998686629892296,0.27025084605319316,0.1893975424823346,0.039845353524468816,0.4269899953284719,0.7504032096119253,DOWN,DOWN,UP,UP,FLAT
2017-05-19,9471.18,9505.75,9390.75,9434.95,25,9471.18,9478.65,9492.1,9465.15,9491.4,9497.65,9465.15,9493.6,9505.75,9465.15,9422.45,0.5171691014545002,-0.3825288929151337,0.1326618873010735,0.07887084819419908,0.21348976579475148,0.2367181280474035,0.2845474375949008,1.2142098450245904,DOWN,UP,FLAT,UP,UP
2017-05-22,9488.45,9498.65,9427.85,9439.3,25,9488.45,9472.2,9498.65,9466.95,9473.3,9498.65,9457.1,9457.45,9498.65,9452.6,9434.95,0.5670406308459504,-0.5179981978089303,0.04610517278839363,-0.17126084871607059,-0.15966780664915192,-0.32671300370450385,0.3340903941107231,0.7461703439444721,DOWN,FLAT,DOWN,DOWN,DOWN
2017-05-23,9447.29,9448.05,9370.0,9379.45,25,9447.29,9408.35,9448.05,9401.1,9402.5,9448.05,9394.65,9394.65,9448.05,9374.2,9439.3,0.0846461072325448,-0.7180895262027538,-0.6340512538005842,-0.41218169443301206,-0.47410421401270486,-0.557196825756394,0.4969679135498,0.8261628466999453,DOWN,DOWN,DOWN,DOWN,DOWN
2017-05-24,9412.93,9431.9,9341.65,9370.0,25,9412.93,9411.3,9416.0,9386.3,9398.1,9416.0,9386.3,9408.45,9416.0,9386.3,9379.45,0.3569505674639724,-0.4560747822410269,-0.10075217630032386,-0.017316605987731968,-0.15754924343429652,-0.0475941072545909,0.31552343425480406,0.9587875401176891,DOWN,DOWN,FLAT,DOWN,FLAT
2017-05-25,9385.34,9523.3,9379.2,9500.85,25,9385.34,9385.05,9397.05,9379.65,9407.95,9407.95,9379.2,9399.8,9410.3,9379.2,9370.0,0.16371398078975608,1.2307492323133762,1.3964781216648918,-0.0030899253516747725,0.2409076282798554,0.15407007098303446,0.1853955210999243,1.5353732523275507,UP,UP,FLAT,UP,UP
2017-05-26,9507.14,9604.95,9495.4,9581.25,25,9507.14,9530.5,9534.75,9495.4,9536.65,9542.05,9495.4,9541.7,9547.1,9495.4,9500.85,0.06620460274606013,0.7795193927932121,0.8462400732565994,0.24571006632910197,0.310398290127212,0.36351626251429253,0.41389944820419566,1.152291856436332,UP,UP,UP,UP,UP
2017-05-29,9563.29,9637.75,9547.7,9598.4,25,9563.29,9616.75,9619.25,9547.7,9613.15,9622.3,9547.7,9563.4,9622.3,9547.7,9581.25,-0.1874494455316282,0.3671330682223248,0.17899543378995053,0.5590126410471619,0.5213686921550926,0.001150231771689064,0.7481734842297919,0.9416215549251279,UP,UP,UP,UP,FLAT
2017-05-30,9591.93,9635.25,9581.2,9625.75,25,9591.93,9602.5,9607.4,9581.2,9618.05,9620.05,9581.2,9606.1,9631.6,9581.2,9598.4,-0.06740706784463395,0.3525880610054463,0.28494332388731836,0.11019680085238018,0.2723122458149609,0.14772835081156838,0.2731462802584976,0.5634945209149699,UP,UP,UP,UP,UP
2017-05-31,9636.84,9649.6,9609.25,9625.6,25,9636.84,9624.05,9640.91,9610.8,9623.1,9640.91,9610.8,9626.15,9640.91,9610.8,9625.75,0.11521180167779285,-0.1166357436670089,-0.0015583201308951116,-0.13271985422608318,-0.14257785747194912,-0.11092847862992962,0.3124468186667059,0.41870571681173874,DOWN,FLAT,DOWN,DOWN,DOWN
2017-06-01,9601.98,9634.65,9589.9,9616.5,25,9601.98,9611.05,9630.75,9598.45,9626.6,9630.75,9598.45,9617.35,9630.75,9598.45,9625.6,-0.2453873005319232,0.15121881112021102,-0.09453956117021654,0.09445968435676505,0.25640544970933915,0.16007115199157673,0.3363889531117465,0.4660497105805261,UP,FLAT,FLAT,UP,UP
2017-06-02,9655.56,9673.5,9637.45,9641.5,25,9655.56,9657.6,9673.5,9651.8,9649.1,9673.5,9645.25,9638.6,9673.5,9637.45,9616.5,0.4061768834815109,-0.1456155831458713,0.2599698434981542,0.02112772330140223,-0.06690445712106939,-0.17565009176059312,0.22474097825502332,0.3733600122623574,DOWN,UP,FLAT,FLAT,DOWN
2017-06-05,9655.65,9687.2,9640.7,9677.45,25,9655.65,9653.45,9662.7,9640.7,9655.6,9662.7,9640.7,9663.25,9670.7,9640.7,9641.5,0.14676139604832894,0.22577454650905007,0.3728672924337575,-0.022784587262368754,-0.0005178315286829204,0.07871039236095306,0.22784587262380057,0.4815833216821239,UP,UP,FLAT,FLAT,FLAT
2017-06-06,9704.73,9709.3,9630.2,9637.85,25,9704.73,9686.7,9709.3,9678.65,9655.25,9709.3,9654.6,9666.75,9709.3,9652.55,9677.45,0.2818924406739258,-0.68914848738707,-0.40919870420410714,-0.1857856941924076,-0.509854473025005,-0.3913555554868561,0.3158253758734106,0.8150664675884702,DOWN,DOWN,DOWN,DOWN,DOWN
2017-06-07,9662.61,9678.55,9630.55,9661.6,25,9662.61,9659.5,9666.4,9647.95,9662.2,9666.4,9647.95,9675.85,9676.1,9647.95,9637.85,0.2569037700317002,-0.010452662375902765,0.24642425437208507,-0.03218592078124422,-0.004243159974373948,0.13702301966031727,0.1909421988468841,0.49676019212200423,FLAT,UP,FLAT,FLAT,UP
2017-06-08,9684.46,9688.7,9641.5,9642.35,25,9684.46,9674.55,9688.7,9670.5,9647.65,9688.7,9645.5,9657.5,9688.7,9643.05,9661.6,0.2366067732052534,-0.43482032038955987,-0.19924236151362096,-0.10232888565805275,-0.38009346933127397,-0.27838413293047964,0.18792994136999616,0.4873787490474506,DOWN,DOWN,DOWN,DOWN,DOWN
2017-06-09,9637.34,9676.25,9608.15,9666.8,25,9637.34,9636.2,9640.66,9615.3,9615.3,9644.1,9614.7,9624.95,9644.1,9608.15,9642.35,-0.051958288176639694,0.30568600879494884,0.25356889140094385,-0.011828990157028992,-0.22869380970268635,-0.12856244565408523,0.263143149458259,0.7066265172755175,UP,UP,FLAT,DOWN,DOWN
2017-06-12,9649.93,9649.97,9598.5,9618.05,25,9649.93,9634.1,9649.97,9622.9,9630.9,9649.97,9622.9,9621.95,9649.97,9606.35,9666.8,-0.17451483427813735,-0.33036509073123865,-0.5043033889187736,-0.16404264072381797,-0.1972035030305987,-0.2899502897948437,0.2805201695763566,0.5333717446654985,DOWN,DOWN,DOWN,DOWN,DOWN
2017-06-13,9613.62,9654.1,9595.4,9596.8,25,9613.62,9641.45,9642.05,9612.96,9638.3,9646.75,9612.96,9632.95,9646.75,9612.96,9618.05,-0.046059232380768166,-0.17496010867916068,-0.22093875577689864,0.2894851263103797,0.25671911309161866,0.20106890016455742,0.3025915315978803,0.6105920558540979,DOWN,DOWN,UP,UP,UP
2017-06-14,9621.95,9627.4,9580.45,9615.25,25,9621.95,9606.1,9627.4,9594.75,9606.25,9627.4,9594.75,9599.45,9627.4,9585.15,9596.8,0.2620665221740732,-0.06963245495976103,0.1922515838612947,-0.16472752404658478,-0.1631685884877881,-0.23384033382006764,0.3393283066322277,0.48794682990452976,FLAT,UP,DOWN,DOWN,DOWN
2017-06-15,9618.02,9621.4,9560.8,9574.1,25,9618.02,9603.0,9621.4,9599.1,9605.1,9621.4,9589.4,9604.85,9621.4,9589.4,9615.25,0.028808403317650985,-0.456642843329501,-0.42796599152387754,-0.15616519824247024,-0.13433118250949855,-0.13693047009675663,0.23185645278341352,0.6300673111513634,DOWN,DOWN,DOWN,DOWN,DOWN
2017-06-16,9595.47,9615.85,9565.5,9577.1,25,9595.47,9597.65,9608.15,9593.7,9595.9,9608.15,9592.95,9609.65,9610.7,9592.95,9574.1,0.22320635882222853,-0.19144450454223694,0.0313345379722376,0.022719053886889242,0.004481281271269579,0.1477780661082812,0.15059189388324815,0.5247267721122609,DOWN,FLAT,FLAT,FLAT,UP
2017-06-19,9624.02,9673.3,9614.9,9654.85,25,9624.02,9637.5,9638.75,9621.6,9631.45,9638.75,9621.6,9623.1,9638.75,9614.9,9577.1,0.48991866013720303,0.32034430518639745,0.8118323918513954,0.14006620933871256,0.07720266582987452,-0.009559414880684711,0.17819996217796344,0.6068150315564559,UP,UP,UP,FLAT,FLAT
2017-06-20,9674.77,9676.5,9643.75,9651.05,25,9674.77,9667.0,9674.92,9655.6,9665.35,9674.92,9655.6,9668.0,9674.92,9655.6,9654.85,0.20632117536782107,-0.24517378707712084,-0.03935845714849108,-0.08031198674490904,-0.09736665574478848,-0.0699758237146768,0.19969466974408392,0.33850933924010596,DOWN,FLAT,FLAT,FLAT,FLAT
2017-06-21,9648.38,9650.45,9608.6,9636.65,25,9648.38,9627.35,9650.45,9622.65,9617.5,9650.45,9609.35,9624.4,9650.45,9609.35,9651.05,-0.027665383559302596,-0.12157481359564574,-0.14920656301645557,-0.21796405199628163,-0.3200537292270744,-0.24853913299434272,0.28813127177827874,0.4337515728028992,DOWN,DOWN,DOWN,DOWN,DOWN
2017-06-22,9646.64,9698.85,9617.75,9622.3,25,9646.64,9668.75,9672.1,9642.45,9665.1,9672.1,9642.45,9668.8,9672.1,9642.45,9636.65,0.10366673065847345,-0.25231583224832843,-0.1489106691640805,0.22919897497989541,0.19136196644635797,0.22971729016527886,0.30736090493684476,0.8407072307041661,DOWN,DOWN,UP,UP,UP
2017-06-23,9642.4,9647.65,9565.3,9575.5,25,9642.4,9616.05,9647.65,9614.3,9605.3,9647.65,9600.4,9598.75,9647.65,9585.1,9622.3,0.20888976647995142,-0.6938106695428486,-0.4863702025503183,-0.2732722143864636,-0.38475898116651835,-0.4526881274371488,0.3458682485688248,0.8540404878453536,DOWN,DOWN,DOWN,DOWN,DOWN
2017-06-27,9592.81,9615.4,9473.45,9509.35,25,9592.81,9595.2,9615.4,9587.95,9558.35,9615.4,9557.95,9545.0,9615.4,9535.05,9575.5,0.18077384992950227,-0.8700266136825303,-0.6908255443579931,0.024914493250687102,-0.35922737967289176,-0.49839410975511345,0.2861518157870208,1.4797541075034208,DOWN,DOWN,FLAT,DOWN,DOWN
2017-06-28,9523.35,9523.38,9474.35,9492.65,25,9523.35,9513.9,9523.38,9479.8,9499.05,9523.38,9479.8,9498.6,9523.38,9479.8,9509.35,0.1472235221124472,-0.3223655541379948,-0.17561662994842683,-0.09922978783727078,-0.25516231158154523,-0.25988753957378447,0.4576120797828488,0.5148398410223171,DOWN,DOWN,FLAT,DOWN,DOWN
2017-06-29,9522.97,9575.8,9493.8,9494.0,25,9522.97,9541.4,9545.2,9522.5,9551.45,9557.95,9522.5,9559.9,9562.75,9522.5,9492.65,0.31940501335243277,-0.3042118162715975,0.014221529288453317,0.19353205985107894,0.2990663626998865,0.3877991844981166,0.23837101240475111,0.8610759038409237,DOWN,FLAT,UP,UP,UP
2017-06-30,9478.78,9535.8,9448.75,9524.25,25,9478.78,9455.6,9479.12,9448.95,9465.7,9479.12,9448.75,9470.25,9479.12,9448.75,9494.0,-0.16031177585843,0.479703084152173,0.31862228776069096,-0.2445462390729639,-0.13799244206532832,-0.08999048400744246,0.31828990650695627,0.9183671316350761,UP,UP,DOWN,DOWN,FLAT
2017-07-03,9587.51,9624.0,9543.55,9615.85,25,9587.51,9551.45,9612.75,9543.55,9554.4,9612.75,9543.55,9568.5,9612.75,9543.55,9524.25,0.6641992807832661,0.29559291202825494,0.9617555188072591,-0.37611434042832276,-0.3453451417521398,-0.19827880231676648,0.721772389285651,0.8391125537287651,UP,UP,DOWN,DOWN,DOWN
2017-07-04,9649.47,9650.65,9595.5,9610.9,25,9649.47,9629.5,9650.65,9624.15,9637.5,9650.65,9622.65,9631.45,9650.65,9622.65,9615.85,0.34963107785582115,-0.3997110722143259,-0.05147750848859672,-0.206954371587241,-0.12404826379064701,-0.1867460078118137,0.2746264820762177,0.5715339806227663,DOWN,FLAT,DOWN,DOWN,DOWN
2017-07-05,9619.15,9643.65,9607.35,9641.25,25,9619.15,9610.9,9624.75,9609.0,9612.05,9624.75,9607.35,9627.3,9629.7,9607.35,9610.9,0.08584003579269371,0.2297500298882995,0.31578728318888305,-0.0857664138723276,-0.07381109557497663,0.08472682097690167,0.16373588102898906,0.37737222103823387,UP,UP,FLAT,FLAT,FLAT
2017-07-06,9655.18,9700.7,9639.95,9669.35,25,9655.18,9650.1,9655.25,9639.95,9657.15,9660.05,9639.95,9662.85,9668.8,9639.95,9641.25,0.14448333981589825,0.14676059897381585,0.2914559834046453,-0.05261424437452152,0.02040355539719969,0.07943922329775387,0.15846416120672294,0.6291959342031945,UP,UP,FLAT,FLAT,FLAT
2017-07-07,9670.92,9684.25,9642.65,9664.15,25,9670.92,9660.3,9672.75,9653.0,9660.8,9672.75,9653.0,9652.05,9672.75,9642.65,9669.35,0.0162368721785819,-0.07000368113892408,-0.05377817536856901,-0.10981375091512287,-0.1046436119831495,-0.19512104329268365,0.20422048781294852,0.43015555914018894,FLAT,FLAT,DOWN,DOWN,DOWN
2017-07-10,9701.86,9782.15,9646.6,9763.1,25,9701.86,9684.2,9766.0,9646.6,9684.2,9766.0,9646.6,9698.13,9766.0,9646.6,9664.15,0.39020503613872864,0.6312191682831929,1.0238872534056356,-0.1820269515330035,-0.1820269515330035,-0.038446236082579854,1.230691846718048,1.3971547723838447,UP,UP,DOWN,DOWN,FLAT
2017-07-11,9796.31,9830.05,9778.85,9785.5,25,9796.31,9793.2,9799.35,9783.75,9802.65,9803.55,9783.75,9802.05,9814.6,9783.75,9763.1,0.3401583513433144,-0.11034767172536895,0.22943532279705867,-0.03174664746214404,0.06471824595179354,0.05859349081439626,0.15924363357223653,0.5226457717242401,DOWN,UP,FLAT,FLAT,FLAT
2017-07-12,9810.1,9824.95,9787.7,9822.85,25,9810.1,9819.7,9822.15,9801.55,9818.65,9823.0,9801.55,9795.0,9823.0,9791.2,9785.5,0.2513923662561991,0.1299680941070937,0.3816871902304467,0.09785832968063897,0.08715507487180836,-0.15392299772683626,0.20998766577303354,0.3797107063128816,UP,UP,FLAT,FLAT,DOWN
2017-07-13,9854.87,9897.25,9853.95,9886.3,25,9854.87,9874.05,9881.25,9853.95,9868.05,9881.25,9853.95,9879.9,9884.9,9853.95,9822.85,0.325974640761087,0.31892861093041786,0.6459428780852696,0.19462458662568324,0.13374098288458874,0.2539861002732541,0.27702039702197256,0.43937667366489125,UP,UP,UP,UP,UP
2017-07-14,9913.56,9913.79,9845.45,9885.35,25,9913.56,9879.3,9913.79,9864.1,9883.45,9913.79,9864.1,9871.15,9913.79,9860.9,9886.3,0.2757351081800089,-0.2845597343436579,-0.009609257254978189,-0.3455872562429664,-0.3037254023781443,-0.4277978849172231,0.501232655070434,0.6893588176195045,DOWN,FLAT,DOWN,DOWN,DOWN
2017-07-17,9909.02,9928.2,9894.7,9912.75,25,9909.02,9911.9,9914.0,9899.4,9898.7,9915.35,9894.7,9915.4,9916.7,9894.7,9885.35,0.23944523967284995,0.03764247120300053,0.2771778439812413,0.029064428167459543,-0.10414753426675603,0.06438578184320144,0.14734050390452702,0.3380758137535296,FLAT,UP,FLAT,DOWN,FLAT
2017-07-18,9833.79,9885.35,9792.25,9828.4,25,9833.79,9871.85,9874.25,9792.25,9872.05,9879.4,9792.25,9873.6,9885.35,9792.25,9912.75,-0.7965498978588094,-0.05481101386140273,-0.8509243146452837,0.3870328733885866,0.3890666772424304,0.40482865710981714,0.8338595800805182,0.9467356939694702,FLAT,DOWN,UP,UP,UP
2017-07-19,9861.29,9905.05,9851.65,9902.1,25,9861.29,9856.95,9870.55,9851.65,9863.3,9875.6,9851.65,9863.6,9875.6,9851.65,9828.4,0.33464246469416425,0.41384037990972267,0.7498677302511165,-0.0440104692185317,0.020382728831607216,0.023424927164696407,0.1916584949839183,0.5415113032879029,UP,UP,FLAT,FLAT,FLAT
2017-07-20,9920.32,9922.55,9863.45,9871.25,25,9920.32,9910.9,9922.55,9906.35,9903.2,9922.55,9900.75,9894.75,9922.55,9893.85,9902.1,0.1840013734460301,-0.4946413018934843,-0.31155007523656963,-0.09495661430276517,-0.17257507822327287,-0.2577537821360572,0.1633011838327686,0.5957469113899405,DOWN,DOWN,FLAT,DOWN,DOWN
2017-07-21,9904.82,9924.7,9838.0,9914.15,25,9904.82,9890.85,9904.86,9878.8,9904.65,9905.1,9878.8,9918.4,9918.4,9878.8,9871.25,0.34007851082689333,0.09419656288554389,0.43459541598074847,-0.1410424419625934,-0.0017163360868756095,0.13710496505741576,0.26310422602330286,0.8753314043061936,FLAT,UP,DOWN,FLAT,UP
2017-07-24,9932.3,9982.05,9919.6,9965.2,25,9932.3,9931.8,9939.3,9919.6,9932.75,9942.8,9919.6,9949.15,9953.4,9919.6,9914.15,0.18307167028943114,0.33124251180493397,0.5149205932934351,-0.005034080726518531,0.004530672653874003,0.16964852048367815,0.19834278062481914,0.6287566827421536,UP,UP,FLAT,FLAT,UP
2017-07-25,10013.7,10013.8999,9949.1,9964.9,25,10013.7,9977.55,10013.8999,9975.3,9985.7,10013.8999,9975.3,9972.0,10013.8999,9954.7,9965.2,0.4866936940553125,-0.4873323546741073,-0.0030104764580850497,-0.36100542257109214,-0.27961692481300615,-0.41642949159652004,0.385470904860352,0.6471124559353683,DOWN,FLAT,DOWN,DOWN,DOWN
2017-07-26,9983.84,10025.8999,9965.95,10019.7,25,9983.84,9987.7,9988.2,9965.95,9983.4,9989.55,9965.95,9982.45,9990.05,9965.95,9964.9,0.190067135646123,0.3591804355839094,0.549930255195748,0.038662478565367454,-0.004407121909010053,-0.013922498757987085,0.22286014198945495,0.6004693584833052,UP,UP,FLAT,FLAT,FLAT
2017-07-27,10065.2999,10114.7999,10005.3999,10020.1,25,10065.2999,10076.8999,10084.6,10054.8999,10084.6,10087.7999,10054.8999,10087.3999,10098.2999,10054.8999,10019.7,0.4551024481770837,-0.4490665995953048,0.0039921354930750035,0.11524743539932042,0.19174888171986196,0.2195662346831848,0.2950741686295907,1.0869025373004497,DOWN,FLAT,UP,UP,UP
2017-07-28,9995.62,10026.0,9944.5,10002.0,25,9995.62,9971.75,9997.12,9963.45,9978.25,9997.12,9963.45,9988.05,9997.12,9963.05,10020.1,-0.2443089390325402,0.0638279566450025,-0.1806369197912233,-0.238804596413237,-0.1737761139379128,-0.07573317112896975,0.33684753922218,0.8153571264213726,FLAT,DOWN,DOWN,DOWN,FLAT
2017-07-31,10037.0,10085.8999,10016.8999,10078.7,25,10037.0,10032.7,10048.8999,10016.8999,10036.1,10048.8999,10016.8999,10031.8999,10048.8999,10016.8999,10002.0,0.3499300139972006,0.4154627876855706,0.7668466306738725,-0.04284148649994293,-0.008966822755799903,-0.0508129919298561,0.31882036465079205,0.6874564112782704,UP,UP,FLAT,FLAT,FLAT
2017-08-01,10097.0,10128.6,10065.7,10121.3999,25,10097.0,10096.1,10101.5,10082.0,10091.5,10101.8999,10080.0,10096.1,10101.8999,10080.0,10078.7,0.18157103594708912,0.24165494701396795,0.42366475835176776,-0.008913538674850315,-0.05447162523521838,-0.008913538674850315,0.19312667128850153,0.6229573140536757,UP,UP,FLAT,FLAT,FLAT
2017-08-02,10136.8999,10138.2,10054.2,10058.2,25,10136.8999,10118.2,10138.2,10111.6,10113.8999,10138.2,10105.5,10108.3999,10138.2,10105.5,10121.3999,0.15314087135318108,-0.7763704956778711,-0.6244185648667,-0.18447355882442534,-0.22689382579382084,-0.28115104500538673,0.2624076420050312,0.8286557115948239,DOWN,DOWN,DOWN,DOWN,DOWN
2017-08-03,10081.5,10082.1,9998.2,10004.6,25,10081.5,10063.3999,10082.1,10049.0,10052.6,10082.1,10049.0,10033.0,10082.1,10027.5,10058.2,0.23165178660196922,-0.7627833159748018,-0.5328985305521898,-0.17953776719733827,-0.28666369091900645,-0.4810792044834598,0.32832415811139576,0.8322174279621052,DOWN,DOWN,DOWN,DOWN,DOWN
2017-08-04,10007.2,10075.2,9988.35,10070.1,25,10007.2,10009.8999,10014.1,9991.1,10021.2999,10023.1,9991.1,10007.1,10026.7999,9991.1,10004.6,0.025988045499074065,0.6285474458389922,0.6546988385342742,0.02697957470620769,0.14089755376128438,-0.0009992805180306559,0.22983451914621472,0.8678751299064709,UP,UP,FLAT,UP,FLAT
2017-08-07,10075.7999,10088.1,10046.2999,10050.2999,25,10075.7999,10087.3999,10087.5,10070.8999,10074.5,10088.1,10070.8999,10074.3999,10088.1,10057.7,10070.1,0.05660221844867098,-0.2530816436717843,-0.19662267504791794,0.1151273359448153,-0.012901208965056756,-0.013894678476094352,0.16475218012219217,0.4148563926919627,DOWN,DOWN,UP,FLAT,FLAT
2017-08-08,10068.7,10083.7999,9947.0,9978.8,25,10068.7,10074.8999,10083.7999,10066.1,10059.8999,10083.7999,10058.1,9985.15,10083.7999,9981.5,10050.2999,0.18308010888312642,-0.8928660105078257,-0.7114205616889174,0.06157597306503934,-0.0874005581654075,-0.8297992789535996,0.17579131367504855,1.3586649716447998,DOWN,DOWN,FLAT,FLAT,DOWN
2017-08-09,9962.85,9969.8,9893.05,9899.4,25,9962.85,9936.1,9963.85,9925.9,9951.55,9963.85,9925.9,9956.4,9963.85,9925.9,9978.8,-0.15983885837975417,-0.6368659570303751,-0.7956868561350026,-0.2684974680939691,-0.11342136035372499,-0.0647405109983662,0.3809150995950027,0.7703618944378365,DOWN,DOWN,DOWN,DOWN,FLAT
2017-08-10,9870.0,9892.65,9776.0,9850.2,25,9870.0,9868.6,9879.2,9858.2,9846.05,9879.2,9844.35,9853.6,9879.2,9835.95,9899.4,-0.2969876962240099,-0.20060790273555493,-0.49699981817078726,-0.01418439716311688,-0.2426545086119628,-0.16616008105369437,0.2127659574468085,1.1818642350557207,DOWN,DOWN,FLAT,DOWN,DOWN
2017-08-11,9713.58,9771.6,9685.5,9712.7,25,9713.58,9712.4,9736.5,9704.3,9735.35,9742.95,9704.3,9731.25,9742.95,9704.3,9850.2,-1.3869769141743395,-0.009059481674101614,-1.3959107429290776,-0.012147941335741212,0.2241192227788358,0.18191027406991112,0.3314946703481181,0.8863879228873429,FLAT,DOWN,FLAT,UP,UP
2017-08-14,9754.42,9818.3,9752.25,9791.45,25,9754.42,9774.05,9774.35,9752.25,9787.0,9789.55,9752.25,9782.25,9793.55,9752.25,9712.7,0.4295407044385119,0.37962277613636336,0.8107941149217004,0.20124210357970232,0.3340024317181332,0.2853065584627269,0.22656395767252552,0.677128932319905,UP,UP,UP,UP,UP
2017-08-16,9829.49,9903.95,9773.85,9901.8,25,9829.49,9809.85,9830.75,9807.6,9784.45,9830.75,9775.4,9790.35,9830.75,9773.85,9791.45,0.3885022136659948,0.7356434565781083,1.127003661357598,-0.19980690758116057,-0.4582129896871461,-0.3981895296704042,0.23551577955722666,1.32356816070824,UP,UP,DOWN,DOWN,DOWN
2017-08-17,9945.6,9947.8,9883.75,9902.7,25,9945.6,9925.25,9947.8,9900.4,9932.5,9947.8,9900.4,9924.35,9947.8,9900.4,9901.8,0.4423438162758397,-0.43134652509652144,0.009089256498833093,-0.2046130952380989,-0.13171653796654162,-0.21366232303732302,0.47659266409266043,0.6440033783783711,DOWN,FLAT,DOWN,DOWN,DOWN
2017-08-18,9870.99,9871.78,9783.65,9834.45,25,9870.99,9845.3,9871.78,9829.8,9834.8,9871.78,9816.3,9844.15,9871.78,9816.3,9902.7,-0.3202156987488356,-0.37017563587845853,-0.689205974128268,-0.2602575830793113,-0.36662989223979064,-0.2719078836064077,0.425286622719721,0.8928182482203003,DOWN,DOWN,DOWN,DOWN,DOWN
2017-08-21,9869.71,9884.35,9740.1,9751.35,25,9869.71,9876.0,9879.7,9846.4,9867.75,9884.35,9846.4,9870.95,9884.35,9846.4,9834.45,0.35853555613174504,-1.1992246985980215,-0.844988789408664,0.06373034263418959,-0.019858739517160353,0.01256369234761306,0.3373959315927327,1.4615424364039067,DOWN,DOWN,FLAT,FLAT,FLAT
2017-08-22,9816.11,9828.45,9752.6,9774.9,25,9816.11,9807.9,9828.45,9804.75,9764.85,9828.45,9763.05,9765.7,9828.45,9763.05,9751.35,0.6641131740733356,-0.4198200712909793,0.24150502238150895,-0.08363801954135544,-0.5222027870510846,-0.5135435523848026,0.24143983716564632,0.7727093522790632,DOWN,UP,FLAT,DOWN,DOWN
2017-08-23,9802.77,9857.9,9786.75,9847.6,25,9802.77,9796.8,9816.7,9793.65,9798.6,9816.7,9786.75,9800.7,9816.7,9786.75,9774.9,0.28511800632232354,0.45731971677393146,0.7437416239552398,-0.060901153449496044,-0.042538996630544966,-0.021116480341777974,0.23513761926476995,0.7258152542597617,UP,UP,FLAT,FLAT,FLAT
2017-08-24,9880.32,9881.83,9848.85,9864.05,25,9880.32,9864.75,9881.83,9851.6,9868.2,9881.83,9851.6,9860.45,9881.83,9848.85,9847.6,0.3322636987692366,-0.16467077989377304,0.16704577765139636,-0.15758598911775842,-0.1226680917217153,-0.20110684674179563,0.30596175022670885,0.33379485684673743,DOWN,UP,DOWN,DOWN,DOWN
2017-08-28,9909.89,9925.75,9881.95,9910.75,25,9909.89,9889.55,9910.93,9881.95,9899.75,9910.93,9881.95,9913.3,9913.55,9881.95,9864.05,0.4647178390214988,0.00867819925347892,0.4734363674150145,-0.20524950327400351,-0.10232202375606003,0.03441006913295561,0.2924351329833082,0.44198270616524776,FLAT,UP,DOWN,DOWN,FLAT
2017-08-29,9886.44,9887.3,9783.75,9792.45,25,9886.44,9864.2,9887.3,9861.45,9861.45,9887.3,9852.1,9840.3,9887.3,9840.2,9910.75,-0.2452892061650177,-0.9506961049680145,-1.1936533562041143,-0.2249545842588412,-0.2527704613591928,-0.46669984342191156,0.26146924474329025,1.0473942086332317,DOWN,DOWN,DOWN,DOWN,DOWN
2017-08-30,9859.33,9909.45,9850.8,9886.1,25,9859.33,9864.95,9871.25,9850.8,9875.65,9883.45,9850.8,9877.7,9883.45,9850.8,9792.45,0.6829751492220966,0.271519464304374,0.9563490239929704,0.05700184495296131,0.16552848925839495,0.18632097718608465,0.20741774542489935,0.5948680082723822,UP,UP,FLAT,UP,UP
2017-08-31,9906.0,9925.1,9856.95,9915.85,25,9906.0,9875.35,9906.15,9870.15,9873.2,9906.15,9864.2,9871.15,9906.15,9864.2,9886.1,0.20129272412781216,0.09943468604886295,0.30092756496495077,-0.3094084393296955,-0.33111245709670173,-0.35180698566525703,0.36341611144760755,0.6879668887542867,FLAT,UP,DOWN,DOWN,DOWN
2017-09-01,9937.05,9983.45,9909.85,9972.1,25,9937.05,9933.45,9938.39,9909.85,9943.25,9943.55,9909.85,9960.45,9963.3,9909.85,9915.85,0.21379911959135028,0.3527203747591196,0.5672736074063242,-0.03622805561005072,0.06239276243956434,0.2354823614654395,0.2872079741975642,0.7406624702502289,UP,UP,FLAT,FLAT,UP
2017-09-04,9982.79,9988.4,9861.0,9903.95,25,9982.79,9956.6,9988.4,9952.55,9960.1,9988.4,9950.05,9955.45,9988.4,9950.05,9972.1,0.10719908544840615,-0.7897591755411076,-0.6834067047061265,-0.2623515069434547,-0.22729116810030572,-0.27387133256334295,0.3591180421505447,1.276196333890622,DOWN,DOWN,DOWN,DOWN,DOWN
2017-09-05,9930.29,9963.1,9901.0,9945.95,25,9930.29,9929.95,9936.7,9912.75,9944.25,9948.9,9912.75,9935.1,9948.9,9912.75,9903.95,0.2659544929043477,0.15769932197347564,0.4240732233098915,-0.003423867782311952,0.14057998306191585,0.048437658920328516,0.24118127466570186,0.6253593802396542,UP,UP,FLAT,UP,FLAT
2017-09-06,9901.65,9931.55,9882.55,9915.5,25,9901.65,9903.95,9907.15,9882.55,9904.9,9907.15,9882.55,9899.9,9911.9,9882.55,9945.95,-0.4454074271437227,0.13987567728611258,-0.30615476651301005,0.023228451823696976,0.03282281235955623,-0.01767382203976105,0.24844344124464474,0.49486701711330944,UP,DOWN,FLAT,FLAT,FLAT
2017-09-07,9946.82,9964.8,9917.2,9923.9,25,9946.82,9955.05,9964.8,9944.6,9944.85,9964.8,9939.1,9942.7,9964.8,9938.95,9915.5,0.3158690938429702,-0.23042540228937564,0.08471584892339909,0.08274001138051723,-0.019805324716837595,-0.04142027301186692,0.20307997933006636,0.4785449017876924,DOWN,FLAT,FLAT,FLAT,FLAT
2017-09-08,9958.46,9963.6,9913.3,9924.15,25,9958.46,9956.8,9963.6,9951.05,9960.1,9963.6,9951.05,9956.45,9963.6,9946.6,9923.9,0.34825018389946993,-0.3445311825322338,0.0025191708904765265,-0.016669244039739625,0.016468409774214456,-0.020183843686658372,0.12602350162576434,0.5050981778307198,DOWN,FLAT,FLAT,FLAT,FLAT
2017-09-11,9974.62,10028.6,9968.85,10006.1,25,9974.62,9985.25,10000.5,9968.85,9981.65,10000.5,9968.85,9984.25,10000.5,9968.85,9924.15,0.5085574079392308,0.31560099532613334,0.8257634155066251,0.10657047586774432,0.0704788753857173,0.09654503128940449,0.3173053209044518,0.5990203135558047,UP,UP,UP,FLAT,FLAT
2017-09-12,10057.2999,10097.5,10028.0,10087.6,25,10057.2999,10045.2999,10057.5,10029.0,10034.2999,10057.5,10029.0,10037.7999,10057.5,10028.0,10006.1,0.5116868710086808,0.30127469898755216,0.8145031530766231,-0.11931631868708618,-0.22868961081691516,-0.19388901786651505,0.28337625688182966,0.6910403457293742,UP,UP,DOWN,DOWN,DOWN
2017-09-13,10098.8999,10131.8999,10063.1,10085.7999,25,10098.8999,10100.3999,10101.2999,10084.0,10109.1,10110.2,10084.0,10113.8999,10120.7,10084.0,10087.6,0.11201772473135314,-0.1297170991862229,-0.01784468059796566,0.014853102960254116,0.10100209033659222,0.14853102960254116,0.1713047972680666,0.6812613322367912,DOWN,FLAT,FLAT,UP,UP
2017-09-14,10106.5,10126.5,10070.2999,10087.0,25,10106.5,10110.0,10118.0,10097.7999,10120.7,10123.2,10097.7999,10119.2,10126.5,10097.7999,10085.7999,0.20524004248785482,-0.19294513431949736,0.011898907492701895,0.03463117795478157,0.14050363627369247,0.12566170286450035,0.19987235937268116,0.5560787611932917,DOWN,FLAT,FLAT,UP,UP
2017-09-15,10063.1,10115.1,10043.6,10085.7999,25,10063.1,10078.3999,10083.8999,10054.7999,10049.5,10083.8999,10049.3999,10057.5,10083.8999,10044.5,10087.0,-0.23693863388519515,0.2255756178513541,-0.011897491821156144,0.15203962993510925,-0.13514722103527108,-0.05564885572040786,0.2891753038328186,0.71051664000159,UP,FLAT,UP,DOWN,FLAT
2017-09-18,10134.1,10171.7,10131.2999,10154.3999,25,10134.1,10156.7999,10160.2999,10131.2999,10165.7999,10167.1,10131.2999,10158.7999,10167.1,10131.2999,10085.7999,0.478892110480998,0.20031280528117917,0.6801641979829518,0.2239952240455454,0.31280429441193214,0.24373057301585355,0.2861625600694684,0.39865503596768087,UP,UP,UP,UP,UP
2017-09-19,10176.8999,10178.8999,10129.8999,10148.8999,25,10176.8999,10148.1,10178.8999,10141.7,10147.1,10178.8999,10141.7,10143.5,10178.8999,10140.1,10154.3999,0.22157882515538904,-0.2751329017199039,-0.054163712815761766,-0.28299285915153766,-0.29281903421296285,-0.3281932644340969,0.3655327296675053,0.48148257800983185,DOWN,FLAT,DOWN,DOWN,DOWN
2017-09-20,10158.2,10171.0,10134.2,10139.6,25,10158.2,10152.3999,10171.0,10151.1,10164.5,10171.0,10151.1,10152.2,10171.0,10146.2999,10148.8999,0.09163653294087948,-0.18310330570376998,-0.09163456228393758,-0.057097714161961605,0.062018861609333065,-0.059065582485085935,0.19590084857553144,0.3622689059085199,DOWN,FLAT,FLAT,FLAT,FLAT
2017-09-21,10140.2999,10158.8999,10058.6,10124.0,25,10140.2999,10158.3999,10158.8999,10136.6,10146.0,10158.8999,10136.6,10089.6,10158.8999,10079.0,10139.6,0.00690263915735942,-0.16074376656256467,-0.15385222296737902,0.1784957070155328,0.05621234141211169,-0.4999842263047823,0.21991361419202185,0.9891216333749654,DOWN,DOWN,UP,FLAT,DOWN
2017-09-22,10100.6,10100.6,9952.8,9962.65,25,10100.6,10050.6,10100.6,10047.1,10044.6,10100.6,10025.1,10018.0,10100.6,10016.7,10124.0,-0.23113393915448077,-1.3657604498742721,-1.5937376531015446,-0.4950200978159713,-0.5544225095538878,-0.8177732015919882,0.5296715046630893,1.463279409144022,DOWN,DOWN,DOWN,DOWN,DOWN
2017-09-25,9962.99,9962.99,9816.05,9874.5,25,9962.99,9898.4,9962.99,9893.1,9888.7,9962.99,9864.6,9855.85,9962.99,9855.3,9962.65,0.0034127466085845186,-0.8881871807559757,-0.8848047457252803,-0.6482993559162475,-0.745659686499726,-1.0753799813108256,0.7014962375752603,1.4748584511276286,DOWN,DOWN,DOWN,DOWN,DOWN
2017-09-26,9877.36,9891.35,9813.0,9854.95,25,9877.36,9860.2,9885.45,9846.5,9859.15,9885.45,9846.5,9839.5,9885.45,9835.0,9874.5,0.028963491822376647,-0.22688248681833864,-0.19798470808647806,-0.1737306324766927,-0.18436100334503294,-0.38330080102376124,0.39433613840136156,0.793228150031996,DOWN,DOWN,DOWN,DOWN,DOWN
2017-09-27,9923.86,9923.86,9714.4,9738.25,25,9923.86,9878.4,9923.86,9871.9,9860.95,9923.86,9852.55,9839.85,9923.86,9836.65,9854.95,0.6992425126459277,-1.8703407746582537,-1.1841764798400876,-0.4580878811269097,-0.6339267180310872,-0.8465455981845795,0.5235865882831977,2.1106706463009446,DOWN,DOWN,DOWN,DOWN,DOWN
2017-09-28,9737.21,9789.2,9687.55,9757.0,25,9737.21,9710.25,9739.55,9700.1,9712.75,9739.55,9687.55,9745.65,9751.25,9687.55,9738.25,-0.010679536877784748,0.20324096943581246,0.19253972736374605,-0.27687602506261166,-0.2512013194744606,0.08667780606560309,0.40514685418101193,1.0439335292142355,UP,UP,DOWN,DOWN,FLAT
2017-09-29,9814.4,9853.95,9775.3,9782.8,25,9814.4,9823.05,9824.25,9796.25,9822.3,9827.35,9796.25,9806.9,9827.35,9795.9,9757.0,0.5882955826586003,-0.3219758721878094,0.2644255406374836,0.08813580045646842,0.08049396804694772,-0.07641832409520705,0.2852950766221063,0.8013734920117527,DOWN,UP,FLAT,FLAT,FLAT
2017-10-03,9893.5,9895.4,9831.05,9854.8,25,9893.5,9841.2,9895.4,9832.6,9852.35,9895.4,9832.6,9839.35,9895.4,9831.05,9782.8,1.1315778713660785,-0.39116591701623016,0.7359856073925666,-0.5286299085257924,-0.415929650780812,-0.5473290544296724,0.6347601960883336,0.6504270480618625,DOWN,UP,DOWN,DOWN,DOWN
2017-10-04,9885.41,9938.3,9850.65,9923.65,25,9885.41,9864.6,9885.59,9850.65,9882.5,9885.59,9850.65,9902.1,9904.95,9850.65,9854.8,0.31061005804278713,0.3868327160937157,0.69864431546049,-0.2105122599871881,-0.029437322275958758,0.16883467655869114,0.3534501856776857,0.8866602396865647,UP,UP,DOWN,FLAT,UP
2017-10-05,9927.57,9945.95,9881.85,9887.55,25,9927.57,9929.6,9931.05,9911.3,9927.0,9931.2,9911.3,9936.5,9945.95,9911.3,9923.65,0.039501594675347,-0.4031197966874113,-0.36377744076020785,0.02044810562907796,-0.005741586309637796,0.089951518851041,0.19894092914983225,0.6456766358736364,DOWN,DOWN,FLAT,FLAT,FLAT
2017-10-06,9907.77,9989.35,9906.6,9986.55,25,9907.77,9933.95,9939.5,9906.6,9934.15,9939.5,9906.6,9958.9,9958.9,9906.6,9887.55,0.20449959797928874,0.7951335164219479,1.001259159245718,0.26423705838952954,0.26625567610066847,0.516059617855473,0.3320626134841608,0.835203077988286,UP,UP,UP,UP,UP
2017-10-09,9987.44,10015.7,9959.4,9987.6,25,9987.44,9984.25,9989.8,9959.4,9996.85,10006.3999,9959.4,10002.2,10015.7,9959.4,9986.55,0.008911986622018985,0.0016020121272303461,0.010514141520355794,-0.03194011678668918,0.09421833823281896,0.14778561873713603,0.30438230417403894,0.5637080172697017,FLAT,FLAT,FLAT,FLAT,UP
2017-10-10,10013.6,10033.8999,10002.2,10013.6,25,10013.6,10021.8999,10023.0,10008.2,10010.7999,10023.0,10004.5,10009.7,10023.0,10004.5,9987.6,0.26032280027233773,0.0,0.26032280027233773,0.08288627466645342,-0.027962970360313814,-0.03894703203642682,0.14779899336901087,0.31656846688503254,FLAT,UP,FLAT,FLAT,FLAT
2017-10-11,10046.7,10067.2,9955.8,9971.15,25,10046.7,10055.7999,10055.8999,10037.5,10057.2999,10060.1,10037.5,10061.5,10066.3999,10037.5,10013.6,0.3305504513861185,-0.7519882150357937,-0.42392346408884646,0.09057601003313775,0.10550628564602556,0.14731205271381917,0.18314371883305305,1.108821802183816,DOWN,DOWN,FLAT,UP,UP
2017-10-12,10014.0,10104.3999,9977.1,10098.2999,25,10014.0,9997.1,10021.2999,9977.1,10010.5,10021.2999,9977.1,10012.7,10025.3999,9977.1,9971.15,0.42973979932104484,0.8418204513680845,1.275177888207482,-0.1687637307769087,-0.03495106850409427,-0.012981825444370607,0.4413810665068865,1.271219292989814,UP,UP,DOWN,FLAT,FLAT
2017-10-13,10123.3999,10191.8999,10120.0,10161.6,25,10123.3999,10145.0,10148.2999,10120.0,10145.3999,10161.0,10120.0,10148.5,10161.0,10120.0,10098.2999,0.24855669022070104,0.3773445717579528,0.6268391771569429,0.21336804051373745,0.21731829442003964,0.2479414055351074,0.2795493636480762,0.7102347107714311,UP,UP,UP,UP,UP
2017-10-16,10209.8999,10242.8999,10175.1,10232.5,25,10209.8999,10237.2,10239.8999,10206.0,10240.6,10242.8999,10206.0,10229.3999,10242.8999,10206.0,10161.6,0.4753178633286095,0.22135476568188153,0.6977247677531061,0.2673885176876257,0.30068952977687885,0.1909910987472071,0.3320296999190006,0.6640603792795263,UP,UP,UP,UP,UP
2017-10-17,10229.2999,10251.7999,10212.6,10238.3999,25,10229.2999,10225.1,10239.2,10212.6,10222.7,10239.2,10212.6,10222.2999,10239.2,10212.6,10232.5,-0.03127388223796746,0.08896014477002834,0.057658441241146774,-0.04105755077138384,-0.06451956697446373,-0.06843088059232676,0.26003734625084524,0.38321195373301764,FLAT,FLAT,FLAT,FLAT,FLAT
2017-10-18,10212.3999,10236.3999,10175.7,10215.2999,25,10212.3999,10190.5,10212.5,10189.7,10205.6,10212.5,10189.7,10198.0,10212.5,10189.7,10238.3999,-0.2539459315317426,0.02839685116521569,-0.22562119301474406,-0.2144442071838603,-0.06658474077185304,-0.1410040748600174,0.22325800226447529,0.5943744917392004,FLAT,DOWN,DOWN,FLAT,DOWN
2017-10-23,10177.1,10224.1,10124.5,10190.8999,25,10177.1,10208.7,10224.1,10161.2999,10192.3999,10224.1,10161.2999,10167.0,10224.1,10156.2999,10215.2999,-0.3739479053375576,0.13559756708689097,-0.23885740251247678,0.3105010268151081,0.15033653987874718,-0.09924241679850215,0.6170726434839039,0.978667793379257,UP,DOWN,UP,UP,FLAT
2017-10-24,10221.3999,10237.7,10182.3999,10207.3999,25,10221.3999,10197.0,10221.7,10187.7999,10206.7,10221.7,10187.7999,10230.2999,10231.3999,10187.7999,10190.8999,0.29928662139052115,-0.1369675400333373,0.16190915583421636,-0.2387138771471053,-0.14381493869542875,0.0870722218783323,0.3316580931345886,0.5410227614712578,DOWN,UP,DOWN,DOWN,FLAT
2017-10-25,10318.3999,10340.5,10240.8999,10292.6,25,10318.3999,10257.8999,10340.5,10256.0,10265.0,10340.5,10253.7,10250.7,10340.5,10247.8999,10207.3999,1.0874463730964434,-0.25003779898082823,0.8346895471392282,-0.5863312198241125,-0.5175211323220797,-0.6561085115532266,0.8189254227295455,0.9652669112000559,DOWN,UP,DOWN,DOWN,DOWN
2017-10-26,10299.1,10355.6,10271.7999,10334.3999,25,10299.1,10282.8999,10299.6,10271.7999,10275.2999,10299.6,10271.7999,10285.2,10299.6,10271.7999,10292.6,0.0631521675767056,0.34274742453224044,0.4061160445368515,-0.15729626860599488,-0.23108912429241762,-0.13496324921594738,0.269927469390533,0.8136643007641482,UP,UP,DOWN,DOWN,DOWN
2017-10-27,10362.3999,10366.1,10311.2999,10319.7,25,10362.3999,10340.5,10366.1,10336.7999,10343.1,10366.1,10336.7999,10344.1,10366.1,10336.7999,10334.3999,0.27093977658054436,-0.4120657416434933,-0.14224241506272287,-0.21134003909654503,-0.1862493262781721,-0.17659905211726076,0.28275399794212136,0.5288359890453598,DOWN,DOWN,DOWN,DOWN,DOWN
2017-10-30,10362.7,10384.5,10344.2999,10364.8999,25,10362.7,10366.5,10369.1,10344.2999,10370.2,10376.5,10344.2999,10373.7,10383.7,10344.2999,10319.7,0.4166787794218824,0.021229023324033463,0.4379962595811856,0.03666997983150407,0.07237496019377189,0.1061499416175321,0.23932083337354532,0.38793075163808677,FLAT,UP,FLAT,FLAT,UP
2017-10-31,10367.7,10368.0,10323.8999,10339.6,25,10367.7,10357.2999,10368.0,10341.0,10361.7,10368.0,10341.0,10348.2,10368.0,10341.0,10364.8999,0.027015215072172416,-0.2710340769891139,-0.244092082355759,-0.10031250904251424,-0.05787204490870684,-0.18808414595329725,0.26042420208918077,0.42536049461307385,DOWN,DOWN,DOWN,FLAT,DOWN
2017-11-01,10391.0,10451.6,10383.0,10440.3999,25,10391.0,10406.7,10411.3999,10383.0,10412.3999,10421.6,10383.0,10432.2,10435.0,10383.0,10339.6,0.49711787690045683,0.475410451352135,0.9748916785949163,0.15109229140603145,0.20594649215667735,0.39649696853046607,0.27331248195554175,0.6601867000288747,UP,UP,UP,UP,UP
2017-11-02,10440.5,10453.0,10412.5,10424.2,25,10440.5,10447.0,10453.0,10431.2999,10441.0,10453.0,10431.2999,10445.3999,10453.0,10431.2999,10440.3999,0.0009587755350219542,-0.15612279105406132,-0.15516551238616458,0.06225755471481251,0.004789042670370193,0.046931660361097104,0.20784540970260065,0.3879124562999856,DOWN,DOWN,FLAT,FLAT,FLAT
2017-11-03,10462.3999,10462.3999,10403.6,10454.2999,25,10462.3999,10447.3999,10462.3999,10438.6,10411.1,10462.3999,10408.5,10427.1,10462.3999,10403.6,10424.2,0.3664540204524051,-0.07742009555570863,0.2887502158438945,-0.1433705473253799,-0.4903263160491503,-0.3373977322354117,0.22748031261928708,0.5620115897118402,FLAT,UP,DOWN,DOWN,DOWN
2017-11-06,10435.2,10490.3999,10413.7,10435.8999,25,10435.2,10442.0,10449.5,10421.2999,10433.8999,10449.5,10421.2999,10428.3999,10449.5,10413.7,10454.2999,-0.18269898685419625,0.006707106715727689,-0.17600413395448541,0.06516406010425552,-0.012458793314937749,-0.06516501839926771,0.27024014872738444,0.7350113078810143,FLAT,DOWN,FLAT,FLAT,FLAT
2017-11-07,10477.8999,10485.7,10340.7999,10352.2,25,10477.8999,10469.7999,10485.7,10464.3999,10477.6,10485.7,10464.3999,10432.1,10485.7,10430.3999,10435.8999,0.4024569074297081,-1.1996669294387858,-0.8020381644327541,-0.07730556769301035,-0.00286221478409027,-0.43710953947937575,0.2032859657305982,1.3829116653424103,DOWN,DOWN,FLAT,FLAT,DOWN
2017-11-08,10362.6,10384.2,10285.5,10315.5,25,10362.6,10376.6,10384.2,10355.3999,10373.2999,10384.2,10355.3999,10344.3999,10384.2,10331.8999,10352.2,0.10046173760166568,-0.4545191361241422,-0.3545140163443589,0.1351012294211877,0.10325497462026532,-0.1756325632563258,0.2779234941038,0.9524636674193805,DOWN,DOWN,UP,UP,DOWN
2017-11-09,10360.2999,10368.3999,10266.8999,10324.6,25,10360.2999,10357.6,10368.3999,10348.2,10357.0,10368.3999,10344.2999,10348.7999,10368.3999,10344.2999,10315.5,0.4342969318016575,-0.34458365437857275,0.08821676118462861,-0.026060056427513415,-0.031851394572081644,-0.1110006477708237,0.19497408564398425,0.979701369455531,DOWN,FLAT,FLAT,FLAT,DOWN
2017-11-10,10305.2999,10344.8999,10254.1,10334.6,25,10305.2999,10278.0,10305.6,10270.0,10289.0,10305.6,10270.0,10289.5,10305.6,10270.0,10324.6,-0.18693314995254423,0.2843206921130009,0.09685605253472289,-0.26491126182557756,-0.15817006936401706,-0.15331819697940066,0.3454533137846902,0.8810990546718585,UP,FLAT,DOWN,DOWN,DOWN
2017-11-13,10323.2,10334.1,10216.2,10223.2999,25,10323.2,10297.5,10334.1,10296.7,10304.7999,10334.1,10281.8999,10281.0,10334.1,10278.2999,10334.6,-0.11030905888955195,-0.9677241553006891,-1.0769657267818822,-0.24895381277124073,-0.17824027433354722,-0.40878797272164374,0.3622907625542432,1.1420877247365122,DOWN,DOWN,DOWN,DOWN,DOWN
2017-11-14,10221.7999,10248.0,10175.5,10181.2,25,10221.7999,10241.7,10247.6,10208.3999,10227.7999,10248.0,10208.3999,10210.6,10248.0,10197.3999,10223.2999,-0.014672366209270649,-0.3971893443149797,-0.4118034334491083,0.19468293446050286,0.05869807723393216,-0.10956876586871571,0.38349508289631085,0.7092684332433469,DOWN,DOWN,UP,FLAT,DOWN
2017-11-15,10172.0,10175.3999,10094.0,10129.6,25,10172.0,10158.8999,10175.3999,10150.1,10151.0,10175.3999,10147.3999,10166.7999,10175.3999,10147.3999,10181.2,-0.0903626291596347,-0.4168305151395953,-0.5068164852866103,-0.1287858828155688,-0.20644907589461264,-0.05112170664569426,0.24872099882029078,0.8002349587101881,DOWN,DOWN,DOWN,DOWN,FLAT
2017-11-16,10150.3999,10232.2,10139.2,10231.2,25,10150.3999,10158.5,10168.8999,10140.2,10147.6,10168.8999,10140.2,10166.3999,10168.8999,10139.2,10129.6,0.2053378218290947,0.7960287357742466,1.0030011056705137,0.07980079681392313,-0.02758413488713858,0.15762925754284812,0.2827464955346204,0.9162200594678047,UP,UP,FLAT,FLAT,UP
2017-11-17,10333.0,10343.5,10268.0,10272.2999,25,10333.0,10324.1,10339.1,10318.7999,10331.7999,10339.1,10313.5,10322.1,10343.5,10313.5,10231.2,0.9949956994291899,-0.5874392722345885,0.4017114316991091,-0.08613181070356755,-0.011614245620826675,-0.10548727378302174,0.19645891802961757,0.7306687312493951,DOWN,UP,FLAT,FLAT,DOWN
2017-11-20,10290.1,10309.7999,10261.5,10296.7999,25,10290.1,10291.7,10298.7999,10261.5,10283.0,10309.5,10261.5,10274.3999,10309.5,10261.5,10272.2999,0.173282518747339,0.06511015442026429,0.23850549768314303,0.015548925666420771,-0.06899835764473002,-0.15257480490957348,0.36248335779049745,0.46938222174711597,FLAT,UP,FLAT,FLAT,DOWN
2017-11-21,10329.1,10358.7,10315.0,10320.0,25,10329.1,10332.2999,10340.2,10324.0,10326.8999,10340.2,10324.0,10334.7999,10340.2,10323.7,10296.7999,0.3136906642227784,-0.08810060895915776,0.22531369187819236,0.030979465781138877,-0.021300016458355716,0.055182929780906526,0.1568384467185014,0.4230765507159455,FLAT,UP,FLAT,FLAT,FLAT
2017-11-22,10351.7,10368.7,10309.5,10346.7,25,10351.7,10360.7,10368.7,10346.5,10349.1,10368.7,10346.5,10319.8999,10368.7,10313.5,10320.0,0.30717054263566596,-0.04830124520610141,0.2587209302325652,0.08694224137098254,-0.025116647507176244,-0.3071968855357128,0.2144575287150973,0.5718867432402477,FLAT,UP,FLAT,FLAT,DOWN
2017-11-23,10356.5,10374.2999,10307.2999,10351.5,25,10356.5,10342.7999,10361.0,10331.2999,10356.7,10361.0,10331.2999,10359.8999,10366.8999,10331.2999,10346.7,0.09471618970299005,-0.048278858687780625,0.046391603119828276,-0.13228503838169287,0.0019311543475182503,0.032828658330520386,0.28677738618259085,0.6469367064162603,FLAT,FLAT,DOWN,FLAT,FLAT
2017-11-24,10366.0,10404.5,10362.2,10393.2,25,10366.0,10375.6,10379.3999,10362.2,10378.2999,10383.7999,10362.2,10384.8999,10390.2,10362.2,10351.5,0.14007631744191665,0.26239629558171645,0.4028401680915879,0.09261045726413625,0.11865618367740671,0.18232587304650147,0.16592610457263762,0.40806482732007787,UP,UP,FLAT,UP,UP
2017-11-27,10362.7,10407.1,10340.2,10404.6,25,10362.7,10363.2,10367.5,10348.0,10358.2,10368.0,10348.0,10362.2,10368.0,10348.0,10393.2,-0.293461109186776,0.4043347776158688,0.1096871031058734,0.00482499734625146,-0.043424976116263135,-0.00482499734625146,0.18817489650380692,0.6455846449284417,UP,UP,FLAT,FLAT,FLAT
2017-11-28,10387.6,10409.5,10355.2,10362.6,25,10387.6,10385.2,10398.5,10372.2,10377.3999,10398.5,10372.2,10391.7999,10398.5,10372.2,10404.6,-0.16338927013051918,-0.24067156994878508,-0.4036676085577533,-0.023104470715079865,-0.0981949632253843,0.0404318610651124,0.2531864915861149,0.5227386499287542,DOWN,DOWN,FLAT,FLAT,FLAT
2017-11-29,10376.6,10392.8999,10345.7999,10351.2,25,10376.6,10380.0,10391.8999,10370.1,10369.5,10391.8999,10368.3999,10373.3999,10391.8999,10364.1,10362.6,0.1351012294211877,-0.24478152766801878,-0.11001100110010649,0.03276603126264514,-0.06842318293082864,-0.030839581365765475,0.21008711909488637,0.45390590366787154,DOWN,DOWN,FLAT,FLAT,FLAT
2017-11-30,10335.1,10335.6,10211.2,10228.7,25,10335.1,10308.2999,10335.6,10298.2,10304.7999,10335.6,10298.2,10290.0,10335.6,10283.2999,10351.2,-0.15553752221964953,-1.02950140782382,-1.183437669062524,-0.259311472554696,-0.2931766504436375,-0.4363770065117934,0.36187361515611494,1.203665179824091,DOWN,DOWN,DOWN,DOWN,DOWN
2017-12-01,10265.7999,10272.7,10108.5,10123.3999,25,10265.7999,10247.6,10272.7,10246.7,10259.2,10272.7,10246.7,10248.1,10272.7,10233.3999,10228.7,0.3627039604250711,-1.3871300959216986,-1.0294573112907834,-0.17728672073570825,-0.06429016797803795,-0.17241617966856743,0.253268135491322,1.5994856864490485,DOWN,DOWN,DOWN,FLAT,DOWN
2017-12-04,10176.6,10179.1,10095.7,10136.5,25,10176.6,10111.7,10179.1,10095.7,10123.7999,10179.1,10095.7,10129.7999,10179.1,10095.7,10123.3999,0.5255161361352525,-0.3940412318456102,0.12940415403326758,-0.6377375547825368,-0.5188383153509067,-0.4598795275435841,0.8195271505217816,0.8195271505217816,DOWN,UP,DOWN,DOWN,DOWN
2017-12-05,10118.8999,10147.8999,10069.1,10121.5,25,10118.8999,10087.0,10119.2,10085.7,10077.7999,10119.2,10069.1,10092.6,10119.2,10069.1,10136.5,-0.1736309377003863,0.025695480988004008,-0.14798007201696836,-0.3152506726546464,-0.4061706352090741,-0.2599086882952561,0.3310636564356171,0.7787397916645067,FLAT,DOWN,DOWN,DOWN,DOWN
2017-12-06,10089.8999,10104.2,10033.2999,10039.6,25,10089.8999,10094.5,10098.2,10076.2999,10101.3999,10104.2,10076.2999,10086.8999,10104.2,10074.3999,10121.5,-0.31220767672775435,-0.4985173341511543,-0.8091686014918701,0.04559113614199142,0.11397536262971251,-0.02973270329470761,0.21704972514148277,0.7026838789550404,DOWN,DOWN,FLAT,UP,FLAT
2017-12-07,10058.3999,10182.6,10058.2,10174.2999,25,10058.3999,10074.5,10079.5,10058.2,10087.7,10097.5,10058.2,10088.7,10104.7999,10058.2,10039.6,0.18725746045659167,1.1522707503407141,1.3416859237419778,0.16006621490560993,0.2912998120108585,0.301241751185498,0.21176330441981406,1.2367772333251499,UP,UP,UP,UP,UP
2017-12-08,10200.5,10270.7999,10195.2,10267.3999,25,10200.5,10220.3999,10227.2999,10195.2,10228.6,10228.7999,10195.2,10238.7,10240.8999,10195.2,10174.2999,0.2575125586773791,0.6558492230773035,0.9150506758700947,0.19508749571099793,0.2754766923190075,0.3744914464977278,0.3146894760060708,0.7411391598450983,UP,UP,UP,UP,UP
2017-12-11,10307.7,10329.1,10282.0,10326.7,25,10307.7,10319.5,10320.3999,10296.3999,10309.8999,10321.0,10296.3999,10311.3999,10322.3999,10296.3999,10267.3999,0.392505409280887,0.18432822065058158,0.5775571281683534,0.1144775265093015,0.0213422975057444,0.03589452545184295,0.23283564713757676,0.4569399575074979,UP,UP,UP,FLAT,FLAT
2017-12-12,10327.7999,10328.2,10230.1,10241.3999,25,10327.7999,10291.1,10328.2,10283.8999,10297.8999,10328.2,10283.8999,10276.2999,10328.2,10274.2999,10326.7,0.010651030823004948,-0.8365770138517076,-0.8260150871043062,-0.35535061054000106,-0.28950986937691964,-0.4986541228398509,0.4289403399459781,0.949863484477467,DOWN,DOWN,DOWN,DOWN,DOWN
2017-12-13,10236.5,10296.5,10169.7999,10201.6,25,10236.5,10231.3999,10239.2999,10210.5,10230.1,10247.3999,10210.5,10226.7999,10247.3999,10210.5,10241.3999,-0.04784404522667202,-0.3409368436477276,-0.38861777089673044,-0.04982269330337183,-0.06252136960874943,-0.09475992770966658,0.2813451863429881,1.2377287158696821,DOWN,DOWN,FLAT,FLAT,FLAT
2017-12-14,10229.2999,10276.0,10141.5,10258.0,25,10229.2999,10211.2,10230.7,10187.5,10189.0,10230.7,10187.5,10209.7,10230.7,10181.2,10201.6,0.2715250548933463,0.28056758801254833,0.5528544542032586,-0.176941727947572,-0.3939653778261011,-0.19160548807449915,0.4223162916555094,1.3148504913811354,UP,UP,DOWN,DOWN,DOWN
2017-12-15,10344.2,10373.1,10319.6,10328.3999,25,10344.2,10346.7999,10362.2999,10332.2,10364.8999,10365.2999,10332.2,10360.3999,10373.1,10332.2,10258.0,0.8403197504386891,-0.15274356644303458,0.6862926496393092,0.025133891456074434,0.20011117341118323,0.15660853425107418,0.29098335299007416,0.5171980433479632,DOWN,UP,FLAT,UP,UP
2017-12-18,10278.2,10443.5,10074.7999,10389.6,25,10278.2,10214.2999,10278.3999,10074.7999,10308.7,10319.0,10074.7999,10384.1,10412.2,10074.7999,10328.3999,-0.4860375322996509,1.083847366270355,0.5925419289777889,-0.6217051623825256,0.29674456616917355,1.0303360510595205,1.9808915958047162,3.5872049580665872,UP,UP,DOWN,UP,UP
2017-12-19,10416.7999,10472.2,10406.0,10470.3999,25,10416.7999,10410.7999,10431.5,10410.6,10417.2,10431.5,10406.0,10417.3999,10431.5,10406.0,10389.6,0.26179929929929563,0.5145534186559575,0.7776998151998149,-0.05759926328238291,0.0038409108732207473,0.005759926328241784,0.20063743376696366,0.635511871548965,UP,UP,FLAT,FLAT,FLAT
2017-12-20,10491.5,10494.8999,10437.1,10442.7999,25,10491.5,10471.3999,10494.8999,10445.6,10457.0,10494.8999,10445.6,10455.6,10494.8999,10440.7,10470.3999,0.20152143377063997,-0.46418624600867386,-0.26360024701635665,-0.1915846161178064,-0.3288376304627556,-0.3421817661916755,0.4699032550159651,0.5509212219415716,DOWN,DOWN,DOWN,DOWN,DOWN
2017-12-21,10474.2,10474.6,10426.8999,10429.6,25,10474.2,10466.8999,10474.6,10456.2999,10454.8999,10474.6,10448.8999,10453.2,10474.6,10439.5,10442.7999,0.3006866003436564,-0.4258081762807695,-0.1264019240663571,-0.0696960149701207,-0.18426323728781563,-0.20049263905596607,0.17471596876134102,0.45540566343969,DOWN,DOWN,FLAT,DOWN,DOWN
2017-12-22,10456.7999,10501.1,10448.2,10485.6,25,10456.7999,10465.7999,10467.2,10448.2,10457.7,10467.6,10448.2,10474.0,10479.2,10448.2,10429.6,0.2607952366341913,0.27541982514172797,0.536933343560635,0.08606839650818986,0.008607795966342896,0.16448722519783535,0.18169994818395635,0.5058909083648013,UP,UP,FLAT,FLAT,UP
2017-12-26,10515.2,10545.3999,10477.8999,10525.7999,25,10515.2,10502.2,10515.2,10493.5,10495.2999,10515.2,10486.1,10490.8999,10515.2,10486.1,10485.6,0.28229190508888724,0.1008055006086356,0.3833819714656254,-0.12363055386488131,-0.18925079884358592,-0.2310949863055423,0.20636792452830877,0.6419278758368837,UP,UP,DOWN,DOWN,DOWN
2017-12-27,10530.8999,10552.3999,10469.2,10475.2,25,10530.8999,10527.3999,10534.3999,10515.6,10535.7999,10539.8999,10515.6,10538.0,10548.2,10515.6,10525.7999,0.048452374626657725,-0.5289187109261158,-0.4807226099747464,-0.03323552624405821,0.04652973674167804,0.06742158853869322,0.1785213056673341,0.7900549885580017,DOWN,DOWN,FLAT,FLAT,FLAT
2017-12-28,10499.0,10534.5,10460.3999,10467.3999,25,10499.0,10506.7999,10515.8999,10494.5,10506.8999,10515.8999,10494.5,10491.2,10515.8999,10486.2,10475.2,0.2272032992210103,-0.3009819982855477,-0.07446254009470353,0.0742918373178396,0.07524430898181106,-0.07429278978949683,0.20382798361749066,0.7057824554719465,DOWN,FLAT,FLAT,FLAT,FLAT
2017-12-29,10494.7,10538.7,10488.6,10527.8999,25,10494.7,10512.0,10515.3999,10488.6,10511.3999,10515.3999,10488.6,10512.0,10515.3999,10488.6,10467.3999,0.2608107100216968,0.3163492048367234,0.5779849874657029,0.16484511229477042,0.15912698790817856,0.16484511229477042,0.25536604190686707,0.47738382231031246,UP,UP,UP,UP,UP
2018-01-01,10534.5,10537.7999,10423.1,10435.0,25,10534.5,10522.7999,10535.5,10518.0,10524.0,10535.5,10516.2999,10532.2,10535.5,10516.2999,10527.8999,0.06269151552247999,-0.9445156390906071,-0.8824162547366198,-0.11106459727561839,-0.09967250462765201,-0.021833024823193055,0.16612084104608665,1.0888025060515414,DOWN,DOWN,DOWN,FLAT,FLAT
2018-01-02,10479.6,10495.2,10404.6,10440.1,25,10479.6,10475.6,10495.2,10464.5,10447.7,10495.2,10430.5,10428.2999,10495.2,10409.6,10435.0,0.42740776233828814,-0.37692278331234014,0.048873981792049485,-0.03816939577846483,-0.3044009313332535,-0.48952345509370954,0.2929501125997245,0.8645368143822317,DOWN,FLAT,FLAT,DOWN,DOWN
2018-01-03,10481.3999,10503.5,10429.5,10446.7999,25,10481.3999,10471.5,10485.5,10462.7,10466.8999,10485.5,10460.5,10495.2,10503.5,10460.5,10440.1,0.3955891227095523,-0.33010857643166885,0.0641746726563885,-0.094452077913756,-0.13834029937165168,0.13166275623164023,0.21752819487403846,0.7060125623104982,DOWN,FLAT,FLAT,DOWN,UP
2018-01-04,10472.7999,10513.0,10441.3999,10505.8999,25,10472.7999,10457.5,10473.1,10441.3999,10460.0,10473.1,10441.3999,10450.7,10473.1,10441.3999,10446.7999,0.24888004220316307,0.3160568359565465,0.5657234805464242,-0.14609178200759837,-0.12222041977523108,-0.21102188727963045,0.3026898279609068,0.6836767691894854,UP,UP,DOWN,DOWN,DOWN
2018-01-05,10540.1,10566.1,10520.1,10561.2,25,10540.1,10540.7999,10541.2,10522.2999,10544.7999,10554.2999,10522.2999,10554.2999,10562.7999,10522.2999,10505.8999,0.32553232303307994,0.20018785400518366,0.5263718532098367,0.006640354455836432,0.04459065853264785,0.13472263071507495,0.17931613552054296,0.43642849688333124,UP,UP,FLAT,FLAT,UP
2018-01-08,10590.2,10631.2,10588.5,10618.2999,25,10590.2,10606.2,10614.1,10588.5,10615.7999,10618.2,10588.5,10612.3999,10618.8999,10588.5,10561.2,0.27459000871113126,0.2653387093728093,0.5406573116691213,0.15108307680685917,0.24173197862173756,0.2096268248002834,0.2417329228909781,0.4032029612283123,UP,UP,UP,UP,UP
2018-01-09,10644.6,10659.1,10603.6,10628.0,25,10644.6,10627.2999,10659.1,10607.8999,10615.6,10659.1,10607.8999,10627.2999,10659.1,10607.8999,10618.2999,0.2476865434927147,-0.15594761663191067,0.0913526655995092,-0.16252466039118788,-0.2724386073689946,-0.16252466039118788,0.4809959979708023,0.5213911278958345,DOWN,FLAT,DOWN,DOWN,DOWN
2018-01-10,10650.7999,10655.3999,10592.7,10625.3999,25,10650.7999,10637.2,10655.3999,10627.7999,10637.7999,10655.3999,10627.7999,10638.7999,10655.3999,10627.7999,10628.0,0.21452672186676683,-0.23847974085025891,-0.024464621753854502,-0.12768900108619308,-0.12205656027769332,-0.11266759410248615,0.25913546643572155,0.588687240288869,DOWN,FLAT,DOWN,DOWN,DOWN
2018-01-11,10637.8999,10664.5,10612.2999,10648.8999,25,10637.8999,10621.2999,10641.2,10617.2,10615.8999,10641.2,10612.2999,10624.7,10641.2,10612.2999,10625.3999,0.11764263103170357,0.1034038682766699,0.2211681463396027,-0.15604583758115984,-0.2068077365533398,-0.12408370189683413,0.22560843987637072,0.49069929676627266,UP,UP,DOWN,DOWN,DOWN
2018-01-12,10682.8999,10690.3999,10597.1,10668.2,25,10682.8999,10686.1,10690.2,10675.1,10680.3999,10690.2,10675.1,10679.6,10690.2,10675.1,10648.8999,0.3192818067526393,-0.1376021505171982,0.1812403176031393,0.029955349483336637,-0.02340188547493551,-0.030889552751495686,0.14134738826861387,0.873357429849174,DOWN,UP,FLAT,FLAT,FLAT
2018-01-15,10717.6,10782.6,10713.7999,10733.6,25,10717.6,10725.7999,10734.5,10713.7999,10741.0,10742.5,10713.7999,10745.6,10755.1,10713.7999,10668.2,0.46305843534991503,0.14928715384041202,0.6130368759490789,0.07650873329849608,0.2183324624915992,0.261252519220721,0.19314118832574476,0.6419356945584869,UP,UP,FLAT,UP,UP
2018-01-16,10762.7999,10763.2,10687.7999,10711.2,25,10762.7999,10750.0,10763.2,10737.3999,10759.0,10763.2,10737.3999,10752.7,10763.2,10737.3999,10733.6,0.2720419989565441,-0.4794282201604366,-0.2086904673175788,-0.11892723193710941,-0.03530586868942885,-0.09384082296279848,0.23971550376961281,0.7005621278901668,DOWN,DOWN,DOWN,FLAT,FLAT
2018-01-17,10702.1,10803.0,10666.7,10793.8999,25,10702.1,10699.0,10722.2,10694.8999,10713.8999,10722.2,10666.7,10716.8999,10736.2999,10666.7,10711.2,-0.08495780118007658,0.8577746423599104,0.7720880947046046,-0.028966277646446617,0.11025779987105316,0.1382896814643853,0.25509105689537925,1.2735818203903837,UP,UP,FLAT,UP,UP
2018-01-18,10873.2,10887.5,10782.3999,10822.3999,25,10873.2,10878.0,10887.0,10850.2,10875.2999,10887.5,10850.2,10866.2,10887.5,10850.2,10793.8999,0.7346751473950613,-0.4672046867527534,0.26403802392127057,0.044145237832462124,0.019312621859243387,-0.06437847183901703,0.3384468233822543,0.9665976897325502,DOWN,UP,FLAT,FLAT,FLAT
2018-01-19,10828.0,10906.7999,10793.8999,10900.1,25,10828.0,10827.2,10842.2,10809.1,10799.7,10842.2,10793.8999,10851.0,10852.2999,10793.8999,10822.3999,0.05174545435157738,0.6658662726265272,0.7179562825062491,-0.007388252678234876,-0.2613594384927897,0.2124122644994459,0.30568895456224937,1.042667159216842,UP,UP,FLAT,DOWN,UP
2018-01-22,10903.7999,10975.1,10881.2999,10958.0,25,10903.7999,10916.6,10926.3999,10881.2999,10907.3999,10926.3999,10881.2999,10905.7,10929.7999,10881.2999,10900.1,0.03394372528692045,0.4970753360945299,0.5311877872680034,0.11739118580120299,0.03301601306898858,0.0174260351201121,0.4136172748364574,0.860251479853371,UP,UP,UP,FLAT,FLAT
2018-01-23,11000.6,11092.8999,10994.5,11083.2,25,11000.6,11022.2,11022.8999,10994.5,11022.1,11030.6,10994.5,11045.0,11046.3999,10994.5,10958.0,0.3887570724584811,0.750868134465396,1.1425442599014484,0.19635292620402853,0.19544388487900657,0.40361434830827075,0.2581668272639705,0.8944957547770152,UP,UP,UP,UP,UP
2018-01-24,11070.6,11110.0,11046.1,11084.2999,25,11070.6,11101.0,11105.8999,11057.2,11068.7,11110.0,11057.2,11091.7999,11110.0,11046.1,11083.2,-0.11368557817237226,0.12375029357035404,0.00992402916124632,0.27460119596046856,-0.017162574747526207,0.1914972991527073,0.43990298628800256,0.5772044875616464,UP,FLAT,UP,FLAT,UP
2018-01-25,11095.8999,11096.0,11009.2,11064.6,25,11095.8999,11075.7,11096.0,11068.3999,11074.8999,11096.0,11059.8999,11081.6,11096.0,11059.8999,11084.2999,0.10465252749071112,-0.28208527728336824,-0.17772795916501336,-0.1820483257964468,-0.18925909740768299,-0.12887553176286295,0.24874142925532028,0.7822709359517498,DOWN,DOWN,DOWN,DOWN,DOWN
2018-01-29,11080.1,11171.5,11075.8999,11124.2,25,11080.1,11135.1,11136.0,11075.8999,11139.7,11146.5,11075.8999,11141.0,11149.1,11075.8999,11064.6,0.1400864016774217,0.3980108482775459,0.5386548090306054,0.49638541168401,0.5379012824794033,0.549634028573746,0.5424147796500001,0.8628089999187701,UP,UP,UP,UP,UP
2018-01-30,11122.7999,11122.7999,11033.8999,11049.0,25,11122.7999,11090.8999,11122.7999,11080.8999,11065.3999,11122.7999,11060.5,11057.0,11122.7999,11042.1,11124.2,-0.012586073605299689,-0.6635011028113522,-0.6760036676794801,-0.28679829077928154,-0.5160571125620954,-0.5915767665657635,0.3767037110862674,0.7992591865291008,DOWN,DOWN,DOWN,DOWN,DOWN
2018-01-31,11018.8999,11058.5,10979.2999,11029.7,25,11018.8999,11047.0,11053.8999,11010.7,11043.1,11058.5,11010.7,11038.3999,11058.5,11010.7,11049.0,-0.2724237487555404,0.09801432173823799,-0.17467644130689902,0.2550172907914306,0.21962355788348728,0.17696866453973323,0.3920527492948694,0.7187659450468373,FLAT,DOWN,UP,UP,UP
2018-02-01,11044.2999,11117.2999,10878.7,11020.1,25,11044.2999,11058.6,11077.3999,11039.5,11067.5,11077.3999,11039.5,11074.2999,11100.7,11039.5,11029.7,0.1323689674243112,-0.21911665039084657,-0.08703772541411246,0.1294794611653056,0.21006401682373746,0.27163333368011855,0.34316253943810726,2.1603895417580907,DOWN,FLAT,UP,UP,UP
2018-02-02,10931.7,10954.8999,10736.1,10737.5,25,10931.7,10937.5,10954.8999,10914.1,10946.1,10954.8999,10914.1,10912.2,10954.8999,10902.2999,11020.1,-0.8021705792143414,-1.7764849017078839,-2.5644050416965394,0.05305670664214415,0.13172699580119865,-0.17838030681412773,0.3732255733326013,2.001517604764126,DOWN,DOWN,FLAT,UP,DOWN
2018-02-05,10600.3999,10702.7,10586.7999,10690.5,25,10600.3999,10611.2,10641.2999,10586.7999,10643.7999,10660.1,10586.7999,10673.2,10689.6,10586.7999,10737.5,-1.2768344586728722,0.8499688771175478,-0.4377182770663562,0.10188389213505412,0.4094185163712516,0.6867674869511327,0.5141315470560691,1.0933559214119906,UP,DOWN,UP,UP,UP
2018-02-06,10297.1,10594.1,10276.2,10520.6,25,10297.1,10400.6,10409.0,10276.2,10365.3999,10423.7,10276.2,10309.8999,10423.7,10276.2,10690.5,-3.679902717365882,2.1705140282215383,-1.5892614938496763,1.0051373687737324,0.6632925775218264,0.1243058725272162,1.2896835031222311,3.087277000320475,UP,DOWN,UP,UP,UP
2018-02-07,10601.2,10614.0,10446.2999,10460.2,25,10601.2,10566.1,10614.0,10553.0,10546.3999,10614.0,10542.2999,10555.1,10614.0,10533.2999,10520.6,0.7661160009885402,-1.3300381088933328,-0.5741117426762697,-0.33109459306493944,-0.5169235558238725,-0.43485643134739804,0.5754065577481794,1.5818973323774668,DOWN,DOWN,DOWN,DOWN,DOWN
2018-02-08,10519.2999,10637.7999,10479.5,10581.1,25,10519.2999,10517.7,10519.8999,10479.5,10545.6,10555.7,10479.5,10554.1,10575.7999,10479.5,10460.2,0.5649978011892626,0.5874925193453262,1.1558096403510414,-0.015209187067660767,0.25001758909830474,0.330821445636324,0.38405502632357064,1.5048520481862104,UP,UP,FLAT,UP,UP
2018-02-09,10419.8999,10480.2,10398.2,10466.7999,25,10419.8999,10432.6,10436.1,10398.2,10440.7999,10453.8999,10398.2,10442.7999,10453.8999,10398.2,10581.1,-1.5234720397690222,0.4501002931899531,-1.0802288986967363,0.12188312864694621,0.20057774259424158,0.21977178494775787,0.3637271025991299,0.7869557364941673,UP,DOWN,UP,UP,UP
2018-02-12,10522.2,10555.5,10485.3999,10534.1,25,10522.2,10530.6,10538.1,10511.1,10516.2999,10538.1,10510.5,10505.3999,10538.1,10485.3999,10466.7999,0.5292935809349021,0.11309421983995396,0.6429864012208772,0.07983121400467237,-0.056072874493934236,-0.1596633783809506,0.25660033072931515,0.6662114386725176,UP,UP,FLAT,FLAT,DOWN
2018-02-14,10585.2,10590.5,10456.6,10460.1,25,10585.2,10568.3999,10590.5,10561.1,10543.8999,10590.5,10527.8999,10555.5,10590.5,10527.8999,10534.1,0.4850912750021394,-1.1818387937875559,-0.7024805156586704,-0.1587131088689905,-0.3901683482598381,-0.28058043305748337,0.2777462872690137,1.2649737369156902,DOWN,DOWN,DOWN,DOWN,DOWN
2018-02-15,10540.5,10618.1,10511.0,10547.7999,25,10540.5,10538.2999,10550.7,10518.6,10540.2,10550.7,10518.6,10572.1,10583.7999,10518.6,10460.1,0.7686350990908274,0.06925572790664561,0.8384231508302942,-0.02087282386983559,-0.0028461647929346086,0.2997960248565093,0.30453963284474517,1.016080831080123,FLAT,UP,FLAT,FLAT,UP
2018-02-16,10595.8999,10612.7999,10434.0,10451.7,25,10595.8999,10597.2999,10612.7999,10579.7,10583.8999,10612.7999,10579.7,10567.7999,10612.7999,10554.0,10547.7999,0.456019269004149,-1.360902814870869,-0.9110895249349512,0.013212657850794118,-0.11325135300683616,-0.26519691829101144,0.31238403828257433,1.6874442160405834,DOWN,DOWN,FLAT,DOWN,DOWN
2018-02-19,10489.7999,10489.8999,10302.7,10387.3999,25,10489.7999,10439.8999,10489.8999,10404.7999,10417.7999,10489.8999,10404.7999,10396.7,10489.8999,10379.0,10451.7,0.36453304247155244,-0.9761863998950031,-0.6152118794071815,-0.47570020854258277,-0.6863810624261766,-0.8875278926912539,0.8112642835064983,1.7845898090010242,DOWN,DOWN,DOWN,DOWN,DOWN
2018-02-20,10391.3999,10429.2999,10347.6,10357.3999,25,10391.3999,10382.3999,10402.2999,10358.5,10423.0,10425.2,10358.5,10416.2,10429.2999,10358.5,10387.3999,0.0385081929886997,-0.3271936440440522,-0.2888114474152477,-0.086610082246955,0.30409858444577476,0.23865985563697134,0.421501437934267,0.7862261176186628,DOWN,DOWN,FLAT,UP,UP
2018-02-21,10426.7,10426.7999,10349.6,10399.0,25,10426.7,10383.8999,10426.7999,10382.7999,10364.5,10426.7999,10360.6,10366.6,10426.7999,10349.6,10357.3999,0.6690878084180218,-0.2656641123270136,0.40164616990408625,-0.41048558028906923,-0.596545407463538,-0.576404806890007,0.4219935358262921,0.7404058810553638,DOWN,UP,DOWN,DOWN,DOWN
2018-02-22,10361.1,10397.5,10340.6,10376.2,25,10361.1,10354.5,10365.0,10340.6,10349.7,10365.0,10340.6,10357.1,10365.0,10340.6,10399.0,-0.364458120973167,0.1457374217023324,-0.21925185113952564,-0.06369980021426647,-0.11002692764281433,-0.038605939523795735,0.23549623109515044,0.5491694897259908,UP,DOWN,FLAT,DOWN,FLAT
2018-02-23,10408.3999,10499.1,10396.6,10492.3999,25,10408.3999,10417.7,10426.2999,10396.6,10412.0,10426.2999,10396.6,10416.0,10427.5,10396.6,10376.2,0.31032458896320053,0.8070404750686031,1.1198695090688267,0.0893518705022122,0.034588409693978577,0.07301890850676919,0.28534549292249634,0.9847815320777596,UP,UP,FLAT,FLAT,FLAT
2018-02-26,10524.7999,10592.8999,10520.2,10577.3999,25,10524.7999,10542.5,10546.5,10520.2,10545.7,10546.5,10520.2,10562.1,10563.3999,10520.2,10492.3999,0.30879494023097265,0.4997719719117925,0.8101101827047213,0.16817516882197467,0.19857954734132996,0.354401987252987,0.2498859859558876,0.6907485243496136,UP,UP,UP,UP,UP
2018-02-27,10618.5,10631.6,10537.2,10551.2,25,10618.5,10623.0,10631.6,10603.7999,10591.8999,10631.6,10572.6,10571.5,10631.6,10565.7,10577.3999,0.3885652465498601,-0.6337995008711143,-0.24769697891444584,0.04237886707162029,-0.25050713377595385,-0.4426237227480341,0.26180816499505943,0.889014455902431,DOWN,DOWN,FLAT,DOWN,DOWN
2018-02-28,10494.2,10535.5,10461.5,10488.5,25,10494.2,10481.1,10494.6,10461.5,10493.7999,10494.6,10461.5,10496.7999,10498.7999,10461.5,10551.2,-0.5402229130335886,-0.05431571725334687,-0.5942452043369543,-0.12483085895066191,-0.0038125821882634974,0.02477463741875752,0.31541232299746874,0.7051514169731851,FLAT,DOWN,DOWN,FLAT,FLAT
2018-03-01,10481.2999,10525.5,10447.1,10450.2,25,10481.2999,10513.7,10525.5,10475.2,10505.7999,10525.5,10475.2,10481.7,10525.5,10472.6,10488.5,-0.06864756638222835,-0.2967179672055682,-0.3651618439242911,0.3091229170916171,0.23374963252411088,0.0038172746111457792,0.47990230677398393,0.7479988240771512,DOWN,DOWN,UP,UP,FLAT
2018-03-05,10429.5,10430.0,10323.7999,10357.2999,25,10429.5,10378.5,10430.0,10367.8999,10372.5,10430.0,10356.8999,10363.0,10430.0,10353.5,10450.2,-0.19808233335247868,-0.6922680857183952,-0.8889791582936282,-0.4889975550122249,-0.5465266791313103,-0.6376144589865286,0.5954273934512647,1.018266455726545,DOWN,DOWN,DOWN,DOWN,DOWN
2018-03-06,10418.7999,10441.2999,10215.8999,10221.5,25,10418.7999,10435.7,10441.2999,10415.2999,10432.8999,10441.2999,10415.2999,10411.2,10441.2999,10401.6,10357.2999,0.5937841000432941,-1.8936912302154874,-1.3111515676011272,0.16220774141176036,0.1353322852471748,-0.07294410174821817,0.24954889478201805,2.163396957071799,DOWN,DOWN,UP,UP,FLAT
2018-03-07,10242.7999,10243.7,10141.5,10164.1,25,10242.7999,10217.2,10243.7,10194.5,10213.8999,10243.7,10193.6,10224.2,10243.7,10193.6,10221.5,0.20838330969035834,-0.7683436244810329,-0.561561414665163,-0.24993068545641756,-0.28214941502469104,-0.18158999669611092,0.48033741242959094,0.9977740559004842,DOWN,DOWN,DOWN,DOWN,DOWN
2018-03-08,10214.3999,10270.2999,10146.3999,10235.1,25,10214.3999,10222.7999,10241.2999,10212.2999,10187.7999,10241.2999,10187.0,10178.7,10241.2999,10167.7999,10164.1,0.49487805118013384,0.2026560561820183,0.6985370077035842,0.08223684291036654,-0.2604166692161755,-0.34950560335903447,0.28391291004770625,1.2129934329279553,UP,UP,FLAT,DOWN,DOWN
2018-03-09,10273.1,10296.7,10211.8999,10229.7999,25,10273.1,10254.3999,10278.0,10230.5,10267.3999,10278.0,10230.5,10279.8999,10290.5,10230.5,10235.1,0.3712714091704038,-0.4214901052262743,-0.05178356830905789,-0.18202976706154927,-0.0554856859175908,0.06619131518236929,0.46237260417984827,0.8254577488781417,DOWN,FLAT,DOWN,FLAT,FLAT
2018-03-12,10297.3999,10433.6,10295.3999,10423.5,25,10297.3999,10314.8999,10328.3999,10295.3999,10316.2999,10328.3999,10295.3999,10333.6,10342.2999,10295.3999,10229.7999,0.6608144896363063,1.2245819451956959,1.8934886497633256,0.1699458132144601,0.18354147827161335,0.3515460247397017,0.320469247775839,1.3420873360468404,UP,UP,UP,UP,UP
2018-03-13,10389.3999,10478.6,10377.7999,10425.0,25,10389.3999,10429.1,10441.0,10381.8999,10426.0,10441.0,10381.8999,10454.8999,10459.8999,10381.8999,10423.5,-0.3271463519930892,0.34265790462064755,0.01439055979277594,0.38212120413230044,0.3522830996234889,0.6304502726861058,0.5688499871874184,0.970220618805908,UP,FLAT,UP,UP,UP
2018-03-14,10394.2999,10420.2999,10336.2999,10416.7,25,10394.2999,10386.1,10407.0,10385.7999,10380.7999,10407.0,10371.0,10384.6,10407.0,10371.0,10425.0,-0.2944853717026381,0.21550369159543636,-0.07961630695442948,-0.07888842999420881,-0.12987887717190072,-0.09331941634664222,0.20395890251348262,0.8081352357362712,UP,FLAT,FLAT,DOWN,FLAT
2018-03-15,10406.2999,10420.0,10346.1,10351.7999,25,10406.2999,10398.2,10410.8999,10387.1,10394.2,10410.8999,10387.1,10410.7999,10420.0,10387.1,10416.7,-0.09984064050995754,-0.5237212123782825,-0.6230389662753151,-0.07783650363564144,-0.11627475775514842,0.04324303588444534,0.22870665105471333,0.7101467448578879,DOWN,DOWN,FLAT,DOWN,FLAT
2018-03-16,10348.5,10348.6,10180.2,10220.1,25,10348.5,10312.5,10348.6,10309.2,10324.1,10348.6,10303.0,10306.0,10348.6,10302.1,10351.7999,-0.03187754817401348,-1.2407595303667163,-1.2722415548237136,-0.3478765038411364,-0.2357829637145445,-0.41068753925689716,0.3807315069816847,1.62728897907909,DOWN,DOWN,DOWN,DOWN,DOWN
2018-03-19,10213.8999,10224.5,10075.2999,10093.7,25,10213.8999,10184.5,10224.5,10169.1,10194.7999,10224.5,10169.1,10171.7,10224.5,10157.5,10220.1,-0.0606657469105001,-1.1768266888928451,-1.2367785051026863,-0.28784206118957895,-0.18700007036489913,-0.41316148007285264,0.5423981098541961,1.460755455416202,DOWN,DOWN,DOWN,DOWN,DOWN
2018-03-20,10050.7999,10155.6,10045.1,10137.8999,25,10050.7999,10082.2999,10083.5,10045.1,10103.3999,10108.8999,10045.1,10118.2999,10123.3999,10045.1,10093.7,-0.42501857594341763,0.8665976923886463,0.4378959152738799,0.31340789104755734,0.5233414307651311,0.6715883379590514,0.3820591433722567,1.0994149828811137,UP,UP,UP,UP,UP
2018-03-21,10184.3999,10227.2999,10132.8999,10155.0,25,10184.3999,10190.1,10196.2,10173.2,10191.3999,10196.2,10173.2,10217.2999,10222.1,10173.2,10137.8999,0.45867487801886864,-0.288675820752093,0.1686749737980709,0.0559689334272903,0.06873257205856577,0.32304308867525555,0.2258355939067161,0.9269078289040833,DOWN,UP,FLAT,FLAT,UP
2018-03-22,10167.0,10207.7999,10105.3999,10107.7999,25,10167.0,10182.7,10189.2999,10147.2999,10194.5,10207.7999,10147.2999,10186.7,10207.7999,10147.2999,10155.0,0.11816838995568685,-0.5822769745254256,-0.4647966518956181,0.15442116651913768,0.27048293498573817,0.1937641388806996,0.41310120979640014,1.0071800924559815,DOWN,DOWN,UP,UP,UP
2018-03-23,9974.2,10027.7,9951.9,9988.0,25,9974.2,9971.9,10012.7999,9961.3,9978.2,10012.7999,9961.3,9989.85,10012.7999,9961.3,10107.7999,-1.3217505423707414,0.13835696095926764,-1.1852223152933605,-0.023059493493223428,0.040103466944717364,0.15690481442120305,0.5163311343265695,0.7599606986024051,UP,DOWN,FLAT,FLAT,UP
2018-03-26,9986.46,10143.3999,9958.55,10137.8999,25,9986.46,10005.5,10010.7,9983.65,9992.65,10010.7,9982.7,9973.35,10010.7,9971.6,9988.0,-0.015418502202651913,1.516452276382234,1.5007999599519457,0.19065815113664777,0.06198392623612881,-0.1312777500735873,0.2708667535843642,1.851005261123572,UP,UP,UP,FLAT,DOWN
2018-03-27,10192.7,10207.7999,10139.6,10183.6,25,10192.7,10188.1,10192.7999,10162.2999,10202.0,10205.5,10162.2999,10162.7,10205.5,10154.2,10137.8999,0.5405468641488597,-0.08927958244626412,0.4507846837193571,-0.04513033837943198,0.09124177107144595,-0.2943282937788809,0.2992337653418623,0.6691053400963397,FLAT,UP,FLAT,FLAT,DOWN
2018-03-28,10145.6,10158.2999,10096.8999,10120.7,25,10145.6,10124.7,10146.1,10119.8999,10135.7,10146.1,10114.2,10114.0,10146.1,10113.7999,10183.6,-0.3731489846419733,-0.24542658886610585,-0.6176597666836839,-0.20600063081532521,-0.09757924617567848,-0.31146506860117057,0.2582410108815646,0.6051884560794791,DOWN,DOWN,DOWN,FLAT,DOWN
2018-04-02,10152.2,10220.1,10127.7,10218.1,25,10152.2,10158.3999,10178.5,10146.8999,10150.0,10178.5,10133.8999,10139.3999,10178.5,10127.7,10120.7,0.3112432934480816,0.6491203876992143,0.962384024820414,0.06106952187702779,-0.021670179862500024,-0.12608203148086505,0.31126356848761505,0.9101475542246964,UP,UP,FLAT,FLAT,DOWN
2018-04-03,10186.1,10255.2999,10171.0,10243.6,25,10186.1,10218.5,10229.3999,10181.7999,10217.0,10229.3999,10181.7999,10213.5,10229.3999,10181.7999,10218.1,-0.31316976737358215,0.5644947526531253,0.2495571583758233,0.31808052149497484,0.3033545714257629,0.2689940212642683,0.4673034821963299,0.8275974121597076,UP,UP,UP,UP,UP
2018-04-04,10274.2,10279.7999,10111.2999,10120.3999,25,10274.2,10249.2,10275.5,10239.5,10257.2999,10275.5,10239.5,10263.7999,10275.5,10239.5,10243.6,0.2987231051583463,-1.4969545074069064,-1.2027031512358937,-0.2433279476747581,-0.16449066593993447,-0.10122539954449734,0.3503922446516517,1.6400303673278698,DOWN,DOWN,DOWN,DOWN,DOWN
2018-04-05,10226.7999,10331.7999,10226.2,10327.6,25,10226.7999,10254.7,10264.1,10226.2,10238.6,10264.1,10226.2,10267.3999,10268.2999,10226.2,10120.3999,1.0513418545842208,0.985646546188905,2.0473509154514735,0.2728135904957009,0.11538408999280786,0.3969961317029422,0.37059491112170523,1.0325800937984446,UP,UP,UP,UP,UP
2018-04-06,10324.2,10350.3999,10290.7999,10321.8999,25,10324.2,10314.2,10325.7,10305.6,10307.2,10325.7,10291.0,10322.2,10325.7,10290.7999,10327.6,-0.032921491924548164,-0.022278723775211486,-0.0551928812115111,-0.0968598051180721,-0.16466166870072257,-0.01937196102361442,0.19468820828732844,0.5772844385037132,FLAT,FLAT,FLAT,DOWN,FLAT
2018-04-09,10337.1,10397.6,10328.5,10372.1,25,10337.1,10372.7,10379.2,10328.5,10371.2,10381.3999,10328.5,10382.6,10391.2,10328.5,10321.8999,0.14726068017768726,0.3385862572675122,0.48634554187063966,0.3443905931063873,0.32987975350920823,0.4401621344477658,0.49046637838466034,0.6684660107767203,UP,UP,UP,UP,UP
2018-04-10,10414.7,10424.7999,10381.3999,10401.7999,25,10414.7,10416.2,10419.2999,10402.7999,10415.2999,10424.5,10402.7999,10415.6,10424.7999,10402.7999,10372.1,0.4107172125220579,-0.12386434558845427,0.286344134746094,0.014402719233391263,0.005760127512067097,0.008641631540031265,0.1584299115673039,0.41671867648611705,DOWN,UP,FLAT,FLAT,FLAT
2018-04-11,10431.5,10431.5,10355.6,10413.7999,25,10431.5,10407.7999,10431.5,10391.2999,10377.3999,10431.5,10376.7,10370.2999,10431.5,10355.6,10401.7999,0.2855284689719903,-0.1696793366246467,0.11536464953531744,-0.22719743085845776,-0.5186224416430969,-0.5866855198197768,0.3853721900014382,0.7276038920577064,DOWN,UP,DOWN,DOWN,DOWN
2018-04-12,10418.6,10469.8999,10395.2,10453.3999,25,10418.6,10406.6,10418.7,10395.2,10420.1,10420.7,10395.2,10424.5,10430.2,10395.2,10413.7999,0.04609364541372054,0.33401704643618124,0.3802646524829075,-0.11517862284759947,0.014397327855949934,0.05662948956673292,0.22555813640988231,0.716985967404446,UP,UP,DOWN,FLAT,FLAT
2018-04-13,10495.7,10519.8999,10451.3999,10484.1,25,10495.7,10481.8999,10497.7999,10481.0,10483.2999,10497.7999,10475.7,10498.3999,10500.7999,10475.7,10453.3999,0.40465399204712704,-0.1105214516421045,0.2936853109388843,-0.13148336937984492,-0.1181445734920086,0.02572386786969536,0.16006459788294233,0.6526482273693035,DOWN,UP,DOWN,DOWN,FLAT
2018-04-16,10402.3999,10540.1,10396.2999,10531.2,25,10402.3999,10468.3999,10468.3999,10396.2999,10464.5,10470.1,10396.2999,10467.1,10477.6,10396.2999,10484.1,-0.7792762373498919,1.238176778802749,0.4492517240392629,0.6344689747987866,0.5969785876045743,0.6219728199451361,0.6931092891362537,1.3823742730752004,UP,UP,UP,UP,UP
2018-04-17,10558.7999,10560.3999,10495.6,10547.7999,25,10558.7999,10521.0,10560.0,10519.0,10542.1,10560.0,10519.0,10548.6,10560.0,10519.0,10531.2,0.2620774460650187,-0.10417850611981008,0.15762591157702116,-0.35799428304347336,-0.15816096675910693,-0.09660094041558279,0.388301704628383,0.6137051617011889,DOWN,UP,DOWN,DOWN,FLAT
2018-04-18,10581.2,10594.2,10509.7,10537.7,25,10581.2,10562.8999,10581.2,10556.5,10544.7999,10581.2,10542.7999,10558.7999,10581.2,10539.5,10547.7999,0.31665466084544086,-0.41110649075719197,-0.09575361777577192,-0.17294919290818037,-0.34400729595887747,-0.21169716100253982,0.23343288095868828,0.7985861717007522,DOWN,FLAT,DOWN,DOWN,DOWN
2018-04-19,10559.7,10572.2,10546.2,10567.8999,25,10559.7,10562.6,10568.8999,10549.1,10563.5,10568.8999,10549.1,10556.2999,10568.8999,10547.1,10537.7,0.20877421069113752,0.07765277422653688,0.2865891038841456,0.027462901408180498,0.0359858708107169,-0.03219883140620233,0.1875043798592761,0.24621911607337327,FLAT,UP,FLAT,FLAT,FLAT
2018-04-20,10559.0,10582.2999,10527.3999,10577.5,25,10559.0,10559.2999,10564.0,10546.2999,10545.0,10564.0,10543.8999,10546.3999,10564.0,10539.3999,10567.8999,-0.08421635409321339,0.17520598541528554,0.09084207922900231,0.002840231082488679,-0.1325883132872431,-0.11933042901789617,0.16763045742968105,0.5199355999621142,UP,FLAT,FLAT,DOWN,DOWN
2018-04-23,10597.7,10638.2999,10514.8999,10582.7999,25,10597.7,10560.2,10600.7999,10514.8999,10566.7,10600.7999,10514.8999,10588.2,10600.7999,10514.8999,10577.5,0.1909714015599218,-0.14059748813422485,0.05010541243204897,-0.3538503637581739,-0.2925163007067571,-0.08964209215207072,0.8105532332487203,1.1644035970068942,DOWN,FLAT,DOWN,DOWN,FLAT
2018-04-24,10578.7,10636.7999,10568.8999,10620.0,25,10578.7,10602.2,10609.7999,10573.1,10594.1,10609.7999,10573.1,10598.7999,10609.7999,10573.1,10582.7999,-0.03874116527516742,0.3904071388733896,0.35151472532330524,0.2221444979061699,0.1455755433087207,0.19000349759421528,0.34692258973219403,0.641855804588462,UP,UP,UP,UP,UP
2018-04-25,10618.2,10618.2999,10536.3999,10564.3999,25,10618.2,10598.1,10618.2999,10588.5,10601.1,10618.2999,10588.5,10587.2,10618.2999,10576.6,10620.0,-0.01694915254236603,-0.5066781563730235,-0.523541431261767,-0.18929762106572076,-0.16104424478725549,-0.2919515548774745,0.28064926258687894,0.7713171724020986,DOWN,DOWN,DOWN,DOWN,DOWN
2018-04-26,10588.0,10628.3999,10559.6,10614.0,25,10588.0,10580.3999,10590.0,10572.7,10585.1,10591.3999,10572.7,10587.8999,10596.1,10572.7,10564.3999,0.22339271727114057,0.2455610124669437,0.4695022951563927,-0.0717803173403821,-0.02738949754438644,-0.0009454098979944898,0.1633925198337672,0.6497912731394029,UP,UP,FLAT,FLAT,FLAT
2018-04-27,10651.1,10719.7999,10647.5,10695.2999,25,10651.1,10687.8999,10690.0,10647.5,10682.2999,10701.7,10647.5,10699.2999,10704.7999,10647.5,10614.0,0.34953834558131114,0.41497967346095344,0.7659685321273787,0.34550328135122177,0.29292655218709446,0.4525344800067562,0.3990198195491545,0.6788021894452214,UP,UP,UP,UP,UP
2018-04-30,10707.0,10758.8999,10704.6,10740.8999,25,10707.0,10751.7,10755.8999,10704.6,10741.3999,10755.8999,10704.6,10741.2,10755.8999,10704.6,10695.2999,0.10939478190789229,0.3166143644344853,0.4263555059358398,0.4174838890445571,0.32128420659382034,0.3194172036985218,0.4791248715793404,0.5071439245353505,UP,UP,UP,UP,UP
2018-05-02,10791.6,10792.2,10689.7999,10716.1,25,10791.6,10754.1,10792.2,10746.7999,10739.2,10792.2,10738.5,10719.6,10792.2,10719.1,10740.8999,0.47202841914577404,-0.6996182215797472,-0.23089219926535187,-0.3474924941621261,-0.4855628451758741,-0.6671855887912821,0.42069850624560534,0.948887097372037,DOWN,DOWN,DOWN,DOWN,DOWN
2018-05-03,10720.2,10720.6,10647.3999,10668.2999,25,10720.2,10696.2999,10720.6,10686.5,10682.7999,10720.6,10677.1,10677.5,10720.6,10675.7,10716.1,0.03826018794151197,-0.4841336915356126,-0.44605873405437035,-0.22294453461689845,-0.3488750209884213,-0.3983134643010459,0.3180910803902946,0.682824014477342,DOWN,DOWN,DOWN,DOWN,DOWN
2018-05-04,10706.7999,10707.2999,10601.6,10613.7,25,10706.7999,10658.8999,10707.2999,10646.0,10652.1,10707.2999,10641.8999,10641.7999,10707.2999,10632.8999,10668.2999,0.36088224328976726,-0.8695399266778046,-0.5117956985817324,-0.44737923980441285,-0.5108893461247894,-0.6070908264569322,0.572532414657343,0.9872221484217671,DOWN,DOWN,DOWN,DOWN,DOWN
2018-05-07,10651.8999,10725.6,10635.6,10723.2,25,10651.8999,10651.7999,10659.7999,10643.1,10642.8999,10659.7999,10635.6,10644.0,10659.7999,10635.6,10613.7,0.3599112467848122,0.6693650960801873,1.031685463127844,-0.0009387996595833933,-0.08449196936219801,-0.07416423430716189,0.1567786043501931,0.84491969362198,UP,UP,FLAT,FLAT,FLAT
2018-05-08,10761.7,10761.7,10689.3999,10714.1,25,10761.7,10736.7999,10761.7,10722.1,10726.5,10761.7,10718.6,10727.1,10761.7,10707.5,10723.2,0.35903461653237834,-0.4423093005751913,-0.08486272754402009,-0.2313770129254741,-0.32708586933291883,-0.3215105420147408,0.36797160299952947,0.6718278710612671,DOWN,FLAT,DOWN,DOWN,DOWN
2018-05-09,10694.0,10766.2,10689.7999,10748.8999,25,10694.0,10710.2,10715.3999,10689.7999,10719.7999,10726.1,10689.7999,10713.7999,10726.1,10689.7999,10714.1,-0.18760325178970108,0.5133710491864629,0.32480469661474115,0.15148681503647585,0.24125584439872805,0.18514961660744325,0.23938657190948534,0.7144202356461636,UP,UP,UP,UP,UP
2018-05-10,10780.2999,10785.5,10705.0,10710.5,25,10780.2999,10770.7999,10785.5,10767.7999,10771.0,10785.5,10763.7,10761.8999,10785.5,10748.5,10748.8999,0.2921229176206175,-0.6474764213192249,-0.3572449307114707,-0.08812370794990593,-0.08626754437508719,-0.1706817080292881,0.16418930979832963,0.7467324726281502,DOWN,DOWN,FLAT,FLAT,DOWN
2018-05-11,10741.6,10812.0,10724.3999,10797.6,25,10741.6,10737.7,10762.5,10734.1,10728.0,10762.5,10724.3999,10745.0,10762.5,10724.3999,10710.5,0.29036926380654837,0.5213376033365607,0.8132206713038641,-0.03630744023236423,-0.12661056081031097,0.03165264020257351,0.2643926416921095,0.8155218961793369,UP,UP,FLAT,DOWN,FLAT
2018-05-14,10815.2999,10834.7999,10774.7,10797.3999,25,10815.2999,10821.7999,10826.7999,10801.5,10827.3999,10827.6,10801.5,10827.6,10831.7999,10801.5,10797.6,0.16392439060531613,-0.1655062750502151,-0.0018531895976885637,0.06010004401264915,0.11187854346970409,0.11372870020923213,0.23392693900240324,0.5556933284855028,DOWN,FLAT,FLAT,UP,UP
2018-05-15,10812.2,10929.2,10781.3999,10803.8999,25,10812.2,10863.1,10877.1,10789.7999,10865.6,10877.1,10789.7999,10924.8999,10929.2,10789.7999,10797.3999,0.13707096279725997,-0.07676606056122143,0.06019967825772573,0.4707645067608779,0.49388653558017453,1.0423401342927396,0.8074221712509978,1.3669752686779784,FLAT,FLAT,UP,UP,UP
2018-05-16,10751.7999,10790.3999,10699.7,10743.1,25,10751.7999,10739.7999,10764.7999,10739.3999,10716.6,10764.7999,10715.8999,10712.1,10764.7999,10699.7,10803.8999,-0.4822332720798381,-0.08091575439382587,-0.5627588237836225,-0.1116092199595344,-0.3273861151377977,-0.3692395726226231,0.2362395155810111,0.8435787574506443,FLAT,DOWN,DOWN,DOWN,DOWN
2018-05-17,10775.3999,10777.2,10664.5,10677.7999,25,10775.3999,10764.5,10777.2,10745.8999,10742.2999,10777.2,10739.2,10722.1,10777.2,10715.6,10743.1,0.3006571659949175,-0.9057668476879486,-0.6078329346278112,-0.10115541048272689,-0.30718117477941925,-0.49464428693732265,0.29047738636596104,1.045900857934755,DOWN,DOWN,DOWN,DOWN,DOWN
2018-05-18,10670.6,10674.8999,10589.0,10605.5,25,10670.6,10655.6,10674.8999,10648.2999,10636.3999,10674.8999,10631.1,10640.6,10674.8999,10631.1,10677.7999,-0.06742868444275318,-0.6100875302232336,-0.6771048406704079,-0.14057316364590558,-0.3205077502670892,-0.28114632729181116,0.24928307686540926,0.8050147133244648,DOWN,DOWN,DOWN,DOWN,DOWN
2018-05-21,10609.5,10621.7,10505.7,10520.7999,25,10609.5,10590.7,10621.7,10567.0,10613.5,10621.7,10567.0,10576.3999,10621.7,10567.0,10605.5,0.03771627928904814,-0.8360441114095859,-0.7986431568525767,-0.1771996795324876,0.03770205947499882,-0.3119854847070989,0.5155756633206158,1.093359724774966,DOWN,DOWN,DOWN,FLAT,DOWN
2018-05-22,10517.2999,10558.6,10490.5,10543.2,25,10517.2999,10499.3999,10532.5,10495.3999,10531.5,10532.5,10490.5,10541.7999,10558.6,10490.5,10520.7999,-0.03326743245064474,0.24626187563597715,0.21291251818220353,-0.17019577429754226,0.13501659299455768,0.23294952347988096,0.35275308636962666,0.6475045938359175,UP,UP,DOWN,UP,UP
2018-05-23,10523.2,10533.5,10417.7999,10429.2,25,10523.2,10518.2,10533.5,10511.7,10514.7,10533.5,10511.2,10489.6,10533.5,10480.7,10543.2,-0.18969572805220425,-0.8932644062642542,-1.0812656498975644,-0.04751406416299224,-0.08077390907708681,-0.3192945111753113,0.20716131975063926,1.0994763950129238,DOWN,DOWN,FLAT,FLAT,DOWN
2018-05-24,10462.7999,10535.1,10419.7999,10533.6,25,10462.7999,10465.5,10468.5,10453.7,10446.0,10470.2999,10444.2999,10453.7999,10470.2999,10419.7999,10429.2,0.32217140336746103,0.6766840680953898,1.001035554021398,0.02580666767793218,-0.16056791834468687,-0.08601903970274725,0.14145353195562188,1.1020004310700846,UP,UP,FLAT,DOWN,FLAT
2018-05-25,10531.2,10628.0,10524.0,10612.3999,25,10531.2,10558.5,10561.2,10524.0,10554.8999,10573.1,10524.0,10557.6,10573.1,10524.0,10533.6,-0.022784233310545646,0.7710412868429012,0.7480813776866406,0.2592297174111143,0.22504462929200486,0.2506836827711907,0.35323609845032594,0.987541780613795,UP,UP,UP,UP,UP
2018-05-28,10653.2,10709.7999,10640.5,10682.5,25,10653.2,10669.5,10673.1,10640.5,10666.0,10673.1,10640.5,10667.2,10673.1,10640.5,10612.3999,0.38445686540704505,0.2750347313483204,0.6605489866622879,0.1530056696579363,0.12015169151052521,0.1314159125896444,0.3060113393158897,0.6505078286336498,UP,UP,UP,UP,UP
2018-05-29,10688.3999,10717.2,10616.1,10631.0,25,10688.3999,10673.2999,10692.5,10663.8999,10691.1,10693.0,10663.8999,10688.5,10695.6,10663.8999,10682.5,0.055229581090571904,-0.5370298691762118,-0.48209688743271706,-0.1412746542164872,0.025261966480127865,0.0009365293302663252,0.2675807442421728,0.9458852676348717,DOWN,DOWN,DOWN,FLAT,FLAT
2018-05-30,10581.2,10648.7,10558.3999,10615.0,25,10581.2,10565.7999,10588.6,10563.7999,10579.2,10588.6,10558.3999,10585.8999,10602.1,10558.3999,10631.0,-0.468441350766619,0.319434468680294,-0.15050324522622519,-0.14554209352437103,-0.018901447850905376,0.04441745737723146,0.2343788984236229,0.853401315540774,UP,DOWN,DOWN,FLAT,FLAT
2018-05-31,10688.6,10763.7999,10620.3999,10731.0,25,10688.6,10653.3999,10691.6,10643.0,10636.3999,10691.6,10635.2999,10625.5,10691.6,10623.2,10615.0,0.6933584550164895,0.3966843178713736,1.0927932171455488,-0.329323765507176,-0.4883717231442848,-0.5903485957000951,0.4546900435978553,1.3416163014800782,UP,UP,DOWN,DOWN,DOWN
2018-06-01,10739.2999,10764.7,10681.5,10685.2999,25,10739.2999,10746.0,10759.7,10716.3999,10754.8999,10759.7,10716.3999,10753.7,10764.7,10716.3999,10731.0,0.0773450750163077,-0.5028260734202981,-0.42586990960767884,0.06238861063932129,0.14526086565475618,0.13408788407148167,0.40319294929086,0.774724616825355,DOWN,DOWN,FLAT,UP,UP
2018-06-04,10768.6,10770.2999,10618.2999,10624.3999,25,10768.6,10720.7,10770.2999,10718.8999,10673.1,10770.2999,10672.7999,10678.8999,10770.2999,10648.2,10685.2999,0.7795766218971578,-1.3390793603625357,-0.5699418881074141,-0.44481176754638146,-0.8868376576342328,-0.83297828872834,0.4773136712293115,1.4115112456586743,DOWN,DOWN,DOWN,DOWN,DOWN
2018-06-05,10630.0,10633.1,10550.8999,10605.1,25,10630.0,10609.2999,10633.1,10599.0,10610.1,10633.1,10589.6,10599.5,10633.1,10589.6,10624.3999,0.052709800578945226,-0.2342427093132609,-0.18165637759926542,-0.19473283160865495,-0.18720602069613956,-0.2869238005644403,0.32079021636877103,0.7732841015992477,DOWN,DOWN,DOWN,DOWN,DOWN
2018-06-06,10603.7999,10698.2999,10587.3999,10687.8999,25,10603.7999,10594.2,10615.7999,10588.2999,10603.7,10615.7999,10587.3999,10634.3999,10640.2,10587.3999,10605.1,-0.012259196047188467,0.7931119107594661,0.7807554855682641,-0.09053264009630407,-0.0009421150996941392,0.28857579630487334,0.2593409934112393,1.0458514970656851,UP,UP,FLAT,FLAT,UP
2018-06-07,10721.7,10818.0,10720.3999,10762.2,25,10721.7,10760.2999,10769.3999,10720.3999,10755.6,10769.7999,10720.3999,10764.5,10769.7999,10720.3999,10687.8999,0.3162464124500304,0.37773860488541927,0.6951796021218385,0.3600166018448497,0.316181202607792,0.3991904268912511,0.4570170775156924,0.9103043360661056,UP,UP,UP,UP,UP
2018-06-08,10742.0,10779.3999,10709.0,10759.5,25,10742.0,10736.7,10742.1,10717.7,10740.7,10744.7,10717.7,10743.2,10749.7999,10717.7,10762.2,-0.18769396591775592,0.16291193446285607,-0.025087807325646496,-0.04933904300874392,-0.012102029417233963,0.011171104077459762,0.22714578290820736,0.6553705082852387,UP,FLAT,FLAT,FLAT,FLAT
2018-06-11,10778.0,10850.5,10777.0,10782.1,25,10778.0,10808.6,10814.6,10777.6,10807.2999,10819.3999,10777.6,10825.5,10832.5,10777.6,10759.5,0.17194107532877922,0.03804045277417298,0.21004693526651205,0.2839116719242936,0.271849137131193,0.4407125626275747,0.34329189088884765,0.6819447021710893,FLAT,UP,UP,UP,UP
2018-06-12,10816.7,10856.5,10789.2999,10853.1,25,10816.7,10801.6,10817.5,10798.1,10801.1,10817.5,10789.2999,10824.6,10825.8999,10789.2999,10782.1,0.32090223611356194,0.3365166825371845,0.6584988082099034,-0.1395989534701005,-0.14422143537308388,0.07303521406713355,0.1793522978357506,0.621262492257343,UP,UP,DOWN,DOWN,FLAT
2018-06-13,10887.5,10893.2,10842.6,10855.5,25,10887.5,10873.3999,10888.8999,10861.7,10853.6,10888.8999,10851.0,10857.8999,10888.8999,10842.6,10853.1,0.3169601312067486,-0.2939150401836969,0.022113497526049113,-0.12950723306543885,-0.31136624569460053,-0.271872330654417,0.24982686567163828,0.46475315729047406,DOWN,FLAT,DOWN,DOWN,DOWN
2018-06-14,10840.2,10840.3999,10773.5,10810.1,25,10840.2,10827.3999,10840.3999,10815.8999,10815.6,10840.3999,10812.2999,10795.8999,10840.3999,10788.5,10855.5,-0.14094237943898735,-0.27767015368720466,-0.4182211782045934,-0.1180799247246396,-0.22693308241545693,-0.4086649692810131,0.22601059021051273,0.617146362613239,DOWN,DOWN,DOWN,DOWN,DOWN
2018-06-15,10816.1,10834.0,10755.3999,10814.5,25,10816.1,10814.5,10823.7,10788.7999,10803.2,10823.7,10788.7999,10822.2999,10831.2999,10788.7999,10810.1,0.05550364936494574,-0.014792762640881314,0.04070267620095685,-0.014792762640881314,-0.11926664879207512,0.057321030685733444,0.3226680596518222,0.7266953892807911,FLAT,FLAT,FLAT,DOWN,FLAT
2018-06-18,10832.2,10832.2,10787.2999,10796.2999,25,10832.2,10819.8999,10832.2,10803.1,10799.2,10832.2,10797.0,10808.5,10832.2,10787.2999,10814.5,0.16366914790328474,-0.3314202101142958,-0.16829349484488437,-0.11355126382452671,-0.30464725540518084,-0.21879211979100024,0.26864348885729916,0.4145058252247996,DOWN,DOWN,DOWN,DOWN,DOWN
2018-06-19,10796.6,10798.3999,10701.2,10711.0,25,10796.6,10753.2999,10798.3999,10750.8999,10759.6,10798.3999,10746.8999,10760.1,10798.3999,10746.7,10796.2999,0.002779656019006884,-0.792842191060152,-0.79008457332683,-0.40105310931219446,-0.3427004797806717,-0.338069392216068,0.43995331863734877,0.9002824963414372,DOWN,DOWN,DOWN,DOWN,DOWN
2018-06-20,10735.1,10781.7999,10724.0,10772.3999,25,10735.1,10744.5,10756.7,10733.7999,10729.0,10756.7,10726.6,10729.6,10756.7,10724.0,10711.0,0.22500233404911177,0.34745740607912345,0.5732415274017397,0.08756322717067969,-0.05682294529161688,-0.051233803131782656,0.21331985729057718,0.538419763206677,UP,UP,FLAT,FLAT,FLAT
2018-06-21,10808.7999,10809.5,10725.8999,10741.2,25,10808.7999,10790.0,10809.5,10787.6,10769.7999,10809.5,10764.1,10776.3999,10809.5,10764.1,10772.3999,0.3379005638288608,-0.6254154080509831,-0.28962812641219915,-0.17393142785444646,-0.360817115321008,-0.2997557573436033,0.20261268783410116,0.7734447928858379,DOWN,DOWN,DOWN,DOWN,DOWN
2018-06-22,10743.6,10836.8999,10710.3999,10823.8999,25,10743.6,10737.5,10745.2999,10717.6,10723.0,10745.2999,10717.6,10715.8999,10745.2999,10711.7,10741.2,0.02234387219304767,0.7474207900517515,0.7699316649908726,-0.056777988756100045,-0.19174206038944452,-0.2578288469414351,0.25782698536802945,1.1774451766633158,UP,UP,FLAT,DOWN,DOWN
2018-06-25,10828.2999,10831.0,10753.0,10757.0,25,10828.2999,10807.5,10828.2999,10801.2,10822.2,10828.2999,10800.8999,10803.7999,10831.0,10797.5,10823.8999,0.04065078244117572,-0.6584588592711583,-0.6180757455083296,-0.19208832588761215,-0.05633294290269198,-0.22625897164152242,0.25026920430971117,0.7203346852260714,DOWN,DOWN,DOWN,FLAT,DOWN
2018-06-26,10742.3999,10805.2,10732.5,10763.8999,25,10742.3999,10753.5,10757.3999,10732.5,10770.2,10776.6,10732.5,10762.0,10782.2999,10732.5,10757.0,-0.13572650367202432,0.2001414972458808,0.06414334851724778,0.10332979691064803,0.25878854128303663,0.18245550512413578,0.2317908496405942,0.6767575278965432,UP,FLAT,UP,UP,UP
2018-06-27,10791.7999,10791.7999,10652.3999,10667.0,25,10791.7999,10765.2,10791.7999,10752.2999,10767.1,10791.7999,10752.2999,10777.7,10791.7999,10752.2999,10763.8999,0.2591997348470292,-1.1564326725516842,-0.9002304081255933,-0.24648251678572405,-0.22887655654178332,-0.13065383097030228,0.36601864717673277,1.2917215042135801,DOWN,DOWN,DOWN,DOWN,DOWN
2018-06-28,10661.2,10674.2,10557.7,10593.1,25,10661.2,10637.5,10663.7,10632.2999,10646.2,10663.7,10632.2999,10663.0,10674.2,10632.2999,10667.0,-0.0543733008343421,-0.638764866994338,-0.6927908502859251,-0.22230142948261666,-0.14069710726747456,0.016883652872090125,0.29452688252730225,1.092747533110719,DOWN,DOWN,DOWN,DOWN,FLAT
2018-06-29,10608.5,10723.0,10607.8999,10710.2999,25,10608.5,10635.2999,10649.7,10607.8999,10658.0,10665.2,10607.8999,10649.8999,10665.2,10607.8999,10593.1,0.14537765149011747,0.9596069189800629,1.1063796244725304,0.25262666729509337,0.46660696611207997,0.3902521562897709,0.39402460291276226,1.0849799688928656,UP,UP,UP,UP,UP
2018-07-02,10733.7,10736.1,10604.6,10652.0,25,10733.7,10685.2,10736.1,10673.0,10670.0,10736.1,10660.2,10652.6,10736.1,10645.7999,10710.2999,0.21848221075490845,-0.7611541220641598,-0.5443348976623893,-0.45184791823881787,-0.5934579874600624,-0.7555642509106865,0.5878681163065892,1.2251134278021558,DOWN,DOWN,DOWN,DOWN,DOWN
2018-07-03,10669.7,10713.2999,10630.2,10707.7999,25,10669.7,10653.6,10670.7999,10630.2,10670.3999,10670.8999,10630.2,10671.3999,10687.8999,10630.2,10652.0,0.1661659782200594,0.35708501644844043,0.5238443484791587,-0.15089458935115665,0.006559697086137527,0.015932031828445183,0.38051585330420956,0.778840079852285,UP,UP,DOWN,FLAT,FLAT
2018-07-04,10718.7999,10777.1,10677.7,10771.5,25,10718.7999,10690.5,10719.0,10689.0,10682.5,10719.0,10677.7,10686.7999,10719.0,10677.7,10707.7999,0.10272885282437898,0.49166045165186845,0.5948943816180206,-0.2640211615481317,-0.33865638260492187,-0.2985408842271606,0.279882078962963,0.9273426216306141,UP,UP,DOWN,DOWN,DOWN
2018-07-05,10790.3999,10791.5,10726.2,10752.8999,25,10790.3999,10766.5,10791.5,10756.2999,10775.0,10791.5,10756.2999,10769.2999,10791.5,10756.2999,10771.5,0.17546209905770174,-0.3475311420107794,-0.17267882838972898,-0.22149225442516124,-0.1427185289027179,-0.1955441892380686,0.32621682538383046,0.6051675619547638,DOWN,DOWN,DOWN,DOWN,DOWN
2018-07-06,10742.1,10816.2999,10735.0,10767.1,25,10742.1,10768.7999,10769.6,10735.0,10776.6,10781.6,10735.0,10780.7999,10787.6,10735.0,10752.8999,-0.10043709232334601,0.23272916841213542,0.132058329679048,0.2485538209474834,0.3211662524087469,0.3602638217853084,0.3220971690823988,0.7568343247595906,UP,UP,UP,UP,UP
2018-07-09,10839.2,10860.2999,10807.1,10850.6,25,10839.2,10829.7999,10844.7,10821.3999,10825.2999,10844.7,10818.2,10821.2999,10844.7,10818.2,10767.1,0.66963249157155,0.10517381356557343,0.7755105831653835,-0.08672318990332079,-0.12823916894236426,-0.165142261421514,0.2149614362683628,0.4908102073953762,UP,UP,FLAT,DOWN,DOWN
2018-07-10,10903.2,10956.8999,10876.6,10947.1,25,10903.2,10904.2,10906.0,10876.6,10914.7,10915.2999,10876.6,10915.7999,10917.7999,10876.6,10850.6,0.4847658194016954,0.40263408907476367,0.8893517409175529,0.009171619341110866,0.10547362242277496,0.11556148653605594,0.2696456086286561,0.7364801159292682,UP,UP,FLAT,UP,UP
2018-07-11,10954.8999,10976.6,10923.0,10944.1,25,10954.8999,10941.6,10957.7999,10923.0,10964.5,10965.6,10923.0,10960.3999,10965.6,10923.0,10947.1,0.07125083355409176,-0.0985851089337656,-0.027404518091549358,-0.12140594730582595,0.08763293218224347,0.05020584441853275,0.3176651573055449,0.489278774696977,FLAT,FLAT,DOWN,FLAT,FLAT
2018-07-12,11009.8999,11078.2999,10999.6,11016.2999,25,11009.8999,11024.0,11027.8999,10999.6,11021.8999,11029.2999,10999.6,11029.2999,11032.1,10999.6,10944.1,0.6012362825632074,0.0581295021583224,0.659715280379379,0.12806746771602942,0.10899281654686069,0.1762050534174215,0.2570404840828751,0.7148103135796867,FLAT,UP,UP,UP,UP
2018-07-13,11057.7999,11071.2999,10999.7,11021.7999,25,11057.7999,11051.6,11060.7,11035.1,11063.5,11071.2999,11035.1,11019.1,11071.2999,11014.2,11016.2999,0.3767145082896663,-0.32556204964425156,0.049926019170919635,-0.05606811532192417,0.051548228866033476,-0.34997829902854016,0.23151079085813775,0.6475058388423112,DOWN,FLAT,FLAT,FLAT,DOWN
2018-07-16,11020.1,11020.2999,10926.2,10940.7999,25,11020.1,10998.7999,11020.2999,10987.5,10993.0,11020.2999,10975.6,11002.7999,11020.2999,10975.6,11021.7999,-0.01542307078174787,-0.7195951034927123,-0.7349071906123064,-0.19328408998103813,-0.24591428389942344,-0.15698677870437094,0.2976370450358888,0.8538933403508068,DOWN,DOWN,DOWN,DOWN,DOWN
2018-07-17,10936.0,11018.3999,10925.6,11014.7,25,10936.0,10964.5,10972.2,10925.6,10969.1,10989.6,10925.6,10964.8999,10989.6,10925.6,10940.7999,-0.04387156372359922,0.7196415508412649,0.6754542691161068,0.2606071689831748,0.30267008046818183,0.2642638990490156,0.4261155815654752,0.8485726042428674,UP,UP,UP,UP,UP
2018-07-18,11058.5,11076.2,10956.2999,10982.1,25,11058.5,11045.8999,11076.2,11044.1,11039.1,11076.2,11034.7999,11055.3999,11076.2,11033.7999,11014.7,0.3976504126303873,-0.6908712754894392,-0.2959681153367805,-0.11394040783107705,-0.17543066419495987,-0.028033639281997164,0.29027444951847325,1.0842347515485893,DOWN,DOWN,DOWN,DOWN,FLAT
2018-07-19,11001.5,11006.5,10935.3999,10967.2999,25,11001.5,10975.3999,11006.5,10970.8999,10947.2,11006.5,10947.1,10969.3999,11006.5,10936.8999,10982.1,0.17665109587419195,-0.3108676089624144,-0.13476566412617244,-0.237241285279277,-0.4935690587647073,-0.29177930282233927,0.3235931463891256,0.6462764168522442,DOWN,DOWN,DOWN,DOWN,DOWN
2018-07-20,10964.7,11030.2,10946.2,11011.6,25,10964.7,10964.5,10975.7,10946.2,10984.1,10985.6,10946.2,11007.0,11017.3999,10946.2,10967.2999,-0.02370592601374247,0.42773628097439637,0.4039289561143521,-0.0018240353133303017,0.17693142539239226,0.38578346876794867,0.26904520871524074,0.7660948315959396,UP,UP,FLAT,UP,UP
2018-07-23,11020.3999,11093.3999,11010.8999,11076.2,25,11020.3999,11049.1,11055.3999,11010.8999,11046.2999,11055.3999,11010.8999,11030.2,11055.3999,11010.8999,11011.6,0.079914817101965,0.5063346203979439,0.5866540738857239,0.26042702860537775,0.23501869473901427,0.08892690001204388,0.4037965990689684,0.7486116724312336,UP,UP,UP,UP,FLAT
2018-07-24,11110.1,11143.3999,11092.5,11134.1,25,11110.1,11123.7,11124.2,11103.5,11128.7,11136.0,11103.5,11131.3999,11141.3999,11103.5,11076.2,0.30606164569075706,0.2160196577888588,0.52274245679926,0.1224111394136899,0.16741523478636883,0.19171654620570452,0.18631695484289723,0.45814079081196696,UP,UP,UP,UP,UP
2018-07-25,11150.2,11157.1,11113.2,11122.3999,25,11150.2,11137.2,11153.0,11129.6,11142.7999,11153.0,11124.7999,11129.6,11153.0,11121.3999,11134.1,0.14460082090155796,-0.2493237789456726,-0.10508348227517286,-0.11658983695359725,-0.06636741941849247,-0.1847500493264727,0.20986170651647174,0.3937149109432982,DOWN,DOWN,DOWN,FLAT,DOWN
2018-07-26,11138.2,11185.7999,11125.6,11181.1,25,11138.2,11164.5,11172.2,11129.7999,11161.5,11172.2,11129.7999,11167.0,11172.2,11129.7999,11122.3999,0.14205657180156223,0.38516097753676204,0.5277646958189305,0.23612432888616897,0.20918999479268888,0.25856960729740236,0.3806728196656618,0.5404814063313607,UP,UP,UP,UP,UP
2018-07-27,11232.2999,11283.2999,11210.2,11272.8999,25,11232.2999,11230.2999,11237.3999,11210.2,11232.8999,11240.6,11210.2,11248.3999,11252.1,11210.2,11181.1,0.4579146953340871,0.36145758536949646,0.8210274481043902,-0.017805792382733655,0.005341737714823335,0.14333662868100916,0.24215788611555517,0.6508008212992893,UP,UP,FLAT,FLAT,UP
2018-07-30,11297.7,11328.1,11261.3999,11312.0,25,11297.7,11289.8999,11309.2999,11283.7,11304.0,11309.2999,11283.7,11269.6,11309.2999,11266.5,11272.8999,0.2199975181186554,0.1265744355045653,0.34685041423990337,-0.06904148632022786,0.055763562495014664,-0.24872319144604974,0.22659390849464273,0.590386538853041,UP,UP,FLAT,FLAT,DOWN
2018-07-31,11315.1,11366.0,11267.7,11357.1,25,11315.1,11302.2,11315.2999,11284.1,11294.7999,11315.2999,11284.1,11299.3999,11315.2999,11284.1,11312.0,0.02740452616690562,0.37118540711085185,0.3986916548797769,-0.11400694646975842,-0.17940716387836061,-0.13875352405193078,0.27573684722185055,0.868750607595154,UP,UP,DOWN,DOWN,DOWN
2018-08-01,11361.5,11390.5,11313.5,11322.7999,25,11361.5,11378.8999,11386.8999,11358.6,11372.6,11386.8999,11358.6,11381.2,11390.5,11358.6,11357.1,0.03874228456207691,-0.34062491748448726,-0.3020145987972315,0.15314791180742282,0.0976983672930543,0.1733925978083944,0.24908594815825358,0.6777274127535976,DOWN,DOWN,UP,FLAT,UP
2018-08-02,11330.0,11332.2,11234.8999,11239.7,25,11330.0,11313.3999,11332.2,11302.7999,11275.0,11332.2,11268.8999,11287.2,11332.2,11263.5,11322.7999,0.0635893954109356,-0.7969991173874604,-0.733916528896702,-0.1465145631067931,-0.48543689320388345,-0.3777581641659247,0.25948896734334287,0.8587828773168613,DOWN,DOWN,DOWN,DOWN,DOWN
2018-08-03,11292.7999,11368.0,11291.7999,11362.6,25,11292.7999,11310.2,11319.2999,11291.7999,11318.6,11331.3999,11291.7999,11322.5,11335.1,11291.7999,11239.7,0.47243164853153774,0.6180938351701457,1.0934455545966497,0.154081362939945,0.22846504169440196,0.2630003211161124,0.24351799592233986,0.6747671142211598,UP,UP,UP,UP,UP
2018-08-06,11402.6,11427.6,11370.6,11390.0,25,11402.6,11422.3999,11427.0,11394.6,11418.1,11427.6,11394.6,11386.2,11427.6,11377.8999,11362.6,0.3520321053280059,-0.11050111378107065,0.24114199214968082,0.1736437303772822,0.1359339098100433,-0.1438268465086878,0.28414572115131315,0.4998859909143528,DOWN,UP,UP,UP,DOWN
2018-08-07,11423.7,11428.8999,11359.7,11389.5,25,11423.7,11400.3999,11428.8999,11397.8999,11389.3999,11428.8999,11387.2999,11404.8999,11428.8999,11387.2999,11390.0,0.29587357330992736,-0.2993776097061436,-0.004389815627743635,-0.20396281414953457,-0.30025385820706413,-0.16457102339872706,0.27136566961667413,0.605757329061509,DOWN,FLAT,DOWN,DOWN,DOWN
2018-08-08,11414.2,11459.8999,11379.2999,11455.0,25,11414.2,11395.0,11422.7999,11389.7,11389.3999,11422.7999,11379.2999,11400.3999,11422.7999,11379.2999,11389.5,0.21686641204618928,0.3574494927371105,0.575091092673076,-0.16821152599394373,-0.21727409717720367,-0.12090291040984373,0.2899887858982605,0.706137968495386,UP,UP,DOWN,DOWN,DOWN
2018-08-09,11493.7999,11495.2,11454.1,11471.2,25,11493.7999,11477.7,11495.2,11463.3999,11476.7,11495.2,11463.3999,11479.2,11495.2,11463.3999,11455.0,0.33871584460934073,-0.19662687880967245,0.1414229594063791,-0.14007465015985926,-0.14877499302906128,-0.1270241358560562,0.27667177327491477,0.3575840919242066,DOWN,UP,DOWN,DOWN,DOWN
2018-08-10,11474.8999,11478.7,11419.6,11421.7999,25,11474.8999,11452.7,11478.7,11441.6,11457.2,11478.7,11441.6,11438.0,11478.7,11433.5,11471.2,0.03225381825789469,-0.4627491347440892,-0.43064457075110485,-0.19346486848220448,-0.1542488401140616,-0.3215705611514776,0.3233143672129145,0.5150371725682797,DOWN,DOWN,DOWN,DOWN,DOWN
2018-08-13,11369.7,11406.2,11340.2999,11364.2,25,11369.7,11354.5,11370.7,11344.3999,11352.8999,11370.7,11340.6,11357.5,11370.7,11340.2999,11421.7999,-0.45614439454502487,-0.048374187533532106,-0.504297925933716,-0.1336886637290406,-0.14776203417856568,-0.1073027432562049,0.23131744900921203,0.5796115992506464,FLAT,DOWN,DOWN,DOWN,DOWN
2018-08-14,11382.1,11452.3999,11370.7999,11433.7999,25,11382.1,11398.5,11402.6,11370.7999,11406.2999,11409.8999,11370.7999,11412.2999,11416.8999,11370.7999,11364.2,0.15751218739550196,0.4542211015541913,0.6124487425423633,0.14408588924714805,0.21261366531659023,0.2653280150411577,0.27938693211270665,0.7169151562541215,UP,UP,UP,UP,UP
2018-08-16,11401.5,11449.7999,11366.2,11391.5,25,11401.5,11400.5,11409.2999,11376.8999,11408.0,11409.7999,11376.8999,11434.0,11435.0,11376.8999,11433.7999,-0.28249488606145695,-0.0877077577511731,-0.36995487388230386,-0.008770775775117309,0.05701004253826251,0.28505021269131253,0.28417313511379766,0.7332359777222229,FLAT,DOWN,FLAT,FLAT,UP
2018-08-17,11436.6,11486.3999,11431.7999,11465.2,25,11436.6,11445.0,11449.8999,11431.7999,11458.5,11464.0,11431.7999,11463.1,11464.0,11431.7999,11391.5,0.39590923056665384,0.25007432278824443,0.646973620682094,0.07344840249724251,0.1914904779392445,0.23171222216392984,0.15826381966668732,0.47741461623210013,UP,UP,FLAT,UP,UP
2018-08-20,11501.7,11565.2999,11499.2,11554.7999,25,11501.7,11518.6,11525.3999,11499.2,11535.7,11539.0,11499.2,11541.2999,11543.0,11499.2,11465.2,0.3183546732721627,0.46167001399792423,0.7814944353347456,0.14693480094246622,0.2956084752688733,0.3442960605823422,0.22779154385873054,0.5746967839536699,UP,UP,UP,UP,UP
2018-08-21,11575.8999,11581.7,11539.6,11570.3999,25,11575.8999,11557.5,11581.7,11557.1,11547.7,11581.7,11545.5,11560.6,11581.7,11542.5,11554.7999,0.18260809518648924,-0.047512504837744836,0.1350088286686848,-0.1589500614116432,-0.24360870639525498,-0.1321702859576384,0.21251047618337093,0.3636866279398318,FLAT,UP,DOWN,DOWN,DOWN
2018-08-23,11621.2999,11623.8999,11546.7,11579.7999,25,11621.2999,11591.2999,11623.8999,11585.6,11588.6,11623.8999,11584.6,11557.2,11623.8999,11554.1,11570.3999,0.4399156506250025,-0.357102908943947,0.08124179009577392,-0.258146681164299,-0.2813790219801454,-0.5515725482654419,0.329566402464151,0.6642965990405223,DOWN,FLAT,DOWN,DOWN,DOWN
2018-08-24,11567.7999,11604.6,11532.0,11556.2,25,11567.7999,11588.7999,11594.6,11558.6,11596.7,11604.6,11558.6,11589.6,11604.6,11558.6,11579.7999,-0.10362873368822201,-0.10027749529103847,-0.2038023126807161,0.18153840990973572,0.24983229524916617,0.1884550233273,0.3112087027024041,0.627604217116518,DOWN,DOWN,UP,UP,UP
2018-08-27,11608.2,11700.8999,11595.6,11696.6,25,11608.2,11645.7999,11649.7999,11595.6,11655.5,11656.2,11595.6,11656.1,11659.8999,11595.6,11556.2,0.449974905245669,0.7615306421322826,1.214932244163303,0.3239080994469362,0.40747058114091134,0.412639341155387,0.46691045984734597,0.9071165210799261,UP,UP,UP,UP,UP
2018-08-28,11735.1,11760.1,11710.5,11743.6,25,11735.1,11735.2999,11760.1,11727.1,11723.3999,11760.1,11712.7999,11735.6,11760.1,11710.5,11696.6,0.32915548107997195,0.07243227582210633,0.4018261717080177,0.0017034366984483797,-0.09970174945249737,0.004260722107182725,0.28120765907405987,0.42266363303252946,FLAT,UP,FLAT,FLAT,FLAT
2018-08-29,11747.6,11753.2,11678.7999,11688.8999,25,11747.6,11747.2,11753.2,11715.7999,11733.1,11753.2,11715.7999,11734.0,11753.2,11715.7999,11743.6,0.03406110562348854,-0.499677380911846,-0.4657864709288465,-0.0034049507984578657,-0.12342946644420986,-0.1157683271476758,0.3183637508938059,0.6333216997514449,DOWN,DOWN,FLAT,DOWN,DOWN
2018-08-30,11693.5,11698.7999,11639.7,11680.5,25,11693.5,11677.3999,11698.7999,11669.1,11673.7,11698.7999,11665.6,11665.7,11698.7999,11656.7999,11688.8999,0.03935443060813324,-0.11117287381878821,-0.07186219466213704,-0.13768418352075645,-0.16932483858553277,-0.2377389147817101,0.25398640270235273,0.5054081327233014,DOWN,FLAT,DOWN,DOWN,DOWN
2018-08-31,11678.7,11727.6,11640.1,11675.2999,25,11678.7,11705.2,11706.3999,11654.7999,11723.6,11727.6,11654.7999,11703.0,11727.6,11654.7999,11680.5,-0.015410299216636893,-0.029113685598574735,-0.0445194983091479,0.2269088169059912,0.38446059921052544,0.20807110380435556,0.4418299982018577,0.7492272256329899,FLAT,FLAT,UP,UP,UP
2018-09-03,11755.7,11756.5,11567.3999,11570.2,25,11755.7,11690.5,11756.5,11680.6,11709.5,11756.5,11680.6,11709.6,11756.5,11680.6,11675.2999,0.6886341309314098,-1.57795792679296,-0.9001901527171843,-0.5546245651045937,-0.3930008421446679,-0.3921501909711915,0.6456442406662268,1.608582219689169,DOWN,DOWN,DOWN,DOWN,DOWN
2018-09-04,11600.1,11602.5,11496.7999,11522.2999,25,11600.1,11562.7999,11602.5,11560.0,11550.8999,11602.5,11532.0,11565.7,11602.5,11532.0,11570.2,0.258422499178922,-0.6706847354764216,-0.4139954365525293,-0.32154981422574275,-0.4241351367660625,-0.29654916767958583,0.3663761519297247,0.9111999034491083,DOWN,DOWN,DOWN,DOWN,DOWN
2018-09-05,11516.0,11542.6,11393.7999,11470.5,25,11516.0,11532.1,11542.6,11502.7999,11529.3999,11542.6,11502.7999,11517.8999,11542.6,11489.3999,11522.2999,-0.05467571626043147,-0.39510246613407435,-0.44956215729118437,0.1398054880166756,0.11635897881209052,0.01649791594303876,0.3456069815908335,1.2921161861757589,DOWN,DOWN,UP,UP,FLAT
2018-09-06,11518.1,11562.2,11436.0,11519.1,25,11518.1,11474.8999,11519.8999,11463.7,11497.6,11519.8999,11459.5,11488.5,11519.8999,11459.5,11470.5,0.4149775511093707,0.008681987480574053,0.42369556688897925,-0.3750627273595473,-0.17798074335176808,-0.2569868294249951,0.48792682820951033,1.0956668200484516,FLAT,UP,DOWN,DOWN,DOWN
2018-09-07,11564.6,11603.0,11484.3999,11586.0,25,11564.6,11504.6,11564.7,11487.1,11493.7,11564.7,11484.3999,11525.7999,11564.7,11484.3999,11519.1,0.39499613685096924,0.18504747245905293,0.5807745396775758,-0.5188246891375403,-0.6130778409975237,-0.33550749701676136,0.6710132646178887,1.0255443335696839,UP,UP,DOWN,DOWN,DOWN
2018-09-10,11572.7,11573.0,11427.2999,11437.2,25,11572.7,11559.5,11573.0,11552.2,11535.5,11573.0,11529.2,11508.7999,11573.0,11496.2999,11586.0,-0.114793716554456,-1.170859004381,-1.2843086483687145,-0.11406154138619966,-0.3214461620883694,-0.5521624167221197,0.17973333794187416,1.2589983322820086,DOWN,DOWN,DOWN,DOWN,DOWN
2018-09-11,11476.3999,11479.3999,11274.0,11282.3999,25,11476.3999,11439.1,11479.3999,11415.8999,11446.6,11479.3999,11415.8999,11441.2999,11479.3999,11415.8999,11437.2,0.34274035603119307,-1.6904255837233415,-1.3534789983562443,-0.3250139444861971,-0.2596624399608102,-0.30584504117881395,0.5533094049816093,1.789758999248539,DOWN,DOWN,DOWN,DOWN,DOWN
2018-09-12,11337.6,11380.7,11250.1,11370.7999,25,11337.6,11302.2,11340.3999,11268.2999,11288.5,11340.3999,11268.2999,11286.6,11340.3999,11264.2,11282.3999,0.4892584954376597,0.2928300522156331,0.7835212435609522,-0.3122353937341204,-0.43307225515100517,-0.4498306519898391,0.6359370589895601,1.1519192774484932,UP,UP,DOWN,DOWN,DOWN
2018-09-14,11447.3999,11523.2,11430.5,11510.7,25,11447.3999,11445.3999,11484.7999,11434.3999,11438.2,11484.7999,11430.5,11455.6,11484.7999,11430.5,11370.7999,0.6736553336058649,0.5529648702147671,1.2303452811618008,-0.017471216323979386,-0.08036672152948562,0.07163286048913185,0.44027465136427735,0.809790876616451,UP,UP,FLAT,FLAT,FLAT
2018-09-17,11465.2,11466.0,11366.8999,11370.6,25,11465.2,11420.3999,11466.0,11417.7,11414.5,11466.0,11401.3999,11419.1,11466.0,11401.2,11510.7,-0.3952843875698263,-0.8251055367547043,-1.217128410956765,-0.39074852597425586,-0.44220772424380494,-0.40208631336566614,0.4212748142204172,0.8643556152531108,DOWN,DOWN,DOWN,DOWN,DOWN
2018-09-18,11381.7,11411.3999,11268.8999,11282.7,25,11381.7,11401.0,11411.3999,11360.1,11376.2,11411.3999,11360.1,11377.3999,11411.3999,11359.7999,11370.6,0.09762017835470743,-0.8698173383589445,-0.7730462772413034,0.1695704508113838,-0.04832318546438581,-0.03778082360280436,0.4507226512735354,1.2520098052136324,DOWN,DOWN,UP,FLAT,FLAT
2018-09-19,11325.8999,11332.0,11210.8999,11237.5,25,11325.8999,11312.6,11329.3999,11290.1,11289.6,11329.3999,11287.7,11300.6,11329.3999,11280.2,11282.7,0.3828861885896072,-0.7805110479565543,-0.40061332836998875,-0.11742907952064789,-0.32050345067944647,-0.22338092534262977,0.34699141213494195,1.0692315936855459,DOWN,DOWN,DOWN,DOWN,DOWN
2018-09-21,11265.7,11346.7999,10866.3999,11161.2999,25,11265.7,11317.2999,11327.7999,11263.6,11336.3999,11337.2,11263.6,11325.8999,11346.7999,11263.6,11237.5,0.25094549499444474,-0.9267076169257191,-0.6780876529477199,0.4580265762447007,0.6275677498956976,0.5343644868938424,0.5698704918469302,4.264271194865828,DOWN,DOWN,UP,UP,UP
2018-09-24,11165.5,11170.1,10943.6,10974.8999,25,11165.5,11104.1,11170.1,11080.3999,11093.5,11170.1,11080.3999,11044.0,11170.1,11041.3999,11161.2999,0.03763092146641468,-1.7070449151403846,-1.670056370405383,-0.5499081993641094,-0.6448434911110116,-1.0881733912498321,0.8033684116250952,2.0285701491200574,DOWN,DOWN,DOWN,DOWN,DOWN
2018-09-25,10972.0,11080.6,10882.7999,11078.0,25,10972.0,10922.2,10973.6,10916.8999,10908.3999,10973.6,10882.7999,10983.7999,10984.8999,10882.7999,10974.8999,-0.026423020040486595,0.9660955158585491,0.9394172242062969,-0.4538826102807079,-0.5796582209259904,0.1075455705432007,0.5167708713087862,1.802771600437481,UP,UP,DOWN,DOWN,UP
2018-09-26,11144.1,11145.5,10993.0,11047.5,25,11144.1,11089.5,11145.5,11074.6,11066.2999,11145.5,11064.7999,11087.6,11145.5,11060.8999,11078.0,0.5966781007402091,-0.8668263924408464,-0.2753204549557682,-0.48994535224917546,-0.6981281575003848,-0.5069947326387954,0.6362110892759365,1.3684371102197577,DOWN,DOWN,DOWN,DOWN,DOWN
2018-09-27,11087.2,11089.3999,10953.2999,10986.7999,25,11087.2,11075.2999,11087.6,11042.3999,11066.7,11089.3999,11042.3999,11051.3999,11089.3999,11042.3999,11047.5,0.35935732066078957,-0.9055496428313797,-0.5494464811043224,-0.10733187820189721,-0.18489790028140557,-0.3228957717007033,0.4076782235370519,1.2275416696731398,DOWN,DOWN,DOWN,DOWN,DOWN
2018-09-28,11008.5,11034.1,10850.2999,10934.0,25,11008.5,10953.2999,11034.1,10947.8999,10956.7,11034.1,10920.7,10938.3999,11034.1,10920.7,10986.7999,0.19751065094031633,-0.6767497842576191,-0.4805757862214272,-0.5014316210201211,-0.47054548757777415,-0.6367815778716415,0.7830322023890631,1.6696198392151553,DOWN,DOWN,DOWN,DOWN,DOWN
2018-10-01,10931.7999,11035.6,10821.5,11014.8999,25,10931.7999,10886.6,10932.7999,10855.6,10909.2999,10932.7999,10855.6,10883.5,10932.7999,10855.6,10934.0,-0.020121638924456012,0.7601675914320419,0.7398929943296172,-0.41347171018012885,-0.20582155002672525,-0.4418293459615921,0.7061956924403603,1.9585063938098644,UP,UP,DOWN,DOWN,DOWN
2018-10-03,10986.8999,10989.0,10843.7,10851.5,25,10986.8999,10966.0,10987.0,10937.7,10915.5,10987.0,10910.0,10941.7999,10987.0,10910.0,11014.8999,-0.2542011298713663,-1.2323758406136052,-1.48344425717387,-0.19022563407536228,-0.6498639347756353,-0.41048885864519763,0.4487162024658045,1.322484061222759,DOWN,DOWN,DOWN,DOWN,DOWN
2018-10-04,10762.2999,10762.7,10547.2,10548.1,25,10762.2999,10708.1,10762.7,10663.6,10698.6,10762.7,10663.6,10682.2,10762.7,10663.6,10851.5,-0.8220070957932085,-1.9902799772379471,-2.795926830392108,-0.503608898689021,-0.5918799939778636,-0.7442637795291251,0.9208068992762445,2.002360108920585,DOWN,DOWN,DOWN,DOWN,DOWN
2018-10-05,10516.1,10540.6,10261.8999,10263.1,25,10516.1,10512.8999,10540.6,10447.8999,10496.2,10540.6,10447.8999,10476.7,10540.6,10447.8999,10548.1,-0.30337217129151217,-2.4058348627342836,-2.7019084005650305,-0.03043048278354162,-0.18923365125854294,-0.3746636110345055,0.8815064520116775,2.6502229914131665,DOWN,DOWN,FLAT,DOWN,DOWN
2018-10-08,10311.2,10398.2999,10198.3999,10352.3999,25,10311.2,10224.2,10311.5,10223.5,10257.0,10311.5,10201.8999,10314.6,10338.7999,10201.8999,10263.1,0.46866931044226756,0.39956455116765854,0.8701064980366553,-0.8437427263558072,-0.525642020327418,0.0329738536736717,0.8534409186127705,1.9386686321669604,UP,UP,DOWN,DOWN,FLAT
2018-10-09,10395.0,10397.6,10279.2999,10292.2999,25,10395.0,10359.0,10397.6,10345.0,10357.2999,10397.6,10336.7999,10356.2,10397.6,10319.7,10352.3999,0.411499752825426,-0.9879759499759502,-0.5805417157426498,-0.3463203463203463,-0.3626753246753249,-0.37325637325636624,0.5060125060125096,1.1380481000481038,DOWN,DOWN,DOWN,DOWN,DOWN
2018-10-10,10336.7,10482.2999,10318.2,10461.8999,25,10336.7,10346.6,10366.2,10318.2,10379.5,10385.6,10318.2,10397.5,10419.7,10318.2,10292.2999,0.4313914327350755,1.211217313068964,1.6478338335244231,0.09577524741938563,0.4140586454090693,0.5881954588988678,0.46436483597279593,1.5875463155552474,UP,UP,FLAT,UP,UP
2018-10-11,10173.1,10335.8999,10138.5,10248.2999,25,10173.1,10194.0,10202.7,10138.5,10191.1,10202.7,10138.5,10187.8999,10219.5,10138.5,10461.8999,-2.76049190644617,0.739203389330682,-2.0416941668501374,0.20544376836951994,0.1769372167775801,0.1454807285881391,0.6310760731733761,1.9404104943429274,UP,DOWN,UP,UP,UP
2018-10-12,10336.7999,10492.3999,10322.1,10464.2999,25,10336.7999,10389.5,10398.5,10322.1,10394.7999,10414.7,10322.1,10441.7999,10443.1,10322.1,10248.2999,0.8635578668028635,1.2334571746909795,2.1076666579595313,0.5098299329563304,0.5611020873104064,1.0157882615102185,0.7391068874226697,1.647510851012991,UP,UP,UP,UP,UP
2018-10-15,10529.1,10533.7,10410.1,10517.0,25,10529.1,10464.6,10533.7,10440.7,10447.5,10533.7,10440.7,10447.0,10533.7,10425.2999,10464.2999,0.6192492629153373,-0.11491960376480766,0.5036180203512709,-0.6125879704818076,-0.7749950138188484,-0.7797437577760716,0.8832663760435365,1.1738895062256067,DOWN,UP,DOWN,DOWN,DOWN
2018-10-16,10551.3999,10604.8999,10525.2999,10575.5,25,10551.3999,10573.2999,10575.2,10525.2999,10577.7,10583.7,10525.2999,10588.0,10589.2999,10525.2999,10517.0,0.32708852334316196,0.2284066591012218,0.5562422744128553,0.2075553974596265,0.24925697300128286,0.3468743517151658,0.4729239766564126,0.7544022665655992,UP,UP,UP,UP,UP
2018-10-17,10683.5,10710.1,10436.3999,10460.0,25,10683.5,10661.2999,10710.1,10655.8999,10654.7,10710.1,10644.7999,10647.1,10710.1,10613.7,10575.5,1.0212283107181692,-2.0920110450694995,-1.092146943406931,-0.2077980062713532,-0.2695745776196871,-0.34071231338044305,0.5073253147376798,2.5618954462488888,DOWN,DOWN,DOWN,DOWN,DOWN
2018-10-19,10342.5,10380.1,10249.6,10319.3999,25,10342.5,10363.3999,10380.1,10304.6,10318.6,10380.1,10304.6,10361.7999,10380.1,10304.6,10460.0,-1.1233269598470363,-0.22335122069131888,-1.3441692160611822,0.20207783417936034,-0.23108532753202451,0.18660768672951394,0.729997582789461,1.26178390137781,DOWN,DOWN,UP,DOWN,UP
2018-10-22,10403.0,10409.2999,10224.0,10253.0,25,10403.0,10335.3999,10409.2999,10332.0,10326.1,10409.2999,10313.1,10339.5,10409.2999,10289.6,10319.3999,0.8101255965475247,-1.441891761991733,-0.6434472996826137,-0.6498135153321124,-0.7392098433144251,-0.6104008459098337,0.7430539267518983,1.781215995385946,DOWN,DOWN,DOWN,DOWN,DOWN
2018-10-23,10155.5,10222.1,10102.2999,10184.1,25,10155.5,10168.0,10204.6,10152.2,10166.1,10204.6,10152.2,10198.3999,10204.6,10152.2,10253.0,-0.9509411879449916,0.2816207966126765,-0.6719984394811239,0.12308601250553887,0.10437693860470056,0.42243021023091276,0.5159765644232154,1.1796573285411882,UP,DOWN,UP,UP,UP
2018-10-24,10273.8999,10290.6,10126.7,10239.8999,25,10273.8999,10241.7,10290.6,10241.1,10233.5,10290.6,10223.3999,10226.2,10290.6,10205.7999,10184.1,0.8817656935811704,-0.33093567516654504,0.5479119411631855,-0.31341457784691495,-0.39322847597532407,-0.4642823121140164,0.4818034094336465,1.5953046223469591,DOWN,UP,DOWN,DOWN,DOWN
2018-10-25,10136.2999,10166.5,10079.2999,10139.5,25,10136.2999,10141.7,10157.0,10125.6,10148.5,10159.5,10125.6,10133.5,10159.5,10117.3999,10239.8999,-1.0117286400426664,0.03157069178665502,-0.9804773579866767,0.0532748641346015,0.12036048775549764,-0.02762250552590674,0.30977773260240293,0.8602754541625197,FLAT,DOWN,FLAT,UP,FLAT
2018-10-26,10127.3999,10128.7999,10004.5,10012.6,25,10127.3999,10041.1,10127.6,10038.6,10032.2999,10127.6,10004.5,10057.6,10127.6,10004.5,10139.5,-0.11933625918437453,-1.133557488926649,-1.2515410030080343,-0.8521427103910449,-0.9390366820609144,-0.6892183649230635,0.8788040452515359,1.2273624151051838,DOWN,DOWN,DOWN,DOWN,DOWN
2018-10-29,10072.1,10275.2999,10020.2999,10251.0,25,10072.1,10056.6,10083.2,10020.2999,10059.8999,10088.0,10020.2999,10076.0,10090.6,10020.2999,10012.6,0.5942512434332741,1.7761936438279964,2.380999940075501,-0.15389044985653438,-0.1211276695028844,0.038720822867124395,0.6244983667755557,2.531746110542985,UP,UP,DOWN,DOWN,FLAT
2018-10-30,10239.5,10285.1,10175.2999,10189.8999,25,10239.5,10256.0,10256.6,10206.2,10235.7,10259.3999,10206.2,10270.5,10273.6,10206.2,10251.0,-0.11218417715344844,-0.484399628888126,-0.5960403863037719,0.16114068069729967,-0.037111187069674034,0.3027491576737145,0.4922115337662936,1.0723189608867658,DOWN,DOWN,UP,FLAT,UP
2018-10-31,10213.2999,10396.0,10105.1,10363.5,25,10213.2999,10224.2,10246.0,10190.5,10192.6,10246.0,10183.3999,10145.6,10246.0,10118.3999,10189.8999,0.22963915474772853,1.4706324250793812,1.703648727697508,0.1067245660729178,-0.20267592455597644,-0.6628601985926176,0.543409089553906,2.8482469216438036,UP,UP,UP,DOWN,DOWN
2018-11-01,10443.5,10444.1,10341.7999,10381.0,25,10443.5,10389.5,10444.1,10388.7,10376.7,10444.1,10376.6,10389.7,10444.1,10357.7,10363.5,0.7719399816664254,-0.5984583712356969,0.16886187098953057,-0.517068032747642,-0.6396323071767058,-0.5151529659596809,0.5304735002633182,0.9795576195719863,DOWN,UP,DOWN,DOWN,DOWN
2018-11-02,10465.7999,10606.8999,10457.7,10557.0,25,10465.7999,10501.7,10502.2,10457.7,10511.2999,10514.2,10457.7,10530.1,10535.6,10457.7,10381.0,0.8168760235044792,0.8714106983834081,1.6954050669492342,0.3430229924422762,0.4347493783060003,0.6143830439563476,0.42519444691465963,1.4255948080948846,UP,UP,UP,UP,UP
2018-11-05,10560.1,10560.1,10477.0,10528.5,25,10560.1,10523.7,10560.1,10498.2999,10541.2,10560.1,10498.2999,10534.5,10560.1,10498.2999,10557.0,0.02936440276594074,-0.299239590534184,-0.26996305768684287,-0.3446937055520273,-0.17897557788278173,-0.2424219467618712,0.5852226778155546,0.7869243662465352,DOWN,DOWN,DOWN,DOWN,DOWN
2018-11-06,10553.5,10600.2,10491.3999,10520.7999,25,10553.5,10583.5,10589.8999,10543.2,10580.6,10600.2,10543.2,10565.6,10600.2,10543.2,10528.5,0.23745072897373795,-0.30985076041123816,-0.07313577432682737,0.28426588335623254,0.2567868479651335,0.11465390628701724,0.44250627753825383,1.0309385511915514,DOWN,FLAT,UP,UP,UP
2018-11-09,10616.7999,10619.5,10544.7999,10581.6,25,10616.7999,10566.8999,10616.7999,10544.7999,10572.7,10616.7999,10544.7999,10592.8999,10616.7999,10544.7999,10520.7999,0.9124781472176845,-0.33154905745185625,0.5779037770692739,-0.4700098002223781,-0.4153784606979289,-0.22511491433496486,0.6781704532266828,0.7036027871260908,DOWN,UP,DOWN,DOWN,DOWN
2018-11-12,10606.6,10645.5,10464.0,10480.2,25,10606.6,10628.2,10637.6,10603.0,10636.8999,10645.5,10603.0,10593.2999,10645.5,10592.5,10581.6,0.23625916685567397,-1.1917108215639283,-0.9582671807666103,0.20364678596346014,0.2856702430562101,-0.12539456564780782,0.3262119812192443,1.7111986876096015,DOWN,DOWN,UP,UP,DOWN
2018-11-13,10452.2,10596.2,10440.5,10580.3999,25,10452.2,10471.0,10485.7,10440.5,10495.3999,10500.0,10440.5,10489.6,10503.6,10440.5,10480.2,-0.26717047384591897,1.2265350835230824,0.9560876700826284,0.1798664396012253,0.41330915979410665,0.3578194064407458,0.43244484414765044,1.489638544995319,UP,UP,UP,UP,UP
2018-11-14,10635.1,10651.5,10532.7,10567.8999,25,10635.1,10637.6,10651.5,10621.2,10598.3999,10651.5,10595.0,10576.0,10651.5,10560.5,10580.3999,0.5169946364692701,-0.6318708803866444,-0.1181429824783844,0.023507066224106966,-0.34508467245253943,-0.5557070455378921,0.2849056426361696,1.117055786969556,DOWN,DOWN,FLAT,DOWN,DOWN
2018-11-15,10578.2,10646.5,10557.3999,10601.6,25,10578.2,10588.2999,10607.7999,10570.2999,10568.2999,10607.7999,10557.3999,10577.7999,10607.7999,10557.3999,10567.8999,0.09746591184120114,0.22120965759769745,0.318891173448757,0.09547843678507924,-0.09358964663175916,-0.0037823070087609225,0.35450265640657197,0.8422992569624289,UP,UP,FLAT,FLAT,FLAT
2018-11-16,10646.2,10695.1,10631.1,10679.6,25,10646.2,10643.8999,10659.7,10633.7999,10664.3999,10666.1,10633.7999,10679.1,10689.1,10633.7999,10601.6,0.4206912164201664,0.313726963611426,0.7357380018110473,-0.021604891886310457,0.1709520767973513,0.30903045218011715,0.24328023144409033,0.6011534632075294,UP,UP,FLAT,UP,UP
2018-11-19,10729.2999,10774.7,10688.7999,10770.8999,25,10729.2999,10725.7,10732.2,10713.2999,10704.2,10732.2,10692.2999,10708.5,10732.2,10691.8999,10679.6,0.4653722985879584,0.3877233406440654,0.8548999962545412,-0.03355204937462185,-0.2339379105247981,-0.19386073829476963,0.17615408438719052,0.8006123493668096,UP,UP,FLAT,DOWN,DOWN
2018-11-20,10741.2,10741.7,10640.7999,10648.0,25,10741.2,10720.0,10741.7,10716.2,10730.1,10741.7,10710.7,10724.3999,10741.7,10710.7,10770.8999,-0.27574204825726417,-0.8676870368301561,-1.1410365070796018,-0.19737087103862438,-0.10334040889286451,-0.15640803634603567,0.23740364205116746,0.9393745577775364,DOWN,DOWN,DOWN,DOWN,DOWN
2018-11-21,10669.2,10671.2999,10562.2999,10605.6,25,10669.2,10653.6,10671.2999,10637.2,10623.1,10671.2999,10614.2999,10602.7,10671.2999,10595.5,10648.0,0.19909842223892493,-0.5961084242492443,-0.39819684447783277,-0.1462152738724587,-0.4320848798410411,-0.6232894687511715,0.3196106549694377,1.0216323623139503,DOWN,DOWN,DOWN,DOWN,DOWN
2018-11-22,10614.5,10646.2,10512.0,10522.0,25,10614.5,10625.7,10628.5,10605.6,10630.0,10638.3999,10605.6,10625.2,10646.2,10605.6,10605.6,0.08391793015010594,-0.8714494323802345,-0.788262804556087,0.10551603938010012,0.14602666164209335,0.10080550190777454,0.2157426162325087,1.2643082575721958,DOWN,DOWN,UP,UP,UP
2018-11-26,10570.5,10637.7999,10489.7,10631.7999,25,10570.5,10539.2,10584.8999,10539.0,10539.6,10584.8999,10526.1,10540.3999,10584.8999,10526.1,10522.0,0.46093898498384334,0.5799148573861216,1.0435268960273711,-0.2961070904876711,-0.29232297431530807,-0.2847556879996183,0.43422638475001507,1.4010680667896434,UP,UP,DOWN,DOWN,DOWN
2018-11-27,10620.6,10695.1,10596.2999,10684.1,25,10620.6,10609.7,10635.2999,10607.7999,10624.8999,10635.7999,10607.7999,10625.8999,10635.7999,10596.2999,10631.7999,-0.10534340474184072,0.597894657552304,0.4919214102214281,-0.10263073649322671,0.04048641319699433,0.049902077095455806,0.2589307572076907,0.9302685347343878,UP,UP,DOWN,FLAT,FLAT
2018-11-28,10706.8999,10757.7999,10699.7999,10722.7,25,10706.8999,10719.5,10731.6,10699.7999,10726.7999,10731.6,10699.7999,10735.8999,10739.3999,10699.7999,10684.1,0.21340028640690353,0.14756932583259122,0.3612845256034702,0.11768205659604286,0.1858614555647395,0.27085337745615795,0.29700567201529904,0.5417067549123159,UP,UP,UP,UP,UP
2018-11-29,10810.6,10883.0,10782.2999,10875.7,25,10810.6,10795.7,10810.7999,10782.2999,10806.2,10810.7999,10782.2999,10808.0,10813.6,10782.2999,10722.7,0.8197562181167023,0.6021867426414849,1.426879424025665,-0.1378276876399056,-0.04070079366547311,-0.024050468984148556,0.2636301407877453,0.9314940891347382,UP,UP,DOWN,FLAT,FLAT
2018-11-30,10897.0,10922.3999,10835.1,10882.6,25,10897.0,10900.5,10916.7,10882.3999,10917.5,10922.3999,10882.3999,10897.6,10922.3999,10882.3999,10875.7,0.19584946256332256,-0.13214646232907806,0.06344419209797655,0.03211893181609617,0.18812517206570617,0.0055061025970483965,0.3147664494815122,0.8011370101862897,DOWN,FLAT,FLAT,UP,FLAT
2018-12-03,10935.7,10941.2,10845.2999,10890.2,25,10935.7,10906.7,10941.2,10899.8999,10916.7999,10941.2,10899.7999,10913.3999,10941.2,10899.7999,10882.6,0.48793486850569134,-0.4160684729829823,0.06983625236616584,-0.2651864992638788,-0.17282935705991154,-0.20392018800808712,0.37766306683614564,0.8769452344157278,DOWN,FLAT,DOWN,DOWN,DOWN
2018-12-04,10877.1,10890.8999,10833.2999,10870.1,25,10877.1,10851.2999,10890.8999,10850.0,10855.3999,10890.8999,10845.7,10861.2,10890.8999,10845.7,10890.2,-0.12029163835375258,-0.06435538884445302,-0.1845696130465957,-0.23719649538939958,-0.19950262478050235,-0.1461786689466828,0.3760184240284666,0.529552913920074,FLAT,DOWN,DOWN,DOWN,DOWN
2018-12-05,10822.5,10823.1,10747.8999,10789.6,25,10822.5,10799.5,10823.1,10795.3999,10800.8999,10823.1,10785.7999,10800.7999,10823.1,10785.7999,10870.1,-0.43789845539599787,-0.3039963039963007,-0.7405635642726378,-0.21252021252021253,-0.19958512358512043,-0.2005091245091247,0.25594917994918015,0.694849618849619,DOWN,DOWN,DOWN,DOWN,DOWN
2018-12-06,10718.6,10722.6,10588.2,10593.3999,25,10718.6,10689.3999,10722.6,10682.2,10678.6,10722.6,10674.3999,10662.0,10722.6,10654.0,10789.6,-0.6580410765922741,-1.1680639262590264,-1.8184186624156595,-0.2724245703729966,-0.37318306495251247,-0.5280540369078085,0.3769148956020342,1.2538950982404384,DOWN,DOWN,DOWN,DOWN,DOWN
2018-12-07,10644.8999,10704.5,10599.2999,10701.7,25,10644.8999,10641.3999,10654.2,10619.3999,10634.5,10655.7,10619.3999,10634.0,10655.7,10619.3999,10593.3999,0.48615175945543226,0.5335897991863726,1.0223356148388243,-0.03287959523226705,-0.09769842927316154,-0.10239551430634254,0.3269180577264083,0.9882676303982907,UP,UP,FLAT,FLAT,DOWN
2018-12-10,10507.7,10558.7999,10474.8999,10476.0,25,10507.7,10527.5,10558.7999,10507.2999,10512.0,10558.7999,10507.2999,10495.8999,10558.7999,10486.0,10701.7,-1.8127960978162347,-0.3016835273180689,-2.109010717923327,0.18843324419234725,0.04092237121348413,-0.1122995517572864,0.4901167715104161,0.7984620801888104,DOWN,DOWN,UP,FLAT,DOWN
2018-12-11,10351.6,10567.1,10333.7999,10557.8999,25,10351.6,10349.6,10413.8999,10335.1,10356.2999,10413.8999,10333.7999,10393.2999,10413.8999,10333.7999,10476.0,-1.1874761359297408,1.9929276633563893,0.7817859870179491,-0.019320684725066657,0.045402643069666675,0.4028353104833998,0.7612340121333898,2.2537588392132655,UP,UP,FLAT,FLAT,UP
2018-12-12,10596.0,10752.2,10560.7999,10738.7999,25,10596.0,10618.6,10629.0,10560.7999,10636.7999,10637.2999,10560.7999,10635.6,10653.2999,10560.7999,10557.8999,0.360868168488694,1.3476774254435635,1.7134089327745912,0.21328803322008646,0.385050018875047,0.37372593431483925,0.6436400528501324,1.806342959607406,UP,UP,UP,UP,UP
2018-12-13,10810.2999,10838.6,10749.5,10788.1,25,10810.2999,10811.2999,10816.5,10790.1,10797.6,10816.5,10778.6,10803.0,10816.5,10778.6,10738.7999,0.6658099663445634,-0.20535878010192496,0.4590838870179561,0.009250437168722767,-0.1174796269990587,-0.06752726628795913,0.2442115412542777,0.8242139517332018,DOWN,UP,FLAT,DOWN,FLAT
2018-12-14,10786.1,10815.7,10752.1,10802.2999,25,10786.1,10771.7,10787.5,10752.1,10795.2999,10802.7999,10752.1,10810.2,10815.7,10752.1,10788.1,-0.0185389456901586,0.15019237722624132,0.131625587452838,-0.13350515941813662,0.08529403584242326,0.22343571819286268,0.3282001835695908,0.5896477874301217,UP,UP,DOWN,FLAT,UP
2018-12-17,10854.2999,10900.2999,10844.7999,10884.3999,25,10854.2999,10855.7999,10876.5,10844.7999,10858.0,10876.5,10844.7999,10860.2999,10876.5,10844.7999,10802.2999,0.4813789700469249,0.2773094559511882,0.7600233354010136,0.013819408103879643,0.0340887946167769,0.05527763241551857,0.29205107922253026,0.5113180998435468,UP,UP,FLAT,FLAT,FLAT
2018-12-18,10854.8999,10915.3999,10819.1,10913.3999,25,10854.8999,10841.5,10854.8999,10826.1,10842.8999,10854.8999,10826.1,10834.1,10854.8999,10826.1,10884.3999,-0.27103010061216143,0.5389271254357675,0.2664363700933113,-0.12344563398507566,-0.11054915393554204,-0.19161761224532323,0.26531704820235125,0.8871560390897753,UP,UP,DOWN,DOWN,DOWN
2018-12-19,10930.5,10985.1,10928.0,10961.0,25,10930.5,10949.2,10955.6,10928.2,10945.7999,10955.6,10928.2,10957.7999,10961.7,10928.2,10913.3999,0.15668902593773418,0.2790357257216047,0.4361619700199903,0.1710809203604659,0.13997438360550735,0.249758931430401,0.25067471753350384,0.5223914734001223,UP,UP,UP,UP,UP
2018-12-20,10886.6,10962.5,10880.0,10959.6,25,10886.6,10918.1,10922.2999,10880.0,10913.7999,10922.2999,10880.0,10921.2,10935.7,10880.0,10961.0,-0.6787701852020768,0.6705491154263039,-0.012772557248422918,0.2893465361086106,0.2498475189682694,0.31782190950342953,0.38855014421398765,0.7578123564749325,UP,FLAT,UP,UP,UP
2018-12-21,10947.2,10963.6,10738.6,10754.8999,25,10947.2,10956.0,10956.8999,10923.8999,10940.2999,10963.6,10923.8999,10898.5,10963.6,10888.6,10959.6,-0.11314281543121679,-1.7566144767611844,-1.8677698091171213,0.08038585209002551,-0.06303072931891943,-0.44486261327098003,0.30144694533762056,2.055320081847413,DOWN,DOWN,FLAT,FLAT,DOWN
2018-12-24,10782.3999,10785.2,10649.2,10672.2,25,10782.3999,10770.2999,10785.2,10725.5,10747.3999,10785.2,10725.5,10725.3999,10785.2,10708.6,10754.8999,0.2556974054216906,-1.0220349924138838,-0.7689509039502973,-0.11221991497459081,-0.3246030598438479,-0.5286392688885523,0.5536800763622274,1.261314746821809,DOWN,DOWN,DOWN,DOWN,DOWN
2018-12-26,10638.2,10747.5,10534.5,10738.2999,25,10638.2,10586.8999,10638.7,10582.0,10552.0,10638.7,10551.3999,10540.2999,10638.7,10540.0,10672.2,-0.31858473416914973,0.9409477167189867,0.6193652667678571,-0.4822253764734672,-0.8102874546445895,-0.9202694064785466,0.5329849034611187,2.0022184204094677,UP,UP,DOWN,DOWN,DOWN
2018-12-27,10817.0,10834.2,10764.3999,10774.6,25,10817.0,10800.2,10824.7999,10797.3999,10801.1,10824.7999,10794.2999,10784.0,10824.7999,10773.8999,10738.2999,0.7328916190913984,-0.3919755939724474,0.33804326884184327,-0.15531108440417188,-0.14699084773966567,-0.30507534436535083,0.2533049828972879,0.6452815013404861,DOWN,UP,DOWN,DOWN,DOWN
2018-12-28,10823.5,10893.6,10817.1,10858.3999,25,10823.5,10846.1,10852.0,10817.1,10874.8999,10876.7,10817.1,10879.0,10880.6,10817.1,10774.6,0.4538451543444734,0.32244560447175447,0.7777541625675197,0.2088049152307513,0.4748916709012828,0.5127731325356862,0.32244652838730203,0.7067953989005404,UP,UP,UP,UP,UP
2018-12-31,10912.0,10923.5,10853.2,10861.6,25,10912.0,10880.7,10923.5,10878.8999,10897.1,10923.5,10872.2999,10892.7999,10923.5,10872.2999,10858.3999,0.4936279792016101,-0.4618768328445715,0.02947119308066762,-0.28684017595307254,-0.13654692082111103,-0.1759539956011732,0.40872525659823733,0.644244868035184,DOWN,FLAT,DOWN,DOWN,DOWN
2019-01-01,10881.1,10923.6,10807.0,10915.7999,25,10881.1,10850.6,10885.2,10832.8999,10843.7999,10885.2,10832.8999,10826.3999,10885.2,10813.6,10861.6,0.17953156072770127,0.3189006626168275,0.4990047506812957,-0.28030254294143053,-0.3427971436711397,-0.5027074468573951,0.4806508533144662,1.071582836294128,UP,UP,DOWN,DOWN,DOWN
2019-01-02,10870.2999,10895.2999,10735.0,10780.1,25,10870.2999,10868.5,10882.7999,10839.2999,10851.8999,10882.7999,10839.2999,10866.2,10882.7999,10839.2999,10915.7999,-0.41682698855628525,-0.829782994303585,-1.2431512233931625,-0.016557960834180662,-0.16926855900267881,-0.03771653070950924,0.40017295199003666,1.4746594065909808,DOWN,DOWN,FLAT,DOWN,FLAT
2019-01-03,10793.2999,10814.0,10661.2,10668.7,25,10793.2999,10759.0,10799.3999,10750.0,10804.7999,10810.7999,10750.0,10806.7,10810.7999,10750.0,10780.1,0.12244691607684174,-1.1544189557819964,-1.033385590115116,-0.31778881637486955,0.10654758143058732,0.12415202138505155,0.45769042329677456,1.4156930819646665,DOWN,DOWN,DOWN,UP,UP
2019-01-04,10701.6,10741.0,10628.6,10730.6,25,10701.6,10704.7,10729.2999,10694.5,10666.8999,10729.2999,10664.7999,10665.2,10729.2999,10649.0,10668.7,0.3083787153073911,0.27098751588547504,0.5802018990129972,0.028967631008450734,-0.3242515137923303,-0.3401360544217653,0.3251840846228599,1.0503102339836998,UP,UP,FLAT,DOWN,DOWN
2019-01-07,10807.0,10835.8999,10750.1,10770.2999,25,10807.0,10809.2999,10822.3999,10803.3999,10794.7999,10822.3999,10792.7999,10815.0,10822.3999,10782.0,10730.6,0.7119825545635811,-0.3395956324604425,0.3699690604439604,0.021281576755806234,-0.11289071897844008,0.07402609419820487,0.17581197372073656,0.7939289349495695,DOWN,UP,FLAT,DOWN,FLAT
2019-01-08,10786.2999,10818.3999,10733.2,10788.7,25,10786.2999,10756.3999,10786.6,10733.2,10753.7999,10786.6,10733.2,10788.5,10797.3999,10733.2,10770.2999,0.14855668039475856,0.022251374634973276,0.17084111093323173,-0.27720349218177803,-0.3013081436758494,0.02039717067388438,0.49507245760893076,0.7898899603190118,FLAT,UP,DOWN,DOWN,FLAT
2019-01-09,10858.7999,10870.3999,10749.2999,10849.5,25,10858.7999,10853.5,10869.1,10851.2999,10859.6,10870.3999,10848.6,10857.1,10870.3999,10848.6,10788.7,0.6497529822870156,-0.0856439025089686,0.563552605967348,-0.048807419317119745,0.007368217550453105,-0.01565458444445243,0.16392327111581073,1.1152245286332274,FLAT,UP,FLAT,FLAT,FLAT
2019-01-10,10864.0,10864.5,10801.7999,10815.6,25,10864.0,10839.5,10864.5,10829.6,10837.5,10864.5,10825.2999,10840.7,10864.5,10825.2999,10849.5,0.13364671183003826,-0.4455081001472721,-0.3124567952440171,-0.22551546391752575,-0.24392488954344624,-0.2144698085419668,0.32124447717230886,0.5771364138438883,DOWN,DOWN,DOWN,DOWN,DOWN
2019-01-11,10835.8999,10850.1,10739.2999,10783.7999,25,10835.8999,10828.1,10850.1,10827.2,10841.8999,10850.1,10820.6,10823.8999,10850.1,10818.2,10815.6,0.18769092791893172,-0.4808091665741612,-0.2940206738414918,-0.07198202338506264,0.055371497110267696,-0.11074299422053539,0.211334547304185,1.0225279028278986,DOWN,DOWN,FLAT,FLAT,DOWN
2019-01-14,10807.0,10808.2999,10692.2999,10742.0,25,10807.0,10737.0,10808.2999,10727.5,10746.0,10808.2999,10727.5,10712.8999,10808.2999,10711.2999,10783.7999,0.21513845040837618,-0.6014620153604145,-0.3876175410116798,-0.6477283242342926,-0.5644489682613121,-0.8707328583325591,0.7476626260756916,1.0733783658739706,DOWN,DOWN,DOWN,DOWN,DOWN
2019-01-15,10785.1,10896.8999,10777.3999,10884.5,25,10785.1,10802.0,10804.3999,10777.3999,10820.7,10837.3999,10777.3999,10821.2,10837.3999,10777.3999,10742.0,0.4012288214485232,0.9216418948363913,1.3265686091975424,0.1566976662246955,0.33008502471001994,0.3347210503379696,0.25034538390928224,1.1080101250799714,UP,UP,UP,UP,UP
2019-01-16,10897.6,10928.1,10876.7999,10888.7999,25,10897.6,10920.8999,10923.3999,10893.7,10917.8999,10928.1,10893.7,10912.6,10928.1,10893.7,10884.5,0.12035463273462597,-0.08075264278373571,0.03950480040424438,0.21380762736749356,0.1862786301570986,0.13764498605197473,0.27253615474966614,0.4707467699309975,FLAT,FLAT,UP,UP,UP
2019-01-17,10920.5,10930.6,10844.6,10890.0,25,10920.5,10909.5,10929.2,10908.6,10910.2999,10929.2,10905.7999,10915.2,10929.2,10899.5,10888.7999,0.2911257465572493,-0.2792912412435328,0.0110214166025773,-0.10072798864520856,-0.09340323245272672,-0.04853257634723018,0.18863605146284845,0.7875097294079942,DOWN,FLAT,DOWN,FLAT,FLAT
2019-01-18,10914.0,10928.2,10852.2,10907.8999,25,10914.0,10885.1,10928.2,10883.2999,10891.2999,10928.2,10873.1,10874.5,10928.2,10865.7,10890.0,0.22038567493112945,-0.055892431739047614,0.16437006427915835,-0.26479750778815864,-0.20799065420560764,-0.36192046912222836,0.41139912039582877,0.6963533076782115,FLAT,UP,DOWN,DOWN,DOWN
2019-01-21,10918.8999,10987.3999,10885.7,10949.7999,25,10918.8999,10914.8999,10921.5,10885.7,10953.2,10962.8999,10885.7,10971.2999,10983.8999,10885.7,10907.8999,0.10084434309852806,0.28299554243554914,0.3841252705298445,-0.0366337271761233,0.31413512637844027,0.4799018260072119,0.3278718582262969,0.931411597609752,UP,UP,FLAT,UP,UP
2019-01-22,10949.0,10949.8999,10864.1,10918.1,25,10949.0,10920.3999,10949.8999,10917.0,10915.7,10949.8999,10908.6,10909.8999,10949.8999,10902.3999,10949.7999,-0.00730515632527659,-0.28221755411452765,-0.28950209400629884,-0.261211982829479,-0.30413736414283743,-0.3571111517033488,0.30048314914604385,0.7836322951867749,DOWN,DOWN,DOWN,DOWN,DOWN
2019-01-23,10937.5,10944.7999,10811.8999,10822.2,25,10937.5,10936.5,10942.5,10914.6,10929.1,10942.5,10914.6,10919.2,10942.5,10914.2999,10918.1,0.17768659382126595,-1.0541714285714219,-0.8783579560546215,-0.009142857142857144,-0.07679999999999668,-0.16731428571427906,0.255085714285711,1.215085714285711,DOWN,DOWN,FLAT,FLAT,DOWN
2019-01-24,10844.7999,10866.6,10798.6,10858.5,25,10844.7999,10820.5,10848.7999,10819.0,10819.2,10848.7999,10798.6,10833.7999,10848.7999,10798.6,10822.2,0.208829073570986,0.12632874858299617,0.3354216333093019,-0.22406960224319103,-0.23605691424513284,-0.10143110155494894,0.2747851530206655,0.6270286277942297,UP,UP,DOWN,DOWN,DOWN
2019-01-25,10859.8999,10931.6,10756.3999,10776.1,25,10859.8999,10924.5,10930.5,10858.0,10913.2,10931.6,10858.0,10920.6,10931.6,10858.0,10858.5,0.012892204263943854,-0.7716452340412454,-0.7588525118570671,0.5948498659734393,0.490797341511411,0.5589379327520323,0.6675936303980113,1.6132754593806156,DOWN,DOWN,UP,UP,UP
2019-01-28,10795.2999,10804.3999,10630.8999,10674.0,25,10795.2999,10772.5,10804.3999,10755.5,10721.7,10804.3999,10711.2,10714.8999,10804.3999,10698.1,10776.1,0.1781711379812698,-1.1236362224638148,-0.9474670799268786,-0.21120209916539678,-0.6817772612319853,-0.7447685635857104,0.4529739836130013,1.6071809176880762,DOWN,DOWN,DOWN,DOWN,DOWN
2019-01-29,10652.2,10690.2999,10583.6,10678.8999,25,10652.2,10658.8999,10664.7999,10616.7999,10657.7,10670.8999,10616.7999,10648.0,10675.3999,10616.7999,10674.0,-0.204234588720248,0.25065150860854674,0.04590500281057095,0.06289686637501751,0.05163252661422054,-0.039428474869047964,0.4506111413604701,1.0016700775426637,UP,FLAT,FLAT,FLAT,FLAT
2019-01-30,10702.2,10710.2,10612.7999,10637.8999,25,10702.2,10694.3999,10710.2,10682.8999,10674.3999,10710.2,10673.7999,10684.5,10710.2,10667.5,10678.8999,0.21818820494796828,-0.6008119825830238,-0.38393467851496577,-0.07288314552148514,-0.25976060996804756,-0.1653865560352145,0.25508867335688346,0.910094186242088,DOWN,DOWN,FLAT,DOWN,DOWN
2019-01-31,10698.2999,10838.0,10678.5,10817.7999,25,10698.2999,10699.7999,10707.7999,10690.2,10694.7999,10707.7999,10690.2,10692.7,10707.7999,10678.5,10637.8999,0.5677812403555295,1.1169999076208361,1.6911232639066254,0.014020919342520956,-0.03271547846588223,-0.05234383081744841,0.16451118555761607,1.4908910900880616,UP,UP,FLAT,FLAT,FLAT
2019-02-01,10853.8999,10983.3999,10813.3999,10892.7999,25,10853.8999,10857.8999,10872.1,10835.7999,10860.7,10872.1,10835.7999,10872.2,10888.0,10835.7999,10817.7999,0.3337092600501916,0.35839652436816405,0.6933017868078702,0.036853113045569916,0.06265121350529854,0.16860391351131204,0.33444292221637667,1.5662573044367214,UP,UP,FLAT,FLAT,UP
2019-02-04,10877.3999,10927.8999,10814.1,10910.3999,25,10877.3999,10866.8999,10878.7,10844.1,10839.5,10878.7,10836.6,10856.5,10878.7,10829.8999,10892.7999,-0.14137779213221055,0.30338132553166497,0.16157461957967634,-0.09653042176007522,-0.3484279363490198,-0.19214058683270754,0.3180907231332036,1.0462049850718458,UP,UP,FLAT,DOWN,DOWN
2019-02-05,10913.1,10956.7,10886.7,10936.2999,25,10913.1,10899.3999,10928.8999,10892.6,10903.2999,10928.8999,10886.7,10920.5,10928.8999,10886.7,10910.3999,0.02474794713986625,0.21258762404815879,0.23738818226085034,-0.1255381147428322,-0.08980124804134831,0.06780841374128008,0.3326268429685422,0.6414309407959241,UP,UP,DOWN,FLAT,FLAT
2019-02-06,10963.8999,11072.6,10962.7,11068.7999,25,10963.8999,11010.0,11018.6,10962.7,10997.6,11018.6,10962.7,10992.7999,11018.6,10962.7,10936.2999,0.25237054810466897,0.9567763383173503,1.2115615081111666,0.4204717337851621,0.3073732915055164,0.26359233724853354,0.5098550744703501,1.002380548913983,UP,UP,UP,UP,UP
2019-02-07,11072.7999,11118.0,11043.5,11054.0,25,11072.7999,11100.1,11101.1,11055.8999,11087.6,11101.7999,11055.8999,11088.2999,11101.7999,11055.8999,11068.7999,0.03613761235307904,-0.16978451854801402,-0.13370826226608343,0.24655101010179356,0.13366176697549084,0.1399826614766153,0.40820840625865573,0.672819889032764,DOWN,DOWN,UP,UP,UP
2019-02-08,11025.2,11041.2,10925.3999,10932.8999,25,11025.2,11021.0,11040.3999,11006.7,11027.3999,11041.2,11006.7,11012.3999,11041.2,11005.6,11054.0,-0.26053917134068455,-0.8371739288176213,-1.095531934141484,-0.038094547037702056,0.019953379530526574,-0.11609857417552863,0.3056624823132425,1.0503219896237745,DOWN,DOWN,FLAT,FLAT,DOWN
2019-02-11,10931.2999,10931.2999,10857.1,10899.8999,25,10931.2999,10879.8999,10931.2999,10877.7,10890.0,10931.2999,10874.0,10872.8999,10931.2999,10857.1,10932.8999,-0.01463472651021312,-0.28724854580194653,-0.30184123427307696,-0.47020940300064074,-0.37781325531101734,-0.5342457030201837,0.4903341824882076,0.678783865402866,DOWN,DOWN,DOWN,DOWN,DOWN
2019-02-12,10879.6,10910.8999,10823.7999,10827.7,25,10879.6,10886.8999,10910.8999,10871.7999,10881.7999,10910.8999,10870.3999,10873.3999,10910.8999,10862.2,10899.8999,-0.18623932500517715,-0.47703959704400556,-0.6623904867236405,0.06709713592411468,0.02022041251516247,-0.05698830839369113,0.3593882128019446,0.8005809037096986,DOWN,DOWN,FLAT,FLAT,FLAT
2019-02-13,10866.5,10891.6,10772.0,10774.2999,25,10866.5,10869.1,10891.6,10866.3999,10856.6,10891.6,10852.6,10846.5,10891.6,10837.0,10827.7,0.3583401830490249,-0.848480191413979,-0.4931804538360016,0.023926747342754004,-0.09110569180508568,-0.1840519026365435,0.2319063175815582,1.1006303777665336,DOWN,DOWN,FLAT,FLAT,DOWN
2019-02-14,10786.5,10792.7,10718.7,10759.2999,25,10786.5,10765.5,10792.7,10749.8999,10770.7,10792.7,10749.8999,10746.3999,10792.7,10740.5,10774.2999,0.11323334335625855,-0.25216798776248106,-0.1392201826496402,-0.19468780419969406,-0.14647939554071546,-0.37176192462800406,0.3967932137394,0.6860427386084458,DOWN,DOWN,DOWN,DOWN,DOWN
2019-02-15,10784.1,10785.7,10620.3999,10727.6,25,10784.1,10718.2999,10785.7,10712.7999,10714.0,10785.7,10700.3999,10679.2,10785.7,10674.2,10759.2999,0.2304991981866811,-0.5239194740404856,-0.29462790604061156,-0.610158474049762,-0.6500310642520041,-0.9727283686167565,0.6759961424690122,1.5328131230237143,DOWN,DOWN,DOWN,DOWN,DOWN
2019-02-18,10738.7,10759.8999,10628.3999,10631.6,25,10738.7,10684.7999,10759.8999,10677.2,10671.3999,10759.8999,10665.2,10676.8999,10759.8999,10653.3999,10727.6,0.10347141951601815,-0.9973274232449026,-0.8948879525709386,-0.5019238827791143,-0.6267062121113391,-0.5754895844003499,0.770110907279276,1.224543007999106,DOWN,DOWN,DOWN,DOWN,DOWN
2019-02-19,10634.2,10722.7999,10585.6,10604.0,25,10634.2,10663.7999,10668.2999,10633.8999,10680.6,10685.1,10633.8999,10678.8999,10694.7,10633.8999,10631.6,0.02445539711802893,-0.2839893927140803,-0.25960344632981264,0.27834627898665865,0.4363280735739372,0.42034097534369874,0.32348460627033193,1.29017603580899,DOWN,DOWN,UP,UP,UP
2019-02-20,10655.1,10752.6,10646.2999,10742.3999,25,10655.1,10675.7,10684.3999,10653.2,10689.3999,10697.2999,10653.2,10678.6,10697.2999,10653.2,10604.0,0.48189362504715544,0.8193250180664656,1.3051669181440997,0.19333464725812394,0.32191063434411665,0.22055166070707924,0.29281658548488154,0.9976452590778161,UP,UP,UP,UP,UP
2019-02-21,10746.0,10808.7999,10721.5,10791.2,25,10746.0,10740.7,10756.8999,10723.5,10740.7999,10756.8999,10723.5,10730.2,10756.8999,10721.5,10742.3999,0.03351299554580589,0.4206216266517842,0.45427558510459454,-0.04932067746137421,-0.04839102922017514,-0.1470314535641101,0.3108123953098859,0.8123943793039268,UP,UP,FLAT,FLAT,DOWN
2019-02-22,10783.3999,10801.5,10758.3999,10791.5,25,10783.3999,10768.6,10788.5,10763.1,10765.0,10788.5,10758.3999,10791.7,10798.6,10758.3999,10791.2,-0.07228204462896048,0.07511638328464157,0.0027800429979916263,-0.13724706620590021,-0.1706317132873867,0.07697108590028627,0.23554723218601617,0.3996893410212827,FLAT,FLAT,DOWN,DOWN,FLAT
2019-02-25,10813.2,10887.1,10788.0,10879.7,25,10813.2,10812.1,10830.0,10808.5,10797.2,10830.0,10788.0,10802.7999,10830.0,10788.0,10791.5,0.20108418662837163,0.614989087411682,0.8173099198443288,-0.010172751821850736,-0.14796729922687085,-0.09617966929309314,0.1988310583361077,0.9164724595864346,UP,UP,FLAT,DOWN,FLAT
2019-02-26,10780.2999,10888.7,10729.2999,10828.6,25,10780.2999,10804.8999,10837.1,10765.5,10780.7,10837.1,10765.5,10758.7999,10837.1,10729.2999,10879.7,-0.9136290522716688,0.44804041119487203,-0.4696820684393904,0.2281940226913387,0.0037113995316656076,-0.1994378653603134,0.664174472548768,1.4786239852195646,UP,DOWN,UP,FLAT,DOWN
2019-02-27,10878.6,10939.6,10751.2,10793.2,25,10878.6,10905.5,10908.7,10875.1,10910.7,10913.6,10875.1,10915.2,10921.6,10875.1,10828.6,0.4617402064902203,-0.7850274851543363,-0.3269120661950726,0.2472744654643027,0.29507473388120126,0.33644035078043466,0.3088632728476124,1.7318404941812333,DOWN,DOWN,UP,UP,UP
2019-02-28,10867.2,10867.2999,10784.7999,10801.3999,25,10867.2,10828.1,10867.2999,10827.2,10817.8999,10867.2999,10800.2,10823.2999,10867.2999,10800.2,10793.2,0.6856168698810361,-0.6054926752061284,0.07597283474780062,-0.3597982921083661,-0.45365963633687045,-0.40396882361602565,0.36899937426383295,0.7591651943462897,DOWN,FLAT,DOWN,DOWN,DOWN
2019-03-01,10840.2,10877.8999,10823.1,10861.2999,25,10840.2,10861.7999,10871.6,10839.6,10857.0,10871.6,10839.6,10854.6,10871.6,10839.6,10801.3999,0.359213623782232,0.19464493275031133,0.5545577476489841,0.19925739377501567,0.15497869043005916,0.13283887751148166,0.2951975055810778,0.5055248058153906,UP,UP,UP,UP,UP
2019-03-05,10872.5,10994.7999,10817.0,10984.8999,25,10872.5,10848.6,10874.0,10817.0,10854.1,10874.0,10817.0,10855.6,10874.0,10817.0,10861.2999,0.10311933288942718,1.0337999540124199,1.137985334517836,-0.2198206484249219,-0.16923430673717763,-0.15543803173142917,0.524258450218441,1.635317544263049,UP,UP,DOWN,DOWN,DOWN
2019-03-06,11023.5,11062.2999,10998.7999,11048.5,25,11023.5,11047.2999,11051.2,11021.6,11030.6,11052.3999,11021.6,11031.6,11052.3999,11021.6,10984.8999,0.35139236908294136,0.22678822515534997,0.5789775107554659,0.21590148319499233,0.06440785594412268,0.07347938495033668,0.2685172585839376,0.5760420918945889,UP,UP,UP,FLAT,FLAT
2019-03-07,11078.0,11089.0,11027.1,11053.8999,25,11078.0,11061.8999,11078.3999,11044.3999,11055.3999,11078.3999,11044.3999,11059.3999,11078.3999,11044.3999,11048.5,0.26700457075621126,-0.21754919660588243,0.048874507851747684,-0.14533399530600882,-0.20400884636215616,-0.16790124571221934,0.3069146055244629,0.5587651200577689,DOWN,FLAT,DOWN,DOWN,DOWN
2019-03-08,11039.5,11049.0,11008.8999,11037.6,25,11039.5,11038.3999,11045.5,11015.2999,11021.7999,11047.8999,11015.2999,11026.8999,11047.8999,11009.6,11053.8999,-0.1302698606850994,-0.01721092440780503,-0.14745836444565577,-0.009965125232117908,-0.16033425426876236,-0.1141365098056946,0.2735640201096066,0.36324199465555196,FLAT,DOWN,FLAT,DOWN,DOWN
2019-03-11,11070.8999,11180.8999,11059.7999,11176.1,25,11070.8999,11108.7999,11117.8999,11059.7999,11125.1,11129.2,11059.7999,11132.2,11139.2999,11059.7999,11037.6,0.3016951148800462,0.950239826484205,1.2548017685003985,0.3423389276602495,0.48957266789125264,0.5537047625189022,0.5247992532206018,1.0938586844236606,UP,UP,UP,UP,UP
2019-03-12,11230.6,11320.3999,11227.0,11290.0,25,11230.6,11254.5,11256.7999,11227.0,11266.6,11270.2,11227.0,11279.8999,11280.2,11227.0,11176.1,0.48764774832007585,0.5289120794970851,1.0191390556634214,0.21281142592559288,0.3205527754527808,0.4389783270706817,0.26534557370042544,0.8316554770003414,UP,UP,UP,UP,UP
2019-03-13,11328.7999,11352.2999,11276.6,11342.7999,25,11328.7999,11299.8999,11328.8999,11276.6,11316.6,11328.8999,11276.6,11301.6,11342.1,11276.6,11290.0,0.3436660761736048,0.12357884439286461,0.467669619131975,-0.25510204306812445,-0.10768925312203295,-0.24009515782867358,0.46165437170445545,0.6682075830468116,UP,UP,DOWN,DOWN,DOWN
2019-03-14,11385.2999,11385.2999,11313.7,11347.6,25,11385.2999,11382.2999,11385.2999,11358.7999,11374.7999,11385.2999,11358.7999,11345.0,11385.2999,11344.8999,11342.7999,0.37468702943441684,-0.3311278607601686,0.04231847552913619,-0.02634976703600052,-0.09222418462600182,-0.3539643255247056,0.23275627548467126,0.6288802282669713,DOWN,FLAT,FLAT,FLAT,DOWN
2019-03-15,11375.7,11487.0,11370.7,11432.2999,25,11375.7,11404.7,11410.0,11370.7,11418.7999,11424.5,11370.7,11416.8999,11428.0,11370.7,11347.6,0.2476294546864567,0.4975509199433815,0.7464124572596814,0.25492936698400975,0.3788769042784114,0.3621746354070485,0.345473245602462,1.0223546682841431,UP,UP,UP,UP,UP
2019-03-18,11475.6,11530.1,11412.5,11480.3999,25,11475.6,11517.3999,11520.3999,11468.2,11514.7999,11530.1,11468.2,11497.8999,11530.1,11468.2,11432.2999,0.378752310372827,0.04182700686674317,0.4207377379944377,0.36425023528181516,0.34159346787967176,0.1943244797657637,0.4548773048903727,1.024783017881421,FLAT,UP,UP,UP,UP
2019-03-19,11501.2999,11543.7999,11451.2,11540.0,25,11501.2999,11480.1,11501.8999,11454.8999,11467.5,11501.8999,11454.8999,11461.3999,11501.8999,11454.8999,11480.3999,0.18204940752978158,0.33648457423495254,0.5191465499385579,-0.18432612125869022,-0.2938789553692099,-0.3469173080166324,0.40864946057097423,0.805125514551614,UP,UP,DOWN,DOWN,DOWN
2019-03-20,11553.7999,11556.0,11503.1,11516.8999,25,11553.7999,11522.6,11556.0,11518.6,11532.0,11556.0,11511.5,11534.5,11556.0,11511.5,11540.0,0.11958318890814541,-0.31937544634124776,-0.20017417677642685,-0.27004016228461436,-0.18868164749849944,-0.167043744629851,0.32370302691497743,0.45785802470059767,DOWN,DOWN,DOWN,DOWN,DOWN
2019-03-22,11548.3999,11572.7,11434.5,11462.7,25,11548.3999,11540.8999,11566.7999,11538.8999,11564.2999,11566.8999,11538.8999,11557.5,11572.7,11538.8999,11516.8999,0.2735111034524143,-0.7420932834166888,-0.47061188749239385,-0.06494406207737922,0.1376814116040408,0.07879966124137817,0.24159191092784754,1.1967025838791807,DOWN,DOWN,FLAT,UP,FLAT
2019-03-25,11404.8999,11404.8999,11311.6,11351.5,25,11404.8999,11368.7,11404.8999,11342.8999,11349.2,11404.8999,11342.8999,11363.7,11404.8999,11342.8999,11462.7,-0.5042450731503082,-0.4682189275506078,-0.9701030298271849,-0.31740655610663987,-0.48838569815066607,-0.3612473617589543,0.5436259900886986,0.8180685566560736,DOWN,DOWN,DOWN,DOWN,DOWN
2019-03-26,11377.5,11496.7,11352.3999,11492.8999,25,11377.5,11374.2999,11393.3999,11363.5,11393.8999,11394.2999,11363.5,11390.2999,11402.8999,11363.5,11351.5,0.22904461965379025,1.0142816963304797,1.2456494736378483,-0.028126565589980404,0.14414326521643897,0.11250186772137974,0.2627985058228991,1.2682935618545408,UP,UP,FLAT,UP,UP
2019-03-27,11531.2999,11546.2,11413.0,11434.7,25,11531.2999,11528.7999,11538.3999,11519.8999,11506.1,11538.3999,11500.2999,11524.1,11538.3999,11500.2999,11492.8999,0.33411932875182904,-0.8377190849055903,-0.5063987375370738,-0.02168012298422661,-0.21853477247608155,-0.06243788698964993,0.1604329100832769,1.1551169525996001,DOWN,DOWN,FLAT,DOWN,FLAT
2019-03-28,11463.2999,11588.3999,11452.3999,11581.1,25,11463.2999,11479.5,11486.7,11452.3999,11482.7999,11487.2999,11452.3999,11502.2,11521.2,11452.3999,11434.7,0.2501150008307979,1.0276281788632293,1.2803134319221285,0.14132143572375716,0.17010808554350043,0.33934469427953073,0.2992166330743941,1.1863948530213364,UP,UP,UP,UP,UP
2019-03-29,11627.1,11630.2999,11570.1,11610.6,25,11627.1,11610.3999,11630.2,11606.8999,11589.6,11630.2,11570.1,11595.7999,11630.2,11570.1,11581.1,0.39719888438922035,-0.1419098485434889,0.2547253715104783,-0.14363082797946194,-0.3225223830533839,-0.26919954244824923,0.20039476739686066,0.5177550722020076,DOWN,UP,DOWN,DOWN,DOWN
2019-04-01,11663.8999,11738.1,11644.7,11654.2999,25,11663.8999,11691.7999,11699.6,11663.8999,11688.1,11699.6,11663.8999,11705.0,11707.1,11663.8999,11610.6,0.45906240848879454,-0.08230523308932344,0.3763793430141389,0.23919958366583408,0.2074786324255065,0.3523701365098277,0.3060734428970881,0.8007613302648425,FLAT,UP,UP,UP,UP
2019-04-02,11716.6,11729.2999,11655.7999,11722.8999,25,11716.6,11673.2,11717.2,11655.7999,11679.8999,11717.2,11655.7999,11680.3999,11717.2,11655.7999,11654.2999,0.5345675032783427,0.05376901148797415,0.5886239464285655,-0.37041462540327086,-0.31323165423416366,-0.30896420463274343,0.524043664544328,0.6273150914087705,FLAT,UP,DOWN,DOWN,DOWN
2019-04-03,11736.5,11761.0,11629.1,11636.7,25,11736.5,11743.7999,11761.0,11731.1,11746.0,11761.0,11731.1,11750.7,11761.0,11731.1,11722.8999,0.11601310354957185,-0.8503386870020813,-0.7353120877539833,0.06219827035317155,0.08094406339198228,0.12099007370170603,0.25476078899160426,1.1238444169897297,DOWN,DOWN,FLAT,FLAT,UP
2019-04-04,11660.6,11662.5,11559.2,11603.5,25,11660.6,11639.2999,11661.2999,11630.7,11653.1,11661.2999,11630.7,11637.0,11661.2999,11630.7,11636.7,0.2053846880988565,-0.48968320669605647,-0.2853042529239451,-0.18266727269609098,-0.06431916024904379,-0.20239095758366088,0.26242131622728887,0.8858892338301569,DOWN,DOWN,DOWN,FLAT,DOWN
2019-04-05,11642.1,11689.6,11609.5,11683.0,25,11642.1,11660.2,11666.3999,11626.3999,11648.1,11666.3999,11626.3999,11648.2999,11666.3999,11626.3999,11603.5,0.3326582496660522,0.35131118956201746,0.6851381048821477,0.15547023303356236,0.051537093823279305,0.053254137999154925,0.3435806254885287,0.6880202025407819,UP,UP,UP,FLAT,FLAT
2019-04-08,11706.5,11710.2999,11549.1,11600.6,25,11706.5,11684.5,11710.2999,11678.7999,11656.7,11710.2999,11644.3999,11665.2,11710.2999,11644.3999,11683.0,0.20114696567662418,-0.904625635330796,-0.7052982966703727,-0.1879297825994106,-0.42540468970229595,-0.35279545551616,0.2690812796309742,1.377011916456666,DOWN,DOWN,DOWN,DOWN,DOWN
2019-04-09,11613.8999,11683.8999,11569.7,11675.5,25,11613.8999,11599.1,11616.8999,11574.1,11601.7,11616.8999,11574.1,11619.7,11638.2,11574.1,11600.6,0.11464838025619346,0.530399784141412,0.6456562591590059,-0.12743264646184854,-0.10504567892822647,0.04994101938144295,0.3685230660546676,0.9833036360163533,UP,UP,DOWN,DOWN,FLAT
2019-04-10,11649.3999,11680.0,11571.7,11582.7,25,11649.3999,11675.2999,11675.7999,11638.6,11673.7,11678.5,11638.6,11666.7999,11680.0,11638.6,11675.5,-0.2235458866857921,-0.5725608234978663,-0.7948267740139547,0.22232904889804353,0.20859529425202739,0.1493639170203062,0.31932889521630736,0.9296616214539881,DOWN,DOWN,UP,UP,UP
2019-04-11,11593.2999,11606.7,11550.5,11603.3999,25,11593.2999,11591.1,11602.7,11575.2999,11595.2,11604.2,11575.2999,11581.7,11604.2,11568.6,11582.7,0.09151493175165766,0.08711928516573925,0.17871394407175886,-0.018975615389709842,0.016389638984503005,-0.1000569302964314,0.23634426984849022,0.48476275508063693,FLAT,UP,FLAT,FLAT,DOWN
2019-04-12,11613.7999,11657.2999,11578.7,11631.6,25,11613.7999,11617.2999,11621.3999,11600.3999,11615.7999,11627.2,11600.3999,11608.8999,11627.2,11600.3999,11603.3999,0.08962890264602219,0.15326680460544514,0.24303307860655582,0.03013656193611533,0.017220892534923045,-0.042191186710558326,0.18081937161669195,0.6767802155778425,UP,UP,FLAT,FLAT,FLAT
2019-04-15,11666.8999,11704.5,11648.2,11688.8999,25,11666.8999,11666.8999,11677.3999,11650.2999,11654.1,11677.3999,11648.2,11666.8999,11677.3999,11648.2,11631.6,0.30348275387736834,0.1885676588345461,0.49262268303586765,0.0,-0.10971123528710468,0.0,0.23228107065528492,0.48256178147203677,UP,UP,FLAT,DOWN,FLAT
2019-04-16,11736.2,11810.8999,11731.5,11795.6,25,11736.2,11748.2,11752.1,11731.5,11761.5,11763.6,11731.5,11776.5,11777.8999,11731.5,11688.8999,0.4046582689958734,0.5061263441318283,0.9128326952307977,0.10224774628925888,0.2155723317598479,0.3433820146214215,0.17552529779656414,0.67653840254938,UP,UP,UP,UP,UP
2019-04-18,11856.1,11857.1,11738.5,11747.5,25,11856.1,11822.3999,11857.1,11810.7,11794.2,11857.1,11792.2999,11756.7,11857.1,11751.2999,11795.6,0.5129031164162908,-0.9159841769215877,-0.4077791718946079,-0.28424271050345407,-0.5220941118917657,-0.8383869906630311,0.3913597219996427,1.0003289445939252,DOWN,DOWN,DOWN,DOWN,DOWN
2019-04-22,11731.5,11731.6,11583.8999,11591.8999,25,11731.5,11689.7,11731.6,11668.7999,11657.8999,11731.6,11646.1,11661.2999,11731.6,11646.0,11747.5,-0.13619919131730157,-1.1899595107190015,-1.3245379868057006,-0.35630567276136277,-0.6273716063589452,-0.5983898052252484,0.5353117674636695,1.259004389890466,DOWN,DOWN,DOWN,DOWN,DOWN
2019-04-23,11613.8999,11645.8999,11564.7999,11579.3999,25,11613.8999,11634.0,11644.2999,11592.3999,11636.2999,11645.8999,11592.3999,11604.2999,11645.8999,11582.8999,11591.8999,0.18978769821847752,-0.2970578384268664,-0.1078339194423168,0.17306934081634073,0.19287233567425216,-0.08265957243182682,0.4468783134595437,0.6983011796063471,DOWN,DOWN,UP,UP,FLAT
2019-04-24,11602.1,11740.7999,11578.7999,11724.0,25,11602.1,11598.8999,11620.7999,11596.5,11598.5,11620.7999,11589.2999,11600.6,11620.7999,11589.2999,11579.3999,0.19603865654557814,1.0506718611285857,1.2487702406754226,-0.02758207565871713,-0.031028865464013962,-0.012928693943337843,0.20944397996914332,1.396298945880487,UP,UP,FLAT,FLAT,FLAT
2019-04-25,11738.3999,11796.7,11624.2999,11652.7999,25,11738.3999,11746.2999,11749.2999,11715.8999,11739.8999,11756.6,11715.8999,11752.1,11757.3999,11715.8999,11724.0,0.1228241214602554,-0.7292305657434652,-0.6073021153190039,0.06730048445529306,0.012778572997841043,0.11671181861848155,0.28453622541859075,1.46868484179007,DOWN,DOWN,FLAT,FLAT,UP
2019-04-26,11684.5,11762.8999,11661.7,11746.1,25,11684.5,11665.2,11697.5,11662.3999,11669.8999,11697.5,11661.7,11682.0,11697.5,11661.7,11652.7999,0.2720384823565023,0.5271941460909783,0.8006667994015788,-0.16517608797979608,-0.12495271513543289,-0.021395866318627242,0.30039881894817627,0.8661038127433747,UP,UP,DOWN,DOWN,FLAT
2019-04-30,11750.0,11756.2,11655.8999,11739.3999,25,11750.0,11713.0,11750.0,11710.7,11700.3999,11750.0,11696.8999,11667.6,11750.0,11655.8999,11746.1,0.03320250976919689,-0.09021361702127367,-0.05704106043708142,-0.3148936170212766,-0.42212851063829493,-0.7012765957446778,0.33446808510637677,0.8536178723404289,FLAT,FLAT,DOWN,DOWN,DOWN
2019-05-02,11730.2999,11789.2999,11699.5,11720.2,25,11730.2999,11703.2,11734.3999,11702.8999,11752.8999,11753.8999,11699.5,11776.2999,11778.8999,11699.5,11739.3999,-0.07751673916483894,-0.08610095296880901,-0.1635509494825167,-0.23102478394434958,0.19266344588513346,0.392146836757345,0.26853533386644274,0.7655379723070846,FLAT,DOWN,DOWN,UP,UP
2019-05-03,11726.3999,11770.8999,11699.2999,11709.7999,25,11726.3999,11741.1,11751.3999,11719.6,11738.2999,11759.8999,11719.6,11752.5,11759.8999,11719.6,11720.2,0.05289926793057811,-0.14156092357041622,-0.08873654033208261,0.12535902003478508,0.10148042111372678,0.2225755579084392,0.27118212129197455,0.6105880799784115,DOWN,FLAT,UP,UP,UP
2019-05-06,11613.2,11632.5,11571.2999,11592.7999,25,11613.2,11610.0,11613.8999,11585.1,11628.5,11629.7999,11585.1,11617.7,11629.7999,11585.1,11709.7999,-0.824949194904682,-0.17566303861124194,-0.9991631026931553,-0.027554851376026656,0.13174663314159124,0.03874900974752867,0.2479928012950778,0.5269873936554956,DOWN,DOWN,FLAT,UP,FLAT
2019-05-07,11659.8999,11660.2999,11484.3999,11495.5,25,11659.8999,11639.5,11660.2999,11632.6,11621.7,11660.2999,11620.2,11616.6,11660.2999,11605.2,11592.7999,0.5788075407046434,-1.409959788762855,-0.8393132016364743,-0.17495776271630206,-0.32761773538038363,-0.37135739046953553,0.23756550431448914,1.508589280427696,DOWN,DOWN,DOWN,DOWN,DOWN
2019-05-08,11487.3999,11487.3999,11346.8999,11363.5,25,11487.3999,11433.2,11487.3999,11429.1,11436.3999,11487.3999,11420.8999,11423.8999,11487.3999,11420.8999,11495.5,-0.07046322474011271,-1.078572184119753,-1.1482754121177852,-0.47182043344725566,-0.44396469561401797,-0.5527795719900027,0.5075117128985818,1.2230792104660688,DOWN,DOWN,DOWN,DOWN,DOWN
2019-05-09,11326.1,11357.6,11255.0,11298.3999,25,11326.1,11312.7999,11326.2,11297.2,11297.7,11326.2,11290.8999,11326.0,11333.2999,11290.8999,11363.5,-0.32912394948739065,-0.24456873946018506,-0.5728877546530529,-0.11742877071543058,-0.25074827169104663,-0.0008829164496195848,0.2560457703887481,0.9058722773064017,DOWN,DOWN,DOWN,DOWN,FLAT
2019-05-10,11315.6,11345.7999,11251.0,11257.0,25,11315.6,11326.7,11342.5,11309.2999,11298.7,11342.7,11292.7999,11305.5,11342.7,11272.2,11298.3999,0.15223483105780333,-0.5178691364134501,-0.3664226825605663,0.09809466577115102,-0.14935133797588845,-0.08925730849447103,0.29340114532150324,0.8377805860935345,DOWN,DOWN,FLAT,DOWN,FLAT
2019-05-13,11259.8999,11300.2,11125.6,11153.3999,25,11259.8999,11260.3999,11279.7999,11230.7,11245.8999,11279.7999,11230.7,11295.6,11296.7999,11230.7,11257.0,0.025760859909392763,-0.9458343408541313,-0.920317136004261,0.004440536811521743,-0.12433503072260882,0.317055216450015,0.43605982678406624,1.550635454583396,DOWN,DOWN,FLAT,DOWN,UP
2019-05-14,11151.1,11294.7,11108.2999,11238.8999,25,11151.1,11154.0,11157.2999,11109.2,11132.2999,11157.8999,11109.2,11131.5,11157.8999,11109.2,11153.3999,-0.020620618113047124,0.7873653720260779,0.7665823943065109,0.026006402955758946,-0.16859412972711557,-0.17576741308032717,0.43134668328684395,1.6715848660670316,UP,UP,FLAT,DOWN,DOWN
2019-05-15,11275.7,11286.7999,11136.8999,11140.6,25,11275.7,11251.2999,11275.7,11235.2999,11249.0,11275.7,11235.2999,11272.8999,11275.7,11235.2999,11238.8999,0.3274350721817567,-1.198151777716686,-0.874639874673143,-0.2163954344297981,-0.2367923942637772,-0.02483304805910395,0.3582934984080877,1.3294074868965973,DOWN,DOWN,DOWN,DOWN,FLAT
2019-05-16,11179.1,11281.5,11143.2999,11275.5,25,11179.1,11169.3999,11183.7999,11153.2,11177.0,11185.2,11153.2,11169.1,11185.2,11153.2,11140.6,0.34558282318726097,0.8623234428531782,1.2108863077392567,-0.08676995464751205,-0.01878505425302899,-0.08945263930012255,0.2737241817319753,1.2362363696540868,UP,UP,FLAT,FLAT,FLAT
2019-05-17,11263.7,11426.1,11259.7999,11416.6,25,11263.7,11295.8999,11314.7999,11259.7999,11304.2999,11319.0,11259.7999,11305.6,11319.0,11259.7999,11275.5,-0.10465167841780207,1.3574580288892604,1.2513857478604085,0.28587320329909016,0.36044905315304254,0.3719914415334183,0.488294254996138,1.4764251533687898,UP,UP,UP,UP,UP
2019-05-20,11656.8999,11845.1,11591.7,11831.7,25,11656.8999,11609.6,11694.0,11607.2,11635.2,11694.0,11591.7,11689.1,11694.0,11591.7,11416.6,2.1048289333076395,1.499541915084991,3.635933640488415,-0.40576740304684245,-0.18615498276689854,0.2762321052443799,0.744623362511668,2.1738198163647233,UP,UP,DOWN,DOWN,UP
2019-05-21,11864.7,11883.5,11682.7999,11711.8999,25,11864.7,11851.1,11883.5,11843.0,11848.7,11883.5,11811.7,11863.2999,11883.5,11811.7,11831.7,0.27891173711301,-1.287854728733136,-1.0125349696155277,-0.11462573853532212,-0.1348538100415518,-0.011800551214954848,0.3413487066676781,1.6915733225450285,DOWN,DOWN,DOWN,DOWN,FLAT
2019-05-22,11731.7,11784.7999,11682.3999,11754.8999,25,11731.7,11743.8999,11753.7999,11682.3999,11722.3999,11753.7999,11682.3999,11727.6,11753.7999,11682.3999,11711.8999,0.169059675791802,0.19775394870308322,0.3671479466794282,0.1039908964600153,-0.07927325110598109,-0.0349480467451466,0.6086074481959105,0.8728487772445565,UP,UP,UP,FLAT,FLAT
2019-05-23,11898.8999,12041.1,11614.5,11683.7999,25,11898.8999,11947.0,11968.8999,11836.8999,11913.3999,11968.8999,11836.8999,11953.1,11968.8999,11836.8999,11754.8999,1.225021065470749,-1.8077301415066143,-0.6048541510761853,0.40423989111799863,0.12186000489003189,0.4555051345544979,1.1093462514127042,3.585205385247424,DOWN,DOWN,UP,UP,UP
2019-05-24,11747.8999,11858.8999,11658.1,11845.5,25,11747.8999,11726.7999,11775.5,11715.6,11691.7999,11775.5,11679.0,11671.2999,11775.5,11658.1,11683.7999,0.5486228842382037,0.8307876372014342,1.3839684125367469,-0.17960656951120568,-0.4775321587477977,-0.6520314324435158,0.5098783655791929,1.709240815032821,UP,UP,DOWN,DOWN,DOWN
2019-05-27,11856.1,11957.1,11812.2999,11919.7999,25,11856.1,11866.0,11876.6,11812.2999,11872.2,11876.6,11812.2999,11886.2999,11900.2999,11812.2999,11845.5,0.08948545861297846,0.5372753266251096,0.627241568528133,0.083501319995611,0.13579507595246634,0.2547203549227791,0.5423376995808097,1.2213130793431262,UP,UP,FLAT,UP,UP
2019-05-28,11961.1,11961.1,11864.8999,11941.8999,25,11961.1,11937.2,11961.1,11917.7999,11905.2999,11961.1,11901.5,11901.8999,11961.1,11900.0,11919.7999,0.3464831653759589,-0.16052118952270292,0.18540579695469858,-0.19981439834128664,-0.46651311334242157,-0.4949385926043593,0.36200767487940394,0.8042746904548915,DOWN,UP,DOWN,DOWN,DOWN
2019-05-29,11908.0,11931.8999,11836.7,11862.7999,25,11908.0,11926.2999,11928.1,11903.2,11911.8999,11928.1,11903.2,11900.8999,11928.1,11896.3999,11941.8999,-0.2838735903321409,-0.37957759489418896,-0.6623736646796073,0.15367735975814562,0.03275025193147752,-0.05962462210278516,0.2091031239502825,0.7994617064158516,DOWN,DOWN,UP,FLAT,FLAT
2019-05-30,11869.2,11968.5,11859.3999,11946.5,25,11869.2,11874.1,11889.1,11859.3999,11900.0,11902.6,11859.3999,11916.7,11919.0,11859.3999,11862.7999,0.05395100696253629,0.6512654601826514,0.7055678314189555,0.04128332153809554,0.2594951639537565,0.4001954638897314,0.25022832204360884,0.9191866343140198,UP,UP,FLAT,UP,UP
2019-05-31,12000.5,12039.2,11829.3999,11918.6,25,12000.5,12029.2999,12030.6,11985.2,12024.8999,12033.3999,11985.2,12033.5,12039.2,11985.2,11946.5,0.45201523458753606,-0.6824715636848434,-0.2335412045368906,0.23998916711803658,0.20332402816549597,0.27498854214407736,0.37831757010124273,1.7482613224449013,DOWN,DOWN,UP,UP,UP
2019-06-03,11957.8999,12103.0,11920.1,12092.5,25,11957.8999,11965.0,11973.6,11920.1,11968.3999,11973.6,11920.1,11976.2,11977.3999,11920.1,11918.6,0.3297358750188779,1.1256165474340494,1.4590639840249662,0.059375810630423964,0.08780806067794562,0.1530377420202387,0.44740297583524674,1.5295327902853546,UP,UP,FLAT,FLAT,UP
2019-06-04,12053.5,12095.2,12005.7999,12036.6,25,12053.5,12069.5,12092.6,12042.8999,12074.6,12095.2,12042.8999,12053.1,12095.2,12042.8999,12092.5,-0.3225139549307422,-0.1402082382710386,-0.4622700020673941,0.13274152735719916,0.1750528892023094,-0.003318538183926961,0.412329198987846,0.7416941137429025,DOWN,DOWN,UP,UP,FLAT
2019-06-06,12037.8999,12041.7999,11830.2,11849.8999,25,12037.8999,11995.7,12041.7999,11989.6,11977.7,12041.7999,11971.8999,11966.3999,12041.7999,11959.3999,12036.6,0.010799561337919176,-1.5617342024915823,-1.5511033015967965,-0.3505586551687443,-0.5000863979604916,-0.5939574227561071,0.4336296233863816,1.7577808567755184,DOWN,DOWN,DOWN,DOWN,DOWN
2019-06-07,11863.7999,11897.5,11769.5,11864.7999,25,11863.7999,11780.8999,11870.3999,11776.7,11797.2999,11870.3999,11769.5,11860.1,11870.3999,11769.5,11849.8999,0.11730056892716567,0.008429002582890832,0.1257394587780411,-0.6987643141216469,-0.5605286717622403,-0.031186466656434552,0.7897966991166094,1.0789123306100266,FLAT,UP,DOWN,DOWN,FLAT
2019-06-10,11935.7,11975.0,11871.7,11927.6,25,11935.7,11959.2999,11969.3999,11926.7999,11939.2999,11975.0,11926.7999,11947.7999,11975.0,11926.7999,11864.7999,0.5975667571098333,-0.06786363598281092,0.5292975905982231,0.19772531146056999,0.030160778169686334,0.10137570481831189,0.3569124559095852,0.8654708144474079,FLAT,UP,UP,FLAT,UP
2019-06-11,11961.5,12000.2999,11904.2999,11963.5,25,11961.5,11930.3999,11961.7999,11923.1,11921.8999,11961.7999,11904.2999,11946.0,11961.7999,11904.2999,11927.6,0.28421476239980914,0.01672031099778456,0.30098259498976854,-0.2600016720310969,-0.3310629937716813,-0.12958241023283032,0.3235371817915781,0.8025749278936588,FLAT,UP,DOWN,DOWN,DOWN
2019-06-12,11963.2,11963.2,11866.2999,11917.2999,25,11963.2,11925.2999,11963.2,11913.6,11922.6,11963.2,11913.6,11910.3999,11963.2,11901.7,11963.5,-0.0025076273665672454,-0.38367744416210336,-0.3861754503280814,-0.31680570415942844,-0.339374080513578,-0.4413543199144073,0.41460478801658723,0.8099847866791555,DOWN,DOWN,DOWN,DOWN,DOWN
2019-06-13,11873.2,11931.2999,11817.0,11905.5,25,11873.2,11884.6,11897.3999,11863.2999,11870.3999,11897.3999,11863.2,11851.0,11897.3999,11835.2,11917.2999,-0.3700494270518379,0.27204123572414574,-0.09901487836183412,0.09601455378499171,-0.02358336421521059,-0.18697571000236438,0.2872014284270488,0.9626713944008353,UP,FLAT,FLAT,FLAT,DOWN
2019-06-14,11914.1,11914.2,11797.6,11810.7999,25,11914.1,11873.7,11914.2,11872.7,11854.2,11914.2,11854.0,11880.7,11914.2,11849.5,11905.5,0.0722355213976764,-0.8670407332488429,-0.795431523245559,-0.33909401465490163,-0.5027656306393234,-0.28034010122459635,0.3483267724796669,0.9786723294248022,DOWN,DOWN,DOWN,DOWN,DOWN
2019-06-17,11850.0,11850.7,11657.7,11675.6,25,11850.0,11768.6,11850.7,11765.2999,11766.2999,11850.7,11757.0,11758.8999,11850.7,11742.8999,11810.7999,0.33190046679226204,-1.4717299578059042,-1.1447141696135215,-0.6869198312236255,-0.7063299578059073,-0.7687772151898705,0.7206759493670949,1.628691983122363,DOWN,DOWN,DOWN,DOWN,DOWN
2019-06-18,11679.7,11727.2,11641.1,11699.5,25,11679.7,11687.8999,11716.5,11673.3999,11673.1,11716.5,11662.7999,11710.8999,11719.7,11662.7999,11675.6,0.03511596834424238,0.16952490218070046,0.20470040083592822,0.07020642653492483,-0.05650830072690534,0.2671292927044326,0.36901718366053626,0.7371764685736821,UP,UP,FLAT,FLAT,UP
2019-06-19,11749.0,11802.5,11625.1,11707.2999,25,11749.0,11792.2,11792.5,11740.2,11781.5,11802.5,11740.2,11785.2999,11802.5,11740.2,11699.5,0.42309500406000256,-0.35492467444037806,0.06666866105389102,0.3676908673078622,0.27661928674780834,0.30896161375436193,0.44514426759723613,1.5099157375095722,DOWN,FLAT,UP,UP,UP
2019-06-20,11653.5,11843.5,11635.0,11842.3999,25,11653.5,11649.5,11671.6,11635.0,11700.2999,11700.7999,11635.0,11723.8999,11725.1,11635.0,11707.2999,-0.45954148658991795,1.6209713819882468,1.1539808594123429,-0.03432445188140902,0.40159522890118826,0.6041094950015046,0.31406873471489566,1.7891620543184452,UP,UP,FLAT,UP,UP
2019-06-21,11828.7,11828.7,11705.1,11732.2999,25,11828.7,11799.7,11828.7,11776.5,11781.6,11828.7,11776.5,11787.7,11828.7,11768.7999,11842.3999,-0.11568516614609185,-0.8149678324752571,-0.9297102017303127,-0.24516641727324218,-0.39818407770930336,-0.34661458993803207,0.44129955109184205,1.0449161784473389,DOWN,DOWN,DOWN,DOWN,DOWN
2019-06-24,11725.3999,11754.0,11670.2,11702.2,25,11725.3999,11747.1,11754.0,11721.0,11715.2,11754.0,11715.2,11697.3999,11754.0,11687.2999,11732.2999,-0.05881199814879977,-0.19786020261875772,-0.2565558352288561,0.18506916766224765,-0.086989783606439,-0.23879782556499415,0.28144029441588597,0.7146877779409406,DOWN,DOWN,UP,FLAT,DOWN
2019-06-25,11681.5,11814.3999,11650.8999,11776.2999,25,11681.5,11664.8999,11687.3999,11650.8999,11688.1,11688.7999,11650.8999,11697.8999,11710.7,11650.8999,11702.2,-0.1768898155902371,0.8115387578650001,0.6332134128625323,-0.14210589393485132,0.056499593374141704,0.14039207293584166,0.3124598724478877,1.3996490176775243,UP,UP,DOWN,FLAT,UP
2019-06-26,11768.0,11871.7999,11757.5,11840.8999,25,11768.0,11808.8999,11814.7999,11757.5,11829.6,11839.1,11757.5,11818.7999,11839.1,11757.5,11776.2999,-0.07047969286176195,0.6194756968048976,0.5485593993746742,0.34755183548606683,0.5234534330387522,0.43167828008157694,0.48691281441196443,0.9712771923861317,UP,UP,UP,UP,UP
2019-06-27,11857.8999,11911.1,11821.0,11844.8999,25,11857.8999,11877.3999,11886.7,11857.2999,11866.1,11886.7,11857.2999,11880.5,11887.6,11857.2999,11840.8999,0.14357016902068398,-0.10963155457232356,0.033781216240160936,0.1644473318584853,0.06915305466527019,0.19059108434537936,0.24793682058321934,0.7598310051512609,DOWN,FLAT,UP,FLAT,UP
2019-06-28,11859.2,11871.7,11775.3999,11792.8999,25,11859.2,11838.2999,11871.7,11838.2,11831.0,11871.7,11827.8999,11844.6,11871.7,11825.7,11844.8999,0.12072790923290441,-0.5590604762547252,-0.43900750904615077,-0.1762353278467413,-0.23779007015650908,-0.12311117107393724,0.2824811117107393,0.8120286359956859,DOWN,DOWN,DOWN,DOWN,DOWN
2019-07-01,11839.6,11884.6,11830.7,11864.2,25,11839.6,11854.3999,11860.7999,11830.7,11844.2999,11860.7999,11830.7,11842.0,11860.7999,11830.7,11792.8999,0.39600183496851366,0.20777728977330623,0.6046019266219701,0.12500337849251647,0.03969644244737673,0.020270955099831383,0.25423071725395496,0.45525186661711237,UP,UP,UP,FLAT,FLAT
2019-07-02,11890.1,11917.3999,11814.7,11909.3999,25,11890.1,11870.6,11892.7,11858.2999,11870.1,11892.7,11858.2999,11833.2999,11892.7,11829.5,11864.2,0.21830380472345068,0.1623190721692835,0.3809772256030715,-0.16400198484453452,-0.16820716394311233,-0.477709186634262,0.2893171630179792,0.8637429458120589,UP,UP,DOWN,DOWN,DOWN
2019-07-03,11932.6,11945.1,11887.0,11913.5,25,11932.6,11921.5,11932.6,11887.0,11919.0,11932.6,11887.0,11901.3999,11932.6,11887.0,11909.3999,0.19480494562954445,-0.16006570236160067,0.03442742736348669,-0.09302247624155979,-0.11397348440407257,-0.26146941990848616,0.38214638888423613,0.4869014296968,DOWN,FLAT,FLAT,DOWN,DOWN
2019-07-04,11930.2,11969.2,11923.6,11938.6,25,11930.2,11941.7999,11946.0,11923.6,11954.0,11954.8999,11923.6,11950.0,11961.2999,11923.6,11913.5,0.14017711000126518,0.0704095488759588,0.21068535694800322,0.09723139595312108,0.19949372181521913,0.16596536520761823,0.18775879700256187,0.382223265326653,FLAT,UP,FLAT,UP,UP
2019-07-05,11966.7,11981.7,11797.8999,11802.7,25,11966.7,11980.0,11981.7,11959.2,11972.2999,11981.7,11959.2,11951.8999,11981.7,11949.2999,11938.6,0.23537098152212457,-1.3704697201400553,-1.138324426649688,0.1111417516942789,0.04679569137689799,-0.1236773713722278,0.18802176038506857,1.535929704931187,DOWN,DOWN,UP,FLAT,DOWN
2019-07-08,11770.2999,11771.8999,11523.2,11564.2,25,11770.2999,11681.8999,11771.8999,11681.7,11698.7999,11771.8999,11673.1,11684.3999,11771.8999,11673.1,11802.7,-0.2745143060486223,-1.7510165565110134,-2.0207240716107333,-0.7510428854918101,-0.6074611573830841,-0.7298029848840099,0.7663347643334018,2.1129444628679313,DOWN,DOWN,DOWN,DOWN,DOWN
2019-07-09,11534.2,11582.5,11461.0,11552.5,25,11534.2,11512.2999,11534.2,11477.6,11514.3999,11537.5,11477.6,11476.3999,11537.5,11471.8999,11564.2,-0.25942131751439784,0.15865859790882134,-0.10117431383062146,-0.18987099235318222,-0.17166426800298576,-0.5011192800541033,0.4907145705814045,1.0533890516897575,UP,DOWN,DOWN,DOWN,DOWN
2019-07-10,11539.3999,11593.7,11475.6,11493.1,25,11539.3999,11555.0,11578.2,11516.2999,11578.7,11587.0,11516.2999,11556.1,11593.7,11516.2999,11552.5,-0.11339623458125649,-0.40123316984620644,-0.5141744211209663,0.13518987239535443,0.3405731696671712,0.14472243049658085,0.5364239088377616,1.0234501015949744,DOWN,DOWN,UP,UP,UP
2019-07-11,11564.5,11599.0,11519.5,11576.5,25,11564.5,11523.7,11565.0,11519.5,11525.7999,11565.0,11519.5,11550.3999,11565.0,11519.5,11493.1,0.6212423106037503,0.10376583509879372,0.725652782974129,-0.3528038393358924,-0.3346456829089024,-0.12192572095637215,0.3934454580829262,0.6874486575295085,UP,UP,DOWN,DOWN,DOWN
2019-07-12,11605.1,11639.5,11538.6,11547.6,25,11605.1,11589.7,11608.8999,11578.6,11575.8999,11608.8999,11565.8999,11565.5,11608.8999,11553.2999,11576.5,0.2470522178551407,-0.4954718184246581,-0.24964367468578272,-0.1327002783259053,-0.25161437643794554,-0.34122928712376766,0.26109124436670067,0.869445330070397,DOWN,DOWN,DOWN,DOWN,DOWN
2019-07-15,11614.7,11618.3999,11532.2,11587.6,25,11614.7,11594.8999,11618.3999,11572.2,11577.2999,11618.3999,11567.5,11567.2,11618.3999,11558.7,11547.6,0.5810731234195882,-0.23332501054698238,0.3463923239461013,-0.17047448491997538,-0.32200659509071045,-0.4089645018812367,0.39777092822026927,0.7421620876992054,DOWN,UP,DOWN,DOWN,DOWN
2019-07-16,11597.7,11670.0,11573.8999,11661.2999,25,11597.7,11584.2,11599.0,11573.8999,11617.7999,11620.0,11573.8999,11622.8999,11637.2,11573.8999,11587.6,0.08716213883807142,0.5483837312570531,0.6360238530843282,-0.1164023901290773,0.17330936306335953,0.21728359933434743,0.21642308388731948,0.8286134319735781,UP,UP,DOWN,UP,UP
2019-07-17,11672.3999,11706.6,11651.1,11686.6,25,11672.3999,11664.5,11685.6,11651.1,11674.2,11685.6,11651.1,11688.1,11693.2,11651.1,11661.2999,0.09518664381490063,0.12165535898063277,0.21695780244876803,-0.06768016918269176,0.01542184996592161,0.13450618668402564,0.2955690371780357,0.4754806250255357,UP,UP,FLAT,FLAT,UP
2019-07-18,11678.3999,11678.3999,11582.3999,11601.3999,25,11678.3999,11662.0,11678.3999,11653.7999,11652.3999,11678.3999,11644.7999,11667.7,11678.3999,11644.7999,11686.6,-0.0701666866325537,-0.6593369011109133,-0.7290409528862116,-0.14042934083804018,-0.22263323933615253,-0.09162128452203128,0.21064529567959359,0.8220304221642556,DOWN,DOWN,DOWN,DOWN,FLAT
2019-07-19,11626.7999,11640.2999,11399.2999,11437.1,25,11626.7999,11616.1,11640.2999,11613.5,11570.8999,11640.2999,11557.7,11512.3999,11640.2999,11512.1,11601.3999,0.21893909544484919,-1.631574479922026,-1.416207538885027,-0.09202790184769255,-0.48078577494052893,-0.9839336789480624,0.23050108568566643,2.0727973481335997,DOWN,DOWN,FLAT,DOWN,DOWN
2019-07-22,11397.1,11398.8999,11301.2,11337.1,25,11397.1,11324.5,11398.8999,11323.6,11318.1,11398.8999,11301.2,11346.3999,11398.8999,11301.2,11437.1,-0.34973900726582785,-0.526449710891367,-0.8743475181645697,-0.6370041501785574,-0.6931587860069667,-0.44485088311939025,0.6606935097524808,0.8572347351519213,DOWN,DOWN,DOWN,DOWN,DOWN
2019-07-23,11374.2999,11398.1,11302.7999,11328.5,25,11374.2999,11328.7999,11374.3999,11321.8999,11332.5,11374.3999,11315.8999,11364.0,11374.3999,11315.8999,11337.1,0.3281253583367847,-0.40266126621120635,-0.07585714159706065,-0.40002462041641795,-0.3674942666141586,-0.0905541447874078,0.46156686971125144,0.8378546445746553,DOWN,FLAT,DOWN,DOWN,FLAT
2019-07-24,11324.0,11359.7,11229.7,11267.3999,25,11324.0,11329.1,11359.7,11317.3999,11290.5,11359.7,11278.2999,11257.1,11359.7,11251.8999,11328.5,-0.03972282296861897,-0.4998242670434445,-0.5393485457033116,0.0450370893677178,-0.2958318615330272,-0.5907806428823704,0.37354380077711397,1.1480042387848817,DOWN,DOWN,FLAT,DOWN,DOWN
2019-07-25,11291.7999,11361.3999,11239.2999,11261.0,25,11291.7999,11330.7999,11332.2999,11274.8999,11360.3999,11361.3999,11274.8999,11335.2999,11361.3999,11274.8999,11267.3999,0.2165539540315742,-0.2727634236593227,-0.056800149606834695,0.34538337860556667,0.6075205069831282,0.385235306906209,0.5083334854348565,1.0813156545574312,DOWN,FLAT,UP,UP,UP
2019-07-26,11247.2999,11307.6,11210.0,11297.6,25,11247.2999,11246.1,11267.7,11210.0,11251.2999,11267.7,11210.0,11230.1,11267.7,11210.0,11261.0,-0.1216597105052839,0.44721933661607427,0.3250155403605396,-0.010668338273789746,0.03556409125358167,-0.15292470328811641,0.5130120163329221,0.8677638265873959,UP,UP,FLAT,FLAT,DOWN
2019-07-29,11309.1,11310.8999,11152.3999,11195.7999,25,11309.1,11262.0,11310.8999,11261.3999,11255.1,11310.8999,11229.7,11239.7,11310.8999,11229.7,11297.6,0.10179153094462541,-1.0018489534976291,-0.9010772199405217,-0.41647876488845587,-0.4774915775791177,-0.6136651015553813,0.4377006127808579,1.4015262045609287,DOWN,DOWN,DOWN,DOWN,DOWN
2019-07-30,11214.7999,11267.3999,11072.6,11079.1,25,11214.7999,11243.3999,11247.2999,11190.7,11258.0,11262.2999,11190.7,11236.3999,11267.3999,11190.7,11195.7999,0.1697064985950669,-1.21000732255597,-1.0423542850207568,0.2550201542160406,0.3852061595856028,0.1926026339533741,0.5046893435878357,1.7369895293450577,DOWN,DOWN,UP,UP,UP
2019-07-31,11039.8999,11145.2999,10999.3999,11112.7999,25,11039.8999,11019.7,11047.5,11014.7999,11059.3999,11061.1,11010.2999,11037.2,11072.8999,11010.2999,11079.1,-0.35382025615799134,0.6603320742065752,0.3041754294121329,-0.18297176770597,0.1766320363104017,-0.02445583768381465,0.29619924361814204,1.3215699537275662,UP,UP,DOWN,UP,FLAT
2019-08-01,11061.3999,11076.7,10881.0,10992.8999,25,11061.3999,11074.1,11074.7,11040.6,11050.8999,11076.7,11040.6,11043.8999,11076.7,11036.8999,11112.7999,-0.4625296996484175,-0.6192706223377747,-1.0789360114366824,0.11481458147083191,-0.09492469393498737,-0.15820782322497895,0.3082792441126766,1.7692154860073428,DOWN,DOWN,UP,FLAT,DOWN
2019-08-02,10932.7999,11080.1,10848.8999,11001.2999,25,10932.7999,10885.2999,10935.2999,10878.7999,10875.8999,10935.2999,10856.8999,10867.3999,10935.2999,10856.8999,10992.8999,-0.5467165219979886,0.6265549596311555,0.0764129581494655,-0.43447241726248004,-0.5204522219417885,-0.5981999176624428,0.5167935068490552,2.114738238280571,UP,FLAT,DOWN,DOWN,DOWN
2019-08-05,10898.7,10899.3999,10782.6,10857.7,25,10898.7,10850.6,10899.3999,10838.6,10810.5,10899.3999,10809.3999,10824.7999,10899.3999,10788.6,11001.2999,-0.9326161538419588,-0.3761916558855643,-1.3052993855753288,-0.441337040197458,-0.8092708304660255,-0.6780634387587579,0.5578637819189441,1.0716865314211783,DOWN,DOWN,DOWN,DOWN,DOWN
2019-08-06,10811.3999,11018.5,10811.0,10932.7,25,10811.3999,10915.5,10923.2,10811.0,10903.2,10938.6,10811.0,10912.6,10938.6,10811.0,10857.7,-0.4264264070659567,1.1219647882972157,0.6907540270959779,0.9628734573031532,0.8491046566504342,0.9360499189378799,1.0377934498565788,1.9192704175154969,UP,UP,UP,UP,UP
2019-08-07,10959.7,10975.6,10835.8999,10837.7999,25,10959.7,10928.7999,10960.6,10913.3999,10950.3999,10960.6,10913.3999,10950.2999,10970.2,10913.3999,10932.7,0.24696552544202252,-1.11225763478928,-0.8680390022592841,-0.28194293639425116,-0.08485724974224097,-0.08576968347674432,0.43066963511774975,1.2746708395302793,DOWN,DOWN,DOWN,FLAT,FLAT
2019-08-08,10898.1,11058.0,10842.8999,11049.2,25,10898.1,10880.1,10915.6,10877.5,10846.1,10915.6,10842.8999,10874.7,10915.6,10842.8999,10837.7999,0.5563869102252053,1.3864802121470747,1.9505813167855288,-0.16516640515319184,-0.47714739266477635,-0.21471632669914603,0.3496022242409261,1.9737394591717792,UP,UP,DOWN,DOWN,DOWN
2019-08-09,11087.7,11181.3999,11062.7999,11107.5,25,11087.7,11117.7,11120.2999,11062.7999,11109.3999,11121.7999,11062.7999,11111.0,11121.7999,11062.7999,11049.2,0.34844151612786445,0.1785762601801931,0.5276400101364739,0.2705700911821207,0.19571146405475992,0.21014277081810717,0.5185926747657313,1.0696537604733205,UP,UP,UP,UP,UP
2019-08-13,11138.5,11145.8999,10901.5,10918.3999,25,11138.5,11073.5,11145.8999,11062.7999,11068.2,11145.8999,11041.3999,11060.7,11145.8999,11041.3999,11107.5,0.2790907044789557,-1.9760299860842994,-1.7024541976142216,-0.583561520851102,-0.6311442294743392,-0.6984782511110048,0.7460609597342583,2.1941904206131917,DOWN,DOWN,DOWN,DOWN,DOWN
2019-08-14,11003.6,11078.1,10935.6,11012.8999,25,11003.6,10961.2,11003.7,10947.7999,10956.8999,11003.7,10935.6,10967.2999,11003.7,10935.6,10918.3999,0.7803350379207123,0.08451688538296538,0.8655114381732804,-0.38532843796575333,-0.42440746664727924,-0.32989294412737996,0.5080164673379689,1.295030717219819,FLAT,UP,DOWN,DOWN,DOWN
2019-08-16,11044.1,11068.6,10924.2999,11042.2999,25,11044.1,10943.2,11044.2999,10940.0,10966.6,11044.2999,10924.2999,10957.5,11044.2999,10924.2999,11012.8999,0.28330503576083554,-0.0162992004780868,0.26695965882700556,-0.9136099818002339,-0.7017321465759998,-0.7841290824965399,0.9443947447053175,1.3065808893436348,FLAT,UP,DOWN,DOWN,DOWN
2019-08-19,11096.7,11146.7999,11037.7999,11054.2999,25,11096.7,11096.1,11122.6,11087.7999,11079.8999,11122.6,11068.6,11112.7999,11122.6,11068.6,11042.2999,0.49265189763593314,-0.38209647913344275,0.10867301294723937,-0.0054070128957290345,-0.15139726224914057,0.14508727819981843,0.31360764912091327,0.9822740093901791,DOWN,UP,FLAT,DOWN,UP
2019-08-20,11062.7,11076.2999,10985.2,11023.3999,25,11062.7,11073.6,11075.5,11035.8999,11056.6,11076.2999,11035.8999,11002.8999,11076.2999,10994.3999,11054.2999,0.07598943466334533,-0.3552487186672366,-0.27952923549685527,0.09852929212578877,-0.05514024605205206,-0.5405561029405153,0.357960534046839,0.8234870330027863,DOWN,DOWN,FLAT,FLAT,DOWN
2019-08-21,11017.0,11034.2,10906.6,10919.1,25,11017.0,11001.8999,11018.2,10989.7999,10997.1,11018.2,10982.2,11017.0,11034.2,10982.2,11023.3999,-0.05805740568298119,-0.8886266678769141,-0.9461681599703189,-0.13706181356085737,-0.18062993555414028,0.0,0.2577843333030838,1.1582100390305925,DOWN,DOWN,DOWN,DOWN,FLAT
2019-08-22,10904.3999,10908.2,10718.2999,10736.1,25,10904.3999,10887.1,10908.2,10863.1,10880.3999,10908.2,10863.1,10864.8999,10908.2,10856.2,10919.1,-0.1346273960308086,-1.5434127649702205,-1.6759623045855427,-0.15865063789525896,-0.22009464271390122,-0.362239099466629,0.41359451609987596,1.7414997775347614,DOWN,DOWN,DOWN,DOWN,DOWN
2019-08-23,10710.3999,10862.5,10637.1,10841.5,25,10710.3999,10666.2999,10710.5,10659.7,10648.6,10710.5,10637.1,10725.5,10739.5,10637.1,10736.1,-0.23938022186827637,1.2240448650287994,0.9817345218468496,-0.41174933160059096,-0.5770083337411144,0.1409853986871177,0.4743053525013503,2.104496583736333,UP,UP,DOWN,DOWN,UP
2019-08-26,11008.1,11070.2,10756.5,11057.7999,25,11008.1,10879.3999,11009.2999,10877.0,10862.7999,11009.2999,10852.2,10789.2,11009.2999,10756.5,10841.5,1.5366877277129583,0.4514848157265978,1.995110455195314,-1.1691399969113654,-1.3199380456209553,-1.9885357146101474,1.201841371353821,2.8497197518191215,UP,UP,DOWN,DOWN,DOWN
2019-08-27,11105.7999,11141.7,11049.5,11115.3999,25,11105.7999,11100.7999,11122.2999,11089.2,11059.3999,11122.2999,11049.5,11117.2999,11122.2999,11049.5,11057.7999,0.43408273285900206,0.08644131972880552,0.5208992794308057,-0.0450215206920845,-0.41779971202254085,0.10354949759179435,0.2980415665511788,0.8301968415620448,FLAT,UP,FLAT,DOWN,UP
2019-08-28,11103.3999,11129.6,10987.6,11043.8999,25,11103.3999,11114.2999,11129.6,11077.7999,11095.8999,11129.6,11077.7999,11071.3999,11129.6,11052.6,11115.3999,-0.1079583290566091,-0.5358718999213925,-0.6432517106289626,0.09816812956542831,-0.06754687814135199,-0.28820001340310186,0.4665246723213165,1.2788875594762645,DOWN,DOWN,FLAT,FLAT,DOWN
2019-08-29,10993.7999,11021.0,10922.3999,10961.5,25,10993.7999,10979.2,11007.7999,10965.3999,10991.5,11007.7999,10965.3999,10993.0,11020.1,10965.3999,11043.8999,-0.45364409722692584,-0.2938010541741803,-0.7461123402612545,-0.13280121643836043,-0.02091997326602224,-0.007275919220614336,0.38567192768352676,0.8968700621884127,DOWN,DOWN,DOWN,FLAT,FLAT
2019-08-30,10987.6,11042.5,10874.7,11033.8999,25,10987.6,10994.1,11001.6,10952.6,11019.0,11019.5,10952.6,10972.5,11024.7999,10952.6,10961.5,0.2381060986178932,0.4213831956023152,0.6604926333074884,0.05915759583530525,0.2857766937274713,-0.13742764570971241,0.4459572609123011,1.5271760894098736,UP,UP,FLAT,UP,DOWN
2019-09-03,10956.8999,10967.3999,10772.7,10775.3999,25,10956.8999,10918.7999,10967.3999,10906.3999,10898.1,10967.3999,10885.8999,10910.1,10967.3999,10885.7999,11033.8999,-0.6978493614936637,-1.656490445805752,-2.3427799993001566,-0.3477260935823678,-0.5366472317594139,-0.42712720228465334,0.556726816496699,1.7769615655610729,DOWN,DOWN,DOWN,DOWN,DOWN
2019-09-04,10793.7,10858.7,10746.2999,10836.2999,25,10793.7,10765.6,10823.5,10760.8999,10783.8999,10823.5,10757.2999,10800.3999,10823.5,10757.2999,10775.3999,0.16983221198129625,0.39467374486968554,0.5651762400020034,-0.2603370484634589,-0.0907946302009541,0.06207231996442012,0.5799688707301449,1.0413491203201937,UP,UP,DOWN,FLAT,FLAT
2019-09-05,10862.3999,10920.1,10815.8999,10840.5,25,10862.3999,10893.2,10908.7999,10858.7999,10874.7999,10908.7999,10858.7999,10907.0,10910.0,10858.7999,10836.2999,0.24085712135006862,-0.20161198447499934,0.03875954005296605,0.28354783734302014,0.11415525219247026,0.41059158575076626,0.46030343625997416,0.9592732817726589,DOWN,FLAT,UP,UP,UP
2019-09-06,10885.1,10957.0,10867.3999,10940.7,25,10885.1,10886.2,10905.2,10877.7,10894.6,10906.7999,10877.2999,10885.1,10906.7999,10873.7999,10840.5,0.4114201374475381,0.5107899789620707,0.9243116092431228,0.010105557137742086,0.08727526618956188,0.0,0.2526389284434686,0.8231444819064562,UP,UP,FLAT,FLAT,FLAT
2019-09-09,10941.2999,11028.7999,10889.7999,11003.0,25,10941.2999,10908.8999,10941.7999,10889.7999,10916.3999,10941.7999,10889.7999,10987.0,10994.7,10889.7999,10940.7,0.00548319577357255,0.5639192834847715,0.5694334000566624,-0.2961256916100036,-0.22757807781139092,0.417684374047731,0.47526345567038153,1.270415775734289,UP,UP,DOWN,DOWN,UP
2019-09-11,11022.6,11054.7999,11011.6,11019.3999,25,11022.6,11039.2999,11043.2,11011.6,11040.7,11044.3999,11011.6,11031.6,11044.3999,11011.6,11003.0,0.17813323639007875,-0.02903217026835792,0.1490493501772275,0.1515059967702685,0.16420808157785244,0.08165042730390289,0.2866837225337068,0.39192114383176035,FLAT,UP,UP,UP,FLAT
2019-09-12,11058.2,11081.7,10964.8999,10980.7,25,11058.2,11063.8999,11080.2999,11052.2,11075.6,11080.2999,11052.2,11064.7,11081.7,11052.2,11019.3999,0.35210719596445883,-0.7008373876399413,-0.35119789054937206,0.051544555171724286,0.15734929735399644,0.05877990993109186,0.2541091678573299,1.0562306704526991,DOWN,DOWN,FLAT,UP,FLAT
2019-09-13,10988.2999,11084.3999,10945.7,11080.8999,25,10988.2999,11013.7999,11023.7999,10961.8999,10985.7999,11023.7999,10961.8999,10956.6,11023.7999,10945.7,10980.7,0.0692114346079872,0.8427145312988805,0.9125092207236297,0.23206501671837335,-0.022751472227291503,-0.28848775778316366,0.5633264523477343,1.26225076911124,UP,UP,UP,FLAT,DOWN
2019-09-16,10995.6,11052.7,10968.2,10994.1,25,10995.6,11012.2,11026.0,10988.7999,11006.0,11026.0,10988.7999,11030.0,11031.2999,10988.7999,11080.8999,-0.7697921718433715,-0.01364182036450944,-0.783328978542618,0.15096947870057445,0.09458328786059547,0.3128524136927465,0.33831805449452523,0.7684892138673651,FLAT,DOWN,UP,FLAT,UP
2019-09-17,11000.3999,11001.2,10796.5,10827.2,25,11000.3999,10982.7,11001.2,10965.2,10969.3999,11001.2,10965.2,10941.5,11001.2,10938.1,10994.1,0.05730255318761862,-1.5744873056842197,-1.5180869739223732,-0.16090233228702544,-0.2818079368187333,-0.5354341708977356,0.32726082985401284,1.8608414408643519,DOWN,DOWN,DOWN,DOWN,DOWN
2019-09-18,10874.8999,10885.1,10804.7999,10847.5,25,10874.8999,10862.2999,10885.1,10857.2999,10840.5,10885.1,10839.5,10817.2,10885.1,10804.7999,10827.2,0.4405561918132076,-0.25195542259658266,0.18749076400176656,-0.11586313543907069,-0.3163238311738423,-0.5305786768667141,0.25563545646981434,0.7383985207992616,DOWN,UP,DOWN,DOWN,DOWN
2019-09-19,10844.7999,10845.2,10670.2,10698.1,25,10844.7999,10778.5,10845.2,10777.8999,10788.2,10845.2,10766.0,10761.8999,10845.2,10754.7,10847.5,-0.024891449642775017,-1.3527211322728012,-1.3772758700161294,-0.6113519899984505,-0.5219082004454435,-0.7644216653550209,0.6205748434325689,1.6136766156469147,DOWN,DOWN,DOWN,DOWN,DOWN
2019-09-20,10748.6,11381.8999,10691.0,11276.7999,25,10748.6,10731.3999,10748.7999,10691.0,10717.0,10748.7999,10691.0,10711.8999,10748.7999,10691.0,10698.1,0.4720464381525691,4.914127421245554,5.409370822856392,-0.16002177027705952,-0.2939917756731143,-0.3414407457715425,0.5377435200863366,6.427812924473889,UP,UP,DOWN,DOWN,DOWN
2019-09-23,11542.1,11694.7999,11471.2999,11598.0,25,11542.1,11559.7,11666.2999,11529.3999,11537.7999,11666.2999,11471.2999,11512.2,11666.2999,11471.2999,11276.7999,2.3526186715435147,0.48431394633558567,2.8483266782094807,0.15248524965127977,-0.037255785342358703,-0.25905164571438155,1.1860926521170292,1.9363893918784274,UP,UP,UP,FLAT,DOWN
2019-09-24,11599.8999,11655.0,11539.2,11587.7,25,11599.8999,11638.6,11655.0,11581.7,11604.8999,11655.0,11581.7,11620.3999,11655.0,11561.5,11598.0,0.016381272633215586,-0.10517245928992555,-0.0888084152440013,0.333624430672889,0.0431038202321039,0.17672566295162598,0.6319020046026368,0.99828447657552,DOWN,FLAT,UP,FLAT,UP
2019-09-25,11567.3999,11568.0,11416.0,11433.0,25,11567.3999,11513.2,11568.0,11498.5,11495.8999,11568.0,11490.2999,11506.2,11568.0,11489.8999,11587.7,-0.17518662029566162,-1.1618851354832156,-1.3350362884783065,-0.4685573289464957,-0.6181164360021822,-0.5290722247788772,0.6008264657643589,1.3140377380745694,DOWN,DOWN,DOWN,DOWN,DOWN
2019-09-26,11474.1,11610.7999,11466.2999,11580.2,25,11474.1,11517.2,11523.5,11466.2999,11558.5,11558.7,11466.2999,11553.2,11570.8999,11466.2999,11433.0,0.35948569929152774,0.9246912611882445,1.2875010933263424,0.37562858960615964,0.7355696743099644,0.6893786876530652,0.4985149162025781,1.259358032438274,UP,UP,UP,UP,UP
2019-09-27,11555.1,11593.6,11499.7,11512.3999,25,11555.1,11574.5,11592.2999,11516.7999,11557.0,11593.6,11516.7999,11537.5,11593.6,11516.7999,11580.2,-0.2167492789416449,-0.3695346643473446,-0.5854829795685772,0.16789123417365176,0.016442955924220785,-0.15231369698228803,0.653391143304688,0.8126281901498007,DOWN,DOWN,UP,FLAT,DOWN
2019-09-30,11491.7,11508.2,11390.7,11477.6,25,11491.7,11461.8999,11504.6,11458.7999,11422.6,11504.6,11417.2,11422.0,11504.6,11417.2,11512.3999,-0.1798052550276647,-0.12269725105946347,-0.30228188998194877,-0.2593184646309979,-0.6013035495183511,-0.6065247091379058,0.3985493878190379,1.022477092162169,DOWN,DOWN,DOWN,DOWN,DOWN
2019-10-01,11520.0,11554.2,11247.7999,11367.1,25,11520.0,11528.1,11554.2,11510.0,11497.8999,11554.2,11485.2,11444.5,11554.2,11406.5,11477.6,0.3694152087544403,-1.3272569444444413,-0.9627448247020283,0.07031250000000316,-0.19184114583333034,-0.6553819444444444,0.3836805555555619,2.659723090277784,DOWN,DOWN,FLAT,DOWN,DOWN
2019-10-03,11320.6,11370.2999,11257.2999,11312.2,25,11320.6,11300.7,11322.2,11257.2999,11314.7999,11323.6,11257.2999,11312.0,11353.3999,11257.2999,11367.1,-0.40907531384434026,-0.07420101408052256,-0.48297278989363723,-0.1757857357383852,-0.05123491687720071,-0.07596770489197006,0.5732920516580459,0.9981803084642157,FLAT,DOWN,DOWN,FLAT,FLAT
2019-10-04,11389.7999,11400.2999,11158.2999,11160.2999,25,11389.7999,11363.5,11400.2999,11358.6,11360.2,11400.2999,11345.7,11360.0,11400.2999,11345.7,11312.2,0.6859841586959146,-2.014960772050087,-1.3427989250543726,-0.23090748064854044,-0.2598807727956595,-0.26163672989549164,0.3661161773351226,2.124708090789198,DOWN,DOWN,DOWN,DOWN,DOWN
2019-10-07,11196.2,11233.7999,11112.6,11118.7,25,11196.2,11144.2999,11198.0,11117.7999,11195.2,11198.6,11117.7999,11226.0,11233.7999,11117.7999,11160.2999,0.3216768395265144,-0.6921991389935871,-0.37274894378061696,-0.4635510262410527,-0.00893160179346564,0.26616173344526955,0.7163153569961238,1.0825092442078528,DOWN,DOWN,DOWN,FLAT,UP
2019-10-09,11149.2,11321.6,11090.1,11319.1,25,11149.2,11144.6,11159.1,11110.3999,11136.2999,11159.1,11110.3999,11107.5,11159.1,11100.3999,11118.7,0.2743126444638312,1.5238761525490585,1.8023689819853008,-0.04125856563699964,-0.11570426577692343,-0.374017866752778,0.43680353747354084,2.0763821619488394,UP,UP,FLAT,DOWN,DOWN
2019-10-10,11288.3999,11293.2999,11208.5,11238.8999,25,11288.3999,11272.2,11293.2999,11262.1,11270.2999,11293.2999,11257.3999,11284.2999,11293.2999,11253.3999,11319.1,-0.2712238605542845,-0.43850324615094477,-0.7085377812723628,-0.1435092674206166,-0.1603415910168133,-0.03632047089331379,0.2763890389815089,0.7512127560257675,DOWN,DOWN,DOWN,DOWN,FLAT
2019-10-11,11261.2999,11362.8999,11189.3999,11302.0,25,11261.2999,11319.8999,11324.7,11256.7,11341.2,11362.8999,11256.7,11346.2999,11362.8999,11256.7,11238.8999,0.19930776320909874,0.36141564793954223,0.561443740592437,0.5203662145610771,0.7095104535844992,0.7547974101995099,0.603837928159608,1.5406747137601762,UP,UP,UP,UP,UP
2019-10-14,11342.2,11420.3999,11290.0,11330.2999,25,11342.2,11305.7999,11352.0,11299.7999,11335.0,11352.0,11290.0,11335.7,11355.0,11290.0,11302.0,0.35568925853831823,-0.10491879882210459,0.250397274818616,-0.3209262753257811,-0.06347974819700523,-0.05730810601117949,0.46022905609141096,1.1496878912380344,DOWN,UP,DOWN,FLAT,FLAT
2019-10-15,11365.0,11462.2999,11342.1,11429.0,25,11365.0,11361.8999,11376.2,11342.1,11371.5,11380.2999,11342.1,11390.6,11396.7999,11342.1,11330.2999,0.306259325051052,0.5631324241091069,0.8711163947213791,-0.027277606687194512,0.05719313682358117,0.22525296964364597,0.30004399472063675,1.0576322041355004,UP,UP,FLAT,FLAT,UP
2019-10-16,11467.0,11481.0,11411.1,11471.1,25,11467.0,11465.6,11468.5,11446.6,11471.7999,11481.0,11446.6,11436.3999,11481.0,11423.6,11429.0,0.33248753171756057,0.035754774570509844,0.3683611864555111,-0.012208947414316178,0.04185837620999372,-0.2668535798377924,0.19098282026684954,0.609575303043513,FLAT,UP,FLAT,FLAT,DOWN
2019-10-17,11469.1,11599.1,11439.6,11582.2999,25,11469.1,11462.3999,11480.7999,11439.6,11466.7,11480.7999,11439.6,11471.6,11480.7999,11439.6,11471.1,-0.01743511956133239,0.9869989798676411,0.9693917758540995,-0.05841870765796811,-0.02092579191043444,0.021797699906705843,0.3592252225545127,1.390693254047833,UP,UP,FLAT,FLAT,FLAT
2019-10-18,11583.1,11684.7,11553.1,11661.3999,25,11583.1,11596.3999,11597.1,11553.1,11609.7999,11626.2999,11553.1,11613.3999,11635.3999,11553.1,11582.2999,0.00690795443830965,0.6759839766556447,0.6829386277590719,0.11482159352850256,0.23050737712701797,0.261587139884832,0.3798637670399116,1.1361379941466476,UP,UP,UP,UP,UP
2019-10-22,11659.1,11714.2999,11573.6,11588.2,25,11659.1,11698.8999,11714.2999,11639.0,11673.0,11714.2999,11639.0,11656.0,11714.2999,11639.0,11661.3999,-0.019722331964620983,-0.6081086876345484,-0.6277110863850884,0.34136339854705744,0.11922017994527567,-0.02658867322520918,0.6458465919324817,1.206781827070697,DOWN,DOWN,UP,UP,FLAT
2019-10-23,11601.8999,11651.6,11554.2999,11613.8999,25,11601.8999,11577.0,11606.7999,11560.6,11589.0,11606.7999,11554.2999,11621.0,11638.7999,11554.2999,11588.2,0.11822284737922728,0.10343133541429711,0.22177646226333353,-0.21461915905687431,-0.11118782364257722,0.16462907079554837,0.3982097794172454,0.838656606578724,UP,UP,DOWN,DOWN,UP
2019-10-24,11667.7,11679.6,11534.6,11583.7999,25,11667.7,11647.7999,11679.6,11645.0,11638.8999,11679.6,11629.6,11621.8999,11679.6,11589.7999,11613.8999,0.4632388815405614,-0.7190800243407076,-0.25917220106228367,-0.17055717922127536,-0.24683613737069332,-0.3925375181055425,0.2965451631426962,1.2427470709737136,DOWN,DOWN,DOWN,DOWN,DOWN
2019-10-25,11653.5,11653.8999,11490.7,11575.0,25,11653.5,11591.3999,11653.8999,11568.2,11609.5,11653.8999,11568.2,11589.0,11653.8999,11568.2,11583.7999,0.6017032459270988,-0.6736173681726519,-0.07596729981497678,-0.5328879735701691,-0.3775689706954992,-0.5534817865877204,0.735400523447888,1.4004367786501877,DOWN,FLAT,DOWN,DOWN,DOWN
2019-10-29,11641.8999,11809.3999,11627.2999,11791.6,25,11641.8999,11633.2,11663.1,11628.1,11651.6,11663.1,11627.2999,11690.5,11702.1,11627.2999,11575.0,0.5779688984881239,1.2858734509476415,1.8712742980561587,-0.07472921150953733,0.08332059271528369,0.41745849403841423,0.3006382145580894,1.564177682029377,UP,UP,FLAT,FLAT,UP
2019-10-30,11897.7999,11898.2999,11784.3999,11849.0,25,11897.7999,11827.2,11898.2999,11816.8999,11809.0,11898.2999,11784.3999,11829.7,11898.2999,11784.3999,11791.6,0.9006402863055023,-0.4101590244428298,0.48678720445062273,-0.5933861772208764,-0.7463556350447613,-0.5723738890582556,0.6841601025749277,0.9573198486889971,DOWN,UP,DOWN,DOWN,DOWN
2019-10-31,11892.2,11945.0,11855.0,11881.5,25,11892.2,11911.0,11914.8999,11883.0,11909.8999,11914.8999,11883.0,11910.2999,11914.8999,11883.0,11849.0,0.3645877289222781,-0.08997494155833848,0.2742847497679129,0.1580868132052881,0.1488362119708684,0.15219976118799927,0.26824220917912867,0.7567985738551319,FLAT,UP,UP,UP,UP
2019-11-01,11886.6,11918.2999,11843.2999,11899.3999,25,11886.6,11909.7999,11918.2999,11868.8999,11884.2,11918.2999,11868.8999,11886.8999,11918.2999,11868.8999,11881.5,0.042923873248330295,0.10768344185889978,0.150653537011323,0.19517692191206581,-0.020190803089189812,0.0025230091026868877,0.41559403025255026,0.6309625965372773,UP,UP,UP,FLAT,FLAT
2019-11-04,11929.5,11989.1,11905.2999,11945.7,25,11929.5,11965.7999,11974.7,11927.6,11963.6,11974.7,11927.6,11957.6,11974.7,11927.6,11899.3999,0.25295477295455593,0.13579781214636596,0.389096092148314,0.3042868519217065,0.28584601198709386,0.2355505260069606,0.39481956494404935,0.7024611257806311,UP,UP,UP,UP,UP
2019-11-05,11974.1,11978.8999,11861.8999,11917.7,25,11974.1,11935.7,11978.8999,11923.7,11945.7999,11978.8999,11917.8999,11944.8999,11978.8999,11917.8999,11945.7,0.23774245125860882,-0.47101661085175195,-0.23439396602961735,-0.3206921605799153,-0.2363442763965591,-0.2438604989101479,0.4609941456977945,0.9771089267669387,DOWN,DOWN,DOWN,DOWN,DOWN
2019-11-06,11914.0,12002.8999,11850.2,11960.7,25,11914.0,11893.2,11914.8999,11878.5,11869.1,11914.8999,11868.0,11862.2999,11914.8999,11854.8999,11917.7,-0.031046258925805544,0.39197582675844156,0.360807874002534,-0.17458452241060327,-0.3768675507805912,-0.4339440993788821,0.30552207486990385,1.281684572771526,UP,UP,DOWN,DOWN,DOWN
2019-11-07,12022.3999,12022.5,11946.7999,12015.7999,25,12022.3999,12006.7999,12022.5,11994.2,12012.2,12022.5,11994.2,11982.2999,12022.5,11979.7,11960.7,0.5158552593075624,-0.05489752507733804,0.46067454245988315,-0.12975778654643125,-0.08484079788428611,-0.33354405387896274,0.23539393328614258,0.629658808804056,FLAT,UP,DOWN,FLAT,DOWN
2019-11-08,11987.3999,12034.1,11888.7,11905.3999,25,11987.3999,11987.2999,11991.5,11966.5,11985.3999,11992.1,11966.5,11985.8999,11996.5,11966.5,12015.7999,-0.2363554672710523,-0.6840515932066302,-0.9187902671381839,-0.0008342092600111204,-0.016684185200161714,-0.012513138900121283,0.20855231500202143,1.2129402640517535,DOWN,DOWN,FLAT,FLAT,FLAT
2019-11-11,11884.0,11932.6,11853.8999,11913.1,25,11884.0,11913.0,11920.2,11864.5,11904.5,11920.2,11864.5,11908.1,11920.2,11864.5,11905.3999,-0.17974952693525517,0.24486704813194518,0.0646773738360525,0.24402558061258836,0.17250084146751937,0.20279367216425753,0.4686974082800465,0.6622357791989231,UP,FLAT,UP,UP,UP
2019-11-13,11908.7,11946.7999,11823.2,11835.1,25,11908.7,11924.0,11932.3999,11895.3999,11928.2,11946.7999,11895.3999,11926.2999,11946.7999,11895.3999,11913.1,-0.03693413133441032,-0.6180355538387932,-0.6547414191100552,0.12847749964311192,0.1637458328784838,0.14779027097835407,0.3106972213591744,1.037895824061394,DOWN,DOWN,UP,UP,UP
2019-11-14,11864.0,11895.6,11802.6,11868.1,25,11864.0,11815.1,11864.5,11809.5,11803.5,11864.5,11802.6,11820.7999,11864.5,11802.6,11835.1,0.24418889574232272,0.03455832771409612,0.2788316110552509,-0.41217127444369217,-0.5099460552933244,-0.3641276129467298,0.4635873229939312,0.7838840188806474,FLAT,UP,DOWN,DOWN,DOWN
2019-11-15,11904.7,11973.6,11879.2,11893.7999,25,11904.7,11933.7,11937.5,11899.1,11926.3999,11943.2999,11899.1,11931.7,11943.2999,11899.1,11868.1,0.30838971697239126,-0.0915613161188501,0.21654603516990603,0.24360126672658697,0.1822801078565576,0.2268011793661327,0.322561677320719,0.7929641234134387,FLAT,UP,UP,UP,UP
2019-11-18,11916.1,11946.2,11867.6,11893.8999,25,11916.1,11921.0,11946.2,11912.8999,11911.2,11946.2,11890.1,11904.1,11946.2,11884.1,11893.7999,0.1874934855764673,-0.18630340463742348,0.0008407741919414989,0.04112083651529977,-0.04112083651529977,-0.1007040894252314,0.2794546873557656,0.6596117857352688,DOWN,FLAT,FLAT,FLAT,DOWN
2019-11-19,11922.7,11958.7999,11881.7,11957.3999,25,11922.7,11914.1,11925.7,11893.7,11900.0,11925.7,11891.2,11895.6,11925.7,11881.7,11893.8999,0.24214177218693744,0.2910406199937901,0.5338871230957644,-0.07213131253827039,-0.19039311565333963,-0.2272975081147757,0.26839558153773896,0.6466647655312912,UP,UP,FLAT,DOWN,DOWN
2019-11-20,12006.0,12038.6,11966.0,11992.0,25,12006.0,11984.6,12006.6,11966.0,11977.8999,12006.6,11966.0,12014.6,12016.2,11966.0,11957.3999,0.40644371189759787,-0.11660836248542396,0.28936140205530514,-0.17824421122771644,-0.2340504747626158,0.07163085124104918,0.33816425120773247,0.6046976511744159,DOWN,UP,DOWN,DOWN,FLAT
2019-11-21,12030.2,12030.2,11956.7999,11964.3999,25,12030.2,11991.0,12030.2,11980.8999,11995.8999,12030.2,11978.2,11989.1,12030.2,11978.2,11992.0,0.318545697131427,-0.5469576565643163,-0.23015426951300583,-0.32584661934133036,-0.2851166231650379,-0.3416402054828711,0.4098028295456467,0.6101320011304945,DOWN,DOWN,DOWN,DOWN,DOWN
2019-11-22,11971.2999,11973.0,11883.5,11916.7999,25,11971.2999,11954.8999,11973.0,11943.6,11943.8999,11973.0,11939.3999,11928.6,11973.0,11925.0,11964.3999,0.05767109138503165,-0.45525548984033054,-0.39784694926488,-0.1369943125391056,-0.22888074168119066,-0.3566855759749166,0.24558736516156976,0.7476214007469648,DOWN,DOWN,DOWN,DOWN,DOWN
2019-11-25,11921.2999,12084.5,11919.7,12078.7999,25,11921.2999,11958.3999,11959.3999,11919.7,11968.8999,11982.1,11919.7,11974.3999,11987.2,11919.7,11916.7999,0.03776181556929558,1.32116464916716,1.3594253604946407,0.31120767291493406,0.3992853161927447,0.44542122457635985,0.3330165362252116,1.3823995821126793,UP,UP,UP,UP,UP
2019-11-26,12109.7999,12132.3999,12006.2999,12048.1,25,12109.7999,12120.0,12132.3999,12099.7999,12114.2,12132.3999,12099.7999,12098.0,12132.3999,12086.0,12078.7999,0.25664801351664085,-0.5095038771036969,-0.25416349516643305,0.08423012836075038,0.03633503473497318,-0.09744091642670313,0.26920345727595685,1.0413053976226343,DOWN,DOWN,FLAT,FLAT,FLAT
2019-11-27,12068.6,12114.8999,12055.1,12112.1,25,12068.6,12099.6,12108.0,12065.0,12092.2,12108.5,12065.0,12099.3999,12108.5,12065.0,12048.1,0.17015131016508825,0.36043948759591005,0.5312040902714951,0.25686492219478646,0.19554877947732435,0.25520690055184514,0.3562965049798651,0.4954998922824518,UP,UP,UP,UP,UP
2019-11-28,12133.3999,12158.7999,12099.8999,12153.6,25,12133.3999,12109.8999,12138.2999,12099.8999,12112.2999,12138.2999,12099.8999,12123.8999,12138.2999,12099.8999,12112.1,0.17585637502992857,0.166483427287351,0.3426325740375327,-0.19368025610035322,-0.17390014483904354,-0.07829627374269597,0.31648178018099965,0.485436897204712,UP,UP,DOWN,DOWN,FLAT
2019-11-29,12146.2999,12147.3999,12017.3999,12047.5,25,12146.2999,12114.7,12147.3999,12107.0,12116.2999,12147.3999,12107.0,12091.6,12147.3999,12085.5,12153.6,-0.06006533043707531,-0.8134156147420663,-0.87299236440232,-0.26016070951779524,-0.2469887969751183,-0.45034208318863933,0.3326107566305056,1.0702847868921794,DOWN,DOWN,DOWN,DOWN,DOWN
2019-12-02,12138.7,12138.7,12023.7,12049.5,25,12138.7,12086.5,12138.7,12063.7,12106.7999,12138.7,12063.7,12074.3999,12138.7,12063.7,12047.5,0.757003527702849,-0.7348398098643242,0.016600954554886905,-0.43002957483091864,-0.26279667509700994,-0.5297115836127458,0.6178585845271733,0.9473831629416658,DOWN,FLAT,DOWN,DOWN,DOWN
2019-12-03,12066.8999,12068.6,11956.3999,11999.7,25,12066.8999,12033.8999,12068.6,12019.2999,12025.1,12068.6,12019.2999,12019.1,12068.6,12007.2999,12049.5,0.14440350222001197,-0.5568944845560508,-0.41329515747540785,-0.2734753770518972,-0.34640131555247244,-0.39612411138009007,0.40855646776352544,0.9298171106897143,DOWN,DOWN,DOWN,DOWN,DOWN
2019-12-04,11976.8999,12054.7,11935.2999,12037.2999,25,11976.8999,11960.0,11977.7,11951.5,11999.6,11999.6,11951.5,12024.0,12025.2,11951.5,11999.7,-0.19000558347292335,0.5043041229725869,0.31334033350833146,-0.14110412661961333,0.18953235135579632,0.39325785798710444,0.21875443744838116,0.996919912472515,UP,UP,DOWN,UP,UP
2019-12-05,12074.1,12081.2,11998.7,12007.2,25,12074.1,12065.8999,12079.5,12056.7999,12064.6,12079.5,12045.1,12062.5,12079.5,12045.1,12037.2999,0.3057172314864431,-0.5540785648619743,-0.250055247024287,-0.06791479282099717,-0.07868081264856179,-0.09607341333929952,0.18800655949511783,0.6832807414217209,DOWN,DOWN,FLAT,FLAT,FLAT
2019-12-06,12057.7,12057.7,11888.7999,11914.3999,25,12057.7,12036.7,12057.7,12036.5,12039.2,12057.7,12036.5,12035.2,12057.7,12027.6,12007.2,0.42058098474248784,-1.1884530217205636,-0.7728704444000298,-0.17416256831734078,-0.15342892923194307,-0.1866027517685794,0.17582125944417862,1.4007654859550391,DOWN,DOWN,DOWN,DOWN,DOWN
2019-12-09,11938.6,11981.8999,11888.0,11937.3999,25,11938.6,11897.0,11941.2,11888.0,11923.2,11941.2,11888.0,11924.7,11941.2,11888.0,11914.3999,0.20311639866981485,-0.010052267435042804,0.1930437134311733,-0.3484495669509018,-0.12899334930393544,-0.1164290620340713,0.4456133885045208,0.7865235454743466,FLAT,UP,DOWN,DOWN,DOWN
2019-12-10,11952.7,11954.3999,11844.7,11860.8999,25,11952.7,11922.7999,11954.3999,11919.1,11926.2,11954.3999,11910.7,11926.3999,11954.3999,11910.7,11937.3999,0.12816945170782446,-0.7680281442686622,-0.6408430700223086,-0.25015352179842837,-0.2217072293289382,-0.22003480385185256,0.29532992545617287,0.9177834296853397,DOWN,DOWN,DOWN,DOWN,DOWN
2019-12-11,11866.1,11923.2,11832.2,11913.2999,25,11866.1,11875.6,11888.1,11866.0,11895.8999,11896.6,11864.6,11904.3999,11907.2999,11864.6,11860.8999,0.04384237320812412,0.39777096097285225,0.4417877264101996,0.08006000286530536,0.2511347451985065,0.32276737934114813,0.18624484877087133,0.7668905537623987,UP,UP,FLAT,UP,UP
2019-12-12,11944.3999,12005.3999,11934.0,11970.7999,25,11944.3999,11948.0,11955.7999,11934.0,11967.2,11968.7,11934.0,11953.7999,11977.2999,11934.0,11913.2999,0.2610527751425141,0.22102408007956628,0.4826538447168614,0.030140484495999306,0.19088527000841946,0.07869796790711633,0.18251147133812876,0.5977688339118681,UP,UP,FLAT,UP,FLAT
2019-12-13,12026.5,12098.7999,12023.6,12090.5,25,12026.5,12033.7999,12048.7,12023.6,12038.5,12049.3999,12023.6,12056.1,12058.7999,12023.6,11970.7999,0.46529973322835366,0.5321581507504262,0.9999340144345744,0.06069845757285977,0.09977965326570491,0.24612314472207514,0.2087057747474358,0.625284995634637,UP,UP,FLAT,FLAT,UP
2019-12-16,12131.6,12134.6,12046.2999,12060.8999,25,12131.6,12104.7999,12134.6,12098.2999,12077.7,12134.6,12076.1,12093.2,12134.6,12075.8999,12090.5,0.33993631363467486,-0.5827763856375088,-0.24482114056490348,-0.22091150384121122,-0.44429423983645716,-0.3165287348742098,0.29921939397936287,0.7278520557881927,DOWN,DOWN,DOWN,DOWN,DOWN
2019-12-17,12079.8999,12182.7,12070.2999,12173.1,25,12079.8999,12100.5,12103.2,12070.2999,12110.0,12113.3999,12070.2999,12128.2999,12133.7,12070.2999,12060.8999,0.15753385035556094,0.7715303998504162,0.930279671751525,0.17053204223985047,0.24917507801533734,0.4006655717403721,0.2723540780333846,0.9304721142598272,UP,UP,UP,UP,UP
2019-12-18,12197.3999,12237.7,12163.3999,12227.1,25,12197.3999,12185.6,12201.2999,12167.8999,12194.6,12201.2999,12167.8999,12182.7,12201.2999,12167.8999,12173.1,0.19961965316969366,0.24349533706769766,0.4436010547847303,-0.09674110955401224,-0.022954892214364305,-0.12051666847456247,0.2738288510160238,0.6091470363286227,UP,UP,FLAT,FLAT,DOWN
2019-12-19,12223.6,12268.2999,12191.1,12260.7,25,12223.6,12214.0,12225.2999,12201.1,12198.7,12225.2999,12191.1,12211.2999,12225.2999,12191.1,12227.1,-0.02862493968316281,0.3035112405510681,0.27479942095836596,-0.07853660132858048,-0.20370430969599493,-0.10062583854184023,0.1979768644261888,0.6315643509277105,UP,UP,FLAT,DOWN,DOWN
2019-12-20,12269.7,12293.7999,12252.7,12267.2,25,12269.7,12284.5,12293.7999,12252.7,12288.6,12293.7999,12252.7,12280.3999,12293.7999,12252.7,12260.7,0.07340527049842178,-0.02037539630145806,0.05301491758219351,0.1206223461046258,0.15403799603902,0.08720588115438532,0.3349707001801124,0.3349707001801124,FLAT,FLAT,UP,UP,FLAT
2019-12-23,12232.7999,12287.1,12213.2,12266.0,25,12232.7999,12263.1,12284.0,12229.2999,12261.0,12284.0,12229.2999,12271.2,12284.0,12229.2999,12267.2,-0.2804234055041146,0.2714022976865666,-0.009782183383337091,0.247695541884899,0.2305285807871346,0.3139109632619818,0.4471592803541241,0.6041135357736019,UP,FLAT,UP,UP,UP
2019-12-24,12270.8999,12283.7,12202.1,12212.0,25,12270.8999,12278.3999,12280.5,12250.2,12278.3999,12283.7,12250.2,12260.0,12283.7,12250.2,12266.0,0.03994700798956745,-0.47999658117983945,-0.4402413174629056,0.06112021172954071,0.06112021172954071,-0.08882722611077891,0.24692565538733854,0.6649879036174059,DOWN,DOWN,FLAT,FLAT,FLAT
2019-12-26,12212.0,12221.5,12118.7999,12129.0,25,12212.0,12204.7999,12221.5,12198.2,12210.1,12221.5,12198.2,12208.3999,12221.5,12198.2,12212.0,0.0,-0.6796593514575827,-0.6796593514575827,-0.05895922043891272,-0.015558467081556145,-0.02948001965279771,0.19079593842121906,0.8409769079593845,DOWN,DOWN,FLAT,FLAT,FLAT
2019-12-27,12172.6,12258.3999,12157.7999,12250.3999,25,12172.6,12159.7999,12180.2999,12159.2,12180.3999,12188.3999,12157.7999,12184.0,12192.5,12157.7999,12129.0,0.35946904114106987,0.6391395429078419,1.0009060928353561,-0.10515502029147744,0.06407751836090876,0.09365295828335471,0.1733393030248201,0.8264462809917386,UP,UP,DOWN,FLAT,FLAT
2019-12-30,12274.5,12286.3999,12213.7999,12258.6,25,12274.5,12274.6,12280.5,12261.5,12281.2999,12285.8999,12261.5,12269.7,12286.3999,12256.1,12250.3999,0.19672908800307537,-0.12953684467798798,0.0669374066719244,0.0008146971363425296,0.055398590573953965,-0.03910546254429323,0.15479245590451748,0.5914701209825277,DOWN,FLAT,FLAT,FLAT,FLAT
2019-12-31,12253.8999,12254.0,12151.7999,12177.1,25,12253.8999,12233.6,12254.0,12222.6,12213.8999,12254.0,12213.2999,12211.2,12254.0,12205.5,12258.6,-0.03834124614556328,-0.6267384312483243,-0.6648393780692737,-0.16566072977305762,-0.3264266913099233,-0.3484596769066117,0.25624495267828684,0.8340210123635825,DOWN,DOWN,DOWN,DOWN,DOWN
2020-01-01,12204.8999,12222.2,12165.2999,12187.3999,25,12204.8999,12221.8999,12222.2,12201.2,12202.7,12222.2,12196.7999,12190.7,12222.2,12184.5,12177.1,0.2282965566514193,-0.14338503505465044,0.08458417849898563,0.13928831976737474,-0.0180247279209526,-0.11634589481557006,0.17206204206558054,0.4662070190350414,DOWN,FLAT,UP,FLAT,DOWN
2020-01-02,12196.1,12289.8999,12195.2,12283.2,25,12196.1,12224.0,12227.7999,12195.2,12213.7,12230.8999,12195.2,12220.3999,12230.8999,12195.2,12187.3999,0.07138602221463186,0.7141627241495262,0.786058558725068,0.2287616533154011,0.14430842646420056,0.19924320069530407,0.26729774272102763,0.7764769065520913,UP,UP,UP,UP,UP
2020-01-03,12262.6,12265.6,12191.2999,12223.2,25,12262.6,12251.2,12263.5,12234.1,12235.7999,12263.5,12233.2999,12254.5,12263.5,12228.0,12283.2,-0.1677087403933858,-0.3213021708283695,-0.4884720593982024,-0.09296560272698805,-0.21855153067049715,-0.06605450720075974,0.23975339650644753,0.6059082086996264,DOWN,DOWN,FLAT,DOWN,FLAT
2020-01-06,12172.3999,12179.1,11974.2,11989.6,25,12172.3999,12097.0,12179.1,12095.3999,12082.8999,12179.1,12069.1,12087.1,12179.1,12062.7999,12223.2,-0.41560393350350466,-1.501757266453265,-1.9111198376857153,-0.6194333132285634,-0.7352699610205872,-0.7007648508163126,0.6876220029544052,1.6833163688616544,DOWN,DOWN,DOWN,DOWN,DOWN
2020-01-07,12082.2,12152.1,12005.2999,12059.7999,25,12082.2,12125.2999,12139.5,12073.0,12148.6,12149.7,12073.0,12130.8999,12152.1,12073.0,11989.6,0.772336024554617,-0.18539752694046405,0.5855066057249584,0.35672228567644343,0.5495687871414117,0.4030714604956019,0.5503964509774709,1.2150113389945572,DOWN,UP,UP,UP,UP
2020-01-08,11936.7999,12044.8999,11928.0,12021.0,25,11936.7999,11985.3999,11991.1,11928.0,12023.6,12026.7999,11928.0,11995.7999,12044.8999,11928.0,12059.7999,-1.0199174200228647,0.7053825204860812,-0.32172921874101723,0.40714429668876634,0.7271639026134666,0.4942698251982929,0.5286173893222451,0.9793236125203065,UP,DOWN,UP,UP,UP
2020-01-09,12157.2999,12224.0,12132.5,12215.6,25,12157.2999,12160.7,12177.0,12132.5,12156.0,12177.0,12132.5,12157.1,12177.0,12132.5,12021.0,1.133848265535313,0.4795480943922456,1.6188337076782329,0.02796755881625284,-0.01069234131503147,-0.0016442795821761031,0.3660352246472097,0.752634225959993,UP,UP,FLAT,FLAT,FLAT
2020-01-10,12270.7,12311.2,12213.2,12256.5,25,12270.7,12247.8999,12272.5,12241.5,12237.6,12272.5,12230.7999,12266.2999,12272.5,12230.7999,12215.6,0.45106257572284914,-0.11572281939906222,0.33481777399390644,-0.18580928553383574,-0.26974826212033837,-0.03585858997449818,0.2526343240401933,0.7986504437399659,DOWN,UP,DOWN,DOWN,FLAT
2020-01-13,12297.2999,12337.7,12285.7999,12329.7999,25,12297.2999,12324.7999,12337.7,12285.7999,12323.8999,12337.7,12285.7999,12317.7,12337.7,12285.7999,12256.5,0.33288377595561525,0.2642856583500903,0.5980491983845305,0.22362632629623025,0.21630764652653842,0.16589088796639617,0.42204467990571454,0.42204467990571454,UP,UP,UP,UP,UP
2020-01-14,12334.2999,12374.2,12308.7,12360.2,25,12334.2999,12327.2999,12335.2999,12308.7,12331.0,12349.7,12308.7,12336.5,12349.7,12308.7,12329.7999,0.03649694266327875,0.2099843542802194,0.24655793481288163,-0.05675230906295703,-0.026753849239550105,0.017837250738487558,0.2156579636919583,0.5310394633748122,UP,UP,FLAT,FLAT,FLAT
2020-01-15,12354.2999,12355.1,12278.7,12340.1,25,12354.2999,12309.0,12354.3999,12304.6,12305.3999,12354.3999,12298.5,12292.7,12354.3999,12290.0,12360.2,-0.0477346644876357,-0.11493892907682786,-0.16261872785230308,-0.36667314511282,-0.39581360656462317,-0.49861101396768953,0.40309771013410467,0.6184081705835848,DOWN,DOWN,DOWN,DOWN,DOWN
2020-01-16,12348.6,12389.0,12315.7999,12353.6,25,12348.6,12364.7999,12377.7999,12345.1,12378.0,12383.3999,12345.1,12371.2,12389.0,12345.1,12340.1,0.06888112738146368,0.040490419966635896,0.10939943760585409,0.13118815088349783,0.2380836694038161,0.18301669824919717,0.2648065367733963,0.592780558119949,FLAT,UP,UP,UP,UP
2020-01-17,12327.8999,12385.3999,12321.3999,12347.7999,25,12327.8999,12348.7,12357.3999,12321.3999,12351.1,12357.3999,12321.3999,12377.7,12382.2,12321.3999,12353.6,-0.2080373332469889,0.16142246580051836,-0.04695068643958348,0.16872379049736105,0.18819182657380287,0.4039625597544022,0.2920205411466717,0.5191476287051942,UP,FLAT,UP,UP,UP
2020-01-20,12432.2999,12432.7999,12216.8999,12230.7999,25,12432.2999,12372.5,12432.7999,12364.6,12354.6,12432.7999,12340.2,12311.1,12432.7999,12302.5,12347.7999,0.6843324372303765,-1.6207781474126117,-0.9475372207805213,-0.4810043232628259,-0.6249841189883105,-0.9748791532932665,0.548570260921711,1.73660546911356,DOWN,DOWN,DOWN,DOWN,DOWN
2020-01-21,12199.7,12230.0,12162.2999,12170.8999,25,12199.7,12209.0,12209.6,12162.3999,12219.2,12222.0,12162.3999,12205.5,12230.0,12162.3999,12230.7999,-0.25427527434243485,-0.23607219849668745,-0.48974719960874874,0.07623138273891385,0.159839996065477,0.04754215267587951,0.38689557939949354,0.5549324983401233,DOWN,DOWN,FLAT,UP,FLAT
2020-01-22,12218.2,12225.0,12087.8999,12110.2999,25,12218.2,12200.3999,12225.0,12194.2999,12192.2,12225.0,12188.8999,12171.2999,12225.0,12170.7,12170.8999,0.3886327255061919,-0.883109623348781,-0.49790895084101683,-0.1456851254685664,-0.21279730238496666,-0.38385441390712827,0.2512653254980277,1.12209736295035,DOWN,DOWN,DOWN,DOWN,DOWN
2020-01-23,12119.3999,12189.0,12094.1,12179.6,25,12119.3999,12138.5,12144.8999,12094.1,12164.0,12179.0,12094.1,12159.0,12179.0,12094.1,12110.2999,0.07514264778860152,0.49672508949886224,0.5722409896719435,0.1575993874086097,0.36800584490985944,0.32674967677235944,0.4191618431536365,0.783042071249746,UP,UP,UP,UP,UP
2020-01-24,12171.1,12272.1,12149.6,12252.8999,25,12171.1,12179.0,12194.8999,12149.6,12216.7,12220.7999,12149.6,12229.6,12234.5,12149.6,12179.6,-0.0697888272192847,0.6720830491902948,0.6018251830930407,0.0649078554937486,0.3746580013310248,0.4806467780233504,0.3721923244406831,1.0064825693651354,UP,UP,FLAT,UP,UP
2020-01-27,12202.7999,12216.5,12107.0,12110.1,25,12202.7999,12178.2,12206.0,12154.5,12197.5,12206.0,12154.5,12202.7,12213.3999,12154.5,12252.8999,-0.4088827984304382,-0.7596609037242315,-1.1654375793929401,-0.20159225916667906,-0.04343183567240154,-0.0008186645754901875,0.42203429067127457,0.8973350452136809,DOWN,DOWN,DOWN,FLAT,FLAT
2020-01-28,12156.5,12163.5,12024.5,12061.1,25,12156.5,12134.1,12156.6,12095.2999,12151.0,12159.2999,12095.2999,12122.5,12163.5,12095.2999,12110.1,0.3831512539120208,-0.7847653518693672,-0.40462093624330103,-0.18426356270307767,-0.04524328548513141,-0.279685764817176,0.5042578044667494,1.1434212149878666,DOWN,DOWN,DOWN,FLAT,DOWN
2020-01-29,12113.7999,12169.6,12103.7,12133.0,25,12113.7999,12137.5,12142.1,12110.1,12143.7999,12146.5,12110.1,12137.5,12155.7,12110.1,12061.1,0.43694107502632107,0.1584977476803131,0.5961313644692411,0.19564546381519826,0.24765144089923424,0.19564546381519826,0.2641615369591832,0.544007665175315,UP,UP,UP,UP,UP
2020-01-30,12150.2999,12150.6,12010.6,12024.8999,25,12150.2999,12084.6,12150.6,12078.5,12072.5,12150.6,12067.0,12065.6,12150.6,12056.8999,12133.0,0.14258551059095015,-1.0320732906353993,-0.8909593670155745,-0.5407265708725396,-0.6403125901443797,-0.6971013118779037,0.5934009908677264,1.1522349337237348,DOWN,DOWN,DOWN,DOWN,DOWN
2020-01-31,12105.1,12105.1,11945.7999,11967.7999,25,12105.1,12082.2,12105.1,12053.5,12050.5,12105.1,12038.7999,12042.2999,12105.1,12027.7,12024.8999,0.6669502504548916,-1.1342335048863732,-0.4748480276330646,-0.18917646281319142,-0.4510495576244753,-0.518790427175326,0.42626661489785594,1.3159750848815819,DOWN,DOWN,DOWN,DOWN,DOWN
2020-02-01,11945.6,12017.2999,11633.2999,11643.2999,25,11945.6,11932.2999,11945.7,11880.6,11960.8999,11967.2,11880.6,11975.1,11983.7,11880.6,11967.7999,-0.1854969182765131,-2.5306397334583477,-2.7114423930166143,-0.1113389030270592,0.1280797950709883,0.24695285293329763,0.544970533083314,3.2145727297080096,DOWN,DOWN,DOWN,UP,UP
2020-02-03,11628.6,11749.7999,11614.5,11723.7,25,11628.6,11682.0,11713.7999,11621.5,11652.6,11713.7999,11614.5,11710.0,11721.2,11614.5,11643.2999,-0.1262520086766778,0.8178112584489996,0.6905267466313458,0.45921263092719367,0.20638769929312212,0.6999982801025028,0.7937318335827183,1.1635097948162287,UP,UP,UP,UP,UP
2020-02-04,11783.3999,11986.1,11783.2,11981.6,25,11783.3999,11835.3999,11840.0,11783.2,11828.2,11840.2999,11783.2,11853.2999,11857.1,11783.2,11723.7,0.5092240504277628,1.6820281216119977,2.199817463769967,0.4412987799896361,0.3801967206425743,0.5932073984860654,0.4820340519886733,1.7219138934595577,UP,UP,UP,UP,UP
2020-02-05,12003.3999,12098.1,11953.2999,12092.8999,25,12003.3999,12007.0,12010.0,11953.2999,12026.2,12037.2,11953.2999,12037.8999,12038.8999,11953.2999,11981.6,0.181944815383588,0.7456220799575294,0.9289235160579553,0.029992335754802743,0.1899470165948598,0.2874185671344666,0.47236699995307174,1.206325717766017,UP,UP,FLAT,UP,UP
2020-02-06,12121.5,12160.6,12084.6,12133.0,25,12121.5,12127.7,12144.7,12114.2999,12150.2999,12151.2,12111.5,12113.3999,12151.2,12110.8999,12092.8999,0.23650323939256004,0.09487274677226415,0.3316003632842413,0.051148785216357115,0.2375935321536112,-0.06682423792434647,0.2507948686218764,0.6269851091036588,FLAT,UP,FLAT,UP,FLAT
2020-02-07,12153.2,12154.8999,12073.8999,12085.3999,25,12153.2,12117.3999,12154.8999,12112.2999,12122.3999,12154.8999,12102.7,12116.2999,12154.8999,12102.7,12133.0,0.16648809033215797,-0.557878583418362,-0.39231929448610947,-0.29457344567686194,-0.2534320179047525,-0.303624559786729,0.35052496461837507,0.6664911299081723,DOWN,DOWN,DOWN,DOWN,DOWN
2020-02-10,12102.1,12103.5,11990.7,12036.6,25,12102.1,12049.6,12103.5,12044.6,12047.1,12103.5,12035.5,12023.5,12103.5,12016.2,12085.3999,0.1381840910369877,-0.5412283818510837,-0.4037921823339911,-0.433809008353922,-0.4544665801802993,-0.6494740582213034,0.48669239222944477,0.932069640806135,DOWN,DOWN,DOWN,DOWN,DOWN
2020-02-11,12110.0,12172.2999,12099.0,12110.7,25,12110.0,12141.0,12146.2,12103.1,12144.8999,12162.0,12103.1,12157.6,12172.2999,12103.1,12036.6,0.6098067560606786,0.0057803468208152565,0.6156223518269309,0.25598678777869527,0.28819075144508954,0.3930635838150319,0.3559042113955439,0.605284062758051,FLAT,UP,UP,UP,UP
2020-02-12,12150.6,12231.7,12144.2999,12203.7999,25,12150.6,12206.1,12209.7999,12144.2999,12206.7999,12211.7999,12144.2999,12222.0,12222.2999,12144.2999,12110.7,0.32946072481359157,0.43783763764752043,0.7687408655156122,0.4567675670337267,0.46252777640610027,0.5876253024541968,0.5390680295623261,0.7193068655045902,UP,UP,UP,UP,UP
2020-02-13,12223.0,12225.6,12139.7999,12167.8999,25,12223.0,12186.2999,12225.6,12177.2999,12177.0,12225.6,12171.5,12167.3999,12225.6,12156.1,12203.7999,0.15732886606900218,-0.45079031334369346,-0.2941706705630239,-0.30025443835392307,-0.3763396874744334,-0.4548809621205895,0.3951574899779136,0.7019561482451148,DOWN,DOWN,DOWN,DOWN,DOWN
2020-02-14,12180.8999,12246.7,12091.2,12112.8999,25,12180.8999,12238.5,12240.6,12179.7,12226.7999,12246.7,12179.7,12199.2,12246.7,12179.7,12167.8999,0.10683848574395323,-0.5582510369369343,-0.4520089781474944,0.4728722875392782,0.3768194499324277,0.15023602648602657,0.4999630610214573,1.276588768289607,DOWN,DOWN,UP,UP,UP
2020-02-17,12131.1,12159.6,12037.0,12050.1,25,12131.1,12088.7999,12159.6,12081.1,12120.0,12159.6,12073.6,12104.1,12159.6,12073.6,12112.8999,0.15025386282602748,-0.6677053193857111,-0.5184547095943555,-0.34869138000676264,-0.09150035858248934,-0.22256843979523702,0.6470971305157818,1.0106255821813386,DOWN,DOWN,DOWN,FLAT,DOWN
2020-02-18,12034.3999,12034.7,11908.0,12010.3999,25,12034.3999,11976.6,12034.7,11965.7999,11962.1,12034.7,11958.8999,11971.3999,12034.7,11954.2999,12050.1,-0.1302902050605391,-0.19942830718131613,-0.3294586766914799,-0.4802890088437229,-0.6007769444324347,-0.5234993063509548,0.5725262628176477,1.0528152716613706,DOWN,DOWN,DOWN,DOWN,DOWN
2020-02-19,12082.8999,12134.7,12042.0,12130.7999,25,12082.8999,12109.2999,12112.7,12081.2,12084.7999,12118.8999,12061.7999,12071.3999,12118.8999,12058.6,12010.3999,0.603643513984909,0.39642801311297493,1.0024645390866596,0.2184905959537051,0.01572470198151386,-0.09517582778286526,0.26069900653567446,0.7671999335192765,UP,UP,UP,FLAT,FLAT
2020-02-20,12116.0,12152.0,12071.3999,12083.2,25,12116.0,12130.7,12131.8999,12092.7999,12119.7999,12131.8999,12092.7999,12113.3999,12131.8999,12092.7999,12130.7999,-0.12200267189305448,-0.2707164080554578,-0.39238879869743176,0.12132717068339986,0.03136266094420584,-0.021460052822710934,0.3227137669197785,0.6652368768570457,DOWN,DOWN,UP,FLAT,FLAT
2020-02-24,12019.2,12019.5,11813.2999,11839.2,25,12019.2,11941.1,12019.5,11923.7999,11955.5,12019.5,11923.7999,11956.5,12019.5,11923.7999,12083.2,-0.5296610169491525,-1.4976038338658146,-2.019332627118644,-0.6497936634717815,-0.5299853567625193,-0.5216653354632648,0.7962268703407882,1.7155892239084134,DOWN,DOWN,DOWN,DOWN,DOWN
2020-02-25,11878.2,11883.0,11779.8999,11814.3999,25,11878.2,11870.2999,11883.0,11828.7999,11840.0,11883.0,11823.2999,11847.2999,11883.0,11810.1,11839.2,0.329414149604703,-0.5371192604940175,-0.20947445773363388,-0.06650923540604425,-0.32159754845010796,-0.26014126719537256,0.45629893418194695,0.8679774713340376,DOWN,DOWN,FLAT,DOWN,DOWN
2020-02-26,11745.7999,11783.2,11639.6,11675.6,25,11745.7999,11734.7,11745.8999,11679.5,11712.3999,11745.8999,11679.5,11713.7999,11745.8999,11679.5,11814.3999,-0.58064735052688,-0.597659594047738,-1.17483664997661,-0.09450101393264201,-0.2843569640582727,-0.2724378098761924,0.5653076041249464,1.2225646718194165,DOWN,DOWN,FLAT,DOWN,DOWN
2020-02-27,11662.8999,11663.7999,11536.7,11618.2,25,11662.8999,11623.2,11663.7999,11612.2,11594.1,11663.7999,11589.1,11558.2,11663.7999,11549.6,11675.6,-0.10877470965089606,-0.38326574336799046,-0.4916235568193466,-0.34039475893983806,-0.589903888311688,-0.897717556505819,0.4424277018788376,1.0897795667439387,DOWN,DOWN,DOWN,DOWN,DOWN
2020-02-28,11388.8999,11390.5,11175.0,11218.2999,25,11388.8999,11340.1,11390.5,11311.8999,11300.7999,11390.5,11286.5,11290.7999,11390.5,11269.7999,11618.2,-1.9736284450259107,-1.497949771250517,-3.442014253498827,-0.42848651255596665,-0.7735602277090904,-0.8613650208656269,0.6901465522583059,1.8921932925233629,DOWN,DOWN,DOWN,DOWN,DOWN
2020-03-02,11385.8999,11433.0,11036.2,11150.6,25,11385.8999,11330.7999,11433.0,11308.2999,11364.6,11433.0,11308.2999,11330.1,11433.0,11308.2999,11218.2999,1.4939875158801947,-2.0665902745201543,-0.603477359345685,-0.4839318849096887,-0.1870726089907042,-0.49007896161110615,1.0952151441275189,3.485012194776096,DOWN,DOWN,DOWN,DOWN,DOWN
2020-03-03,11214.2999,11342.2,11152.5,11329.8999,25,11214.2999,11288.0,11312.6,11213.2,11302.2999,11312.6,11213.2,11274.7,11317.1,11213.2,11150.6,0.5712688106469572,1.0308267215147364,1.6079843237135218,0.6571975126151212,0.7847123831600045,0.5385989365238997,0.8863683055239109,1.6915902168801524,UP,UP,UP,UP,UP
2020-03-04,11356.0,11356.6,11082.1,11257.6,25,11356.0,11301.7,11356.6,11267.6,11303.2999,11356.6,11263.5,11300.7999,11356.6,11263.5,11329.8999,0.2303647890128284,-0.8665022895385667,-0.6381336166968251,-0.4781613244099971,-0.46407273687918305,-0.48608753082071166,0.783726664318422,2.417224374779852,DOWN,DOWN,DOWN,DOWN,DOWN
2020-03-05,11306.7,11389.5,11244.6,11257.7999,25,11306.7,11283.7999,11339.8999,11272.8999,11284.0,11339.8999,11267.5,11272.3999,11339.8999,11249.3999,11257.6,0.4361498010233119,-0.4324878169580934,0.0017756893121057403,-0.20253566469439135,-0.2007659175533155,-0.3033608391484729,0.5925690077564629,1.2815410331927055,DOWN,FLAT,DOWN,DOWN,DOWN
2020-03-06,10926.2999,11035.1,10827.2999,10978.7,25,10926.2999,10965.2999,10981.8999,10827.2999,10960.6,10981.8999,10827.2999,10934.2999,10981.8999,10827.2999,11257.7999,-2.944625086114739,0.479577720541981,-2.4791691314392543,0.3569369352565547,0.3139223736664997,0.07321783287313942,1.4149346202734228,1.9018341241027108,UP,DOWN,UP,UP,FLAT
2020-03-09,10744.2,10751.5,10294.3999,10454.7999,25,10744.2,10661.7,10751.5,10655.1,10608.2999,10751.5,10601.7,10578.0,10751.5,10554.6,10978.7,-2.135954165793764,-2.693547216172453,-4.77196844799476,-0.7678561456413693,-1.2648694179185116,-1.5468811079466196,0.8972282719979118,4.254389344948899,DOWN,DOWN,DOWN,DOWN,DOWN
2020-03-11,10321.8999,10545.1,10320.7,10451.2,25,10321.8999,10523.7,10529.5,10320.7,10456.7999,10529.5,10320.7,10421.8999,10529.5,10320.7,10454.7999,-1.2711864528368413,1.252677329296716,-0.03443298804790374,1.955067399946403,1.3069299383536905,0.9688138905512927,2.0228834034710923,2.1740183703970977,UP,FLAT,UP,UP,UP
2020-03-12,10045.0,10045.0,9508.0,9630.85,25,10045.0,9939.4,10045.0,9916.55,9965.95,10045.0,9916.55,9910.0,10045.0,9875.05,10451.2,-3.886635027556651,-4.122946739671475,-7.849337875076549,-1.0512692882030896,-0.7869586859133825,-1.3439522150323544,1.2787456445993104,5.345943255350921,DOWN,DOWN,DOWN,DOWN,DOWN
2020-03-13,9071.65,10159.3999,8476.06,10025.5,25,9071.65,8630.75,9133.2,8624.05,8630.75,9133.2,8624.05,8555.16,9133.2,8476.06,9630.85,-5.806341081005319,10.514625233557295,4.097769148102189,-4.8601963259164505,-4.8601963259164505,-5.693451577166225,5.612540166342413,18.556049891695565,UP,UP,DOWN,DOWN,DOWN
2020-03-16,9598.12,9602.2,9165.05,9199.55,25,9598.12,9427.6,9598.37,9416.9,9438.4,9598.37,9339.2,9513.25,9598.37,9339.2,10025.5,-4.262929529699258,-4.152584047709359,-8.238491845793234,-1.7765979170921016,-1.6640758815268109,-0.8842356628173099,1.8906827587069255,4.554537763645395,DOWN,DOWN,DOWN,DOWN,DOWN
2020-03-17,9269.63,9403.8,8915.6,8964.95,25,9269.63,9101.15,9314.6,9016.85,9267.9,9314.6,9016.85,9335.75,9373.1,9016.85,9199.55,0.7617763912365272,-3.286862582433155,-2.550124734361991,-1.8175482732320447,-0.018663096585295892,0.7132970787399369,3.212102316920956,5.26666112886921,DOWN,DOWN,DOWN,FLAT,UP
2020-03-18,9077.57,9127.55,8407.0,8538.2,25,9077.57,8984.85,9127.55,8981.7,8953.45,9127.55,8937.45,8833.6,9127.55,8824.85,8964.95,1.2562256342756957,-5.941788386098912,-4.760205020663807,-1.0214187276991458,-1.3673262778474744,-2.687613535340398,1.6067075219469367,7.93769698278283,DOWN,DOWN,DOWN,DOWN,DOWN
2020-03-19,8066.38,8575.4,7832.55,8269.75,25,8066.38,7943.85,8099.4,7832.55,7967.1,8099.4,7832.55,8017.8,8099.4,7832.55,8538.2,-5.525989084350338,2.5212052990312865,-3.144105314937583,-1.5190209238840688,-1.2307875403836634,-0.6022528073311687,3.3081754144981943,9.209211567022622,UP,DOWN,DOWN,DOWN,DOWN
2020-03-20,8295.77,8883.0,8178.2,8747.6,25,8295.77,8283.75,8441.25,8210.0,8242.85,8441.25,8178.2,8357.45,8441.25,8178.2,8269.75,0.3146407086066742,5.446510691593425,5.778288340034467,-0.14489312022874834,-0.637915467762487,0.7435114522220395,2.787565229026359,8.49589610126607,UP,UP,DOWN,DOWN,UP
2020-03-23,7946.78,8367.45,7583.6,7633.5,25,7946.78,8048.4,8159.25,7941.65,7955.4,8159.25,7941.65,7903.6,8159.25,7892.25,8747.6,-9.154739585714946,-3.942225656177719,-12.736064749188353,1.278756930480017,0.10847160736801435,-0.5433647338922102,2.738215981819056,9.863743553992943,DOWN,DOWN,UP,UP,DOWN
2020-03-24,7848.32,8036.95,7511.1,7852.9,25,7848.32,7811.4,8036.95,7804.4,7673.15,8036.95,7649.15,7606.0,8036.95,7567.25,7633.5,2.8141743630051708,0.05835643806572524,2.8741730529901046,-0.47041914702764503,-2.2319426323085714,-3.087539753730731,2.9630545135774304,6.700160034249361,FLAT,UP,DOWN,DOWN,DOWN
2020-03-25,7729.03,8376.7,7714.75,8295.8,25,7729.03,7882.8,7980.35,7728.74,7767.0,7980.35,7728.74,7791.8,7980.35,7714.75,7852.9,-1.5773790574182773,7.333002977087675,5.639954666428959,1.9895122673867283,0.49126475120422947,0.8121329584695679,3.255389097985136,8.564464104810057,UP,UP,UP,UP,UP
2020-03-26,8449.02,8749.05,8304.9,8653.35,25,8449.02,8476.9,8478.1,8304.9,8513.4,8519.15,8304.9,8675.8,8679.0,8304.9,8295.8,1.8469587019937943,2.418386984526015,4.310012295378398,0.32997909816758864,0.7619818629852835,2.6840982741193518,2.0499418867513715,5.256822684761069,UP,UP,UP,UP,UP
2020-03-27,8942.02,9038.85,8522.9,8674.85,25,8942.02,8982.65,9026.85,8909.5,8964.4,9038.85,8909.5,8821.65,9038.85,8806.0,8653.35,3.3359334824085476,-2.9878036506292767,0.2484586894093039,0.4543716073101961,0.25027901972931393,-1.3461164255951206,1.312343296033786,5.7699490719099344,DOWN,UP,UP,UP,DOWN
2020-03-30,8383.47,8575.95,8244.0,8291.8,25,8383.47,8398.95,8466.95,8333.6,8501.2,8534.45,8333.6,8479.65,8548.75,8333.6,8674.85,-3.3589053413027434,-1.0934612994380617,-4.415638310748901,0.18464907729140062,1.4043111026818416,1.1472576391398825,1.5906301328686139,3.959577597343353,DOWN,DOWN,UP,UP,UP
2020-03-31,8530.63,8678.3,8358.0,8556.15,25,8530.63,8381.85,8532.21,8368.95,8436.9,8532.21,8358.0,8426.55,8532.21,8358.0,8291.8,2.8803154924141916,0.29915727208893644,3.1880894377577893,-1.7440681403366323,-1.098746516962986,-1.2200740156354213,1.9138094138416322,3.7547051038434356,UP,UP,DOWN,DOWN,DOWN
2020-04-01,8581.62,8588.1,8198.35,8262.7,25,8581.62,8473.25,8588.1,8459.95,8413.9,8588.1,8413.15,8383.6,8588.1,8357.6,8556.15,0.2976806156974944,-3.716314635232043,-3.429696767821963,-1.2628151794183475,-1.9544095403898232,-2.307489728046691,1.4933077903705783,4.5416832719230165,DOWN,DOWN,DOWN,DOWN,DOWN
2020-04-03,8376.22,8376.22,8055.8,8107.4,25,8376.22,8161.9,8376.22,8125.5,8151.35,8376.22,8118.4,8176.75,8376.22,8118.4,8262.7,1.3738850496810802,-3.2093235373473923,-1.879530903941824,-2.558672050161048,-2.684623851809038,-2.381384443102012,2.993235612245134,3.8253532022797776,DOWN,DOWN,DOWN,DOWN,DOWN
2020-04-07,8450.49,8819.4,8360.95,8782.35,25,8450.49,8370.45,8468.2,8360.95,8445.35,8468.2,8360.95,8410.75,8468.2,8360.95,8107.4,4.2318129116609535,3.9271095522271557,8.325110392974329,-0.9471640106076578,-0.06082487524391388,-0.47026858797536925,1.269157173134339,5.425129193691714,UP,UP,DOWN,FLAT,DOWN
2020-04-08,8699.7,9131.65,8653.85,8755.5,25,8699.7,8793.45,8795.85,8653.85,8894.3,8899.25,8653.85,8980.75,8980.95,8653.85,8782.35,-0.9410920767220576,0.6414014276354273,-0.30572682710208954,1.0776233663229766,2.236858742255463,3.2305711691207653,1.6322401921905352,5.492143407243919,UP,DOWN,UP,UP,UP
2020-04-09,8976.97,9128.35,8904.55,9100.15,25,8976.97,8970.85,9000.4,8917.45,9006.1,9032.5,8917.45,8997.0,9032.5,8917.45,8755.5,2.529495745531373,1.3721779174933224,3.9363828450688096,-0.06817445084476145,0.32449701848174856,0.22312651150667384,0.9240311597342858,2.493046094617684,UP,UP,FLAT,UP,UP
2020-04-13,9107.98,9112.0,8912.4,9006.3,25,9107.98,8993.75,9112.0,8989.35,8932.3,9112.0,8930.85,8948.5,9112.0,8912.4,9100.15,0.08604253776036579,-1.1163836547730703,-1.0313016818404133,-1.2541749103533337,-1.9288579904655072,-1.750991987246344,1.3466213144956363,2.191484829786631,DOWN,DOWN,DOWN,DOWN,DOWN
2020-04-15,9189.73,9261.15,8874.1,8941.9,25,9189.73,9127.4,9199.5,9122.45,9149.95,9199.5,9114.35,9233.0,9235.8,9114.35,9006.3,2.036685431309198,-2.696814813928156,-0.7150550170436211,-0.6782571413958836,-0.43287452406108595,0.4708517007572631,0.8384359496960114,4.21176683101679,DOWN,DOWN,DOWN,DOWN,UP
2020-04-16,8840.88,9053.75,8821.9,9016.0,25,8840.88,8847.15,8890.85,8821.9,8918.25,8963.7,8821.9,8900.1,8963.7,8821.9,8941.9,-1.1297375278184776,1.980798291572794,0.8286829421040313,0.07092054184651796,0.8751391264218132,0.6698428210766482,0.7798997384875797,2.6224764955524833,UP,UP,FLAT,UP,UP
2020-04-17,9324.83,9324.97,9091.35,9290.1,25,9324.83,9288.65,9324.97,9250.35,9274.6,9324.97,9250.35,9229.15,9324.97,9204.5,9016.0,3.425354924578526,-0.37244646819298116,3.040150842945878,-0.38799634953130824,-0.5386693376715668,-1.0260776872071693,0.8002290658381866,2.505353985005614,DOWN,UP,DOWN,DOWN,DOWN
2020-04-20,9399.31,9404.35,9230.8,9264.3,25,9399.31,9332.45,9404.35,9265.85,9258.4,9404.35,9242.75,9286.95,9404.35,9242.75,9290.1,1.1755524698334692,-1.436382032298118,-0.2777149869215734,-0.7113288103062754,-1.4991525973715079,-1.1954068968892266,1.4735124174008518,1.846412130252126,DOWN,DOWN,DOWN,DOWN,DOWN
2020-04-21,9026.6,9044.4,8909.4,8980.85,25,9026.6,8986.8,9044.4,8969.7,9028.75,9044.4,8969.7,9010.75,9044.4,8969.7,9264.3,-2.5657631985147167,-0.5068353532891675,-3.059594356832129,-0.4409190614406431,0.02381849201249237,-0.17559213878980307,0.827554117829514,1.4955797310172156,DOWN,DOWN,DOWN,FLAT,DOWN
2020-04-22,9027.11,9209.75,8946.25,9195.9,25,9027.11,8980.3,9030.8,8959.65,8954.3,9030.8,8952.15,8986.15,9030.8,8946.25,8980.85,0.5150960098431687,1.8698121547206032,2.3945394923643004,-0.5185491259107434,-0.8065704306250983,-0.4537443323500095,0.788181378093317,2.918985145855096,UP,UP,DOWN,DOWN,DOWN
2020-04-23,9230.99,9343.55,9170.1,9303.8,25,9230.99,9225.85,9237.0,9170.1,9236.15,9251.55,9170.1,9262.5,9277.75,9170.1,9195.9,0.3815830968148865,0.7887561355824185,1.1733489924857778,-0.05568200160545529,0.05589866309030618,0.3413501693751182,0.7247326668103815,1.8789967273282595,UP,UP,FLAT,FLAT,UP
2020-04-24,9175.45,9296.9,9141.3,9174.05,25,9175.45,9167.65,9207.55,9145.0,9195.85,9207.55,9145.0,9183.5,9227.75,9145.0,9303.8,-1.3795438423009798,-0.015258107231813752,-1.3945914572540252,-0.08500945457717159,0.22233241966333675,0.08773411658282997,0.6817104338206765,1.6958296323341129,FLAT,DOWN,FLAT,UP,FLAT
2020-04-27,9261.16,9377.1,9250.35,9289.65,25,9261.16,9322.3,9331.95,9250.35,9333.3,9345.6,9250.35,9339.9,9353.6,9250.35,9174.05,0.9495261089704176,0.30762884994968,1.2600759751690953,0.6601764789723903,0.7789520967135805,0.8502174673582984,0.8810991279710141,1.3686190498814403,UP,UP,UP,UP,UP
2020-04-28,9392.03,9404.35,9260.0,9403.15,25,9392.03,9340.35,9402.55,9334.8,9308.35,9402.55,9272.55,9283.45,9402.55,9260.0,9289.65,1.102086730931747,0.11839825894933236,1.221789841382614,-0.5502537790019867,-0.8909681932447009,-1.1560865968273093,0.7213562989044966,1.5369414279979978,UP,UP,DOWN,DOWN,DOWN
2020-04-29,9410.08,9599.8,9392.35,9535.4,25,9410.08,9453.65,9463.5,9392.35,9458.5,9469.95,9392.35,9463.15,9471.45,9392.35,9403.15,0.07369870734807263,1.3317633856460276,1.4064435853942563,0.46301412952918264,0.5145546052743448,0.5639697005764002,0.7561040926325774,2.2045508646047525,UP,UP,UP,UP,UP
2020-04-30,9754.4,9889.05,9731.45,9852.65,25,9754.4,9780.75,9786.2,9731.45,9811.5,9815.6,9731.45,9837.95,9842.3,9731.45,9535.4,2.2967049101243786,1.0072377593701303,3.3270759485705894,0.27013450340359596,0.5853768555728734,0.8565365373575113,0.5612851636184696,1.6156811285163468,UP,UP,UP,UP,UP
2020-05-04,9533.84,9540.94,9266.9,9304.75,25,9533.84,9455.4,9540.94,9425.6,9416.7,9540.94,9410.85,9376.8,9540.94,9353.35,9852.65,-3.2357792066093842,-2.4029142507111527,-5.560940457643372,-0.822753476039041,-1.228675958480522,-1.647185184563627,1.2097958430181348,2.8743926896193024,DOWN,DOWN,DOWN,DOWN,DOWN
2020-05-05,9434.92,9450.9,9190.75,9221.35,25,9434.92,9391.3,9450.9,9387.0,9430.0,9450.9,9379.65,9369.5,9450.9,9334.0,9304.75,1.3989628952954145,-2.2636121980896466,-0.8963163975388875,-0.4623250647594341,-0.052146706066400914,-0.6933816078991668,0.6772712434233638,2.7573100778808897,DOWN,DOWN,DOWN,FLAT,DOWN
2020-05-06,9225.41,9346.85,9116.45,9287.6,25,9225.41,9142.65,9232.6,9134.4,9145.1,9232.6,9116.45,9280.6,9285.9,9116.45,9221.35,0.04402826050415059,0.6741163807353875,0.7184414429557494,-0.8970875007181276,-0.8705304154503647,0.5982389942560873,1.0644513360381893,2.4974499778329595,UP,UP,DOWN,DOWN,UP
2020-05-07,9247.85,9277.8,9175.9,9215.25,25,9247.85,9216.9,9259.1,9175.9,9235.55,9259.1,9175.9,9240.05,9277.8,9175.9,9287.6,-0.4279900081829536,-0.3525143682045055,-0.7789956501141345,-0.3346723833107233,-0.1330038873900538,-0.08434392858881892,0.8996685716139506,1.1018777337435148,DOWN,DOWN,DOWN,DOWN,FLAT
2020-05-08,9379.62,9382.6,9238.2,9251.1,25,9379.62,9328.2,9382.6,9326.85,9331.35,9382.6,9322.6,9309.45,9382.6,9298.0,9215.25,1.783673801578913,-1.3702047630927523,0.3890290550988889,-0.5482098421897696,-0.5146263921139709,-0.7481113307362139,0.5943737592780943,1.539507997125679,DOWN,UP,DOWN,DOWN,DOWN
2020-05-11,9351.08,9439.85,9219.95,9246.05,25,9351.08,9375.35,9398.1,9341.5,9422.1,9439.85,9341.5,9384.25,9439.85,9341.5,9251.1,1.0807363448670921,-1.123185771055329,-0.054588103036407466,0.25954221330584737,0.7594844659654333,0.3547183854699144,0.6052776791557806,2.3516000290875456,DOWN,FLAT,UP,UP,UP
2020-05-12,9177.03,9240.85,9043.9,9209.35,25,9177.03,9143.15,9177.06,9116.95,9125.05,9177.06,9115.35,9095.25,9177.06,9043.9,9246.05,-0.746480929694287,0.3521836585474789,-0.3969262549953646,-0.36918262226451276,-0.5664141884683974,-0.8911379825499169,0.6550049416859132,2.146119169273727,UP,DOWN,DOWN,DOWN,DOWN
2020-05-13,9602.99,9603.88,9351.05,9383.4,25,9602.99,9418.0,9603.88,9404.4,9376.95,9603.88,9365.0,9392.15,9603.88,9351.1,9209.35,4.274351610048477,-2.2866836266621138,1.8899270849734158,-1.9263791798179504,-2.353850207070913,-2.1955661726191544,2.077269683713089,2.632825817792166,DOWN,UP,DOWN,DOWN,DOWN
2020-05-14,9219.03,9281.1,9119.75,9150.7,25,9219.03,9255.9,9262.65,9196.95,9278.7,9281.1,9196.95,9240.0,9281.1,9196.95,9383.4,-1.7517104674211799,-0.7411842677591886,-2.4799113327791518,0.39993361557559726,0.6472481378192724,0.22746427769515168,0.7126563206758075,1.7501841300006655,DOWN,DOWN,UP,UP,UP
2020-05-15,9179.81,9182.39,9049.95,9128.75,25,9179.81,9129.45,9182.39,9082.85,9114.95,9182.39,9082.85,9083.9,9182.39,9063.5,9150.7,0.3181177396264631,-0.5562206625191534,-0.23987235949163152,-0.5485952323631836,-0.7065505713081073,-1.0447928660832835,1.0843361681777626,1.4427313855079646,DOWN,DOWN,DOWN,DOWN,DOWN
2020-05-18,9159.33,9159.4,8806.75,8832.8,25,9159.33,9076.9,9159.4,9062.55,8937.35,9159.4,8936.4,8938.25,9159.4,8894.7,9128.75,0.3349856223469799,-3.5649987499085705,-3.241955360810634,-0.8999566562183073,-2.4235397130576097,-2.4137136668293415,1.057391752453513,3.8501724471113024,DOWN,DOWN,DOWN,DOWN,DOWN
2020-05-19,8951.09,9030.3,8855.3,8889.9,25,8951.09,8903.75,8968.4,8898.3,8936.0,8968.4,8866.75,8970.75,8990.25,8866.75,8832.8,1.3392129336110958,-0.6836038962852625,0.6464541255321118,-0.5288741371162634,-0.1685828206397226,0.2196380552536044,0.7831448460466865,1.955069159175028,DOWN,UP,DOWN,DOWN,UP
2020-05-20,8888.53,9093.75,8875.35,9085.5,25,8888.53,8937.9,8975.5,8875.35,8960.05,8975.5,8875.35,8967.35,9000.05,8875.35,8889.9,-0.015410747027514162,2.216001971079575,2.2002497215941728,0.5554349256851131,0.8046324870366485,0.8867608029674166,1.1267329918445415,2.457099205380413,UP,UP,UP,UP,UP
2020-05-21,9082.91,9178.55,9056.1,9102.85,25,9082.91,9108.9,9120.05,9056.1,9118.5,9130.0,9056.1,9109.9,9130.0,9056.1,9085.5,-0.028506961642178696,0.2195331672338547,0.19096362335590075,0.28614177614883096,0.39183477541889267,0.2971514635727953,0.7040695107625079,1.3481362250644222,UP,UP,UP,UP,UP
2020-05-22,9071.66,9149.6,8968.55,9051.1,25,9071.66,9106.45,9107.0,9018.65,9101.8,9121.4,9018.65,9067.45,9149.6,9018.65,9102.85,-0.3426399424356164,-0.22663988729735782,-0.5685032709536024,0.3835020271923868,0.3322434923707394,-0.04640826486000497,0.9739121616109991,1.9957758557970768,DOWN,DOWN,UP,UP,FLAT
2020-05-26,9104.74,9161.65,8996.65,9045.9,25,9104.74,9118.8,9161.65,9089.45,9142.15,9161.65,9089.45,9127.4,9161.65,9089.45,9051.1,0.5926351493188609,-0.6462567849274131,-0.057451580470890024,0.15442505771718346,0.410884879743956,0.24888135191120073,0.7929935396287967,1.812242853722347,DOWN,FLAT,UP,UP,UP
2020-05-27,9082.17,9334.0,9004.25,9317.1,25,9082.17,9049.35,9085.55,9035.85,9005.35,9085.55,9005.1,9031.35,9085.55,9004.25,9045.9,0.400955128842906,2.586716610677848,2.998043312439898,-0.3613673824647602,-0.84583309935841,-0.5595579030121623,0.5472260484003152,3.63074023058366,UP,UP,DOWN,DOWN,DOWN
2020-05-28,9374.05,9511.25,9336.45,9486.45,25,9374.05,9384.3,9391.9,9336.45,9410.9,9421.2,9336.45,9432.1,9432.8,9336.45,9317.1,0.6112416953773052,1.199054837556888,1.8176256560517796,0.1093444135672415,0.3931065014588184,0.6192627519588769,0.591526608029602,1.8647222918589008,UP,UP,UP,UP,UP
2020-05-29,9425.41,9598.85,9376.85,9564.5,25,9425.41,9425.95,9464.15,9376.85,9436.85,9464.15,9376.85,9461.35,9474.95,9376.85,9486.45,-0.6434440702264901,1.4756917736204596,0.8227524521817884,0.005729193743305311,0.12137403041353649,0.3813096724704868,0.9262196551661865,2.355335205577264,UP,UP,FLAT,UP,UP
2020-06-01,9735.28,9931.6,9706.95,9811.45,25,9735.28,9797.7,9818.9,9706.95,9817.6,9845.85,9706.95,9834.35,9852.9,9706.95,9564.5,1.7855611898165158,0.782412010748536,2.581943645773441,0.6411731352359672,0.8455843077959719,1.0176389379658284,1.1499412446277755,2.3075864279198917,UP,UP,UP,UP,UP
2020-06-02,9882.3,9995.6,9824.05,9993.2,25,9882.3,9910.1,9915.1,9824.05,9929.45,9935.55,9824.05,9871.55,9935.55,9824.05,9811.45,0.7221154875171207,1.1222083927830715,1.8524275209066954,0.2813110308329143,0.4771156512148129,-0.1087803446566083,0.921344221486912,1.7359319186829087,UP,UP,UP,UP,DOWN
2020-06-03,10107.2999,10176.2,10035.5,10068.7999,25,10107.2999,10139.8999,10159.2999,10093.7999,10114.8999,10159.2999,10093.7999,10089.3999,10159.2999,10067.3999,9993.2,1.1417754072769408,-0.38091280936464544,0.7565134291318021,0.3225391580594177,0.07519317795250503,-0.17709972175654584,0.6480464678801111,1.3920631760417115,DOWN,UP,UP,FLAT,DOWN
2020-06-04,10050.2999,10123.7999,9944.2,10032.5,25,10050.2999,10090.0,10123.7999,10045.6,10048.1,10123.7999,10022.2999,10060.0,10123.7999,10022.2999,10068.7999,-0.18373589885324865,-0.1771081477877091,-0.3605186353936776,0.39501408311208724,-0.021888899056630298,0.09651552786001959,0.7780852390285351,1.78701035578052,DOWN,DOWN,UP,FLAT,FLAT
2020-06-05,10092.7,10177.7999,10040.7,10167.2999,25,10092.7,10137.7,10138.8999,10085.5,10131.6,10147.3999,10085.5,10086.1,10147.3999,10072.7999,10032.5,0.6000498380264214,0.7391471063243656,1.3436321953650634,0.4458668146283947,0.3854270908676532,-0.06539379947883484,0.5290942958772216,1.358406571086025,UP,UP,UP,UP,FLAT
2020-06-08,10329.2999,10330.2,10120.2,10174.7999,25,10329.2999,10304.3999,10330.2,10288.3999,10317.1,10330.2,10288.3999,10288.6,10330.2,10263.8999,10167.2999,1.593343381166518,-1.4957451278958411,0.07376589727622769,-0.24106183614631652,-0.11810965039363042,-0.3940238001996593,0.4046750545020034,2.033051630149687,DOWN,FLAT,DOWN,DOWN,DOWN
2020-06-09,10181.8999,10291.1,10021.3999,10027.2,25,10181.8999,10175.3999,10214.7999,10150.8999,10165.1,10214.7999,10135.0,10248.0,10261.8999,10135.0,10174.7999,0.06978024206648392,-1.5193618236219315,-1.4506417959138367,-0.06383877335113067,-0.1649976936033321,0.6491922003672385,0.6275842487903426,2.648819008719581,DOWN,DOWN,FLAT,DOWN,UP
2020-06-10,10073.6,10148.7,10036.7999,10139.8999,25,10073.6,10090.5,10119.7999,10060.5,10073.0,10119.7999,10060.5,10071.0,10119.7999,10036.7999,10027.2,0.46274134354555246,0.6581549793519692,1.1239418780915869,0.16776524777636234,-0.005956162642951515,-0.025810038119444524,0.5886664151842438,1.1108253256035652,UP,UP,UP,FLAT,FLAT
2020-06-11,10098.0,10112.0,9885.0,9909.85,25,10098.0,10064.8999,10098.7999,10047.1,10088.7,10112.0,10047.1,10091.0,10112.0,10047.1,10139.8999,-0.4132180831489307,-1.8632402455931834,-2.2687590831148143,-0.32778867102396175,-0.0920974450386143,-0.06932065755595168,0.5119815805109885,2.2479698950287186,DOWN,DOWN,DOWN,FLAT,FLAT
2020-06-12,9536.34,9996.0,9535.49,9959.1,25,9536.34,9675.05,9692.6,9535.49,9712.25,9714.3,9535.49,9677.15,9715.4,9535.49,9909.85,-3.7690782403366367,4.4331473080867525,0.4969802771989485,1.4545412600641243,1.8446280229102556,1.47656228699899,1.6474874008267384,4.829001482749149,UP,UP,UP,UP,UP
2020-06-15,9927.18,9943.35,9726.35,9818.1,25,9927.18,9912.45,9943.35,9881.05,9892.4,9943.35,9862.5,9866.6,9943.35,9857.2,9959.1,-0.320510889538212,-1.098801472321444,-1.4157905834864597,-0.14838050685088378,-0.35035125785974114,-0.6102437953175013,0.6275699644813642,2.1859178538114548,DOWN,DOWN,DOWN,DOWN,DOWN
2020-06-16,10010.1,10046.1,9728.5,9900.15,25,10010.1,9995.15,10046.1,9994.15,9994.8,10046.1,9986.8,9985.4,10046.1,9966.3,9818.1,1.9555718519876555,-1.0983906254682843,0.8357014086228421,-0.14934915735108267,-0.1528456259178339,-0.24675078171047968,0.5189758344072559,3.1727954765686692,DOWN,UP,DOWN,DOWN,DOWN
2020-06-17,9874.73,10003.6,9833.8,9876.8,25,9874.73,9875.5,9879.15,9833.8,9919.15,9944.85,9833.8,9937.55,9956.35,9833.8,9900.15,-0.25676378640727743,0.02096259847104386,-0.23585501229779715,0.007797681556867242,0.4498350840985027,0.6361692927300261,0.45925306312172953,1.7195406861757343,FLAT,DOWN,FLAT,UP,UP
2020-06-18,9861.67,10111.2,9845.05,10092.7999,25,9861.67,9888.35,9895.9,9845.05,9884.45,9895.9,9845.05,9909.85,9911.6,9845.05,9876.8,-0.1531872671310465,2.343719674253954,2.186942127004705,0.2705424132018237,0.2309953587982629,0.48855822593942294,0.5156327478003255,2.698832956284295,UP,UP,UP,UP,UP
2020-06-19,10119.5,10272.3999,10072.6,10256.3999,25,10119.5,10159.7999,10162.2,10101.2999,10088.0,10162.2,10072.6,10129.3999,10162.2,10072.6,10092.7999,0.2645460156205021,1.3528326498344814,1.6209575303281338,0.39824003162211546,-0.31128020159098774,0.09782993230891195,0.6018093779336997,1.9744048619002912,UP,UP,UP,DOWN,FLAT
2020-06-22,10323.7999,10393.6,10277.6,10325.7999,25,10323.7999,10350.7999,10358.6,10285.6,10367.3999,10376.7,10285.6,10332.3999,10386.3999,10285.6,10256.3999,0.657150663557879,0.019372711786093413,0.6766506832480239,0.2615316091122611,0.42232511693683994,0.0833026606802052,0.7071039801924096,1.123617283593418,FLAT,UP,UP,UP,FLAT
2020-06-23,10348.2,10484.7,10301.7,10482.0,25,10348.2,10358.7999,10378.1,10328.1,10337.5,10378.1,10328.1,10358.7,10378.1,10301.7,10325.7999,0.21693331477400357,1.2929784890125746,1.5127167048821082,0.10243230706788863,-0.10339962505557224,0.10146692178349857,0.4831758180166599,1.768423493940975,UP,UP,UP,DOWN,UP
2020-06-24,10531.1,10553.1,10281.8999,10319.2999,25,10531.1,10518.3999,10541.2,10497.8999,10530.7,10542.7,10497.8999,10544.6,10545.8999,10497.8999,10482.0,0.4684220568593815,-2.011186865569602,-1.5521856515932075,-0.12059613905479978,-0.00379827368460689,0.12819173685559912,0.41116407592749454,2.5752305077342346,DOWN,DOWN,DOWN,FLAT,UP
2020-06-25,10236.6,10361.7999,10194.5,10284.3999,25,10236.6,10237.6,10251.6,10194.5,10270.8999,10285.7,10194.5,10262.2999,10297.7999,10194.5,10319.2999,-0.8014099871251887,0.466950940742043,-0.3382012378572275,0.009768868569642264,0.3350712150518725,0.2510589453529455,0.5578023953265768,1.6343307348142937,UP,DOWN,FLAT,UP,UP
2020-06-26,10381.7999,10409.7999,10311.2,10399.7999,25,10381.7999,10394.1,10395.0,10352.8999,10382.8999,10403.7,10352.8999,10384.0,10407.7,10352.8999,10284.3999,0.9470654675728784,0.1733803403396361,1.1220878332434314,0.11847752912286803,0.010595465242981265,0.02119189371006872,0.40551831479625855,0.9497380121918864,UP,UP,UP,FLAT,FLAT
2020-06-29,10308.7999,10337.8999,10223.6,10315.2,25,10308.7999,10302.7,10325.7999,10282.1,10265.3999,10325.7999,10264.7999,10242.0,10325.7999,10230.7999,10399.7999,-0.8750168356604631,0.0620838512929206,-0.8134762285185819,-0.05917177614437207,-0.4209995384622766,-0.6479891029798724,0.423908703475752,1.1087604872415846,FLAT,DOWN,FLAT,DOWN,DOWN
2020-06-30,10377.3999,10401.0,10267.2999,10307.5,25,10377.3999,10387.7,10394.1,10365.2999,10379.7,10401.0,10365.2999,10383.1,10401.0,10365.2999,10315.2,0.6029926710097683,-0.6735781667236351,-0.07464712269273234,0.09925511302691903,0.022164511555542773,0.05492801718087418,0.2775271289294767,1.2883776407228944,DOWN,FLAT,FLAT,FLAT,FLAT
2020-07-01,10324.0,10447.0,10299.5,10418.2999,25,10324.0,10338.0,10343.2,10299.5,10328.2,10355.7999,10299.5,10350.5,10363.3999,10299.5,10307.5,0.16007761338830948,0.9134046881053853,1.0749444579189908,0.13560635412630762,0.040681906237899336,0.2566834560247966,0.42328554823712444,1.4287098024021698,UP,UP,UP,FLAT,UP
2020-07-02,10494.7,10598.2,10485.5,10561.0,25,10494.7,10512.3999,10520.3999,10485.5,10533.2,10538.2999,10485.5,10533.2999,10545.2999,10485.5,10418.2999,0.7333259815260333,0.6317474534765097,1.3697062032165153,0.16865560711596916,0.36685183949993805,0.36780374855878917,0.3325478574899744,1.0738753847180074,UP,UP,UP,UP,UP
2020-07-03,10614.5,10631.2999,10562.6,10602.8999,25,10614.5,10603.0,10628.5,10590.7999,10574.7,10628.5,10573.0,10597.1,10628.5,10564.7999,10561.0,0.5065808162105861,-0.10928541146544496,0.3967417858157404,-0.10834236186348861,-0.3749587827971103,-0.1639267040369272,0.35517546752084433,0.6472269065900383,DOWN,UP,DOWN,DOWN,DOWN
2020-07-06,10724.8999,10811.3999,10695.1,10772.1,25,10724.8999,10713.7999,10727.2,10695.1,10726.5,10731.7,10695.1,10737.1,10753.7999,10695.1,10602.8999,1.1506286124610117,0.44009828007812,1.5957907892726595,-0.10349746947288863,0.014919486567885415,0.11375490786631975,0.2993034927999688,1.0843914729684327,UP,UP,DOWN,FLAT,UP
2020-07-07,10804.2999,10813.7999,10689.6,10787.2999,25,10804.2999,10774.3999,10805.0,10756.2,10770.2999,10805.0,10753.3999,10775.1,10805.0,10752.7,10772.1,0.29891943075166044,-0.15734476233855743,0.14110433434520303,-0.2767416702307535,-0.31468952467711486,-0.2702618426946814,0.4516720236542053,1.1495413969395611,DOWN,UP,DOWN,DOWN,DOWN
2020-07-08,10820.0,10847.7999,10676.5,10695.0,25,10820.0,10837.2999,10839.2999,10797.2999,10820.5,10847.7999,10797.2999,10788.3999,10847.7999,10784.6,10787.2999,0.30313517101717014,-1.155268022181146,-0.8556348748587215,0.1598881700554527,0.004621072088724584,-0.2920526802218083,0.38817005545286504,1.5831783733826246,DOWN,DOWN,UP,FLAT,DOWN
2020-07-09,10757.0,10836.7999,10732.8999,10832.3999,25,10757.0,10744.7999,10763.7,10736.8999,10763.0,10766.8999,10732.8999,10781.2,10783.3999,10732.8999,10695.0,0.5797101449275363,0.7009379938644635,1.2847115474520836,-0.11341545040438802,0.05577763316909919,0.2249697871153735,0.24914102444919942,0.9658826810448976,UP,UP,DOWN,FLAT,UP
2020-07-10,10759.7999,10819.3999,10713.0,10770.8999,25,10759.7999,10792.2,10796.7999,10757.7999,10797.2999,10807.2999,10757.7999,10808.7,10819.3999,10757.7999,10832.3999,-0.6702115936469476,0.10316176976488535,-0.5677412260232378,0.30112177086119185,0.34851949244892555,0.4544703475387191,0.3624602721468826,0.9888650438564415,UP,DOWN,UP,UP,UP
2020-07-13,10850.7999,10894.0,10756.0,10815.7999,25,10850.7999,10872.5,10877.7999,10846.2,10871.0,10894.0,10846.2,10857.3999,10894.0,10843.5,10770.8999,0.7418135972092698,-0.3225568651395,0.4168639613854329,0.19998617797753346,0.1861623123286977,0.0608250088548805,0.2912218480777556,1.2717956396928858,DOWN,UP,UP,UP,FLAT
2020-07-14,10762.2,10763.3999,10562.8999,10610.1,25,10762.2,10714.2999,10763.3999,10710.1,10706.3999,10763.3999,10703.0,10717.0,10763.3999,10697.7999,10815.7999,-0.4955703738564843,-1.4132798126777086,-1.9018463904828677,-0.4450772146958869,-0.5184822805746072,-0.419988478192198,0.49525097099106113,1.8630019884410252,DOWN,DOWN,DOWN,DOWN,DOWN
2020-07-15,10696.6,10827.3999,10577.7,10637.2999,25,10696.6,10714.3999,10722.7,10683.3999,10727.8999,10741.3999,10683.3999,10756.0,10765.7,10683.3999,10610.1,0.8152609306227085,-0.5543827010451955,0.25635856400976065,0.16640708262438514,0.2926154105042722,0.5553166426714997,0.3674074004823999,2.3343856926499975,DOWN,UP,UP,UP,UP
2020-07-16,10708.2999,10755.2999,10595.2,10729.5,25,10708.2999,10599.0,10709.0,10597.1,10653.1,10709.0,10595.2,10670.0,10709.0,10595.2,10637.2999,0.6674626142673669,0.19797820567203223,0.8667622504466572,-1.0207026420692604,-0.5154870569136714,-0.357665552493538,1.0449838073735649,1.4951010103854043,UP,UP,DOWN,DOWN,DOWN
2020-07-17,10755.7,10933.3999,10749.6,10932.0,25,10755.7,10805.7,10807.1,10749.6,10795.3999,10817.8999,10749.6,10809.1,10817.8999,10749.6,10729.5,0.2441865883778436,1.6391308794406618,1.8873200055920594,0.4648697899718289,0.3691056834980486,0.49648093568990986,0.5346002584676033,1.7088604181968627,UP,UP,UP,UP,UP
2020-07-20,11013.7999,11037.8999,10953.0,11027.7,25,11013.7999,11001.3999,11014.5,10956.8999,11001.3999,11014.5,10956.8999,11000.3999,11017.2999,10956.8999,10932.0,0.7482610684229782,0.12620621516830668,0.8754116355653195,-0.11258602945927532,-0.11258602945927532,-0.12166554796405588,0.5229811738272061,0.77085021310402,UP,UP,DOWN,DOWN,DOWN
2020-07-21,11126.2,11179.5,11113.2,11171.2999,25,11126.2,11153.5,11153.7999,11121.7,11147.8999,11164.3999,11121.7,11125.3999,11164.3999,11113.2,11027.7,0.8932052921280048,0.40534863655155623,1.3021745241528084,0.24536679189659785,0.19503424349732718,-0.007191134439434705,0.28850730707698274,0.5958907803203184,UP,UP,UP,UP,FLAT
2020-07-22,11232.1,11238.1,11056.5,11143.8999,25,11232.1,11154.6,11238.1,11124.2,11124.7,11238.1,11102.2999,11141.0,11238.1,11102.2999,11171.2999,0.5442526880869109,-0.7852503093811488,-0.24527136721125567,-0.6899867344485893,-0.9561880681261709,-0.8110682775260223,1.0140579232734719,1.6167947222692138,DOWN,DOWN,DOWN,DOWN,DOWN
2020-07-23,11135.7999,11239.7999,11103.1,11235.8999,25,11135.7999,11167.7999,11173.1,11103.1,11172.6,11177.1,11103.1,11155.0,11177.1,11103.1,11143.8999,-0.07268550572677311,0.8989026464098046,0.8255637687484971,0.2873614853657706,0.3304666061752814,0.17241778922410433,0.6286032492376232,1.2275714472922563,UP,UP,UP,UP,UP
2020-07-24,11153.7,11225.3999,11090.2999,11198.2,25,11153.7,11158.0,11166.1,11123.6,11157.7999,11166.1,11123.6,11161.3999,11170.0,11123.6,11235.8999,-0.7315827012663187,0.3989707451339018,-0.33553075708693003,0.038552229305067125,0.0367582057971727,0.0690344907967725,0.38103947568968144,1.2112572509570847,UP,DOWN,FLAT,FLAT,FLAT
2020-07-27,11227.5,11229.5,11087.7999,11124.7,25,11227.5,11154.1,11229.5,11152.6,11143.1,11229.5,11129.1,11113.7,11229.5,11087.7999,11198.2,0.26164919362039674,-0.91560899576931,-0.6563554857030595,-0.6537519483411235,-0.7517256735693577,-1.013582720997544,0.6849254063682889,1.262080605655756,DOWN,DOWN,DOWN,DOWN,DOWN
2020-07-28,11159.8999,11317.7,11151.3999,11292.2999,25,11159.8999,11201.1,11213.2,11151.3999,11203.6,11223.0,11151.3999,11172.1,11223.0,11151.3999,11124.7,0.3164121279674923,1.1863905696860204,1.506556581301062,0.36917983466858895,0.3915814692925697,0.10932087303041149,0.5537693039701941,1.490157631252592,UP,UP,UP,UP,UP
2020-07-29,11271.8999,11341.3999,11149.7,11198.7999,25,11271.8999,11329.5,11341.3999,11271.2,11277.3999,11341.3999,11262.6,11280.8999,11341.3999,11262.6,11292.2999,-0.18065407561483232,-0.6485153403464873,-0.8279978465679964,0.5110061348220423,0.048793903856438614,0.07984456994689955,0.6227867584239247,1.7006884527070685,DOWN,DOWN,UP,FLAT,FLAT
2020-07-30,11259.8999,11299.8999,11084.8999,11096.7,25,11259.8999,11273.2,11281.3999,11248.1,11266.3999,11281.3999,11245.3999,11277.7999,11281.3999,11245.3999,11198.7999,0.5455941756759165,-1.4493903271733313,-0.9117039407052826,0.11811916729384409,0.05772697854978267,0.1589712178524752,0.29573886353998563,1.9094308289543498,DOWN,DOWN,UP,FLAT,UP
2020-07-31,11138.8999,11150.3999,11026.6,11089.0,25,11138.8999,11119.7999,11142.2999,11049.2,11129.6,11143.2,11049.2,11082.7999,11150.3999,11049.2,11096.7,0.38029233916389205,-0.44797870927990247,-0.06938999882848709,-0.1714711521916124,-0.08349029153229018,-0.5036403998926354,0.8358087498389248,1.111419449958429,DOWN,FLAT,DOWN,FLAT,DOWN
2020-08-03,11061.0,11064.0,10882.2,10899.7999,25,11061.0,11003.6,11064.0,10983.7999,10992.2999,11064.0,10983.7999,10952.2,11064.0,10948.8999,11089.0,-0.2525024799350708,-1.457373655184884,-1.7061962304986924,-0.51894042130006,-0.6211020703372211,-0.9836361992586499,0.7250709700750386,1.6436126932465354,DOWN,DOWN,DOWN,DOWN,DOWN
2020-08-04,10944.6,11112.2,10908.1,11102.6,25,10944.6,10933.6,10972.2999,10926.2,10947.2999,10972.2999,10908.1,10989.3999,10993.0,10908.1,10899.7999,0.4110176371219474,1.4436343036748716,1.8605855324004654,-0.10050618569888348,0.024668786433488805,0.409333369881037,0.4212113736454439,1.8648465910129228,UP,UP,DOWN,FLAT,UP
2020-08-05,11159.3999,11225.6,11064.0,11121.1,25,11159.3999,11183.1,11195.7999,11144.5,11197.6,11209.2,11144.5,11213.2,11222.0,11144.5,11102.6,0.5115909786896761,-0.34320752319307046,0.16662763676976564,0.21237790752529642,0.34231320987072095,0.48210567308373264,0.45970124253724415,1.448106542001424,DOWN,UP,UP,UP,UP
2020-08-06,11195.7,11256.7999,11127.2999,11206.1,25,11195.7,11145.5,11195.7,11127.2999,11165.2999,11195.7,11127.2999,11165.2999,11195.7,11127.2999,11121.1,0.6707969535387719,0.09289280705985008,0.7643128827184361,-0.44838643407737544,-0.27153371383656894,-0.27153371383656894,0.6109497396321869,1.1566940879087506,FLAT,UP,DOWN,DOWN,DOWN
2020-08-07,11194.7,11231.8999,11142.0,11216.7,25,11194.7,11170.0,11194.7999,11142.0,11195.5,11208.1,11142.0,11202.0,11213.7999,11142.0,11206.1,-0.10173030760032156,0.19652156824211453,0.0945913386459193,-0.2206401243445624,0.007146238845161303,0.06520942946214969,0.4716508705012191,0.8030576969458793,UP,FLAT,DOWN,FLAT,FLAT
2020-08-10,11272.5,11337.2999,11238.0,11276.1,25,11272.5,11306.7999,11311.5,11261.1,11320.2999,11326.5,11261.1,11308.2,11326.5,11261.1,11216.7,0.4974725186552129,0.0319361277445142,0.5295675198587787,0.3042794411177643,0.4240399201596805,0.31669993346640696,0.44710578842315046,0.8809039698381014,FLAT,UP,UP,UP,UP
2020-08-11,11321.6,11373.5,11299.1,11332.7,25,11321.6,11367.3999,11367.7999,11320.0,11365.2999,11373.5,11320.0,11344.5,11373.5,11320.0,11276.1,0.40350830517643504,0.09804267947993536,0.5019465950106895,0.40453557801017503,0.38598696297342794,0.20226823063877578,0.4222009256642169,0.6571509327303529,FLAT,UP,UP,UP,UP
2020-08-12,11296.2,11322.0,11242.6,11309.1,25,11296.2,11266.6,11296.2,11242.6,11281.8999,11296.2,11242.6,11270.6,11296.2,11242.6,11332.7,-0.32207682194004955,0.11419769480001801,-0.20824693144617223,-0.26203502062640854,-0.12659212832634323,-0.22662488270392134,0.4744958481613317,0.7028912377613679,UP,DOWN,DOWN,DOWN,DOWN
2020-08-13,11335.3999,11359.2999,11269.8999,11311.1,25,11335.3999,11355.1,11358.8999,11320.8999,11356.0,11359.2999,11320.8999,11337.8999,11359.2999,11320.8999,11309.1,0.23255519891061163,-0.21437179291751304,0.017684873243671025,0.17379272168421708,0.18173245039197652,0.02205480196600739,0.33523298988331235,0.7886797183044211,DOWN,FLAT,UP,UP,FLAT
2020-08-14,11350.7999,11366.2,11111.3999,11182.3999,25,11350.7999,11357.7999,11357.7999,11329.0,11344.2,11361.3999,11329.0,11345.5,11361.3999,11329.0,11311.1,0.3509817789604867,-1.483595882965038,-1.1378212552271665,0.061669662593558716,-0.05814480087874029,-0.04669186353994294,0.2537257308183186,2.2447765994007205,DOWN,DOWN,FLAT,FLAT,FLAT
2020-08-17,11252.3999,11267.1,11144.3999,11259.5,25,11252.3999,11216.2,11252.5,11195.7999,11166.6,11252.5,11156.3999,11200.7999,11252.5,11144.3999,11182.3999,0.6259836942515353,0.06309853953910452,0.6894772203594656,-0.3217082606529085,-0.7625031172239086,-0.4585688427230564,0.5038933961101046,1.0904349391279635,FLAT,UP,DOWN,DOWN,DOWN
2020-08-18,11259.7999,11401.6,11253.1,11388.7999,25,11259.7999,11312.2,11312.2,11253.1,11320.1,11320.5,11253.1,11317.2,11322.5,11253.1,11259.5,0.002663528575869085,1.1456686721404348,1.148362715928771,0.46537327896920044,0.5355343836971772,0.5097790414552638,0.5248761125852721,1.3188511458360819,UP,UP,UP,UP,UP
2020-08-19,11452.2,11460.2999,11394.1,11421.3999,25,11452.2,11442.5,11460.2999,11431.5,11445.7999,11460.2999,11431.5,11431.6,11460.2999,11419.7,11388.7999,0.5566881546492072,-0.2689448315607515,0.2862461390686157,-0.08469988299192056,-0.05588533207593954,-0.1798781020240684,0.25147919177101324,0.5780539983583907,DOWN,UP,FLAT,FLAT,DOWN
2020-08-20,11320.7,11361.3999,11289.7999,11308.8999,25,11320.7,11321.7,11331.3999,11294.1,11336.3999,11339.5,11294.1,11331.0,11340.7999,11294.1,11421.3999,-0.881677385273933,-0.10423472046781898,-0.9849930917837838,0.008833376027984135,0.13868312030174473,0.09098377308823015,0.3294840425062053,0.6324697236036673,DOWN,DOWN,FLAT,UP,FLAT
2020-08-21,11405.7999,11418.5,11362.2,11378.2,25,11405.7999,11406.3999,11413.7,11386.2999,11413.1,11418.5,11386.2999,11385.3999,11418.5,11383.1,11308.8999,0.8568472694678253,-0.24198127480738332,0.6127925847146315,0.005260481555531794,0.06400340233919398,-0.17885637288796935,0.2402295344494054,0.49360851929376104,DOWN,UP,FLAT,FLAT,DOWN
2020-08-24,11412.2,11497.2,11410.3999,11472.5,25,11412.2,11434.2999,11442.7,11410.3999,11439.3999,11443.2,11410.3999,11444.2,11450.2999,11410.3999,11378.2,0.29881703608655147,0.5283819070818884,0.8287778383223995,0.19365153081789008,0.23834054783476993,0.2804016754000105,0.2830313173621246,0.7605904207777675,UP,UP,UP,UP,UP
2020-08-25,11513.7999,11525.8999,11423.2999,11479.5,25,11513.7999,11519.5,11520.6,11488.7999,11505.8999,11525.8999,11488.7999,11498.1,11525.8999,11480.5,11472.5,0.3599904118544343,-0.2979025195669761,0.0610154717803443,0.049506679371768655,-0.06861331679039893,-0.13635724206045666,0.2761911816793028,0.8911045952778837,DOWN,FLAT,FLAT,FLAT,DOWN
2020-08-26,11512.7,11561.7,11461.7999,11552.3999,25,11512.7,11501.3999,11517.5,11479.7,11494.8999,11517.5,11479.7,11465.7,11517.5,11461.7999,11479.5,0.28921120257851585,0.3448357031799631,0.6350442092425658,-0.0981533436987013,-0.15461273202637418,-0.4082448079077887,0.3283330582747685,0.8677382369035999,UP,UP,FLAT,DOWN,DOWN
2020-08-27,11613.6,11617.2999,11540.6,11573.5,25,11613.6,11608.7,11617.2999,11588.8999,11591.6,11617.2999,11588.0,11596.3999,11617.2999,11585.7,11552.3999,0.5297609200664878,-0.34528483846525077,0.18264689746413346,-0.04219191292966553,-0.18943307845973684,-0.14810308603706018,0.24454088310256628,0.6604317352069953,DOWN,UP,FLAT,DOWN,DOWN
2020-08-28,11603.7999,11686.0,11589.3999,11655.6,25,11603.7999,11621.2999,11623.8999,11589.3999,11626.5,11634.5,11589.3999,11603.7,11634.5,11589.3999,11573.5,0.26180412148442544,0.44640635349115587,0.7093791852075895,0.15081266611638142,0.19562643440619842,-0.0008609248768522114,0.29731639891515194,0.8324867787490858,UP,UP,UP,UP,FLAT
2020-08-31,11779.7,11794.2,11325.7999,11342.6,25,11779.7,11746.0,11794.2,11734.8999,11777.2999,11794.2,11734.8999,11753.3999,11794.2,11734.8999,11655.6,1.0647242527197258,-3.7106208137728496,-2.685404440783829,-0.2860853841778715,-0.020374882212626365,-0.22326629710434379,0.5034092549046273,3.9763330135742057,DOWN,DOWN,DOWN,FLAT,DOWN
2020-09-01,11471.2999,11553.5,11366.8999,11494.2999,25,11471.2999,11465.3999,11475.0,11370.1,11482.1,11510.0,11370.1,11443.7999,11510.0,11366.8999,11342.6,1.1346596018549504,0.20050038095508252,1.3374349796342955,-0.051432706418909305,0.09414887671100278,-0.23972871635933782,0.9144560853125254,1.6266691798372357,UP,UP,FLAT,FLAT,DOWN
2020-09-02,11479.7,11554.7,11430.3999,11542.7,25,11479.7,11496.5,11506.2,11449.2999,11495.0,11515.6,11449.2999,11471.2,11520.3999,11449.2999,11494.2999,-0.12701861032875306,0.5487948291331655,0.4210791472388914,0.1463452877688378,0.1332787442180481,-0.07404374678780803,0.49565842312953073,1.0827817800116761,UP,UP,UP,UP,FLAT
2020-09-03,11560.6,11584.8999,11507.6,11535.7999,25,11560.6,11551.7999,11584.8999,11546.0,11555.7999,11584.8999,11534.8999,11561.6,11584.8999,11534.8999,11542.7,0.15507636861392599,-0.21452260263308465,-0.05977890788117812,-0.07612148158400416,-0.04152120132173403,0.008650070065567532,0.33648686054357335,0.6686495510613634,DOWN,FLAT,FLAT,FLAT,FLAT
2020-09-04,11372.7999,11452.0,11303.6,11358.1,25,11372.7999,11363.7999,11376.2999,11332.7999,11378.0,11381.3999,11332.7999,11402.8999,11409.7999,11332.7999,11535.7999,-1.4129926092077931,-0.12925488999414836,-1.5404211371592846,-0.07913618527659139,0.04572400856186716,0.2646665752028255,0.3824915621701917,1.304867766116237,DOWN,DOWN,FLAT,FLAT,UP
2020-09-07,11359.0,11381.1,11251.7,11376.0,25,11359.0,11329.0,11373.2999,11313.7999,11262.2,11373.2999,11260.8999,11314.6,11373.2999,11251.7,11358.1,0.007923860504834753,0.14966106171317897,0.15759678115177395,-0.2641077559644335,-0.8521876925785656,-0.39087947882735835,0.5238137159961265,1.1391847873932532,UP,UP,DOWN,DOWN,DOWN
2020-09-08,11379.1,11437.2,11290.3999,11295.7999,25,11379.1,11349.0,11379.3999,11328.7,11369.8999,11379.3999,11328.7,11383.7,11386.2,11328.7,11376.0,0.027250351617443425,-0.7320447135537993,-0.7049938466947963,-0.2645200411280362,-0.08085085815222663,0.040424989674054744,0.44555281173378924,1.2900853318803804,DOWN,DOWN,DOWN,FLAT,FLAT
2020-09-09,11219.7999,11298.1,11185.1,11285.5,25,11219.7999,11264.7999,11268.6,11207.3999,11266.1,11281.7,11207.3999,11239.5,11281.7,11207.3999,11295.7999,-0.6728164510067145,0.5855728318292024,-0.0911834495226848,0.40107667160802035,0.4126642222915257,0.17558334529655933,0.5454651646684003,1.0071480864823623,UP,FLAT,UP,UP,UP
2020-09-10,11359.5,11464.0,11327.3999,11452.2,25,11359.5,11350.7,11367.2999,11327.3999,11352.5,11367.2999,11327.3999,11359.2999,11367.2999,11327.3999,11285.5,0.6557086526959373,0.8160570447643006,1.4771166541136922,-0.07746819842422002,-0.061622430564725564,-0.0017615211937146913,0.3512478542189325,1.202518596769221,UP,UP,FLAT,FLAT,FLAT
2020-09-11,11455.8999,11493.5,11419.8999,11454.2999,25,11455.8999,11490.2,11493.5,11423.7999,11448.2,11493.5,11423.7999,11457.6,11493.5,11423.7999,11452.2,0.03230732959605679,-0.013966602484021038,0.018336214875737868,0.29940991366379155,-0.06721340154167736,0.01484038805192441,0.6084209936226835,0.642464587177474,FLAT,FLAT,UP,FLAT,FLAT
2020-09-14,11530.6,11568.8999,11383.5,11421.7,25,11530.6,11548.5,11563.2999,11528.5,11540.7999,11563.2999,11528.5,11530.1,11563.2999,11516.8999,11454.2999,0.6661262640766057,-0.9444434808249321,-0.28460840282346067,0.15523910290877868,0.08845940367369969,-0.004336287790748096,0.30180476297850917,1.607894645551839,DOWN,DOWN,UP,FLAT,FLAT
2020-09-15,11488.7999,11535.8999,11442.2,11531.3999,25,11488.7999,11492.2,11500.0,11462.7,11497.8999,11510.5,11462.7,11485.0,11510.5,11462.7,11421.7,0.587477345754128,0.3707959088050647,0.9604515965224056,0.02959491008282552,0.07920757676352569,-0.033074820982825014,0.32466402343728934,0.8155760463719072,UP,UP,FLAT,FLAT,FLAT
2020-09-16,11544.1,11618.1,11516.7,11599.8999,25,11544.1,11529.3999,11546.5,11516.7,11539.0,11546.5,11516.7,11544.2,11556.1,11516.7,11531.3999,0.11013493686920024,0.48336292998154884,0.5940302183085334,-0.1273386405176672,-0.04417841148292516,0.000866243362413387,0.2581405219982439,0.8783707694839757,UP,UP,DOWN,FLAT,FLAT
2020-09-17,11540.6,11587.2,11498.5,11518.3999,25,11540.6,11559.0,11563.5,11520.3999,11571.2999,11574.6,11520.3999,11568.7999,11579.8999,11520.3999,11599.8999,-0.5112104458763475,-0.19236521498015718,-0.7025922697832935,0.15943711765419158,0.26601649827564955,0.2443538464204601,0.3734649844895383,0.7685908878221299,DOWN,DOWN,UP,UP,UP
2020-09-18,11584.3999,11585.7999,11446.0,11517.0,25,11584.3999,11558.3999,11585.7999,11554.3999,11568.3999,11585.7999,11550.8999,11565.5,11585.7999,11550.8999,11518.3999,0.572996254453711,-0.5818160680036637,-0.012153597827423437,-0.22443976575774113,-0.1381167789278407,-0.1631495818786465,0.2710541786458842,1.2067944926521397,DOWN,FLAT,DOWN,DOWN,DOWN
2020-09-21,11504.2999,11535.2,11218.5,11222.1,25,11504.2999,11518.6,11529.2,11492.1,11499.8999,11530.8999,11492.1,11488.7999,11530.8999,11477.8999,11517.0,-0.11027264044456041,-2.4529949884216737,-2.560562646522529,0.1243022185122311,-0.038246569006773166,-0.1347322317284166,0.3224881159435036,2.7528837282832024,DOWN,DOWN,UP,FLAT,DOWN
2020-09-22,11312.0,11312.7999,11084.6,11174.7,25,11312.0,11187.3999,11312.7999,11178.5,11158.2999,11312.7999,11133.1,11160.1,11312.7999,11084.6,11222.1,0.80109783373878,-1.2137553041018323,-0.42238083781110164,-1.1014860325318216,-1.3587349717114572,-1.3428217821782147,1.187233910891089,2.0173258486562906,DOWN,DOWN,DOWN,DOWN,DOWN
2020-09-23,11259.1,11264.2999,11024.3999,11134.0,25,11259.1,11232.3999,11264.2999,11217.6,11220.7,11264.2999,11200.7,11196.1,11264.2999,11184.6,11174.7,0.7552775466008004,-1.1111012425504736,-0.3642155941546594,-0.2371424003694791,-0.3410574557469037,-0.5595473883347692,0.4147747155634075,2.130720927960491,DOWN,DOWN,DOWN,DOWN,DOWN
2020-09-24,11015.7,11017.7999,10790.1,10824.0,25,11015.7,10971.3999,11017.7999,10951.7999,10995.3999,11017.7999,10951.7999,10975.0,11017.7999,10951.7999,11134.0,-1.0625112268726358,-1.7402434706827594,-2.784264415304473,-0.40215419809908026,-0.18428334104959632,-0.36947266174642307,0.5991448568860808,2.0670488484617375,DOWN,DOWN,DOWN,DOWN,DOWN
2020-09-25,10915.1,11072.5,10854.7999,11036.2999,25,10915.1,10905.0,10935.2999,10881.5,10924.7,10944.8999,10881.5,10884.7999,10946.7999,10863.6,10824.0,0.8416481892091682,1.1103874449157554,1.961381189948263,-0.09253236342315108,0.08795155335269822,-0.2775980064314609,0.49289424741871335,1.994485620837189,UP,UP,FLAT,FLAT,DOWN
2020-09-28,11143.2999,11239.2999,11099.7999,11238.5,25,11143.2999,11119.2999,11143.5,11099.7999,11157.7,11177.8999,11099.7999,11162.7999,11177.8999,11099.7999,11036.2999,0.9695278396702504,0.8543259254828098,1.8321366928421365,-0.2153760574998076,0.12922653190013084,0.17499304671859367,0.392164802097806,1.2518733342176316,UP,UP,DOWN,UP,UP
2020-09-29,11288.7999,11305.2999,11181.0,11224.7999,25,11288.7999,11286.7,11305.2999,11266.2,11270.5,11305.2999,11235.7999,11256.7,11305.2999,11233.8999,11238.5,0.44756773590781673,-0.5669336029244348,-0.12190327890732766,-0.018601623012196825,-0.16210669125245084,-0.28435174938302565,0.3463601122028857,1.101090471096046,DOWN,DOWN,FLAT,DOWN,DOWN
2020-09-30,11245.0,11295.3999,11184.5,11226.5,25,11245.0,11210.8999,11249.5,11199.6,11207.7999,11249.5,11199.6,11212.7999,11249.5,11184.5,11224.7999,0.1799595554482893,-0.164517563361494,0.015145927011135586,-0.3032467763450392,-0.33081458425967114,-0.28635037794575385,0.4437527790128914,0.9862152067585623,DOWN,FLAT,DOWN,DOWN,DOWN
2020-10-01,11363.7999,11428.5,11347.0,11422.7999,25,11363.7999,11376.6,11379.7,11347.0,11373.1,11380.5,11347.0,11389.1,11398.8999,11347.0,11226.5,1.2229982630383467,0.5191925281964882,1.7485405068365028,0.11263925898589947,0.08183970222848067,0.22263767597668085,0.28775585884789057,0.7171896787798947,UP,UP,UP,FLAT,UP
2020-10-05,11487.5,11578.0,11452.2999,11507.5,25,11487.5,11527.3999,11541.7999,11476.3999,11547.8999,11552.0,11476.3999,11538.8999,11553.8999,11476.3999,11422.7999,0.5664119179746817,0.17410228509249184,0.7415003391594036,0.3473331882480988,0.5257880304679029,0.44744200217628155,0.5693144722524451,1.094233732317737,UP,UP,UP,UP,UP
2020-10-06,11603.6,11680.2999,11564.2999,11661.7,25,11603.6,11585.0,11615.2999,11564.2999,11592.5,11615.2999,11564.2999,11601.2999,11615.2999,11564.2999,11507.5,0.8351075385618106,0.5007066772381016,1.33999565500761,-0.16029508083698477,-0.09565996759626635,-0.01982229652866683,0.43951877003688505,0.9996897514564446,UP,UP,DOWN,FLAT,FLAT
2020-10-07,11680.6,11763.0,11629.2999,11747.7999,25,11680.6,11644.7,11681.7,11629.2999,11685.1,11690.0,11629.2999,11734.1,11737.6,11629.2999,11661.7,0.16206899508647654,0.5753120558875368,0.7383134534416015,-0.307347225313765,0.03852541821481773,0.45802441655394416,0.44860794822184424,1.1446338373028784,UP,UP,DOWN,FLAT,UP
2020-10-08,11842.5,11905.6,11791.1,11833.8999,25,11842.5,11865.1,11870.3999,11820.1,11875.2,11877.7999,11820.1,11863.6,11880.5,11820.1,11747.7999,0.8061092358238076,-0.07262064597846449,0.7329031881109958,0.19083808317500833,0.2761241291956996,0.1781718387164903,0.42474055309267456,0.9668566603335444,FLAT,UP,UP,UP,UP
2020-10-09,11847.7,11938.6,11805.2,11934.8999,25,11847.7,11865.2999,11880.7999,11844.2,11810.0,11880.7999,11807.0,11850.5,11880.7999,11805.2,11833.8999,0.11661497998644034,0.7360069886982251,0.8534802630872347,0.14855119559069904,-0.3182052212665811,0.023633279033055125,0.30891987474361476,1.1259569367894158,UP,UP,UP,DOWN,FLAT
2020-10-12,11981.0,12022.0,11867.2,11936.5,25,11981.0,11998.2,12022.0,11968.7999,11994.2999,12022.0,11968.7999,11971.1,12022.0,11956.2999,11934.8999,0.38626297988472996,-0.3714214172439696,0.01340689920658368,0.1435606376763269,0.11100826308321492,-0.08263083215090257,0.44403722560721154,1.2920457390868814,DOWN,FLAT,UP,UP,FLAT
2020-10-13,11944.1,11988.2,11888.8999,11923.2,25,11944.1,11929.1,11945.2999,11888.8999,11965.7,11966.2999,11888.8999,11959.5,11975.5,11888.8999,11936.5,0.0636702550999067,-0.17498179017255078,-0.11142294642482531,-0.12558501687025395,0.1808424242931687,0.12893395065345764,0.4721996634321517,0.8313736489145301,DOWN,DOWN,DOWN,UP,UP
2020-10-14,11918.3999,11997.2,11822.1,11966.0,25,11918.3999,11896.1,11919.7,11873.5,11842.6,11919.7,11839.6,11851.8999,11919.7,11827.0,11923.2,-0.04025848765432421,0.39938330983506987,0.35896403650026226,-0.18710481429642228,-0.6359905745401274,-0.5579608047889045,0.3876359275375609,1.4691569461434195,UP,UP,DOWN,DOWN,DOWN
2020-10-15,12031.7,12031.7,11661.2999,11670.7,25,12031.7,11940.2999,12031.7,11926.2999,11939.2999,12031.7,11906.2999,11958.8999,12031.7,11906.2999,11966.0,0.5490556576968137,-3.0004072574947847,-2.4678255055991913,-0.7596607295727182,-0.7679721070173021,-0.6050691091034548,0.8760200137968928,3.0785350366116235,DOWN,DOWN,DOWN,DOWN,DOWN
2020-10-16,11724.7999,11789.7,11667.7999,11767.7,25,11724.7999,11744.7,11784.1,11722.7999,11736.3999,11784.1,11722.7999,11732.2999,11784.1,11667.7999,11670.7,0.4635531716178057,0.3658919586337738,0.8311412340305209,0.1697265639475924,0.0989355903634685,0.06396697652810263,0.5228242743827158,1.039677444729788,UP,UP,UP,FLAT,FLAT
2020-10-19,11878.2999,11898.2,11820.2999,11878.7,25,11878.2999,11833.5,11879.8999,11826.7,11844.2999,11879.8999,11820.7999,11871.1,11892.0,11820.7999,11767.7,0.939859955641283,0.003368327145880093,0.943259940345182,-0.3771575088788588,-0.2862362483371884,-0.06061389307067096,0.44787469964451404,0.6558185990909419,FLAT,UP,DOWN,DOWN,FLAT
2020-10-20,11863.2999,11949.2,11837.2,11899.2,25,11863.2999,11903.0,11905.0,11837.2,11909.1,11924.2999,11837.2,11908.2999,11924.2999,11837.2,11878.7,-0.12964465808548703,0.30261478933024993,0.17257780733581957,0.33464634911572977,0.3860654319292761,0.3793211027228604,0.5715104614357702,0.9440880778880082,UP,UP,UP,UP,UP
2020-10-21,11965.3999,12018.6,11775.7,11932.6,25,11965.3999,11995.8999,11999.0,11951.7,12013.6,12014.3999,11951.7,12006.5,12018.6,11951.7,11899.2,0.5563390816189291,-0.2741228899503808,0.28069113890009106,0.25490163517226033,0.40282899362185143,0.3434912359260107,0.39530647028353205,2.0300199076505554,DOWN,UP,UP,UP,UP
2020-10-22,11892.2,11939.5,11823.3999,11904.2,25,11892.2,11899.8999,11939.5,11882.3999,11896.1,11939.5,11853.5,11898.0,11939.5,11853.5,11932.6,-0.33856829190620347,0.10090647651401759,-0.23800345272614212,0.06474748154252044,0.03279460486705266,0.04877146364843571,0.4801474916331684,0.9762710011604215,UP,DOWN,FLAT,FLAT,FLAT
2020-10-23,11958.7999,11974.5,11908.7,11929.7999,25,11958.7999,11954.6,11974.5,11939.1,11948.1,11974.5,11939.1,11949.0,11974.5,11927.2999,11904.2,0.4586608087901686,-0.24249924944391787,0.21504931032744115,-0.035119744749635085,-0.08947302479740978,-0.0819471860215671,0.2960163251832622,0.5502224349451592,DOWN,UP,FLAT,FLAT,FLAT
2020-10-26,11944.1,11944.1,11711.7,11777.2,25,11944.1,11899.3999,11944.1,11877.0,11903.6,11944.1,11877.0,11903.0,11944.1,11877.0,11929.7999,0.11986873308747102,-1.3973426210430224,-1.2791488648522868,-0.37424418750680266,-0.3390795455496856,-0.3441029462244988,0.561783642132939,1.9457305280431312,DOWN,DOWN,DOWN,DOWN,DOWN
2020-10-27,11802.8999,11899.0,11723.0,11886.2999,25,11802.8999,11736.0,11815.6,11730.3999,11786.2,11815.6,11723.0,11788.1,11818.7999,11723.0,11777.2,0.21821740311788554,0.7066060095959945,0.9263653499982955,-0.5668090093689632,-0.1414898045521814,-0.12539206572445794,0.7218573462611508,1.4911589650946713,UP,UP,DOWN,DOWN,DOWN
2020-10-28,11929.5,11933.1,11684.7999,11726.5,25,11929.5,11919.1,11933.1,11858.2999,11900.7999,11933.1,11858.2999,11889.2999,11933.1,11858.2999,11886.2999,0.3634444727412609,-1.7016639423278426,-1.3444040731296034,-0.08717884236556131,-0.24058091286307073,-0.33698059432499283,0.6270178968104312,2.081395699735952,DOWN,DOWN,FLAT,DOWN,DOWN
2020-10-29,11641.2999,11744.1,11606.3999,11670.7999,25,11641.2999,11652.6,11662.3999,11609.2,11664.7,11675.3999,11609.2,11705.1,11709.5,11609.2,11726.5,-0.7265603547520575,0.253408126698978,-0.4749933910373941,0.09706905669529554,0.20100933917182864,0.5480496211595784,0.4569927796465377,1.1828584538054898,UP,DOWN,FLAT,UP,UP
2020-10-30,11678.1,11748.8999,11535.3999,11646.2999,25,11678.1,11718.3999,11728.1,11637.2,11734.8999,11743.8999,11637.2,11739.1,11748.8999,11637.2,11670.7999,0.06255012563449386,-0.2723054263964205,-0.20992562814824714,0.34508952654969544,0.4863796336732857,0.5223452445175157,0.778380044699049,1.828208355811305,DOWN,DOWN,UP,UP,UP
2020-11-02,11702.2999,11725.6,11557.3999,11652.3999,25,11702.2999,11614.1,11702.2999,11580.7,11595.3999,11702.2999,11580.7,11574.6,11702.2999,11557.3999,11646.2999,0.48083941235275934,-0.42641190557763464,0.052377150274142976,-0.7536971429009405,-0.9134956454158181,-1.0912376292800325,1.0391111237885746,1.4373251534939728,DOWN,FLAT,DOWN,DOWN,DOWN
2020-11-03,11728.5,11836.2,11723.2,11810.1,25,11728.5,11769.5,11789.7,11723.2,11783.3999,11797.2999,11723.2,11782.6,11797.2999,11723.2,11652.3999,0.6530852069366384,0.6957411433687204,1.3533701327912717,0.34957581958477213,0.4680896960395647,0.46126955706186096,0.5669949268874963,0.9634650637336403,UP,UP,UP,UP,UP
2020-11-04,11778.6,11929.6,11756.3999,11892.3999,25,11778.6,11862.6,11872.0,11777.7,11902.7999,11914.3999,11777.7,11862.5,11920.6,11777.7,11810.1,-0.26672085757106206,0.9661581172635115,0.6968603144765919,0.7131577606846314,1.054453840014939,0.71230876335048,0.8006044861019074,1.4704642317423124,UP,UP,UP,UP,UP
2020-11-05,12070.3999,12131.1,12027.6,12127.3999,25,12070.3999,12043.7,12077.2999,12035.1,12062.2,12077.2999,12027.6,12071.2,12077.2999,12027.6,11892.3999,1.496754242177813,0.4722295903385935,1.9760519489426185,-0.22120145331721458,-0.06793395469854827,0.006628612197019124,0.3496147629706918,0.857469519299025,UP,UP,DOWN,FLAT,FLAT
2020-11-06,12151.2999,12280.3999,12131.7999,12261.3999,25,12151.2999,12157.7999,12172.8999,12131.7999,12173.7,12175.5,12131.7999,12196.0,12208.8999,12131.7999,12127.3999,0.19707439514713815,0.906075900570937,1.1049359393186993,0.053492219379755415,0.1843432405120768,0.3678627008456932,0.3382354179243026,1.2229144307433344,UP,UP,FLAT,UP,UP
2020-11-09,12389.0,12474.0,12367.2999,12468.6,25,12389.0,12447.2,12447.7,12383.8999,12437.3999,12451.7999,12383.8999,12433.7999,12451.7999,12383.8999,12261.3999,1.040665022270415,0.6425054483816318,1.6898568001195362,0.46977157155541793,0.39066833481314345,0.36161029945919754,0.5149737670514197,0.861248688352571,UP,UP,UP,UP,UP
2020-11-10,12559.5,12643.8999,12475.2,12643.6,25,12559.5,12501.1,12560.2999,12475.2,12522.3999,12560.2999,12475.2,12556.2,12563.7,12475.2,12468.6,0.729031326692649,0.6696126438154414,1.403525656449,-0.4649866634818236,-0.2953947211274307,-0.026274931326878238,0.6775739480074784,1.3432055416218769,UP,UP,DOWN,DOWN,FLAT
2020-11-11,12680.2999,12769.7,12571.1,12757.1,25,12680.2999,12748.5,12748.7,12656.6,12762.2,12766.3999,12656.6,12738.1,12769.7,12656.6,12643.6,0.29026463981777034,0.6056646972521555,0.8976873675219084,0.5378429574839947,0.6458845661844381,0.4558259698573879,0.7263235154241137,1.5662090137158378,UP,UP,UP,UP,UP
2020-11-12,12703.1,12741.1,12624.7999,12694.2,25,12703.1,12703.2,12741.1,12692.0,12683.1,12741.1,12678.6,12699.5,12741.1,12677.0,12757.1,-0.42329369527557204,-0.07006163849768668,-0.4930587672746912,0.0007872094213252182,-0.15744188426447087,-0.02833953916760762,0.38651982586927885,0.9155253442073223,FLAT,DOWN,FLAT,DOWN,FLAT
2020-11-13,12661.8999,12735.8999,12607.7,12722.7999,25,12661.8999,12623.2999,12665.2,12613.8999,12628.2999,12665.2,12607.7,12652.2999,12665.2,12607.7,12694.2,-0.25444770052465204,0.48097047426507955,0.2252989554284575,-0.30485156496933263,-0.2653630202841863,-0.07581800579548385,0.4051532582404982,1.0124854959562555,UP,UP,DOWN,DOWN,FLAT
2020-11-17,12934.2999,12934.3999,12797.1,12878.6,25,12934.2999,12867.8999,12934.3999,12838.0,12846.0,12934.3999,12838.0,12863.0,12934.3999,12838.0,12722.7999,1.6623699316374536,-0.430637146429546,1.224574002771201,-0.5133636958580158,-0.6826801657815278,-0.5512466894323362,0.7453043515714395,1.0615178329056678,DOWN,UP,DOWN,DOWN,DOWN
2020-11-18,12859.5,12948.7999,12819.2999,12938.6,25,12859.5,12869.8999,12901.7,12836.3999,12868.5,12901.7,12836.3999,12862.8999,12901.7,12836.3999,12878.6,-0.14830804590561367,0.6151094521559964,0.4658891494417095,0.08087328434231769,0.06998716901901318,0.026438819549751885,0.5077965706287211,1.0070375986624673,UP,UP,FLAT,FLAT,FLAT
2020-11-19,12839.3999,12963.0,12745.7,12759.7999,25,12839.3999,12900.6,12908.3999,12835.6,12945.1,12945.8999,12835.6,12951.2999,12959.7999,12835.6,12938.6,-0.7666988700477642,-0.6199666699375909,-1.3819122625322706,0.4766585703121531,0.8232479775008801,0.8715360598745712,0.5670039142561482,1.6924467007215753,DOWN,DOWN,UP,UP,UP
2020-11-20,12811.6,12892.3999,12730.2,12845.7,25,12811.6,12811.2999,12855.2,12784.3999,12823.2,12855.2,12784.3999,12828.2,12855.2,12784.3999,12759.7999,0.40596326279380274,0.2661650379343748,0.6732088330005923,-0.0023424084423521196,0.09054294545568363,0.129570077117615,0.5526249648755844,1.2660393705704174,UP,UP,FLAT,FLAT,UP
2020-11-23,12958.5,12968.7999,12825.6,12929.0,25,12958.5,12917.0,12962.1,12914.7,12884.8999,12962.1,12880.3999,12881.0,12962.1,12844.2,12845.7,0.8781148555547714,-0.22764980514720068,0.6484660236499317,-0.3202531157155535,-0.5679677431801494,-0.5980630474206119,0.36578307674499083,1.1050654010880858,DOWN,UP,DOWN,DOWN,DOWN
2020-11-24,13003.3999,13079.1,12978.0,13071.7999,25,13003.3999,13020.7999,13022.6,12978.0,13014.8999,13033.6,12978.0,13034.0,13044.3999,12978.0,12929.0,0.5754497640962204,0.5260162767123668,1.1044930002320363,0.1338111581110386,0.08843840909637794,0.23532384019043862,0.3429872213650859,0.7774889704038123,UP,UP,UP,FLAT,UP
2020-11-25,13128.8999,13145.7999,12833.6,12859.2,25,13128.8999,13133.7,13145.7999,13113.1,13122.3999,13145.7999,13113.1,13094.7,13145.7999,13083.0,13071.7999,0.4368181921144644,-2.054245992080415,-1.62640112017014,0.03656132681764437,-0.04950909862600141,-0.26049326493836406,0.2490680883323637,2.377959329250424,DOWN,DOWN,FLAT,FLAT,DOWN
2020-11-26,12906.6,13018.0,12790.3999,13015.2,25,12906.6,12885.3999,12916.7,12855.8999,12842.5,12916.7,12833.8999,12833.2999,12916.7,12805.2,12859.2,0.368607689436354,0.8414299660638771,1.2131392310563642,-0.16425782157965707,-0.49664512729921406,-0.5679272620209844,0.47107758821068585,1.7634396355353048,UP,UP,DOWN,DOWN,DOWN
2020-11-27,13013.8999,13035.2,12914.2999,12942.0,25,13013.8999,12999.5,13035.2,12976.6,12970.2999,13035.2,12967.2999,12976.3999,13035.2,12952.7,13015.2,-0.009989089679762002,-0.5524854236814927,-0.5624193250968155,-0.11065015184264897,-0.33502639742910856,-0.2881534381557676,0.4502877726914156,0.929007453023369,DOWN,DOWN,DOWN,DOWN,DOWN
2020-12-01,13067.0,13128.3999,12962.7,13097.6,25,13067.0,13006.8999,13070.7,12962.7,13022.0,13070.7,12962.7,13034.3999,13070.7,12962.7,12942.0,0.9658476278782259,0.23417769954848366,1.2022871271828184,-0.45993801178541105,-0.3443789699242366,-0.24948419683171086,0.8265095278181679,1.2680791306344197,UP,UP,DOWN,DOWN,DOWN
2020-12-02,13123.0,13128.5,12983.5,13104.2,25,13123.0,13099.3999,13128.5,13087.7,13114.2999,13128.5,13087.7,13080.6,13128.5,13070.7999,13097.6,0.19392865868555792,-0.14325992532194828,0.050390911311998875,-0.17983768955269114,-0.06629657852625177,-0.3230968528537654,0.31090451878380915,1.1049302750895373,DOWN,FLAT,DOWN,FLAT,DOWN
2020-12-03,13217.7999,13218.8999,13107.8999,13135.8999,25,13217.7999,13161.8999,13218.8999,13153.8999,13155.7999,13218.8999,13143.8999,13158.6,13218.8999,13143.8999,13104.2,0.8668968727583465,-0.6196190033108282,0.24190641168480043,-0.4229145578153262,-0.4690644469508122,-0.4478801347265033,0.49176111373875464,0.8397766711538733,DOWN,UP,DOWN,DOWN,DOWN
2020-12-04,13167.8999,13280.0,13152.7999,13271.7,25,13167.8999,13191.7999,13195.2,13164.6,13209.6,13212.6,13164.6,13228.8999,13230.3999,13164.6,13135.8999,0.24360721567313406,0.7882813568471946,1.0338088827854146,0.18150198726829353,0.3166799589659701,0.4632477499316349,0.23238329750669173,0.9659862314111305,UP,UP,UP,UP,UP
2020-12-07,13267.4,13366.6,13241.9,13354.9,25,13267.4,13285.8,13293.5,13241.9,13303.0,13312.6,13241.9,13296.7,13322.2,13241.9,13271.7,-0.0323997679272519,0.6595112832958983,0.6268978352434045,0.1386858012873633,0.26832687640381964,0.22084206400652043,0.3889232253493553,0.9398977945942741,UP,UP,UP,UP,UP
2020-12-08,13397.5,13435.3999,13311.0,13390.0,25,13397.5,13392.7999,13400.2999,13363.1,13418.1,13420.3999,13363.1,13423.0,13435.2999,13363.1,13354.9,0.3189840433099489,-0.055980593394289985,0.2628248807553809,-0.035081918268333796,0.15376002985631917,0.19033401754058593,0.2776629968277635,0.9285306960253804,FLAT,UP,FLAT,UP,UP
2020-12-09,13457.2999,13548.8999,13449.5,13532.5,25,13457.2999,13465.5,13475.2999,13449.5,13476.2999,13479.3999,13449.5,13480.5,13483.8999,13449.5,13390.0,0.5026131441374159,0.5588052622651296,1.0642270351008214,0.06093421459679308,0.14118731202534915,0.17239788198522663,0.19171676481698963,0.7386318261362396,UP,UP,FLAT,UP,UP
2020-12-10,13489.2,13503.5,13399.2,13480.7,25,13489.2,13461.2999,13489.3999,13455.7999,13426.5,13489.3999,13417.8999,13416.0,13489.3999,13399.2,13532.5,-0.3199704415296455,-0.06301337366189248,-0.38278219102160926,-0.20683287370637807,-0.46481629748243575,-0.5426563473000676,0.24908815941642473,0.7732111615218046,FLAT,DOWN,DOWN,DOWN,DOWN
2020-12-11,13512.0,13579.2999,13402.7999,13505.0,25,13512.0,13538.8999,13547.0,13505.1,13548.6,13562.0,13505.1,13556.5,13563.6,13505.1,13480.7,0.2321837886756568,-0.051805802249851984,0.18025770175138733,0.1990815571344016,0.2708703374778002,0.3293368857312019,0.3100947306098256,1.3062462995855535,FLAT,UP,UP,UP,UP
2020-12-14,13568.7999,13597.5,13472.3999,13555.5,25,13568.7999,13578.1,13597.5,13563.2999,13572.0,13597.5,13556.3999,13543.0,13597.5,13533.1,13505.0,0.4724168826360606,-0.09801824846720586,0.37393557941503147,0.06854032831599487,0.023584252281589183,-0.1901413550950809,0.25204955671871926,0.9219687881166237,FLAT,UP,FLAT,FLAT,DOWN
2020-12-15,13552.7999,13589.6,13447.0,13566.2,25,13552.7999,13522.2999,13554.2,13503.2999,13503.3999,13554.2,13478.3999,13463.6,13554.2,13451.2999,13555.5,-0.01991885212644329,0.09887329628470902,0.07893474973258624,-0.2250457486648202,-0.36450032734564053,-0.6581658451254756,0.3755688889053896,1.0521811068722438,FLAT,FLAT,DOWN,DOWN,DOWN
2020-12-16,13665.3999,13692.2999,13606.3999,13673.2999,25,13665.3999,13644.5,13666.3999,13637.2,13658.3999,13666.3999,13637.2,13631.7999,13666.3999,13622.6,13566.2,0.7312283469210215,0.057810236493698486,0.7894613082513839,-0.1529402736322436,-0.05122426018429215,-0.245876448884605,0.21367761070789898,0.628594849975811,FLAT,UP,DOWN,FLAT,DOWN
2020-12-17,13718.2999,13773.2,13673.5,13735.7999,25,13718.2999,13693.8999,13718.2999,13673.5,13708.7,13718.2999,13673.5,13712.5,13724.7,13673.5,13673.2999,0.32910855703530645,0.12756682772330996,0.45709521810459225,-0.1778646055113552,-0.06997878796919473,-0.04227856252070987,0.32657035001837204,0.7267664413722339,UP,UP,DOWN,FLAT,FLAT
2020-12-18,13760.7,13772.7999,13658.6,13743.6,25,13760.7,13731.2999,13771.3999,13722.2999,13711.7999,13771.3999,13683.3999,13695.0,13771.3999,13658.6,13735.7999,0.1812788492936676,-0.12426693409492513,0.05678664553056269,-0.21365264848445753,-0.35536055578568493,-0.47744664152260224,0.35681324351232396,0.8298989150261223,DOWN,FLAT,DOWN,DOWN,DOWN
2020-12-21,13748.7,13777.3999,13131.3999,13280.1,25,13748.7,13704.2,13749.1,13674.3999,13732.7999,13749.1,13674.3999,13756.2999,13763.7,13674.3999,13743.6,0.03710818126255394,-3.4083222413755507,-3.3724788265083383,-0.32366696487667923,-0.11564802490417819,0.05527722621047264,0.5433248234378524,4.6986260519176355,DOWN,DOWN,DOWN,DOWN,FLAT
2020-12-22,13370.7999,13492.0,13192.8999,13463.5,25,13370.7999,13309.5,13446.7,13286.7,13220.7999,13446.7,13211.5,13300.7999,13446.7,13192.8999,13280.1,0.6829760318069864,0.6933025749641203,1.3810136971860125,-0.4584609780900242,-1.1218476166111797,-0.5235288877518838,1.1966374577185916,2.2369648954211008,UP,UP,DOWN,DOWN,DOWN
2020-12-23,13481.2999,13619.3999,13432.2,13610.3999,25,13481.2999,13499.2,13517.1,13432.2,13510.5,13517.1,13432.2,13494.6,13535.0,13432.2,13463.5,0.13220856389497515,0.957622788289135,1.0910974115200383,0.13277725540398927,0.21659706568800552,0.09865591670429634,0.6297612294790627,1.3885893896626365,UP,UP,UP,UP,FLAT
2020-12-24,13670.5,13771.7,13626.8999,13740.2999,25,13670.5,13704.2,13704.3999,13643.8999,13704.3999,13716.7999,13643.8999,13733.3999,13734.6,13643.8999,13610.3999,0.44157482837811146,0.5105877619692036,0.9544172173809502,0.2465162210599519,0.247978493837097,0.46011411433378696,0.4425587944844739,1.0592158297063048,UP,UP,UP,UP,UP
2020-12-28,13816.7,13885.2999,13811.5,13881.5,25,13816.7,13860.7,13865.3999,13813.5,13839.3999,13865.3999,13813.5,13843.8999,13865.3999,13813.5,13740.2999,0.55602934838417,0.4689976622493017,1.0276347752788133,0.3184552027618751,0.16429321039032196,0.19686249249096827,0.3756316631322989,0.534135502688775,UP,UP,UP,UP,UP
2020-12-29,13906.5,13967.6,13859.7999,13927.7999,25,13906.5,13953.0,13957.2999,13904.5,13956.7999,13957.2999,13904.5,13956.2999,13967.6,13904.5,13881.5,0.18009581097143681,0.15316506669543004,0.3335367215358569,0.3343760112177759,0.3617006435839354,0.3581052026030991,0.3796778484881169,0.7751777945565052,UP,UP,UP,UP,UP
2020-12-30,13981.2,13997.0,13864.8999,13974.2999,25,13981.2,13908.7,13982.8999,13886.7,13927.2999,13982.8999,13886.7,13924.7999,13982.8999,13886.7,13927.7999,0.3834065709114671,-0.04935270220010262,0.33386464720820697,-0.5185534861099189,-0.3855184104368777,-0.4033995651303232,0.6880661173575917,0.9448409292478446,FLAT,UP,DOWN,DOWN,DOWN
2020-12-31,13969.6,14024.7999,13936.3999,13967.1,25,13969.6,13987.8999,13993.8999,13936.3999,13988.2,13997.7999,13936.3999,13990.2,13997.7999,13936.3999,13974.2999,-0.033632454102402766,-0.01789600274882602,-0.05152243798631813,0.1309980242812964,0.1331462604512682,0.14746306265032902,0.4116080632229985,0.6328026571984855,FLAT,FLAT,UP,UP,UP
2021-01-01,13991.6,14049.7999,13991.2,14014.2999,25,13991.6,14018.5,14023.3999,13991.2,14024.7,14028.8999,13991.2,14025.2,14033.7999,13991.2,13967.1,0.17541221871397783,0.16223948654906956,0.3379362931460333,0.19225821207009658,0.23657051373681612,0.24014408645187374,0.23013736813516406,0.41882200749020304,UP,UP,UP,UP,UP
2021-01-04,14100.8999,14147.8999,13953.7,14145.2,25,14100.8999,14104.3999,14107.7999,14080.1,14093.7999,14114.1,14080.1,14086.6,14114.1,14080.0,14014.2999,0.6179402511573223,0.314165055522452,0.9340466590129182,0.02482111088527052,-0.050351396367265634,-0.10141125815665125,0.1964406541173987,1.3772163576595533,UP,UP,FLAT,FLAT,DOWN
2021-01-05,14076.2999,14215.5,14048.1,14198.6,25,14076.2999,14108.7,14115.7,14048.1,14092.2,14115.7,14048.1,14071.6,14115.7,14048.1,14145.2,-0.4870917342985659,0.8688369874813507,0.37751322003223453,0.2301748345103158,0.11295653057236119,-0.03338874585926957,0.4802398391639863,1.1892329744977914,UP,UP,UP,UP,FLAT
2021-01-06,14263.6,14263.8999,14039.8999,14133.2,25,14263.6,14204.8999,14263.8999,14203.5,14201.7,14263.8999,14183.2999,14191.7,14263.8999,14174.7,14198.6,0.4577916132576451,-0.9142152051375504,-0.4606087924161511,-0.4115377604531817,-0.4339717883283297,-0.5040803163296758,0.4234548080428527,1.570431027230152,DOWN,DOWN,DOWN,DOWN,DOWN
2021-01-07,14249.3999,14257.0,14123.1,14148.3999,25,14249.3999,14221.5,14257.0,14218.2,14215.1,14257.0,14208.2,14203.1,14257.0,14193.0,14133.2,0.8221768601590554,-0.7088017790840441,0.10754747686298656,-0.1957970173887838,-0.24071118952876028,-0.324925262291221,0.27229216859861777,0.9396886952411212,DOWN,UP,DOWN,DOWN,DOWN
2021-01-08,14261.5,14367.2,14221.6,14343.3999,25,14261.5,14246.6,14263.7999,14221.6,14239.5,14263.7999,14221.6,14252.8999,14263.7999,14221.6,14148.3999,0.7993843883363775,0.5742726922133039,1.3782477267977136,-0.10447708866528511,-0.15426147319706904,-0.06030291343827548,0.2959008519440425,1.0209304771587868,UP,UP,DOWN,DOWN,FLAT
2021-01-11,14473.7999,14498.2,14383.1,14482.5,25,14473.7999,14451.2,14475.2,14401.6,14460.7999,14475.2,14401.6,14444.8999,14479.7,14401.6,14343.3999,0.9091289436892827,0.060109301359071714,0.9697847161048592,-0.15614351556704367,-0.08981746389902764,-0.1996711312832205,0.5085050263821899,0.7952300072906242,FLAT,UP,DOWN,FLAT,DOWN
2021-01-12,14470.7,14590.6,14432.7999,14573.2999,25,14470.7,14490.3999,14490.6,14432.7999,14496.2999,14498.5,14432.7999,14459.1,14499.8999,14432.7999,14482.5,-0.08147764543413963,0.7090182230299795,0.626962886242016,0.1361364688646687,0.17690851168222166,-0.08016198248875564,0.3994285003489837,1.09048007352789,UP,UP,UP,UP,FLAT
2021-01-13,14640.3999,14653.2999,14435.7,14559.2,25,14640.3999,14631.2,14645.7999,14617.6,14645.0,14653.2999,14617.6,14622.8999,14653.2999,14617.6,14573.2999,0.46043106544455564,-0.5546289756743572,-0.0967515943317632,-0.06283913050762785,0.031420589815990316,-0.11953225403358006,0.19261700631551473,1.4862975156846587,DOWN,FLAT,FLAT,FLAT,DOWN
2021-01-14,14551.2,14617.7999,14471.5,14599.0,25,14551.2,14521.8999,14562.7999,14521.1,14494.2,14562.7999,14481.5,14507.7999,14562.7999,14471.5,14559.2,-0.054948074070003836,0.32849524437846545,0.27336666849826413,-0.20135865083292362,-0.3917202704931552,-0.2982578756391277,0.28657361592170827,1.0054146737038867,UP,UP,DOWN,DOWN,DOWN
2021-01-15,14601.1,14617.3999,14357.7999,14434.2999,25,14601.1,14569.2,14617.3999,14568.3999,14509.6,14617.3999,14508.2999,14536.2999,14617.3999,14474.8999,14599.0,0.014384546886775557,-1.1423803686023681,-1.1281601479553396,-0.2184766901123863,-0.6266651142722124,-0.44380286416777076,0.3355911540911301,1.7779482367766837,DOWN,DOWN,DOWN,DOWN,DOWN
2021-01-18,14458.0,14459.1,14222.7999,14227.1,25,14458.0,14379.2999,14459.1,14378.5,14362.7,14459.1,14321.8999,14340.3999,14459.1,14314.6,14434.2999,0.16419293047943406,-1.5970397012034836,-1.4354689970103756,-0.5443360077465764,-0.6591506432424904,-0.8133912021026398,0.5574768294369924,1.6343899571171696,DOWN,DOWN,DOWN,DOWN,DOWN
2021-01-19,14371.3999,14546.0,14350.7999,14525.6,25,14371.3999,14404.2,14419.5,14364.5,14368.3999,14419.5,14361.6,14413.0,14424.2,14350.7999,14227.1,1.0142608121120957,1.0729650630625067,2.0981085393368994,0.22823176745642143,-0.020874793136888493,0.28946449399128926,0.38270454084295574,1.3582539025999827,UP,UP,UP,FLAT,UP
2021-01-20,14550.0,14666.3999,14517.5,14623.7999,25,14550.0,14576.3999,14587.0,14517.5,14557.7,14587.0,14517.5,14577.7,14588.0,14517.5,14525.6,0.16797929173321333,0.5072158075601374,0.6760471168144491,0.18144261168385115,0.05292096219931771,0.19037800687285725,0.47766323024054985,1.0233670103092807,UP,UP,UP,FLAT,UP
2021-01-21,14732.5,14753.5,14517.2,14631.6,25,14732.5,14735.8999,14738.2,14695.2,14727.3999,14738.2,14695.2,14727.2999,14738.2,14695.2,14623.7999,0.743309541591854,-0.6848803665365664,0.05333839394233221,0.023077549635162693,-0.03461802138129751,-0.03529679280502304,0.29187171220091634,1.6039368742575888,DOWN,FLAT,FLAT,FLAT,FLAT
2021-01-22,14587.1,14619.7999,14357.7,14366.7,25,14587.1,14539.8999,14612.1,14536.6,14590.6,14612.1,14518.3999,14600.2999,14612.5,14518.3999,14631.6,-0.3041362530413625,-1.5109240356205116,-1.8104650209136364,-0.32357425396411915,0.02399380274351996,0.09049022766690853,0.5175806020387876,1.7967923713417968,DOWN,DOWN,DOWN,FLAT,FLAT
2021-01-25,14487.5,14491.1,14218.5,14251.7,25,14487.5,14449.2,14491.1,14435.7,14319.1,14491.1,14300.7999,14376.7,14491.1,14260.2,14366.7,0.8408333159319764,-1.6276100086281227,-0.8004621799021348,-0.2643658326143177,-1.1623813632441735,-0.7647972389991322,0.3823986194995661,1.881622088006905,DOWN,DOWN,DOWN,DOWN,DOWN
2021-01-27,14259.2,14260.2,13929.2999,13966.3999,25,14259.2,14187.3999,14260.2,14137.7,14150.5,14260.2,14137.7,14166.0,14260.2,14111.8999,14251.7,0.05262530084130314,-2.0534118323608643,-2.001867145673852,-0.5035352614452451,-0.7623148563734341,-0.6536131059246011,0.8590944793536803,2.3206077479802563,DOWN,DOWN,DOWN,DOWN,DOWN
2021-01-28,13812.7999,13898.2,13713.2,13821.0,25,13812.7999,13832.8999,13866.2999,13794.2,13880.2,13898.2,13794.2,13866.3999,13898.2,13794.2,13966.3999,-1.0997823426207376,0.0593659508525858,-1.0410692880131573,0.14551720248984684,0.4879539303251671,0.3880458733062539,0.5219788929252442,1.3393374358518,FLAT,DOWN,UP,UP,UP
2021-01-29,13937.2999,13966.7999,13596.7,13659.2999,25,13937.2999,13908.2999,13966.7999,13899.3999,13852.0,13966.7999,13851.2999,13855.8999,13966.7999,13827.5,13821.0,0.8414723970769119,-1.9946474711360698,-1.1699594819477608,-0.20807473619764758,-0.6120260065581281,-0.584044259534084,0.4835943868869439,2.6554634158370893,DOWN,DOWN,DOWN,DOWN,DOWN
2021-02-01,13751.7,14336.2999,13661.7,14335.6,25,13751.7,13710.7,13773.7999,13693.5,13682.6,13773.7999,13668.2999,13747.2,13773.7999,13661.7,13659.2999,0.67646292764976,4.246020492011894,4.951206174190526,-0.29814495662354473,-0.5024833293338304,-0.03272322694648662,0.5839270781067066,4.905574583506034,UP,UP,DOWN,DOWN,FLAT
2021-02-02,14485.8999,14731.7,14469.1,14671.5,25,14485.8999,14641.2999,14643.6,14469.1,14656.8999,14699.7999,14469.1,14657.0,14731.7,14469.1,14335.6,1.0484381539663494,1.2812466003579084,2.3431178325288067,1.0727673190672788,1.1804582468500973,1.1811492636367014,1.204619672955216,1.8127972843440703,UP,UP,UP,UP,UP
2021-02-03,14749.8999,14868.7999,14574.1,14784.2999,25,14749.8999,14680.2,14762.0,14574.1,14712.7999,14762.0,14574.1,14753.7,14762.0,14574.1,14671.5,0.5343686739597201,0.23322192172978498,0.768836860580036,-0.4725449018131955,-0.25152713070276744,0.025763564673414386,1.2739069503786913,1.9979789828946541,UP,UP,DOWN,DOWN,FLAT
2021-02-04,14801.5,14913.6,14714.7,14889.0,25,14801.5,14754.6,14802.2999,14733.5,14771.2999,14802.2999,14723.2,14750.5,14802.2999,14723.2,14784.2999,0.11634030773415263,0.5911563017261764,0.7081843625209471,-0.31685977772522805,-0.20403405060297955,-0.3445596730061143,0.4648170793500658,1.343782724723843,UP,UP,DOWN,DOWN,DOWN
2021-02-05,14984.6,15014.6,14864.7,14941.7,25,14984.6,14974.0,15005.8999,14943.8999,14980.3999,15014.6,14943.8999,14945.8999,15014.6,14923.0,14889.0,0.6420847605614908,-0.28629392843318896,0.3539525824434195,-0.0707392923401383,-0.02802944356205718,-0.2582658195747635,0.41375812500834186,1.0003603699798436,DOWN,UP,FLAT,FLAT,DOWN
2021-02-08,15071.2,15159.8999,15041.0,15128.1,25,15071.2,15098.2999,15101.7999,15041.0,15096.8999,15119.2,15041.0,15103.6,15119.2,15041.0,14941.7,0.866701914775427,0.377541270768085,1.2475153429663266,0.17981249004723746,0.17052324964169815,0.2149795636711054,0.4034177769520674,0.7889212537820501,UP,UP,UP,UP,UP
2021-02-09,15165.2,15257.0,15064.2999,15108.7,25,15165.2,15173.6,15188.3999,15137.2,15165.6,15197.7999,15137.2,15168.1,15197.7999,15133.7,15128.1,0.24523899233876273,-0.3725635006462163,-0.1282381792822604,0.05538997177748817,0.0026376177036876282,0.019122728351750298,0.337614406667895,1.2706729881570966,DOWN,DOWN,FLAT,FLAT,FLAT
2021-02-10,15117.2999,15168.2,14977.1,15137.5,25,15117.2999,15094.3999,15168.2,15070.7999,15121.3999,15168.2,15070.7999,15076.2999,15168.2,15070.7999,15108.7,0.0569201850589346,0.13362240700139857,0.1906186501816786,-0.15148207782793036,0.027121245375309144,-0.2712124537530674,0.64429561260474,1.2641146320051528,UP,UP,DOWN,FLAT,DOWN
2021-02-11,15071.5,15188.5,15065.3999,15176.6,25,15071.5,15116.5,15122.2999,15065.3999,15137.7,15151.1,15065.3999,15148.7,15167.7,15065.3999,15137.5,-0.43600330305532614,0.6973426666224355,0.2582989265070214,0.2985767839962844,0.439239624456761,0.5122250605447416,0.3775337557641883,0.8167740437249089,UP,UP,UP,UP,UP
2021-02-12,15188.1,15243.5,15080.8999,15165.7999,25,15188.1,15187.7999,15223.2999,15157.7,15194.5,15223.2999,15157.7,15192.8999,15223.2999,15157.7,15176.6,0.07577454765889592,-0.14682613361776908,-0.07116284279746705,-0.001975889018378758,0.04213825297436569,0.03160303132057321,0.4319164345770653,1.0705756480402397,DOWN,FLAT,FLAT,FLAT,FLAT
2021-02-15,15266.6,15340.1,15243.2999,15333.8999,25,15266.6,15307.1,15310.2999,15243.2999,15287.1,15314.2,15243.2999,15288.8999,15314.2,15243.2999,15165.7999,0.6646540285685847,0.44083096432735497,1.1084149936595191,0.2652850012445469,0.1342800623583509,0.14606985183341398,0.4388665452687566,0.6340645592338856,UP,UP,UP,UP,UP
2021-02-16,15372.2999,15431.7,15242.2,15317.3999,25,15372.2999,15422.5,15425.2999,15365.5,15419.7,15431.7,15365.5,15392.7999,15431.7,15365.5,15333.8999,0.2504255293853825,-0.35713588960100656,-0.10760471965778255,0.32656206505573065,0.30834748416533786,0.13335675294755342,0.3890107556384584,1.232736813832262,DOWN,DOWN,UP,UP,UP
2021-02-17,15278.7999,15314.2999,15170.7,15195.7999,25,15278.7999,15266.0,15289.8999,15242.7999,15232.5,15289.8999,15213.2999,15240.6,15289.8999,15201.2,15317.3999,-0.2520009939807106,-0.543236383375896,-0.7938684162708343,-0.08377555883823035,-0.30303361718874255,-0.25001898218458646,0.3082702850241553,0.9398637389053002,DOWN,DOWN,FLAT,DOWN,DOWN
2021-02-18,15249.3999,15250.7,15078.0,15120.2999,25,15249.3999,15227.5,15250.7,15199.8999,15221.5,15250.7,15199.8999,15226.5,15250.7,15199.8999,15195.7999,0.3527290458727373,-0.8465906910868037,-0.4968478164811844,-0.14361155287166638,-0.18295736345664554,-0.15016918796916293,0.33312851871633575,1.1325035813376545,DOWN,DOWN,DOWN,DOWN,DOWN
2021-02-19,15079.7999,15144.0,14898.2,15003.6,25,15079.7999,15030.8999,15083.2999,15030.1,15076.7999,15084.7,15028.7,15102.0,15113.1,15028.7,15120.2999,-0.267851830108211,-0.5053110817471763,-0.7718094268751879,-0.32427485990712407,-0.019894163184486287,0.14721747070397148,0.35278916399944815,1.6299951035822384,DOWN,DOWN,DOWN,FLAT,UP
2021-02-22,15005.5,15010.1,14635.0,14642.5,25,15005.5,15002.2,15008.5,14923.5,14985.6,15010.1,14923.5,14877.0,15010.1,14866.5,15003.6,0.012663627396089179,-2.419112991902969,-2.4067557119624645,-0.021991936290022142,-0.13261804005197853,-0.8563526706874146,0.5664589650461498,2.4997500916330706,DOWN,DOWN,FLAT,DOWN,DOWN
2021-02-23,14775.7999,14854.5,14651.7999,14717.3999,25,14775.7999,14751.2999,14783.1,14711.3999,14681.6,14783.1,14680.7999,14754.6,14783.1,14651.7999,14642.5,0.9103629844630355,-0.39524086949769566,0.5115239883899632,-0.16581166614201376,-0.6375282599759599,-0.14347717310383729,0.48525359361424497,1.3718384207409307,DOWN,UP,DOWN,DOWN,DOWN
2021-02-24,14691.2999,14836.3999,14681.2,14781.2999,25,14691.2999,14749.6,14776.6,14690.5,14763.7,14793.7,14690.5,14814.5,14822.2,14690.5,14717.3999,-0.1773411076504102,0.6126074657287474,0.43417995321306474,0.3968341834748087,0.4928093531056482,0.8385922337614251,0.5860611422138374,1.0564068602261643,UP,UP,UP,UP,UP
2021-02-25,15086.7999,15176.5,15065.2999,15103.7999,25,15086.7999,15147.7999,15157.5,15065.2999,15147.7999,15170.7999,15065.2999,15117.8999,15170.7999,15065.2999,14781.2999,2.0668006336844567,0.1126812850483952,2.181810816246276,0.40432696399718276,0.40432696399718276,0.2061404685297136,0.6111309264465026,0.7370688332652972,UP,UP,UP,UP,UP
2021-02-26,14884.7999,14919.3999,14467.7,14525.2,25,14884.7999,14899.7,14908.6,14777.5,14873.5,14919.3999,14777.5,14877.2999,14919.3999,14777.5,15103.7999,-1.4499662432630611,-2.4158866925715223,-3.8308233943168117,0.10010279009528875,-0.07591569974682683,-0.05038697228304695,0.880764275507663,3.0346387122073413,DOWN,DOWN,UP,FLAT,FLAT
2021-03-01,14703.2999,14806.7999,14638.5,14785.7,25,14703.2999,14680.0,14732.1,14638.7999,14741.6,14745.7999,14638.7999,14735.2,14766.2999,14638.7999,14525.2,1.226144218324011,0.5604190934036566,1.7934348580398205,-0.15846714790874925,0.2604864231872219,0.21695877943699393,0.6345521116657654,1.1446403266249094,UP,UP,DOWN,UP,UP
2021-03-02,14885.8999,14959.1,14760.7999,14944.2999,25,14885.8999,14882.8999,14886.2,14813.6,14882.7,14906.8999,14813.6,14920.8999,14933.6,14813.6,14785.7,0.6776811378561692,0.39231756489239616,1.0726573648863378,-0.020153299566390337,-0.021496181094161567,0.23512182827455397,0.4877098495066487,1.3321337731150562,UP,UP,FLAT,FLAT,UP
2021-03-03,15063.7999,15273.1,14995.7999,15241.5,25,15063.7999,15030.7,15064.7999,15014.2,15005.1,15064.7999,15004.2,15037.2,15064.7999,14995.7999,14944.2999,0.7996359869624939,1.1796498969692237,1.9887187890280495,-0.21973141053207465,-0.38967525053223534,-0.1765816074070345,0.3359039574071829,1.8408376494698417,UP,UP,DOWN,DOWN,DOWN
2021-03-04,15032.7999,15202.2999,14980.2,15086.8999,25,15032.7999,15072.1,15101.0,15013.5,15014.8999,15101.0,15006.7,15065.2,15101.0,14980.2,15241.5,-1.3692884558606437,0.35987973205178075,-1.0143365154348303,0.26142901030699134,-0.11907296125187987,0.21552937719872628,0.5820605647787542,1.4774353512149074,UP,DOWN,UP,DOWN,UP
2021-03-05,14972.0,15092.2999,14862.1,14962.2999,25,14972.0,14997.5,15023.7,14929.2,15033.1,15034.6,14929.2,15065.2,15092.2999,14929.2,15086.8999,-0.7615872098415682,-0.06478827144002151,-0.825882062092825,0.17031792679668714,0.40809511087363315,0.6224953246059359,0.63117819930537,1.5375360673256722,FLAT,DOWN,UP,UP,UP
2021-03-08,15010.2,15111.1,14919.7999,14963.0,25,15010.2,15040.2,15049.2999,14984.6,15032.7999,15055.7999,14984.6,15089.7999,15111.1,14984.6,14962.2999,0.3201386171921387,-0.3144528387363308,0.004679093486155964,0.19986409241715633,0.1505636167406114,0.5303053923332084,0.4310395597660232,1.2744673621937108,DOWN,FLAT,UP,UP,UP
2021-03-09,15041.0,15126.7999,14925.3999,15098.2,25,15041.0,15091.8999,15119.2999,15039.8999,15073.7,15119.2999,15039.8999,15053.7999,15119.2999,15035.3999,14963.0,0.5212858384013901,0.3802938634399357,0.9035621198957476,0.33840768565920043,0.21740575759590938,0.0851000598364469,0.5278904328169645,1.3390067149790548,UP,UP,UP,UP,FLAT
2021-03-10,15205.3999,15218.3999,15100.7999,15168.5,25,15205.3999,15172.2,15218.3999,15167.2,15178.7999,15218.3999,15161.6,15192.2999,15218.3999,15161.6,15098.2,0.7100177504603172,-0.24267628765225926,0.4656184180895687,-0.2183428270110779,-0.17493785217710955,-0.08615360389173563,0.33672182472490986,0.7734094517303709,DOWN,UP,DOWN,DOWN,FLAT
2021-03-12,15315.0,15336.2999,14953.6,15023.1,25,15315.0,15303.0,15336.2999,15291.3999,15299.8999,15336.2999,15282.5,15289.2999,15336.2999,15276.0,15168.5,0.9658173187856414,-1.9059745347698311,-0.9585654481326409,-0.07835455435847208,-0.09859680052236146,-0.16780999020568083,0.293176624224614,2.498856676460983,DOWN,DOWN,FLAT,FLAT,DOWN
2021-03-15,15046.8999,15048.5,14745.7999,14921.5,25,15046.8999,14918.2,15048.5,14901.5,14822.2,15048.5,14818.5,14868.7999,15048.5,14818.5,15023.1,0.15842203007368638,-0.833393594915856,-0.6762918438937394,-0.8553250227975505,-1.493330197537897,-1.1836325168880824,0.9769454238211553,2.0117107311918785,DOWN,DOWN,DOWN,DOWN,DOWN
2021-03-16,14994.7999,15051.6,14890.6,14923.2999,25,14994.7999,14977.8999,15016.1,14967.3999,14957.2999,15016.1,14946.5,14984.5,15016.1,14939.3999,14921.5,0.4912368059511442,-0.4768319715956997,0.012062460208423949,-0.11270573874079931,-0.25008669838935293,-0.06868981292641312,0.32477992587283555,1.0737055584182886,DOWN,FLAT,DOWN,DOWN,FLAT
2021-03-17,14945.3999,14956.5,14696.0,14707.7,25,14945.3999,14929.2999,14956.5,14884.5,14914.7,14956.5,14884.5,14866.5,14956.5,14861.2,14923.2999,0.14809057077248958,-1.5904552677777435,-1.4447200112891871,-0.10772545470663761,-0.20541370726386263,-0.5279209691806263,0.48175358626569764,1.7430112391974202,DOWN,DOWN,DOWN,DOWN,DOWN
2021-03-18,14857.8999,14875.2,14478.6,14582.0,25,14857.8999,14832.5,14875.2,14808.1,14859.2,14875.2,14808.1,14807.7,14875.2,14803.8999,14707.7,1.0212330955893825,-1.856923938490125,-0.8546543647205255,-0.170952154550458,0.008750227210780873,-0.3378667263736217,0.4516116036022046,2.669287063914062,DOWN,DOWN,DOWN,FLAT,DOWN
2021-03-19,14475.8999,14788.2,14350.1,14738.3999,25,14475.8999,14375.0,14492.2999,14369.0,14420.1,14492.2999,14350.1,14501.1,14519.2,14350.1,14582.0,-0.7276100672061422,1.8133587674228113,1.0725545192703356,-0.6970198792269926,-0.3854675729002518,0.17408313247593002,0.8517598273804032,3.0264094324111785,UP,UP,DOWN,DOWN,UP
2021-03-22,14743.1,14763.8999,14597.7999,14745.1,25,14743.1,14680.5,14743.7,14644.8999,14717.7,14743.7,14644.8999,14731.7,14763.8999,14644.8999,14738.3999,0.03189016468470244,0.013565668007406854,0.04546015880597744,-0.424605408631837,-0.17228398369406459,-0.07732430764221661,0.6701446778493015,1.1266287280151417,FLAT,FLAT,DOWN,DOWN,FLAT
2021-03-23,14768.0,14878.6,14707.0,14806.3999,25,14768.0,14834.2999,14843.8999,14743.3999,14798.7,14843.8999,14743.3999,14772.6,14843.8999,14743.3999,14745.1,0.15530583041145624,0.2600209913326134,0.4157306495039028,0.4489429848320692,0.20788190682557375,0.031148429035755442,0.6805254604550379,1.161971830985918,UP,UP,UP,UP,FLAT
2021-03-24,14711.0,14752.2999,14535.0,14564.2999,25,14711.0,14722.3999,14751.7,14703.1,14736.0,14752.2999,14703.1,14668.6,14752.2999,14664.6,14806.3999,-0.6443153004397804,-0.997213649649922,-1.6351037499669339,0.07749235266127621,0.169940860580518,-0.288219699544556,0.3303650329685294,1.4771252804024197,DOWN,DOWN,FLAT,UP,DOWN
2021-03-25,14575.2999,14576.3999,14264.3999,14346.2999,25,14575.2999,14448.7999,14576.3999,14431.7,14446.3999,14576.3999,14431.7,14436.5,14576.3999,14406.3999,14564.2999,0.0755271456611519,-1.571151204923063,-1.4968107049210102,-0.8679066699684169,-0.8843728834697915,-0.9522953280707451,0.9927747695949612,2.1406077551790204,DOWN,DOWN,DOWN,DOWN,DOWN
2021-03-26,14505.5,14572.8999,14414.2,14518.7,25,14505.5,14461.8999,14508.2999,14432.2999,14435.1,14508.2999,14432.2999,14480.7999,14508.2999,14414.2,14346.2999,1.109694493421262,0.0909999655303211,1.2017042805580884,-0.30057633311502296,-0.48533314949501666,-0.17028092792389107,0.5239391954775774,1.094067078004892,FLAT,UP,DOWN,DOWN,DOWN
2021-03-30,14619.7,14876.2999,14617.6,14854.8999,25,14619.7,14677.5,14679.1,14617.6,14688.2,14701.5,14617.6,14740.8999,14743.2,14617.6,14518.7,0.6956545696240021,1.6087874580189718,2.3156336311102206,0.3953569498690073,0.4685458661942447,0.8290176953015425,0.4206652667291394,1.7695294705089681,UP,UP,UP,UP,UP
2021-03-31,14812.6,14813.7,14670.2,14692.1,25,14812.6,14727.6,14813.7,14726.7999,14783.0,14813.7,14723.1,14747.1,14813.7,14723.1,14854.8999,-0.28475385418113774,-0.8134966177443528,-1.0959340089528302,-0.5738357884503733,-0.1998298745662501,-0.44219110757058183,0.5866633811754908,0.9687698310897479,DOWN,DOWN,DOWN,DOWN,DOWN
2021-04-01,14797.2,14883.2,14692.3999,14865.5,25,14797.2,14789.2999,14814.6,14778.1,14774.3999,14814.6,14760.7999,14765.7999,14814.6,14760.7999,14692.1,0.715350426419643,0.4615738112615851,1.1802261079083292,-0.053389154704949225,-0.15408388073419554,-0.2122029843483953,0.2466682885951396,1.2894338118022355,UP,UP,FLAT,DOWN,DOWN
2021-04-05,14845.2,14849.7999,14459.3999,14649.2,25,14845.2,14778.7,14849.7999,14736.5,14777.7999,14849.7999,14736.5,14574.2,14849.7999,14559.5,14865.5,-0.13655780162119857,-1.320292080941988,-1.4550469207224734,-0.4479562417481745,-0.454019481044383,-1.8255058874248915,0.7632089833750976,2.6298062673456712,DOWN,DOWN,DOWN,DOWN,DOWN
2021-04-06,14728.1,14779.1,14573.8999,14699.7999,25,14728.1,14702.5,14740.0,14573.8999,14729.7999,14757.7,14573.8999,14722.1,14757.7,14573.8999,14649.2,0.5385959642847366,-0.19215037920709652,0.3454106708898728,-0.1738173966771027,0.011541882523880309,-0.04073845234619537,1.127776834758045,1.3932557492140876,DOWN,UP,DOWN,FLAT,FLAT
2021-04-07,14717.0,14879.7999,14649.7999,14807.7,25,14717.0,14751.3999,14754.0,14649.7999,14772.2999,14775.1,14649.7999,14786.5,14809.7,14649.7999,14699.7999,0.1170090757493918,0.6162940816742593,0.7340242774325162,0.233742610586399,0.37575524903173185,0.47224298430386624,0.7080254127879324,1.5628185092070397,UP,UP,UP,UP,UP
2021-04-08,14873.1,14984.1,14821.1,14877.6,25,14873.1,14928.8999,14939.1,14864.5,14937.6,14939.1,14864.5,14942.6,14949.6,14864.5,14807.7,0.4416621082274737,0.03025596546785808,0.4720517028302818,0.37517329944665184,0.4336688383726325,0.4672865777813636,0.5015766719782719,1.0959383047246372,FLAT,UP,UP,UP,UP
2021-04-09,14876.8999,14918.3999,14785.6,14838.2,25,14876.8999,14850.0,14884.2,14806.2999,14880.5,14891.5,14806.2999,14905.7999,14918.3999,14806.2999,14877.6,-0.0047057321073292755,-0.26013416948513324,-0.2648276603753269,-0.18081656918320962,0.02419926210567335,0.19426090243438174,0.5236312707864678,0.8926584227403451,DOWN,DOWN,DOWN,FLAT,UP
2021-04-12,14646.6,14652.5,14248.7,14356.2999,25,14646.6,14455.5,14652.5,14452.5,14489.6,14652.5,14384.3999,14455.7999,14652.5,14384.3999,14838.2,-1.291261743338143,-1.9820306419237255,-3.247699181841468,-1.3047396665437738,-1.0719211284530197,-1.3026920923627352,1.3655046222331464,2.7569538322887173,DOWN,DOWN,DOWN,DOWN,DOWN
2021-04-13,14363.1,14528.8999,14274.8999,14524.2999,25,14363.1,14375.2999,14392.0,14274.8999,14375.7999,14393.7999,14274.8999,14442.5,14449.0,14274.8999,14356.2999,0.047366661656325415,1.122319694216427,1.170217961245014,0.08493918443789722,0.08842032708816074,0.5528054528618449,0.8152843049202446,1.7684204663338694,UP,UP,FLAT,FLAT,UP
2021-04-15,14532.2,14597.5,14353.2,14589.7,25,14532.2,14553.7999,14566.7999,14482.7999,14473.2,14566.7999,14441.6,14456.7999,14566.7999,14432.2999,14524.2999,0.05439229466750922,0.39567305707325795,0.45028056739589045,0.14863475592132816,-0.4059949629099517,-0.5188484881848636,0.5780267268548465,1.681094397269507,UP,UP,UP,DOWN,DOWN
2021-04-16,14598.7999,14697.7,14558.8999,14590.7999,25,14598.7999,14616.7999,14640.7999,14558.8999,14637.0,14653.0,14558.8999,14654.2999,14668.8999,14558.8999,14589.7,0.06237208441571281,-0.05479902495272917,0.007538880168881142,0.12329780614364061,0.2616660291370938,0.38016823560955854,0.5610050179535624,0.9507637679176655,FLAT,FLAT,UP,UP,UP
2021-04-19,14309.3999,14382.2999,14191.3999,14363.7,25,14309.3999,14265.2,14326.0,14203.1,14205.3999,14326.0,14198.7,14287.8999,14326.0,14191.3999,14590.7999,-1.92861256359221,0.37947153884489865,-1.556459560520731,-0.30888716723892534,-0.7267949790123623,-0.15025088508428647,0.8588759896213373,1.3340880912832664,UP,DOWN,DOWN,DOWN,DOWN
2021-04-20,14527.0,14528.2999,14207.2999,14279.2,25,14527.0,14505.0,14528.2999,14475.7999,14486.3999,14528.2999,14458.7999,14445.5,14528.2999,14439.8999,14363.7,1.1368936973063992,-1.7057892200729625,-0.5882885328989049,-0.151442142217939,-0.27948027810284065,-0.5610242995800923,0.3613960212018999,2.209678529634474,DOWN,DOWN,DOWN,DOWN,DOWN
2021-04-22,14220.5,14424.7,14151.2999,14398.7,25,14220.5,14217.8999,14226.3999,14151.2999,14247.5,14258.7,14151.2999,14244.6,14271.2999,14151.2999,14279.2,-0.41108745587988627,1.2531204950599537,0.836881618017816,-0.018284167223372293,0.1898667416757498,0.1694736471994681,0.5281108259203289,1.922577265215715,UP,UP,FLAT,UP,UP
2021-04-23,14324.5,14461.1,14273.2999,14331.2,25,14324.5,14342.7,14402.0,14319.0,14350.7,14402.0,14319.0,14393.2999,14402.0,14319.0,14398.7,-0.5153243001104316,0.04677301127439511,-0.46879232152902695,0.1270550455513332,0.1829034172222467,0.4802952982652098,0.5794268560857273,1.3110412230793422,FLAT,DOWN,UP,UP,UP
2021-04-26,14438.7,14557.5,14421.2999,14488.8999,25,14438.7,14488.8999,14505.2999,14421.2999,14512.6,14536.0,14421.2999,14523.1,14557.5,14421.2999,14331.2,0.750111644523836,0.3476760373163762,1.1003956402813415,0.3476760373163762,0.5118189310671988,0.5845401594326334,0.5817698269234765,0.9432989119519071,UP,UP,UP,UP,UP
2021-04-27,14492.7,14667.5,14484.7999,14658.7999,25,14492.7,14518.7999,14554.2,14484.7999,14549.7,14554.2,14484.7999,14566.3999,14583.7,14484.7999,14488.8999,0.02622766411686221,1.1460935505461318,1.1726218082298963,0.18008997633290727,0.3933014552153843,0.508531191565406,0.4788624617911138,1.2606353543508113,UP,UP,UP,UP,UP
2021-04-28,14710.3999,14890.2,14694.8999,14849.1,25,14710.3999,14756.7999,14757.7999,14694.8999,14746.5,14760.1,14694.8999,14754.8999,14764.8999,14694.8999,14658.7999,0.35200698796632296,0.9428710364291321,1.2981969963311961,0.3154231041672744,0.2454052931626941,0.30250707188456516,0.4275886476750345,1.3276328402193904,UP,UP,UP,UP,UP
2021-04-29,14982.7,15044.2999,14814.3999,14888.2999,25,14982.7,15013.5,15044.2999,14961.5,15010.0,15044.2999,14961.5,14922.3999,15044.2999,14896.0,14849.1,0.8997178280165151,-0.6300606699727068,0.2639883898687437,0.20557042455631677,0.18221014903855293,-0.40246484278534833,0.552636707669512,1.5344363832953982,DOWN,UP,UP,UP,DOWN
2021-04-30,14744.2999,14855.3999,14601.6,14618.0,25,14744.2999,14805.6,14821.5,14730.7,14832.8999,14855.3999,14730.7,14803.7999,14855.3999,14730.7,14888.2999,-0.9672024406225187,-0.8566015399618938,-1.8155189095834912,0.4157545655999603,0.6009101863154612,0.4035457797490948,0.6158312067431514,1.721342496567097,DOWN,DOWN,UP,UP,UP
2021-05-03,14487.2,14673.7999,14416.2,14645.3999,25,14487.2,14525.5,14531.5,14416.2,14545.1,14548.0,14416.2,14542.8999,14561.2999,14416.2,14618.0,-0.8947872485976144,1.091997763542987,0.1874394582022188,0.2643713070848699,0.39966315091942983,0.3844766414490006,0.7958749792920596,1.7781206858468113,UP,UP,UP,UP,UP
2021-05-04,14685.0,14723.3999,14461.5,14504.6,25,14685.0,14669.3999,14723.3999,14647.2999,14620.3999,14723.3999,14617.6,14647.7,14723.3999,14580.1,14645.3999,0.2703927531538395,-1.2284644194756529,-0.9613933450871489,-0.10623152877085226,-0.43990534559073646,-0.25400068096696815,0.5182158665304758,1.7834518215866555,DOWN,DOWN,DOWN,DOWN,DOWN
2021-05-05,14606.7999,14637.8999,14506.6,14634.7999,25,14606.7999,14546.2999,14608.2,14533.5,14572.2999,14608.2,14533.5,14551.7,14608.2,14506.6,14504.6,0.7046033672076418,0.19169154223848853,0.897645574507395,-0.41419065376530556,-0.23619136454385192,-0.3772208860066554,0.5114056501862583,0.8988957259556899,UP,UP,DOWN,DOWN,DOWN
2021-05-06,14675.7999,14743.7999,14611.5,14733.1,25,14675.7999,14652.2999,14683.2,14636.2,14677.3999,14693.6,14636.2,14649.1,14697.3999,14636.2,14634.7999,0.2801541550287954,0.3904393654208953,0.6716873525547854,-0.1601275580215563,0.010902301822746737,-0.18193148027317826,0.3202551160431126,0.9014834005743019,UP,UP,DOWN,FLAT,DOWN
2021-05-07,14810.8999,14863.0,14765.5,14810.8999,25,14810.8999,14852.0,14854.2,14808.1,14856.0,14863.0,14808.1,14833.7,14863.0,14808.1,14733.1,0.5280619828820817,0.0,0.5280619828820817,0.27749900598544763,0.30450614280364996,0.15394135504217663,0.3112572518297849,0.658298959943683,FLAT,UP,UP,UP,UP
2021-05-10,14926.2,14966.8999,14892.5,14951.1,25,14926.2,14936.7,14951.2,14911.8999,14915.3999,14951.2,14904.5,14920.5,14951.2,14892.5,14810.8999,0.7784813939631067,0.16682075812999717,0.946600820656414,0.07034610282590344,-0.07235666144095873,-0.0381878843912096,0.26329608339698235,0.49845171577494835,UP,UP,FLAT,FLAT,FLAT
2021-05-11,14792.3999,14899.8999,14771.3999,14846.0,25,14792.3999,14827.8999,14830.6,14771.3999,14823.0,14835.3999,14771.3999,14845.6,14847.7999,14771.3999,14951.1,-1.0614610296232385,0.36234891134872343,-0.7029583107597459,0.23998810362069778,0.20686366111559526,0.35964482004032367,0.4002061896663571,0.868689332824216,UP,DOWN,UP,UP,UP
2021-05-12,14823.8999,14826.7999,14649.7,14699.1,25,14823.8999,14775.2999,14826.7999,14767.2999,14769.5,14826.7999,14728.1,14740.1,14826.7999,14728.1,14846.0,-0.14886231981678336,-0.8418830459048093,-0.9894921190893146,-0.3278489488451036,-0.3669742804995623,-0.5653026569614112,0.40137885712517524,1.194691688386261,DOWN,DOWN,DOWN,DOWN,DOWN
2021-05-14,14754.2999,14755.2999,14591.8999,14682.7999,25,14754.2999,14663.2999,14755.2999,14653.6,14677.6,14755.2999,14618.7999,14686.3999,14755.2999,14618.7999,14699.1,0.37553251559619033,-0.4846044914676026,-0.11089182330891267,-0.6167693527769488,-0.5198477767149061,-0.4602048247643363,0.6892899065986833,1.1074737609203649,DOWN,DOWN,DOWN,DOWN,DOWN
2021-05-17,14756.2999,14937.8999,14725.2999,14924.6,25,14756.2999,14733.7,14767.2999,14725.2999,14768.2999,14777.5,14725.2999,14809.1,14811.7999,14725.2999,14682.7999,0.5005857227544183,1.140530493013363,1.6468255485794665,-0.15315424702095715,0.08132119895448858,0.35781395307641034,0.28462419634071007,1.4407405748103586,UP,UP,DOWN,FLAT,UP
2021-05-18,15061.7999,15137.2,15043.7,15109.3999,25,15061.7999,15118.8999,15120.3999,15048.7,15089.1,15124.5,15048.7,15057.2,15124.5,15043.7,14924.6,0.9192869490639589,0.31603128653966756,1.2382234699757446,0.37910475759275203,0.18125390179961418,-0.030540174683898514,0.4760380597009499,0.6207757414171994,UP,UP,UP,UP,FLAT
2021-05-19,15062.2999,15133.2999,15008.7999,15019.8999,25,15062.2999,15103.5,15104.2999,15049.6,15105.0,15133.2999,15049.6,15102.1,15133.2999,15049.6,15109.3999,-0.3117264769727907,-0.28149751552881797,-0.5923464902136848,0.27353126862120186,0.2834899071422686,0.2642365393348753,0.3631576874923305,0.826566997248541,DOWN,DOWN,UP,UP,UP
2021-05-20,15037.3999,15069.7999,14884.8999,14920.5,25,15037.3999,14979.3999,15069.7999,14977.6,15005.5,15069.7999,14960.5,15025.1,15069.7999,14960.5,15019.8999,0.11651209473107074,-0.7773943685570291,-0.6617880322890856,-0.3857049781591564,-0.21213707297895526,-0.08179539070447929,0.6131372485478663,1.2296008700280667,DOWN,DOWN,DOWN,DOWN,FLAT
2021-05-21,14986.5,15190.0,14985.7999,15185.5,25,14986.5,15017.2999,15026.6,14985.7999,15040.6,15041.5,14985.7999,15060.2999,15076.6,14985.7999,14920.5,0.44234442545491104,1.327861742234678,1.7760798900841126,0.2055176325359489,0.36099155906983194,0.4924425316117838,0.2722456877856763,1.3625603042738466,UP,UP,UP,UP,UP
2021-05-24,15211.2999,15256.2,15145.3999,15184.6,25,15211.2999,15213.8999,15251.8999,15193.3999,15205.7,15251.8999,15183.0,15187.0,15251.8999,15145.3999,15185.5,0.16989825820684193,-0.17552674771733096,-0.005926706397547899,0.017092556304148365,-0.03681407924906702,-0.15974900343658321,0.38458251684328437,0.7284065183673119,DOWN,FLAT,FLAT,FLAT,DOWN
2021-05-25,15289.1,15293.7999,15163.2999,15217.7,25,15289.1,15274.2,15293.7999,15258.7999,15264.6,15293.7999,15257.5,15261.0,15293.7999,15247.0,15184.6,0.6881972524794858,-0.4669993655610836,0.21798401011551416,-0.09745504967591052,-0.16024488033958834,-0.183791066838469,0.22892125762798335,0.8535492605843378,DOWN,UP,FLAT,DOWN,DOWN
2021-05-26,15262.0,15319.8999,15194.8999,15300.3999,25,15262.0,15214.7,15262.1,15194.8999,15215.0,15262.1,15194.8999,15241.8999,15262.1,15194.8999,15217.7,0.2911083803728505,0.2516046389726139,0.5434454615349206,-0.3099200629013188,-0.30795439654042717,-0.1317003014021731,0.4403099200629015,0.8190276503734766,UP,UP,DOWN,DOWN,DOWN
2021-05-27,15321.7999,15384.5,15272.5,15371.3999,25,15321.7999,15295.5,15335.5,15280.7999,15293.5,15335.5,15278.6,15314.1,15335.5,15278.6,15300.3999,0.13986562534224767,0.3237217580422804,0.4640401588457828,-0.171650198877744,-0.18470349557299712,-0.05025453961188735,0.3570083172800084,0.7309846149341762,UP,UP,DOWN,DOWN,FLAT
2021-05-28,15421.0,15469.6,15394.7,15454.7,25,15421.0,15434.0,15455.5,15405.3999,15444.1,15455.5,15405.3999,15431.5,15455.5,15405.3999,15371.3999,0.322677832355397,0.2185331690551892,0.541916159503471,0.0843006290123857,0.14979573309124158,0.06808896958692692,0.3248823033525689,0.48570131638674297,UP,UP,FLAT,UP,FLAT
2021-05-31,15447.3999,15606.2999,15374.0,15577.2,25,15447.3999,15393.6,15447.8999,15384.2,15443.1,15450.8999,15374.0,15497.1,15497.3999,15374.0,15454.7,-0.04723546882178486,0.8402715074399051,0.792639132432205,-0.34827802962490784,-0.027835752475081448,0.3217376407792746,0.4123664850548707,1.5038123017712512,UP,UP,DOWN,FLAT,UP
2021-06-01,15630.2999,15660.7,15528.2999,15567.8999,25,15630.2999,15640.1,15650.1,15588.6,15650.5,15660.7,15588.6,15592.2,15660.7,15588.6,15577.2,0.34088218678581034,-0.3992245855756078,-0.05970328428729414,0.0626993727740335,0.1292368037032995,-0.2437566792944213,0.3934665386682696,0.8470733181517569,DOWN,FLAT,FLAT,UP,DOWN
2021-06-02,15520.3999,15597.3999,15459.7999,15590.5,25,15520.3999,15502.1,15564.0,15500.3999,15520.7,15564.0,15491.8999,15508.5,15564.0,15491.8999,15567.8999,-0.30511501426085097,0.45166426414051136,0.14517115439571687,-0.11790868868011564,0.0019335841984354034,-0.07667263779717651,0.4097838999625239,0.8865750939832443,UP,UP,DOWN,FLAT,FLAT
2021-06-03,15654.0,15705.1,15611.0,15688.0,25,15654.0,15671.2999,15693.1,15646.0,15666.1,15693.1,15646.0,15655.3999,15693.1,15644.3999,15590.5,0.40729931689169685,0.21719688258592054,0.6253808408966999,0.11051424556024006,0.07729653762616816,0.0089427622332972,0.30088156381755693,0.6011243132745647,UP,UP,UP,FLAT,FLAT
2021-06-04,15723.7999,15733.6,15622.2999,15669.2999,25,15723.7999,15712.3999,15724.2999,15680.1,15714.3999,15724.2999,15680.1,15728.1,15733.2,15680.1,15688.0,0.2281992605813359,-0.34660832843592726,-0.11920002549719545,-0.07250155860861367,-0.05978198692289156,0.027347715102889247,0.28110189827587173,0.7078448002890216,DOWN,DOWN,FLAT,FLAT,FLAT
2021-06-07,15721.7999,15773.3999,15678.0,15747.2,25,15721.7999,15700.7999,15728.2,15678.0,15705.0,15728.2,15678.0,15716.2999,15728.2,15678.0,15669.2999,0.3350500681909853,0.16155974609497953,0.49715112032542536,-0.13357249254902423,-0.10685735797973094,-0.03498327185807778,0.3193018631410054,0.6068001158060811,UP,UP,DOWN,DOWN,FLAT
2021-06-08,15774.2999,15778.7999,15680.0,15741.0,25,15774.2999,15741.0,15778.7999,15734.2999,15710.7,15778.7999,15710.2999,15695.2999,15778.7999,15680.0,15747.2,0.17209345153423625,-0.21110223725364813,-0.039372078845767676,-0.21110223725364813,-0.4031868317655052,-0.5008146193543588,0.2821044374844173,0.6263346115284646,DOWN,FLAT,DOWN,DOWN,DOWN
2021-06-09,15764.3999,15800.3999,15566.8999,15642.2999,25,15764.3999,15756.5,15772.7999,15723.1,15770.2,15778.2999,15723.1,15783.6,15792.8999,15723.1,15741.0,0.14865573978781743,-0.7745299584794241,-0.6270256019312624,-0.05011227861582186,0.03679239322012114,0.12179404304505127,0.31526667881597964,1.4811854652329643,DOWN,DOWN,FLAT,FLAT,UP
2021-06-10,15688.2999,15751.2,15648.5,15745.2,25,15688.2999,15676.8999,15696.0,15648.5,15699.7,15708.6,15648.5,15693.1,15708.6,15648.5,15642.2999,0.294074402703403,0.36269130729710714,0.6578322922961013,-0.07266561751537931,0.0726662549330839,0.03059668689786064,0.30277340631409017,0.6546279753359427,UP,UP,FLAT,FLAT,FLAT
2021-06-11,15796.2,15835.5,15749.7,15804.2,25,15796.2,15808.5,15824.0,15781.3999,15822.5,15835.5,15781.3999,15808.7999,15835.5,15781.3999,15745.2,0.32390823870131846,0.05064509185753536,0.37471737418387824,0.077866828730956,0.16649573948164287,0.07976538661196522,0.2696857472050218,0.5431686101720621,FLAT,UP,FLAT,UP,FLAT
2021-06-14,15784.6,15823.0,15606.5,15809.6,25,15784.6,15663.2999,15791.8999,15661.7,15679.7,15791.8999,15606.5,15732.3999,15791.8999,15606.5,15804.2,-0.12401766619000243,0.15838222064543922,0.034168132521732425,-0.7684711681005562,-0.6645717978282607,-0.3307027102365598,0.8248539715925626,1.3715900307895037,UP,FLAT,DOWN,DOWN,DOWN
2021-06-15,15867.1,15901.6,15842.2999,15857.8999,25,15867.1,15883.0,15884.7,15842.2999,15886.2,15889.5,15842.2999,15886.2999,15891.2999,15842.2999,15809.6,0.36370306649124584,-0.05798223998084098,0.3055099433255742,0.10020734727832835,0.12037486371170765,0.12100446836535733,0.26722022297710823,0.37372991914086623,FLAT,UP,UP,UP,UP
2021-06-16,15855.5,15880.7999,15742.5,15756.7999,25,15855.5,15863.7999,15873.0,15814.8999,15851.1,15880.7999,15814.8999,15825.5,15880.7999,15814.8999,15857.8999,-0.015133781995939724,-0.6224975560531048,-0.6375371306259813,0.052347135063542494,-0.02775062281227105,-0.1892087919018637,0.36643499101258026,0.8722518999716186,DOWN,DOWN,FLAT,FLAT,DOWN
2021-06-17,15647.8999,15769.2999,15616.7,15681.0,25,15647.8999,15709.7999,15710.2999,15644.7,15717.2,15719.2999,15644.7,15734.8999,15738.2,15644.7,15756.7999,-0.6911301831027228,0.21153062207408202,-0.4810615130042997,0.39558024013177406,0.44287157026100593,0.5559851517199442,0.41922494660129606,0.9752100983212402,UP,DOWN,UP,UP,UP
2021-06-18,15757.7,15761.5,15450.8999,15720.6,25,15757.7,15729.1,15761.5,15683.8999,15667.0,15761.5,15661.8999,15621.7999,15761.5,15569.6,15681.0,0.48912696894331187,-0.23544045133490527,0.2525349148651257,-0.18149856895359323,-0.5755916155276514,-0.862436142330421,0.49245829023270943,1.9711004778616144,DOWN,UP,DOWN,DOWN,DOWN
2021-06-21,15530.8999,15765.1,15505.6,15750.2999,25,15530.8999,15576.2,15584.6,15505.6,15582.6,15590.5,15505.6,15596.6,15609.6,15505.6,15720.6,-1.206697581517245,1.4126676587491214,0.18892345075887443,0.2916772388701081,0.33288541123106474,0.4230282882706624,0.5086633775805869,1.6708626136982572,UP,UP,UP,UP,UP
2021-06-22,15844.1,15895.7,15752.1,15765.8999,25,15844.1,15861.7999,15865.8999,15812.3999,15872.6,15877.5,15812.3999,15884.3999,15888.2999,15812.3999,15750.2999,0.5955448505459912,-0.49355974779255385,0.09904573309109095,0.11171287734866363,0.17987768317544067,0.25435272435796275,0.3376651245574062,0.9063310632980123,DOWN,FLAT,UP,UP,UP
2021-06-23,15858.7999,15862.8999,15673.8999,15694.8999,25,15858.7999,15803.5,15862.8999,15776.2999,15809.2,15862.8999,15776.2999,15752.7999,15862.8999,15752.3999,15765.8999,0.5892464152965962,-1.0334956051750146,-0.4503390256841603,-0.3487016694119457,-0.3127594793600949,-0.6683986220167896,0.5460690628929643,1.1917673543506908,DOWN,DOWN,DOWN,DOWN,DOWN
2021-06-24,15738.3999,15821.3999,15702.7,15794.5,25,15738.3999,15743.6,15746.1,15702.7,15756.2999,15760.2999,15702.7,15731.2,15762.7,15702.7,15694.8999,0.27716009835781114,0.3564536443123399,0.634601689941327,0.033040842989381786,0.11373456077958494,-0.04574734436630763,0.27575865574491876,0.754205641959826,UP,UP,FLAT,UP,FLAT
2021-06-25,15827.7999,15870.7999,15772.2999,15847.2,25,15827.7999,15823.7999,15844.3999,15782.7999,15826.8999,15844.3999,15782.7999,15796.7,15844.3999,15772.2999,15794.5,0.2108322517331981,0.12256978305620826,0.3336604514229683,-0.02527198994978449,-0.0056861977386992125,-0.19648909005982096,0.3891886452266835,0.6223227525134432,UP,UP,FLAT,FLAT,DOWN
2021-06-28,15915.6,15917.8999,15792.1,15824.7,25,15915.6,15897.5,15917.8999,15865.3999,15860.5,15917.8999,15849.2,15862.2,15917.8999,15844.2999,15847.2,0.4316219900045411,-0.5711377516398982,-0.1419809177646524,-0.1137248988413906,-0.346201211390085,-0.33551986730000527,0.3298650380758501,0.7904188343512024,DOWN,DOWN,DOWN,DOWN,DOWN
2021-06-29,15818.5,15835.8999,15724.0,15749.2999,25,15818.5,15816.7999,15829.2,15786.8999,15824.1,15835.8999,15786.8999,15768.2999,15835.8999,15756.2999,15824.7,-0.039179257742647425,-0.4374630970066695,-0.47647095995501176,-0.010747542434491388,0.03540158674969412,-0.3173505705345009,0.2674090463697593,0.7073989316306878,DOWN,DOWN,FLAT,FLAT,DOWN
2021-06-30,15764.2999,15839.1,15708.7,15729.7999,25,15764.2999,15788.1,15812.5,15764.2999,15781.2,15812.5,15764.2999,15806.1,15812.5,15764.2999,15749.2999,0.0952423288352011,-0.21884891951338736,-0.12381502748576145,0.15097467157422184,0.10720488767154669,0.26515671653772827,0.30575477696919495,0.8271854812911776,DOWN,DOWN,UP,UP,UP
2021-07-01,15754.6,15758.2,15667.0,15693.0,25,15754.6,15716.5,15758.2,15711.0,15741.1,15758.2,15709.3999,15716.3999,15758.2,15706.7,15729.7999,0.15766316264455713,-0.39099691518667795,-0.23395021064444677,-0.24183413098396886,-0.0856892590100669,-0.24246950097114506,0.2995950389092756,0.578878549756901,DOWN,DOWN,DOWN,FLAT,DOWN
2021-07-02,15708.3999,15738.2999,15635.8999,15729.5,25,15708.3999,15674.5,15711.2,15658.1,15673.7,15711.2,15658.1,15684.2,15711.2,15649.6,15693.0,0.09813228828140154,0.13432367481298751,0.2325877779901867,-0.21580746744294652,-0.22090028405757364,-0.1540570659905317,0.3380357027961859,0.6518805266728639,UP,UP,DOWN,DOWN,DOWN
2021-07-05,15793.8999,15845.8999,15762.0,15841.8999,25,15793.8999,15807.5,15809.5,15762.0,15813.7,15820.0,15762.0,15815.7999,15821.5,15762.0,15729.5,0.40942115133984136,0.30391480447460606,0.7145802473060195,0.08610982775697885,0.1253654900016201,0.13866112954153673,0.3007490252613289,0.5312171188320647,UP,UP,FLAT,UP,UP
2021-07-06,15816.7,15914.2,15801.0,15815.5,25,15816.7,15849.2,15864.2,15808.7,15861.2999,15866.3999,15808.7,15865.0,15875.5,15808.7,15841.8999,-0.15907119827211896,-0.007586917625046485,-0.16664604729638735,0.20547901901155108,0.28197980615424995,0.3053734344079313,0.35089494015818723,0.7156992292956226,FLAT,DOWN,UP,UP,UP
2021-07-07,15816.5,15893.5,15779.7,15879.7,25,15816.5,15839.8999,15846.6,15779.7,15827.7999,15850.8999,15779.7,15812.5,15850.8999,15779.7,15815.5,0.006322911068255825,0.39958271425410635,0.4059308905820285,0.1479461322037135,0.07144374545569487,-0.025290045205955805,0.4229760060696085,0.719501786109438,UP,UP,UP,FLAT,FLAT
2021-07-08,15853.6,15885.7,15682.8999,15728.0,25,15853.6,15875.8999,15885.7,15849.8999,15875.2999,15885.7,15849.8999,15853.2999,15885.7,15842.5,15879.7,-0.16436078767231346,-0.792249079073525,-0.9553077199191465,0.1406614270575767,0.13687679769894293,-0.0018929454508779342,0.22581684916990705,1.2792053539890018,DOWN,DOWN,UP,UP,FLAT
2021-07-09,15684.3999,15730.7999,15632.7,15698.6,25,15684.3999,15654.7,15694.5,15632.7,15657.8999,15694.5,15632.7,15674.6,15694.5,15632.7,15728.0,-0.2772132502543213,0.09053645718380351,-0.18692777212614214,-0.1893594921664782,-0.16895769152124207,-0.06248182947694403,0.3940220881514202,0.6254616091496064,FLAT,DOWN,DOWN,DOWN,FLAT
2021-07-12,15766.6,15789.1,15644.7,15689.3999,25,15766.6,15772.3999,15779.1,15746.5,15755.7999,15781.0,15746.5,15772.0,15781.0,15746.5,15698.6,0.43315964480909125,-0.489643296588992,-0.058604588944237195,0.036785990638438085,-0.06849986680705025,0.03424961627744495,0.206766201971258,0.9158601093450689,DOWN,FLAT,FLAT,FLAT,FLAT
2021-07-13,15792.2,15820.7999,15744.6,15808.3999,25,15792.2,15763.7999,15796.2,15751.6,15768.7,15796.2,15747.8999,15763.3999,15796.2,15747.8999,15689.3999,0.6552200890742824,0.10258165423436642,0.7584738789148971,-0.17983624827446934,-0.14880763921429566,-0.18236914426109335,0.28241790250883575,0.48251605222831273,UP,UP,DOWN,DOWN,DOWN
2021-07-14,15802.0,15877.2999,15764.2,15845.7,25,15802.0,15790.0,15811.7,15783.8999,15785.0,15811.7,15768.2999,15787.3999,15811.7,15764.2,15808.3999,-0.040484173227426666,0.2765472724971569,0.23595114139287673,-0.07593975446146058,-0.10758131882040248,-0.09239400075939537,0.17592773066700662,0.715731552967974,UP,UP,FLAT,DOWN,FLAT
2021-07-15,15868.7,15952.2999,15855.0,15919.2999,25,15868.7,15886.5,15896.1,15855.0,15892.2,15896.3999,15855.0,15886.5,15902.2,15855.0,15845.7,0.14514978827063493,0.31886606968434245,0.46447869137999115,0.11217049915871666,0.14809026574325557,0.11217049915871666,0.25900042221480246,0.6131560871400933,UP,UP,UP,UP,UP
2021-07-16,15961.7999,15962.2,15882.5,15922.3999,25,15961.7999,15958.0,15962.2,15930.0,15953.8999,15962.2,15930.0,15927.2999,15962.2,15918.2,15919.2999,0.26697153937027096,-0.246839330444179,0.019473218165833812,-0.023806212481087295,-0.049493165241343715,-0.21614103807929583,0.20173163554068063,0.4993171227513053,DOWN,FLAT,FLAT,FLAT,DOWN
2021-07-19,15754.2999,15836.8999,15707.5,15759.8999,25,15754.2999,15825.7999,15828.2999,15735.8999,15818.0,15833.2999,15735.8999,15824.7999,15836.8999,15735.8999,15922.3999,-1.0557453716509178,0.03554585119964845,-1.0205747941301235,0.453844350138339,0.4043346921433178,0.4474968767098308,0.5865065447941589,0.8213624269016254,FLAT,DOWN,UP,UP,UP
2021-07-20,15703.3999,15728.3999,15578.5,15622.3999,25,15703.3999,15693.7,15728.3999,15681.2999,15664.5,15728.3999,15645.3999,15677.1,15728.3999,15642.3999,15759.8999,-0.3585048151225884,-0.5158118656839402,-0.872467470431078,-0.061769426122808065,-0.24771641967801086,-0.16747901834939566,0.2999350478236268,0.9545697170967437,DOWN,DOWN,FLAT,DOWN,DOWN
2021-07-22,15739.8999,15834.7999,15726.3999,15828.7,25,15739.8999,15757.3999,15762.3999,15726.3999,15765.2,15770.7999,15726.3999,15791.7999,15796.3999,15726.3999,15622.3999,0.7521251584399654,0.5641719487682408,1.320540386371753,0.11118240974327925,0.16073863341405611,0.32973526089578015,0.2287181000433173,0.6886956123526531,UP,UP,UP,UP,UP
2021-07-23,15845.7999,15899.7999,15768.2999,15849.7,25,15845.7999,15853.6,15876.3999,15840.7,15786.7,15876.3999,15768.2999,15850.3999,15876.3999,15768.2999,15828.7,0.10803098169779736,0.024612831315639343,0.13267040249673062,0.0492250315492144,-0.37296886476522556,0.029029774634478145,0.22529566336376375,0.8298729053116467,FLAT,UP,FLAT,DOWN,FLAT
2021-07-26,15862.7999,15893.2999,15797.0,15820.3999,25,15862.7999,15866.3999,15877.1,15797.0,15848.3999,15877.1,15797.0,15870.2999,15880.7,15797.0,15849.7,0.08265077572445695,-0.2672920308349829,-0.18486217404746075,0.022694606391651977,-0.09077842556659646,0.04728042998260351,0.5049549922142078,0.6070800905708958,DOWN,DOWN,FLAT,FLAT,FLAT
2021-07-27,15860.2999,15881.5,15700.8999,15745.8999,25,15860.2999,15868.6,15881.5,15851.3999,15852.2999,15881.5,15844.8999,15867.7,15881.5,15844.8999,15820.3999,0.2522060140843825,-0.7212978362407866,-0.4709109786788639,0.052332553938657767,-0.050440408128726494,0.046658008024178334,0.1897826660894329,1.1386928440111002,DOWN,DOWN,FLAT,FLAT,FLAT
2021-07-28,15767.3999,15770.1,15513.3999,15713.8999,25,15767.3999,15684.2,15770.1,15656.1,15644.1,15770.1,15640.5,15649.3999,15770.1,15626.2,15745.8999,0.1365434820273435,-0.3393076876295882,-0.20322750813372056,-0.5276703865422961,-0.7819925972702702,-0.7483795727157272,0.7230107736406177,1.6280433148651223,DOWN,DOWN,DOWN,DOWN,DOWN
2021-07-29,15759.5,15817.2999,15737.7999,15783.1,25,15759.5,15747.7,15785.8999,15746.2,15747.3999,15785.8999,15737.7999,15772.5,15785.8999,15737.7999,15713.8999,0.2901895792272398,0.14975094387512525,0.44037508473628506,-0.07487547193755686,-0.0767797201687849,0.08248992671087281,0.2519109108791498,0.504457628731876,UP,UP,FLAT,FLAT,FLAT
2021-07-30,15807.2,15862.7999,15744.7999,15774.8999,25,15807.2,15785.8999,15808.3999,15744.7999,15807.2,15818.3999,15744.7999,15814.2,15823.2,15744.7999,15783.1,0.15269497120337805,-0.20433789665469143,-0.05195493914376783,-0.1347493547244318,0.0,0.0442836175919834,0.40234829697859437,0.7464952679791488,DOWN,FLAT,DOWN,FLAT,FLAT
2021-08-02,15872.6,15892.8999,15834.6,15887.7,25,15872.6,15863.3999,15878.0,15834.6,15853.2999,15878.0,15834.6,15851.7,15878.0,15834.6,15774.8999,0.6193389537768161,0.09513249247130504,0.7150606388316948,-0.05796214860829366,-0.12159381575797529,-0.13167344984438362,0.273427163791689,0.3672989932336226,FLAT,UP,FLAT,DOWN,DOWN
2021-08-03,15950.6,16146.8999,15914.2999,16126.2999,25,15950.6,15932.3999,15951.7,15914.2999,15937.1,15951.7,15914.2999,15969.0,15969.8999,15914.2999,15887.7,0.39590374944138945,1.1015253344701743,1.5017900640117778,-0.11410291775857974,-0.08463631462139355,0.11535616215063782,0.2344745652201218,1.45825235414342,UP,UP,DOWN,FLAT,UP
2021-08-04,16191.2,16290.2,16176.1,16253.8999,25,16191.2,16242.8999,16253.1,16176.1,16245.0,16254.7,16176.1,16251.6,16263.7,16176.1,16126.2999,0.40244879732145344,0.3872467760264811,0.7912540433407192,0.3193086367903529,0.3322792628094228,0.373042146351102,0.4755669746528978,0.7047037897129327,UP,UP,UP,UP,UP
2021-08-05,16288.7999,16349.3999,16210.2999,16283.2999,25,16288.7999,16233.3999,16294.6,16231.8999,16250.7999,16294.6,16210.2999,16239.5,16294.6,16210.2999,16253.8999,0.214717699842606,-0.03376553235207954,0.18087966691612045,-0.3401109986009444,-0.23328913261436773,-0.3026613397098701,0.38492768273247696,0.8539610091225956,FLAT,UP,DOWN,DOWN,DOWN
2021-08-06,16301.6,16336.7,16223.2999,16252.7,25,16301.6,16316.1,16327.3999,16274.7999,16307.7999,16327.3999,16274.7999,16317.2999,16336.7,16274.7999,16283.2999,0.1123856964643904,-0.29997055503754005,-0.18792198257061674,0.08894832409088678,0.03803246307110723,0.09630895126858477,0.3226677135986674,0.695637851499244,DOWN,DOWN,FLAT,FLAT,FLAT
2021-08-07,16238.2002,17886.8496,15580.2998,16848.4492,22,16238.2002,16238.2002,16238.2002,16238.2002,16238.2002,16238.2002,16238.2002,16238.2002,16238.2002,16238.2002,16252.7,-0.08921471509350086,3.7581073794126505,3.665539879527699,0.0,0.0,0.0,0.0,14.204467068955099,UP,UP,FLAT,FLAT,FLAT
2021-08-09,16284.7,16320.7,16179.0,16253.0,25,16284.7,16288.2999,16304.8999,16246.3999,16303.2,16308.7,16246.3999,16292.4004,16320.7,16246.3999,16848.4492,-3.3460005327968014,-0.19466124644605504,-3.534148412899622,0.022106025901608577,0.11360356653791596,0.04728610290640735,0.35923289959286936,0.870141912347177,DOWN,DOWN,FLAT,UP,FLAT
2021-08-10,16278.7,16359.2,16202.2,16269.6,25,16278.7,16317.2999,16323.7,16261.0,16312.5,16327.7999,16261.0,16320.5,16329.7,16261.0,16253.0,0.15812465391005184,-0.055901269757415294,0.10213499046330132,0.23711905741858533,0.20763328767038688,0.2567772610834973,0.38516589162525705,0.9644504782322914,FLAT,UP,UP,UP,UP
2021-08-11,16326.6,16338.7,16162.5,16275.2999,25,16326.6,16314.0,16338.7,16290.1,16267.7,16338.7,16247.2,16217.8999,16338.7,16204.8999,16269.6,0.35034665879923294,-0.3142117770999497,0.035034051236659876,-0.07717467200764619,-0.360760966765889,-0.6657852829125477,0.29767373488662896,1.079220413313248,DOWN,FLAT,FLAT,DOWN,DOWN
2021-08-12,16297.8999,16375.3999,16286.7999,16361.2999,25,16297.8999,16301.0,16329.7,16286.7999,16302.1,16329.7,16286.7999,16327.2,16335.8999,16286.7999,16275.2999,0.13886072845883696,0.3890071750900841,0.5284080817460082,0.019021469140325598,0.02577080498573942,0.17977837745831524,0.26322471154704263,0.5436283235486087,UP,UP,FLAT,FLAT,UP
2021-08-13,16384.9,16543.5999,16376.2999,16519.5999,25,16384.9,16438.4,16440.5,16376.2999,16442.0,16446.2,16376.2999,16443.7999,16447.5,16376.2999,16361.2999,0.1442434289710775,0.8220977851558423,0.967527036161724,0.32652014964998255,0.34849159897221554,0.35947671331531067,0.3918247898980159,1.0210620754475221,UP,UP,UP,UP,UP
2021-08-16,16518.7999,16589.4,16480.7,16546.7999,25,16518.7999,16536.5999,16550.7,16499.2,16509.7999,16550.7,16480.7,16536.2,16550.7,16480.7,16519.5999,-0.004842732298857143,0.16950383907731698,0.16465289816129702,0.10775601198486139,-0.054483376846280455,0.10533513394032291,0.3117659897314937,0.6580381181323028,UP,UP,UP,FLAT,UP
2021-08-17,16544.0,16628.5,16495.4,16607.4,25,16544.0,16577.5,16591.4,16516.5,16573.0,16591.4,16516.5,16561.4,16591.4,16516.5,16546.7999,-0.016921096628489465,0.3832205029013627,0.3662345611612772,0.20249032882011606,0.1752901353965184,0.10517408123791983,0.4527321083172235,0.8045212765957359,UP,UP,UP,UP,UP
2021-08-18,16681.2,16701.7999,16535.7999,16552.0,25,16681.2,16686.0,16701.2,16661.9,16670.4,16701.2,16656.0999,16698.0,16701.2,16656.0999,16607.4,0.4443802160482633,-0.7745246145361288,-0.33358623264328824,0.028774908279975496,-0.06474354362995031,0.10071217897992513,0.23559456154233072,0.9951322446826366,DOWN,DOWN,FLAT,FLAT,UP
2021-08-20,16403.0,16509.5,16376.0,16415.6992,25,16403.0,16462.2999,16476.9,16376.0,16490.0,16502.2999,16376.0,16465.7999,16509.5,16376.0,16552.0,-0.9001933301111648,0.07741998414923557,-0.8234702754954137,0.36151862464184475,0.5303907821739925,0.38285618484424677,0.615131378406398,0.8138755105773334,FLAT,DOWN,UP,UP,UP
2021-08-23,16591.9,16592.5,16395.7,16487.9004,25,16591.9,16550.0999,16592.5,16542.5,16532.4,16592.5,16527.2999,16501.2,16592.5,16489.2999,16415.6992,1.0733676211611038,-0.6268094672701909,0.4398301840228622,-0.25193076139562304,-0.3586087187121426,-0.5466522821376739,0.30135186446398543,1.186120938530242,DOWN,UP,DOWN,DOWN,DOWN
2021-08-24,16540.7999,16647.0999,16495.2999,16615.2999,25,16540.7999,16540.5,16585.2,16512.5,16533.2999,16585.2,16512.5,16515.5999,16585.2,16495.2999,16487.9004,0.3208383039480465,0.45040143433450275,0.7726847986054257,-0.0018130924853386238,-0.04534242627528551,-0.15235055228496372,0.4395192520284386,0.9177307078117742,UP,UP,FLAT,FLAT,DOWN
2021-08-25,16658.0,16712.4,16617.5,16636.2,25,16658.0,16689.4,16695.0,16646.5999,16668.4,16699.5999,16646.5999,16682.0999,16699.5999,16646.5999,16615.2999,0.25699265289817724,-0.13086805138671673,0.12578828023440566,0.1884980189698731,0.06243246488174724,0.1446746308080266,0.2905516868771697,0.5696962420458725,DOWN,UP,UP,FLAT,UP
2021-08-26,16627.2,16683.7,16603.4,16635.0999,25,16627.2,16655.0,16655.5,16611.0999,16660.7,16663.7999,16611.0999,16666.2999,16676.0999,16611.0999,16636.2,-0.05409889277599452,0.04751190819861638,-0.006612687993650332,0.16719591993840976,0.2014770977675135,0.23515625000000642,0.26703293398767636,0.48294361046958756,FLAT,FLAT,UP,UP,UP
2021-08-27,16634.7,16722.0,16565.5999,16691.9,25,16634.7,16583.9,16655.9,16583.5999,16598.0,16655.9,16565.5999,16636.4,16655.9,16565.5999,16635.0999,-0.00240395310160021,0.34385952256428265,0.34144730324102457,-0.3053857298298092,-0.2206231552117004,0.01021960119509656,0.4346342284501697,0.9402039111014862,UP,UP,DOWN,DOWN,FLAT
2021-08-30,16765.0,16951.5,16764.5,16938.7999,25,16765.0,16815.9,16830.4,16764.5,16832.4,16839.0,16764.5,16850.2,16854.7,16764.5,16691.9,0.43793696343734706,1.0366829704742129,1.4791599518329268,0.30360870861915573,0.4020280345958929,0.5082016104980658,0.3930808231434623,1.1154190277363556,UP,UP,UP,UP,UP
2021-08-31,16951.2,17153.4,16915.7999,17129.9,25,16951.2,16973.0999,16995.5,16935.5,16925.7999,16995.5,16915.7999,16954.7999,16995.5,16915.7999,16938.7999,0.07320530423172972,1.054202652319604,1.1281796888101834,0.12919380338855269,-0.14984248902731917,0.021236844589179946,0.3539572419651706,1.40167126811081,UP,UP,UP,DOWN,FLAT
2021-09-01,17188.7999,17225.7,17055.0,17059.4,25,17188.7999,17188.9,17189.9,17148.0999,17185.9,17194.2999,17148.0999,17199.7999,17225.7,17148.0999,17129.9,0.3438426377270173,-0.7528152096296166,-0.4115610715766,0.0005823559560993933,-0.016870869501484764,0.0639951600111419,0.2431821898165234,0.9930885285365426,DOWN,DOWN,FLAT,FLAT,FLAT
2021-09-02,17095.9,17245.5,17059.7,17231.9,25,17095.9,17127.7,17132.0999,17059.7,17113.5,17132.2999,17059.7,17126.6504,17132.2999,17059.7,17059.4,0.21395828692685556,0.7955123743119694,1.011172725887194,0.1860095110523533,0.10294866020506988,0.17987002731647453,0.42349276727168705,1.0868102878467893,UP,UP,UP,UP,UP
2021-09-03,17260.2,17340.0999,17212.2,17320.5,25,17260.2,17276.4,17311.9,17255.2999,17275.0,17311.9,17254.5,17301.3008,17311.9,17254.5,17231.9,0.16423029381553556,0.3493586401084534,0.514162686645109,0.09385754510376894,0.08574639923059567,0.23812470307412523,0.327922619668368,0.7410105329022859,UP,UP,FLAT,FLAT,UP
2021-09-06,17402.5999,17429.5,17345.5,17376.4,25,17402.5999,17415.2999,17421.5,17379.5,17396.9,17429.5,17379.5,17400.5,17429.5,17379.5,17320.5,0.4740042146589364,-0.15055164257381803,0.3227389509540802,0.07297760146747226,-0.03275315201609396,-0.012066587820599557,0.24134324894753223,0.48268649789506446,DOWN,UP,FLAT,FLAT,FLAT
2021-09-07,17407.9,17436.5,17287.0,17357.0999,25,17407.9,17361.4,17425.0999,17342.7,17377.4492,17425.0999,17342.7,17310.7,17425.0999,17290.4,17376.4,0.1812803572661771,-0.2918221037574916,-0.11107076264358776,-0.26712010064396047,-0.17492517764924168,-0.5583671781202828,0.4733477329258574,0.8588054848660666,DOWN,DOWN,DOWN,DOWN,DOWN
2021-09-08,17379.0,17383.2999,17254.2,17366.0,25,17379.0,17336.9,17383.2999,17324.7,17365.5996,17383.2999,17324.0,17339.0999,17383.2999,17324.0,17357.0999,0.12617372790484963,-0.07480292306807067,0.05127642320016219,-0.24224638932043582,-0.07710685309855933,-0.22958800851601893,0.33718798549974727,0.7428499913688996,FLAT,FLAT,DOWN,FLAT,DOWN
2021-09-09,17312.0,17379.5999,17302.7,17358.0,25,17312.0,17338.5,17353.7,17307.0,17323.0,17353.7,17307.0,17324.4,17353.7,17307.0,17366.0,-0.3109524357940804,0.26571164510166356,-0.046067027525048945,0.15307301293900186,0.06353974121996303,0.07162661737523945,0.2697550831793018,0.4441999768946415,UP,FLAT,UP,FLAT,FLAT
2021-09-13,17362.7999,17378.2999,17269.0999,17351.3008,25,17362.7999,17304.4004,17375.4,17298.0508,17329.9004,17375.4,17297.2999,17286.0999,17375.4,17269.0999,17358.0,0.027652379306382063,-0.06622837368528856,-0.038594308100006386,-0.3363484019648419,-0.1894826882155289,-0.44174902919891806,0.44548805748778203,0.6289308212323562,FLAT,FLAT,DOWN,DOWN,DOWN
2021-09-14,17418.2,17438.5,17367.0,17381.9004,25,17418.2,17417.5,17425.7,17389.0999,17423.7,17438.5,17389.0999,17417.5999,17438.5,17389.0999,17351.3008,0.3855572603524909,-0.2084004087678526,0.17635334867802957,-0.004018784949080431,0.0315761674570277,-0.003445246925627542,0.21012561573526345,0.41049017694136014,DOWN,UP,FLAT,FLAT,FLAT
2021-09-15,17389.7,17532.5999,17386.9,17517.7999,25,17389.7,17416.2999,17421.5,17386.9,17416.9,17428.0999,17386.9,17452.1992,17452.1992,17386.9,17381.9004,0.04487196348220993,0.7366423802595851,0.7818448896416595,0.15296353588619166,0.15641442923110074,0.3594035549779374,0.19896835483072475,0.8378517168208744,UP,UP,UP,UP,UP
2021-09-16,17548.0999,17644.5999,17510.4,17627.7,25,17548.0999,17560.5999,17576.9,17537.2999,17559.4,17576.9,17537.2999,17558.7,17576.9,17510.4,17517.7999,0.17296692605787367,0.45361093482263376,0.6273624577707325,0.07123278344226887,0.06439500609408079,0.060405970221309585,0.22566602780737335,0.7647545931739288,UP,UP,FLAT,FLAT,FLAT
2021-09-17,17707.2,17792.9,17537.5999,17601.9,25,17707.2,17741.9004,17747.9004,17691.0,17725.4,17748.9,17691.0,17751.5999,17759.0999,17691.0,17627.7,0.45099474123113054,-0.5946733532122485,-0.14636055753160804,0.195967741935472,0.1027830487033564,0.2507448947320883,0.3213404716725322,1.4417869567181731,DOWN,DOWN,UP,UP,UP
2021-09-20,17447.9,17622.7,17361.7,17371.5,25,17447.9,17506.7,17507.7,17425.2999,17537.0999,17544.4,17425.2999,17548.7999,17568.9,17425.2999,17601.9,-0.8749055499690372,-0.4378750451343798,-1.3089496020316072,0.33700330698822933,0.5112357361057756,0.5782925165779282,0.4722637108190608,1.495882025917159,DOWN,DOWN,UP,UP,UP
2021-09-21,17455.5999,17578.2999,17326.0999,17566.2999,25,17455.5999,17454.5999,17479.9,17390.5,17463.4,17481.0999,17390.5,17373.2999,17481.0999,17369.2,17371.5,0.4841257231672629,0.6341804385651663,1.121376392366818,-0.005728820583244463,0.04468537343136734,-0.4714819340010151,0.5121565601420633,1.4448085510942577,UP,UP,FLAT,FLAT,DOWN
2021-09-22,17578.9,17610.4,17524.0,17548.4,25,17578.9,17551.7999,17601.0999,17539.5,17557.7999,17601.0999,17528.9,17603.2999,17607.7,17528.9,17566.2999,0.07172882207253933,-0.17350346153627358,-0.10189909145294929,-0.15416266091734782,-0.12003083241840876,0.1388022003652125,0.3504195370586389,0.4914983303847308,DOWN,DOWN,DOWN,DOWN,UP
2021-09-23,17677.5,17843.9,17646.5,17828.7999,25,17677.5,17689.2999,17690.5999,17646.5,17682.7999,17700.0,17646.5,17725.2,17730.0999,17646.5,17548.4,0.7356796061179284,0.8558896902842698,1.5978659023044854,0.06675095460331947,0.029981049356536834,0.2698345354263936,0.2494690991373275,1.1166737378022993,UP,UP,FLAT,FLAT,UP
2021-09-24,17898.2999,17947.5999,17819.4,17841.2999,25,17898.2999,17911.0999,17947.5999,17889.7,17914.5999,17947.5999,17889.7,17878.4,17947.5999,17857.5,17828.7999,0.3898187224592722,-0.31846600134351305,0.0701112810178547,0.07151517223152166,0.0910701021385795,-0.11118318561641903,0.32349385317876106,0.7162685881690898,DOWN,FLAT,FLAT,FLAT,DOWN
2021-09-27,17935.7,17943.5,17802.9,17857.2,25,17935.7,17907.7999,17935.9,17891.7,17938.5,17943.5,17891.7,17884.7999,17943.5,17856.9,17841.2999,0.5291099893455573,-0.43767458197895814,0.08911962743252204,-0.15555623700217402,0.015611322669309098,-0.2837921017858178,0.24643587927987604,0.7839114168947883,DOWN,FLAT,DOWN,FLAT,DOWN
2021-09-28,17906.0999,17912.7999,17576.0999,17730.9,25,17906.0999,17826.2,17912.7999,17825.2999,17860.4,17912.7999,17814.7,17877.5,17912.7999,17814.7,17857.2,0.273838563716598,-0.9784369627023002,-0.7072777367112384,-0.44621609644878807,-0.2552197310146785,-0.15972154829763388,0.4886602916808255,1.8803648023878203,DOWN,DOWN,DOWN,DOWN,DOWN
2021-09-29,17656.0,17781.7,17608.0999,17709.7999,25,17656.0,17644.0,17670.2,17613.2999,17637.5999,17670.2,17608.0999,17664.4,17684.0,17608.0999,17730.9,-0.42242638557547246,0.30471171273222586,-0.11900185551776646,-0.06796556411418216,-0.10421443135477419,0.04757589487993574,0.3222706162211086,0.9832357272315341,UP,DOWN,FLAT,DOWN,FLAT
2021-09-30,17718.7999,17742.0999,17585.2999,17607.5,25,17718.7999,17663.2,17739.9,17662.5999,17709.5999,17739.9,17658.4,17703.7999,17739.9,17658.4,17709.7999,0.05081932066324476,-0.6281458147738425,-0.5776457135464405,-0.31379043904661436,-0.05192225236428528,-0.0846558462461106,0.4362603586939338,0.8849357794260054,DOWN,DOWN,DOWN,FLAT,FLAT
2021-10-01,17530.3496,17556.9492,17453.1504,17526.3496,25,17530.3496,17506.9492,17530.3496,17459.6504,17517.8496,17530.3496,17459.6504,17486.75,17530.3496,17453.1504,17607.5,-0.4381678262104139,-0.022817571190936203,-0.46088541814566875,-0.1334850732241088,-0.07130490997167563,-0.24870924422409332,0.40329600728557485,0.5921091271334399,FLAT,DOWN,DOWN,FLAT,DOWN
2021-10-04,17610.3008,17750.0996,17584.9004,17699.8496,25,17610.3008,17619.9492,17641.0,17584.9004,17652.5,17658.1992,17584.9004,17711.8008,17719.5,17584.9004,17526.3496,0.47899991678814574,0.5085023874208923,0.9899380302216497,0.054788388395945055,0.23962793412364147,0.5763672134436227,0.31856128204239065,0.9380827839124858,UP,UP,FLAT,UP,UP
2021-10-05,17660.8496,17833.0508,17643.3008,17829.3008,25,17660.8496,17682.6504,17696.25,17643.3008,17680.6504,17696.25,17643.3008,17683.1504,17696.25,17643.3008,17699.8496,-0.22034085532568592,0.9538114179965582,0.7313689264342648,0.1234414000105479,0.11211691650438635,0.1262725208870883,0.2998111710322198,1.0744103726470782,UP,UP,UP,UP,UP
2021-10-06,17856.6504,17884.5,17614.8496,17626.4492,25,17856.6504,17868.6992,17884.5,17844.0996,17846.6992,17884.5,17843.8496,17832.0508,17884.5,17829.1504,17829.3008,0.1533969296204691,-1.2891622720014697,-1.1377428777240763,0.0674751408024457,-0.05572825685157345,-0.1377615591331605,0.22624847939005754,1.5100838844893252,DOWN,DOWN,FLAT,FLAT,DOWN
2021-10-07,17802.75,17857.5,17766.0508,17797.1504,25,17802.75,17809.3496,17809.3496,17766.0508,17817.9004,17827.9004,17766.0508,17808.4492,17827.9004,17766.0508,17626.4492,1.0002059858998764,-0.031453567566816214,0.9684378178674781,0.03707067728301174,0.08510145904424106,0.03201303169453657,0.2432141101796098,0.5136801898583034,FLAT,UP,FLAT,FLAT,FLAT
2021-10-08,17887.5,17941.5,17840.5,17907.5,25,17887.5,17875.5508,17891.4492,17855.6992,17870.6504,17891.4492,17848.25,17894.0508,17908.5,17848.25,17797.1504,0.5076632942316506,0.11180992313067784,0.6200408353013714,-0.06680195667364981,-0.09419762403914116,0.036622222222227205,0.19986023759608665,0.5646401118099231,UP,UP,FLAT,FLAT,FLAT
2021-10-11,17855.0,18041.1992,17843.9004,17953.6992,25,17855.0,17896.3008,17912.0508,17843.9004,17946.25,17951.5,17843.9004,17979.0,17980.1504,17843.9004,17907.5,-0.2931732514309647,0.5527818538224537,0.25798799385731735,0.23131223746850121,0.5110613273592831,0.6944833380005601,0.38168804256512046,1.1050058807056875,UP,UP,UP,UP,UP
2021-10-12,17922.0,18005.5508,17865.5996,18005.3496,25,17922.0,17959.0508,17995.75,17916.75,17948.5,17995.75,17914.3496,17961.5,17995.75,17914.3496,17953.6992,-0.17656082819967883,0.4650686307331848,0.2876866735073865,0.20673362347952734,0.147862961723022,0.2203995089833724,0.4407990179667448,0.7808905256109783,UP,UP,UP,UP,UP
2021-10-13,18088.25,18197.6992,18053.9004,18165.75,25,18088.25,18087.0,18095.5,18053.9004,18089.3496,18098.6504,18053.9004,18117.1504,18128.0996,18053.9004,18005.3496,0.46042094067420175,0.428454936215499,0.8908485731373893,-0.006910563487346758,0.006079084488556791,0.1597744392077654,0.22998134147859178,0.7949845894434258,UP,UP,FLAT,FLAT,UP
2021-10-14,18280.9492,18350.1992,18249.1504,18339.0508,25,18280.9492,18276.25,18293.5996,18260.0508,18261.3496,18293.5996,18255.0508,18275.4492,18293.5996,18255.0508,18165.75,0.6341560353962766,0.31782594746230014,0.9539974952864643,-0.02570544859891143,-0.10721325126814386,-0.030085965120454472,0.18351782302420316,0.5527546676843262,UP,UP,FLAT,DOWN,FLAT
2021-10-18,18475.4004,18542.6504,18447.0,18476.25,25,18475.4004,18514.4492,18516.8496,18447.0,18473.0996,18520.3496,18447.0,18498.3008,18520.3496,18447.0,18339.0508,0.7434932237605107,0.00459854715788121,0.7481259608049022,0.21135563589734424,-0.012453316032042546,0.12395076428223047,0.3780681256575169,0.5177176024829137,FLAT,UP,UP,FLAT,UP
2021-10-19,18585.3008,18594.8496,18378.1504,18427.25,25,18585.3008,18581.5996,18588.4492,18535.1992,18574.9004,18588.4492,18535.1992,18459.5996,18594.8496,18400.5508,18476.25,0.5902215005750674,-0.8504075435787453,-0.26520533116839184,-0.01991466288239745,-0.055960353356251644,-0.6763474067635188,0.2865167509153255,1.1659709053511942,DOWN,DOWN,FLAT,FLAT,DOWN
2021-10-20,18445.8496,18456.9004,18209.8008,18282.75,25,18445.8496,18372.25,18455.3008,18327.4004,18395.3496,18455.3008,18327.4004,18445.0,18456.9004,18327.4004,18427.25,0.1009352996242053,-0.8842075780559403,-0.7841647559999456,-0.39900357856111635,-0.2737743237373029,-0.004605914167278983,0.6933830795194289,1.3395945719951967,DOWN,DOWN,DOWN,DOWN,FLAT
2021-10-21,18374.9004,18374.9004,18048.75,18219.5996,25,18374.9004,18292.4492,18374.9004,18289.1504,18269.5,18374.9004,18247.6992,18245.6504,18374.9004,18236.25,18282.75,0.5040292078598604,-0.8451790029838597,-0.34540974415773684,-0.4487164458317256,-0.5736107282518855,-0.7034051732873611,0.4666691962041874,1.7749777843693706,DOWN,DOWN,DOWN,DOWN,DOWN
2021-10-22,18232.25,18313.3496,18035.0508,18111.5,25,18232.25,18279.1504,18283.1504,18206.1504,18308.0996,18311.6504,18206.1504,18276.75,18313.3496,18206.1504,18219.5996,0.06943291991992308,-0.6622879787190281,-0.5933149046810083,0.25723868419969353,0.4160188676658195,0.24407300250928987,0.42232856613967007,1.5264095215894937,DOWN,DOWN,UP,UP,UP
2021-10-25,18236.6504,18236.6504,17970.3008,18136.5,25,18236.6504,18081.1504,18236.6504,18062.0,18058.0508,18236.6504,18050.8496,18009.0,18236.6504,17970.3008,18111.5,0.6909996411119931,-0.5491710253983847,0.13803384589901443,-0.8526785160064263,-0.9793443208189029,-1.2483125738924,0.9576890282439073,1.4605182100765488,DOWN,UP,DOWN,DOWN,DOWN
2021-10-26,18158.6504,18308.9492,18100.3008,18308.9492,25,18158.6504,18235.6504,18239.4492,18158.6504,18224.6992,18251.9004,18158.6504,18234.6504,18265.0,18158.6504,18136.5,0.12213161304550836,0.8276980760640696,0.9508405701210217,0.42404032405403874,0.3637318773426052,0.41853330685853174,0.44496038097633345,1.1490303266150124,UP,UP,UP,UP,UP
2021-10-27,18297.0508,18340.75,18168.0996,18181.5,25,18297.0508,18308.5,18330.75,18260.1504,18293.0508,18330.75,18260.1504,18298.9492,18330.75,18260.1504,18308.9492,-0.06498679891469807,-0.6315269125229782,-0.6961033023129427,0.06257401875934623,-0.021861446654561398,0.010375442582245105,0.3858523473083508,0.9435968773721644,DOWN,DOWN,FLAT,FLAT,FLAT
2021-10-28,18185.0508,18185.0508,17799.8008,17862.9004,25,18185.0508,18129.75,18185.0508,18121.3496,18070.4492,18185.0508,18070.4492,18092.0508,18185.0508,18054.8008,18181.5,0.01952974177048588,-1.7715122357535689,-1.7523284657481584,-0.30410033278543763,-0.6301967547981872,-0.5114090745350022,0.35029431977170783,2.1184983437054794,DOWN,DOWN,DOWN,DOWN,DOWN
2021-10-29,17827.8008,17915.3008,17615.3008,17708.8008,25,17827.8008,17702.75,17827.8008,17615.8496,17770.25,17827.8008,17615.8496,17857.5508,17864.3496,17615.8496,17862.9004,-0.19649440580208205,-0.6674968008392823,-0.8626796127688074,-0.70143704993608,-0.322814915006235,0.16687420020982058,1.1888802347398872,1.6827650441326447,DOWN,DOWN,DOWN,DOWN,UP
2021-11-01,17772.75,17952.9004,17699.0,17945.25,25,17772.75,17745.5508,17833.3008,17699.0,17765.5,17833.3008,17699.0,17761.0996,17833.3008,17699.0,17708.8008,0.3611153613518489,0.9705869941342785,1.3352072942172295,-0.15303878128032583,-0.040792786709991424,-0.06555203893600386,0.7556557088801726,1.4285937741767516,UP,UP,DOWN,FLAT,FLAT
2021-11-02,17985.1992,18010.8496,17848.3008,17889.1504,25,17985.1992,17973.5996,18010.8496,17948.3496,17953.8008,18010.8496,17925.6992,17935.6504,18010.8496,17916.5,17945.25,0.22261712709490872,-0.5340435706711577,-0.3126153160307122,-0.06449525452015976,-0.17457910613521713,-0.2754976436402244,0.3475079664394265,0.9037920469627074,DOWN,DOWN,FLAT,DOWN,DOWN
2021-11-03,17946.5996,17987.9004,17758.25,17833.0,25,17946.5996,17965.75,17977.4492,17941.5508,17970.6504,17987.9004,17941.5508,17961.1504,17987.9004,17941.5508,17889.1504,0.3211399016467699,-0.632986763687542,-0.31387963511111533,0.10670767959852755,0.1340131308217143,0.0810783119048204,0.20002897930590824,1.27963182507286,DOWN,DOWN,UP,UP,FLAT
2021-11-08,18011.5508,18087.4004,17836.4004,18080.6992,25,18011.5508,17847.3496,18011.5508,17842.8008,17872.4492,18011.5508,17838.0,17855.0508,18011.5508,17838.0,17833.0,1.0012381539841917,0.3839114175554401,1.3889934391296983,-0.9116438768837134,-0.7722910789003342,-0.8688868700856118,0.9368987816418339,1.393550187805039,UP,UP,DOWN,DOWN,DOWN
2021-11-09,18084.3496,18112.0996,17983.0996,18050.8496,25,18084.3496,18073.6504,18092.3496,18054.75,18099.4492,18112.0996,18054.75,18055.0996,18112.0996,18040.9492,18080.6992,0.020189484707550824,-0.18524304573275888,-0.16509096064159806,-0.059162758056849035,0.08349539980137154,-0.16174206231890143,0.2079123708159312,0.7133239671500268,DOWN,DOWN,FLAT,FLAT,DOWN
2021-11-10,17968.1992,18060.9492,17915.0996,18011.9492,25,17968.1992,17943.9004,17968.1992,17916.0508,17932.8008,17968.1992,17916.0508,17960.3008,17969.0508,17915.0996,18050.8496,-0.4578754010559274,0.24348572449040973,-0.21550453780304202,-0.13523224965137565,-0.1970058301668774,-0.043957660487191276,0.2902260789717771,0.8117096119459636,UP,DOWN,DOWN,DOWN,FLAT
2021-11-11,17962.5508,17962.5508,17799.5,17885.6504,25,17962.5508,17934.4004,17962.5508,17928.5996,17925.0508,17962.5508,17911.0996,17877.6504,17962.5508,17875.0,18011.9492,-0.2742534938972525,-0.4281151427557954,-0.7011945159161368,-0.15671716290985946,-0.20876767680456607,-0.4726522471407695,0.18901101729938888,0.9077263124566968,DOWN,DOWN,DOWN,DOWN,DOWN
2021-11-12,17967.9004,18122.5,17906.0,18098.6504,25,17967.9004,17979.8496,17993.1504,17948.25,17952.9004,18000.5,17948.25,17952.5996,18000.5,17948.25,17885.6504,0.4598658598403556,0.7276865804532177,1.1908988224437174,0.06650304005471196,-0.0834822080825871,-0.08515630462865463,0.2498923023860853,1.2049265366586739,UP,UP,FLAT,FLAT,FLAT
2021-11-13,18102.75,19950.5996,17955.5996,18808.4004,25,18102.75,18102.75,18102.75,18102.75,18102.75,18102.75,18102.75,18102.75,18102.75,18102.75,18098.6504,0.022651412726339935,3.8980287525375905,3.9215631238448587,0.0,0.0,0.0,0.0,11.02042507353855,UP,UP,FLAT,FLAT,FLAT
2021-11-15,18149.4492,18209.5996,18071.5996,18092.0,25,18149.4492,18174.6992,18209.5996,18149.4492,18189.6504,18209.5996,18149.4492,18156.8008,18209.5996,18149.4492,18808.4004,-3.503494108940809,-0.316534123801394,-3.808938478362034,0.1391226792711704,0.22150093678875676,0.04050591243287858,0.3314172200884326,0.7603536530463967,DOWN,DOWN,UP,UP,FLAT
2021-11-16,18125.3496,18131.9492,17959.1504,17964.3496,25,18125.3496,18091.0996,18131.9492,18063.5508,18045.3496,18131.9492,18033.6504,18081.4004,18131.9492,18033.6504,18092.0,0.18433340703073942,-0.8882587290895619,-0.7055626796374013,-0.18896187249265525,-0.44137079706313637,-0.24247366792860503,0.3773632040730305,0.9533543010944213,DOWN,DOWN,DOWN,DOWN,DOWN
2021-11-17,17938.6504,18022.3008,17879.9492,17887.1992,25,17938.6504,17963.4004,17969.25,17908.8008,17974.5996,17982.5,17908.8008,17974.75,17992.8008,17908.8008,17964.3496,-0.14305666819133125,-0.28681756348849696,-0.429463920029714,0.13797024552081133,0.2004008060718032,0.2012392192001321,0.33697741274894966,0.7935468768598211,DOWN,DOWN,UP,UP,UP
2021-11-18,17894.5508,17945.3496,17688.8496,17745.25,25,17894.5508,17883.4004,17945.3496,17877.9492,17853.9492,17945.3496,17839.1504,17795.0508,17945.3496,17793.4004,17887.1992,0.041099782687061374,-0.8343366741566984,-0.7935798020295939,-0.0623117066453675,-0.22689365301084718,-0.5560351925682314,0.3766532099816792,1.4333972552135814,DOWN,DOWN,FLAT,DOWN,DOWN
2021-11-22,17787.8008,17789.5996,17281.9492,17440.0,25,17787.8008,17632.6504,17789.5996,17613.3496,17652.9492,17789.5996,17613.3496,17633.9492,17789.5996,17613.3496,17745.25,0.23978698524957884,-1.9552771245335787,-1.7201786393541936,-0.872229241514793,-0.7581128297771458,-0.8649276081391791,0.9908476150688622,2.8539244716525176,DOWN,DOWN,DOWN,DOWN,DOWN
2021-11-23,17281.3496,17553.1992,17216.8008,17495.0996,25,17281.3496,17336.75,17339.0508,17216.8008,17399.1992,17410.0996,17216.8008,17339.5996,17421.8008,17216.8008,17440.0,-0.9096926605504507,1.2368825638479068,0.3159380733945033,0.32057912884303097,0.6819467386968303,0.3370685817269734,0.7074100277445923,1.9465979670939486,UP,UP,UP,UP,UP
2021-11-24,17555.0508,17600.3496,17355.6504,17357.8008,25,17555.0508,17553.0,17555.0508,17485.5,17557.9004,17572.3496,17485.5,17529.8496,17572.3496,17485.5,17495.0996,0.34267424233469074,-1.1236082552378601,-0.7847843289786157,-0.011682108034691023,0.01623236544549182,-0.14355526672699528,0.39618683416171535,1.393896279696341,DOWN,DOWN,FLAT,FLAT,DOWN
2021-11-25,17408.5508,17563.8496,17352.3496,17547.0,25,17408.5508,17383.3008,17453.0996,17377.0508,17419.4492,17453.0996,17377.0508,17398.8496,17453.0996,17352.3496,17357.8008,0.2923757484300661,0.7952942297758588,1.0899952256624532,-0.14504366440427655,0.06260371770864591,-0.05572663750965139,0.4368473911108125,1.2149201988714649,UP,UP,DOWN,FLAT,FLAT
2021-11-26,17339.0,17344.9492,16985.75,17006.5508,25,17339.0,17295.6504,17343.0996,17273.1992,17331.8496,17344.9492,17273.1992,17252.4004,17344.9492,17217.3496,17547.0,-1.185387815581011,-1.9173493281042686,-3.080009118367807,-0.2500121114251189,-0.04123882576849084,-0.4994497952592501,0.40313974277641307,2.0716258146375175,DOWN,DOWN,DOWN,FLAT,DOWN
2021-11-29,17065.6504,17160.0996,16783.9492,17039.6992,25,17065.6504,16952.8496,17065.6504,16783.9492,16987.5996,17065.6504,16783.9492,17085.0996,17097.6504,16783.9492,17006.5508,0.3475107956635024,-0.1520668676067542,0.1949154792751874,-0.6609815468855337,-0.45735614037890554,0.11396694262530276,1.6506912622562546,2.204137499500179,DOWN,UP,DOWN,DOWN,UP
2021-11-30,17060.4492,17324.4492,16934.0508,16975.1504,25,17060.4492,17203.5,17209.4004,17058.8008,17245.9004,17248.9004,17058.8008,17259.0,17278.5,17058.8008,17039.6992,0.12177445010296895,-0.49997980123524816,-0.37881419878585937,0.8384937484530062,1.08702413298707,1.1638075743046725,0.8827411179771147,2.2883242722588935,DOWN,DOWN,UP,UP,UP
2021-12-01,17091.4492,17212.5508,17064.75,17185.9492,25,17091.4492,17183.8008,17200.6992,17085.0996,17123.5508,17200.6992,17085.0996,17109.6992,17200.6992,17085.0996,16975.1504,0.6851120447215625,0.552908058843834,1.2418081432727717,0.5403380305515684,0.18782257504531438,0.10677854046454996,0.6763592639060574,0.8647645864927644,UP,UP,UP,UP,UP
2021-12-02,17188.0,17418.0,17158.3008,17401.5,25,17188.0,17233.8496,17240.9492,17158.3008,17262.8496,17277.0508,17158.3008,17286.6504,17288.8008,17158.3008,17185.9492,0.011933003968153768,1.2421456830346753,1.2542269122964758,0.2667535489876738,0.43547591342798103,0.5739492669304086,0.4808494298347581,1.5109332092157268,UP,UP,UP,UP,UP
2021-12-03,17423.25,17488.3008,17181.0996,17210.3008,25,17423.25,17466.5508,17488.3008,17417.8496,17421.25,17488.3008,17404.4004,17393.0508,17488.3008,17362.9004,17401.5,0.12498922506680459,-1.2222128477752379,-1.0987512570755344,0.24852309414145402,-0.011478914668618083,-0.17332701993026048,0.40435165655087035,1.7631681804485357,DOWN,DOWN,UP,FLAT,DOWN
2021-12-06,17203.5996,17210.8496,16893.5996,16909.3008,25,17203.5996,17172.25,17210.8496,17125.8496,17150.9492,17210.8496,17095.3496,17144.3008,17210.8496,17095.3496,17210.3008,-0.03893714629322177,-1.7106815250454939,-1.7489525807706974,-0.1822269799862197,-0.3060429283648421,-0.3446883290634158,0.49408264535521973,1.8440908145758055,DOWN,DOWN,DOWN,DOWN,DOWN
2021-12-07,17033.9492,17251.25,16988.75,17180.5,25,17033.9492,17002.3008,17058.5508,16988.75,17074.4004,17077.9492,16988.75,17091.1992,17101.1504,16988.75,16909.3008,0.737158806708307,0.8603454095072732,1.6038463281698736,-0.18579602198178577,0.23747399692843701,0.33609352316255586,0.4097746164465542,1.5410401717060422,UP,UP,DOWN,UP,UP
2021-12-08,17312.5508,17484.5,17312.5508,17467.8496,25,17312.5508,17377.6992,17389.1504,17312.5508,17402.8008,17403.5508,17312.5508,17406.1504,17424.3496,17312.5508,17180.5,0.7686085969558564,0.8970301476313962,1.6725333954192332,0.37630734345627576,0.5212981093461976,0.5406459226100739,0.44245126489389264,0.993205461092418,UP,UP,UP,UP,UP
2021-12-09,17525.6992,17539.8008,17380.0996,17502.6504,25,17525.6992,17431.3008,17539.8008,17427.1992,17472.4004,17539.8008,17424.0508,17411.8496,17539.8008,17408.8008,17467.8496,0.33117757093579353,-0.1315142964453052,0.1992277286380875,-0.5386284388585091,-0.30411796637477656,-0.6496151662810562,0.6424941950390304,0.9112401061864598,DOWN,UP,DOWN,DOWN,DOWN
2021-12-10,17487.5508,17534.0508,17405.5,17499.1992,25,17487.5508,17522.9492,17534.0508,17437.5,17477.0996,17534.0508,17437.5,17443.3008,17534.0508,17436.9004,17502.6504,-0.08627036280172594,0.06660967069212584,-0.019718156514167234,0.20242056995195815,-0.05976365769870711,-0.2530371491472665,0.5521116198844774,0.7350989367819356,FLAT,FLAT,UP,FLAT,DOWN
2021-12-13,17609.5508,17639.25,17356.0996,17384.5,25,17609.5508,17633.3496,17638.4004,17601.6992,17626.0996,17638.4004,17601.6992,17616.5,17639.25,17601.6992,17499.1992,0.6306094281160122,-1.2780042066717618,-0.6554539935747409,0.1351471157344938,0.09397627564696587,0.03946267612913277,0.20841644637522222,1.6079365295337267,DOWN,DOWN,UP,FLAT,FLAT
2021-12-14,17284.5996,17375.6992,17226.1504,17319.5,25,17284.5996,17306.6504,17313.0,17244.8008,17310.0,17342.9004,17244.8008,17280.0996,17342.9004,17244.8008,17384.5,-0.5746521326468902,0.2019161612514219,-0.37389628692225835,0.12757483835493216,0.14695393927435046,-0.026034736725981198,0.3945662704272253,0.865214141263651,UP,DOWN,UP,UP,FLAT
2021-12-15,17335.5996,17350.5,17193.25,17208.3008,25,17335.5996,17274.1504,17350.5,17262.6504,17257.4004,17350.5,17249.5996,17254.0508,17350.5,17227.6504,17319.5,0.09295649412512702,-0.7343201443115961,-0.6420462484482757,-0.35446827002166537,-0.4510902524537007,-0.47041234154946954,0.5067583586782968,0.9070929395485113,DOWN,DOWN,DOWN,DOWN,DOWN
2021-12-16,17374.5996,17374.5996,17185.3496,17285.5996,25,17374.5996,17320.1504,17374.5996,17311.1504,17300.1992,17374.5996,17283.4492,17267.75,17374.5996,17239.4004,17208.3008,0.966387105460177,-0.5122420202420088,0.4491948443858006,-0.3133839124557595,-0.4282136090203901,-0.6149758984949579,0.365183667311693,1.0892337340539344,DOWN,UP,DOWN,DOWN,DOWN
2021-12-17,17292.4492,17292.4492,16966.75,16994.0508,25,17292.4492,17154.8496,17292.4492,17149.5996,17140.3008,17292.4492,17126.9004,17107.6504,17292.4492,17058.8008,17285.5996,0.03962604803132045,-1.725599402078904,-1.6866571408954798,-0.7957207125986396,-0.8798545436814018,-1.0686675893198545,0.8260807844385499,1.8834764019431045,DOWN,DOWN,DOWN,DOWN,DOWN
2021-12-20,16828.5,16828.5,16410.4004,16613.0,25,16828.5,16677.75,16828.5,16660.4004,16655.8008,16828.5,16636.25,16600.5996,16828.5,16585.5996,16994.0508,-0.9741691486528974,-1.280565706985174,-2.2422599795923928,-0.8958017648631786,-1.026230501827252,-1.354252607184233,0.9988982975309825,2.484473363639073,DOWN,DOWN,DOWN,DOWN,DOWN
2021-12-21,16770.0,16936.3496,16688.6504,16786.9004,25,16770.0,16789.75,16839.1504,16723.8008,16790.5508,16839.1504,16723.8008,16809.8008,16839.1504,16723.8008,16613.0,0.9450430385842413,0.10077757901012896,1.046773009089259,0.11776982707215267,0.12254502087060758,0.23733333333333864,0.6878330351818589,1.4770375670840952,UP,UP,UP,UP,UP
2021-12-22,16857.1504,16970.5996,16819.6992,16968.0996,25,16857.1504,16872.0996,16909.8496,16840.3496,16891.0996,16909.8496,16840.3496,16884.0,16920.1992,16840.3496,16786.9004,0.41848106753525505,0.6581729258345038,1.0794083224560191,0.08868165523398752,0.20139346920700638,0.15927721686579585,0.4122879511118321,0.8951714638554941,UP,UP,FLAT,UP,UP
2021-12-23,17059.5508,17117.9492,17016.4004,17051.0508,25,17059.5508,17054.25,17062.1992,17032.25,17090.5996,17095.6992,17032.25,17057.75,17107.4004,17032.25,16968.0996,0.5389595897940127,-0.04982546199282105,0.48886558869562213,-0.031072330462540026,0.18200244756737957,-0.010555963759613709,0.17555679133121788,0.5952606911548953,FLAT,UP,FLAT,UP,FLAT
2021-12-24,17151.4492,17151.4492,16910.1992,16999.9004,25,17151.4492,17089.8496,17151.4492,17052.3008,16984.1504,17151.4492,16977.5996,16945.9004,17151.4492,16925.4004,17051.0508,0.5888106321283039,-0.8835918075074408,-0.2999838578863554,-0.3591509923254633,-0.9754207825190684,-1.1984340075473068,0.5780759330820758,1.4065866807336607,DOWN,DOWN,DOWN,DOWN,DOWN
2021-12-27,16936.5,17112.0,16833.6992,17101.9492,25,16936.5,16936.8496,16938.4004,16833.6992,16912.5,16959.4492,16833.6992,16963.6504,16993.8008,16833.6992,16999.9004,-0.37294571443488356,0.9768795205620944,0.6002905758200825,0.00206418091105821,-0.14170578336728368,0.16030702919728768,0.6181985652289406,1.6432013698225778,UP,UP,FLAT,DOWN,UP
2021-12-28,17178.6504,17249.5,17161.1992,17233.3496,25,17178.6504,17176.6504,17203.8008,17167.8496,17189.0508,17219.9492,17165.5508,17208.1504,17219.9492,17165.5508,17101.9492,0.4484939061800015,0.3184138376784404,0.7683358105168636,-0.011642358121450567,0.06054259070318042,0.17172478229139584,0.209278372647944,0.5140147680052962,UP,UP,FLAT,FLAT,UP
2021-12-29,17219.8496,17285.75,17176.9492,17189.5508,25,17219.8496,17237.8496,17254.9492,17181.6992,17263.5,17267.0996,17181.6992,17253.0508,17285.75,17181.6992,17233.3496,-0.07833648311759427,-0.17595275628888468,-0.2541514042052538,0.1045305296975416,0.25348885741719035,0.19280772347744266,0.4253811833524957,0.6318336253064655,DOWN,DOWN,UP,UP,UP
2021-12-30,17192.1504,17264.0,17148.8008,17228.9492,25,17192.1504,17208.75,17216.3008,17148.8008,17218.25,17222.5,17148.8008,17247.9004,17248.25,17148.8008,17189.5508,0.015123140972350107,0.21404419542537556,0.22919970660314298,0.09655336658758741,0.15181114283412375,0.324275897446779,0.39262104175170554,0.6700685913031514,UP,UP,FLAT,UP,UP
2021-12-31,17246.4492,17400.5508,17246.4492,17364.25,25,17246.4492,17313.8008,17315.3496,17246.4492,17339.75,17350.8008,17246.4492,17349.6992,17358.75,17246.4492,17228.9492,0.10157322885367844,0.6830437885150347,0.7853108069991923,0.3905244448811051,0.5409855612481721,0.5986739577674922,0.3995048441623698,0.8935265353056082,UP,UP,UP,UP,UP
2022-01-03,17392.3008,17646.0996,17392.3008,17635.3496,25,17392.3008,17462.3496,17478.0996,17392.3008,17463.3496,17478.0996,17392.3008,17498.0996,17501.6504,17392.3008,17364.25,0.16154340095311281,1.39745053167434,1.561251421742957,0.4027575236049303,0.40850719417180553,0.6083082463707188,0.4933148350332147,1.4592594902682483,UP,UP,UP,UP,UP
2022-01-04,17671.0996,17827.3008,17594.25,17807.3496,25,17671.0996,17691.0,17714.1504,17648.8008,17657.4004,17714.1504,17594.25,17721.6992,17723.0508,17594.25,17635.3496,0.2027178412159178,0.7710329469253854,0.9753138094863738,0.11261551601462665,-0.07752318933227419,0.28634098129353386,0.3698106030707774,1.31882455124638,UP,UP,UP,FLAT,UP
2022-01-05,17811.5508,17944.1992,17750.0996,17907.6992,25,17811.5508,17822.0996,17829.5996,17778.0508,17796.5,17829.5996,17750.0996,17845.75,17853.4492,17750.0996,17807.3496,0.02359250587184247,0.5398092568110252,0.5635291172134775,0.059224489312859174,-0.08450022218166928,0.19200574045466667,0.28941219424869213,1.0897400354381142,UP,UP,FLAT,FLAT,UP
2022-01-06,17768.8496,17795.8008,17655.9004,17746.0,25,17768.8496,17724.1504,17795.8008,17723.8496,17726.75,17795.8008,17672.0996,17723.1992,17795.8008,17672.0996,17907.6992,-0.7753625881765858,-0.12859358098231286,-0.9029591026411652,-0.2515593356139541,-0.23692923823274056,-0.2569125240387102,0.40492885932243755,0.7873351575895057,DOWN,DOWN,DOWN,DOWN,DOWN
2022-01-07,17792.8496,17904.6504,17705.0508,17818.1992,25,17792.8496,17858.6992,17860.9492,17790.9004,17887.4492,17890.9492,17790.9004,17885.6504,17898.0,17790.9004,17746.0,0.2640009016116385,0.14247071475272705,0.40684774033584536,0.37009024119440503,0.5316720037918925,0.5215623246767468,0.39369073293352896,1.1217967019740207,UP,UP,UP,UP,UP
2022-01-10,17916.75,18016.8008,17879.8008,18005.4492,25,17916.75,17890.0,17952.1504,17885.75,17914.0508,17952.1504,17879.8008,17967.5996,17969.5996,17879.8008,17818.1992,0.553090684944194,0.49506299970697315,1.0508918319871516,-0.14930163115520395,-0.015065232254728727,0.28381040088186404,0.37060515997599247,0.7646476062902032,UP,UP,DOWN,FLAT,UP
2022-01-11,18005.0996,18080.9492,17964.9004,18059.0,25,18005.0996,18027.5996,18053.3496,17984.25,17990.9492,18053.3496,17970.8496,17991.6992,18053.3496,17970.8496,18005.4492,-0.001941634424748124,0.29936185412714195,0.29741440718957957,0.12496459614141761,-0.07859106761065772,-0.07442558107261048,0.38377793811260763,0.6445329522087202,UP,UP,UP,FLAT,FLAT
2022-01-12,18159.3008,18227.3496,18129.9492,18197.5996,25,18159.3008,18149.4492,18181.6992,18144.1504,18171.5996,18181.6992,18129.9492,18155.0996,18181.6992,18129.9492,18059.0,0.5554061686693664,0.21090459606242373,0.7674821418683281,-0.05425098746093672,0.06772727725288015,-0.0231352519916379,0.20677448109676383,0.5363664662683613,UP,UP,FLAT,FLAT,FLAT
2022-01-13,18252.8008,18271.5508,18164.1504,18258.5508,25,18252.8008,18246.3008,18255.1992,18203.4004,18264.1992,18271.5508,18203.4004,18197.0,18271.5508,18187.4492,18197.5996,0.30334330468508336,0.031502014748333855,0.3349408786859972,-0.03561097319376871,0.062447402592583044,-0.30571089122936623,0.2837854889645236,0.5884050408307872,FLAT,UP,FLAT,FLAT,DOWN
2022-01-14,18181.0508,18286.5996,18121.3008,18234.8008,25,18181.0508,18183.25,18183.25,18121.3008,18223.9004,18228.0996,18121.3008,18202.5508,18230.9004,18121.3008,18258.5508,-0.4244586596653662,0.29563747767538273,-0.13007604086519287,0.012096110528436064,0.23568274722601695,0.11825499107015311,0.34073498106060573,0.9091817729259106,UP,DOWN,FLAT,UP,UP
2022-01-17,18246.6992,18321.0508,18234.0508,18309.6992,25,18246.6992,18256.75,18304.0,18234.0508,18263.4492,18304.0,18234.0508,18288.75,18304.0,18234.0508,18234.8008,0.06525105555306213,0.3452679265957319,0.4107442731153839,0.05508283931156651,0.09179742492823031,0.23045702424908115,0.38335262303222006,0.4767985652988678,UP,UP,FLAT,FLAT,UP
2022-01-18,18339.6504,18350.5996,18087.4492,18113.8008,25,18339.6504,18342.4492,18350.5996,18323.0,18256.9492,18350.5996,18247.3496,18237.6992,18350.5996,18205.8008,18309.6992,0.16358105981336665,-1.231482580496724,-1.0699159929399509,0.015260923403428035,-0.45094207466462677,-0.55590590756299,0.15049141830970442,1.4348714084539054,DOWN,DOWN,FLAT,DOWN,DOWN
2022-01-19,18121.0996,18121.0996,17885.3008,17941.4492,25,18121.0996,18079.5508,18121.0996,18025.3008,17964.5996,18121.0996,17950.75,18038.0996,18121.0996,17950.75,18113.8008,0.04029413859956152,-0.9913879619093439,-0.9514932945492135,-0.22928409929384463,-0.8636341251609256,-0.45802959992560266,0.5286588679199163,1.301238915987198,DOWN,DOWN,DOWN,DOWN,DOWN
2022-01-20,17934.3008,17934.3008,17648.8496,17782.9492,25,17934.3008,17875.6992,17934.3008,17859.75,17910.4492,17934.3008,17859.75,17843.25,17934.3008,17837.4492,17941.4492,-0.039842935318726756,-0.8439225018463044,-0.8834291936684804,-0.3267570933125075,-0.13299431221763483,-0.5076908267313153,0.41568835513231095,1.591649449751615,DOWN,DOWN,DOWN,DOWN,DOWN
2022-01-21,17618.5996,17707.25,17487.1992,17650.4492,25,17618.5996,17554.3496,17623.4492,17526.4004,17622.25,17623.9492,17526.4004,17631.1992,17679.25,17526.4004,17782.9492,-0.9241976578328062,0.18077259670511914,-0.7450957572324393,-0.36467143506683697,0.02071901333178958,0.07151306168509405,0.5508315201169591,1.248968731884916,UP,DOWN,DOWN,FLAT,FLAT
2022-01-24,17560.0,17598.3496,16998.4492,17112.4492,25,17560.0,17472.0,17598.3496,17471.9004,17470.3496,17598.3496,17404.75,17427.9004,17598.3496,17404.75,17650.4492,-0.512447014662942,-2.5486947608200508,-3.0480810652682995,-0.5011389521640092,-0.5105375854214045,-0.752275626423698,0.7200979498861204,3.416289293849671,DOWN,DOWN,DOWN,DOWN,DOWN
2022-01-25,17002.3008,17308.9004,16837.8496,17267.3008,25,17002.3008,16978.6992,17006.5508,16837.8496,17113.0,17113.0,16837.8496,17073.25,17200.5508,16837.8496,17112.4492,-0.643674080271328,1.5586125849508554,0.904906119458352,-0.1388141539055807,0.6510836462792089,0.4172917585365805,0.9922257110049453,2.7705120944572235,UP,UP,DOWN,UP,UP
2022-01-27,17066.25,17182.0996,16867.0508,17149.3008,25,17066.25,17016.9004,17066.25,16968.4004,16960.0508,17066.25,16929.1504,17019.5996,17066.25,16929.1504,17267.3008,-1.164344111037904,0.48663766205230147,-0.6833725859458011,-0.2891648721892705,-0.6222761297883197,-0.27334886105617007,0.5733514978393107,1.8460341316926712,UP,DOWN,DOWN,DOWN,DOWN
2022-01-28,17226.6992,17373.0,17077.75,17106.3496,25,17226.6992,17268.6504,17300.1504,17213.0996,17338.5996,17348.4492,17213.0996,17333.0,17359.0508,17213.0996,17149.3008,0.45132102412011,-0.6986225196292841,-0.2504545258194988,0.24352430789526713,0.6495753986347093,0.61707004206587,0.50532489706442,1.7139093019050335,DOWN,DOWN,UP,UP,UP
2022-01-31,17302.5996,17409.9004,17264.3496,17338.3008,25,17302.5996,17310.8008,17335.1992,17271.5996,17344.0,17351.0508,17271.5996,17336.25,17361.4004,17271.5996,17106.3496,1.1472348255994955,0.20633431290867713,1.3559362776030224,0.0473986579450149,0.23927271599117755,0.1944817586832364,0.36757251205187536,0.8412076992176207,UP,UP,FLAT,UP,UP
2022-02-01,17532.3008,17622.0,17245.4492,17604.6504,25,17532.3008,17513.6504,17532.3008,17469.1504,17519.9004,17541.0996,17469.1504,17578.0996,17583.9492,17469.1504,17338.3008,1.1189101068081595,0.4126646058913028,1.5361920586820004,-0.10637736719645069,-0.07072888003383027,0.26122526941815005,0.3601945957943082,2.147754617579918,UP,UP,DOWN,FLAT,UP
2022-02-02,17697.25,17793.75,17675.6992,17791.5996,25,17697.25,17725.4004,17731.5,17675.6992,17729.25,17731.5,17675.6992,17722.9004,17748.25,17675.6992,17604.6504,0.5259951086560707,0.5331314187232556,1.0619307725645195,0.1590665216347095,0.180819053807795,0.14494003305597553,0.31530774555369273,0.667057311164169,UP,UP,UP,UP,UP
2022-02-03,17772.0508,17774.4004,17512.9492,17520.25,25,17772.0508,17740.6992,17774.4004,17719.8496,17713.5508,17774.4004,17702.5508,17710.1992,17774.4004,17681.4492,17791.5996,-0.10987657343637883,-1.4168359230663512,-1.5251557257392492,-0.17640957902282037,-0.32916853917613154,-0.3480273644052479,0.30694713071604124,1.4711369157238707,DOWN,DOWN,DOWN,DOWN,DOWN
2022-02-04,17580.0996,17617.3008,17463.9004,17503.0,25,17580.0996,17575.0508,17592.75,17480.9004,17579.0,17595.25,17480.9004,17545.8008,17617.3008,17480.9004,17520.25,0.34160243147216146,-0.4385617929036157,-0.09845749917952085,-0.028718836154946942,-0.006254799603077184,-0.19510014607653578,0.6362284773403751,0.8725798117776434,DOWN,FLAT,FLAT,FLAT,DOWN
2022-02-07,17463.6504,17535.9492,17120.3496,17210.0,25,17463.6504,17466.0996,17535.9492,17418.75,17447.4004,17535.9492,17418.75,17414.9492,17535.9492,17390.1504,17503.0,-0.22481631720277306,-1.4524477654454113,-1.673998743072616,0.014024559263982675,-0.09305041974500361,-0.27887182166678925,0.6711036771556027,2.379797983129562,DOWN,DOWN,FLAT,FLAT,DOWN
2022-02-08,17275.0508,17304.6504,17043.6504,17240.3496,25,17275.0508,17237.5996,17304.6504,17176.5996,17236.9492,17304.6504,17176.5996,17194.4004,17304.6504,17176.5996,17210.0,0.37798256827426435,-0.20087466255091715,0.17634863451482494,-0.21679357377055883,-0.2205585409913919,-0.46686056633768197,0.7412470242923814,1.5108493921187194,DOWN,UP,DOWN,DOWN,DOWN
2022-02-09,17360.4492,17476.4004,17342.3008,17471.5996,25,17360.4492,17411.0996,17421.4492,17342.3008,17392.1992,17421.4492,17342.3008,17417.3008,17438.4004,17342.3008,17240.3496,0.6966192843328288,0.6402507142499647,1.3413301085263374,0.29175742756703704,0.18288697276335453,0.32747770144105365,0.4559121661437091,0.7724431462291755,UP,UP,UP,UP,UP
2022-02-10,17538.0996,17639.25,17427.1992,17586.9492,25,17538.0996,17482.8008,17540.0508,17473.6992,17458.1992,17540.0508,17455.3008,17510.9492,17540.0508,17427.1992,17471.5996,0.3806176968478604,0.27853416911828766,0.6602120163055805,-0.31530668237281806,-0.4555818579112315,-0.15480810703117606,0.37832833381788855,1.2090865306751986,UP,UP,DOWN,DOWN,DOWN
2022-02-11,17444.4492,17447.3008,17303.1992,17345.5508,25,17444.4492,17416.0996,17444.4492,17371.4492,17405.9492,17444.4492,17371.4492,17330.8008,17444.4492,17314.6504,17586.9492,-0.8102599170525835,-0.5669333486321725,-1.3725996320043854,-0.16251358627016863,-0.22070057677716762,-0.6514874657091393,0.41847122349956456,0.8260599021951451,DOWN,DOWN,DOWN,DOWN,DOWN
2022-02-14,17077.1504,17082.75,16810.0,16819.6992,25,17077.1504,16990.75,17077.1504,16918.9004,16975.3496,17077.1504,16918.9004,17032.1504,17077.1504,16918.9004,17345.5508,-1.5473731742205743,-1.5075770486860591,-3.031622380074559,-0.5059415533401792,-0.5961228753949327,-0.2635100057442839,0.926676853534065,1.597163423705632,DOWN,DOWN,DOWN,DOWN,DOWN
2022-02-15,16933.0508,17374.5,16840.4004,17351.8496,25,16933.0508,16941.0,16998.1504,16902.5,16883.75,16998.1504,16876.4004,16872.0,16998.1504,16840.4004,16819.6992,0.6739216834508063,2.4732625263251466,3.163852062229521,0.04694487776531745,-0.2911513145640648,-0.36054223613385067,0.5648739918739193,3.1541841237492854,UP,UP,FLAT,DOWN,DOWN
2022-02-16,17414.5,17489.9004,17258.5996,17293.0508,25,17414.5,17392.3008,17448.1504,17320.9492,17360.6992,17448.1504,17320.9492,17333.5996,17448.1504,17315.75,17351.8496,0.36105891558672004,-0.6974027390967247,-0.3388618582770593,-0.1274753797123036,-0.3089425478767745,-0.4645576961727217,0.7304326854058372,1.3282081024433503,DOWN,DOWN,DOWN,DOWN,DOWN
2022-02-17,17387.25,17442.5508,17236.3008,17280.1504,25,17387.25,17365.3496,17442.5508,17363.4004,17311.0996,17442.5508,17267.6504,17313.0,17442.5508,17267.6504,17293.0508,0.5447228548013003,-0.6159662971430293,-0.07459875154014041,-0.12595666364720487,-0.43796690103379565,-0.42703705301298367,0.4552209233777755,1.1862140361471767,DOWN,FLAT,DOWN,DOWN,DOWN
2022-02-18,17230.1504,17379.9492,17220.1992,17268.75,25,17230.1504,17284.0508,17291.0,17220.1992,17258.8496,17321.1992,17220.1992,17298.0508,17321.1992,17220.1992,17280.1504,-0.28934933344098673,0.22402358136120143,-0.06597396281920456,0.31282605635295135,0.16656383916418252,0.3940789744934685,0.41091225762022887,0.9271538337819734,UP,FLAT,UP,UP,UP
2022-02-21,17202.5,17350.8008,17071.0,17205.75,25,17202.5,17109.0996,17229.5508,17105.9004,17110.3008,17229.5508,17071.0,17127.25,17229.5508,17071.0,17268.75,-0.3836409699601882,0.01889260281935765,-0.36482084690553745,-0.5429466647289558,-0.535963958726924,-0.43743641912512715,0.7187931986629982,1.6265124255195516,FLAT,DOWN,DOWN,DOWN,DOWN
2022-02-22,16864.3008,17148.5,16860.8496,17080.5996,25,16864.3008,16918.4492,16973.3008,16864.3008,16874.5,16973.3008,16861.0996,16923.8008,16973.3008,16860.8496,17205.75,-1.9845063423564746,1.2825838590355343,-0.7273754413495408,0.3210829825805658,0.060478048399131436,0.3528162875273192,0.6463357200080302,1.7056764072898807,UP,DOWN,UP,FLAT,UP
2022-02-23,17194.25,17220.6504,17027.9004,17054.6992,25,17194.25,17216.0,17220.6504,17160.5996,17162.6504,17220.6504,17160.5996,17148.25,17220.6504,17136.8496,17080.5996,0.6653771100635052,-0.8116131846402191,-0.15163636292956753,0.12649577620425434,-0.1837800427468565,-0.26753129679980225,0.3492493129970615,1.1210142925687365,DOWN,DOWN,UP,DOWN,DOWN
2022-02-24,16574.1504,16702.5996,16204.4004,16217.75,25,16574.1504,16642.6992,16702.5996,16555.5,16549.3496,16702.5996,16549.3496,16533.0508,16702.5996,16455.1504,17054.6992,-2.8176914430715994,-2.15033887951203,-4.907440407978577,0.41358862050630657,-0.14963542263980695,-0.24797409826809425,0.8875242256761553,3.0058807720243745,DOWN,DOWN,UP,DOWN,DOWN
2022-02-25,16513.1992,16748.1992,16488.9492,16668.8008,25,16513.1992,16585.3496,16606.0,16488.9492,16632.25,16633.5,16488.9492,16637.3008,16690.6992,16488.9492,16217.75,1.821764424781484,0.9422862167132448,2.78121687657043,0.4369256321936834,0.7209432803305666,0.7515297217513236,0.7088317568409209,1.569956232345335,UP,UP,UP,UP,UP
2022-02-28,16498.0508,16814.9004,16356.5498,16789.4492,25,16498.0508,16372.7002,16498.0508,16370.4502,16457.1504,16498.0508,16356.5498,16450.4492,16498.0508,16356.5498,16668.8008,-1.0243688316198487,1.7662595632206333,0.7237977191496476,-0.7597903626287874,-0.24791049861479553,-0.2885286303034161,0.7734283373645665,2.7782106235240707,UP,UP,DOWN,DOWN,DOWN
2022-03-02,16588.9004,16677.75,16479.1504,16625.8496,25,16588.9004,16677.5,16677.75,16562.4004,16617.4004,16677.75,16562.4004,16591.6992,16677.75,16545.9004,16789.4492,-1.1944930272042547,0.222734473708714,-0.9744191012531713,0.5340896494863601,0.1718016222461617,0.016871522117285622,0.6953420493138978,1.1971836300855805,UP,DOWN,UP,UP,FLAT
2022-03-03,16727.0,16767.9492,16443.5996,16508.75,25,16727.0,16689.0996,16767.9492,16684.8008,16658.0,16767.9492,16652.25,16641.5508,16767.9492,16610.5,16625.8496,0.6083923675094391,-1.3047767083158963,-0.7043225027128921,-0.22658217253541357,-0.4125067256531357,-0.5108459377055007,0.4970909308303833,1.9390781371435266,DOWN,DOWN,DOWN,DOWN,DOWN
2022-03-04,16336.5,16455.5508,16134.0996,16243.5498,25,16336.5,16273.1504,16336.5,16252.6504,16274.5996,16336.5,16233.9004,16219.1504,16336.5,16218.0996,16508.75,-1.04338608313773,-0.5689725461390097,-1.6064220489134509,-0.38777951213539963,-0.378908578948982,-0.7183276711657917,0.5132653873228633,1.967687081076126,DOWN,DOWN,DOWN,DOWN,DOWN
2022-03-07,15863.5,16174.4502,15713.7002,15881.0498,25,15863.5,15827.0996,15903.9004,15813.4502,15795.6504,15903.9004,15795.6504,15785.4004,16174.4502,15775.5498,16243.5498,-2.3396967084128413,0.11063006272260653,-2.2316550536262705,-0.22946008131875342,-0.4277088914804397,-0.4923226274151326,0.5701780817600223,2.9044662275033883,UP,DOWN,DOWN,DOWN,DOWN
2022-03-08,15752.7998,16027.9004,15671.6504,16017.4004,25,15752.7998,15806.7998,15863.4502,15752.7998,15806.2998,15863.4502,15752.7998,15886.9004,15894.9502,15752.7998,15881.0498,-0.8075662605125764,1.6797052165926702,0.8585742234748219,0.3427962056624372,0.33962216672111833,0.8512810529084471,0.7024173569450087,2.2615027456896897,UP,UP,UP,UP,UP
2022-03-09,16080.75,16417.4492,15992.75,16366.9004,25,16080.75,16119.5996,16125.2002,15992.75,16124.8496,16139.1504,15992.75,16144.7002,16150.9502,15992.75,16017.4004,0.39550487855694455,1.7794592913887752,2.1820020182550968,0.24159072182578273,0.2742384528084794,0.397681700169453,0.8236568568008289,2.641040996222186,UP,UP,UP,UP,UP
2022-03-10,16709.4492,16754.25,16448.0996,16563.5996,25,16709.4492,16646.0,16720.9004,16604.9492,16614.9004,16720.9004,16604.9492,16717.5,16727.4492,16604.9492,16366.9004,2.0929363020990746,-0.8728570179320917,1.2018109427732628,-0.37972047576528806,-0.5658403150715494,0.048181121374131775,0.6939259254577914,1.8321992325156873,DOWN,UP,DOWN,DOWN,FLAT
2022-03-11,16532.6992,16694.0,16472.5508,16620.5,25,16532.6992,16616.9492,16617.6992,16472.5508,16643.25,16672.75,16472.5508,16641.4492,16694.0,16472.5508,16563.5996,-0.18655606719690485,0.5310735950485381,0.3435267778387895,0.5095961583816876,0.6686796793593202,0.6577873261009914,0.8779473832076872,1.3394618587145113,UP,UP,UP,UP,UP
2022-03-14,16646.8496,16887.9004,16607.9492,16886.4004,25,16646.8496,16656.0,16701.4492,16636.5,16631.5,16701.4492,16619.6504,16679.0,16701.4492,16607.9492,16620.5,0.1585367467886127,1.4390158243515172,1.5998339400138302,0.05496775798346028,-0.09220723661731992,0.19313203862909067,0.39015910854387187,1.6817067897339537,UP,UP,FLAT,FLAT,UP
2022-03-15,16893.0508,16926.8496,16555.6992,16645.0,25,16893.0508,16904.5508,16926.8496,16852.8496,16845.5508,16926.8496,16826.4492,16861.25,16926.8496,16808.0,16886.4004,0.0393831713240808,-1.468359995697171,-1.4295551111058498,0.06807532953135972,-0.2811807089338771,-0.18824782081399347,0.43804994654961904,2.1970596335387933,DOWN,DOWN,FLAT,DOWN,DOWN
2022-03-16,16863.75,16987.8008,16840.5508,16966.3496,25,16863.75,16928.8008,16933.0,16853.0508,16911.9492,16942.0996,16853.0508,16854.5996,16942.0996,16850.0996,16645.0,1.314208471012316,0.6084032317841606,1.9306073896064966,0.38574338447854656,0.2858154325105573,-0.054260766436875704,0.4740890964346549,0.8731747090653028,UP,UP,UP,UP,FLAT
2022-03-17,17201.3496,17344.5996,17176.0508,17299.4004,25,17201.3496,17184.5508,17227.8496,17181.5508,17200.75,17227.8496,17176.0508,17266.0,17266.3008,17176.0508,16966.3496,1.3850946464052585,0.5700180641639726,1.9630080002595092,-0.0976597789745549,-0.0034857730000521217,0.37584492788867346,0.26915795025758027,0.9798579990491005,UP,UP,FLAT,FLAT,UP
2022-03-21,17327.9004,17352.0996,17097.3496,17113.8496,25,17327.9004,17332.0996,17352.0996,17257.25,17282.0996,17352.0996,17257.25,17232.25,17352.0996,17226.3496,17299.4004,0.16474559430395058,-1.2352956507067485,-1.0725851515639655,0.02423374963537272,-0.2643182321153996,-0.5520022495050735,0.547380800965369,1.4701723470201848,DOWN,DOWN,FLAT,DOWN,DOWN
2022-03-22,17120.5508,17332.1992,17006.4004,17328.75,25,17120.5508,17066.1992,17141.9004,17064.9492,17068.9492,17141.9004,17051.6504,17035.5508,17141.9004,17030.1504,17113.8496,0.03915659046109366,1.2160776976871508,1.2557104627120166,-0.31746408532605025,-0.30140151799322823,-0.49647935392358983,0.4494668477605259,1.9029691498009542,UP,UP,DOWN,DOWN,DOWN
2022-03-23,17410.5996,17441.6992,17200.8008,17223.5508,25,17410.5996,17379.6504,17441.6992,17379.6504,17368.75,17441.6992,17359.9492,17360.25,17441.6992,17333.0,17328.75,0.47233412681238623,-1.0743386459820745,-0.6070789872321957,-0.17776067861558742,-0.24036851665925033,-0.28918935106635485,0.3563851988187729,1.3836306935689808,DOWN,DOWN,DOWN,DOWN,DOWN
2022-03-24,17094.8008,17291.4492,17094.8008,17197.3008,25,17094.8008,17200.1504,17201.5,17094.8008,17209.5996,17217.4004,17094.8008,17255.4004,17262.6992,17094.8008,17223.5508,-0.7475229788273391,0.5995975103728614,-0.15240759762499145,0.6162669061343945,0.6715421919394374,0.9394645885548881,0.6241617041831754,1.1503404005737123,UP,DOWN,UP,UP,UP
2022-03-25,17289.0,17287.0996,17077.0508,17177.9492,25,17289.0,17191.4492,17287.0996,17173.0,17201.75,17287.0996,17169.4492,17191.4004,17287.0996,17169.4492,17197.3008,0.533218561833838,-0.6423205506391398,-0.11252696120778315,-0.5642362195615761,-0.5046561397420325,-0.5645184799583629,0.6599548846087187,1.2149274104922232,DOWN,DOWN,DOWN,DOWN,DOWN
2022-03-28,17181.85,17234.4004,17004.0996,17214.6992,25,17181.85,17082.6504,17190.0508,17074.0996,17069.0508,17190.0508,17059.0508,17045.5,17190.0508,17037.1992,17177.9492,0.022708182185097132,0.19118546605866404,0.21393706298770523,-0.5773511001434649,-0.6565020646787026,-0.793569958997422,0.6748470042515766,1.3403725442836323,UP,UP,DOWN,DOWN,DOWN
2022-03-29,17297.2,17342.1504,17236.3008,17335.75,25,17297.2,17287.3008,17315.3496,17261.5508,17306.0508,17322.1992,17261.5508,17283.5508,17322.1992,17261.5508,17214.6992,0.47924624788100634,0.22286844113497717,0.7031827776578338,-0.05723007191915361,0.05116897532548714,-0.07890988136808175,0.31102606202160166,0.6119464421987243,UP,UP,FLAT,FLAT,FLAT
2022-03-30,17468.15,17522.1504,17387.9492,17471.5996,25,17468.15,17414.5,17459.1992,17387.9492,17437.0996,17459.1992,17387.9492,17451.3496,17460.8496,17387.9492,17335.75,0.7637396709112756,0.019747941253080138,0.7836384350258938,-0.3071304059101934,-0.1777543700964331,-0.09617732845206894,0.4078852082218208,0.7682622372718318,FLAT,UP,DOWN,DOWN,FLAT
2022-03-31,17519.2,17558.9004,17435.5996,17468.75,25,17519.2,17491.5,17544.3008,17486.6992,17543.4492,17558.9004,17486.6992,17541.5508,17558.9004,17486.6992,17471.5996,0.2724444303313782,-0.2879697703091507,-0.016309897578017835,-0.15811224256815795,0.13841499611853497,0.12757888488058908,0.3287912690077274,0.7038038266587358,DOWN,FLAT,DOWN,UP,UP
2022-04-01,17436.9,17702.5,17431.6992,17688.3496,25,17436.9,17467.5996,17499.8008,17431.6992,17495.3496,17499.8008,17431.6992,17526.75,17547.0996,17431.6992,17468.75,-0.1823255813953405,1.4420544936313215,1.25709967799643,0.1760611117801898,0.33520637269239323,0.515286547494099,0.3905602486680647,1.5530329359003083,UP,UP,UP,UP,UP
2022-04-04,17809.1,18087.25,17796.25,18036.0508,25,17809.1,17903.25,17929.1992,17796.25,17975.75,17978.9004,17796.25,18064.8008,18087.25,17796.25,17688.3496,0.682654983255177,1.2743529993093552,1.965707416818579,0.5286623130871378,0.9357575621452038,1.4357873222116915,0.7465239680837276,1.6339961031158228,UP,UP,UP,UP,UP
2022-04-05,18080.6,18095.1504,17922.5996,17930.75,25,18080.6,18065.0508,18086.8008,18021.5996,17985.4492,18086.8008,17984.9004,17997.0508,18086.8008,17972.8496,18036.0508,0.2470008567507342,-0.8287888676260664,-0.5838351264790232,-0.08599935842835778,-0.5262590843224199,-0.462093072132549,0.36061413891131666,0.9543422231562961,DOWN,DOWN,FLAT,DOWN,DOWN
2022-04-06,17842.75,17900.3008,17780.1992,17799.3008,25,17842.75,17854.3008,17900.3008,17825.5,17853.5508,17900.3008,17825.5,17830.25,17900.3008,17806.0508,17930.75,-0.49077701713536803,-0.24351179050314053,-0.7330937077367043,0.06473665774614838,0.060533269815476264,-0.07005646551120202,0.4192223732328307,0.6731114878592245,DOWN,DOWN,FLAT,FLAT,FLAT
2022-04-07,17723.3,17786.9492,17624.0996,17655.1504,25,17723.3,17704.0996,17745.3496,17701.75,17721.0996,17745.3496,17701.75,17724.9004,17745.3496,17701.6992,17799.3008,-0.4269875589719884,-0.38451981290166415,-0.8098655201107802,-0.1083342266959195,-0.012415295119971444,0.009029921064357958,0.2460015911258139,0.9188446846806053,DOWN,DOWN,DOWN,FLAT,FLAT
2022-04-08,17698.15,17842.4004,17602.1992,17800.3008,25,17698.15,17652.3496,17721.9492,17651.6992,17649.9492,17721.9492,17633.0508,17678.3496,17721.9492,17616.25,17655.1504,0.2435527255548207,0.5771834909298397,0.8221419626082724,-0.2587863703268425,-0.2723493698494043,-0.11187836016758859,0.396934142834138,1.3572107819178811,UP,UP,DOWN,DOWN,DOWN
2022-04-11,17740.9004,17778.9492,17651.1504,17679.6504,25,17740.9004,17684.1504,17754.9004,17671.3008,17671.1504,17754.9004,17655.0996,17708.5,17754.9004,17655.0996,17800.3008,-0.33370447312891627,-0.34524741483808796,-0.6777997819003276,-0.3198822986459019,-0.39315930097888385,-0.1826310912607267,0.4712252372489377,0.7203625358271021,DOWN,DOWN,DOWN,DOWN,DOWN
2022-04-12,17584.8496,17595.1504,17443.0996,17519.9492,25,17584.8496,17579.5,17593.6992,17540.3008,17559.25,17593.6992,17512.8496,17496.0508,17593.6992,17491.0,17679.6504,-0.5362142228785093,-0.3690699748720186,-0.90330519205289,-0.03042164204805808,-0.14557758856238026,-0.5049733265844962,0.3036613972518606,0.8646693230745474,DOWN,DOWN,FLAT,DOWN,DOWN
2022-04-13,17599.9004,17662.9492,17457.4492,17467.4492,25,17599.9004,17649.1992,17650.9492,17585.4492,17626.8008,17662.9492,17585.4492,17552.5996,17662.9492,17552.4492,17519.9492,0.4563437889420337,-0.752567895213768,-0.29965840311911407,0.28010840334073983,0.15284404677655034,-0.26875606636954186,0.3721611970031376,1.1676202440327446,DOWN,DOWN,UP,UP,DOWN
2022-04-18,17183.4492,17237.25,17068.5,17185.8008,25,17183.4492,17227.3008,17237.25,17160.6992,17229.6992,17237.25,17160.6992,17153.25,17237.25,17137.25,17467.4492,-1.6258813565062493,0.013685261745946684,-1.612418600879619,0.25519672732527865,0.2691543441697375,-0.1757458566583891,0.4454914674523022,0.9820496341328259,FLAT,DOWN,UP,UP,DOWN
2022-04-19,17258.9492,17273.1504,16826.0508,16869.1504,25,17258.9492,17201.8496,17273.1504,17177.4492,17184.1992,17273.1504,17153.0996,17194.0996,17273.1504,17153.0996,17185.8008,0.4256327700481563,-2.2585314753693146,-1.842511755402182,-0.3308405357609937,-0.43310863908215225,-0.37574477593339073,0.5545018928498817,2.590537783146136,DOWN,DOWN,DOWN,DOWN,DOWN
2022-04-20,17045.25,17186.5,16979.0996,17149.5996,25,17045.25,17086.0,17099.8008,16979.0996,17103.0508,17131.5508,16979.0996,17114.0996,17131.5508,16979.0996,16869.1504,1.0439150509915507,0.6121916663000037,1.662497478236976,0.2390695355010927,0.3391020958918226,0.40392250040334626,0.7081222041331134,1.2167636144966991,UP,UP,UP,UP,UP
2022-04-21,17234.5996,17414.3496,17216.1992,17400.0996,25,17234.5996,17228.6992,17253.0508,17219.0996,17250.6504,17258.0508,17216.1992,17262.4492,17269.5996,17216.1992,17149.5996,0.49563839379666913,0.9602776034321099,1.460675501718419,-0.034235782303885166,0.09313126137260103,0.16159122141716442,0.19699442277730383,1.149724418314901,UP,UP,FLAT,FLAT,UP
2022-04-22,17242.75,17315.0996,17149.75,17172.0996,25,17242.75,17246.4004,17253.3496,17197.5996,17236.5508,17253.3496,17197.5996,17227.9004,17258.9492,17197.5996,17400.0996,-0.9043028696226622,-0.4097397456902097,-1.3103373270346106,0.021170636934355752,-0.03595250177610363,-0.08612083339375316,0.32332429571849036,0.958951443360261,DOWN,DOWN,FLAT,FLAT,FLAT
2022-04-25,17009.0508,17053.9492,16888.8496,16983.1992,25,17009.0508,16988.1504,17010.8008,16933.0,16994.9492,17020.8496,16933.0,17033.4004,17053.9492,16933.0,17172.0996,-0.949498336243056,-0.1519873172464261,-1.1000425364409268,-0.12287810910648972,-0.08290644884194114,0.14315672453631412,0.4574082405586141,0.9706573396794002,DOWN,DOWN,DOWN,FLAT,UP
2022-04-26,17121.3008,17223.4004,17065.3008,17201.4492,25,17121.3008,17156.4492,17170.75,17114.1992,17174.1504,17181.4004,17114.1992,17148.5508,17181.4004,17114.1992,16983.1992,0.8131659905396493,0.46812097361199456,1.2850935647036397,0.20529047652733382,0.30867748086055313,0.15915846767904457,0.3302949972118993,0.9234088101530097,UP,UP,UP,UP,UP
2022-04-27,17073.3496,17109.5,16958.6504,17037.6504,25,17073.3496,17086.9004,17109.0508,17063.1992,17069.4004,17109.5,17040.5996,17075.0996,17109.5,17040.5996,17201.4492,-0.7447023707746538,-0.2090931237066846,-0.952238373031968,0.07936813992256828,-0.023130786240110418,0.01024989261626787,0.26855655787662064,0.8835384006897004,DOWN,DOWN,FLAT,FLAT,FLAT
2022-04-28,17189.5,17322.5,17071.1992,17231.3496,25,17189.5,17125.6992,17189.5,17097.8008,17110.0508,17189.5,17097.8008,17105.0996,17189.5,17088.4492,17037.6504,0.8912590435592069,0.24346025189796897,1.1368891569696886,-0.371161464847732,-0.46219610808923534,-0.4909997382122728,0.5334605427731994,1.461943628377794,UP,UP,DOWN,DOWN,DOWN
2022-04-29,17329.25,17377.3008,17054.0,17111.5996,25,17329.25,17324.9004,17347.9492,17302.6992,17300.75,17347.9492,17300.75,17272.9004,17347.9492,17241.9004,17231.3496,0.5681528276809996,-1.2559712624608603,-0.6949542710223928,-0.025099759077867618,-0.16446182033267454,-0.3251704488076597,0.2611192059667903,1.865636423965266,DOWN,DOWN,FLAT,DOWN,DOWN
2022-05-02,16924.4492,17091.8496,16919.4004,17064.6992,25,16924.4492,16945.8008,17012.8008,16919.4004,17012.4004,17012.8008,16919.4004,16984.9492,17014.4004,16919.4004,17111.5996,-1.0937048807523655,0.8286828028648637,-0.27408542214839027,0.12615831539145028,0.5196694968365618,0.3574710130005294,0.5518667041761233,1.0189353754567254,UP,DOWN,UP,UP,UP
2022-05-04,17096.5996,17129.25,16624.6992,16694.6992,25,17096.5996,17066.9004,17129.25,17051.3496,17059.1504,17129.25,17040.1992,17018.9492,17129.25,17017.5,17064.6992,0.1869379566913331,-2.350762194840208,-2.1682187049625816,-0.17371407586806178,-0.21904472746734235,-0.454186223089662,0.45564850217348846,2.951176326314625,DOWN,DOWN,DOWN,DOWN,DOWN
2022-05-05,16854.75,16944.4004,16652.8008,16669.1992,25,16854.75,16824.5996,16862.75,16779.0508,16836.1992,16862.75,16779.0508,16919.5,16921.0996,16779.0508,16694.6992,0.9586923255257028,-1.1008813539210067,-0.15274309344848813,-0.17888369747399768,-0.11006274195702037,0.3841647013453181,0.496591168661648,1.7300737180913257,DOWN,DOWN,DOWN,DOWN,UP
2022-05-06,16415.5508,16483.9492,16342.4502,16438.25,25,16415.5508,16438.0,16457.6504,16386.8008,16467.9004,16482.5996,16386.8008,16400.25,16482.5996,16386.8008,16669.1992,-1.5216591808441418,0.13827863759526793,-1.3854846728329884,0.13675569143862726,0.318902488486696,-0.09320917821411688,0.4316005040781071,0.8619814328740025,UP,DOWN,UP,UP,FLAT
2022-05-09,16227.7002,16403.1504,16142.6504,16310.0498,25,16227.7002,16157.9004,16270.2002,16157.0498,16217.5,16270.2002,16142.6504,16237.9502,16270.2002,16142.6504,16438.25,-1.280852888841578,0.507463158581161,-0.7798895867869104,-0.43012749274231027,-0.06285671952455292,0.06316360219669329,0.6972670101460134,1.6052798411939986,UP,DOWN,DOWN,FLAT,FLAT
2022-05-10,16248.9004,16404.4492,16198.5498,16207.75,25,16248.9004,16315.0498,16351.4004,16245.25,16298.25,16351.4004,16245.25,16271.4004,16351.4004,16245.25,16310.0498,-0.3749185364228639,-0.25325036763718756,-0.6272194214882206,0.40710077833943914,0.3037103975355745,0.13847090846836627,0.6532774365458013,1.2671589764929472,DOWN,DOWN,UP,UP,UP
2022-05-11,16270.0498,16316.7002,15993.0,16202.25,25,16270.0498,16306.25,16316.7002,16261.2002,16217.9502,16316.7002,16217.9502,16153.0996,16316.7002,16142.0,16207.75,0.3843827798429806,-0.41671538092035026,-0.03393438324258457,0.22249593851888094,-0.32021782748324085,-0.7188066504873336,0.3411175791238205,1.98954646100714,DOWN,FLAT,UP,DOWN,DOWN
2022-05-12,16021.0996,16037.6504,15737.3496,15826.4502,25,16021.0996,15907.7998,16037.6504,15902.0,15875.2998,16037.6504,15849.75,15874.3496,16037.6504,15849.75,16202.25,-1.1180570599762405,-1.214956556415143,-2.31942970883674,-0.7071911593383945,-0.9100486460991658,-0.9159795748351756,0.846698437602875,1.874408171084592,DOWN,DOWN,DOWN,DOWN,DOWN
2022-05-13,15977.0,16083.2002,15741.0498,15767.1504,25,15977.0,16014.7998,16014.7998,15924.25,15963.5996,16031.2002,15924.25,15892.7998,16031.2002,15889.3496,15826.4502,0.9512543754126286,-1.3134480816173222,-0.3746879385498516,0.23658884646680034,-0.08387306753458375,-0.5270088251862008,0.5667509544970939,2.1415184327470653,DOWN,DOWN,UP,FLAT,DOWN
2022-05-16,15845.0996,15977.25,15741.3496,15864.5,25,15845.0996,15886.5498,15903.1504,15741.3496,15926.7998,15947.2002,15741.3496,15943.7998,15977.25,15741.3496,15767.1504,0.4943772211369222,0.12243785454021663,0.6174203805400345,0.26159633606847843,0.5156180905293971,0.6229067818545055,1.0211409463150416,1.4887908940629218,UP,UP,UP,UP,UP
2022-05-17,15912.5996,16282.5996,15907.5498,16282.5996,25,15912.5996,15966.8496,15972.9502,15907.5498,15964.7002,15977.1504,15907.5498,15986.25,15989.5,15907.5498,15864.5,0.3031901415109178,2.3252014711662827,2.6354413943080433,0.34092481029938065,0.32741727505039314,0.46284329305942223,0.4109975845807031,2.3569360722178847,UP,UP,UP,UP,UP
2022-05-18,16318.1504,16399.5508,16211.7998,16256.4502,25,16318.1504,16368.5996,16375.5498,16282.25,16385.5508,16392.1504,16282.25,16340.1504,16399.5508,16282.25,16282.5996,0.21833614332689785,-0.37810780319809484,-0.16059720586631782,0.30916003813765014,0.41303945819742194,0.13481920107808296,0.5717547498520462,1.150565446436872,DOWN,DOWN,UP,UP,UP
2022-05-19,15917.4004,15983.4502,15776.0,15828.4502,25,15917.4004,15943.5498,15983.4502,15906.0498,15919.4004,15983.4502,15906.0498,15952.25,15983.4502,15905.2998,16256.4502,-2.0856324463750324,-0.5588236631906371,-2.6328011019281443,0.16428185094847675,0.012564865805599762,0.21894027368941196,0.48626281964986334,1.3032919621724117,DOWN,DOWN,UP,FLAT,UP
2022-05-20,16043.7998,16282.4004,16004.8496,16278.7002,25,16043.7998,16112.4004,16135.2998,16004.8496,16116.0498,16139.5,16004.8496,16160.5,16177.9502,16004.8496,15828.4502,1.3605223333867607,1.4641194911943405,2.8445614972462687,0.4275832462082938,0.4503297279987251,0.7273850425383599,0.8130879319498933,1.7299567649803314,UP,UP,UP,UP,UP
2022-05-23,16290.9502,16414.3496,16187.4502,16191.6504,25,16290.9502,16274.75,16347.5996,16231.8496,16273.0498,16347.5996,16207.75,16334.2002,16347.5996,16207.75,16278.7002,0.07525170836428328,-0.6095396449005096,-0.5347466255321717,-0.09944294102623502,-0.10987941022616732,0.2654848211370753,0.7105171802685887,1.3927941416210459,DOWN,DOWN,FLAT,DOWN,UP
2022-05-24,16225.5498,16261.7002,16079.0996,16139.5,25,16225.5498,16188.9004,16261.7002,16187.25,16166.4502,16261.7002,16155.5996,16148.7002,16261.7002,16134.0,16191.6504,0.20936346303524586,-0.5303351877789724,-0.32208205285855507,-0.22587462644871512,-0.36423788856758105,-0.4736332570992532,0.4588454685215,1.1253892918932076,DOWN,DOWN,DOWN,DOWN,DOWN
2022-05-25,16196.3496,16222.9502,16007.25,16037.7998,25,16196.3496,16199.6504,16222.9502,16177.5,16163.7002,16222.9502,16159.2002,16134.2002,16222.9502,16120.8496,16139.5,0.35223891694290127,-0.9789230531304342,-0.6301322841475839,0.020379900912986533,-0.2015849299770625,-0.38372473757914094,0.28062002316867324,1.3317828111094818,DOWN,DOWN,FLAT,DOWN,DOWN
2022-05-26,16105.0,16203.4004,15904.1504,16201.5498,25,16105.0,16080.6504,16129.4502,16059.4502,16037.25,16129.4502,16035.6504,16021.0498,16129.4502,16013.5498,16037.7998,0.4190113409446557,0.5995020180068344,1.0210253403961307,-0.15119279726792645,-0.4206768084445824,-0.5212679292145254,0.43464762496119214,1.8581185967090967,UP,UP,DOWN,DOWN,DOWN
2022-05-27,16296.5996,16370.4502,16223.7002,16356.0996,25,16296.5996,16315.3496,16328.8496,16275.9502,16319.2998,16328.8496,16275.9502,16280.2002,16328.8496,16253.6504,16201.5498,0.5866710356314114,0.3651068410614936,0.9539198527785215,0.11505467680509253,0.13929408930192488,-0.10063080889586465,0.32460391307644476,0.9004946037945241,UP,UP,UP,UP,DOWN
2022-05-30,16527.9004,16695.1992,16506.1504,16668.1992,25,16527.9004,16592.9492,16600.5508,16506.1504,16596.5508,16611.6504,16506.1504,16628.0508,16633.3496,16506.1504,16356.0996,1.0503775606746677,0.8488603912448582,1.9081541909906172,0.3935696514724913,0.41536068307867025,0.6059475043787309,0.5711578465223706,1.1438161861139997,UP,UP,UP,UP,UP
2022-05-31,16578.4492,16690.6504,16522.1992,16578.25,25,16578.4492,16543.8496,16599.4492,16532.0,16558.8496,16599.4492,16522.1992,16591.8008,16599.4492,16522.1992,16668.1992,-0.5384504884006905,-0.0012015599142959008,-0.5396455785097596,-0.20870227113883327,-0.11822336192940011,0.08053588028005527,0.406848669536588,1.0160853887346686,FLAT,DOWN,DOWN,DOWN,FLAT
2022-06-01,16594.4004,16648.5,16439.0508,16540.8008,25,16594.4004,16620.25,16648.5,16565.0,16572.4492,16648.5,16565.0,16584.0508,16648.5,16538.1504,16578.25,0.09741920890322335,-0.3229981120619323,-0.225893565364252,0.15577302811134636,-0.1322807662276217,-0.062368026265039,0.5031817841396669,1.2621679298518018,DOWN,DOWN,UP,DOWN,FLAT
2022-06-02,16481.6504,16645.75,16445.1992,16637.4004,25,16481.6504,16521.5,16523.8496,16445.1992,16487.9492,16528.1504,16445.1992,16536.0,16543.9004,16445.1992,16540.8008,-0.3576030006963282,0.9449903148048815,0.5840080003865213,0.24178161187062538,0.038217046516169785,0.32975823828905737,0.47719978334209945,1.2168126075529482,UP,UP,UP,FLAT,UP
2022-06-03,16761.6504,16793.25,16568.5,16583.5996,25,16761.6504,16780.3496,16793.25,16756.9492,16764.25,16793.25,16751.3008,16754.3008,16793.25,16744.6992,16637.4004,0.7468113828648375,-1.0622510060226364,-0.3233726345853722,0.11155942018694501,0.015509212625037055,-0.043847710843544,0.21657055918551368,1.3408584157082766,DOWN,DOWN,UP,FLAT,FLAT
2022-06-06,16530.6992,16610.8496,16445.6504,16563.6504,25,16530.6992,16471.4004,16577.4492,16470.8008,16481.4492,16577.4492,16445.6504,16498.6504,16577.4492,16445.6504,16583.5996,-0.3189922651051118,0.19933337121033282,-0.1202947519307132,-0.3587192488506505,-0.29793053157727295,-0.19387443696271775,0.6451535939871087,0.999347928368346,UP,DOWN,DOWN,DOWN,DOWN
2022-06-07,16469.5996,16487.25,16347.7998,16404.4492,25,16469.5996,16434.8496,16487.25,16408.9004,16427.5508,16487.25,16408.9004,16428.4492,16487.25,16383.25,16563.6504,-0.5678144474722628,-0.39557974439161386,-0.9611480329239472,-0.21099480766976264,-0.25531161061135016,-0.24985671175638213,0.47572255490656473,0.8467127518995622,DOWN,DOWN,DOWN,DOWN,DOWN
2022-06-08,16474.9492,16513.4492,16294.25,16335.4004,25,16474.9492,16385.5,16484.4492,16385.5,16364.3496,16484.4492,16350.0,16375.1504,16484.4492,16294.25,16404.4492,0.42976145764162565,-0.8470362992075184,-0.4209150771121207,-0.5429406726182749,-0.6713198241606692,-0.6057608966709207,0.60060397636916,1.330500005426415,DOWN,DOWN,DOWN,DOWN,DOWN
2022-06-09,16263.8496,16492.5,16246.0996,16481.8008,25,16263.8496,16314.0498,16319.4004,16246.0996,16330.0996,16331.3496,16246.0996,16306.7002,16336.7002,16246.0996,16335.4004,-0.438010689961422,1.3400960126930916,0.8962155589403272,0.3086612409401593,0.40734513432785313,0.263471447743834,0.45069772411078424,1.515018928851878,UP,UP,UP,UP,UP
2022-06-10,16283.9502,16324.4004,16173.25,16191.4502,25,16283.9502,16265.25,16324.4004,16263.75,16282.6504,16324.4004,16258.5996,16263.5,16324.4004,16252.4502,16481.8008,-1.2004185853283798,-0.5680439872629923,-1.7616436669954265,-0.1148382288715137,-0.00798209269885183,-0.12558500700892167,0.37245508156860146,0.928217036674556,DOWN,DOWN,DOWN,FLAT,DOWN
2022-06-13,15877.5498,15882.5,15684.4004,15800.9502,25,15877.5498,15791.7002,15882.5,15778.2998,15779.8496,15882.5,15769.0996,15777.6504,15882.5,15761.5996,16191.4502,-1.9386799583893892,-0.48243967718496067,-2.4117666742414463,-0.540698036418701,-0.6153354971684682,-0.6291865008037968,0.6562738036570309,1.2476710984713746,DOWN,DOWN,DOWN,DOWN,DOWN
2022-06-14,15674.25,15857.8496,15660.9502,15741.9502,25,15674.25,15668.7002,15765.4004,15668.0,15740.8496,15765.4004,15660.9502,15758.1504,15783.4004,15660.9502,15800.9502,-0.8018517772431135,0.4319198685742496,-0.3733952658112928,-0.035407116767951816,0.4248981609965361,0.5352753720273726,0.6214038949232049,1.2561966282278274,UP,DOWN,FLAT,UP,UP
2022-06-15,15729.25,15783.4502,15679.7002,15682.9004,25,15729.25,15701.5,15775.5996,15688.25,15686.6504,15775.5996,15686.6504,15745.0498,15775.5996,15683.5498,15741.9502,-0.08067742457982947,-0.2946713924694411,-0.37511108375885266,-0.176422906368708,-0.2708304591763724,0.10044852742502462,0.5553322631403249,0.6595991544415659,DOWN,DOWN,DOWN,DOWN,UP
2022-06-16,15832.25,15862.25,15335.7998,15348.2002,25,15832.25,15831.2998,15862.25,15802.5,15793.4004,15862.25,15786.25,15756.9502,15862.25,15754.4004,15682.9004,0.9523085410910315,-3.05736581976662,-2.1341728345096236,-0.006001673798729259,-0.2453826840783815,-0.47561022596283337,0.3773942427639786,3.325176143630876,DOWN,DOWN,FLAT,DOWN,DOWN
2022-06-17,15272.6504,15399.0498,15185.5498,15335.5996,25,15272.6504,15208.6504,15326.0996,15204.5,15350.0498,15383.7002,15185.5498,15292.0996,15399.0498,15185.5498,15348.2002,-0.4922388228946797,0.41216945553863465,-0.0820982254323198,-0.41904972826458464,0.5067843365287811,0.12734659335879978,0.7961918646419063,1.3979237028826377,UP,FLAT,DOWN,UP,UP
2022-06-20,15334.5,15382.0498,15192.5,15368.9004,25,15334.5,15269.0996,15362.0996,15265.3496,15202.4004,15362.0996,15196.7002,15299.0,15362.0996,15192.5,15335.5996,-0.0071702445856734204,0.22433336593955097,0.21714703610285244,-0.42649189735563886,-0.8614535850533083,-0.23150412468616516,0.6309302553066615,1.2361002967165586,UP,UP,DOWN,DOWN,DOWN
2022-06-21,15455.9502,15707.25,15420.4004,15634.1504,25,15455.9502,15438.7002,15488.8496,15430.0,15473.1504,15488.8496,15420.4004,15556.6504,15569.4502,15420.4004,15368.9004,0.5664022651874226,1.1529553194342017,1.7258879496674988,-0.1116075024620615,0.11128529645496098,0.6515303083727659,0.38075692039949477,1.8559169529415251,UP,UP,DOWN,UP,UP
2022-06-22,15545.6504,15563.2998,15386.4004,15401.0996,25,15545.6504,15482.7002,15563.2998,15482.0,15456.4004,15563.2998,15448.5996,15445.0996,15563.2998,15426.9502,15634.1504,-0.5660684957975074,-0.9298472323808393,-1.4906521559367938,-0.404937705276076,-0.5741155738327938,-0.6468098626481456,0.5229745807225967,1.137935020074813,DOWN,DOWN,DOWN,DOWN,DOWN
2022-06-23,15451.5498,15628.25,15368.4502,15577.5498,25,15451.5498,15501.0,15516.9502,15412.75,15546.8496,15547.9502,15412.75,15592.9502,15594.4004,15412.75,15401.0996,0.3275753115706176,0.8154521820199551,1.1456987136165337,0.32003391659779856,0.6167653163179713,0.9151211485594708,0.6743673052136124,1.6813834428440355,UP,UP,UP,UP,UP
2022-06-24,15657.4004,15747.4004,15619.7998,15698.9502,25,15657.4004,15701.2002,15747.4004,15651.5996,15682.7002,15747.4004,15651.5996,15688.4502,15747.4004,15651.5996,15577.5498,0.5126005117955056,0.2653684451985967,0.7793292370023341,0.2797386467807189,0.1615836559943812,0.19830750448202672,0.6118563589904803,0.8149539306665476,UP,UP,UP,UP,UP
2022-06-27,15926.2002,15926.5,15816.25,15836.0996,25,15926.2002,15901.9004,15926.5,15863.5,15910.1504,15926.5,15863.5,15868.4004,15926.5,15863.5,15698.9502,1.4475490214625943,-0.5657382104238509,0.8736214731097132,-0.15257751186625715,-0.10077607840192082,-0.3629227265396229,0.39557458281856844,0.6922555199324947,DOWN,UP,DOWN,DOWN,DOWN
2022-06-28,15757.4502,15887.75,15710.3496,15874.75,25,15757.4502,15724.75,15790.9502,15722.2002,15745.4502,15790.9502,15719.4004,15718.3496,15790.9502,15710.3496,15836.0996,-0.49664628277533845,0.7444085084273386,0.24406514846623248,-0.2075221535524784,-0.07615445295838535,-0.24814040027871873,0.4363015534074161,1.1258192013832318,UP,UP,DOWN,FLAT,DOWN
2022-06-29,15701.7002,15861.2998,15689.0996,15783.3496,25,15701.7002,15717.4004,15725.6504,15689.0996,15741.9502,15744.7998,15689.0996,15754.5498,15767.7998,15689.0996,15874.75,-1.090094647159802,0.5200035598692697,-0.5757596182617077,0.09999044562066682,0.2563416667451083,0.3365852062313696,0.23278243460539957,1.0966977958221438,UP,DOWN,FLAT,UP,UP
2022-06-30,15774.5,15889.6504,15730.4004,15735.9004,25,15774.5,15852.9502,15868.9502,15769.9502,15879.7002,15883.5,15769.9502,15836.0996,15889.6504,15769.9502,15783.3496,-0.05606921359709066,-0.24469618688389205,-0.30062820125329487,0.4973228945449892,0.6669003771910318,0.3905011252337605,0.6275951694189991,1.009540714444198,DOWN,DOWN,UP,UP,UP
2022-07-01,15703.7002,15791.5996,15511.8496,15764.0,25,15703.7002,15689.2998,15718.25,15651.3496,15637.75,15718.25,15629.4502,15555.0498,15718.25,15527.75,15735.9004,-0.2046289006760689,0.3839846611437519,0.1785700168768198,-0.09170068083698278,-0.4199659899263698,-0.9465947394996667,0.4260167931631835,1.7814272842524084,UP,UP,FLAT,DOWN,DOWN
2022-07-04,15710.5,15852.2998,15662.5,15829.1504,25,15710.5,15741.7998,15793.9502,15696.4004,15717.5996,15793.9502,15696.4004,15673.0996,15793.9502,15662.5996,15764.0,-0.3393808678000508,0.7552299417586992,0.41328596802842205,0.19922854142134677,0.045190159447500426,-0.23805989624773524,0.6209210400687367,1.2081079532796581,UP,UP,UP,FLAT,DOWN
2022-07-05,15909.1504,16025.75,15785.7002,15799.9502,25,15909.1504,15921.9004,15934.25,15896.25,15958.4502,15959.5,15896.25,15970.3496,15986.0,15896.25,15829.1504,0.5053966762486507,-0.6863986904039899,-0.18447105032245528,0.08014255745548801,0.30988329835639034,0.38467924723371216,0.23885624967125837,1.5088788147983105,DOWN,DOWN,FLAT,UP,UP
2022-07-06,15818.2002,16010.7998,15801.5,16008.0498,25,15818.2002,15899.3496,15903.7998,15816.25,15816.8496,15904.8496,15814.6504,15880.0498,15904.8496,15801.5,15799.9502,0.11550669317932408,1.2001972259777152,1.317090227284396,0.5130128521195493,-0.00853826594001357,0.39100276401863576,0.5534751039501996,1.3231581175714333,UP,UP,UP,FLAT,UP
2022-07-07,16113.75,16150.0498,16047.0498,16138.9004,25,16113.75,16078.4502,16138.0498,16072.7002,16085.0,16138.0498,16072.7002,16091.7998,16138.0498,16064.1504,16008.0498,0.6602940478108664,0.15608036614692697,0.817405003325263,-0.219066325343267,-0.1784190520518191,-0.1362203087425293,0.405551780311854,0.6392056473508649,UP,UP,DOWN,DOWN,DOWN
2022-07-08,16273.6504,16275.5,16157.9004,16217.5,25,16273.6504,16188.0498,16275.5,16186.3496,16225.9502,16275.5,16186.3496,16196.4502,16275.5,16177.6504,16138.9004,0.8349391635132714,-0.345038750494483,0.48701954936161296,-0.5260073670993926,-0.29311309280676895,-0.47438772557140063,0.5478205430786472,0.722638111975169,DOWN,UP,DOWN,DOWN,DOWN
2022-07-11,16136.1504,16248.4004,16115.6504,16199.0498,25,16136.1504,16140.0,16165.2998,16120.75,16155.0,16165.2998,16115.6504,16167.5,16175.0,16115.6504,16217.5,-0.5016161553876958,0.38980424971745575,-0.1137672267612105,0.02385699131807519,0.11681596621706967,0.19428177863289842,0.27608691599701923,0.8226869278561012,UP,DOWN,FLAT,UP,UP
2022-07-12,16126.2002,16158.6504,16032.25,16037.75,25,16126.2002,16140.5,16148.7998,16104.4004,16131.0996,16152.25,16104.4004,16142.2002,16156.7002,16104.4004,16199.0498,-0.44971526663249944,-0.5484875476121109,-0.9957361820074204,0.08867433011281037,0.03038161463479935,0.09921742134889286,0.2753246235898786,0.7838201090917899,DOWN,DOWN,FLAT,FLAT,FLAT
2022-07-13,16128.2002,16139.8496,15950.5498,15975.75,25,16128.2002,16118.1504,16138.6504,16103.0498,16123.9004,16138.6504,16103.0498,16129.25,16139.8496,16103.0498,16037.75,0.5639831023678465,-0.9452400026631571,-0.38658789418715217,-0.06231197452521001,-0.026660135332390457,0.006509095788634164,0.2207351071944144,1.1737193093622367,DOWN,DOWN,FLAT,FLAT,FLAT
2022-07-14,16018.8496,16070.5,15859.2002,15947.9502,25,16018.8496,16005.4004,16041.2998,15995.1504,16033.2998,16049.2998,15995.1504,16048.5,16070.5,15995.1504,15975.75,0.2697813874152985,-0.44259982314835045,-0.17401248767663918,-0.0839585883870157,0.09020747657185778,0.1850969372981718,0.28809434605091894,1.3190697539229077,DOWN,DOWN,FLAT,FLAT,UP
2022-07-15,16010.7998,16066.4502,15927.4502,16052.8496,25,16010.7998,15986.4502,16038.1504,15984.4502,15980.4502,16038.1504,15971.0498,15989.9502,16038.1504,15962.1504,15947.9502,0.39409202569494717,0.2626339753495566,0.657761020598122,-0.15208234631727374,-0.18955705135980386,-0.1302221017091312,0.3353998592874862,0.8681640001519475,UP,UP,DOWN,DOWN,DOWN
2022-07-18,16151.4004,16286.7998,16142.2002,16281.4004,25,16151.4004,16172.4004,16198.2998,16142.2002,16169.5,16198.2998,16142.2002,16184.7998,16198.2998,16142.2002,16052.8496,0.6139146784256977,0.8048837672304873,1.4237397452474787,0.1300196854756941,0.11206210948741978,0.20678949919413947,0.3473358260624965,0.8952759291386361,UP,UP,UP,UP,UP
2022-07-19,16187.0498,16359.1504,16187.0498,16329.2998,25,16187.0498,16257.7002,16258.75,16187.0498,16264.5498,16268.0498,16187.0498,16294.9004,16297.5996,16187.0498,16281.4004,-0.5794992917194012,0.8787889192754568,0.2941970519931458,0.43646248620300543,0.47877779433284995,0.6662770630383787,0.4429479175383726,1.0631992989852896,UP,UP,UP,UP,UP
2022-07-20,16562.8008,16588.0,16491.1504,16495.8008,25,16562.8008,16528.5,16565.4492,16502.0508,16538.8008,16565.4492,16502.0508,16542.4492,16565.4492,16502.0508,16329.2998,1.4299510870637588,-0.4045209551756488,1.0196456800921752,-0.20709540864610826,-0.14490302871963537,-0.1228753533037829,0.382775840665778,0.5847416820952249,DOWN,UP,DOWN,DOWN,DOWN
2022-07-21,16523.5508,16624.1504,16485.8496,16609.8008,25,16523.5508,16515.0996,16523.6992,16485.8496,16533.6992,16537.6504,16485.8496,16573.0,16575.8008,16485.8496,16495.8008,0.1682246308405955,0.5219822364088958,0.6910849699397437,-0.051146391609722994,0.061417791628650534,0.2992649739667282,0.2290645664368807,0.8369920102160925,UP,UP,FLAT,FLAT,UP
2022-07-22,16661.25,16752.25,16611.0,16714.3008,25,16661.25,16701.5996,16702.4004,16653.4492,16657.9004,16704.1504,16653.4492,16629.0,16704.1504,16623.25,16609.8008,0.309752059157742,0.3184082826918802,0.6291466180617891,0.2421763072998807,-0.02010413384350738,-0.19356290794508216,0.29380268587290576,0.84777552704629,UP,UP,UP,FLAT,DOWN
2022-07-25,16662.5508,16704.9492,16564.5,16610.0508,25,16662.5508,16677.4004,16704.9492,16655.75,16641.4004,16704.9492,16634.4492,16622.25,16704.9492,16587.75,16714.3008,-0.309615105167905,-0.3150778090951116,-0.6237173857730262,0.08911960826548679,-0.12693374654258976,-0.24186452892915344,0.29526811705203687,0.8429033566697309,DOWN,DOWN,FLAT,DOWN,DOWN
2022-07-26,16632.9004,16636.0996,16463.5508,16466.5508,25,16632.9004,16557.6992,16636.0996,16543.25,16539.3008,16636.0996,16530.3008,16512.0508,16636.0996,16506.0,16610.0508,0.1375649013668142,-1.000123826870254,-0.8639347448594197,-0.4521231907334665,-0.5627376930604222,-0.7265696125974381,0.5582285576603427,1.0373945364333481,DOWN,DOWN,DOWN,DOWN,DOWN
2022-07-27,16475.3496,16652.5508,16439.6992,16642.75,25,16475.3496,16446.4004,16512.0996,16446.4004,16454.0996,16512.0996,16439.6992,16523.1992,16525.1992,16439.6992,16466.5508,0.053434384084859364,1.016065844211273,1.0700431568218836,-0.17571220461387202,-0.12898057107085606,0.29043146981231727,0.39877272164229366,1.2919398080633249,UP,UP,DOWN,DOWN,UP
2022-07-28,16774.8496,16943.5996,16748.3008,16922.0508,25,16774.8496,16781.0508,16789.1992,16760.0,16758.9492,16791.0508,16748.3008,16819.9492,16825.5996,16748.3008,16642.75,0.7937366120382832,0.8775112952428468,1.6782130357062437,0.03696724649024285,-0.0947871389559419,0.26885248497248965,0.1740653460165694,1.1642357735356414,UP,UP,FLAT,FLAT,UP
2022-07-29,17079.5,17172.1992,17018.3496,17157.9492,25,17079.5,17101.0508,17118.0996,17064.75,17120.4004,17131.1504,17064.75,17109.3008,17141.25,17064.75,16922.0508,0.9304380530520514,0.45931789572293746,1.3940296172612732,0.1261793378026341,0.2394707105008848,0.17448285956849374,0.3123604320969664,0.9007851517901445,UP,UP,UP,UP,UP
2022-08-01,17243.1992,17355.6504,17156.3008,17332.3008,25,17243.1992,17222.75,17244.5,17156.3008,17230.0508,17244.5,17156.3008,17272.9492,17275.3008,17156.3008,17157.9492,0.4968542510896349,0.5167347367882973,1.0161564063845216,-0.11859284209857711,-0.07625267125602898,0.1725317886485937,0.511501369189072,1.1561056488867665,UP,UP,DOWN,FLAT,UP
2022-08-02,17310.1504,17389.6992,17217.4004,17294.8496,25,17310.1504,17322.1504,17330.0996,17269.5996,17306.9492,17330.0996,17269.5996,17226.3008,17330.0996,17217.4004,17332.3008,-0.12779838208209646,-0.08839206850563963,-0.21607748695429702,0.06932348779592348,-0.018493195761023068,-0.48439556019107577,0.3495059176377809,0.9953628132543579,FLAT,DOWN,FLAT,FLAT,DOWN
2022-08-03,17349.25,17406.4004,17226.0,17392.9004,25,17349.25,17357.5996,17384.5996,17316.0,17273.4004,17384.5996,17270.0,17300.0996,17384.5996,17263.0996,17294.8496,0.3145468232345809,0.2515981958874224,0.5669364132544827,0.04812657607678357,-0.43719238583801245,-0.28329985446055955,0.3954038359006953,1.03981670677406,UP,UP,FLAT,DOWN,DOWN
2022-08-04,17463.0996,17489.25,17161.8008,17364.0,25,17463.0996,17460.3496,17489.25,17447.6992,17464.0508,17489.25,17447.6992,17434.3008,17489.25,17428.6992,17392.9004,0.40360835965002567,-0.5674800136855508,-0.16616205081010313,-0.015747490783365858,0.005446913902956362,-0.16491230457163789,0.23793485092417893,1.875092094189276,DOWN,DOWN,FLAT,FLAT,DOWN
2022-08-05,17423.6504,17474.0996,17349.5996,17389.0508,25,17423.6504,17446.1992,17446.5996,17389.5,17417.8496,17455.0996,17389.5,17432.0508,17461.25,17389.5,17364.0,0.34352914075097113,-0.1985783644970157,0.14426860170468148,0.1294149014835633,-0.03329267901287352,0.048212629426967066,0.3277131868991206,0.7145460172915316,DOWN,UP,UP,FLAT,FLAT
2022-08-08,17401.5,17548.6992,17361.0,17527.8496,25,17401.5,17421.9492,17428.0996,17361.0,17435.6504,17435.6504,17361.0,17439.3008,17443.5508,17361.0,17389.0508,0.07159217684267796,0.7260845329425702,0.7981965295080998,0.11751400741314892,0.19624974858488423,0.21722725052438518,0.38559664396748194,1.0786380484440945,UP,UP,UP,UP,UP
2022-08-10,17566.0996,17566.0996,17443.5508,17523.75,25,17566.0996,17525.5996,17566.0996,17479.25,17507.8008,17566.0996,17478.3496,17502.9492,17566.0996,17443.5508,17527.8496,0.21822414541941298,-0.24108709938090847,-0.023389064223835954,-0.2305577272259119,-0.33188244019748403,-0.3595015480841419,0.4944159601599969,0.6976437728953813,DOWN,FLAT,DOWN,DOWN,DOWN
2022-08-11,17711.6504,17717.5,17632.3496,17638.6504,25,17711.6504,17673.9004,17717.5,17672.0996,17691.75,17717.5,17668.4004,17673.1992,17717.5,17668.4004,17523.75,1.0722613595834147,-0.4121580900219214,0.6556838576217912,-0.21313654655243197,-0.11235768294070793,-0.21709552261713294,0.25633071438672156,0.4807592634055075,DOWN,UP,DOWN,DOWN,DOWN
2022-08-12,17659.6504,17724.25,17598.1504,17698.6504,25,17659.6504,17606.1992,17659.9004,17602.8008,17637.9492,17659.9004,17598.1504,17678.3008,17680.4004,17598.1504,17638.6504,0.11905672783219289,0.22084242392476808,0.3401620795205511,-0.3026741684535246,-0.1228857848737454,0.10561024469658961,0.3233336940803638,0.7140549056395894,UP,UP,DOWN,DOWN,UP
2022-08-16,17797.1992,17838.75,17764.5996,17828.3008,25,17797.1992,17801.5,17806.4492,17764.5996,17816.5,17826.1992,17764.5996,17816.5,17832.5508,17764.5996,17698.6504,0.5568153377389753,0.17475558738479358,0.7325439910378831,0.02416560016927209,0.10844852486677169,0.10844852486677169,0.23514711236135255,0.4166408386326239,UP,UP,FLAT,UP,UP
2022-08-17,17868.1504,17965.4004,17834.5996,17929.0508,25,17868.1504,17880.25,17882.6504,17834.5996,17891.4004,17893.4492,17834.5996,17909.5996,17914.6992,17834.5996,17828.3008,0.22351877751578958,0.3408321434321611,0.5651127447883311,0.0677160183294706,0.13011979124599266,0.23197252693822606,0.2689187124818317,0.7320332383143432,UP,UP,FLAT,UP,UP
2022-08-18,17898.6504,17967.5508,17852.5,17964.4492,25,17898.6504,17874.8496,17924.0996,17870.6992,17921.0996,17925.3496,17863.8496,17940.4004,17954.0,17863.8496,17929.0508,-0.16955945040884296,0.3676187786761872,0.19743599588662114,-0.13297538902708136,0.12542398168748384,0.2332578103207156,0.2983487514790627,0.6427903636801627,UP,UP,DOWN,UP,UP
2022-08-19,17966.5508,17989.1504,17711.1504,17726.9492,25,17966.5508,17963.0996,17989.1504,17952.1992,17956.5508,17989.1504,17934.25,17962.8008,17989.1504,17934.25,17964.4492,0.011698660930844354,-1.333598210737265,-1.3220555629392747,-0.019209029258968932,-0.055658986030863535,-0.020872119761573823,0.20566663246236175,1.547319811658006,DOWN,DOWN,FLAT,FLAT,FLAT
2022-08-22,17682.9004,17690.0508,17468.0996,17494.3496,25,17682.9004,17622.8496,17690.0508,17615.3008,17606.0996,17690.0508,17594.4492,17580.25,17690.0508,17572.8008,17726.9492,-0.24848494517037645,-1.066288876456021,-1.312124254296378,-0.3395981351565904,-0.43432241466449284,-0.5805065779819618,0.4227247697442214,1.2551741794575708,DOWN,DOWN,DOWN,DOWN,DOWN
2022-08-23,17357.3496,17624.5,17346.9492,17623.3496,25,17357.3496,17482.1992,17484.8008,17346.9492,17525.75,17537.3008,17346.9492,17517.0,17587.8008,17346.9492,17494.3496,-0.7831099934118155,1.5324920343829451,0.7373809427016366,0.719289539458246,0.9701965097251865,0.919785587541537,0.7941972891990479,1.5990390606639673,UP,UP,UP,UP,UP
2022-08-24,17525.4492,17622.1504,17499.9004,17607.5508,25,17525.4492,17574.25,17605.3496,17525.4492,17519.0,17605.3496,17499.9004,17564.8008,17605.3496,17499.9004,17623.3496,-0.5555152807046525,0.46847073112398047,-0.08964697607769456,0.27845677131060864,-0.03679905676825168,0.22453975102676274,0.4559107106938079,0.6975570132604647,UP,FLAT,UP,FLAT,UP
2022-08-25,17679.0,17726.4004,17488.3496,17508.1992,25,17679.0,17694.25,17702.5508,17659.9004,17703.6992,17708.5,17659.9004,17694.3496,17716.0508,17659.9004,17607.5508,0.40578727167437223,-0.966122518241987,-0.5642556487754207,0.08626053509813904,0.13970925957350025,0.08682391537983694,0.24124893941966322,1.346517336953432,DOWN,DOWN,FLAT,UP,FLAT
2022-08-26,17619.3008,17685.1992,17520.1504,17582.9004,25,17619.3008,17664.5508,17685.1992,17615.0996,17635.75,17685.1992,17615.0996,17634.5996,17685.1992,17615.0996,17508.1992,0.6345689738325675,-0.20659389616642598,0.42666409689923745,0.25682063388122645,0.09335898278096887,0.08682977930656863,0.3978568774987809,0.9367499986151576,DOWN,UP,UP,FLAT,FLAT
2022-08-29,17188.6504,17379.5996,17168.25,17339.0996,25,17188.6504,17242.6992,17250.0,17168.25,17278.1992,17283.4492,17168.25,17313.9492,17328.6504,17168.25,17582.9004,-2.24223530265803,0.8752822152924977,-1.3865789741947083,0.3144446989276161,0.5209763298228492,0.7289624088229782,0.4756045303009945,1.229588100762125,UP,DOWN,UP,UP,UP
2022-08-30,17414.9492,17776.8496,17408.75,17744.1992,25,17414.9492,17454.9492,17466.5996,17408.75,17463.5996,17472.6992,17408.75,17480.8496,17488.0508,17408.75,17339.0996,0.4374483205575319,1.8906170567525975,2.336335849873068,0.22968772139743018,0.27935998802685147,0.37841281787949327,0.3321835701938274,2.113698959282645,UP,UP,UP,UP,UP
2022-09-01,17485.6992,17695.5,17469.0,17563.25,25,17485.6992,17556.4492,17573.9492,17485.5508,17629.6992,17630.9004,17485.5508,17660.75,17670.0996,17485.5508,17744.1992,-1.4568141232318899,0.44350985976014556,-1.019765377746656,0.4046163621526785,0.823530122261282,1.001108380041222,0.5055468413868072,1.2953442548068081,UP,DOWN,UP,UP,UP
2022-09-02,17598.4004,17643.0,17477.0996,17527.8496,25,17598.4004,17568.8008,17643.0,17568.75,17542.1992,17643.0,17513.3008,17496.5508,17643.0,17477.0996,17563.25,0.2001360795980165,-0.400893253911857,-0.20155950635559264,-0.16819483207120198,-0.31935402492603543,-0.5787435089839059,0.421913346169803,0.9427015878102116,DOWN,DOWN,DOWN,DOWN,DOWN
2022-09-05,17546.4492,17682.9492,17541.0508,17653.9004,25,17546.4492,17594.6992,17616.0,17541.0508,17637.8008,17646.0996,17541.0508,17648.1504,17657.5508,17541.0508,17527.8496,0.10611455725862534,0.6123814498035279,0.7191458329263463,0.2749844110909916,0.5206272731237371,0.5796112868237724,0.42714739116561035,0.8087015120985175,UP,UP,UP,UP,UP
2022-09-06,17695.6992,17764.0,17587.9492,17651.5996,25,17695.6992,17722.5,17764.0,17691.5,17676.4004,17764.0,17669.3496,17641.1504,17764.0,17633.1504,17653.9004,0.2367680742098244,-0.24921083649521877,-0.013032813983686307,0.15145374984674745,-0.10905926791522588,-0.3082602127414128,0.4097040709191079,0.9948790268767729,DOWN,FLAT,UP,DOWN,DOWN
2022-09-07,17519.4004,17650.6992,17519.1504,17629.5,25,17519.4004,17569.9492,17593.3008,17519.1504,17579.1504,17593.3008,17519.1504,17579.0,17593.3008,17519.1504,17651.5996,-0.7489360907552126,0.6284438821319558,-0.1251988516666862,0.2885304225366097,0.341050484809971,0.34019200794110155,0.42324736182182504,0.7508750128229302,UP,DOWN,UP,UP,UP
2022-09-08,17748.1504,17806.9492,17692.9004,17800.0996,25,17748.1504,17774.5,17780.3008,17732.8008,17771.5508,17791.1504,17732.8008,17770.0,17791.1504,17732.8008,17629.5,0.673021923480522,0.292702049673879,0.9676939221191831,0.1484639210630161,0.13184697826316744,0.12310916635009683,0.2676335219697034,0.6425954109561777,UP,UP,UP,UP,UP
2022-09-09,17923.3496,17925.3008,17786.1504,17829.3008,25,17923.3496,17891.9492,17925.3008,17881.9004,17894.25,17925.3008,17868.75,17894.3008,17925.3008,17868.75,17800.0996,0.6924118559426486,-0.5247278109221307,0.16405076744626484,-0.1751926994717676,-0.16235581322366982,-0.1620723840592859,0.24214447058490818,0.7763638109251758,DOWN,UP,DOWN,DOWN,DOWN
2022-09-12,17890.8496,17980.1992,17889.1504,17931.5996,25,17890.8496,17915.25,17924.75,17889.1504,17937.0508,17941.6992,17889.1504,17967.0996,17967.8008,17889.1504,17829.3008,0.3452115183339129,0.2277700663248547,0.5737678731630378,0.13638480310067905,0.2582392733322151,0.42619552287779555,0.19898216572119287,0.5089126678478169,UP,UP,UP,UP,UP
2022-09-13,18044.4492,18087.9492,18016.0508,18066.5,25,18044.4492,18038.0,18049.5508,18021.3496,18055.9004,18060.0996,18021.3496,18058.8008,18062.8496,18021.3496,17931.5996,0.629333704283681,0.12220267715348657,0.7523054440720315,-0.03574063097475488,0.06346106701887869,0.07953470810293163,0.15628739723459953,0.39845161912727284,UP,UP,FLAT,FLAT,FLAT
2022-09-14,17771.1504,18090.6504,17771.1504,18000.6504,25,17771.1504,17916.0996,17922.8496,17771.1504,17926.0,17931.9004,17771.1504,17913.5,17945.5,17771.1504,18066.5,-1.6347914648659196,1.2914189280621924,-0.3644845432153509,0.8156433136709188,0.8713538319950371,0.8010151104230223,0.853626223319807,1.7978577233806994,UP,DOWN,UP,UP,UP
2022-09-15,18046.3496,18095.4004,17861.9492,17872.3008,25,18046.3496,18074.6504,18095.4004,18043.6992,18031.9004,18095.4004,18014.75,17971.5508,18095.4004,17941.8496,18000.6504,0.25387527108466457,-0.9644543293121202,-0.7130275692704845,0.15682285130948173,-0.08006716217003104,-0.4144816079590993,0.2864911804656578,1.2936200681826506,DOWN,DOWN,UP,FLAT,DOWN
2022-09-16,17796.8008,17818.5996,17498.6992,17550.0996,25,17796.8008,17783.0996,17818.5996,17717.4492,17745.8496,17818.5996,17717.4492,17666.3496,17818.5996,17645.4492,17872.3008,-0.42244141280343717,-1.3862109419126583,-1.8027964256286437,-0.07698687058406316,-0.2862941523737205,-0.7330036531060095,0.5683628261996518,1.7975163266422705,DOWN,DOWN,FLAT,DOWN,DOWN
2022-09-19,17540.6504,17665.9492,17431.0,17631.8496,25,17540.6504,17465.5,17562.5,17431.0,17544.6992,17583.0,17431.0,17625.4004,17652.0996,17431.0,17550.0996,-0.053841289880786465,0.5199305494396191,0.46580932224453014,-0.4284356525342905,0.023082382395583707,0.48316338372492734,0.7496871381690614,1.3394554628373365,UP,UP,DOWN,FLAT,UP
2022-09-20,17770.4004,17918.4492,17744.4004,17791.25,25,17770.4004,17811.3496,17830.6504,17744.4004,17822.5996,17832.8496,17744.4004,17855.3008,17861.5508,17744.4004,17631.8496,0.7857984451046885,0.11732768835080033,0.9040480926062266,0.23043487528847548,0.293742396485353,0.4777630108998685,0.48535766250939405,0.9794309418036551,UP,UP,UP,UP,UP
2022-09-21,17766.3496,17838.6992,17663.6992,17715.9004,25,17766.3496,17833.1992,17837.3008,17764.4492,17786.5508,17838.6992,17764.4492,17794.1504,17838.6992,17739.5,17791.25,-0.13995868755707794,-0.28395928896954015,-0.42352055083257995,0.3762708800911907,0.1137048434530384,0.15648009087920486,0.4100538469647236,0.9850081977447972,DOWN,DOWN,UP,UP,UP
2022-09-22,17609.6504,17722.6504,17532.6992,17631.5508,25,17609.6504,17660.5508,17670.6504,17583.3008,17658.3008,17696.8496,17583.3008,17665.4492,17707.5508,17583.3008,17715.9004,-0.5997437194894142,0.12436589882557957,-0.47612369733122767,0.2890483277283135,0.27627124272723935,0.31686489358130865,0.4960325617821336,1.0786767237582384,UP,DOWN,UP,UP,UP
2022-09-23,17593.8496,17640.4492,17293.0,17332.25,25,17593.8496,17541.9492,17640.4492,17541.0996,17467.1504,17640.4492,17456.6504,17460.3008,17640.4492,17436.4004,17631.5508,-0.21382804285145193,-1.486880960946724,-1.6975296353398526,-0.2949917225619699,-0.7201334720969921,-0.7590652588049888,0.5646836949202847,1.97483329629008,DOWN,DOWN,DOWN,DOWN,DOWN
2022-09-26,17156.3008,17195.75,16979.0996,17027.8496,25,17156.3008,17155.9004,17195.75,17074.1504,17060.9492,17195.75,17060.25,17046.5996,17195.75,17024.5996,17332.25,-1.0151549856481363,-0.7487115171121242,-1.756265920466175,-0.002333836441025004,-0.5557818151568069,-0.6394222232335744,0.7087751690620938,1.2628036925069455,DOWN,DOWN,FLAT,DOWN,DOWN
2022-09-27,17110.9004,17175.5996,16943.3008,17043.4492,25,17110.9004,17146.0996,17160.1504,17061.0996,17084.25,17175.5996,17061.0996,17033.25,17175.5996,17022.5,17027.8496,0.4877351042611819,-0.3942001789689543,0.09161227263833559,0.20571214358773748,-0.15575100887150642,-0.45380662726549814,0.5788754401258583,1.357607107572203,DOWN,FLAT,UP,DOWN,DOWN
2022-09-28,16870.5508,17037.5508,16820.9004,16826.1504,25,16870.5508,16883.3496,16893.9492,16825.5508,16899.1504,16919.0996,16825.5508,16959.5508,16966.6504,16825.5508,17043.4492,-1.0144566277112395,-0.26318287130259116,-1.2749696229329008,0.07586474295789135,0.1695238071302197,0.5275464983632899,0.40543074622079445,1.2841928077416551,DOWN,DOWN,FLAT,UP,UP
2022-09-29,16993.5996,17025.8496,16788.9492,16842.9004,25,16993.5996,16970.5508,17025.8496,16967.5996,17003.8008,17025.8496,16956.5508,16989.5508,17025.8496,16953.5,16826.1504,0.9951723716911668,-0.8867997572450909,0.09954742826974851,-0.13563224121157053,0.06002965963726435,-0.02382544072652202,0.3427761120133723,1.3940566188225492,DOWN,FLAT,DOWN,FLAT,FLAT
2022-09-30,16798.0508,17186.8008,16748.6992,17107.1992,25,16798.0508,16783.75,16835.25,16748.6992,16818.4004,16835.25,16748.6992,16851.9004,16851.9004,16748.6992,16842.9004,-0.2662819284972898,1.8403825758164645,1.5692000411045626,-0.08513368705850616,0.12114262685762169,0.3205705271471005,0.5152431138022329,2.6080502149689995,UP,UP,FLAT,UP,UP
2022-10-03,17102.0996,17113.1504,16855.5996,16876.0,25,17102.0996,17039.4492,17113.1504,17020.75,16991.3008,17113.1504,16975.9492,16979.3496,17113.1504,16948.0,17107.1992,-0.02980967217589736,-1.3220575560207903,-1.3514731271732612,-0.3663316286615607,-0.6478666514139613,-0.7177481295922286,0.5402868779924461,1.505960121995765,DOWN,DOWN,DOWN,DOWN,DOWN
2022-10-04,17147.4492,17284.4492,17126.8496,17277.4492,25,17147.4492,17215.6992,17226.4004,17126.8496,17181.3496,17235.6992,17126.8496,17223.25,17248.6992,17126.8496,16876.0,1.6084925337757712,0.758130252982467,2.3788172552737565,0.3980183828157952,0.19769937560160417,0.44205292061749274,0.5805574860661914,0.9190848047533376,UP,UP,UP,UP,UP
2022-10-06,17379.25,17428.3008,17316.3008,17316.3008,25,17379.25,17394.5996,17428.3008,17359.0,17358.8008,17428.3008,17354.9492,17401.25,17428.3008,17345.4004,17277.4492,0.5892119769624379,-0.36220895608267967,0.22486884232888835,0.08832141778270854,-0.11766445617618199,0.1265877411280694,0.3987559877440102,0.6444466821065351,DOWN,UP,FLAT,DOWN,UP
2022-10-07,17287.1992,17337.0996,17217.5,17316.1504,25,17287.1992,17267.6992,17321.9004,17263.4004,17257.5996,17321.9004,17239.8496,17292.0996,17334.5508,17239.8496,17316.3008,-0.16805898867269492,0.16747189446396568,-0.0008685457808763883,-0.11280022734972593,-0.17122264663900985,0.0283469863643514,0.3384006820491778,0.6918390805608429,UP,FLAT,DOWN,DOWN,FLAT
2022-10-10,17094.3496,17279.9004,17065.8008,17252.4492,25,17094.3496,17122.0996,17148.0996,17065.8008,17108.6504,17148.0996,17065.8008,17085.9004,17148.0996,17065.8008,17316.1504,-1.280889775593525,0.9248646699023736,-0.36787160268600766,0.16233434233730656,0.08365805271700569,-0.04942685856853394,0.4814386152486344,1.2524582976821634,UP,DOWN,UP,FLAT,FLAT
2022-10-11,17256.0508,17261.8008,16950.6504,16964.1504,25,17256.0508,17191.0508,17261.8008,17173.8496,17187.0,17261.8008,17166.9492,17175.25,17261.8008,17141.3008,17252.4492,0.020875876568306497,-1.6915828736433844,-1.6710601298278303,-0.37667946596448354,-0.4001541302833953,-0.46824618759235975,0.5096832468759278,1.8031379462559431,DOWN,DOWN,DOWN,DOWN,DOWN
2022-10-12,17025.5508,17141.6504,16960.5,17129.0508,25,17025.5508,17052.25,17052.3008,16978.0508,17064.9492,17070.3008,16978.0508,17007.5996,17071.1992,16978.0508,16964.1504,0.36194208700249597,0.607909848062008,0.9720522166556734,0.15681842140460506,0.2314074913805327,-0.10543682381188815,0.43610923882709274,1.063991421646098,UP,UP,UP,UP,DOWN
2022-10-13,17087.3496,17111.0,16957.6504,17017.8008,25,17087.3496,17087.5996,17111.0,17073.75,17062.4492,17111.0,17052.5996,17029.0508,17111.0,17027.0,17129.0508,-0.24345306979882106,-0.4070192372022428,-0.6494814061734232,0.0014630706683732857,-0.14572417948306193,-0.3411810571254449,0.2179975295876196,0.8974452070671121,DOWN,DOWN,FLAT,DOWN,DOWN
2022-10-14,17322.3008,17347.6504,17170.0508,17200.3496,25,17322.3008,17291.4004,17328.6504,17278.0996,17280.6992,17328.6504,17268.4004,17298.6992,17328.6504,17268.4004,17017.8008,1.789302881016212,-0.7040127140616304,1.0726932471791566,-0.17838507919226446,-0.24016209209345782,-0.13624979887199384,0.29182497512107197,1.0252656506230264,DOWN,UP,DOWN,DOWN,DOWN
2022-10-17,17144.8008,17328.1992,17098.9492,17320.5508,25,17144.8008,17125.4004,17200.3008,17122.4004,17138.3008,17200.3008,17098.9492,17219.25,17219.4004,17098.9492,17200.3496,-0.3229515753563548,1.0250921083900841,0.6988299819208298,-0.11315617035341852,-0.037912368162364415,0.4342377661220719,0.45436748381469827,1.3371400617264682,UP,UP,DOWN,FLAT,UP
2022-10-18,17438.75,17527.4004,17434.0508,17490.5996,25,17438.75,17478.5,17492.4492,17434.0508,17496.3496,17499.8008,17434.0508,17503.5996,17520.6504,17434.0508,17320.5508,0.682421716057662,0.29732406279120566,0.9817747828204197,0.2279406494158125,0.33029660956204643,0.3718706902731066,0.3348772131029932,0.5352998351372531,UP,UP,UP,UP,UP
2022-10-19,17568.1504,17607.1504,17472.9004,17518.8496,25,17568.1504,17560.1992,17584.5508,17538.3496,17572.3008,17584.5508,17538.3496,17571.8008,17587.5,17538.3496,17490.5996,0.44338560011400213,-0.280626012855612,0.1615153319272142,-0.045259175376820074,0.023624570062892133,0.020778510639357144,0.2629827212772468,0.7641669552191448,DOWN,UP,FLAT,FLAT,FLAT
2022-10-20,17423.0996,17584.0996,17421.5,17565.25,25,17423.0996,17445.9004,17468.9492,17422.0508,17438.6504,17468.9492,17422.0508,17473.0996,17478.9004,17421.5,17518.8496,-0.5465541527338644,0.8158731985897539,0.2648598570079546,0.13086534843660796,0.08925392356706295,0.2869753439278967,0.2691736893933512,0.9332415226507765,UP,UP,UP,FLAT,UP
2022-10-21,17622.8496,17669.75,17521.25,17583.75,25,17622.8496,17645.0996,17657.1992,17604.75,17639.5508,17657.1992,17604.75,17649.8008,17657.1992,17604.75,17565.25,0.3279179060930039,-0.22186877200609695,0.10532158665547031,0.12625653912406992,0.09477014432444295,0.1529332690894639,0.29762042570004743,0.8426560026932307,DOWN,UP,UP,FLAT,UP
2022-10-25,17808.3008,17811.5,17639.5,17642.6504,25,17808.3008,17740.3008,17811.5,17709.0996,17752.1504,17811.5,17709.0996,17757.1992,17811.5,17709.0996,17583.75,1.2770358996232367,-0.9301864442900822,0.33497064050614134,-0.3818444037063884,-0.3153046471452361,-0.2869538232418097,0.5750149952543402,0.9658417270220413,DOWN,UP,DOWN,DOWN,DOWN
2022-10-27,17771.4004,17783.0,17654.6992,17758.9004,25,17771.4004,17766.0,17783.0,17747.5,17775.6504,17783.0,17747.5,17731.4004,17783.0,17727.4492,17642.6504,0.7297656365735162,-0.0703377320787843,0.6589146038964758,-0.030388151065453606,0.02391482890678666,-0.22508074265210976,0.19975915910374742,0.7219509836715001,FLAT,UP,FLAT,FLAT,DOWN
2022-10-28,17756.4004,17838.6992,17724.0,17795.9492,25,17756.4004,17795.3008,17805.5508,17748.8008,17813.6504,17813.6504,17748.8008,17833.1992,17835.0996,17748.8008,17758.9004,-0.014077448173536691,0.22272982760627816,0.2086210247566932,0.21907818659012818,0.3224189515347942,0.4325133375568647,0.319603065495189,0.6459597520677621,UP,UP,UP,UP,UP
2022-10-31,17910.1992,18022.6992,17900.6504,18018.4004,25,17910.1992,17951.9004,17951.9004,17900.6504,17953.25,17971.6992,17900.6504,17958.1992,17971.6992,17900.6504,17795.9492,0.6420000344797568,0.6041317508071017,1.2500103113353433,0.23283493128317367,0.2403703025257301,0.26800371935561723,0.2861498045203205,0.6814485904768747,UP,UP,UP,UP,UP
2022-11-01,18130.6992,18175.4004,18060.9004,18142.75,25,18130.6992,18119.9492,18130.6992,18088.6504,18123.0996,18130.6992,18088.6504,18160.6504,18162.0508,18088.6504,18018.4004,0.6232451133675578,0.06646627285064048,0.6901256340157775,-0.05929170122683411,-0.041915647687750156,0.16519605598001164,0.23192045456250518,0.6315255619044191,FLAT,UP,FLAT,FLAT,UP
2022-11-02,18177.9004,18178.75,18049.9492,18072.0996,25,18177.9004,18134.1992,18178.75,18110.6992,18140.9492,18178.75,18102.0508,18119.1992,18178.75,18102.0508,18142.75,0.19374350635928195,-0.5820298146203797,-0.38941395323199973,-0.24040840272179903,-0.20327540137693528,-0.32292618348816304,0.3743600663583837,0.7085570784621578,DOWN,DOWN,DOWN,DOWN,DOWN
2022-11-03,17968.3496,18105.6992,17964.5996,18046.5508,25,17968.3496,18037.5996,18038.3008,17964.5996,18060.5,18078.9492,17964.5996,18081.3008,18081.3008,17964.5996,18072.0996,-0.5740893548417584,0.43521637624414605,-0.141371509484158,0.3853998922638949,0.5128484365642497,0.6286119900516601,0.4101723399237486,0.7852674460430007,UP,DOWN,UP,UP,UP
2022-11-04,18053.4004,18134.1992,18017.5,18127.9004,25,18053.4004,18084.3008,18107.5508,18047.1504,18060.6504,18107.5508,18046.25,18034.0,18107.5508,18027.25,18046.5508,0.037955175345738286,0.41266464128275804,0.4507764442166851,0.17116110713415666,0.040158639587919404,-0.10746119606364365,0.33456522683672524,0.6464111879997916,UP,UP,UP,FLAT,DOWN
2022-11-07,18211.75,18254.3496,18064.9004,18203.3496,25,18211.75,18199.6992,18254.3496,18196.4004,18171.6992,18254.3496,18165.0508,18142.6992,18254.3496,18142.6992,18127.9004,0.46254446543628064,-0.04612626463683406,0.4162048463152564,-0.06617046686892195,-0.21991736104438556,-0.37915521572611577,0.31819676856975715,1.0402580751438095,FLAT,UP,FLAT,DOWN,DOWN
2022-11-09,18288.25,18296.4004,18118.6504,18121.0508,25,18288.25,18232.6504,18296.4004,18229.1504,18233.0,18296.4004,18220.8008,18222.9492,18296.4004,18205.1992,18203.3496,0.4663998762073911,-0.9142438450917891,-0.45210800104613974,-0.30401815373259533,-0.30210654381911883,-0.3570642352330097,0.3677224447391084,0.9719355323773462,DOWN,DOWN,DOWN,DOWN,DOWN
2022-11-10,18044.3496,18102.9492,17969.5996,18036.8008,25,18044.3496,18061.0,18102.9492,18040.1504,18027.1504,18102.9492,18019.6504,18025.1504,18102.9492,18011.25,18121.0508,-0.4232712597439411,-0.041834702648415115,-0.4649288881194461,0.09227486924770413,-0.09531626454412492,-0.10640006664470049,0.3480247356768153,0.7390102882954436,FLAT,DOWN,FLAT,FLAT,DOWN
2022-11-11,18272.3496,18360.75,18260.25,18355.3008,25,18272.3496,18296.9492,18313.1504,18260.25,18294.0,18330.9004,18260.25,18310.5508,18330.9004,18260.25,18036.8008,1.305934475918814,0.4539711740191284,1.7658342160101919,0.13462745918564153,0.11848722509117614,0.20906561463775578,0.2895106604133637,0.5500113679961552,UP,UP,UP,UP,UP
2022-11-14,18376.4004,18399.0,18311.8008,18320.25,25,18376.4004,18385.6504,18399.0,18339.25,18384.8496,18399.0,18339.25,18351.1992,18399.0,18339.25,18355.3008,0.11495099007038738,-0.30555712096912424,-0.19095737183452144,0.050336299812013235,0.0459785366888433,-0.13713893608891717,0.32514528797489634,0.47451730535866593,DOWN,DOWN,FLAT,FLAT,DOWN
2022-11-15,18362.75,18426.5508,18282.25,18421.5508,25,18362.75,18330.6992,18376.5996,18328.6992,18332.75,18376.5996,18322.5508,18307.5,18376.5996,18282.8496,18320.25,0.2319837338464268,0.3202178322963657,0.5529444194265957,-0.17454248410505446,-0.1633742222706294,-0.30088085934840914,0.2608563532150809,0.7858343657676594,UP,UP,DOWN,DOWN,DOWN
2022-11-16,18398.25,18441.8008,18344.5,18404.8496,25,18398.25,18368.4492,18417.0508,18359.25,18365.5508,18417.0508,18355.3008,18397.9492,18417.0508,18355.3008,18421.5508,-0.12648663651054226,0.035870802929633926,-0.09066120535302336,-0.16197627491745623,-0.177729947141707,-0.0016349381055311815,0.3141646623999613,0.5288589947413525,FLAT,FLAT,DOWN,DOWN,FLAT
2022-11-17,18358.6992,18417.1992,18313.0508,18333.9492,25,18358.6992,18386.9492,18399.3496,18352.5,18374.3496,18399.3496,18352.5,18382.0996,18417.1992,18352.5,18404.8496,-0.2507513019829418,-0.13481347305913702,-0.3852267285031346,0.15387800460285334,0.08524786984909184,0.12746218969589232,0.255190193431577,0.5672972734364439,DOWN,DOWN,UP,FLAT,UP
2022-11-18,18382.9492,18393.8008,18210.3008,18304.3496,25,18382.9492,18326.1992,18393.8008,18322.5996,18317.5508,18393.8008,18305.4004,18286.9492,18393.8008,18284.6504,18333.9492,0.267263749154492,-0.4275679552005602,-0.16144694019332037,-0.30870998653469595,-0.3557557565355086,-0.5222230609221289,0.38732196463883783,0.9982076216584442,DOWN,DOWN,DOWN,DOWN,DOWN
2022-11-21,18246.4004,18262.3008,18133.9004,18157.9492,25,18246.4004,18174.0508,18262.3008,18172.9492,18152.8496,18262.3008,18147.1992,18179.0508,18262.3008,18147.1992,18304.3496,-0.316587047703693,-0.4847597227998982,-0.7998120840087225,-0.39651437222652275,-0.5127082490198849,-0.36911170709592533,0.4896943947366286,0.7037026327669663,DOWN,DOWN,DOWN,DOWN,DOWN
2022-11-22,18179.1504,18257.4004,18138.5,18251.5,25,18179.1504,18153.5,18191.4492,18138.5,18178.1992,18191.4492,18138.5,18207.1992,18210.5,18138.5,18157.9492,0.11675988167209718,0.3979811949847853,0.5152057590292239,-0.14109790301310576,-0.005232367734850343,0.154291038815546,0.29126333648683117,0.6540481671794665,UP,UP,DOWN,FLAT,UP
2022-11-23,18325.1992,18325.4004,18248.25,18254.0996,25,18325.1992,18298.3496,18325.4004,18288.8008,18277.4004,18325.4004,18275.4492,18270.0996,18325.4004,18265.6504,18251.5,0.4037980439963789,-0.38798814257908715,0.014243212886619585,-0.14651737046327842,-0.26083645519116916,-0.30067667695529193,0.19972279482777863,0.4210071560913708,DOWN,FLAT,DOWN,DOWN,DOWN
2022-11-24,18326.0996,18527.4492,18294.4492,18510.8496,25,18326.0996,18304.0508,18327.0,18294.4492,18342.8496,18344.3496,18294.4492,18351.8496,18357.0,18294.4492,18254.0996,0.39443194448221375,1.0081250458771924,1.4065333575806718,-0.12031365364837633,0.09139969969387265,0.1405099860965505,0.17761990118181442,1.2714107479804375,UP,UP,DOWN,FLAT,UP
2022-11-25,18528.4492,18534.6992,18445.5,18498.4004,25,18528.4492,18478.6992,18533.1504,18452.1504,18454.9492,18533.1504,18445.5,18477.0508,18533.1504,18445.5,18510.8496,0.09507721352777744,-0.1621765517213415,-0.06725353113993615,-0.2685060118253178,-0.3966872737519771,-0.27740260096888314,0.4371655669919748,0.4814175165830884,DOWN,FLAT,DOWN,DOWN,DOWN
2022-11-28,18430.5508,18614.0996,18365.5996,18553.4004,25,18430.5508,18520.3496,18521.8008,18365.5996,18538.3008,18540.9004,18365.5996,18539.75,18549.4004,18365.5996,18498.4004,-0.3667863087232004,0.6665541433520138,0.29732300529077105,0.48722797801572204,0.5846271289949728,0.5924901604134322,0.8475123814530792,1.3483047940162483,UP,UP,UP,UP,UP
2022-11-29,18552.4492,18677.6992,18552.25,18603.5996,25,18552.4492,18623.1992,18630.8008,18552.25,18621.6992,18631.25,18552.25,18630.5,18633.6504,18552.25,18553.4004,-0.005126823005444958,0.27570699398547477,0.27056603597043455,0.38135126654867757,0.37326608068545475,0.42070348318216066,0.42339854513656827,0.6761867322617389,UP,UP,UP,UP,UP
2022-11-30,18625.6992,18810.9492,18616.6504,18776.9492,25,18625.6992,18654.1992,18679.1992,18618.8008,18642.8008,18679.1992,18618.8008,18643.6504,18679.1992,18616.6504,18603.5996,0.11879206430565048,0.8120500517908075,0.9318067671161754,0.15301438992421826,0.09181722423608012,0.09637866373359835,0.3242745378385485,1.0431758717546586,UP,UP,UP,FLAT,FLAT
2022-12-01,18871.9492,18886.6992,18778.5,18800.9492,25,18871.9492,18855.0,18886.6992,18843.9004,18868.0996,18886.6992,18843.9004,18843.0,18886.6992,18829.9492,18776.9492,0.5059394845675995,-0.3762197494681684,0.1278162908381304,-0.0898116025026133,-0.020398528838757875,-0.15339803903244456,0.22678526497941445,0.5733334636148719,DOWN,UP,FLAT,FLAT,DOWN
2022-12-02,18752.4004,18778.5508,18639.5996,18705.1992,25,18752.4004,18728.1504,18778.5508,18723.9004,18713.0508,18778.5508,18712.5,18703.75,18778.5508,18701.0996,18800.9492,-0.25822526024377795,-0.2517075094023671,-0.5092827972749376,-0.12931677802698796,-0.20983766963507106,-0.2594355867102679,0.2914314905520163,0.740978205648806,DOWN,DOWN,DOWN,DOWN,DOWN
2022-12-05,18719.5508,18728.5996,18591.9492,18694.0508,25,18719.5508,18653.8008,18728.5996,18653.1504,18654.25,18728.5996,18647.4492,18596.8008,18728.5996,18591.9492,18705.1992,0.07672519199903406,-0.13622121744502544,-0.059600541436619504,-0.3512370606670754,-0.3488374304366368,-0.6557315467206617,0.40305026977465047,0.7299876020529417,DOWN,FLAT,DOWN,DOWN,DOWN
2022-12-06,18600.6504,18654.1992,18579.1992,18647.8008,25,18600.6504,18608.6992,18636.1992,18579.1992,18593.4492,18636.1992,18579.1992,18635.75,18640.1504,18579.1992,18694.0508,-0.4996263303189604,0.25348791029372963,-0.24740491236923354,0.0432716051692498,-0.03871477526398495,0.18870092843635927,0.3064408973570086,0.40321170704869547,UP,DOWN,FLAT,FLAT,UP
2022-12-07,18638.8496,18668.0508,18529.0996,18551.5508,25,18638.8496,18620.0,18654.0,18617.4004,18640.8496,18654.0,18609.0,18661.6992,18665.6992,18609.0,18647.8008,-0.04800137075681073,-0.4683701079920752,-0.5161466546768346,-0.10113070497656343,0.0107302759715385,0.1225912569196209,0.1963619042239676,0.7454923612882176,DOWN,DOWN,DOWN,FLAT,UP
2022-12-08,18570.8496,18624.5508,18537.1992,18614.4004,25,18570.8496,18571.3008,18581.25,18537.1992,18570.4004,18581.25,18537.1992,18601.8008,18624.5508,18537.1992,18551.5508,0.10402796083225821,0.2345116186822021,0.3387835371692901,0.0024296142056931896,-0.002418844639195976,0.16666550355348048,0.2372040103108739,0.4703694331787694,UP,UP,FLAT,FLAT,UP
2022-12-09,18662.4004,18664.6504,18411.1504,18493.25,25,18662.4004,18625.6992,18664.6504,18623.75,18625.8496,18664.6504,18613.8008,18611.0508,18664.6504,18607.5996,18614.4004,0.25786487326231583,-0.9063700080081801,-0.6508423446183023,-0.1966585177327967,-0.1958526192589741,-0.2751500283961207,0.21915937458934076,1.3583461643015655,DOWN,DOWN,DOWN,DOWN,DOWN
2022-12-12,18402.1504,18521.0,18347.0508,18494.6992,25,18402.1504,18354.9492,18416.75,18347.0508,18467.3496,18467.5,18347.0508,18477.9492,18501.9004,18347.0508,18493.25,-0.49261000635367697,0.5029238322060475,0.007836372730586075,-0.2564982840266294,0.35430207113187573,0.411901861208571,0.3787557349819243,0.9452656141751734,UP,FLAT,DOWN,UP,UP
2022-12-13,18524.4004,18617.0996,18491.6992,18594.3496,25,18524.4004,18533.9492,18539.9004,18514.6504,18526.0508,18539.9004,18491.6992,18525.3496,18539.9004,18491.6992,18494.6992,0.16059304170786146,0.377605744259354,0.5388051945175852,0.051547147512534246,0.008909330204297811,0.005124052490264395,0.13630670604593498,0.6769471469640781,UP,UP,FLAT,FLAT,FLAT
2022-12-14,18671.25,18695.8496,18633.1992,18643.0,25,18671.25,18674.5996,18685.1992,18652.4004,18691.3496,18695.8496,18652.4004,18663.3496,18695.8496,18652.4004,18594.3496,0.4135686466817781,-0.1513021356363393,0.261640772850687,0.01793988083283858,0.10764999665261497,-0.04231318203119034,0.17566472517908807,0.3355447546361506,DOWN,UP,FLAT,UP,FLAT
2022-12-15,18614.4004,18651.4492,18388.4004,18394.0508,25,18614.4004,18610.5996,18651.4492,18610.4004,18587.1992,18651.4492,18570.1992,18565.0996,18651.4492,18559.0996,18643.0,-0.15340664056214867,-1.1837587849458624,-1.3353494609236662,-0.020418600214472945,-0.1461298748038079,-0.2648530113277098,0.22052174186604737,1.413146780704258,DOWN,DOWN,FLAT,DOWN,DOWN
2022-12-16,18319.0996,18440.5,18255.6992,18270.0996,25,18319.0996,18404.5996,18426.3008,18300.25,18382.5,18440.5,18300.25,18331.5,18440.5,18300.25,18394.0508,-0.40747522563110194,-0.26748039516090627,-0.6738657044483073,0.46672599563790784,0.3460890621501868,0.0676910998398558,0.6880840366193592,1.0087875716337111,DOWN,DOWN,UP,UP,FLAT
2022-12-19,18288.0996,18431.25,18244.6504,18426.1992,25,18288.0996,18280.0508,18306.25,18244.6504,18298.6504,18313.0508,18244.6504,18333.5508,18346.4004,18244.6504,18270.0996,0.09852163039111182,0.7551336826708759,0.8543992830777876,-0.04401113388512212,0.05769216173777429,0.24852883019075156,0.336828874225955,1.0203334631882766,UP,UP,FLAT,FLAT,UP
2022-12-20,18340.3008,18404.6504,18203.1992,18385.8496,25,18340.3008,18295.0996,18355.1992,18292.5508,18255.9004,18355.1992,18214.25,18232.5996,18355.1992,18210.8496,18426.1992,-0.46617535753113004,0.24835361478913412,-0.2189795060936807,-0.24645833507812215,-0.4601909255490633,-0.587237914876508,0.3415887268326494,1.0984072845740867,UP,DOWN,DOWN,DOWN,DOWN
2022-12-21,18435.1504,18472.5,18164.0,18207.5508,25,18435.1504,18453.4004,18472.5,18434.5,18399.5,18472.5,18399.5,18398.5508,18472.5,18364.25,18385.8496,0.26814534586423056,-1.234595840346373,-0.9697610057682647,0.0989956664524961,-0.19338274560536609,-0.19853160514490698,0.20612796302437544,1.6734335945531535,DOWN,DOWN,FLAT,DOWN,DOWN
2022-12-22,18288.8008,18317.0508,18068.9492,18114.6992,25,18288.8008,18200.9004,18317.0508,18196.0,18191.8008,18317.0508,18171.9004,18158.9492,18317.0508,18158.9492,18207.5508,0.4462434343448323,-0.9519574405337816,-0.5099620537650884,-0.4806241861412929,-0.5303792253016393,-0.7100060929090647,0.6618848404757128,1.3565766433412179,DOWN,DOWN,DOWN,DOWN,DOWN
2022-12-23,17977.6504,18045.8008,17780.4492,17824.0996,25,17977.6504,17977.9492,18045.8008,17966.4492,18021.0996,18045.8008,17966.4492,17958.0996,18045.8008,17936.8008,18114.6992,-0.7565612792510543,-0.8541205139910678,-1.6042198481551255,0.0016620636921523579,0.2416845306993107,-0.10875058511537888,0.44139027200129444,1.4760082329779969,DOWN,DOWN,FLAT,UP,DOWN
2022-12-26,17830.4004,18083.5,17775.5508,18009.5996,25,17830.4004,17904.1992,17910.3496,17775.5508,17943.6992,17950.4492,17775.5508,17933.4492,17957.4004,17775.5508,17824.0996,0.035349892232409044,1.0050206163626183,1.040725782299825,0.4138931170609073,0.6354248780638739,0.5779387881833573,0.7560054568376406,1.7271019892520143,UP,UP,UP,UP,UP
2022-12-27,18089.8008,18148.5996,17967.5,18136.0,25,18089.8008,18062.8496,18133.4004,18050.3496,17995.9492,18133.4004,17984.3496,18005.25,18133.4004,17967.5,18009.5996,0.4453247255980056,0.2553881079773919,0.7018501399664577,-0.14898560961489146,-0.5188094719097281,-0.46739486484561443,0.4591028995742023,1.001114395908668,UP,UP,DOWN,DOWN,DOWN
2022-12-28,18084.75,18173.0508,18071.5,18106.9004,25,18084.75,18089.8008,18127.0508,18071.5,18116.5508,18130.8008,18071.5,18142.5,18146.5,18071.5,18136.0,-0.28258711954124394,0.12248109595100086,-0.16045213939127356,0.02792850329698166,0.17584318279213643,0.3193298220876706,0.30716930010091864,0.5615272536252969,UP,DOWN,FLAT,UP,UP
2022-12-29,18045.6992,18210.8496,17992.9004,18210.4004,25,18045.6992,18056.3008,18060.4004,18011.8008,18010.8008,18060.4004,18010.0508,18003.5508,18060.4004,17995.3008,18106.9004,-0.3379993187569504,0.9126894900254102,0.5716052870098076,0.058748624159721013,-0.19338901537269457,-0.2335647931003872,0.2693140313454728,1.207762567603935,UP,UP,FLAT,DOWN,DOWN
2022-12-30,18259.0996,18264.6992,18080.9004,18117.0508,25,18259.0996,18252.3008,18264.6992,18211.6504,18239.75,18264.6992,18211.6504,18219.0996,18264.6992,18211.6504,18210.4004,0.26742520169958894,-0.7779616909477862,-0.5126169548693599,-0.037235132886840064,-0.10597236678637413,-0.21906885266127799,0.2905334937764427,1.0066148059129951,DOWN,DOWN,FLAT,DOWN,DOWN
2023-01-02,18131.6992,18215.0996,18087.5508,18208.9492,25,18131.6992,18101.8496,18150.1504,18092.4004,18150.1992,18150.3008,18087.5508,18162.9004,18172.9492,18087.5508,18117.0508,0.08085421938541022,0.4260494239833849,0.5072481223047529,-0.16462660046774732,0.10203125364003393,0.17208094870666904,0.3185029674438897,0.7034575115828112,UP,UP,DOWN,UP,UP
2023-01-03,18163.1992,18251.8496,18149.9492,18234.3008,25,18163.1992,18161.0996,18190.6992,18149.9492,18193.6992,18197.5508,18149.9492,18230.25,18232.5,18149.9492,18208.9492,-0.25125008311847014,0.3914596719282899,0.13922604605872468,-0.011559637577490952,0.1679219594750687,0.3691574334547897,0.22435474913472292,0.5610267160424154,UP,UP,FLAT,UP,UP
2023-01-04,18230.6504,18241.1992,18022.5996,18036.8496,25,18230.6504,18233.4004,18241.1992,18200.0996,18163.8496,18241.1992,18162.0508,18129.5996,18241.1992,18114.0,18234.3008,-0.02001941308329335,-1.0630492919769734,-1.0828558888312267,0.015084486508501091,-0.36642027867528665,-0.5542907015538912,0.22544231334718448,1.199077351623164,DOWN,DOWN,FLAT,DOWN,DOWN
2023-01-05,18101.9492,18119.0508,17892.5996,17999.8008,25,18101.9492,18074.8008,18101.9492,18031.9492,18034.3008,18119.0508,18031.9492,18063.25,18119.0508,18013.9004,18036.8496,0.36092555764282547,-0.564295031830043,-0.20540615917760097,-0.14997500932108582,-0.37370782147592274,-0.21378471220104356,0.38669868767502674,1.2509768837490691,DOWN,DOWN,DOWN,DOWN,DOWN
2023-01-06,18008.0508,18046.5996,17796.1504,17863.5,25,18008.0508,17990.0,18025.8496,17970.6504,18026.75,18046.5996,17970.6504,17955.0,18046.5996,17953.9004,17999.8008,0.045833840561168876,-0.8027009786089725,-0.7572350467345221,-0.10023738937920416,0.10383800116778384,-0.29459490418585943,0.30652512375188734,1.3907624027804428,DOWN,DOWN,DOWN,UP,DOWN
2023-01-09,17952.5508,18141.0,17936.6992,18088.75,25,17952.5508,17987.1504,17988.25,17936.6992,18027.6504,18040.75,17936.6992,18059.6504,18077.1504,17936.6992,17863.5,0.4985070115039096,0.7586621061114006,1.260951101407899,0.192728043972435,0.4183227265954748,0.5965703770630618,0.28715028061639514,1.1380042996452675,UP,UP,UP,UP,UP
2023-01-10,18121.3008,18127.5996,17857.25,17925.3496,25,18121.3008,18028.3008,18127.5996,18027.0996,18018.3008,18127.5996,18004.0508,17990.8008,18127.5996,17966.1992,18088.75,0.17995052173312634,-1.0813307618623025,-0.9033261004768081,-0.5132081908821909,-0.5683918673211362,-0.7201469775282356,0.5545959482113999,1.4918884851798353,DOWN,DOWN,DOWN,DOWN,DOWN
2023-01-11,17924.25,17975.4004,17825.3496,17888.4004,25,17924.25,17843.4004,17936.75,17825.3496,17870.1504,17936.9004,17825.3496,17957.0508,17957.0508,17825.3496,17925.3496,-0.006134329452639371,-0.20000613693739694,-0.2061281973546711,-0.4510626664993033,-0.3018235072597257,0.1829967781078756,0.6215066181290633,0.837138513466378,DOWN,DOWN,DOWN,DOWN,UP
2023-01-12,17920.8496,17944.8008,17762.25,17866.0,25,17920.8496,17904.0,17934.5,17895.9492,17901.5996,17944.8008,17883.6504,17853.8496,17944.8008,17841.3496,17888.4004,0.18139799688295635,-0.3060658463424712,-0.12522304677392299,-0.09402232804856178,-0.10741678229362517,-0.37386620330768244,0.21511703329065876,1.018650365772842,DOWN,DOWN,FLAT,DOWN,DOWN
2023-01-13,17867.5,17998.9492,17774.5508,17950.5,25,17867.5,17803.5996,17871.0508,17789.5,17784.5,17871.0508,17781.5508,17785.0,17871.0508,17774.5508,17866.0,0.008395835665509907,0.46453057226808453,0.4729654091570581,-0.35763481180914297,-0.46453057226808453,-0.4617321953267105,0.4564197565412111,1.2559026164824303,UP,UP,DOWN,DOWN,DOWN
2023-01-16,18033.1504,18049.6504,17854.1504,17891.6992,25,18033.1504,17997.6504,18049.6504,17985.3496,17986.9004,18049.6504,17958.5996,17972.6992,18049.6504,17943.0508,17950.5,0.46043508537365885,-0.7843953877299195,-0.32757193392942197,-0.19685966795907167,-0.25647210262273423,-0.33522262421767146,0.35656997570428545,1.0841145094647466,DOWN,DOWN,DOWN,DOWN,DOWN
2023-01-17,17922.8008,18070.5,17888.1992,18056.8008,25,17922.8008,17946.0,17958.5508,17888.1992,17963.1992,17977.6992,17888.1992,18004.9004,18016.1504,17888.1992,17891.6992,0.17383256700404276,0.7476510032963151,0.9227832312316194,0.12943959071396424,0.22540227083257106,0.4580734948524213,0.39252570390673414,1.0171445971770265,UP,UP,UP,UP,UP
2023-01-18,18074.3008,18183.1992,18032.5996,18163.8008,25,18074.3008,18067.5508,18090.1992,18032.5996,18090.5,18095.0,18032.5996,18118.9004,18131.5996,18032.5996,18056.8008,0.09691639285293549,0.49517821458410166,0.5925745163008056,-0.03734584299935962,0.08962559702447305,0.24675698658283776,0.31868231384086365,0.8332250396098185,UP,UP,FLAT,FLAT,UP
2023-01-19,18119.8008,18155.0996,18064.3008,18089.0508,25,18119.8008,18082.0508,18139.0508,18081.4492,18100.0508,18139.0508,18079.4004,18076.75,18139.0508,18064.3008,18163.8008,-0.24224004923022496,-0.16970385237347643,-0.4115328109081663,-0.20833562364548733,-0.108996783231745,-0.2375898083824458,0.3178931194431331,0.5011026390532973,DOWN,DOWN,DOWN,DOWN,DOWN
2023-01-20,18115.5996,18144.6504,18017.4492,18027.3008,25,18115.5996,18087.4492,18118.0508,18076.3496,18081.6992,18118.0508,18073.0508,18117.6992,18119.9004,18069.4492,18089.0508,0.14676723667557218,-0.4874185892251697,-0.34136672334404633,-0.1553931452536755,-0.1871337452170353,0.011590011075304047,0.23019497516383347,0.7021638963581394,DOWN,DOWN,DOWN,DOWN,FLAT
2023-01-23,18118.4492,18161.6992,18064.75,18104.9492,25,18118.4492,18097.6992,18118.8008,18064.75,18125.25,18138.4492,18064.75,18148.6504,18161.6992,18064.75,18027.3008,0.5056131309463601,-0.0745096881691177,0.4307267120100321,-0.11452415033401425,0.037535221281526074,0.16668755513578679,0.298319129873438,0.5350855303885451,FLAT,UP,DOWN,FLAT,UP
2023-01-24,18183.9492,18200.75,18079.1504,18101.1504,25,18183.9492,18175.4492,18184.6504,18157.0996,18191.0996,18200.75,18157.0996,18134.5508,18200.75,18126.1992,18104.9492,0.436344775825165,-0.4553400314162805,-0.020982108030441107,-0.04674452126164101,0.03932259115639338,-0.2716593598930546,0.15151164192648128,0.6687194220714242,DOWN,FLAT,FLAT,FLAT,DOWN
2023-01-25,18093.3496,18100.5996,17846.5996,17910.0508,25,18093.3496,18043.6992,18100.5996,18035.1992,18017.1992,18100.5996,18017.1992,17943.5996,18100.5996,17939.5,18101.1504,-0.04309560347057971,-1.0130727811725944,-1.0557317948145315,-0.2744124283101359,-0.4208750821904323,-0.8276521667386563,0.3614609867484253,1.403830720211143,DOWN,DOWN,DOWN,DOWN,DOWN
2023-01-27,17877.1992,17884.75,17494.1992,17607.9004,25,17877.1992,17738.3496,17884.75,17738.3496,17762.0996,17884.75,17716.25,17684.6504,17884.75,17682.0996,17910.0508,-0.18342549871495495,-1.5063813799199626,-1.6870437910762501,-0.7766854217298074,-0.6438346337831138,-1.0770635704501212,0.8189224629773025,2.1846308005562802,DOWN,DOWN,DOWN,DOWN,DOWN
2023-01-30,17541.9492,17708.5,17406.3008,17667.25,25,17541.9492,17677.3008,17677.6504,17446.25,17636.4004,17708.5,17446.25,17618.5,17708.5,17446.25,17607.9004,-0.37455459482267134,0.7142923432933035,0.3370623336783605,0.7715881425537464,0.5384304727093813,0.4363870806329829,1.3191259270092894,1.7227230369587385,UP,UP,UP,UP,UP
2023-01-31,17731.4492,17735.6992,17539.0,17682.5508,25,17731.4492,17614.0996,17735.6992,17592.1992,17578.25,17735.6992,17572.0996,17563.1504,17735.6992,17539.0,17667.25,0.36337969972689077,-0.27577215741620387,0.08660544227313753,-0.6618161813868984,-0.8639970612215899,-0.9491542293113893,0.8092965125490138,1.1093238786144966,DOWN,FLAT,DOWN,DOWN,DOWN
2023-02-01,17811.5996,17971.5,17353.8008,17605.4004,25,17811.5996,17783.25,17815.3008,17753.9492,17768.9492,17815.3008,17735.8496,17788.3008,17815.3008,17735.8496,17682.5508,0.7298087332513162,-1.1576680625585292,-0.43630809192982645,-0.15916369465211522,-0.23945294615763912,-0.13080689282954958,0.34444744648314335,3.467960283589572,DOWN,DOWN,DOWN,DOWN,DOWN
2023-02-02,17517.0996,17653.5,17448.0,17604.8496,25,17517.0996,17564.4492,17590.0996,17448.0,17623.4004,17650.3008,17448.0,17573.1992,17653.5,17448.0,17605.4004,-0.5015551932576169,0.5009390938212168,-0.003128585476518061,0.2703050224136291,0.6068401871734362,0.32025621410520344,0.8112050695881261,1.1731394162992599,UP,FLAT,UP,UP,UP
2023-02-03,17721.75,17869.8496,17584.3496,17830.8008,25,17721.75,17686.5996,17725.5,17652.1504,17659.0508,17725.5,17643.0,17676.0508,17725.5,17643.0,17604.8496,0.6640238494283905,0.6153500641866683,1.2834599847987314,-0.19834610013118698,-0.3537980165615648,-0.25787069561414144,0.4138959188567798,1.6110147135581983,UP,UP,DOWN,DOWN,DOWN
2023-02-06,17818.5508,17820.75,17698.9004,17762.0,25,17818.5508,17751.5996,17820.75,17749.5,17779.75,17820.75,17713.1992,17774.1504,17820.75,17713.1992,17830.8008,-0.06870134514653992,-0.31737036661814766,-0.38585367405372445,-0.3757387497528672,-0.21775508252893883,-0.24918075829153435,0.39986416852710605,0.6838356349384002,DOWN,DOWN,DOWN,DOWN,DOWN
2023-02-07,17790.0996,17810.8496,17652.5996,17720.4004,25,17790.0996,17789.6992,17810.8496,17756.5,17750.25,17810.8496,17746.1504,17750.8008,17810.8496,17731.0508,17762.0,0.1582006530796159,-0.3917864518307854,-0.23420560747664326,-0.002250690041118512,-0.22399874590922114,-0.220902641826696,0.30550475389132375,0.8895397078046713,DOWN,DOWN,FLAT,DOWN,DOWN
2023-02-08,17750.3008,17898.5508,17745.3008,17862.5,25,17750.3008,17809.4004,17811.6992,17745.3008,17839.4004,17844.4492,17745.3008,17861.6992,17878.4004,17745.3008,17720.4004,0.16873433627381393,0.6320974571878754,0.801898358910679,0.33294985063012417,0.5019610709920912,0.6275859843456749,0.3740691538027244,0.8633656506823816,UP,UP,UP,UP,UP
2023-02-09,17885.5,17915.5508,17780.5,17897.0996,25,17885.5,17815.8008,17887.75,17812.0996,17789.6992,17887.75,17783.75,17855.8008,17887.75,17780.5,17862.5,0.12876137158852344,0.06485477062425637,0.1936996501049762,-0.38969668166950383,-0.5356338933773218,-0.16605182969444024,0.4229705627463511,0.755085404377853,FLAT,UP,DOWN,DOWN,DOWN
2023-02-10,17847.5508,17876.9492,17801.1504,17843.3496,25,17847.5508,17860.3008,17870.0996,17826.5,17811.6992,17870.0996,17808.6992,17829.3008,17870.0996,17801.1504,17897.0996,-0.2768537981428034,-0.0235393642919314,-0.30032799281063394,0.07143837349380174,-0.20087686205102037,-0.10225492676563777,0.24428898109650635,0.42470141057113825,FLAT,DOWN,FLAT,DOWN,DOWN
2023-02-13,17859.0996,17879.8008,17720.25,17764.5508,25,17859.0996,17834.75,17879.8008,17829.8008,17830.0,17879.8008,17801.8008,17746.25,17879.8008,17736.0996,17843.3496,0.08826818031968617,-0.5294152679455378,-0.4416143928492018,-0.1363428198810279,-0.16293990543622575,-0.6318885191726091,0.2799693216336617,0.8933865848421657,DOWN,DOWN,DOWN,DOWN,DOWN
2023-02-14,17840.3496,17954.4492,17800.4492,17921.8496,25,17840.3496,17818.6992,17840.3496,17802.0996,17813.5508,17857.9492,17802.0996,17837.0508,17857.9492,17800.4492,17764.5508,0.4266857116364602,0.4568296128008612,0.8854645511216669,-0.12135636624521226,-0.1502145451230422,-0.018490669039358303,0.21440162809365573,0.8632117836973329,UP,UP,DOWN,DOWN,FLAT
2023-02-15,17896.5996,18033.8008,17853.9004,18023.1992,25,17896.5996,17871.5996,17901.6504,17865.6504,17861.4004,17901.6504,17853.9004,17923.75,17929.3008,17853.9004,17921.8496,-0.14088947605050764,0.7073947164800946,0.5655085957199291,-0.13969134114169934,-0.19668093820461147,0.15170703154133608,0.20115553124404706,1.0052211259171393,UP,UP,DOWN,DOWN,UP
2023-02-16,18094.75,18134.0,18001.0508,18015.25,25,18094.75,18120.5,18126.4004,18063.4004,18131.6504,18134.0,18063.4004,18108.6504,18134.0,18063.4004,18023.1992,0.3969927825022369,-0.43935395625803064,-0.0441053772517762,0.1423064701087332,0.20392876386796516,0.07682007212035881,0.34816728609126957,0.7347390817778588,DOWN,FLAT,UP,UP,FLAT
2023-02-17,17974.8496,18033.6992,17885.9492,17942.5996,25,17974.8496,17992.3008,17992.6992,17928.9492,18003.3496,18008.4004,17928.9492,17976.4492,18033.6992,17928.9492,18015.25,-0.224256671431141,-0.17941735657137292,-0.4032716726106972,0.09708676505420949,0.15855487324912024,0.0088991008859275,0.3546622164782953,0.8219818428967549,DOWN,DOWN,FLAT,UP,FLAT
2023-02-20,17965.5508,18003.9492,17818.75,17847.6992,25,17965.5508,17932.6992,17978.75,17918.9004,17982.3008,17983.1992,17903.5996,17959.0508,18003.9492,17903.5996,17942.5996,0.12791457487575833,-0.6559865673586905,-0.5289110949118112,-0.18285885228746662,0.09323399091109413,-0.036180354681917125,0.3331353470109103,1.030857345047273,DOWN,DOWN,DOWN,FLAT,FLAT
2023-02-21,17905.8008,17924.4004,17800.5996,17842.0996,25,17905.8008,17883.0996,17905.8496,17859.4492,17870.8496,17905.8496,17839.1504,17904.0508,17906.8008,17839.1504,17847.6992,0.32554112072889363,-0.35575733647165064,-0.03137435216298208,-0.1267812607409299,-0.19519484434340134,-0.009773369086067348,0.2591361342521037,0.6914005208859313,DOWN,FLAT,DOWN,DOWN,FLAT
2023-02-22,17755.3496,17771.8496,17529.5508,17552.5,25,17755.3496,17747.8496,17771.8496,17729.8008,17716.75,17771.8496,17712.0996,17683.3008,17771.8496,17671.6992,17842.0996,-0.4862095938529566,-1.1424703234229834,-1.6231251169565344,-0.04224079034749054,-0.2173970148129405,-0.4057864340784395,0.2368232726884774,1.3646523749664747,DOWN,DOWN,FLAT,DOWN,DOWN
2023-02-23,17574.6504,17619.4004,17456.6992,17523.8008,25,17574.6504,17504.5,17585.25,17502.0508,17472.9492,17585.25,17471.8496,17582.1504,17608.9004,17456.6992,17552.5,0.1261951288990094,-0.28933491615854695,-0.16350491382993368,-0.39915673087869014,-0.5786812123443407,0.042675102089086224,0.4734045804973686,0.9257720426689088,DOWN,DOWN,DOWN,DOWN,FLAT
2023-02-24,17591.3496,17599.75,17422.5508,17465.4492,25,17591.3496,17563.9004,17599.75,17556.0508,17552.4492,17599.75,17545.6992,17548.9492,17599.75,17514.1504,17523.8008,0.38546888754864456,-0.7156949458840967,-0.33298483968159337,-0.15603805634107087,-0.22113368720727522,-0.24102982979772206,0.24841300408241052,1.00730872860374,DOWN,DOWN,DOWN,DOWN,DOWN
2023-02-27,17428.5996,17450.75,17299.9004,17406.3496,25,17428.5996,17437.75,17443.0,17358.8008,17407.0,17450.75,17358.8008,17306.4004,17450.75,17304.4004,17465.4492,-0.21098569855276175,-0.12766372807141657,-0.33838007441570833,0.052502210217731014,-0.12393193082478854,-0.7011418174986517,0.48310938303958223,0.8655290927677365,DOWN,DOWN,FLAT,DOWN,DOWN
2023-02-28,17383.25,17440.1992,17255.9004,17317.1992,25,17383.25,17407.5,17427.5,17368.8008,17421.5996,17440.1992,17368.8008,17380.4492,17440.1992,17368.8008,17406.3496,-0.13270789413537556,-0.37996807271368066,-0.5121717192213712,0.1395021069132642,0.2206123711043756,-0.016112061898671943,0.3376767865617713,1.0602091093437676,DOWN,DOWN,UP,UP,FLAT
2023-03-01,17360.0996,17467.5,17345.6504,17457.25,25,17360.0996,17369.75,17409.1992,17345.6504,17405.4492,17421.75,17345.6504,17404.1504,17421.75,17345.6504,17317.1992,0.24773290128811515,0.5596189090988776,0.8087381705466603,0.05558954281574874,0.2612289159907685,0.25374739209443964,0.36606241590918337,0.7018945905126106,UP,UP,FLAT,UP,UP
2023-03-02,17421.5,17444.5508,17306.5,17318.6504,25,17421.5,17377.0996,17444.5508,17372.6992,17388.1504,17444.5508,17364.1504,17354.3496,17444.5508,17344.4492,17457.25,-0.20478597717280786,-0.590360187125112,-0.7939371894198765,-0.25485979967281014,-0.1914278334242251,-0.3854455701288559,0.41243061734065256,0.7924162672559819,DOWN,DOWN,DOWN,DOWN,DOWN
2023-03-03,17451.25,17644.6992,17430.5,17592.3008,25,17451.25,17466.75,17480.4004,17430.5,17462.9004,17487.0,17430.5,17512.6504,17514.3008,17430.5,17318.6504,0.7656462653695082,0.8082561421101692,1.5800907904463635,0.08881885251772795,0.06675968770144618,0.35183955304060527,0.28594169472100067,1.2274146551106602,UP,UP,FLAT,FLAT,UP
2023-03-06,17680.3496,17798.3496,17674.4492,17719.8496,25,17680.3496,17749.8008,17757.3496,17674.4492,17763.5,17765.4492,17674.4492,17775.1504,17779.1504,17674.4492,17592.3008,0.5004962170724165,0.2234118719009945,0.7250262569407663,0.3928157619688669,0.47029839274218094,0.5361930173597769,0.46888439355295475,0.70078026058943,UP,UP,UP,UP,UP
2023-03-08,17665.75,17766.4004,17603.5508,17751.5,25,17665.75,17633.3496,17670.25,17603.5508,17666.4492,17692.1504,17603.5508,17697.1992,17710.4004,17603.5508,17719.8496,-0.305305074372648,0.4854025444716471,0.17861551149959323,-0.18340800701922436,0.0039579412139258705,0.17802357669501215,0.37756223200259886,0.921838019897246,UP,UP,DOWN,FLAT,UP
2023-03-09,17772.0508,17772.0508,17574.6992,17582.8008,25,17772.0508,17733.75,17772.0508,17722.1992,17723.5508,17772.0508,17711.3496,17675.3008,17772.0508,17670.6504,17751.5,0.11576937160240482,-1.0648742912663742,-0.950337717939324,-0.2155114253893585,-0.2729004128212373,-0.5443941224836021,0.2805056127793748,1.1104604765140655,DOWN,DOWN,DOWN,DOWN,DOWN
2023-03-10,17443.8008,17451.5,17325.75,17418.5996,25,17443.8008,17394.4004,17451.5,17380.6504,17332.4004,17451.5,17325.75,17392.6504,17451.5,17325.75,17582.8008,-0.7905452696705749,-0.1444708082197288,-0.9338739707498678,-0.2831974554536433,-0.6386245823215446,-0.2932296727442695,0.406159189802267,0.720886471026429,DOWN,DOWN,DOWN,DOWN,DOWN
2023-03-13,17421.9004,17529.0508,17114.75,17184.5996,25,17421.9004,17500.5508,17525.4004,17388.5,17453.5508,17529.0508,17388.5,17455.5996,17529.0508,17388.5,17418.5996,0.018949858632706918,-1.362083323585051,-1.343391577816623,0.4514455839731598,0.18167019253538075,0.19343010364129248,0.7857948722976205,2.378045967935857,DOWN,DOWN,UP,UP,UP
2023-03-14,17160.5508,17224.0996,16987.5,17068.6504,25,17160.5508,17184.1992,17193.1504,17112.8496,17157.5996,17224.0996,17112.8496,17127.5,17224.0996,17112.8496,17184.5996,-0.13994390651965194,-0.5355329270666666,-0.6747273878874823,0.13780676550311088,-0.01719758319179077,-0.19259754762650677,0.46793836011369316,1.378741293082512,DOWN,DOWN,UP,FLAT,DOWN
2023-03-15,17166.4492,17210.5996,16940.3496,16973.8496,25,17166.4492,17189.4492,17210.5996,17150.0508,17149.0,17210.5996,17125.3496,17155.6992,17210.5996,17125.3496,17068.6504,0.5729732445630293,-1.1219536303407331,-0.5554088798959598,0.13398227980658925,-0.10164711290439209,-0.06262215251829714,0.35271592450231637,1.5742917877274238,DOWN,DOWN,UP,DOWN,FLAT
2023-03-16,16994.6504,17062.1992,16850.4004,17010.4004,25,16994.6504,16913.6992,16995.4004,16907.9004,16865.0508,16995.4004,16862.6992,16877.6504,16995.4004,16850.4004,16973.8496,0.12254615476266062,0.09267622239525446,0.21533594830483974,-0.4763334231341383,-0.7625905620276705,-0.6884519377933188,0.5148679021958581,1.2462674724982898,FLAT,UP,DOWN,DOWN,DOWN
2023-03-17,17111.8008,17144.4004,16958.4492,17123.6992,25,17111.8008,17105.6992,17144.4004,17085.8496,17070.3008,17144.4004,17069.3008,17081.0,17144.4004,17049.25,17010.4004,0.5961082491626845,0.06953330125253807,0.666056044159904,-0.035657264079428624,-0.24252269229314544,-0.17999742025982965,0.3421662084799237,1.0866839917865307,FLAT,UP,FLAT,DOWN,DOWN
2023-03-20,17066.5996,17066.5996,16830.75,17003.4492,25,17066.5996,16957.9492,17066.5996,16934.6992,16950.6992,17066.5996,16929.5508,16910.1504,17066.5996,16904.0,17123.6992,-0.33345365001504895,-0.37002332907606417,-0.7022431227944018,-0.6366259392410087,-0.6791065749266318,-0.9166981335872129,0.7728569433362827,1.3819366805793074,DOWN,DOWN,DOWN,DOWN,DOWN
2023-03-21,17060.4004,17127.0996,17016.6504,17106.9492,25,17060.4004,17076.5,17080.5508,17026.4492,17039.4004,17080.5508,17026.4492,17066.0508,17080.5508,17016.6504,17003.4492,0.3349391016500318,0.27284705463302306,0.6087000277567213,0.09436824237725028,-0.12309206998447704,0.033119972963836564,0.31711799683201913,0.6474009836252305,UP,UP,FLAT,DOWN,FLAT
2023-03-22,17177.4492,17207.1504,17108.8008,17142.75,25,17177.4492,17172.3496,17207.1504,17169.6992,17168.6504,17207.1504,17132.4004,17140.8008,17207.1504,17132.4004,17106.9492,0.41211322472390344,-0.20200438141886115,0.20927635653469348,-0.029687760625120848,-0.051222972034756384,-0.21335181710214704,0.21802538644678116,0.5725506671851939,DOWN,UP,FLAT,FLAT,DOWN
2023-03-23,17097.4004,17205.0508,17046.0996,17068.4492,25,17097.4004,17059.9492,17101.3496,17048.8496,17080.3496,17101.3496,17046.0996,17136.6992,17142.3496,17046.0996,17142.75,-0.2645409867145083,-0.16933100543167673,-0.43342404223360254,-0.21904616563813714,-0.09972744160566804,0.22985248681431408,0.3070642248046083,0.9296805144716593,DOWN,DOWN,DOWN,FLAT,UP
2023-03-24,17076.1992,17108.5508,16918.5,16932.5996,25,17076.1992,17020.75,17108.5508,17015.3496,17037.0,17108.5508,16995.4004,17064.1504,17108.5508,16995.4004,17068.4492,0.04540541386735943,-0.84093420507766,-0.7959106208664684,-0.32471628698263905,-0.22955459549803747,-0.07055902697598236,0.5457959286396679,1.1129572674462647,DOWN,DOWN,DOWN,DOWN,FLAT
2023-03-27,16984.3008,17090.75,16919.4004,16963.4492,25,16984.3008,16978.5,16990.3008,16919.4004,17010.8496,17024.5996,16919.4004,17030.5508,17038.0,16919.4004,16932.5996,0.30533527763805096,-0.12276984637484623,0.18219057161192032,-0.0341538934590754,0.15631376476799375,0.2723102972834772,0.41744668111390415,1.0088704976303844,DOWN,UP,FLAT,UP,UP
2023-03-28,17031.75,17061.5,16913.8008,16956.8496,25,17031.75,17005.1504,17061.5,17000.6992,16986.1992,17061.5,16981.6504,16992.5,17061.5,16971.3496,16963.4492,0.4026350961690084,-0.43976925448059434,-0.038904823672285566,-0.15617655261497718,-0.26744638689506883,-0.2304519500344944,0.3569850426409552,0.8671992014913272,DOWN,FLAT,DOWN,DOWN,DOWN
2023-03-29,16977.3008,17125.9004,16941.1504,17115.5508,25,16977.3008,17001.0,17022.3496,16976.6504,17015.1992,17022.3496,16976.6504,17016.4492,17032.6992,16976.6504,16956.8496,0.12060730903693051,0.8143226159955885,0.9359120576265506,0.13959345056782588,0.223229831682067,0.2305926039785913,0.26917824298667514,1.088217745426293,UP,UP,UP,UP,UP
2023-03-31,17210.3496,17381.3008,17204.6504,17356.8496,25,17210.3496,17269.9004,17276.3008,17204.6504,17278.25,17289.0996,17204.6504,17256.9004,17289.0996,17204.6504,17115.5508,0.5538752512714956,0.851231981946491,1.409821996496896,0.3460173754982714,0.39453236905773614,0.27048143170779776,0.4163215836127016,1.0264195911511422,UP,UP,UP,UP,UP
2023-04-03,17427.9492,17428.0508,17312.9004,17399.6992,25,17427.9492,17344.4492,17428.0508,17337.4492,17358.4004,17428.0508,17325.8008,17367.9004,17428.0508,17325.8008,17356.8496,0.40963424606731474,-0.16209595102560892,0.2468742945148164,-0.4791154658633043,-0.3990647390686707,-0.34455459624589957,0.5198638058917557,0.6607226052736157,DOWN,UP,DOWN,DOWN,DOWN
2023-04-05,17422.3008,17570.0,17411.4004,17561.0,25,17422.3008,17465.9492,17466.3008,17411.4004,17457.9492,17473.1504,17411.4004,17491.6504,17492.5,17411.4004,17399.6992,0.12989649844062698,0.7961015114605248,0.9270321178885719,0.2505317782138064,0.20461361796714136,0.39805075573025195,0.31511567060076395,0.9103252309821293,UP,UP,UP,UP,UP
2023-04-06,17533.8496,17637.6992,17503.5996,17602.0,25,17533.8496,17531.9492,17543.9492,17512.25,17533.1992,17543.9492,17512.25,17588.5,17600.5508,17503.5996,17561.0,-0.154606229713562,0.38867904969367717,0.23347189795569728,-0.010838464132840881,-0.0037093964807492375,0.3116851190510875,0.18078859305374165,0.7648040964147298,UP,UP,FLAT,FLAT,UP
2023-04-10,17634.9004,17693.3008,17598.25,17613.0508,25,17634.9004,17635.0508,17651.1504,17617.75,17650.9004,17656.1992,17608.9004,17630.0,17660.4492,17608.9004,17602.0,0.18691285081239986,-0.12389976412907745,0.06278150210203892,0.0008528542639359862,0.09072917701310068,-0.027788078689679623,0.18939942524426523,0.538992553652307,DOWN,FLAT,FLAT,FLAT,FLAT
2023-04-11,17704.8008,17748.5996,17655.3008,17717.0508,25,17704.8008,17697.4492,17709.25,17669.0,17704.0,17716.5508,17669.0,17741.5508,17748.5996,17669.0,17613.0508,0.5209205437595171,0.0691902729569259,0.590471243062559,-0.0415232008710416,-0.004523066986446357,0.20757081887077766,0.22733946828704224,0.5269689337594833,FLAT,UP,FLAT,FLAT,UP
2023-04-12,17759.5508,17824.3008,17717.8008,17817.9004,25,17759.5508,17763.6992,17775.4004,17717.8008,17763.75,17779.4004,17717.8008,17751.5508,17779.4004,17717.8008,17717.0508,0.23988191082005586,0.32855335507696365,0.5692234059632415,0.02335869891482964,0.02364474218570387,-0.0450461843888529,0.3243302752905087,0.5996773296766041,UP,UP,FLAT,FLAT,FLAT
2023-04-13,17807.3008,17841.5,17729.6992,17828.1504,25,17807.3008,17808.9004,17816.5508,17771.4004,17798.8008,17827.25,17771.4004,17792.4004,17827.25,17771.4004,17817.9004,-0.05948849057433129,0.11708456118176952,0.05752641876929562,0.00898283247957341,-0.047733230855515174,-0.08367579212230898,0.25354993722576,0.6278368701448614,UP,FLAT,FLAT,FLAT,FLAT
2023-04-17,17863.0,17863.0,17574.3496,17704.0996,25,17863.0,17634.4492,17863.0,17633.9004,17636.5996,17863.0,17620.6992,17610.3008,17863.0,17574.3496,17828.1504,0.19547512904087558,-0.8895504674466698,-0.6958141883299194,-1.2794648155405077,-1.2674265241000875,-1.4146515143033036,1.2825370878351978,1.6159122207915728,DOWN,DOWN,DOWN,DOWN,DOWN
2023-04-18,17766.5996,17766.5996,17610.75,17661.5508,25,17766.5996,17739.4492,17766.5996,17712.9004,17720.8008,17766.5996,17712.9004,17670.4492,17766.5996,17663.1992,17704.0996,0.35302557832424303,-0.5912712751178367,-0.24033303563204353,-0.15281708718196285,-0.2577803351858083,-0.5411862830521731,0.3022480452590531,0.8772055627347022,DOWN,DOWN,DOWN,DOWN,DOWN
2023-04-19,17653.3496,17665.5996,17580.0,17610.1992,25,17653.3496,17635.0,17659.0996,17612.5508,17635.0508,17659.0996,17612.5508,17628.9492,17659.0996,17612.5508,17661.5508,-0.046435333413640645,-0.24443179893747904,-0.2907536296303141,-0.10394401298211062,-0.10365624889681266,-0.13821966115712261,0.263682536485883,0.48489154715432237,DOWN,DOWN,DOWN,DOWN,DOWN
2023-04-20,17638.5996,17683.75,17584.5,17623.9004,25,17638.5996,17671.8008,17678.5,17615.1992,17672.5,17683.75,17615.1992,17628.1992,17683.75,17615.1992,17610.1992,0.16127245170515883,-0.08333541399739436,0.07780264064247222,0.1882303626870668,0.19219439620364545,-0.058963864682331495,0.358876562967056,0.5626863937656366,FLAT,FLAT,UP,UP,FLAT
2023-04-21,17639.75,17662.5,17554.0996,17618.9004,25,17639.75,17660.75,17661.75,17634.1504,17621.8008,17662.5,17620.4492,17617.6504,17662.5,17605.6992,17623.9004,0.08993241927309902,-0.1181966864609837,-0.028370564327519693,0.11904930625434033,-0.1017542765628714,-0.12528295469040873,0.15646253489987882,0.6145234484615634,DOWN,FLAT,UP,DOWN,DOWN
2023-04-24,17707.5508,17754.25,17612.6992,17748.0,25,17707.5508,17657.5,17709.1992,17653.0508,17627.0,17709.1992,17625.6504,17633.1504,17709.1992,17620.4004,17618.9004,0.5031551231199551,0.22842910607377226,0.7327335819436347,-0.2826523022031985,-0.45489520775510567,-0.420162002302443,0.31708732977345583,0.7993810188589202,UP,UP,DOWN,DOWN,DOWN
2023-04-25,17761.5508,17807.25,17717.3008,17760.3496,25,17761.5508,17728.6992,17766.0508,17717.3008,17740.4004,17766.0508,17717.3008,17753.8496,17766.0508,17717.3008,17748.0,0.076351138156417,-0.006762922976295048,0.06958305161145692,-0.18495907463216432,-0.11907969207284683,-0.043358826527689895,0.27446927663546133,0.5064264996500143,FLAT,FLAT,DOWN,DOWN,FLAT
2023-04-26,17767.3008,17826.8008,17711.9492,17818.1992,25,17767.3008,17737.4004,17776.0,17737.4004,17733.6504,17776.0,17727.6992,17751.5508,17776.0,17711.9492,17760.3496,0.039138869203337735,0.2864723267363055,0.3257233179689083,-0.1682889277137823,-0.18939511622385694,-0.0886459917423135,0.21725078240360163,0.6464212054089937,UP,UP,DOWN,DOWN,FLAT
2023-04-27,17813.0996,17931.25,17798.1992,17923.1992,25,17813.0996,17830.3496,17830.8496,17798.1992,17833.8008,17837.6504,17798.1992,17832.8008,17846.0508,17798.1992,17818.1992,-0.028620176162346057,0.6180822118122425,0.5892851394320476,0.09683884549772571,0.11621335121260712,0.11059950509679695,0.18329432121966163,0.746926716785443,UP,UP,FLAT,UP,UP
2023-04-28,17950.4004,18088.8008,17885.8008,18049.5508,25,17950.4004,17896.8008,17956.9004,17895.6992,17911.75,17956.9004,17895.6992,17889.1992,17956.9004,17885.8008,17923.1992,0.15176531654013822,0.552357595321396,0.7049611991145073,-0.2985983532712604,-0.21531775970857248,-0.340946155162085,0.340946155162085,1.1308939938743652,UP,UP,DOWN,DOWN,DOWN
2023-05-02,18124.80078125,18179.80078125,18106.19921875,18136.05078125,25,18124.80078125,18161.05078125,18161.05078125,18106.19921875,18161.349609375,18170.19921875,18106.19921875,18164.650390625,18179.80078125,18106.19921875,18049.5508,0.4169077783919094,0.06206964774828344,0.4792361993296758,0.2000021983000244,0.2016509233183382,0.21986233038337274,0.3026326366949292,0.4060820496087349,FLAT,UP,UP,UP,UP
2023-05-03,18113.80078125,18116.25,18043.349609375,18082.69921875,25,18113.80078125,18068.55078125,18113.80078125,18050.80078125,18078.900390625,18113.80078125,18050.80078125,18083.75,18113.80078125,18050.80078125,18136.05078125,-0.12268382057577394,-0.17170091951212096,-0.29417409083987367,-0.2498095267054018,-0.19267292958817442,-0.16589992135226658,0.34780110900420586,0.40245772549547315,DOWN,DOWN,DOWN,DOWN,DOWN
2023-05-04,18081.0,18267.099609375,18071.25,18238.599609375,25,18081.0,18117.400390625,18119.099609375,18071.25,18111.849609375,18122.55078125,18071.25,18126.25,18134.44921875,18071.25,18082.69921875,-0.009396930897562437,0.8716310457109673,0.8621522082463577,0.20131845929428682,0.17061893354902935,0.2502627067086997,0.26464028192577843,1.083179079558653,UP,UP,UP,UP,UP
2023-05-05,18117.30078125,18216.94921875,18055.69921875,18069.94921875,25,18117.30078125,18169.599609375,18181.19921875,18104.900390625,18177.25,18186.150390625,18104.900390625,18199.849609375,18204.94921875,18104.900390625,18238.599609375,-0.6650665660901399,-0.2613610221065888,-0.9246893634219063,0.2886678802568936,0.33089486935075224,0.45563535717435144,0.42113794458809983,0.8900332447252918,DOWN,DOWN,UP,UP,UP
2023-05-08,18120.599609375,18286.69921875,18102.400390625,18269.75,25,18120.599609375,18178.44921875,18192.099609375,18102.400390625,18191.849609375,18196.25,18102.400390625,18193.75,18218.25,18102.400390625,18069.94921875,0.2803017873035493,0.8230985389017398,1.1057074861211003,0.31924776564827645,0.3931989091748245,0.4036863691152604,0.49501242058012573,1.0170680446448908,UP,UP,UP,UP,UP
2023-05-09,18303.400390625,18343.900390625,18230.44921875,18258.30078125,25,18303.400390625,18299.19921875,18318.099609375,18293.19921875,18314.05078125,18318.099609375,18277.599609375,18331.19921875,18332.0,18277.599609375,18269.75,0.18418637707138852,-0.24640016834303646,-0.06266762681481684,-0.02295295838663858,0.058188043738884324,0.1518779436155402,0.13604242978672956,0.619836584753452,DOWN,FLAT,FLAT,FLAT,UP
2023-05-10,18313.599609375,18326.30078125,18212.400390625,18311.0,25,18313.599609375,18305.599609375,18322.30078125,18292.69921875,18238.75,18322.30078125,18237.94921875,18226.30078125,18322.30078125,18212.400390625,18258.30078125,0.3028695210333485,-0.014194966748477027,0.2886315620570695,-0.04368338377292404,-0.4087105264476973,-0.47668852648886384,0.16163705187071212,0.6219443094447293,FLAT,UP,FLAT,DOWN,DOWN
2023-05-11,18357.80078125,18389.69921875,18270.80078125,18304.5,25,18357.80078125,18304.44921875,18389.69921875,18300.05078125,18312.05078125,18389.69921875,18290.400390625,18323.19921875,18389.69921875,18290.400390625,18311.0,0.25558834170717054,-0.2903440443935938,-0.03549778821473431,-0.2906206638569222,-0.24921285803867865,-0.18848424662795554,0.4883397448759968,0.6476725557531848,DOWN,FLAT,DOWN,DOWN,DOWN
2023-05-12,18273.75,18342.0,18194.849609375,18312.19921875,25,18273.75,18233.25,18277.30078125,18219.44921875,18204.0,18277.30078125,18195.55078125,18244.19921875,18277.30078125,18194.849609375,18304.5,-0.16799147750553142,0.2104068335727478,0.0420618905187249,-0.22162938641493946,-0.38169505438128465,-0.16171164238319996,0.31658287160544496,0.8052555749367262,UP,FLAT,DOWN,DOWN,DOWN
2023-05-15,18339.3,18458.25,18291.5,18384.6,25,18339.3,18348.8,18362.8,18291.5,18364.75,18366.5,18291.5,18383.45,18386.75,18291.5,18312.19921875,0.14799304510760553,0.24701051839491842,0.39536912189043266,0.05180132284220226,0.1387730175088511,0.2407398319456111,0.3887825598577878,0.9092495351512871,UP,UP,FLAT,UP,UP
2023-05-16,18432.35,18432.35,18265.05,18276.75,25,18432.35,18391.25,18432.35,18366.95,18395.5,18432.35,18360.3,18401.65,18432.35,18360.3,18384.6,0.25972825081861994,-0.8441679981120072,-0.5866322900688541,-0.22297753677636625,-0.1999202489101962,-0.16655499705678925,0.35481097092881714,0.9076433552965264,DOWN,DOWN,DOWN,DOWN,DOWN
2023-05-17,18300.45,18307.55,18115.7,18197.95,25,18300.45,18260.7,18307.55,18256.9,18259.9,18307.55,18249.5,18268.75,18307.55,18249.5,18276.75,0.12967294513521677,-0.5600955167769098,-0.431148863993868,-0.2172077735793382,-0.2215792507834467,-0.17321978421296047,0.27676915048535866,1.048334877011213,DOWN,DOWN,DOWN,DOWN,DOWN
2023-05-18,18287.5,18296.45,18105.4,18134.65,25,18287.5,18273.8,18296.45,18257.35,18260.15,18296.45,18238.55,18222.25,18296.45,18214.05,18197.95,0.492088394571912,-0.8358168147641752,-0.3478413777375983,-0.07491455912508942,-0.14955570745043634,-0.3568010936431989,0.2138072453862047,1.0447026657552934,DOWN,DOWN,FLAT,DOWN,DOWN
2023-05-19,18186.15,18217.7,18060.85,18205.45,25,18186.15,18142.25,18186.15,18130.7,18118.2,18186.15,18097.75,18082.5,18186.15,18066.8,18134.65,0.2839867325809982,0.10612471578645988,0.39041282848028097,-0.24139248823968487,-0.3736359812274765,-0.5699392119827531,0.30490235701344554,0.862469516637673,UP,UP,DOWN,DOWN,DOWN
2023-05-22,18201.1,18334.8,18179.55,18303.3,25,18201.1,18250.75,18258.0,18179.55,18284.1,18286.1,18179.55,18270.6,18294.1,18179.55,18205.45,-0.02389394384649752,0.5615045244518229,0.5374764150295573,0.2727857107537537,0.4560163946135124,0.3818450533209532,0.4310179055112094,0.8529704248644312,UP,UP,UP,UP,UP
2023-05-23,18362.9,18419.65,18324.45,18333.75,25,18362.9,18379.65,18389.4,18349.8,18404.65,18408.7,18349.8,18391.4,18408.7,18349.8,18303.3,0.3256243409658487,-0.15874398923918037,0.16636344265788533,0.0912165289796274,0.22736060208354889,0.1552042433384705,0.2156522117966235,0.518436630379737,DOWN,UP,FLAT,UP,UP
2023-05-24,18294.8,18392.5,18263.9,18287.0,25,18294.8,18303.3,18308.2,18270.4,18330.0,18338.55,18270.4,18362.8,18365.45,18270.4,18333.75,-0.21244971705188914,-0.042635065701725476,-0.25499420467716644,0.046461289546756455,0.19240439906421894,0.37169031637405164,0.20661608763145414,0.7029319806720956,FLAT,DOWN,FLAT,UP,UP
2023-05-25,18268.9,18337.0,18202.8,18335.9,25,18268.9,18256.8,18299.25,18252.35,18275.95,18299.25,18236.5,18261.85,18303.55,18236.5,18287.0,-0.09897741565045412,0.3667434820925179,0.2674030732214221,-0.0662327781092577,0.0385901723694326,-0.03859017236945251,0.25672043746477047,0.7345817208480024,UP,UP,FLAT,FLAT,FLAT
2023-05-26,18368.35,18508.35,18333.25,18491.9,25,18368.35,18362.35,18372.0,18333.25,18381.05,18381.65,18333.25,18378.4,18389.7,18333.25,18335.9,0.1769752234686985,0.672624378346465,0.8507899803118472,-0.032664882801122584,0.06914066859571343,0.05471367869189618,0.2109607014239167,0.9532701630794196,UP,UP,FLAT,FLAT,FLAT
2023-05-29,18619.15,18640.8,18581.75,18601.1,25,18619.15,18629.0,18640.8,18596.75,18627.1,18640.8,18596.75,18588.45,18640.8,18584.8,18491.9,0.6881391311871684,-0.09694320095172394,0.5905288261346702,0.05290252240300198,0.0426979749343933,-0.16488400383476542,0.23658437683782163,0.317146593695197,FLAT,UP,FLAT,FLAT,DOWN
2023-05-30,18606.65,18661.8,18577.55,18639.95,25,18606.65,18641.4,18649.0,18577.55,18638.9,18649.0,18577.55,18652.2,18653.75,18577.55,18601.1,0.029836945126916748,0.17896827209626273,0.20885861588831942,0.18676118484520318,0.1733251283815195,0.24480494876831277,0.38400249373208356,0.45279510282614005,UP,UP,UP,UP,UP
2023-05-31,18594.2,18602.4,18484.05,18521.3,25,18594.2,18560.3,18602.4,18552.55,18561.65,18602.4,18549.65,18569.15,18602.4,18543.7,18639.95,-0.2454405725337246,-0.3920577384345735,-0.6365360422104214,-0.18231491540373587,-0.17505458691419515,-0.13471942863903405,0.26809435200224896,0.6364887975820535,DOWN,DOWN,DOWN,DOWN,DOWN
2023-06-01,18579.4,18580.05,18465.2,18486.1,25,18579.4,18518.95,18580.0,18518.3,18565.6,18580.0,18514.75,18559.3,18580.0,18514.75,18521.3,0.3136928833289358,-0.5021690689688736,-0.19005145427157236,-0.3253603453287013,-0.07427581084428404,-0.10818433318622873,0.33208822674575456,0.6181577445988489,DOWN,DOWN,DOWN,FLAT,DOWN
2023-06-02,18550.85,18573.25,18478.5,18525.85,25,18550.85,18551.85,18573.25,18541.45,18551.55,18573.25,18541.45,18492.3,18573.25,18485.85,18486.1,0.35026317070663904,-0.13476471428532927,0.21502642526006027,0.00539058857141317,0.003773411999993141,-0.3156189608562372,0.17142071657093488,0.5107582671413978,DOWN,UP,FLAT,FLAT,DOWN
2023-06-05,18612.0,18639.4,18583.3,18599.9,25,18612.0,18612.0,18635.05,18600.5,18605.3,18635.05,18583.3,18618.3,18635.05,18583.3,18525.85,0.4650258962476834,-0.06501182033096145,0.399711754116561,0.0,-0.03599828067913565,0.03384912959380654,0.18563292499462322,0.30141843971632376,FLAT,UP,FLAT,FLAT,FLAT
2023-06-06,18600.8,18622.05,18531.95,18617.1,25,18600.8,18603.25,18605.75,18583.85,18610.15,18617.75,18583.85,18580.6,18617.75,18571.5,18599.9,0.004838735692115641,0.08763063954238137,0.09247361544952977,0.013171476495638507,0.05026665519763764,-0.10859747967829732,0.11773687153241505,0.4843877682680237,FLAT,FLAT,FLAT,FLAT,DOWN
2023-06-07,18665.6,18738.75,18636.5,18730.35,25,18665.6,18652.9,18675.4,18637.05,18662.55,18675.4,18637.05,18661.2,18675.4,18637.05,18617.1,0.26051318411567864,0.34689482256128923,0.6083117134247547,-0.06803960226297087,-0.016340219441107025,-0.023572775587164717,0.20545816903824246,0.5477991599519973,UP,UP,FLAT,FLAT,FLAT
2023-06-08,18725.35,18777.8,18615.95,18646.9,25,18725.35,18746.4,18752.05,18724.0,18740.85,18752.05,18724.0,18753.3,18760.65,18724.0,18730.35,-0.026694642652166135,-0.4189507806262478,-0.4455335858646373,0.11241445420247373,0.08277548884266517,0.14926289762274525,0.14979693303462566,0.864336314140983,DOWN,DOWN,UP,FLAT,UP
2023-06-09,18655.9,18676.25,18555.7,18567.3,25,18655.9,18649.3,18676.25,18644.9,18623.75,18676.25,18609.75,18641.2,18676.25,18609.75,18646.9,0.04826539532040178,-0.4749167823584076,-0.4268806075004541,-0.03537754812151749,-0.17233154122825192,-0.07879544808881227,0.16804335357714473,0.6461762766738632,DOWN,DOWN,FLAT,DOWN,FLAT
2023-06-12,18595.05,18633.6,18560.8,18614.9,25,18595.05,18594.3,18633.6,18560.8,18582.0,18633.6,18560.8,18578.35,18633.6,18560.8,18567.3,0.14945630220872178,0.10674883907277573,0.2563646841490264,-0.004033331451111989,-0.07017996724934471,-0.08980884697809756,0.39150203952126655,0.39150203952126655,UP,UP,FLAT,FLAT,FLAT
2023-06-13,18631.8,18727.75,18631.8,18718.65,25,18631.8,18680.35,18683.8,18631.8,18697.35,18698.05,18631.8,18698.55,18703.4,18631.8,18614.9,0.09078748744284318,0.46613853733939925,0.5573492202482957,0.26057600446547985,0.3518178597881003,0.3582584613402892,0.27909273392801554,0.514979765776794,UP,UP,UP,UP,UP
2023-06-14,18744.6,18769.5,18690.6,18749.65,25,18744.6,18718.25,18753.8,18706.85,18701.6,18753.8,18690.6,18707.55,18753.8,18690.6,18718.65,0.13863179235680503,0.02694109236795083,0.16561023364398605,-0.14057381859308038,-0.22939940036063722,-0.19765692519445213,0.25047213597516477,0.4209212253128979,FLAT,UP,DOWN,DOWN,DOWN
2023-06-15,18774.45,18793.9,18669.2,18682.15,25,18774.45,18749.5,18778.1,18722.25,18742.0,18778.1,18722.25,18776.4,18783.2,18722.25,18749.65,0.132269135690529,-0.49162558690134345,-0.3600067201254423,-0.13289337370735615,-0.17284128163541795,0.010386456061299945,0.29747875437095916,0.6642005491505781,DOWN,DOWN,DOWN,DOWN,FLAT
2023-06-16,18723.3,18863.95,18712.7,18823.6,25,18723.3,18752.05,18754.7,18712.7,18768.3,18770.85,18712.7,18765.05,18775.2,18712.7,18682.15,0.22026372767587143,0.5356961646718222,0.7571398366890164,0.15355199136904285,0.240342247360241,0.22298419616200138,0.22431943086955825,0.807816998071921,UP,UP,UP,UP,UP
2023-06-19,18873.3,18881.45,18719.3,18754.2,25,18873.3,18854.65,18881.45,18844.35,18840.85,18881.45,18834.2,18827.05,18881.45,18816.05,18823.6,0.2640302598865293,-0.6310502137940823,-0.3686861174270481,-0.09881684708025527,-0.17193601542920808,-0.24505518377814164,0.19657399606853165,0.8591502281000221,DOWN,DOWN,FLAT,DOWN,DOWN
2023-06-20,18752.35,18838.35,18661.15,18833.7,25,18752.35,18677.85,18758.65,18675.3,18688.2,18758.65,18669.4,18695.55,18758.65,18669.4,18754.2,-0.009864457028303967,0.4338122955256391,0.4239050452698595,-0.3972835404629287,-0.34209045799591953,-0.3028953704469001,0.4444776254709526,0.9449482331547625,UP,UP,DOWN,DOWN,DOWN
2023-06-21,18849.4,18875.65,18794.9,18862.1,25,18849.4,18855.85,18858.05,18809.15,18852.9,18864.25,18809.15,18869.5,18875.65,18809.15,18833.7,0.08336120889682179,0.06737614990396028,0.15079352437385016,0.034218595817358054,0.018568230288497245,0.10663469394250502,0.25942470317356425,0.4283955987989007,FLAT,UP,FLAT,FLAT,UP
2023-06-22,18853.6,18886.05,18760.6,18779.35,25,18853.6,18874.5,18875.5,18833.35,18862.5,18881.5,18833.35,18862.75,18881.5,18833.35,18862.1,-0.045063911229396514,-0.3938239911740994,-0.4387104299097132,0.1108541604786431,0.04720583867272805,0.04853184537701795,0.22356473034328433,0.6653901642126742,DOWN,DOWN,UP,FLAT,FLAT
2023-06-23,18741.85,18751.2,18647.45,18668.55,25,18741.85,18676.9,18751.2,18671.5,18655.45,18751.2,18647.45,18690.5,18751.2,18647.45,18779.35,-0.19968742262112374,-0.39110333291537003,-0.5900097713712098,-0.34655063400890035,-0.46100038149914674,-0.2739857591432999,0.4252515093227229,0.5535739534784453,DOWN,DOWN,DOWN,DOWN,DOWN
2023-06-26,18682.35,18721.75,18647.65,18694.7,25,18682.35,18699.7,18704.5,18657.9,18710.6,18721.75,18657.9,18672.05,18721.75,18657.9,18668.55,0.07392111331624188,0.06610517413495724,0.14007515313187932,0.09286840252967205,0.15121224043013862,-0.05513225049310859,0.24943328863873412,0.3966310448096655,FLAT,UP,FLAT,UP,FLAT
2023-06-27,18748.55,18829.15,18714.5,18818.6,25,18748.55,18741.2,18762.95,18735.8,18735.35,18762.95,18731.45,18730.7,18762.95,18724.25,18694.7,0.28804955415170364,0.3736288939677963,0.6627546844827561,-0.03920303170111046,-0.0704054446877264,-0.09520736270270791,0.14481119873270976,0.6115139570793553,UP,UP,FLAT,FLAT,FLAT
2023-06-28,18908.15,19010.4,18861.45,18993.0,25,18908.15,18871.05,18908.15,18863.15,18870.15,18908.15,18861.45,18888.3,18908.15,18861.45,18818.6,0.4758589905731718,0.4487482910808225,0.926742690742146,-0.19621168649498855,-0.20097153872800883,-0.1049811853618793,0.2379926116515894,0.7877555445667647,UP,UP,DOWN,DOWN,DOWN
2023-06-30,19076.85,19201.1,19028.15,19183.2,25,19076.85,19087.45,19092.65,19028.15,19102.95,19107.45,19028.15,19090.25,19107.45,19028.15,18993.0,0.44147843942504367,0.557481974225316,1.0014215763702454,0.05556472897780391,0.1368150402189155,0.0702422045568396,0.33810613387430316,0.9065962147838721,UP,UP,FLAT,UP,FLAT
2023-07-03,19246.5,19344.6,19239.75,19330.65,25,19246.5,19284.65,19292.65,19239.75,19305.95,19317.3,19239.75,19324.0,19330.25,19239.75,19183.2,0.32997622920054664,0.4372223521159767,0.7686413111472576,0.19821785779233345,0.3088873301639297,0.4026706154365729,0.2748551684721973,0.544774374561601,UP,UP,UP,UP,UP
2023-07-04,19406.6,19433.55,19300.25,19385.55,25,19406.6,19378.95,19412.35,19374.6,19348.15,19412.35,19346.85,19325.35,19412.35,19300.25,19330.65,0.39289935930761294,-0.10846825306853995,0.2840049351677146,-0.1424773015365794,-0.30118619438746147,-0.4186719981861841,0.19452145146496555,0.6868797213319143,DOWN,UP,DOWN,DOWN,DOWN
2023-07-05,19405.95,19421.25,19340.55,19415.3,25,19405.95,19403.8,19414.75,19349.55,19378.65,19421.25,19349.55,19389.05,19421.25,19349.55,19385.55,0.10523302150313742,0.048181099095888344,0.1534648230253978,-0.011079076262700126,-0.14067850324255846,-0.08708669248349839,0.33597942898956623,0.41585183925548985,FLAT,UP,FLAT,DOWN,FLAT
2023-07-06,19385.7,19511.95,19374.9,19486.25,25,19385.7,19415.95,19419.95,19374.9,19404.3,19423.35,19374.9,19449.85,19452.9,19374.9,19415.3,-0.15245708281612205,0.5186812960068466,0.3654334468177197,0.1560428563322449,0.09594701248857944,0.33091402425498084,0.23238779100057916,0.7069644119118694,UP,UP,UP,FLAT,UP
2023-07-07,19422.8,19523.45,19304.95,19324.65,25,19422.8,19485.15,19486.4,19421.6,19491.3,19500.9,19421.6,19496.55,19523.45,19421.6,19486.25,-0.3256142151517133,-0.5053339374343443,-0.8293027134517855,0.3210144778301902,0.35267829561134334,0.3797083839611179,0.3336285190600887,1.1249665341763289,DOWN,DOWN,UP,UP,UP
2023-07-10,19400.35,19435.75,19327.4,19367.85,25,19400.35,19386.35,19406.35,19359.5,19395.2,19406.35,19347.3,19413.15,19416.15,19347.3,19324.65,0.3917276638904047,-0.1675227508782058,0.2235486800536987,-0.0721636465321502,-0.026545912831458286,0.06597819111512376,0.24149048857365227,0.5584950786970263,DOWN,UP,FLAT,FLAT,FLAT
2023-07-11,19427.1,19513.95,19408.8,19448.15,25,19427.1,19448.6,19458.0,19408.8,19469.6,19469.6,19408.8,19473.15,19487.65,19408.8,19367.85,0.30591934571983986,0.10835379444179992,0.4146046153806588,0.1106701463419656,0.21876656835039715,0.23704001111850412,0.2532544744197576,0.5412542273422254,UP,UP,UP,UP,UP
2023-07-12,19497.45,19507.7,19362.65,19384.75,25,19497.45,19463.85,19507.7,19434.85,19468.6,19507.7,19434.85,19464.95,19507.7,19434.85,19448.15,0.2534945483246441,-0.5780243057425495,-0.32599501752095417,-0.17233022779903107,-0.14796806761911008,-0.1666884643889329,0.3736386040225885,0.7439434387573722,DOWN,DOWN,DOWN,DOWN,DOWN
2023-07-13,19495.2,19566.45,19386.6,19443.2,25,19495.2,19487.8,19495.45,19451.6,19524.0,19524.05,19451.6,19560.4,19566.0,19451.6,19384.75,0.5697777892415468,-0.26673232385407686,0.30152568384942147,-0.037958061471549176,0.14772867167302345,0.33444129837088477,0.22492716155772793,0.9225347777914675,DOWN,UP,FLAT,UP,UP
2023-07-14,19493.45,19594.55,19434.15,19587.35,25,19493.45,19476.4,19519.6,19451.65,19464.3,19519.6,19451.65,19451.9,19519.6,19441.45,19443.2,0.25844511191573405,0.4817002634218049,0.7413903061224377,-0.08746527679810025,-0.1495374087193465,-0.21314851911795638,0.3485786251279126,0.8228404925757,UP,UP,FLAT,DOWN,DOWN
2023-07-17,19612.15,19731.55,19563.7,19719.1,25,19612.15,19570.75,19612.15,19563.7,19586.75,19612.15,19563.7,19631.4,19631.65,19563.7,19587.35,0.1266123288755391,0.5453252193155624,0.6726279971512227,-0.2110936332834567,-0.12951155278743764,0.09815344059677292,0.2470407375020114,0.8558470132035423,UP,UP,DOWN,DOWN,FLAT
2023-07-18,19787.5,19817.75,19690.25,19751.55,25,19787.5,19789.55,19810.2,19770.4,19749.4,19810.2,19741.0,19763.6,19810.2,19741.0,19719.1,0.34687181463657807,-0.1816803537586897,0.1645612629379674,0.010360075805429044,-0.19254579911559594,-0.12078332280480836,0.20113708149083648,0.644346178142767,DOWN,UP,FLAT,DOWN,DOWN
2023-07-19,19802.95,19849.2,19727.55,19847.15,25,19802.95,19821.65,19828.75,19787.95,19805.3,19828.75,19787.95,19826.15,19841.15,19787.95,19751.55,0.260232741227911,0.22319906882560794,0.48401264710871905,0.09443037527237472,0.011866918817643558,0.1171542623700041,0.2060299096851695,0.6143024145392553,UP,UP,FLAT,FLAT,UP
2023-07-20,19831.7,19990.8,19758.45,19969.95,25,19831.7,19813.35,19841.15,19784.55,19781.8,19841.15,19778.8,19787.35,19841.15,19758.45,19847.15,-0.07784492987658544,0.6971162331015495,0.6187286335821478,-0.09252862840806478,-0.2516173600851236,-0.2236318621197486,0.285401654926215,1.1716090904965208,UP,UP,FLAT,DOWN,DOWN
2023-07-21,19800.45,19886.35,19700.1,19780.9,25,19800.45,19846.1,19886.35,19780.7,19823.8,19886.35,19780.7,19843.7,19886.35,19780.7,19969.95,-0.8487752848655103,-0.09873512975714831,-0.9466723752438001,0.2305503157756405,0.11792661277899513,0.2184293791302723,0.5335737319101223,0.9406351875841206,FLAT,DOWN,UP,UP,UP
2023-07-24,19748.45,19782.15,19659.6,19665.4,25,19748.45,19718.55,19755.0,19705.2,19716.55,19755.0,19705.2,19748.55,19755.0,19705.2,19780.9,-0.16404713637903598,-0.42053933346667344,-0.5838965871118098,-0.1514042874250964,-0.16153166451038664,0.0005063688542571433,0.2521716894237232,0.620555030901174,DOWN,DOWN,DOWN,DOWN,FLAT
2023-07-25,19729.35,19729.35,19616.65,19678.85,25,19729.35,19676.25,19729.35,19674.3,19688.2,19729.35,19674.3,19678.05,19729.35,19663.55,19665.4,0.32519043599416786,-0.25596383053673843,0.06839423556091963,-0.2691421663663453,-0.20857250745715306,-0.260018703099693,0.2790259182385597,0.5712301723067262,DOWN,FLAT,DOWN,DOWN,DOWN
2023-07-26,19733.35,19825.1,19716.75,19773.1,25,19733.35,19753.9,19762.25,19716.75,19762.9,19765.7,19716.75,19815.7,19819.1,19716.75,19678.85,0.2769470777001705,0.20143564067935754,0.4789405884998362,0.10413842555877695,0.14974649514655602,0.41731383672818956,0.23057412958266085,0.5490704822039773,UP,UP,UP,UP,UP
2023-07-27,19850.9,19867.5,19603.85,19700.2,25,19850.9,19844.4,19863.65,19825.05,19855.65,19867.5,19825.05,19806.65,19867.5,19798.8,19773.1,0.3934638473481797,-0.759159534328422,-0.3686827052915214,-0.032744107320071124,0.023928386118513514,-0.2229118075250996,0.19444962193151033,1.3281513684518154,DOWN,DOWN,FLAT,FLAT,DOWN
2023-07-28,19659.75,19692.05,19563.6,19638.0,25,19659.75,19609.8,19692.05,19599.45,19636.2,19692.05,19599.45,19618.5,19692.05,19599.45,19700.2,-0.2053278646917327,-0.11063212909624995,-0.31573283519964634,-0.2540724068210467,-0.11978789150421176,-0.20981955518254303,0.4710131105431074,0.6533653785017649,DOWN,DOWN,DOWN,DOWN,DOWN
2023-07-31,19666.35,19772.25,19599.15,19740.75,25,19666.35,19632.1,19676.05,19599.15,19644.3,19676.05,19599.15,19672.95,19676.05,19599.15,19638.0,0.14436296975251323,0.3783111761969123,0.5232202871982891,-0.17415534656913967,-0.11212044939706287,0.03355986240457524,0.3910232452895317,0.8801836639742431,UP,UP,DOWN,DOWN,FLAT
2023-08-01,19784.0,19793.7,19704.85,19736.1,25,19784.0,19769.5,19793.7,19750.9,19765.65,19793.7,19750.9,19779.55,19793.7,19750.9,19740.75,0.21908995352253588,-0.24211484027497704,-0.023555336043470765,-0.07329154872624342,-0.09275171856044553,-0.02249292357460942,0.21633643348159762,0.4491002830570268,DOWN,FLAT,FLAT,FLAT,FLAT
2023-08-02,19655.4,19678.25,19424.7,19514.8,25,19655.4,19628.35,19678.25,19623.25,19620.8,19678.25,19620.7,19610.7,19678.25,19609.1,19736.1,-0.40889537446606516,-0.715325050622232,-1.1212954940439057,-0.13762121350877066,-0.17603304944189474,-0.2274184193656742,0.2798213213671561,1.2899762915025859,DOWN,DOWN,DOWN,DOWN,DOWN
2023-08-03,19463.75,19536.8,19297.85,19394.45,25,19463.75,19521.45,19527.05,19439.25,19496.4,19536.65,19439.25,19479.8,19536.8,19439.25,19514.8,-0.2615963268903564,-0.3560464966925658,-0.6167114190255526,0.29644852610622685,0.1677477361762325,0.08246098516472557,0.4510949842656183,1.2276668165178897,DOWN,DOWN,UP,UP,FLAT
2023-08-04,19462.8,19538.45,19436.45,19510.05,25,19462.8,19480.85,19493.15,19450.9,19443.25,19498.1,19442.05,19478.4,19498.1,19436.45,19394.45,0.3524204089314136,0.24277082434182135,0.5960468072051466,0.0927410239020042,-0.10044803419856996,0.08015290708429508,0.21708079001993547,0.5240767001664715,UP,UP,FLAT,DOWN,FLAT
2023-08-07,19576.85,19619.85,19525.55,19597.95,25,19576.85,19553.55,19582.45,19541.05,19557.35,19582.45,19525.55,19565.35,19582.45,19525.55,19510.05,0.3423876412413053,0.10778036303083582,0.45053703091484365,-0.11901812600085956,-0.09960744450716025,-0.05874285188883809,0.2114742667998246,0.4816913854884686,UP,UP,DOWN,FLAT,FLAT
2023-08-08,19627.2,19634.4,19533.45,19570.8,25,19627.2,19602.45,19634.4,19591.4,19592.85,19634.4,19578.9,19590.5,19634.4,19576.6,19597.95,0.1492503042410048,-0.2873563218390879,-0.13853489778268366,-0.12610051357300073,-0.17501222792860002,-0.18698540800522095,0.21908372055107198,0.5143372462704855,DOWN,DOWN,DOWN,DOWN,DOWN
2023-08-09,19578.8,19645.2,19468.25,19630.95,25,19578.8,19523.75,19581.8,19522.3,19505.25,19581.8,19501.85,19508.8,19581.8,19496.65,19570.8,0.04087722525394976,0.2663595317384184,0.3073456373781422,-0.28117147118311275,-0.3756614297096823,-0.35752957280323616,0.30390013688275075,0.9037836843933271,UP,UP,DOWN,DOWN,DOWN
2023-08-10,19605.55,19621.95,19496.3,19549.2,25,19605.55,19585.0,19615.5,19568.35,19590.45,19615.5,19568.35,19617.8,19621.95,19568.35,19630.95,-0.12938752327320613,-0.28741861360685395,-0.41643425305448795,-0.10481725837836364,-0.07701900737290483,0.062482307305839424,0.24049312567105463,0.6408899520799032,DOWN,DOWN,DOWN,FLAT,FLAT
2023-08-11,19554.25,19557.6,19413.8,19424.25,25,19554.25,19490.45,19557.6,19479.35,19476.35,19557.6,19465.6,19459.6,19557.6,19453.35,19549.2,0.0258322591205741,-0.664817111369651,-0.639156589527964,-0.326271782349102,-0.39837886904382147,-0.4840379968549111,0.40016876126673223,0.7353900047304257,DOWN,DOWN,DOWN,DOWN,DOWN
2023-08-14,19383.95,19465.3,19258.2,19413.65,25,19383.95,19289.0,19392.0,19269.75,19304.95,19392.0,19258.2,19319.8,19392.0,19258.2,19424.25,-0.20747261799039485,0.1532195450359742,-0.054570961555779736,-0.4898382424634851,-0.4075536719812009,-0.3309438994632232,0.6306764101228077,1.0684096894595712,UP,FLAT,DOWN,DOWN,DOWN
2023-08-16,19369.0,19482.1,19319.25,19447.0,25,19369.0,19364.4,19389.6,19319.25,19367.9,19389.6,19319.25,19377.95,19389.6,19319.25,19413.65,-0.22999281433425167,0.4027053539160514,0.1717863462048535,-0.023749290102733984,-0.005679178068039366,0.04620785791729427,0.36320925189735426,0.8407764985285692,UP,UP,FLAT,FLAT,FLAT
2023-08-17,19450.55,19461.55,19326.65,19346.2,25,19450.55,19412.1,19461.55,19410.0,19405.35,19461.55,19388.85,19399.3,19461.55,19377.55,19447.0,0.01825474366225779,-0.5364886854099167,-0.5183318763819574,-0.19768078537625275,-0.2323841742264395,-0.26348869312178835,0.2650310659595707,0.6935536527244619,DOWN,DOWN,DOWN,DOWN,DOWN
2023-08-18,19301.75,19373.45,19253.6,19281.5,25,19301.75,19326.25,19329.65,19279.45,19283.95,19329.65,19279.45,19266.35,19329.65,19258.55,19346.2,-0.2297608832742385,-0.10491276697708757,-0.33443260175125206,0.126931495848822,-0.09221961739220161,-0.18340305930810138,0.2600800445555493,0.6209281541829221,DOWN,DOWN,UP,FLAT,DOWN
2023-08-21,19320.65,19425.4,19296.55,19380.15,25,19320.65,19362.6,19363.65,19305.75,19352.35,19367.55,19305.75,19303.85,19367.55,19296.55,19281.5,0.20304436895470504,0.3079606534976825,0.5116303192179107,0.21712520023910734,0.16407315488866622,-0.08695359628171365,0.29967935861371875,0.6669030286248245,UP,UP,UP,UP,FLAT
2023-08-22,19417.1,19443.05,19382.2,19390.05,25,19417.1,19428.25,19428.55,19390.05,19439.9,19440.85,19390.05,19400.6,19443.05,19382.2,19380.15,0.19065899902734026,-0.13931019565228214,0.051083195950484474,0.057423611146883186,0.11742227212098054,-0.08497664429806717,0.19827883669549007,0.3133835639719554,DOWN,FLAT,FLAT,UP,FLAT
2023-08-23,19439.2,19471.45,19366.85,19442.3,25,19439.2,19393.85,19441.7,19393.85,19407.25,19441.7,19387.2,19388.3,19441.7,19366.85,19390.05,0.25348052222661344,0.015947158319264913,0.2694681034860663,-0.23329149347710906,-0.16435861558089182,-0.261842051113222,0.24615210502490933,0.5380879871599766,FLAT,UP,DOWN,DOWN,DOWN
2023-08-24,19535.15,19584.0,19369.35,19380.4,25,19535.15,19551.95,19553.65,19510.15,19567.45,19567.65,19510.15,19562.1,19584.0,19510.15,19442.3,0.47756695452699627,-0.7921618211275572,-0.31837796968464543,0.08599882775407033,0.16534298431288866,0.13795645285547892,0.22267553614894178,1.0987885938935789,DOWN,DOWN,FLAT,UP,UP
2023-08-25,19297.4,19338.85,19230.65,19244.3,25,19297.4,19326.2,19326.5,19261.7,19316.75,19331.75,19261.7,19304.5,19338.85,19261.7,19380.4,-0.42826773441208643,-0.27516660275478655,-0.7022558873913963,0.14924290318902686,0.10027257558012242,0.03679252127228821,0.33579653217531513,0.5606972960087736,DOWN,DOWN,UP,UP,FLAT
2023-08-28,19298.35,19366.8,19250.25,19302.65,25,19298.35,19269.6,19326.7,19257.85,19298.0,19326.7,19250.25,19291.6,19326.7,19250.25,19244.3,0.28086238522575135,0.022281697658105025,0.30320666379136774,-0.14897646690001995,-0.0018136265535579198,-0.03497708353304817,0.3567662520371026,0.6039376423372945,FLAT,UP,DOWN,FLAT,FLAT
2023-08-29,19374.85,19377.9,19309.95,19352.95,25,19374.85,19323.6,19377.9,19323.2,19349.45,19377.9,19321.05,19340.25,19377.9,19321.05,19302.65,0.3740419061631283,-0.11303313315972933,0.26058598171753244,-0.2645181769149181,-0.13109778914416276,-0.1785820277318201,0.2823247663852919,0.3507123926120756,DOWN,UP,DOWN,DOWN,DOWN
2023-08-30,19433.45,19451.95,19334.85,19342.0,25,19433.45,19434.1,19437.05,19412.65,19422.6,19440.1,19412.65,19440.55,19443.15,19412.65,19352.95,0.4159572571623448,-0.4705803652979822,-0.0565805213158755,0.003344748359132409,-0.05583156876417817,0.03653494361525383,0.1255567076355347,0.6025692813165041,DOWN,FLAT,FLAT,FLAT,FLAT
2023-08-31,19375.55,19388.0,19224.6,19279.55,25,19375.55,19319.85,19382.7,19319.85,19367.75,19382.7,19318.4,19347.3,19388.0,19318.4,19342.0,0.17345672629510533,-0.49546980601840984,-0.32287250542860474,-0.2874757103669353,-0.04025692173899204,-0.1458023127085425,0.3243778886276889,0.8433308989938425,DOWN,DOWN,DOWN,FLAT,DOWN
2023-09-01,19258.15,19458.5,19255.7,19423.35,25,19258.15,19293.3,19302.95,19255.7,19317.6,19318.45,19255.7,19304.5,19333.5,19255.7,19279.55,-0.11099844135365097,0.8578186378234518,0.7458680311521756,0.18252012784196722,0.30870047226757025,0.24067732362661282,0.24535066971645766,1.0530606522433321,UP,UP,UP,UP,UP
2023-09-04,19525.05,19543.75,19433.15,19534.8,25,19525.05,19515.0,19526.8,19435.3,19468.75,19526.8,19435.3,19458.05,19526.8,19435.3,19423.35,0.5235965989389098,0.049935851636743564,0.5737939129964745,-0.05147233937940887,-0.2883475330408848,-0.34314892919608403,0.468628761514055,0.5664518144639761,FLAT,UP,FLAT,DOWN,DOWN
2023-09-05,19564.65,19586.9,19526.7,19577.65,25,19564.65,19550.2,19567.95,19528.8,19568.4,19569.35,19528.8,19580.75,19583.15,19528.8,19534.8,0.1528042263038382,0.06644637138921472,0.2193521305567612,-0.0738576974287847,0.01916722251611963,0.08229127533586619,0.2001058030682964,0.3076978121254442,FLAT,UP,FLAT,FLAT,FLAT
2023-09-06,19581.2,19636.05,19491.8,19618.9,25,19581.2,19577.25,19599.0,19563.3,19592.6,19604.1,19563.3,19573.25,19604.1,19557.4,19577.65,0.018132921979907048,0.19253161195432725,0.21069944554121664,-0.020172410271080052,0.058219108124107896,-0.040600167507613055,0.18231773333606074,0.7366759953424713,UP,UP,FLAT,FLAT,FLAT
2023-09-07,19598.65,19736.9,19550.25,19723.25,25,19598.65,19569.25,19611.1,19555.95,19563.85,19611.1,19550.25,19592.4,19611.1,19550.25,19618.9,-0.10321679604870812,0.6357580751735376,0.5318850700090144,-0.15001033234432704,-0.17756325053002583,-0.03188995160380945,0.2813969329520034,0.9523615146961727,UP,UP,DOWN,DOWN,FLAT
2023-09-08,19774.8,19866.75,19727.05,19820.5,25,19774.8,19781.15,19781.15,19727.05,19776.35,19792.55,19727.05,19777.8,19792.55,19727.05,19723.25,0.26136666117399143,0.23110221089467772,0.4930728962011839,0.03211157634970863,0.007838258794016994,0.015170823472298076,0.2735805166171197,0.7064546796933507,UP,UP,FLAT,FLAT,FLAT
2023-09-11,19890.0,20007.7,19873.7,20000.0,25,19890.0,19893.55,19914.55,19873.7,19897.25,19914.55,19873.7,19929.0,19939.0,19873.7,19820.5,0.35064705733962315,0.5530417295123178,0.9056280114023361,0.01784816490698478,0.03645047762694822,0.19607843137254902,0.2053795877325216,0.6737053795877326,UP,UP,FLAT,FLAT,UP
2023-09-12,20110.15,20110.35,19914.8,19985.65,25,20110.15,20055.55,20110.35,20050.8,20036.9,20110.35,20011.5,19969.75,20110.35,19914.8,20000.0,0.5507500000000073,-0.6190903598431637,-0.07174999999999272,-0.27150468793122967,-0.36424392657439153,-0.6981549118231413,0.2961191239249795,0.9723945370869896,DOWN,FLAT,DOWN,DOWN,DOWN
2023-09-13,19989.5,20096.05,19945.5,20063.35,25,19989.5,20012.55,20021.15,19945.5,19972.45,20021.15,19945.5,19978.1,20021.15,19945.5,19985.65,0.019263821792128575,0.3694439580779837,0.38877894889581815,0.1153105380324634,-0.08529477975937004,-0.05702994071888469,0.3784486855599263,0.7531454013356976,UP,UP,UP,FLAT,FLAT
2023-09-14,20127.95,20167.0,20044.7,20101.85,25,20127.95,20148.15,20153.4,20110.2,20156.25,20166.6,20110.2,20111.85,20167.0,20096.7,20063.35,0.32198012794474595,-0.12967043340231957,0.1918921815150511,0.10035795995121573,0.14060050824847672,-0.0799882750106304,0.2146269242521008,0.6076127971303549,DOWN,UP,UP,UP,FLAT
2023-09-15,20156.45,20221.25,20130.0,20169.0,25,20156.45,20157.9,20173.15,20149.65,20156.45,20173.15,20136.9,20160.85,20173.15,20130.0,20101.85,0.2716167914893514,0.062262948088573494,0.3340488561998098,0.007193727069998574,0.0,0.021829240764111822,0.11658799044474598,0.4527086863014072,FLAT,UP,FLAT,FLAT,FLAT
2023-09-18,20155.95,20194.35,20117.8,20123.65,25,20155.95,20151.4,20161.3,20123.35,20173.75,20175.85,20123.35,20178.65,20187.8,20123.35,20169.0,-0.06470325747433821,-0.16025044713843442,-0.22485001735335686,-0.022573979395658715,0.08831139192148856,0.11262183127067057,0.18828187210228606,0.37978859840394164,DOWN,DOWN,FLAT,FLAT,UP
2023-09-20,19980.75,20049.5,19879.55,19909.55,25,19980.75,20031.05,20049.5,19968.9,20004.5,20049.5,19968.9,19969.35,20049.5,19962.8,20123.65,-0.7101097464923185,-0.35634298011836757,-1.0639223003779243,0.2517423019656383,0.11886440699172955,-0.05705491535603747,0.40338826120139903,0.8505686723471378,DOWN,DOWN,UP,UP,FLAT
2023-09-21,19840.55,19848.75,19711.0,19748.85,25,19840.55,19820.9,19848.75,19802.6,19808.15,19848.75,19802.6,19749.0,19848.75,19739.7,19909.55,-0.3465673508441929,-0.46218476806338904,-0.8071503374008993,-0.09903959315642871,-0.16330192459381326,-0.4614287406347066,0.23260443888905025,0.6942851886666448,DOWN,DOWN,FLAT,DOWN,DOWN
2023-09-22,19744.85,19798.2,19658.5,19684.6,25,19744.85,19756.65,19791.35,19729.2,19736.65,19791.35,19721.95,19684.2,19791.35,19665.45,19748.85,-0.020254343923823415,-0.30514286003692104,-0.3253353992764136,0.059762419061187656,-0.041529816635715595,-0.30716870475084807,0.3147656224281158,0.707526266342873,DOWN,DOWN,FLAT,FLAT,DOWN
2023-09-25,19678.2,19733.9,19602.05,19674.85,25,19678.2,19655.5,19703.15,19635.5,19685.9,19703.15,19635.5,19619.0,19703.15,19618.25,19684.6,-0.03251272568402618,-0.017023914788965366,-0.049531105534275525,-0.11535607931620132,0.03912959518655531,-0.3008405240316733,0.3437814434247109,0.6700307954995994,FLAT,FLAT,DOWN,FLAT,DOWN
2023-09-26,19682.8,19698.8,19637.85,19673.6,25,19682.8,19664.7,19697.3,19659.35,19680.35,19697.3,19650.1,19692.3,19698.8,19650.1,19674.85,0.040406915427567316,-0.04674131729225887,-0.006353288589239563,-0.09195846119453811,-0.012447416018049908,0.04826549068222001,0.19280793383055628,0.3096612270611942,FLAT,FLAT,FLAT,FLAT,FLAT
2023-09-27,19637.05,19730.45,19554.55,19727.65,25,19637.05,19608.65,19647.0,19604.85,19609.05,19647.0,19597.45,19562.25,19647.0,19559.15,19673.6,-0.18578196161352917,0.4613727622020731,0.27473365322057436,-0.14462457446509439,-0.1425876086275688,-0.3809126116193587,0.2146452751304369,0.89575572705677,UP,UP,DOWN,DOWN,DOWN
2023-09-28,19761.8,19766.15,19493.1,19553.3,25,19761.8,19732.3,19766.15,19726.05,19686.95,19766.15,19686.95,19732.2,19766.15,19674.7,19727.65,0.17310728850115353,-1.0550658340839398,-0.883784941440071,-0.1492778997864567,-0.37876104403444294,-0.14978392656538647,0.20291673835380475,1.3817061198878793,DOWN,DOWN,DOWN,DOWN,DOWN
2023-09-29,19581.2,19725.95,19551.3,19638.2,25,19581.2,19565.35,19599.6,19557.55,19579.95,19599.6,19551.3,19596.75,19607.75,19551.3,19553.3,0.1426869121836286,0.29109554062059523,0.43419780804263963,-0.08094498804977317,-0.006383674136416563,0.07941290625701833,0.21474679794904944,0.8919269503401295,UP,UP,FLAT,FLAT,FLAT
2023-10-03,19622.4,19623.2,19480.1,19522.95,25,19622.4,19530.8,19623.2,19522.05,19525.65,19623.2,19498.4,19488.65,19623.2,19480.1,19638.2,-0.08045543888950756,-0.5068187377690838,-0.5868664134187451,-0.46681343770385975,-0.4930589530332681,-0.6816189660795825,0.5154823059360805,0.7292685909980542,DOWN,DOWN,DOWN,DOWN,DOWN
2023-10-04,19446.3,19455.35,19334.55,19446.15,25,19446.3,19396.9,19455.35,19376.9,19394.2,19455.35,19375.7,19392.95,19455.35,19375.7,19522.95,-0.39261484560479565,-0.0007713549621152467,-0.3933831721128173,-0.2540329008603067,-0.2679172901785869,-0.2743452481963075,0.4034186451921296,0.6211978628325145,FLAT,DOWN,DOWN,DOWN,DOWN
2023-10-05,19521.85,19576.45,19487.95,19546.6,25,19521.85,19522.45,19544.45,19510.85,19543.75,19546.3,19510.85,19525.05,19547.55,19510.85,19446.15,0.3892801402848229,0.1267810171679426,0.5165546907742514,0.0030734792040825174,0.11218199094861121,0.01639188908838418,0.17211483542800599,0.45333818260052205,UP,UP,FLAT,UP,FLAT
2023-10-06,19621.2,19674.9,19589.7,19649.9,25,19621.2,19611.85,19624.0,19599.4,19592.2,19624.0,19590.85,19603.45,19624.0,19589.7,19546.6,0.3816520520192882,0.14627036063034232,0.5284806564824722,-0.047652539090382764,-0.1477993191038265,-0.09046337634803173,0.1253745948259971,0.43422420647055593,UP,UP,FLAT,DOWN,FLAT
2023-10-09,19539.45,19588.6,19480.9,19497.5,25,19539.45,19507.55,19551.4,19480.9,19550.05,19552.85,19480.9,19574.7,19587.35,19480.9,19649.9,-0.5620893745006372,-0.21469386292859177,-0.7755764660380025,-0.16325945714951778,0.054249224005785954,0.18040425907586957,0.36080851815173914,0.5511925873041312,DOWN,DOWN,DOWN,FLAT,UP
2023-10-10,19565.6,19717.1,19565.6,19691.5,25,19565.6,19591.65,19606.95,19565.6,19595.2,19606.95,19565.6,19617.7,19619.1,19565.6,19497.5,0.3492755481471909,0.6434763053522583,0.9949993588921657,0.13314184078179514,0.15128593040848318,0.2662836815635717,0.21134031156725164,0.7743181911109295,UP,UP,UP,UP,UP
2023-10-11,19767.0,19838.9,19760.5,19808.5,25,19767.0,19800.55,19805.4,19760.5,19809.0,19822.15,19760.5,19810.4,19831.5,19760.5,19691.5,0.38341416347154866,0.20994586937825668,0.5941649950486251,0.16972732331663518,0.2124753376840188,0.21955784894016014,0.22714625385744652,0.39662063034350914,UP,UP,UP,UP,UP
2023-10-12,19822.7,19841.8,19773.65,19782.9,25,19822.7,19821.15,19841.8,19800.85,19813.35,19841.8,19799.45,19794.95,19841.8,19773.65,19808.5,0.0716863972537079,-0.20077991393704828,-0.12923744857005096,-0.007819318256338805,-0.04716814561085111,-0.13999102039580882,0.20658134361111616,0.34379776720627264,DOWN,DOWN,FLAT,FLAT,DOWN
2023-10-13,19654.55,19804.9,19648.7,19733.75,25,19654.55,19724.7,19734.15,19648.7,19708.4,19736.25,19648.7,19692.55,19736.25,19648.7,19782.9,-0.6487926441522839,0.4029601288251358,-0.24844689100183218,0.3569148110742879,0.27398236031861417,0.19333945574943207,0.4347593814155029,0.7947269207384586,UP,DOWN,UP,UP,UP
2023-10-16,19737.25,19781.2,19691.95,19730.95,25,19737.25,19721.8,19743.25,19691.95,19715.3,19743.25,19691.95,19749.3,19754.0,19691.95,19733.75,0.017736111990878572,-0.03191934033362941,-0.01418888959269917,-0.07827838224677058,-0.11121103497194759,0.061052071590516774,0.2599146284310087,0.452190654726469,FLAT,FLAT,FLAT,DOWN,FLAT
2023-10-17,19843.2,19849.75,19775.85,19818.35,25,19843.2,19817.85,19849.75,19810.2,19827.0,19849.75,19810.2,19821.35,19849.75,19810.2,19730.95,0.5689031698929854,-0.12523181744880957,0.4429589046649949,-0.127751572327055,-0.08164005805515606,-0.11011328817933691,0.19931261086921095,0.372419771004684,DOWN,UP,DOWN,FLAT,DOWN
2023-10-18,19820.45,19840.2,19660.6,19668.45,25,19820.45,19791.2,19824.45,19775.35,19816.25,19824.45,19775.35,19832.7,19840.2,19775.35,19818.35,0.010596240353017193,-0.7668847074612333,-0.7563697280550491,-0.14757485324500705,-0.021190235337748272,0.061804853068421754,0.24772394168650147,0.9061348253949945,DOWN,DOWN,DOWN,FLAT,FLAT
2023-10-19,19545.2,19681.75,19513.35,19611.9,25,19545.2,19553.5,19568.7,19534.6,19542.6,19568.7,19513.35,19575.4,19592.85,19513.35,19668.45,-0.6266380929864834,0.3412602582731347,-0.28751630148791224,0.04246566932034092,-0.013302498823251655,0.15451364017764324,0.17446738841251141,0.8615926160898913,UP,DOWN,FLAT,FLAT,UP
2023-10-20,19542.15,19593.65,19520.0,19541.75,25,19542.15,19576.7,19585.95,19520.0,19561.95,19593.65,19520.0,19570.6,19593.65,19520.0,19611.9,-0.3556514157220871,-0.0020468576896680007,-0.35769099373340396,0.17679733294442662,0.10131945563819371,0.14558275317709202,0.3374756615827876,0.37687767210875694,FLAT,DOWN,UP,UP,UP
2023-10-23,19521.6,19556.35,19257.95,19278.45,25,19521.6,19546.45,19556.35,19519.15,19539.0,19556.35,19519.15,19484.85,19556.35,19482.55,19541.75,-0.10311256668415805,-1.2455433980821133,-1.3473716529993438,0.1272948938611701,0.08913203835751914,-0.18825301204819278,0.19055815097121698,1.5285632325219134,DOWN,DOWN,UP,FLAT,DOWN
2023-10-25,19286.45,19346.7,19075.1,19125.65,25,19286.45,19281.25,19335.55,19260.5,19326.25,19335.55,19260.5,19315.3,19346.7,19260.5,19278.45,0.04149711206035755,-0.8337459719129195,-0.7925948403528255,-0.026961934415098306,0.2063624980232198,0.14958688612989193,0.3891333034332356,1.408242574449949,DOWN,DOWN,FLAT,UP,UP
2023-10-26,19027.25,19041.7,18839.45,18848.5,25,19027.25,18962.95,19041.7,18961.35,18932.05,19041.7,18927.05,18914.2,19041.7,18908.75,19125.65,-0.5144923179081571,-0.9394421159127041,-1.4491010763032965,-0.33793638071712556,-0.5003350457895951,-0.5941478668751358,0.4222890853907011,1.0629491912914373,DOWN,DOWN,DOWN,DOWN,DOWN
2023-10-27,18928.75,19075.7,18926.65,19060.5,25,18928.75,18968.1,18987.8,18926.65,18992.1,19002.85,18926.65,18992.15,19029.7,18926.65,18848.5,0.42576332334138,0.6960311695172687,1.1247579382974773,0.20788483127516894,0.3346760879614266,0.33494023641287174,0.3230535560985159,0.7874265337119423,UP,UP,UP,UP,UP
2023-10-30,19053.4,19157.35,18940.15,19148.85,25,19053.4,19013.55,19079.35,18998.05,18946.5,19079.35,18941.55,19010.9,19079.35,18940.15,19060.5,-0.03724980981610422,0.5009604585008297,0.46352404186668006,-0.20914902327144858,-0.5610547198925202,-0.22305730210880997,0.42669549791637856,1.1399540239537147,UP,UP,DOWN,DOWN,DOWN
2023-10-31,19232.95,19233.7,19056.65,19086.55,25,19232.95,19159.6,19233.7,19146.8,19164.9,19233.7,19110.9,19103.35,19233.7,19094.85,19148.85,0.43919086524779394,-0.7611936806366233,-0.32534590850102896,-0.38137675187634856,-0.35381987682596416,-0.6738435861373434,0.4518287626183266,0.9205556089939363,DOWN,DOWN,DOWN,DOWN,DOWN
2023-11-01,19064.05,19095.95,18974.2,18990.4,25,19064.05,19070.65,19091.85,19033.2,19078.35,19095.95,19033.2,19044.1,19095.95,19020.4,19086.55,-0.117884059717445,-0.3863292427369726,-0.5037578818592037,0.03462013580536236,0.07501029424492316,-0.10464722868435998,0.30764711590662963,0.6386365961062839,DOWN,DOWN,FLAT,FLAT,DOWN
2023-11-02,19120.0,19174.95,19065.85,19144.85,25,19120.0,19158.1,19168.55,19113.45,19165.05,19174.95,19113.45,19124.6,19174.95,19113.45,18990.4,0.6824500800404338,0.1299686192468543,0.8133056702333656,0.19926778242677062,0.23561715481171167,0.02405857740585013,0.288179916317984,0.5706066945606809,UP,UP,UP,UP,FLAT
2023-11-03,19241.0,19275.8,19211.4,19226.85,25,19241.0,19248.55,19257.75,19235.1,19250.2,19264.9,19235.1,19264.9,19270.7,19230.95,19144.85,0.5022238356529378,-0.07354087625384052,0.4283136195896025,0.03923912478561027,0.04781456265267256,0.12421391819552755,0.11771737435684973,0.3347019385686701,FLAT,UP,FLAT,FLAT,UP
2023-11-06,19345.85,19421.55,19310.75,19411.85,25,19345.85,19341.2,19356.4,19313.15,19339.5,19356.4,19313.15,19354.85,19356.4,19313.15,19226.85,0.6189261371467506,0.3411584396653546,0.962196095564276,-0.02403616279459325,-0.03282357714961372,0.04652160540891199,0.22356215932616041,0.5727326532563795,UP,UP,FLAT,FLAT,FLAT
2023-11-07,19404.05,19422.55,19329.75,19417.2,25,19404.05,19370.25,19409.5,19349.45,19366.5,19409.5,19349.45,19366.2,19409.5,19347.8,19411.85,-0.040181641626116385,0.06776935742796712,0.02756048496151672,-0.17419043962471378,-0.1935163020091129,-0.1950623709998611,0.3094714763155077,0.4782506744725935,FLAT,FLAT,DOWN,DOWN,DOWN
2023-11-08,19449.6,19464.3,19401.65,19436.45,25,19449.6,19434.6,19453.6,19403.85,19425.35,19453.6,19403.85,19427.2,19453.6,19403.85,19417.2,0.16686236944563487,-0.06761064494898515,0.09913890777249036,-0.07712240868706811,-0.12468122737742679,-0.11516946363934384,0.2557893221454426,0.32211459361630995,FLAT,FLAT,FLAT,DOWN,DOWN
2023-11-09,19457.4,19463.9,19381.4,19404.0,25,19457.4,19440.85,19463.9,19409.85,19427.45,19463.9,19409.85,19447.65,19463.9,19403.65,19436.45,0.10778717306915989,-0.2744457121712123,-0.16695435637681125,-0.08505761304183966,-0.15392601272523937,-0.05010946991889975,0.2777863434991464,0.42400320700607474,DOWN,DOWN,FLAT,DOWN,FLAT
2023-11-10,19351.85,19450.8,19331.25,19443.45,25,19351.85,19352.95,19361.55,19331.25,19352.0,19361.55,19331.25,19349.1,19361.55,19331.25,19404.0,-0.26875901875902625,0.4733397582143422,0.20330859616574276,0.005684211070270712,0.0007751196914065333,-0.014210527675648583,0.15657417766259699,0.6177703940450101,UP,UP,FLAT,FLAT,FLAT
2023-11-13,19486.75,19491.8,19415.15,19440.15,25,19486.75,19448.65,19491.8,19443.45,19444.85,19491.8,19441.8,19469.45,19491.8,19441.8,19443.45,0.22269710365186873,-0.2391368493976602,-0.016972296583164365,-0.19551746699679803,-0.21501789677602196,-0.08877827241586858,0.2481173104801906,0.39334419541482196,DOWN,FLAT,DOWN,DOWN,FLAT
2023-11-15,19651.4,19691.2,19580.45,19676.8,25,19651.4,19628.65,19653.35,19580.45,19623.8,19653.35,19580.45,19630.5,19653.35,19580.45,19440.15,1.0866685699441618,0.12925287765756036,1.2173259979989752,-0.11576783333502956,-0.14044800879327773,-0.10635374578911148,0.3709659362691605,0.5635730787628362,UP,UP,DOWN,DOWN,DOWN
2023-11-16,19674.7,19874.75,19627.6,19761.15,25,19674.7,19642.25,19678.75,19627.6,19696.6,19699.3,19627.6,19713.75,19720.05,19627.6,19676.8,-0.010672467067808509,0.43939678876933685,0.4286774272239499,-0.16493262921417215,0.11131046470847239,0.19847824871535155,0.2599785511342051,1.2561817969270255,UP,UP,DOWN,UP,UP
2023-11-17,19674.75,19805.75,19669.6,19719.7,25,19674.75,19761.85,19768.85,19669.6,19779.25,19779.4,19669.6,19778.7,19805.75,19669.6,19761.15,-0.43722151797846504,0.22846541887444938,-0.20975499907647444,0.4426993989758373,0.5311376256369205,0.5283421644493613,0.5044536779374579,0.6920037103394018,UP,DOWN,UP,UP,UP
2023-11-20,19731.15,19755.55,19671.2,19693.65,25,19731.15,19732.0,19752.15,19716.75,19717.2,19752.15,19707.75,19714.8,19752.15,19701.6,19719.7,0.058063763647523685,-0.19005481180772535,-0.13210140113693042,0.0043079090676343985,-0.0707003899924775,-0.08286389794817932,0.1794117423465001,0.4274966233595028,DOWN,DOWN,FLAT,FLAT,FLAT
2023-11-21,19770.9,19828.2,19754.6,19780.8,25,19770.9,19777.35,19785.35,19754.6,19788.35,19789.65,19754.6,19766.95,19789.65,19754.6,19693.65,0.3922584183226573,0.05007359300789452,0.4425284292144819,0.0326237045354389,0.0882610300997784,-0.01997885781628923,0.15553161464576726,0.372264287412319,FLAT,UP,FLAT,FLAT,FLAT
2023-11-22,19784.0,19825.35,19705.05,19810.6,25,19784.0,19789.2,19808.05,19768.4,19805.1,19812.7,19768.4,19816.05,19823.3,19768.4,19780.8,0.01617730324355298,0.13445208249089438,0.15065113645554917,0.02628386575010477,0.10665183987059515,0.16199959563283095,0.20041447634450976,0.6080671249494505,UP,UP,FLAT,UP,UP
2023-11-23,19828.45,19874.55,19787.65,19811.0,25,19828.45,19858.65,19866.1,19827.9,19867.85,19874.55,19827.9,19836.55,19874.55,19825.7,19810.6,0.09010327804307887,-0.08800486170124606,0.002019121076602704,0.15230640821648048,0.1987043868784389,0.04085039425672982,0.19265247661817786,0.43825916801362597,FLAT,FLAT,UP,UP,FLAT
2023-11-24,19809.6,19832.2,19769.15,19788.7,25,19809.6,19830.6,19832.0,19809.1,19813.7,19832.2,19809.1,19803.3,19832.2,19787.85,19811.0,-0.007066781081224851,-0.10550440190613551,-0.1125637272222466,0.10600920765689364,0.020697035780642633,-0.03180276229706442,0.1156005169210961,0.31828002584605075,DOWN,DOWN,UP,FLAT,FLAT
2023-11-28,19844.65,19916.3,19800.45,19908.45,25,19844.65,19825.4,19848.05,19807.7,19824.1,19848.05,19807.7,19811.15,19848.05,19807.35,19788.7,0.2827371176479543,0.32149722973193917,0.6051433393805555,-0.0970034744880862,-0.10355435847950409,-0.16881124131692923,0.20332936081008504,0.5837845464646569,UP,UP,FLAT,DOWN,DOWN
2023-11-29,19976.55,20104.1,19958.4,20096.2,25,19976.55,19985.1,19995.9,19958.4,20005.95,20007.9,19958.4,20014.2,20015.35,19958.4,19908.45,0.3420658062280014,0.598952271538386,0.9430668886829462,0.04280018321481573,0.14717255982640373,0.18847098222666805,0.18772010181938323,0.7293551689355624,UP,UP,FLAT,UP,UP
2023-11-30,20108.5,20157.35,20017.9,20127.2,25,20108.5,20111.85,20134.2,20101.75,20122.6,20134.2,20092.55,20047.35,20134.2,20017.9,20096.2,0.061205601058903034,0.0929954994156736,0.15425801892895175,0.016659621553067334,0.07011960116367975,-0.3041002561106072,0.16137454310366625,0.6934878285302091,FLAT,UP,FLAT,FLAT,DOWN
2023-12-01,20194.1,20290.6,20183.7,20255.75,25,20194.1,20226.25,20231.6,20183.7,20219.65,20237.6,20183.7,20258.65,20263.55,20183.7,20127.2,0.3323860248817412,0.3052871878420007,0.6386879446718832,0.15920491628743771,0.12652210299049182,0.31964781792703273,0.23719799347333043,0.5293625365824564,UP,UP,UP,UP,UP
2023-12-04,20601.95,20702.25,20508.65,20686.8,25,20601.95,20564.35,20602.5,20508.65,20569.9,20602.5,20508.65,20545.7,20602.5,20508.65,20255.75,1.709144317045781,0.4118542176832705,2.128037717685098,-0.18250699569701986,-0.15556779819385674,-0.27303240712650984,0.4555394028235121,0.9397168714611894,UP,UP,DOWN,DOWN,DOWN
2023-12-05,20808.9,20863.7,20711.15,20856.7,25,20808.9,20749.75,20813.1,20711.15,20776.7,20813.1,20711.15,20806.95,20813.1,20711.15,20686.8,0.5902314519403784,0.22970940318805547,0.8212966722741142,-0.284253372355105,-0.1547414808086959,-0.009370990297424312,0.48993459529334604,0.7330997794213018,UP,UP,DOWN,DOWN,FLAT
2023-12-06,20950.75,20961.45,20852.8,20935.9,25,20950.75,20933.8,20956.0,20910.6,20930.05,20956.0,20887.9,20898.8,20957.9,20887.9,20856.7,0.45093423216519996,-0.07088051740390461,0.37973409024438537,-0.0809040249155793,-0.0988031454721226,-0.24796248344331695,0.2166986862045581,0.5185971862582555,FLAT,UP,FLAT,FLAT,DOWN
2023-12-07,20932.4,20941.25,20851.45,20916.1,25,20932.4,20851.7,20941.25,20851.7,20879.0,20941.25,20851.45,20870.2,20941.25,20851.45,20935.9,-0.016717695441800927,-0.07786971393630406,-0.09457439135648771,-0.3855267432305934,-0.2551069155949698,-0.2971470065544358,0.42780569834323473,0.4290000191091287,FLAT,FLAT,DOWN,DOWN,DOWN
2023-12-08,20934.1,21005.75,20863.05,20972.1,25,20934.1,20958.8,20972.0,20932.55,20975.75,20976.2,20932.55,20992.05,21004.45,20932.55,20916.1,0.08605810834715842,0.18152201432113158,0.2677363370800484,0.11798930930873901,0.19895768148619455,0.2768210718397291,0.18844851223602033,0.6816629327269896,UP,UP,UP,UP,UP
2023-12-11,20965.3,21025.6,20923.7,21000.05,25,20965.3,20976.0,21017.3,20923.7,20978.95,21017.3,20923.7,21011.2,21017.3,20923.7,20972.1,-0.032424030020833744,0.16575007273924056,0.13327229986506228,0.051036713044891935,0.0651075825292338,0.21893318960378078,0.44645199448612016,0.4860412204928993,UP,UP,FLAT,FLAT,UP
2023-12-12,21018.55,21037.85,20867.65,20900.4,25,21018.55,21034.9,21035.4,21007.2,21021.55,21037.85,21007.2,21003.85,21037.85,20997.6,21000.05,0.08809502834517062,-0.562122506072007,-0.4745226797078951,0.07778842974421253,0.014273106375082962,-0.06993822123790998,0.13416719992578333,0.8097609016796928,DOWN,DOWN,FLAT,FLAT,FLAT
2023-12-13,20929.75,20949.15,20769.85,20937.45,25,20929.75,20913.75,20932.7,20878.3,20889.7,20932.7,20878.3,20850.7,20932.7,20820.9,20900.4,0.14042793439359313,0.03678973709671988,0.1772693345581868,-0.07644620695421589,-0.19135441178226817,-0.3776920412331694,0.259917103644341,0.8566753066806957,FLAT,UP,FLAT,DOWN,DOWN
2023-12-14,21110.4,21210.75,21081.1,21195.25,25,21110.4,21129.05,21130.85,21081.1,21137.3,21148.4,21081.1,21168.05,21187.15,21081.1,20937.45,0.8260318233595816,0.40193459148096927,1.231286522475274,0.0883450810974582,0.12742534485371104,0.27308814612701704,0.23566583295437318,0.6141522661816046,UP,UP,FLAT,UP,UP
2023-12-15,21287.45,21490.5,21235.5,21448.7,25,21287.45,21253.7,21298.15,21253.05,21245.55,21298.15,21235.5,21326.7,21329.3,21235.5,21195.25,0.4350031257003372,0.7574885672074391,1.1957867918519514,-0.15854411871783608,-0.19682958738600187,0.18438093806444641,0.21186191864221493,1.197888896979206,UP,UP,DOWN,DOWN,UP
2023-12-18,21434.8,21482.7,21365.85,21410.8,25,21434.8,21462.1,21471.6,21365.85,21436.15,21471.6,21365.85,21459.7,21471.6,21365.85,21448.7,-0.06480579242565496,-0.11196745479314014,-0.17670068582245757,0.1273629798271935,0.006298169332124316,0.11616623434788967,0.49335659768227375,0.5451415455241112,DOWN,DOWN,UP,FLAT,UP
2023-12-19,21477.65,21504.5,21338.5,21446.0,25,21477.65,21436.55,21480.0,21419.5,21373.7,21480.0,21372.6,21351.8,21480.0,21338.5,21410.8,0.31222560576906133,-0.14736249077530109,0.16440301156426068,-0.19136171787882836,-0.4839914981387662,-0.5859579609501141,0.2816881735199149,0.7728964761042292,DOWN,UP,DOWN,DOWN,DOWN
2023-12-20,21543.5,21592.1,21088.55,21101.5,25,21543.5,21564.2,21577.65,21529.8,21579.95,21592.1,21529.8,21555.95,21592.1,21529.8,21446.0,0.4546302340762846,-2.0516629145681993,-1.6063601604028723,0.09608466590851407,0.16919256388238088,0.05779005268410763,0.22210875670156746,2.3373639380787674,DOWN,DOWN,FLAT,UP,FLAT
2023-12-21,21033.95,21287.8,20979.8,21283.0,25,21033.95,21028.2,21089.55,20979.8,21065.95,21089.55,20979.8,21123.95,21138.4,20979.8,21101.5,-0.3201194227898456,1.1840381858851965,0.8601284268890838,-0.027336757955590842,0.15213500079633163,0.42787968973968277,0.5217755105436687,1.4642993826646922,UP,UP,FLAT,UP,UP
2023-12-22,21295.85,21389.9,21233.5,21332.35,25,21295.85,21255.5,21307.45,21248.95,21270.8,21307.45,21248.95,21350.65,21353.65,21248.95,21283.0,0.060376826575194026,0.17139489618869405,0.23187520556311866,-0.18947353592365906,-0.11762855204182635,0.25732713181208033,0.2747014089599617,0.7344153907921096,UP,UP,DOWN,DOWN,UP
2023-12-26,21365.2,21476.3,21329.6,21454.15,25,21365.2,21335.75,21388.65,21329.6,21367.7,21388.65,21329.6,21413.35,21425.95,21329.6,21332.35,0.1539914730444709,0.4163312302248551,0.5709638178634934,-0.13784097504353213,0.011701271226106005,0.2253664838147914,0.2763840263606374,0.6866305955479036,UP,UP,DOWN,FLAT,UP
2023-12-27,21497.65,21674.95,21495.8,21648.95,25,21497.65,21535.45,21536.2,21495.8,21556.0,21556.0,21495.8,21559.65,21567.05,21495.8,21454.15,0.20275797456436165,0.7037978569750613,0.9079828378192529,0.17583317246303326,0.27142501622269666,0.2884036162092135,0.18792751765891366,0.8333469007077585,UP,UP,UP,UP,UP
2023-12-28,21715.0,21798.6,21678.2,21773.7,25,21715.0,21731.95,21742.85,21700.7,21739.8,21744.65,21700.7,21697.4,21758.5,21678.2,21648.95,0.30509562819443564,0.27032005526134345,0.5762404181265143,0.07805664287359304,0.11420676951415737,-0.08104996546165574,0.19410545705732357,0.5544554455445444,UP,UP,FLAT,UP,FLAT
2023-12-29,21737.65,21762.4,21677.3,21728.3,25,21737.65,21732.7,21757.25,21706.25,21732.8,21762.4,21706.25,21683.3,21762.4,21682.85,21773.7,-0.16556671580851795,-0.04301292918048723,-0.208508429894788,-0.022771550742608917,-0.022311519414482166,-0.2500270268405379,0.2346159773480574,0.3914866602415724,FLAT,DOWN,FLAT,FLAT,DOWN
2024-01-01,21727.75,21832.4,21682.75,21689.45,25,21727.75,21700.8,21732.5,21685.5,21706.05,21732.5,21684.15,21709.65,21736.8,21684.15,21728.3,-0.0025312610742638515,-0.1762722785378112,-0.1787990777005037,-0.12403493228705562,-0.09987228314022727,-0.08330360943953491,0.2163132399811301,0.6887505609186476,DOWN,DOWN,DOWN,FLAT,FLAT
2024-01-02,21751.35,21755.6,21557.5,21661.5,25,21751.35,21731.9,21755.6,21699.6,21736.9,21755.6,21699.6,21661.75,21755.6,21627.4,21689.45,0.2853922068102133,-0.41307780896357493,-0.128864494028206,-0.08941973716572577,-0.06643265820281082,-0.4119284550154292,0.2574552843846474,0.9107480685106836,DOWN,DOWN,FLAT,FLAT,DOWN
2024-01-03,21661.1,21677.0,21501.5,21523.7,25,21661.1,21624.35,21677.0,21597.25,21561.05,21677.0,21560.0,21586.4,21677.0,21556.95,21661.5,-0.0018465941878515117,-0.6343168167821479,-0.6361516977125281,-0.16965897392099202,-0.46188790042979944,-0.3448578327046969,0.36817151483535004,0.810208161173717,DOWN,DOWN,DOWN,DOWN,DOWN
2024-01-04,21605.8,21684.8,21569.25,21669.6,25,21605.8,21619.65,21623.45,21569.25,21611.55,21624.3,21569.25,21631.5,21633.65,21569.25,21523.7,0.3814399940530603,0.2952910792472358,0.677857431575416,0.0641031574855001,0.02661322422682798,0.1189495413268693,0.250858565755495,0.5348100972886877,UP,UP,FLAT,FLAT,UP
2024-01-05,21705.75,21749.2,21629.75,21709.55,25,21705.75,21722.95,21749.2,21705.75,21727.6,21749.2,21705.75,21730.5,21749.2,21705.75,21669.6,0.1668235685015019,0.017506881817026698,0.1843596559235091,0.0792416755928762,0.10066457044791607,0.11402508551881414,0.20017737235525482,0.5503150086958558,FLAT,UP,FLAT,UP,UP
2024-01-08,21747.6,21763.4,21493.6,21511.35,25,21747.6,21725.35,21763.4,21712.35,21670.35,21763.4,21655.75,21692.9,21763.4,21645.6,21709.55,0.17526848783138882,-1.0863267670915413,-0.9129622677577413,-0.1023101399694679,-0.35521160955691666,-0.25152200702604927,0.23473854586254536,1.2405966635398982,DOWN,DOWN,DOWN,DOWN,DOWN
2024-01-09,21653.6,21723.7,21518.05,21551.95,25,21653.6,21664.55,21672.3,21637.95,21607.7,21672.3,21603.05,21657.35,21672.3,21595.25,21511.35,0.6612788132776419,-0.4694369527468773,0.18873757342055328,0.050568958510366545,-0.2119739904680876,0.017318136476151772,0.1586341301215435,0.9497266043521699,DOWN,UP,FLAT,DOWN,FLAT
2024-01-10,21529.3,21641.3,21448.75,21625.4,25,21529.3,21478.2,21563.3,21478.2,21558.6,21563.3,21448.75,21541.85,21564.3,21448.75,21551.95,-0.10509489860546935,0.44636843743178917,0.34080442836959407,-0.23735095892573632,0.13609360267170448,0.05829265233890221,0.39527527601918566,0.8943625663630461,UP,UP,DOWN,UP,FLAT
2024-01-11,21688.0,21725.25,21594.0,21669.4,25,21688.0,21704.7,21725.25,21687.5,21683.15,21725.25,21674.25,21672.15,21725.25,21655.05,21625.4,0.2894744143460863,-0.08576171154554843,0.20346444458830817,0.07700110660273297,-0.022362596827732135,-0.07308188860198517,0.17405938767982293,0.6051733677609739,FLAT,UP,FLAT,FLAT,FLAT
2024-01-12,21773.55,21927.2,21718.75,21908.25,25,21773.55,21733.45,21788.25,21718.75,21738.85,21788.25,21718.75,21804.5,21816.85,21718.75,21669.4,0.4806316741580192,0.6186405064860839,1.1022455628674468,-0.1841684061625162,-0.15936767316308423,0.14214494191347177,0.31919461915948477,0.9573542210617964,UP,UP,DOWN,DOWN,UP
2024-01-15,22053.15,22113.55,21964.1,22109.8,25,22053.15,22071.2,22081.7,22021.15,22042.8,22081.7,22021.15,22010.25,22081.7,21964.1,21908.25,0.6613946800862756,0.25687940271570187,0.9199730695057764,0.08184771789970717,-0.046932070928652744,-0.1945300331245262,0.27456395118157395,0.6776809662111795,UP,UP,FLAT,FLAT,DOWN
2024-01-16,22080.5,22123.55,21971.2,22031.6,25,22080.5,22060.25,22083.65,22031.9,22071.65,22083.65,22031.9,22100.65,22107.65,22031.9,22109.8,-0.1325204208088688,-0.221462376304891,-0.35368931424074723,-0.09170987975815766,-0.040080614116521564,0.09125699146306222,0.23436969271529176,0.6899753175879103,DOWN,DOWN,FLAT,FLAT,FLAT
2024-01-17,21647.25,21851.15,21551.5,21577.25,25,21647.25,21771.95,21851.15,21647.25,21812.45,21851.15,21647.25,21791.0,21851.15,21647.25,22031.6,-1.7445396612138862,-0.3233667093972675,-2.062265110114556,0.5760546951691357,0.7631454341775548,0.6640566353693887,0.9419210292300475,1.3842404924413099,DOWN,DOWN,UP,UP,UP
2024-01-18,21414.2,21539.05,21286.45,21477.25,25,21414.2,21440.05,21472.25,21409.75,21384.45,21472.25,21367.15,21391.35,21472.25,21286.45,21577.25,-0.7556569998493751,0.29443079825535984,-0.4634510885307442,0.1207142923854197,-0.13892650671050052,-0.10670489675076436,0.29186240905567334,1.1795911124394025,UP,DOWN,UP,DOWN,DOWN
2024-01-19,21615.2,21670.5,21576.0,21638.2,25,21615.2,21654.65,21659.55,21606.65,21638.65,21664.9,21606.65,21639.0,21664.9,21606.65,21477.25,0.6423075579974192,0.10640660276102001,0.7493976184101816,0.18251045560531812,0.1084884710759129,0.11010770198748691,0.24473518635033595,0.4371923461267997,UP,UP,UP,UP,UP
2024-01-20,21706.15,21718.5,21542.05,21586.95,25,21706.15,21677.1,21718.5,21668.5,21656.2,21718.5,21639.0,21643.85,21718.5,21604.55,21638.2,0.3140279690547307,-0.5491531201986567,-0.23684964553428658,-0.1338330381021181,-0.23011911370740884,-0.28701543111055117,0.23034946317057609,0.8129032555289663,DOWN,DOWN,DOWN,DOWN,DOWN
2024-01-23,21716.7,21749.25,21193.0,21243.05,25,21716.7,21714.0,21749.25,21706.65,21722.3,21749.25,21688.05,21658.65,21749.25,21629.95,21586.95,0.6010575834010825,-2.1810403974821284,-1.5930921227871535,-0.012432828192131989,0.025786606620704547,-0.2673058061307624,0.1961624003646896,2.561392845137613,DOWN,DOWN,FLAT,FLAT,DOWN
2024-01-24,21185.25,21481.9,21137.95,21460.7,25,21185.25,21240.05,21252.45,21137.95,21267.55,21285.5,21137.95,21329.1,21398.45,21137.95,21243.05,-0.27208898910466844,1.3001970710753978,1.024570388903672,0.258670537284192,0.3884778324541805,0.679010160371006,0.5404703744350432,1.6235352426806422,UP,UP,UP,UP,UP
2024-01-25,21454.6,21456.9,21248.15,21370.75,25,21454.6,21438.0,21456.9,21372.95,21385.9,21456.9,21372.95,21368.95,21456.9,21355.75,21460.7,-0.02842404954173062,-0.39082527756284685,-0.4191382387340615,-0.07737268464571023,-0.3202110503108755,-0.3992150867412948,0.39129137807277103,0.972984814445387,DOWN,DOWN,FLAT,DOWN,DOWN
2024-01-29,21433.1,21762.8,21433.1,21744.8,25,21433.1,21546.15,21551.9,21433.1,21536.4,21562.1,21433.1,21573.45,21589.75,21433.1,21370.75,0.2917539159832881,1.4542926594846324,1.7502895312518245,0.5274551978015449,0.48196481143653,0.6548282796235831,0.5542828615552716,1.538274911235429,UP,UP,UP,UP,UP
2024-01-30,21775.75,21811.0,21502.3,21530.55,25,21775.75,21702.65,21811.0,21697.2,21761.65,21811.0,21689.85,21762.95,21811.0,21689.85,21744.8,0.1423328795850076,-1.1260232138961952,-0.9852930355763216,-0.33569452257671284,-0.06475092706335508,-0.05878098343340309,0.5225996808376256,1.4176319988978598,DOWN,DOWN,DOWN,FLAT,FLAT
2024-01-31,21487.25,21739.35,21449.65,21708.3,25,21487.25,21521.35,21521.95,21449.65,21576.35,21582.7,21449.65,21604.45,21609.4,21449.65,21530.55,-0.20110958614619354,1.0287496073252709,0.8255711071013049,0.15869876322004234,0.41466451034915375,0.5454397375187645,0.3364786094079013,1.3482413989691426,UP,UP,UP,UP,UP
2024-02-01,21780.65,21832.7,21659.8,21690.3,25,21780.65,21715.5,21780.65,21708.7,21739.05,21780.65,21697.15,21783.9,21797.1,21697.15,21708.3,0.3332826614705075,-0.4148177395991496,-0.08291759373142991,-0.2991187131697238,-0.19099521823270738,0.01492150142442948,0.33033908538083445,0.7938238757796552,DOWN,FLAT,DOWN,DOWN,FLAT
2024-02-02,21812.75,22125.85,21805.95,21855.45,25,21812.75,21940.85,21952.75,21812.75,21937.3,21961.6,21812.75,21937.85,21961.6,21812.75,21690.3,0.5645380654025105,0.19575706868689519,0.7614002572578593,0.5872712060606688,0.5709963209590688,0.5735177820311448,0.6418264547111208,1.466573449014901,UP,UP,UP,UP,UP
2024-02-05,21921.05,21963.4,21727.5,21761.3,25,21921.05,21903.35,21921.05,21835.25,21890.35,21921.05,21835.25,21926.95,21963.4,21835.25,21855.45,0.3001539661731904,-0.7287515880854247,-0.4307849987074229,-0.08074430741228512,-0.1400480360201757,0.02691476913743391,0.3914046088120746,1.0761345829693445,DOWN,DOWN,FLAT,DOWN,FLAT
2024-02-06,21825.2,21950.75,21738.5,21938.8,25,21825.2,21793.1,21831.05,21738.5,21836.45,21851.3,21738.5,21853.6,21876.85,21738.5,21761.3,0.2936405453718365,0.520499239411316,0.8156681815884161,-0.14707769000972354,0.05154591939592764,0.13012480985282068,0.4240510968971614,0.9724996792698347,UP,UP,DOWN,FLAT,UP
2024-02-07,22045.05,22051.1,21860.85,21949.8,25,22045.05,21989.95,22051.1,21980.4,21968.45,22051.1,21965.35,22009.8,22051.1,21964.25,21938.8,0.48430178496544934,-0.43206978437336274,0.05013947891407006,-0.24994273090783894,-0.34747029378476596,-0.15989984146100825,0.32070691606504453,0.863005527317924,DOWN,FLAT,DOWN,DOWN,DOWN
2024-02-08,22009.65,22009.95,21666.0,21759.7,25,22009.65,21998.5,22009.95,21962.55,21974.55,22009.95,21961.7,21939.65,22009.95,21911.45,21949.8,0.27266763250691206,-1.1356382314121338,-0.8660671167846566,-0.050659597040395715,-0.15947550279083123,-0.31804231325804816,0.21536008069188492,1.5627236235015127,DOWN,DOWN,FLAT,DOWN,DOWN
2024-02-09,21727.0,21803.15,21631.35,21786.0,25,21727.0,21769.75,21778.7,21665.75,21744.15,21780.0,21665.75,21749.65,21780.0,21649.05,21759.7,-0.15027780713888853,0.27155152575136926,0.12086563693432938,0.19675979196391588,0.07893404519722674,0.10424817047913405,0.5198600819257179,0.790721222442136,UP,UP,UP,FLAT,UP
2024-02-12,21800.8,21830.55,21575.2,21612.6,25,21800.8,21801.0,21830.55,21764.6,21744.65,21830.55,21739.3,21690.25,21830.55,21672.9,21786.0,0.06793353529789439,-0.8632710726211915,-0.7959239878821328,0.0009173975266996056,-0.25755935561996723,-0.5070914828813589,0.3025118344280977,1.1712872922094535,DOWN,DOWN,FLAT,DOWN,DOWN
2024-02-13,21664.3,21766.45,21544.4,21728.0,25,21664.3,21577.7,21671.45,21570.5,21628.4,21671.45,21544.4,21718.45,21722.45,21544.4,21612.6,0.2392123113369087,0.2940321173543605,0.5339477897152655,-0.39973597115992004,-0.16571040836767317,0.24995037919527266,0.46597397561887866,1.0249581108090235,UP,UP,DOWN,DOWN,UP
2024-02-14,21578.15,21870.2,21530.9,21848.7,25,21578.15,21563.8,21599.9,21533.9,21576.6,21599.9,21530.9,21620.4,21621.35,21530.9,21728.0,-0.689663107511039,1.2538146226622728,0.5555044182621536,-0.06650245734690964,-0.007183192256995667,0.19579991797257873,0.3058649606198863,1.5724239566413212,UP,UP,FLAT,FLAT,UP
2024-02-15,21906.55,21952.8,21796.1,21927.05,25,21906.55,21876.35,21915.7,21862.0,21825.35,21915.7,21813.65,21885.35,21915.7,21796.1,21848.7,0.2647754786325893,0.09357931760135668,0.3586025713200261,-0.13785831178346536,-0.3706653945965966,-0.09677470893408925,0.2451321636679474,0.7153111740552516,FLAT,UP,DOWN,DOWN,FLAT
2024-02-16,22020.3,22067.5,21969.55,22035.7,25,22020.3,22005.55,22020.65,21986.3,21994.1,22020.65,21976.9,22036.7,22037.35,21969.55,21927.05,0.4252738056418898,0.06993546863576543,0.4955066915066161,-0.06698364690762615,-0.11898112196473586,0.07447673283289263,0.1559924251713291,0.44481682810861223,FLAT,UP,FLAT,DOWN,FLAT
2024-02-19,22103.45,22186.3,22021.7,22116.95,25,22103.45,22072.75,22104.1,22064.15,22062.05,22104.1,22050.85,22065.15,22104.1,22021.7,22035.7,0.30745562882050487,0.06107643829356955,0.3687198500614911,-0.1388923448601948,-0.18730107743361987,-0.1732761175291607,0.18074101554280933,0.7446801291201081,FLAT,UP,DOWN,DOWN,DOWN
2024-02-20,22099.2,22214.95,22046.65,22208.15,25,22099.2,22093.0,22107.8,22057.6,22103.2,22119.7,22057.6,22097.95,22119.7,22046.65,22116.95,-0.08025518889358614,0.4930042716478457,0.4123534212447951,-0.02805531421952255,0.01810020272227049,-0.005656313350709528,0.22715754416449793,0.7615660295395275,UP,UP,FLAT,FLAT,FLAT
2024-02-21,22248.85,22249.2,21998.0,22028.75,25,22248.85,22207.25,22248.85,22194.7,22232.8,22248.85,22190.3,22213.15,22249.2,22190.3,22208.15,0.18326605322819364,-0.9892646136766554,-0.8078115466619301,-0.1869759560606438,-0.07213855997051206,-0.16045773152318926,0.2433833658818223,1.129047119289315,DOWN,DOWN,DOWN,FLAT,DOWN
2024-02-22,22081.55,22251.05,21875.25,22216.9,25,22081.55,22006.45,22087.0,21998.85,22047.15,22087.0,21965.75,21935.5,22087.0,21903.15,22028.75,0.23968677296714191,0.6129551593977877,0.8541111048062258,-0.3401029366144974,-0.1557861653733448,-0.6614119026970448,0.39920204876922794,1.7018732833519352,UP,UP,DOWN,DOWN,DOWN
2024-02-23,22290.0,22297.45,22187.55,22194.25,25,22290.0,22233.45,22297.45,22233.05,22256.65,22297.45,22216.6,22269.95,22297.45,22216.6,22216.9,0.3290288023981678,-0.4295648272768057,-0.10194941688535057,-0.2537012113055149,-0.14961866307760674,-0.08995065051592316,0.28891879766712186,0.4930462090623663,DOWN,DOWN,DOWN,DOWN,FLAT
2024-02-26,22169.2,22201.25,22075.7,22117.15,25,22169.2,22180.05,22189.5,22141.95,22198.0,22198.2,22141.95,22148.35,22201.25,22112.25,22194.25,-0.1128670714261544,-0.2347851974811868,-0.3473872737308021,0.04894177507532317,0.12990996517690884,-0.09404940187287851,0.2144867654222943,0.5663262544430979,DOWN,DOWN,FLAT,UP,FLAT
2024-02-27,22090.2,22217.35,22086.45,22194.2,25,22090.2,22125.5,22137.75,22086.45,22128.15,22142.75,22086.45,22109.05,22151.4,22086.45,22117.15,-0.12185114266531052,0.4707970050067451,0.34837219081119974,0.15979936804555536,0.17179563788467614,0.08533195715746596,0.23222967650813153,0.5925704611094413,UP,UP,UP,UP,FLAT
2024-02-28,22214.1,22228.45,21918.9,21926.25,25,22214.1,22199.3,22221.3,22188.7,22209.5,22221.3,22184.6,22219.0,22228.45,22169.0,22194.2,0.08966306512511295,-1.2957986143935543,-1.2072974020239555,-0.06662435120036046,-0.020707568616322718,0.0220580622217486,0.1467536384548487,1.3934843185184154,DOWN,DOWN,FLAT,FLAT,FLAT
2024-02-29,21935.2,22059.8,21861.35,22042.05,25,21935.2,21952.6,21963.15,21888.0,21946.3,21992.1,21888.0,21873.5,22022.25,21867.3,21926.25,0.04081865344051412,0.4871165979794966,0.5281340858559912,0.07932455596483194,0.05060359604653043,-0.281283051898322,0.34260002188264277,0.9047102374266054,UP,UP,FLAT,FLAT,DOWN
2024-03-01,22048.3,22352.95,22048.3,22326.05,25,22048.3,22122.5,22132.75,22048.3,22161.85,22166.6,22048.3,22196.95,22200.1,22048.3,22042.05,0.028354894395031315,1.2597343105817682,1.288446401310223,0.3365338824308483,0.5150056920488169,0.674201639128647,0.38302272737581006,1.3817391817056257,UP,UP,UP,UP,UP
2024-03-04,22403.5,22440.9,22358.9,22397.65,25,22403.5,22381.05,22440.9,22380.05,22395.9,22440.9,22362.5,22395.4,22440.9,22358.9,22326.05,0.3469041769592056,-0.02611199142990401,0.3207016019403441,-0.10020755685495894,-0.03392327091748407,-0.03615506505679267,0.27160934675386517,0.3660142388466088,FLAT,UP,DOWN,FLAT,FLAT
2024-03-05,22371.25,22415.6,22269.95,22358.5,25,22371.25,22366.1,22390.85,22321.65,22374.95,22390.85,22321.65,22333.15,22390.85,22321.65,22397.65,-0.11786950863149237,-0.056992792088059456,-0.17479512359556226,-0.023020617980673657,0.016539084762812663,-0.17030787282784174,0.30932558529361165,0.6510588366765282,FLAT,DOWN,FLAT,FLAT,DOWN
2024-03-06,22327.5,22493.0,22225.65,22480.05,25,22327.5,22327.65,22349.35,22294.1,22363.9,22365.3,22290.1,22315.0,22367.8,22251.65,22358.5,-0.13864973052753987,0.6832381592206888,0.543641120826528,0.0006718172657102461,0.16302765647744466,-0.055984772141977376,0.24745269286754004,1.1974023065726056,UP,UP,FLAT,UP,FLAT
2024-03-07,22505.3,22524.0,22431.1,22483.5,25,22505.3,22482.85,22514.85,22474.25,22473.35,22514.85,22450.7,22486.95,22514.85,22450.7,22480.05,0.11232181423084023,-0.09686607154758778,0.01534694095431606,-0.09975428010291233,-0.14196655898833044,-0.08153634921551166,0.18040194976293827,0.4127916535216214,FLAT,FLAT,FLAT,DOWN,FLAT
2024-03-11,22517.5,22517.5,22308.25,22319.85,25,22517.5,22488.95,22517.5,22464.3,22474.05,22517.5,22459.2,22431.7,22517.5,22430.2,22483.5,0.15122200724976093,-0.8777617408682201,-0.7278671025418705,-0.1267902742311503,-0.1929610303097623,-0.38103697124458435,0.2362606861330109,0.9292772288220273,DOWN,DOWN,DOWN,DOWN,DOWN
2024-03-12,22334.45,22451.25,22256.75,22332.7,25,22334.45,22331.05,22369.35,22320.95,22428.55,22432.95,22315.5,22437.75,22449.7,22315.5,22319.85,0.06541262598091915,-0.007835429124066184,0.057572071496906047,-0.015223119441049388,0.42132221747120946,0.4625141877234464,0.2167055826313064,0.8708519797890703,FLAT,FLAT,FLAT,UP,UP
2024-03-13,22446.75,22446.75,21905.75,21981.05,25,22446.75,22345.7,22446.75,22339.8,22342.25,22446.75,22307.4,22336.15,22446.75,22261.45,22332.7,0.5106861239348546,-2.0746878724091493,-1.5745968915536475,-0.45017652889616216,-0.46554623720583155,-0.4927216634924813,0.47646095759965573,2.4101484624722955,DOWN,DOWN,DOWN,DOWN,DOWN
2024-03-14,21982.55,22204.15,21920.05,22153.05,25,21982.55,21992.95,22012.95,21920.05,21992.9,22025.75,21920.05,22010.75,22045.15,21920.05,21981.05,0.006824059815158967,0.7756152038776211,0.7824921921382282,0.04731025290515184,0.04708279976618811,0.1282835703774163,0.422607932200775,1.2923887356107557,UP,UP,FLAT,FLAT,UP
2024-03-15,22064.85,22120.55,21931.9,21996.35,25,22064.85,22106.85,22119.65,22048.15,22034.15,22120.55,22016.7,22013.1,22120.55,21982.95,22153.05,-0.3981393081313893,-0.31044851879799773,-0.7073518093445406,0.1903479969272395,-0.139135321563469,-0.23453592478534865,0.3240448042928006,0.8549797528648407,DOWN,DOWN,UP,DOWN,DOWN
2024-03-18,21990.1,22123.5,21918.25,22051.5,25,21990.1,22031.65,22043.0,21955.35,21963.9,22044.9,21948.15,21977.2,22044.9,21937.15,21996.35,-0.02841380501765066,0.2792165565413593,0.250723415475756,0.18894866326211757,-0.11914452412675292,-0.05866276187919936,0.3985884557141689,0.9333745640083493,UP,UP,UP,DOWN,FLAT
2024-03-19,21946.45,21976.7,21794.4,21810.35,25,21946.45,21937.55,21976.7,21925.65,21972.1,21976.7,21923.4,21890.75,21976.7,21857.1,22051.5,-0.4763848264290378,-0.6201458550243988,-1.0935764006983717,-0.040553255765745505,0.11687539442596782,-0.2537995894552455,0.2326116524540382,0.8306582613588952,DOWN,DOWN,FLAT,UP,DOWN
2024-03-20,21843.9,21930.5,21710.35,21855.1,25,21843.9,21856.6,21891.35,21838.3,21860.4,21891.35,21831.85,21765.05,21891.35,21757.15,21810.35,0.15382605047604883,0.051272895407857975,0.20517781695387743,0.058139801042840736,0.0755359619848104,-0.3609703395456039,0.24285956262388705,1.007832850360977,FLAT,UP,FLAT,FLAT,DOWN
2024-03-21,21989.9,22080.8,21941.95,22014.6,25,21989.9,21995.15,22018.65,21987.05,22008.95,22025.2,21978.7,22068.1,22078.95,21978.7,21855.1,0.6167896738061273,0.11232429433511333,0.7298067727898752,0.023874596974065364,0.08663068044874815,0.35561780635654133,0.14370233607247954,0.6314262456855126,UP,UP,FLAT,FLAT,UP
2024-03-22,21932.2,22179.0,21884.15,22080.8,25,21932.2,21898.75,21977.3,21890.8,21950.45,21977.3,21884.15,22030.9,22040.2,21884.15,22014.6,-0.37429705740734703,0.6775426085846314,0.3007095291306711,-0.15251547952326136,0.08321098658593301,0.4500232534811862,0.394397278886751,1.34437037780067,UP,UP,DOWN,FLAT,UP
2024-03-26,21947.9,22072.65,21947.9,22019.8,25,21947.9,22064.95,22072.65,21947.9,22021.0,22072.65,21947.9,22023.9,22072.65,21947.9,22080.8,-0.6018803666533723,0.3275939839346717,-0.27625810659034095,0.5333084258630633,0.3330614774078547,0.34627458663471217,0.5683915089826361,0.5683915089826361,UP,DOWN,UP,UP,UP
2024-03-27,22053.95,22193.15,22053.95,22147.2,25,22053.95,22101.8,22103.95,22053.95,22113.15,22124.8,22053.95,22146.45,22160.6,22053.95,22019.8,0.15508769380285675,0.4228267498566017,0.5785701959145926,0.21696793544919865,0.26843263905105763,0.4194259985172724,0.22671675595528237,0.6311794485795095,UP,UP,UP,UP,UP
2024-03-28,22163.6,22513.2,22163.6,22343.1,25,22163.6,22217.7,22224.1,22163.6,22257.9,22262.35,22163.6,22306.25,22316.65,22163.6,22147.2,0.0740499927756006,0.809886480535653,0.8845361941915809,0.2440939197603376,0.42547239618113897,0.643622877149928,0.27297009511090253,1.5773610785251593,UP,UP,UP,UP,UP
2024-04-01,22455.0,22529.1,22427.85,22469.05,25,22455.0,22493.85,22517.85,22455.0,22482.6,22529.1,22455.0,22503.65,22529.1,22455.0,22343.1,0.5008257582878001,0.06256958361166454,0.5637087064910453,0.17301269205076172,0.12291249164996011,0.21665553328880632,0.2798931195724718,0.45090180360721444,FLAT,UP,UP,UP,UP
2024-04-02,22458.8,22496.9,22389.15,22464.3,25,22458.8,22444.35,22462.4,22415.9,22480.5,22496.9,22415.9,22433.6,22496.9,22415.9,22469.05,-0.045618306069905044,0.02448928705006501,-0.021140190617760877,-0.06434003597699223,0.09662136890662336,-0.11220546066575564,0.20704579051418598,0.47976739629900084,FLAT,FLAT,FLAT,FLAT,DOWN
2024-04-03,22385.7,22520.9,22347.8,22445.55,25,22385.7,22363.95,22395.95,22347.8,22369.15,22395.95,22347.8,22448.6,22457.1,22347.8,22464.3,-0.349888489737043,0.26735817955211827,-0.08346576568154807,-0.09716024068936867,-0.07393112567397611,0.28098294893614145,0.2150926707675054,0.7732615017622955,UP,FLAT,FLAT,FLAT,UP
2024-04-04,22592.1,22619.0,22307.45,22541.2,25,22592.1,22524.2,22619.0,22522.1,22454.65,22619.0,22451.6,22376.1,22619.0,22376.1,22445.55,0.6529133837219372,-0.22529999424576652,0.4261423756602153,-0.3005475365282458,-0.6083985109839152,-0.9560864195891484,0.42891099101013835,1.379021870476845,DOWN,UP,DOWN,DOWN,DOWN
2024-04-05,22486.4,22536.6,22429.0,22523.4,25,22486.4,22469.5,22495.5,22429.0,22470.85,22495.5,22429.0,22474.6,22502.45,22429.0,22541.2,-0.24311039341294727,0.1645439020919311,-0.07896651464872888,-0.07515653906361826,-0.06915291020351373,-0.052476163369872056,0.2957343105165789,0.4785114558132851,UP,FLAT,FLAT,FLAT,FLAT
2024-04-08,22580.25,22696.95,22550.35,22661.0,25,22580.25,22581.95,22594.7,22550.35,22607.0,22623.85,22550.35,22626.25,22630.45,22550.35,22523.4,0.2524041663336732,0.35761340109166195,0.6109201985490581,0.007528703180880316,0.11846635887556604,0.2037178507766743,0.19641058004230327,0.6492399331274108,UP,UP,FLAT,UP,UP
2024-04-09,22760.0,22768.35,22613.15,22642.05,25,22760.0,22705.35,22760.0,22675.45,22730.0,22760.0,22675.45,22749.05,22760.0,22675.45,22661.0,0.4368739243634438,-0.5182337434094935,-0.08362384713825836,-0.24011423550088512,-0.13181019332161686,-0.04811072056239336,0.37148506151142036,0.6818980667838185,DOWN,FLAT,DOWN,DOWN,FLAT
2024-04-10,22721.25,22775.7,22674.55,22735.05,25,22721.25,22716.15,22721.85,22679.45,22720.1,22727.1,22679.45,22706.75,22727.1,22679.45,22642.05,0.3497916487243899,0.060736095065189066,0.41074019357787833,-0.022445948176260305,-0.005061341255439094,-0.06381691148154262,0.18660945150463912,0.44517797216262944,FLAT,UP,FLAT,FLAT,FLAT
2024-04-12,22677.4,22726.44921875,22503.75,22519.4,25,22677.4,22715.95,22718.25,22657.19921875,22640.55,22726.44921875,22624.849609375,22641.7,22726.44921875,22624.849609375,22735.05,-0.25357322724162834,-0.6967289019023344,-0.9485354111822839,0.16999303271097777,-0.16249658250064902,-0.15742545441717626,0.26921420114298816,0.9820315324949067,DOWN,DOWN,UP,DOWN,DOWN
2024-04-15,22356.7,22427.44921875,22259.55078125,22277.45,25,22356.7,22328.05,22373.55078125,22302.5,22280.7,22373.55078125,22263.55078125,22360.3,22377.5,22263.55078125,22519.4,-0.7224881657593041,-0.3544798650963693,-1.0744069557803526,-0.12814950328090216,-0.3399428359283794,0.01610255538607462,0.31780531675068324,0.7509983025222864,DOWN,DOWN,DOWN,DOWN,FLAT
2024-04-16,22125.3,22213.75,22079.44921875,22177.45,25,22125.3,22186.75,22190.69921875,22103.849609375,22198.15,22209.75,22103.849609375,22191.4,22213.75,22103.849609375,22277.45,-0.6829776298454332,0.23570301871613697,-0.4488844100199978,0.27773634707778305,0.329261072166263,0.29875301125861425,0.39253528483229605,0.6070009502696009,UP,DOWN,UP,UP,UP
2024-04-18,22212.35,22326.5,21961.69921875,22045.75,25,22212.35,22267.05,22270.650390625,22209.19921875,22200.45,22270.650390625,22181.44921875,22178.15,22270.650390625,22163.44921875,22177.45,0.15736705527460468,-0.7500332022500931,-0.5938464521394512,0.2462594007387815,-0.05357380016071158,-0.1539684004618921,0.2766531766112096,1.6423331221144994,DOWN,DOWN,UP,FLAT,DOWN
2024-04-19,21861.5,22179.55078125,21777.650390625,22149.7,25,21861.5,21851.2,21866.44921875,21777.650390625,21846.35,21870.94921875,21777.650390625,21884.75,21902.80078125,21777.650390625,22045.75,-0.8357619949423358,1.3182992932781408,0.47151945386299277,-0.04711479084234509,-0.06929991080210167,0.10635134826064085,0.40618817613155545,1.838393479976214,UP,UP,FLAT,FLAT,UP
2024-04-22,22336.9,22375.650390625,22198.150390625,22370.5,25,22336.9,22246.5,22337.099609375,22239.599609375,22218.3,22337.099609375,22212.650390625,22246.05,22337.099609375,22198.150390625,22149.7,0.8451581736998728,0.150423738298504,0.9968532305177915,-0.40471148637457055,-0.5309599810179666,-0.40672609001250026,0.4364974548840707,0.7946492127376673,UP,UP,DOWN,DOWN,DOWN
2024-04-23,22447.05,22447.55078125,22349.44921875,22361.0,25,22447.05,22399.1,22447.55078125,22388.75,22398.65,22447.55078125,22382.400390625,22417.65,22447.55078125,22368.44921875,22370.5,0.3421917257101954,-0.3833465867452484,-0.04246664133568763,-0.21361381562388254,-0.21561853339301965,-0.13097489425112796,0.26195326891506904,0.4370354345003018,DOWN,FLAT,DOWN,DOWN,DOWN
2024-04-24,22421.55,22476.44921875,22384.0,22412.2,25,22421.55,22409.45,22431.0,22399.849609375,22416.05,22431.0,22399.849609375,22435.1,22449.900390625,22399.849609375,22361.0,0.2707839542059804,-0.04170095287791676,0.22897008183891923,-0.053965939018482414,-0.024529972281131324,0.06043293171078393,0.13893058519593873,0.4123230496999538,FLAT,UP,FLAT,FLAT,FLAT
2024-04-25,22316.9,22625.94921875,22305.25,22559.25,25,22316.9,22339.6,22362.55078125,22305.25,22391.95,22399.05078125,22305.25,22457.15,22458.400390625,22305.25,22412.2,-0.4252148383469685,1.0859483171945858,0.6561158654661268,0.10171663627115365,0.3362922269670038,0.628447499428684,0.2567595913859003,1.4370240434379324,UP,UP,UP,UP,UP
2024-04-26,22620.4,22620.4,22385.55078125,22450.2,25,22620.4,22604.5,22620.4,22575.349609375,22593.0,22620.4,22575.349609375,22538.15,22620.4,22516.349609375,22559.25,0.27106397597438503,-0.752418171208293,-0.48339372984473894,-0.07029053420806641,-0.12112959983024815,-0.3636098389064738,0.19915824045994523,1.038218682030386,DOWN,DOWN,FLAT,DOWN,DOWN
2024-04-29,22475.55,22655.80078125,22441.900390625,22633.15,25,22475.55,22511.4,22518.19921875,22468.80078125,22488.1,22532.5,22468.80078125,22480.6,22532.5,22441.900390625,22450.2,0.11291658871635239,0.7012064220897918,0.8149147891778279,0.1595066639081232,0.055838455566156436,0.02246886060630006,0.21978744680330406,0.9517025862548415,UP,UP,UP,FLAT,FLAT
2024-04-30,22679.65,22783.349609375,22568.400390625,22587.75,25,22679.65,22679.05,22696.30078125,22661.80078125,22706.1,22713.19921875,22661.80078125,22727.25,22754.849609375,22661.80078125,22633.15,0.20545085416744904,-0.4052090750959625,-0.20059072643446207,-0.002645543471800415,0.11662437471476451,0.20987978209539626,0.15211874962797045,0.9477625040509884,DOWN,DOWN,FLAT,UP,UP
2024-05-02,22567.85,22710.5,22567.85,22656.75,25,22567.85,22639.95,22662.19921875,22567.85,22657.4,22668.400390625,22567.85,22670.75,22680.349609375,22567.85,22587.75,-0.08810085112506316,0.39392321377535505,0.3054753129461766,0.3194810316445837,0.39680341725065926,0.45595836555100044,0.4180691503621367,0.6320938857711367,UP,UP,UP,UP,UP
2024-05-03,22766.35,22794.69921875,22348.05078125,22456.7,25,22766.35,22791.3,22792.599609375,22757.400390625,22769.8,22794.69921875,22754.0,22681.4,22794.69921875,22675.75,22656.75,0.4837410484734066,-1.3601214072523606,-0.8829598243349079,0.10959156825754118,0.015153944308159752,-0.37313842579068274,0.15461072481974494,1.9618798687536652,DOWN,DOWN,UP,FLAT,DOWN
2024-05-06,22561.6,22588.80078125,22409.44921875,22458.0,25,22561.6,22577.15,22577.150390625,22497.19921875,22504.25,22588.80078125,22433.94921875,22466.35,22588.80078125,22433.30078125,22456.7,0.46712117096455763,-0.45918729168143463,0.005788918229300264,0.0689224168498817,-0.25419296503793415,-0.4221775051414794,0.35436835984593296,0.7949416818842635,DOWN,FLAT,FLAT,DOWN,DOWN
2024-05-07,22489.75,22499.05078125,22232.05078125,22304.5,25,22489.75,22490.65,22499.05078125,22441.400390625,22468.05,22499.05078125,22441.400390625,22398.6,22499.05078125,22376.0,22458.0,0.14137501113189063,-0.8237085783523606,-0.6834980853148099,0.004001823052730489,-0.09648840027123791,-0.4052957458397779,0.25634073577963296,1.1872075056414588,DOWN,DOWN,FLAT,FLAT,DOWN
2024-05-08,22231.19921875,22368.650390625,22185.19921875,22306.75,25,22231.19921875,22232.9,22282.650390625,22185.599609375,22256.1,22282.650390625,22185.599609375,22279.7,22291.80078125,22185.599609375,22304.5,-0.3286367381021767,0.33984123171493047,0.010087650474119572,0.00765042512221743,0.11200826822242227,0.21816538447955036,0.43655216389832213,0.8251969228914812,UP,FLAT,FLAT,UP,UP
2024-05-09,22224.80078125,22307.75,21932.400390625,21968.15,25,22224.80078125,22233.65,22307.75,22224.80078125,22246.45,22307.75,22221.0,22194.4,22307.75,22188.349609375,22306.75,-0.36737408519842646,-1.1547945188625606,-1.5179261882613941,0.039816864218945515,0.09741018136938774,-0.13678764344941274,0.3732281767851898,1.6888772730492347,DOWN,DOWN,FLAT,FLAT,DOWN
2024-05-10,21990.94921875,22131.30078125,21950.30078125,22054.0,25,21990.94921875,22050.0,22050.55078125,21950.30078125,22068.85,22071.44921875,21950.30078125,22110.1,22120.25,21950.30078125,21968.15,0.10378306206939839,0.2867124134698171,0.39079303446124747,0.268523112224969,0.3542401943413089,0.5418173634288046,0.45586936244900467,0.823065881329375,UP,UP,UP,UP,UP
2024-05-13,22027.94921875,22131.650390625,21821.05078125,22119.4,25,22027.94921875,21951.8,22067.30078125,21929.400390625,21857.4,22067.30078125,21851.599609375,21886.1,22067.30078125,21828.400390625,22054.0,-0.11812270449805023,0.41515794476300744,0.2965448444726646,-0.3456936367239451,-0.7742401122153874,-0.6439510884166222,0.626024643763117,1.4100250835453183,UP,UP,DOWN,DOWN,DOWN
2024-05-14,22112.900390625,22270.05078125,22081.25,22223.8,25,22112.900390625,22129.9,22182.69921875,22095.150390625,22143.7,22182.69921875,22095.150390625,22099.1,22182.69921875,22081.25,22119.4,-0.029384202894298467,0.5015154385718499,0.4719838693635352,0.07687643445546664,0.139283444645093,-0.06240877669241561,0.3959174354265949,0.8538037883535354,UP,UP,FLAT,UP,FLAT
2024-05-15,22255.599609375,22297.55078125,22151.75,22210.4,25,22255.599609375,22275.9,22278.55078125,22241.599609375,22283.55,22286.05078125,22241.599609375,22189.6,22297.55078125,22168.900390625,22223.8,0.143088082933615,-0.2030931997714344,-0.0602957190039409,0.09121475485410006,0.1255881266538664,-0.2965528250571134,0.16603089794729503,0.6551195375953051,DOWN,FLAT,FLAT,UP,DOWN
2024-05-16,22319.19921875,22432.25,22054.55078125,22392.35,25,22319.19921875,22313.15,22330.0,22281.19921875,22239.35,22330.0,22236.349609375,22244.45,22330.0,22216.349609375,22210.4,0.4898570883459935,0.32774823385484975,0.81921082015631,-0.02710320693278589,-0.3577602313031079,-0.33490994913116623,0.21864933760259309,1.6922615146187727,UP,UP,FLAT,DOWN,DOWN
2024-05-17,22415.25,22502.150390625,22345.650390625,22465.4,25,22415.25,22376.65,22431.25,22353.05078125,22359.25,22431.25,22345.650390625,22391.8,22431.25,22345.650390625,22392.35,0.10226706888737205,0.22373161129142638,0.3262274839398407,-0.17220419134294085,-0.24982991490168524,-0.10461627686508394,0.3488661458159066,0.6981853871806024,UP,UP,DOWN,DOWN,DOWN
2024-05-21,22404.55078125,22591.099609375,22404.55078125,22507.55,25,22404.55078125,22470.05,22509.05078125,22404.55078125,22473.5,22509.05078125,22404.55078125,22465.7,22509.05078125,22404.55078125,22465.4,-0.27085749085260646,0.4597245432664404,0.18762185405110887,0.2923478332125922,0.3077464905375495,0.2729321348463523,0.4664230986833904,0.8326381097590211,UP,UP,UP,UP,UP
2024-05-22,22576.599609375,22629.5,22483.150390625,22620.5,25,22576.599609375,22557.7,22577.400390625,22529.05078125,22506.35,22577.400390625,22496.75,22558.4,22577.400390625,22483.150390625,22507.55,0.3067842096318823,0.1944508534702907,0.5018316076161142,-0.0837132681714883,-0.31116116062859217,-0.08061271267547794,0.21415806725350564,0.6482358366945034,UP,UP,FLAT,DOWN,FLAT
2024-05-23,22614.099609375,22993.599609375,22577.44921875,22951.0,25,22614.099609375,22585.4,22617.900390625,22577.44921875,22680.3,22686.69921875,22577.44921875,22674.5,22689.349609375,22577.44921875,22620.5,-0.028294647001613583,1.489780254108959,1.4610640790433456,-0.12691024569070486,0.29273944914240563,0.2670917333359589,0.1788758897048034,1.8402253364643308,UP,UP,DOWN,UP,UP
2024-05-24,22930.75,23026.400390625,22908.0,22952.0,25,22930.75,22985.9,22995.19921875,22908.0,22972.3,23004.05078125,22908.0,22919.7,23004.05078125,22908.0,22951.0,-0.08823144961003879,0.09267032260174657,0.004357108622717964,0.2405067431287745,0.18119773666364716,-0.04818856775290504,0.3802719873968361,0.5163389362537204,FLAT,FLAT,UP,UP,FLAT
2024-05-27,23038.94921875,23110.80078125,22871.19921875,22931.05,25,23038.94921875,22987.85,23043.19921875,22974.55078125,22997.55,23043.19921875,22964.099609375,22950.9,23043.19921875,22932.0,22952.0,0.37883068468978737,-0.4683339406043229,-0.09127744858836148,-0.22179491896451126,-0.17969230435348338,-0.3821754973023711,0.2979668770836615,1.0399847676429743,DOWN,FLAT,DOWN,DOWN,DOWN
2024-05-28,22977.150390625,22998.55078125,22858.5,22868.65,25,22977.150390625,22983.25,22992.400390625,22957.5,22962.35,22992.400390625,22936.55078125,22957.65,22992.400390625,22926.349609375,22931.05,0.20103916142087142,-0.472209951105461,-0.2721201166104379,0.026546413594823865,-0.0644135167911867,-0.0848686207535769,0.15189172735379688,0.6095219766988281,DOWN,DOWN,FLAT,FLAT,FLAT
2024-05-29,22762.75,22825.5,22685.44921875,22705.8,25,22762.75,22798.1,22823.19921875,22762.25,22809.8,22825.5,22762.25,22757.65,22825.5,22749.900390625,22868.65,-0.46307936848043696,-0.25018945426190037,-0.7121102469975367,0.1552975804768692,0.2066973454437591,-0.022405025754790368,0.26775859133891994,0.6152630119383642,DOWN,DOWN,UP,UP,FLAT
2024-05-30,22617.44921875,22705.75,22417.0,22557.1,25,22617.44921875,22641.75,22705.75,22617.25,22608.3,22705.75,22590.30078125,22558.5,22705.75,22554.0,22705.8,-0.3891110696385913,-0.26682592792104776,-0.6548987483374324,0.10744262544803021,-0.04045203621996406,-0.2606360168198399,0.39129080889737544,1.2766691646227928,DOWN,DOWN,UP,FLAT,DOWN
2024-05-31,22568.099609375,22653.75,22465.099609375,22550.45,25,22568.099609375,22634.4,22647.25,22557.69921875,22634.85,22653.75,22557.69921875,22535.2,22653.75,22533.69921875,22557.1,0.04876340209956713,-0.07820600617903804,-0.029480739988730013,0.29377923605698575,0.29577320102428917,-0.14577926340475947,0.3968024902406925,0.8359161555039968,FLAT,FLAT,UP,UP,DOWN
2024-06-03,23337.9,23338.69921875,23062.30078125,23305.95,25,23337.9,23132.95,23338.69921875,23082.69921875,23105.7,23338.69921875,23082.69921875,23197.1,23338.69921875,23062.30078125,22550.45,3.4919480542516923,-0.13690177779492038,3.350265737490826,-0.8781852694544099,-0.9949481315799653,-0.6033104949460016,1.0969281726290712,1.184332941267209,DOWN,UP,DOWN,DOWN,DOWN
2024-06-04,23179.5,23179.5,21281.44921875,21996.45,25,23179.5,22479.75,23179.5,22479.650390625,22584.15,23179.5,22389.849609375,22833.9,23179.5,22389.849609375,23305.95,-0.5425653105751995,-5.1038633275092185,-5.618736846170184,-3.0188312948941953,-2.568433313919621,-1.4909726266744259,3.0192610253672427,8.188488885653271,DOWN,DOWN,DOWN,DOWN,DOWN
2024-06-05,22128.349609375,22670.400390625,21791.94921875,22573.0,25,22128.349609375,22007.65,22131.599609375,21791.94921875,21932.45,22131.599609375,21791.94921875,22063.3,22131.599609375,21791.94921875,21996.45,0.5996404391390395,2.0094150647213986,2.6211047691786593,-0.5454523789874612,-0.8852879353099317,-0.2939650291291561,1.5349106310264644,3.969799769897125,UP,UP,DOWN,DOWN,DOWN
2024-06-06,22798.599609375,22910.150390625,22642.599609375,22849.05,25,22798.599609375,22717.0,22799.5,22642.599609375,22732.8,22799.5,22642.599609375,22786.85,22799.5,22642.599609375,22573.0,0.9994223602312496,0.22128723469600123,1.2229211890311402,-0.3579150069438715,-0.2886125047256995,-0.05153653985909689,0.6882018778051661,1.1735404184210534,UP,UP,DOWN,DOWN,FLAT
2024-06-07,22821.849609375,23320.19921875,22789.05078125,23270.05,25,22821.849609375,22921.5,22943.349609375,22789.05078125,22942.5,22953.80078125,22789.05078125,22980.25,23004.849609375,22789.05078125,22849.05,-0.11904385795032735,1.9639091410053058,1.8425273698468865,0.43664467311214145,0.528661754809908,0.6940734135761311,0.676101327307036,2.327368055575168,UP,UP,UP,UP,UP
2024-06-10,23319.150390625,23411.900390625,23227.150390625,23234.45,25,23319.150390625,23399.65,23411.900390625,23313.75,23324.75,23411.900390625,23241.349609375,23315.25,23411.900390625,23233.05078125,23270.05,0.21100251449825305,-0.3632224553903618,-0.15298634940620473,0.34520815735793153,0.0240129219169632,-0.016726126636963903,0.4209003715009249,0.7922672863513718,DOWN,DOWN,UP,FLAT,FLAT
2024-06-11,23283.75,23389.44921875,23206.650390625,23261.8,25,23283.75,23283.25,23289.80078125,23229.599609375,23252.8,23289.80078125,23206.650390625,23312.55,23325.150390625,23206.650390625,23234.45,0.2121849236801356,-0.09427175605304441,0.11771313717345813,-0.0021474204112310086,-0.13292532345520255,0.12369141568690296,0.25855445052880227,0.7850918693294681,FLAT,UP,FLAT,DOWN,UP
2024-06-12,23344.44921875,23441.94921875,23295.94921875,23308.4,25,23344.44921875,23356.45,23357.80078125,23295.94921875,23372.9,23378.5,23295.94921875,23408.65,23420.349609375,23295.94921875,23261.8,0.35530018635703486,-0.15442308538615773,0.2003284354607218,0.051407429395943234,0.12187385953466875,0.27501518947140596,0.26495190321441175,0.6254163404409406,DOWN,UP,FLAT,UP,UP
2024-06-13,23480.94921875,23481.05078125,23353.9,23399.35,25,23480.94921875,23419.1,23481.05078125,23409.099609375,23383.3,23481.05078125,23382.30078125,23408.7,23481.05078125,23364.05078125,23308.4,0.740287702073066,-0.3475124365280892,0.39020267371418493,-0.263401697153766,-0.41586572093101715,-0.30769292193821046,0.306423608367355,0.5415061378714032,DOWN,UP,DOWN,DOWN,DOWN
2024-06-14,23464.94921875,23490.400390625,23334.25,23454.15,25,23464.94921875,23351.4,23469.44921875,23337.400390625,23342.25,23469.44921875,23334.25,23437.85,23469.44921875,23334.25,23399.35,0.28034632906470247,-0.04602276633681899,0.2341945395919242,-0.4839099274899151,-0.5229042586291023,-0.11548807754651964,0.5627492601581449,0.6654622994036817,FLAT,UP,DOWN,DOWN,DOWN
2024-06-18,23570.80078125,23579.05078125,23499.69921875,23562.3,25,23570.80078125,23516.25,23573.849609375,23499.69921875,23553.7,23573.849609375,23499.69921875,23542.35,23579.05078125,23499.69921875,23454.15,0.49735667781607323,-0.036064880989376026,0.4611124257327501,-0.2314337207134423,-0.07255070122014068,-0.12070349885029516,0.3145857933006028,0.33665195865183434,FLAT,UP,DOWN,FLAT,DOWN
2024-06-19,23629.849609375,23664.0,23412.900390625,23521.4,25,23629.849609375,23556.3,23630.849609375,23554.30078125,23580.3,23630.849609375,23532.099609375,23523.05,23630.849609375,23523.0,23562.3,0.28668512570929294,-0.45895175452987996,-0.173582375235006,-0.31125720472558727,-0.20969075213810173,-0.45196906091449957,0.3239497050993914,1.0626373570967533,DOWN,DOWN,DOWN,DOWN,DOWN
2024-06-20,23586.150390625,23624.0,23442.599609375,23579.15,25,23586.150390625,23499.8,23587.69921875,23461.75,23508.0,23587.69921875,23461.75,23487.35,23587.69921875,23442.599609375,23521.4,0.2752828939816445,-0.029680089836877546,0.2455210999345277,-0.3661063344161631,-0.33134016925484855,-0.41889154859401107,0.5339965050000791,0.7690970659506303,FLAT,UP,DOWN,DOWN,DOWN
2024-06-21,23661.150390625,23667.099609375,23398.19921875,23453.15,25,23661.150390625,23609.7,23667.099609375,23594.099609375,23589.55,23667.099609375,23576.099609375,23584.75,23667.099609375,23567.05078125,23579.15,0.3477665251928018,-0.8790797877156991,-0.5343704077543083,-0.2174466996557568,-0.30260739415852816,-0.3228938127001268,0.3085226153201917,1.136463722962276,DOWN,DOWN,DOWN,DOWN,DOWN
2024-06-24,23382.30078125,23558.099609375,23350.0,23548.65,25,23382.30078125,23411.0,23439.19921875,23351.5,23386.75,23439.19921875,23350.0,23445.75,23454.599609375,23350.0,23453.15,-0.3020882855821135,0.7114322080887566,0.4071947691461488,0.12273907096864299,0.01902814779274321,0.27135575469493234,0.3750666778708321,0.8899877361165104,UP,UP,UP,FLAT,UP
2024-06-25,23577.099609375,23754.150390625,23562.05078125,23721.9,25,23577.099609375,23578.6,23603.650390625,23571.05078125,23600.3,23605.75,23571.05078125,23594.85,23618.099609375,23564.94921875,23548.65,0.12081206088246478,0.6141569277988046,0.7357109643227955,0.00636376250623271,0.09840222508019632,0.0752865743415718,0.13826810725284192,0.8147720141904781,UP,UP,FLAT,FLAT,FLAT
2024-06-26,23723.099609375,23889.900390625,23670.44921875,23840.25,25,23723.099609375,23695.9,23749.5,23689.30078125,23701.2,23749.5,23670.44921875,23693.25,23749.5,23670.44921875,23721.9,0.00505697003612082,0.49382413155953697,0.49890607413402194,-0.11465453428459105,-0.09231344021480602,-0.12582508131949122,0.25375781302292477,0.9250526933178509,UP,UP,DOWN,FLAT,DOWN
2024-06-27,23881.55078125,24087.44921875,23805.400390625,24036.1,25,23881.55078125,23819.7,23887.44921875,23813.44921875,23857.35,23887.44921875,23805.400390625,23945.95,23966.400390625,23805.400390625,23840.25,0.1732397153972798,0.6471490070541775,0.8215098415494744,-0.25898980269974703,-0.10133672420051586,0.26966095853608535,0.30986262440753737,1.1810322985659858,UP,UP,DOWN,DOWN,UP
2024-06-28,24085.900390625,24174.0,23985.80078125,24009.8,25,24085.900390625,24136.6,24137.5,24062.849609375,24155.45,24174.0,24062.849609375,24133.15,24174.0,24062.849609375,24036.1,0.2071899793435768,-0.3159541033999353,-0.10941874929792801,0.21049497238115478,0.2887565266278011,0.19617123964106611,0.3099339838424986,0.7813667568900731,DOWN,DOWN,UP,UP,UP
2024-07-01,23992.94921875,24164.0,23992.69921875,24123.15,25,23992.94921875,24042.7,24049.599609375,23992.69921875,24080.3,24081.75,23992.69921875,24056.95,24096.599609375,23992.69921875,24009.8,-0.0701829305117047,0.5426626800354005,0.47209889295205365,0.20735583940269214,0.36406854552810214,0.2667482878677767,0.2371546328307714,0.7139630050820595,UP,UP,UP,UP,UP
2024-07-02,24228.75,24236.349609375,24056.400390625,24117.8,25,24228.75,24144.85,24236.349609375,24139.94921875,24093.8,24236.349609375,24091.55078125,24130.0,24236.349609375,24073.650390625,24123.15,0.43775377593721604,-0.45792704947634827,-0.02217786648925278,-0.3462828251560706,-0.5569829231801093,-0.40757364701026677,0.39787603828096785,0.7427094618996027,DOWN,FLAT,DOWN,DOWN,DOWN
2024-07-03,24291.75,24309.150390625,24207.099609375,24290.8,25,24291.75,24230.7,24292.150390625,24207.099609375,24283.35,24292.150390625,24207.099609375,24267.85,24307.25,24207.099609375,24117.8,0.7212515237708279,-0.003910792758861455,0.7173125243596017,-0.2513198925561117,-0.03457964123622816,-0.09838731256497148,0.3501220836292157,0.4201046908929987,FLAT,UP,DOWN,FLAT,FLAT
2024-07-04,24369.94921875,24401.0,24281.0,24304.65,25,24369.94921875,24364.65,24372.150390625,24319.150390625,24392.35,24392.55078125,24319.150390625,24375.05,24401.0,24319.150390625,24290.8,0.32584031299916316,-0.26794975304978463,0.057017471635360646,-0.021744890407573676,0.09191968784556845,0.020930619117067267,0.21748096200061967,0.4924097252844219,DOWN,FLAT,FLAT,FLAT,FLAT
2024-07-05,24213.349609375,24363.0,24168.849609375,24316.75,25,24213.349609375,24186.05,24260.94921875,24183.849609375,24220.0,24260.94921875,24170.349609375,24226.05,24260.94921875,24168.849609375,24304.65,-0.3756498884987089,0.4270387711453401,0.04978471197897745,-0.11274610830560503,0.027465801850170623,0.052452018534775116,0.3184177762218753,0.8018320214144525,UP,FLAT,DOWN,FLAT,FLAT
2024-07-08,24329.44921875,24344.599609375,24240.55078125,24331.05,25,24329.44921875,24323.25,24338.849609375,24283.099609375,24273.45,24338.849609375,24262.55078125,24304.15,24338.849609375,24262.55078125,24316.75,0.05222416132912498,0.006579603326020208,0.05880720079780099,-0.02548030863445294,-0.23017051576672068,-0.10398599048638212,0.22914616561494164,0.4276661883690017,FLAT,FLAT,FLAT,DOWN,DOWN
2024-07-09,24351.0,24443.599609375,24331.900390625,24417.25,25,24351.0,24361.15,24373.55078125,24331.900390625,24374.15,24384.0,24331.900390625,24362.95,24385.55078125,24331.900390625,24331.05,0.08199399532696175,0.27206274896308164,0.3542798194077146,0.04168206644491584,0.0950679643546526,0.049073960001645635,0.17104180783130057,0.4587048529834503,UP,UP,FLAT,FLAT,FLAT
2024-07-10,24459.849609375,24461.05078125,24141.80078125,24312.4,25,24459.849609375,24407.9,24461.05078125,24383.599609375,24400.35,24461.05078125,24383.599609375,24330.75,24461.05078125,24312.05078125,24417.25,0.17446522182063912,-0.6028230415549402,-0.4294095362909359,-0.21238728039884286,-0.24325419135936294,-0.5278021387568897,0.31664614914604555,1.3052001753830795,DOWN,DOWN,DOWN,DOWN,DOWN
2024-07-11,24396.55078125,24402.650390625,24193.75,24338.5,25,24396.55078125,24346.85,24402.650390625,24335.55078125,24339.4,24402.650390625,24310.150390625,24286.1,24402.650390625,24272.44921875,24312.4,0.34612288893732635,-0.2379466743906069,0.10735262664318844,-0.2037205246579326,-0.2342576283116294,-0.45273113498851053,0.2750372787392941,0.8562701854786401,DOWN,UP,DOWN,DOWN,DOWN
2024-07-12,24387.94921875,24592.19921875,24331.150390625,24512.4,25,24387.94921875,24434.3,24434.400390625,24342.44921875,24420.85,24440.75,24342.44921875,24362.9,24440.75,24331.150390625,24338.5,0.2031728280296649,0.5102962128292482,0.7145058241058465,0.19005608398742999,0.13490589534565575,-0.10271146017780022,0.3770352769322067,1.0704009008034996,UP,UP,UP,UP,DOWN
2024-07-15,24587.6,24635.05078125,24522.75,24588.35,25,24587.6,24567.9,24598.0,24536.150390625,24542.35,24598.0,24522.75,24562.0,24598.0,24522.75,24512.4,0.3067835054910865,0.0030503180464949813,0.3098431814102131,-0.08012168735458967,-0.18403585547186388,-0.10411752265368944,0.25154797286030356,0.456737466243147,FLAT,UP,FLAT,DOWN,DOWN
2024-07-16,24615.900390625,24661.25,24587.650390625,24601.1,25,24615.900390625,24622.5,24650.05078125,24599.75,24633.75,24650.05078125,24599.75,24634.4,24650.05078125,24599.75,24588.35,0.11204652050666862,-0.06012532708589528,0.05185382508383035,0.026810351318749526,0.07251251870436577,0.07515308837554062,0.2043426421613126,0.2989921481930863,FLAT,FLAT,FLAT,FLAT,FLAT
2024-07-18,24543.80078125,24837.75,24504.44921875,24779.35,25,24543.80078125,24539.7,24585.94921875,24534.30078125,24580.9,24585.94921875,24515.099609375,24655.5,24678.900390625,24515.099609375,24601.1,-0.23291323863566488,0.9597096262692293,0.7245610968615225,-0.016708012286067872,0.15115514944345151,0.455101553934269,0.21043373828008058,1.357983566687935,UP,UP,FLAT,UP,UP
2024-07-19,24853.80078125,24854.80078125,24508.150390625,24525.85,25,24853.80078125,24769.3,24854.80078125,24727.75,24747.7,24854.80078125,24727.75,24685.85,24854.80078125,24684.19921875,24779.35,0.3004549403031212,-1.3195196345880884,-1.023029256215357,-0.3399913839888389,-0.42689962064089193,-0.6757549186469117,0.5111925631344426,1.3947580640725064,DOWN,DOWN,DOWN,DOWN,DOWN
2024-07-22,24445.75,24595.19921875,24362.30078125,24515.9,25,24445.75,24467.4,24469.44921875,24362.30078125,24494.1,24508.599609375,24362.30078125,24556.0,24558.55078125,24362.30078125,24525.85,-0.3265941853187496,0.28696194635059863,-0.040569439999009575,0.08856345172474339,0.1977848910342229,0.4509986398453719,0.43831110724768113,0.9527154515611098,UP,FLAT,FLAT,UP,UP
2024-07-23,24568.900390625,24582.55078125,24074.19921875,24476.4,25,24568.900390625,24532.2,24582.55078125,24502.599609375,24488.3,24582.55078125,24467.44921875,24449.15,24582.55078125,24445.599609375,24515.9,0.2161878235145295,-0.37649381598003806,-0.1611199262519426,-0.14937742447359753,-0.3280585998702499,-0.4874063906852457,0.32541615865522316,2.0690855285244134,DOWN,DOWN,DOWN,DOWN,DOWN
2024-07-24,24444.94921875,24504.25,24307.25,24441.9,25,24444.94921875,24449.3,24487.0,24405.599609375,24409.1,24504.25,24395.150390625,24441.15,24504.25,24373.44921875,24476.4,-0.1284943098249802,-0.012473819121946481,-0.14095210079913711,0.01779828303616231,-0.14665286652550721,-0.015541937583917875,0.33299472171766054,0.8058924493444853,FLAT,DOWN,FLAT,DOWN,FLAT
2024-07-25,24230.94921875,24426.150390625,24210.80078125,24415.0,25,24230.94921875,24248.2,24276.44921875,24210.80078125,24287.3,24300.099609375,24210.80078125,24294.95,24303.150390625,24210.80078125,24441.9,-0.8630703065228211,0.7595690106418976,-0.11005691046932298,0.07119317156858225,0.2325570523105831,0.2641282463688079,0.2709280470498489,0.8887378180313368,UP,DOWN,FLAT,UP,UP
2024-07-26,24423.349609375,24861.150390625,24410.900390625,24851.75,25,24423.349609375,24477.2,24492.69921875,24410.900390625,24526.6,24528.94921875,24410.900390625,24578.7,24595.0,24410.900390625,24415.0,0.03419868677042801,1.7540607552886882,1.7888593078025803,0.22048732662095635,0.42275278484064066,0.6360732377403666,0.33492059620520354,1.8435227239558074,UP,UP,UP,UP,UP
2024-07-29,24943.30078125,24999.75,24774.599609375,24840.95,25,24943.30078125,24918.35,24980.44921875,24904.55078125,24914.5,24980.44921875,24894.05078125,24878.35,24980.44921875,24877.94921875,24851.75,0.3683876638466104,-0.41033374912007176,-0.04345770418581899,-0.10002998989114174,-0.11546499600265289,-0.2603936897510584,0.3042838562771661,0.9026487416382625,DOWN,FLAT,DOWN,DOWN,DOWN
2024-07-30,24839.400390625,24971.75,24798.650390625,24840.9,25,24839.400390625,24835.75,24858.30078125,24798.650390625,24883.25,24885.30078125,24798.650390625,24851.65,24887.44921875,24798.650390625,24840.95,-0.006238124447739428,0.00603722051023198,-0.00020128054683606064,-0.014695969176364447,0.17653247938927671,0.049315237817192874,0.24014424538006773,0.6968751525915741,FLAT,FLAT,FLAT,UP,FLAT
2024-07-31,24886.69921875,24984.599609375,24856.5,24979.3,25,24886.69921875,24926.85,24928.599609375,24877.55078125,24883.25,24929.099609375,24856.5,24940.1,24945.55078125,24856.5,24840.9,0.18437020699732515,0.3720894459970509,0.557145675076176,0.16133429707603958,-0.01385968753703307,0.2145755882715279,0.20512494516162702,0.5147312154537871,UP,UP,UP,FLAT,UP
2024-08-01,25030.94921875,25078.30078125,24956.400390625,25006.0,25,25030.94921875,25053.4,25078.30078125,25008.80078125,25045.55,25078.30078125,25008.80078125,25037.05,25078.30078125,25008.80078125,24979.3,0.2067680789693896,-0.09967348234365488,0.10688850368105084,0.08969208899670568,0.058330913152355515,0.024372952047017633,0.2776562702142332,0.4869986733610875,FLAT,UP,FLAT,FLAT,FLAT
2024-08-02,24789.0,24851.900390625,24686.849609375,24699.45,25,24789.0,24837.0,24851.900390625,24751.099609375,24761.5,24851.900390625,24751.099609375,24778.9,24851.900390625,24723.69921875,25006.0,-0.8677917299848037,-0.36124894106256517,-1.22590578261217,0.19363427326636815,-0.11093630239219009,-0.04074387833312576,0.40663512545887287,0.6658226683206261,DOWN,DOWN,UP,DOWN,FLAT
2024-08-05,24302.849609375,24350.05078125,23893.69921875,24051.8,25,24302.849609375,24216.55,24350.05078125,24209.599609375,24271.4,24350.05078125,24192.5,24292.15,24350.05078125,24192.5,24699.45,-1.6057053522446887,-1.0330048262248084,-2.6221231646858594,-0.35510078349705143,-0.12940708550846905,-0.044026151447158254,0.5779205901056966,1.8777697670645137,DOWN,DOWN,DOWN,DOWN,FLAT
2024-08-06,24189.849609375,24382.599609375,23960.400390625,24033.05,25,24189.849609375,24318.85,24382.599609375,24189.5,24264.2,24382.599609375,24189.5,24282.85,24382.599609375,24189.5,24051.8,0.5739678916962586,-0.64820415135707,-0.07795674336224316,0.5332831444103037,0.3073619382742485,0.38446039196934645,0.7982670934016988,1.7453569392443549,DOWN,FLAT,UP,UP,UP
2024-08-07,24289.400390625,24337.69921875,24184.900390625,24315.25,25,24289.400390625,24265.05,24306.44921875,24242.69921875,24236.8,24306.44921875,24231.900390625,24207.55,24306.44921875,24184.900390625,24033.05,1.0666577509929065,0.10642341498465806,1.17421633958237,-0.1002510981473189,-0.21655697456122855,-0.3369798731490819,0.26246016358891117,0.6290761635432379,UP,UP,DOWN,DOWN,DOWN
2024-08-08,24248.55078125,24340.5,24079.69921875,24098.7,25,24248.55078125,24220.95,24260.05078125,24198.400390625,24230.55,24263.5,24192.849609375,24161.15,24263.5,24119.30078125,24315.25,-0.2743102322616465,-0.6179782973499192,-0.8905933519087786,-0.11382445697060525,-0.07423446214327864,-0.3604371330825284,0.2542436089527902,1.0755314146512298,DOWN,DOWN,DOWN,FLAT,DOWN
2024-08-09,24386.849609375,24419.75,24311.19921875,24364.4,25,24386.849609375,24388.95,24405.400390625,24315.900390625,24404.2,24409.650390625,24315.900390625,24356.45,24419.75,24315.900390625,24098.7,1.1957060313419365,-0.09205620953338833,1.1025491001589327,0.008612800171586237,0.07114650273781466,-0.12465574628103171,0.36700107407720944,0.44512014872257216,FLAT,UP,FLAT,FLAT,DOWN
2024-08-12,24320.05078125,24472.80078125,24212.099609375,24348.8,25,24320.05078125,24274.7,24323.69921875,24259.25,24274.2,24323.69921875,24259.25,24252.15,24323.69921875,24212.099609375,24364.4,-0.18202467021556637,0.11821200131771116,-0.064027843903409,-0.18647486248245546,-0.18853077924224068,-0.2791967083487668,0.2650044579663803,1.07195981710693,UP,FLAT,DOWN,DOWN,DOWN
2024-08-13,24342.349609375,24359.94921875,24116.5,24141.2,25,24342.349609375,24324.15,24359.94921875,24308.349609375,24339.85,24359.94921875,24299.400390625,24330.1,24359.94921875,24299.400390625,24348.8,-0.02649161611660235,-0.8263360464493956,-0.8526087527927394,-0.07476521234412518,-0.010268562464647116,-0.05032221445987181,0.2119746458457214,1.0001056703919826,DOWN,DOWN,FLAT,FLAT,FLAT
2024-08-14,24184.400390625,24196.5,24099.69921875,24144.5,25,24184.400390625,24135.3,24196.5,24130.30078125,24128.35,24196.5,24099.69921875,24147.35,24196.5,24099.69921875,24141.2,0.17894881209301639,-0.16498399786858992,0.013669577320097064,-0.20302504851033779,-0.23176258133209374,-0.1531995419632728,0.2737269383600757,0.4002612414882301,DOWN,FLAT,DOWN,DOWN,DOWN
2024-08-16,24334.849609375,24563.900390625,24204.5,24539.2,25,24334.849609375,24385.65,24403.55078125,24302.80078125,24335.35,24403.55078125,24302.80078125,24295.0,24403.55078125,24274.400390625,24144.5,0.7883766877549752,0.8397437991409438,1.634740831245214,0.2087557204603829,0.0020562716968909036,-0.16375531394140172,0.4140152974735708,1.4768958772876122,UP,UP,UP,FLAT,DOWN
2024-08-19,24636.349609375,24638.80078125,24522.94921875,24579.0,25,24636.349609375,24581.1,24638.80078125,24576.25,24615.9,24638.80078125,24576.25,24580.45,24638.80078125,24566.0,24539.2,0.39589558492126586,-0.23278452483551562,0.16218947642954648,-0.2242605347424402,-0.08300584177136676,-0.2268989126283851,0.25389630461404566,0.4702464623895189,DOWN,UP,DOWN,FLAT,DOWN
2024-08-20,24648.900390625,24734.30078125,24607.19921875,24672.85,25,24648.900390625,24622.85,24660.30078125,24607.19921875,24669.75,24676.900390625,24607.19921875,24722.6,24725.80078125,24607.19921875,24579.0,0.2843907019203385,0.09716299305630516,0.3818300174946033,-0.10568581239798226,0.08458636711814524,0.29899755448332116,0.2154317704176237,0.515648002489969,FLAT,UP,DOWN,FLAT,UP
2024-08-21,24680.55078125,24787.94921875,24654.5,24781.9,25,24680.55078125,24677.5,24708.099609375,24654.5,24684.7,24708.099609375,24654.5,24712.75,24721.5,24654.5,24672.85,0.03121155946719352,0.41064407212093995,0.441983800006902,-0.012361074422689551,0.01681169430445985,0.1304639391372983,0.21717347335587028,0.5407059993627953,UP,UP,FLAT,FLAT,UP
2024-08-22,24863.400390625,24867.349609375,24784.44921875,24810.9,25,24863.400390625,24826.85,24867.349609375,24798.849609375,24830.85,24867.349609375,24798.849609375,24813.75,24867.349609375,24784.44921875,24781.9,0.32887062987502386,-0.21115531182450153,0.11702089024651055,-0.1470047943996556,-0.130916890343265,-0.19969268018432906,0.27550535696568934,0.3334233826530761,DOWN,UP,DOWN,DOWN,DOWN
2024-08-23,24845.400390625,24858.400390625,24771.650390625,24831.85,25,24845.400390625,24829.65,24858.400390625,24792.30078125,24784.5,24858.400390625,24771.650390625,24801.5,24858.400390625,24771.650390625,24810.9,0.1390533621311542,-0.05453882977114134,0.08443869428354912,-0.06339358745428668,-0.24511736445181118,-0.17669423690014305,0.2660436472577097,0.34915919500630654,FLAT,FLAT,FLAT,DOWN,DOWN
2024-08-26,24906.099609375,25043.80078125,24874.69921875,25011.45,25,24906.099609375,24919.25,24920.0,24874.69921875,24982.9,24983.650390625,24874.69921875,25008.35,25017.25,24874.69921875,24831.85,0.2990095759075601,0.4229903207539786,0.7232646782257551,0.05279987967305009,0.30835976660148234,0.41054357056578256,0.18188629275757076,0.678956420925691,UP,UP,FLAT,UP,UP
2024-08-27,25024.80078125,25073.099609375,24973.650390625,24997.05,25,25024.80078125,25002.7,25037.69921875,24988.0,24997.0,25037.69921875,24973.650390625,25013.55,25043.650390625,24973.650390625,25011.45,0.053378677565672016,-0.1108931155639536,-0.057573631276881004,-0.08831551325099231,-0.11109291735433083,-0.044958524738508414,0.19859985773488142,0.39740263916311774,DOWN,FLAT,FLAT,DOWN,FLAT
2024-08-28,25030.80078125,25129.599609375,24964.650390625,25044.85,25,25030.80078125,25012.7,25048.150390625,25000.349609375,24991.95,25048.150390625,24964.650390625,25010.95,25048.150390625,24964.650390625,24997.05,0.1350190572487583,0.056127723890170116,0.19122256426258008,-0.07231403185294077,-0.15521189908994643,-0.07930541824642318,0.19096784664518793,0.6589849849053159,FLAT,UP,FLAT,DOWN,FLAT
2024-08-29,25035.30078125,25192.900390625,24998.5,25156.75,25,25035.30078125,25054.25,25073.650390625,25017.5,25063.55,25074.099609375,25017.5,25097.4,25117.94921875,25017.5,25044.85,-0.03812847252029278,0.485111881863063,0.4467984435922014,0.07568999835700746,0.11283754486048081,0.24804662541346498,0.22428486526134891,0.7765051130146385,UP,UP,FLAT,UP,UP
2024-08-30,25249.69921875,25268.349609375,25199.400390625,25247.0,25,25249.69921875,25253.0,25258.80078125,25224.099609375,25223.0,25258.80078125,25205.55078125,25218.85,25258.80078125,25199.400390625,25156.75,0.3694802339332386,-0.01069010258940275,0.3587506335277808,0.013072556712077169,-0.10574073979532245,-0.1221765791455185,0.13743202077128705,0.2730694657099102,FLAT,UP,FLAT,DOWN,DOWN
2024-09-02,25333.599609375,25333.650390625,25235.5,25273.9,25,25333.599609375,25308.5,25333.650390625,25290.44921875,25310.45,25333.650390625,25281.75,25305.2,25333.650390625,25281.650390625,25247.0,0.34300950360438864,-0.23565387586257577,0.10654731255199214,-0.09907636404623522,-0.09137907653057122,-0.11210254291888966,0.17052914919762485,0.3874316802128596,DOWN,UP,FLAT,FLAT,DOWN
2024-09-03,25313.400390625,25321.69921875,25235.80078125,25268.85,25,25313.400390625,25267.15,25321.69921875,25255.099609375,25270.5,25321.69921875,25255.099609375,25265.25,25321.69921875,25241.19921875,25273.9,0.156289257395964,-0.1759952828838476,-0.019981087208554713,-0.18271109337853997,-0.16947699622721754,-0.19021699922556767,0.26310020916694243,0.33933978120068414,DOWN,FLAT,DOWN,DOWN,DOWN
2024-09-04,25089.94921875,25216.0,25083.80078125,25206.35,25,25089.94921875,25104.7,25133.099609375,25083.80078125,25095.3,25133.099609375,25083.80078125,25152.45,25158.400390625,25083.80078125,25268.85,-0.707989406917998,0.4639339053066354,-0.24734010451603455,0.0587915946795831,0.02132639330334146,0.24910684635141944,0.19648835354420896,0.5269011013031707,UP,DOWN,FLAT,FLAT,UP
2024-09-05,25250.5,25275.44921875,25127.75,25144.8,25,25250.5,25217.1,25275.44921875,25207.94921875,25208.9,25275.44921875,25187.0,25207.0,25275.44921875,25186.94921875,25206.35,0.17515427660094166,-0.4186055721668907,-0.24418450112768916,-0.13227460842360134,-0.16474921288686775,-0.17227381636007208,0.2673214391794222,0.5849358181026119,DOWN,DOWN,DOWN,DOWN,DOWN
2024-09-06,25093.69921875,25168.75,24801.3,24868.5,25,25093.69921875,25138.0,25157.849609375,25085.099609375,25064.3,25168.75,25043.5,24921.1,25168.75,24879.44921875,25144.8,-0.20322603977760523,-0.8974333229503733,-1.098835544526102,0.1765414531505123,-0.1171577713342226,-0.6878189510657536,0.2899134135856751,1.4643118051141788,DOWN,DOWN,UP,DOWN,DOWN
2024-09-09,24823.400390625,24957.5,24753.15,24942.25,25,24823.400390625,24755.65,24827.80078125,24754.30078125,24829.3,24847.19921875,24753.15,24826.5,24868.44921875,24753.15,24868.5,-0.18135235086555282,0.4787805357234043,0.29655990510083036,-0.27292953245271623,0.023766322430295913,0.012486642950699947,0.296091586339471,0.8232151791628635,UP,UP,DOWN,FLAT,FLAT
2024-09-10,24999.400390625,25130.5,24896.80078125,25052.1,25,24999.400390625,24995.35,25014.80078125,24966.150390625,24967.15,25014.80078125,24957.599609375,24915.05,25014.80078125,24896.80078125,24942.25,0.22913085477452916,0.21080349349003338,0.44041736411109084,-0.016201951093676583,-0.12900465659605473,-0.33740965505969844,0.19460623000879787,0.9348192960565539,UP,UP,FLAT,DOWN,DOWN
2024-09-11,25034.0,25113.69921875,24885.150390625,24951.8,25,25034.0,25005.15,25038.599609375,24981.30078125,25063.45,25064.900390625,24981.30078125,25055.95,25073.5,24981.30078125,25052.1,-0.07224943218332414,-0.32835343932252425,-0.4003656380103835,-0.11524326915394482,0.11764000958696463,0.08768075417432583,0.22888403021890227,0.9129536954741552,DOWN,DOWN,DOWN,UP,FLAT
2024-09-12,25059.650390625,25433.349609375,24941.44921875,25314.95,25,25059.650390625,25057.05,25072.55078125,25010.099609375,25045.75,25072.55078125,25008.44921875,25017.2,25072.55078125,24981.900390625,24951.8,0.43223491140919984,1.0187676419879752,1.4554060228119874,-0.010376803285226808,-0.055469212093239094,-0.16939737770994712,0.24921006838293103,1.9629180094588374,UP,UP,FLAT,FLAT,DOWN
2024-09-13,25430.44921875,25430.5,25292.44921875,25343.55,25,25430.44921875,25315.9,25430.5,25312.30078125,25339.75,25430.5,25292.44921875,25326.0,25430.5,25292.44921875,25314.95,0.45624904947471456,-0.34171326665330587,0.11297671929037403,-0.45044119262172067,-0.3566559834229236,-0.41072502436562963,0.4647940653083356,0.5428562431693674,DOWN,UP,DOWN,DOWN,DOWN
2024-09-16,25406.650390625,25445.69921875,25336.19921875,25377.2,25,25406.650390625,25397.35,25411.599609375,25366.0,25434.85,25435.75,25366.0,25409.35,25445.69921875,25366.0,25343.55,0.24898007826449228,-0.11591606989588207,0.1327754004470623,-0.03660612667159493,0.11099302324955099,0.010625601303171767,0.17947902881296843,0.4309895177697461,DOWN,UP,FLAT,UP,FLAT
2024-09-17,25416.900390625,25441.650390625,25352.25,25407.15,25,25416.900390625,25378.9,25416.900390625,25356.849609375,25389.95,25416.900390625,25356.849609375,25373.9,25416.900390625,25352.25,25377.2,0.15644117800623897,-0.03836183985910008,0.11801932443295843,-0.1495083587730271,-0.10603334871997178,-0.16918030902327966,0.2362631962477599,0.35173600734562915,FLAT,UP,DOWN,DOWN,DOWN
2024-09-18,25402.400390625,25482.19921875,25285.55078125,25343.45,25,25402.400390625,25404.0,25418.150390625,25380.80078125,25433.7,25434.05078125,25380.80078125,25413.9,25443.099609375,25380.80078125,25407.15,-0.01869398722407454,-0.2320662209810514,-0.25071682577542437,0.006297079608233997,0.12321516429034851,0.04526977450227695,0.14703181117003508,0.7741332884925906,DOWN,DOWN,FLAT,UP,FLAT
2024-09-19,25487.05078125,25611.94921875,25376.05078125,25445.0,25,25487.05078125,25565.75,25587.099609375,25481.69921875,25604.95,25605.80078125,25481.69921875,25513.05,25611.94921875,25481.69921875,25343.45,0.5666189143545937,-0.16498880788880996,0.40069524867371753,0.30878119020305195,0.46258478378649986,0.10200952229877477,0.413544868449588,0.9255619236790741,DOWN,UP,UP,UP,UP
2024-09-20,25525.94921875,25849.25,25426.599609375,25820.35,25,25525.94921875,25488.3,25547.849609375,25453.30078125,25459.8,25547.849609375,25426.599609375,25553.55,25610.099609375,25426.599609375,25445.0,0.3181340882295146,1.1533392107265787,1.475142464138332,-0.14749390288038974,-0.2591449907822078,0.10812832468429896,0.37040279017537764,1.6557675759792845,UP,UP,DOWN,DOWN,UP
2024-09-23,25872.55078125,25956.0,25847.349609375,25930.15,25,25872.55078125,25892.0,25910.349609375,25849.5,25891.8,25911.69921875,25849.5,25897.05,25925.80078125,25849.5,25820.35,0.20216914662272764,0.22262674924091352,0.42524597846273543,0.07517317837905248,0.07440015834831912,0.09469193415499647,0.23518983454502715,0.4199446414991274,UP,UP,FLAT,FLAT,FLAT
2024-09-24,25921.44921875,26011.55078125,25886.849609375,25951.9,25,25921.44921875,25932.4,25938.05078125,25886.849609375,25955.6,25959.05078125,25886.849609375,25956.15,25978.900390625,25886.849609375,25930.15,-0.033554689232424245,0.11747329785857502,0.08387919082612326,0.04224602242563014,0.1317471911458405,0.13386898609396045,0.19752434149385517,0.48107330274110893,UP,FLAT,FLAT,UP,UP
2024-09-25,25899.44921875,26032.80078125,25871.349609375,26013.5,25,25899.44921875,25939.15,25951.75,25891.69921875,25939.5,25951.75,25891.69921875,25911.25,25954.150390625,25891.69921875,25951.9,-0.20210767323394996,0.4403598713112112,0.23736219698749816,0.15328812946825113,0.1546395095576206,0.04556383091520256,0.23186122895048292,0.6233768545090018,UP,UP,UP,UP,FLAT
2024-09-26,26005.400390625,26250.900390625,25998.400390625,26184.65,25,26005.400390625,26049.25,26056.0,25998.400390625,26031.15,26056.0,25998.400390625,26063.55,26075.19921875,25998.400390625,26013.5,-0.031136176888923058,0.6892784063406358,0.6579276145078573,0.16861732069623458,0.09901639270389485,0.2236058991653223,0.2214909538395909,0.9709521722689061,UP,UP,UP,FLAT,UP
2024-09-27,26248.25,26277.349609375,26151.400390625,26175.0,25,26248.25,26230.6,26250.55078125,26208.900390625,26240.85,26250.55078125,26208.900390625,26262.25,26271.849609375,26208.900390625,26184.65,0.24289039570893076,-0.2790662234625165,-0.036853652808043855,-0.06724257807663922,-0.02819235568086046,0.05333688912594173,0.15867873334412771,0.47983853685483796,DOWN,FLAT,FLAT,FLAT,FLAT
2024-09-30,26061.30078125,26134.69921875,25794.099609375,25822.8,25,26061.30078125,26065.2,26134.69921875,26045.099609375,26021.7,26134.69921875,26012.099609375,25982.55,26134.69921875,25961.55078125,26175.0,-0.4343809694364852,-0.915153020380287,-1.345558739255017,0.014961719611501702,-0.15195243546128118,-0.30217517502679136,0.34380328950987404,1.306917149814897,DOWN,DOWN,FLAT,DOWN,DOWN
2024-10-01,25788.44921875,25907.599609375,25739.19921875,25812.55,25,25788.44921875,25850.0,25907.599609375,25788.05078125,25861.3,25907.599609375,25788.05078125,25824.05,25907.599609375,25788.05078125,25822.8,-0.13302500600244463,0.093455721379618,-0.03969360410180151,0.23867577584017072,0.28249384300716956,0.13804932955842503,0.4635750956210259,0.6530070466686348,FLAT,FLAT,UP,UP,UP
2024-10-03,25452.849609375,25639.44921875,25230.30078125,25266.0,25,25452.849609375,25588.15,25603.849609375,25451.599609375,25616.75,25639.44921875,25451.599609375,25528.9,25639.44921875,25451.599609375,25812.55,-1.3935097099085494,-0.7341009444623365,-2.117380886429273,0.5315726635777808,0.6439372924461506,0.29878929782773694,0.5981648512311252,1.607475955656058,DOWN,DOWN,UP,UP,UP
2024-10-04,25181.900390625,25485.05078125,24966.80078125,25049.1,25,25181.900390625,25130.5,25287.900390625,25118.150390625,25189.55,25287.900390625,25094.55078125,25213.7,25294.05078125,25094.55078125,25266.0,-0.3328568407147946,-0.5273644505179675,-0.8584659225837151,-0.20411640832371775,0.030377410983037464,0.12627962497556158,0.6740952722662521,2.0580257723239184,DOWN,DOWN,DOWN,FLAT,UP
2024-10-07,25084.099609375,25143.0,24694.349609375,24819.0,25,25084.099609375,25077.8,25143.0,25070.849609375,25071.95,25143.0,25049.900390625,25058.8,25143.0,25018.55078125,25049.1,0.13972401952565744,-1.0568432333760984,-0.9185958776961989,-0.025113954549304592,-0.04843550123066185,-0.10085914889903078,0.2876339663315414,1.78858479120901,DOWN,DOWN,FLAT,FLAT,DOWN
2024-10-08,24832.19921875,25044.0,24756.80078125,25039.5,25,24832.19921875,24835.2,24865.099609375,24765.80078125,24802.35,24865.099609375,24756.80078125,24827.85,24901.150390625,24756.80078125,24819.0,0.05318191204319271,0.8348063714528909,0.8884322494862807,0.01208423476135345,-0.12020368589610567,-0.017514432417719567,0.3998793149582282,1.156559740118165,UP,UP,FLAT,DOWN,FLAT
2024-10-09,25065.80078125,25234.05078125,24947.69921875,25019.55,25,25065.80078125,25055.45,25091.849609375,25041.150390625,25086.55,25091.849609375,25041.150390625,25171.0,25190.349609375,25031.349609375,25039.5,0.10503716627728188,-0.18451746925475349,-0.07967411489846334,-0.041294436752014635,0.08277899809018004,0.4196922319301776,0.20226450849288083,1.1423994190291336,DOWN,FLAT,FLAT,FLAT,UP
2024-10-10,25067.05078125,25134.05078125,24979.400390625,25007.55,25,25067.05078125,25048.6,25083.5,25017.05078125,25013.75,25083.5,25010.80078125,25116.95,25130.349609375,24995.849609375,25019.55,0.1898546586569332,-0.2373665006276165,-0.04796249333021577,-0.0736057121797612,-0.21263283708615877,0.19906298186193103,0.2650859063153277,0.6169468916569856,DOWN,FLAT,FLAT,DOWN,UP
2024-10-11,24985.30078125,25028.650390625,24920.05078125,24975.05,25,24985.30078125,24986.75,25012.150390625,24934.349609375,24975.8,25012.150390625,24934.349609375,25022.25,25028.650390625,24934.349609375,25007.55,-0.08897000605816753,-0.04102724773957229,-0.12996075185294043,0.005800285386548372,-0.038025482795590385,0.14788382606835865,0.3113862103608731,0.4346540004693385,FLAT,DOWN,FLAT,FLAT,UP
2024-10-14,25023.44921875,25159.75,25017.5,25142.3,25,25023.44921875,25040.95,25066.849609375,25017.5,25092.0,25093.25,25017.5,25100.15,25131.94921875,25017.5,24975.05,0.19379027769714466,0.47495762958587145,0.6696683289923343,0.06993752578636299,0.2739461720514336,0.30651562292431606,0.19721345743984198,0.5684667959100238,UP,UP,FLAT,UP,UP
2024-10-15,25186.30078125,25212.05078125,25008.150390625,25065.15,25,25186.30078125,25176.2,25212.05078125,25166.25,25157.55,25212.05078125,25155.94921875,25055.3,25212.05078125,25041.599609375,25142.3,0.17500698524001673,-0.4810185596615662,-0.3068533905012581,-0.040104266750910965,-0.11415245732078413,-0.5201271214370812,0.18184798810985572,0.8095686317571262,DOWN,DOWN,FLAT,DOWN,DOWN
2024-10-16,25008.55078125,25093.400390625,24908.44921875,24959.9,25,25008.55078125,25016.75,25037.349609375,24994.650390625,25078.75,25084.05078125,24994.650390625,25059.5,25093.400390625,24994.650390625,25065.15,-0.225808418262015,-0.19453658740783236,-0.4199057256788808,0.03278566127929057,0.2807008665317441,0.20372719393320005,0.1707384771052526,0.7395517376947166,DOWN,DOWN,FLAT,UP,UP
2024-10-17,25027.400390625,25029.5,24728.900390625,24750.2,25,25027.400390625,24940.65,25029.5,24923.099609375,24850.2,25029.5,24839.099609375,24831.95,25029.5,24802.150390625,24959.9,0.2704353407866159,-1.1075876291523894,-0.8401475967451822,-0.3466216597449503,-0.7080255554283483,-0.7809456338829859,0.42513560723173016,1.201082032825117,DOWN,DOWN,DOWN,DOWN,DOWN
2024-10-18,24664.94921875,24886.19921875,24567.650390625,24862.65,25,24664.94921875,24573.0,24694.94921875,24567.650390625,24654.7,24694.94921875,24567.650390625,24671.2,24705.900390625,24567.650390625,24750.2,-0.34444481761763834,0.8015454623345085,0.4543397629110097,-0.37279305922957795,-0.041553780058902125,0.02534276959000977,0.51611226520681,1.2915040906828343,UP,UP,DOWN,FLAT,FLAT
2024-10-21,24956.150390625,24978.30078125,24679.599609375,24739.45,25,24956.150390625,24892.75,24978.30078125,24890.19921875,24772.25,24978.30078125,24746.69921875,24804.05,24978.30078125,24679.599609375,24862.65,0.3760676783247101,-0.868324590263748,-0.4955224000659653,-0.2540471572443197,-0.7368940631728355,-0.6094705643468897,0.353025451125251,1.1969040384818714,DOWN,DOWN,DOWN,DOWN,DOWN
2024-10-22,24798.650390625,24882.0,24445.80078125,24481.75,25,24798.650390625,24817.35,24854.05078125,24755.349609375,24851.3,24854.05078125,24755.349609375,24757.85,24882.0,24750.55078125,24739.45,0.23929550020311396,-1.2778936983796607,-1.0416561402941484,0.07540575426664281,0.21230836576051404,-0.16452665762982743,0.39801025588196304,1.7589635398662775,DOWN,DOWN,FLAT,UP,DOWN
2024-10-23,24378.150390625,24604.25,24378.099609375,24436.0,25,24378.150390625,24490.7,24521.400390625,24378.099609375,24407.75,24521.400390625,24378.099609375,24516.3,24540.0,24378.099609375,24481.75,-0.42317076751049254,0.23730106036775855,-0.18687389586120273,0.46168231621986977,0.12141860190666062,0.5666943847722216,0.5878246665715401,0.9276765751349605,UP,DOWN,UP,UP,UP
2024-10-24,24412.69921875,24480.650390625,24341.19921875,24414.6,25,24412.69921875,24409.35,24480.650390625,24400.849609375,24362.2,24480.650390625,24341.19921875,24445.7,24480.650390625,24341.19921875,24436.0,-0.09535431842363726,0.007786034772175718,-0.08757570797185077,-0.01371916607823977,-0.20685635085862897,0.1351787483813126,0.3268822531050134,0.5712238971424165,FLAT,FLAT,FLAT,DOWN,UP
2024-10-25,24418.05078125,24440.25,24073.900390625,24211.8,25,24418.05078125,24433.35,24440.25,24372.849609375,24333.45,24440.25,24312.400390625,24238.85,24440.25,24233.75,24414.6,0.014134088823906415,-0.8446652154904005,-0.8306505123983161,0.06265536461962978,-0.34646820095468905,-0.7338865122993568,0.27602690824426923,1.5003229072498716,DOWN,DOWN,FLAT,DOWN,DOWN
2024-10-28,24251.099609375,24492.6,24134.900390625,24367.7,25,24251.099609375,24215.75,24292.900390625,24212.5,24148.85,24292.900390625,24145.650390625,24291.8,24300.5,24134.900390625,24211.8,0.16231593427585198,0.4808045511467253,0.643900907821812,-0.1457649753800629,-0.4216287550749813,0.16782905221033895,0.3315329693088176,1.474983052878637,UP,UP,DOWN,DOWN,UP
2024-10-29,24328.849609375,24484.5,24140.849609375,24454.0,25,24328.849609375,24262.5,24378.650390625,24251.0,24218.2,24378.650390625,24206.75,24225.15,24378.650390625,24158.25,24367.7,-0.1594339663776258,0.5144114606091934,0.3541573476364174,-0.27271987965034117,-0.4548082262482357,-0.42624131859912695,0.5246873266700228,1.412522154325686,UP,UP,DOWN,DOWN,DOWN
2024-10-30,24371.44921875,24498.19921875,24307.30078125,24350.3,25,24371.44921875,24383.8,24436.44921875,24337.599609375,24401.05,24436.44921875,24337.599609375,24418.25,24436.44921875,24337.599609375,24454.0,-0.33757578003598593,-0.08677866695645546,-0.4240615032305583,0.050677254106404494,0.12145679554922047,0.1920311789009008,0.40559594338341914,0.7832871807768151,FLAT,DOWN,FLAT,UP,UP
2024-10-31,24349.849609375,24372.44921875,24172.599609375,24238.5,25,24349.849609375,24271.7,24372.44921875,24271.19921875,24261.35,24372.44921875,24234.30078125,24274.05,24372.44921875,24234.30078125,24350.3,-0.001849630702698827,-0.45729074783332124,-0.4591319203459476,-0.32094493653427203,-0.36345033252660414,-0.31129395290317075,0.4158136564466397,0.8207426845792729,DOWN,DOWN,DOWN,DOWN,DOWN
2024-11-04,24315.75,24316.75,23816.150390625,23990.95,25,24315.75,24076.65,24316.75,24074.05078125,24069.75,24316.75,24056.150390625,23972.3,24316.75,23948.94921875,24238.5,0.31870784083173465,-1.335759744198716,-1.0213090744064166,-0.9833132845994821,-1.0116899540421331,-1.4124590029096398,0.9981152905010128,2.058746324398795,DOWN,DOWN,DOWN,DOWN,DOWN
2024-11-05,23916.5,24229.05078125,23842.75,24198.15,25,23916.5,23983.7,24026.25,23908.650390625,23958.65,24026.25,23908.650390625,23969.95,24026.25,23908.650390625,23990.95,-0.31032535185143034,1.17763886856355,0.8636590047497107,0.28097756778793187,0.1762381619384168,0.22348587795037203,0.49170911034223236,1.6152061599732401,UP,UP,UP,UP,UP
2024-11-06,24308.75,24537.599609375,24204.05078125,24493.9,25,24308.75,24343.85,24344.80078125,24204.05078125,24346.4,24352.75,24204.05078125,24379.25,24415.05078125,24204.05078125,24198.15,0.4570597339052718,0.7616598961279435,1.2222008707277208,0.14439245127782607,0.15488250115699678,0.2900190260708593,0.5790096158790559,1.3721348408494882,UP,UP,UP,UP,UP
2024-11-07,24489.599609375,24503.349609375,24179.05078125,24194.6,25,24489.599609375,24353.7,24503.349609375,24342.849609375,24363.15,24503.349609375,24326.400390625,24221.75,24503.349609375,24202.55078125,24493.9,-0.01755698612716413,-1.2045913942262698,-1.2219368904094607,-0.5549278532221278,-0.5163400439041546,-1.0937280055508256,0.6553802534956844,1.32423082981256,DOWN,DOWN,DOWN,DOWN,DOWN
2024-11-08,24207.69921875,24276.150390625,24066.650390625,24110.35,25,24207.69921875,24170.5,24223.900390625,24066.650390625,24183.55,24223.900390625,24066.650390625,24201.8,24276.150390625,24066.650390625,24194.6,0.05414108416754754,-0.4021415578172745,-0.34821819744901755,-0.15366689090877111,-0.09975842202837693,-0.02436918393893256,0.6495867227158972,0.8654271440952654,DOWN,DOWN,DOWN,FLAT,FLAT
2024-11-11,24087.25,24336.80078125,24004.599609375,24122.1,25,24087.25,24099.15,24106.25,24004.599609375,24145.7,24157.44921875,24004.599609375,24123.15,24178.69921875,24004.599609375,24110.35,-0.0958094760134073,0.1446823526969602,0.048734257279550074,0.04940373018921402,0.24265949828228928,0.1490415053607259,0.42200911529958796,1.3791577364580847,UP,FLAT,FLAT,UP,UP
2024-11-12,24225.80078125,24242.0,23839.150390625,23842.95,25,24225.80078125,24173.5,24242.0,24170.650390625,24153.9,24242.0,24132.900390625,24164.35,24242.0,24120.150390625,24122.1,0.42989947496279957,-1.5803431420368719,-1.1572375539442994,-0.21588876141703908,-0.2967942397414886,-0.25365841073688017,0.2945190956503792,1.6628949152706347,DOWN,DOWN,DOWN,DOWN,DOWN
2024-11-13,23822.44921875,23873.599609375,23509.599609375,23602.9,25,23822.44921875,23800.4,23873.599609375,23780.30078125,23755.6,23873.599609375,23753.55078125,23694.55,23873.599609375,23689.44921875,23842.95,-0.08598257031953147,-0.9216064088708281,-1.006796558311783,-0.09255647287787776,-0.28061438240945547,-0.5368852613581594,0.3916424682797394,1.5279705149439695,DOWN,DOWN,FLAT,DOWN,DOWN
2024-11-14,23542.150390625,23675.900390625,23484.150390625,23559.6,25,23542.150390625,23581.6,23645.30078125,23541.349609375,23575.05,23645.30078125,23500.650390625,23616.9,23675.900390625,23500.650390625,23602.9,-0.2573819716009535,0.07412071151302882,-0.18345203343658156,0.16757011878875877,0.1397476816225786,0.3175139404630105,0.44155342715164897,0.8144965384146006,FLAT,DOWN,UP,UP,UP
2024-11-18,23605.30078125,23606.80078125,23350.400390625,23465.3,25,23605.30078125,23472.3,23606.80078125,23463.55078125,23368.35,23606.80078125,23366.44921875,23450.0,23606.80078125,23362.349609375,23559.6,0.19397944468497538,-0.5930904356923306,-0.4002614645409909,-0.5634360793896132,-1.003803270484969,-0.6579063858968383,0.6068552200520374,1.0861983628213803,DOWN,DOWN,DOWN,DOWN,DOWN
2024-11-19,23529.55078125,23780.650390625,23464.80078125,23468.7,25,23529.55078125,23663.85,23665.650390625,23517.099609375,23702.6,23702.6,23517.099609375,23691.85,23709.599609375,23517.099609375,23465.3,0.2738118892577582,-0.2586142923667266,0.014489480211211684,0.5707683074723959,0.7354548344709425,0.689767604400378,0.6313370902447305,1.3423529089500985,DOWN,FLAT,UP,UP,UP
2024-11-21,23488.44921875,23507.30078125,23263.150390625,23346.75,25,23488.44921875,23379.5,23507.30078125,23338.75,23321.6,23507.30078125,23263.150390625,23308.75,23507.30078125,23263.150390625,23468.7,0.08415131110798328,-0.6032719207230017,-0.5196282708458531,-0.46384168548270815,-0.7103458265640271,-0.7650535677193727,0.7175900787671068,1.039448745003154,DOWN,DOWN,DOWN,DOWN,DOWN
2024-11-22,23411.80078125,23956.099609375,23359.0,23873.5,25,23411.80078125,23508.35,23524.69921875,23359.0,23463.75,23541.099609375,23359.0,23575.5,23608.94921875,23359.0,23346.75,0.2786288509107263,1.9720790513464679,2.2562026834570124,0.4123955250265187,0.22189330601004,0.6992166911017932,0.7077593915061198,2.5504215372155565,UP,UP,UP,UP,UP
2024-11-25,24253.55078125,24351.55078125,24135.44921875,24250.8,25,24253.55078125,24311.8,24323.25,24212.25,24290.0,24330.69921875,24212.25,24261.75,24330.69921875,24212.25,23873.5,1.5919357498900455,-0.0113417671284953,1.5804134291159626,0.24016779759535556,0.15028405151372004,0.03380626129324814,0.45766494564504,0.8910099986970337,FLAT,UP,UP,UP,FLAT
2024-11-26,24343.30078125,24343.30078125,24125.400390625,24192.95,25,24343.30078125,24306.65,24343.30078125,24280.80078125,24261.25,24343.30078125,24258.099609375,24236.45,24343.30078125,24207.0,24250.8,0.3814339372309397,-0.6176269298936006,-0.23854883137875266,-0.15055797724123002,-0.33705692579372054,-0.4389330034171012,0.2567441472363498,0.8951143995757302,DOWN,DOWN,DOWN,DOWN,DOWN
2024-11-27,24204.80078125,24354.55078125,24145.650390625,24277.35,25,24204.80078125,24170.35,24268.849609375,24153.75,24167.15,24268.849609375,24145.650390625,24202.75,24268.849609375,24145.650390625,24192.95,0.04898444071516401,0.2997306997304355,0.3488619618525141,-0.14233036479560038,-0.15555088261318942,-0.0084726218923835,0.47552388641909715,0.8630535426130114,UP,UP,DOWN,DOWN,FLAT
2024-11-28,24274.150390625,24345.75,23873.349609375,23957.45,25,24274.150390625,24277.35,24323.05078125,24265.5,24274.7,24323.05078125,24254.349609375,24327.8,24345.75,24254.349609375,24277.35,-0.013179401273197219,-1.304681669712787,-1.317689121753395,0.013181138468328335,0.002264175537171402,0.22101539502581094,0.2370866964399581,1.946104737026954,DOWN,DOWN,FLAT,FLAT,UP
2024-11-29,23927.150390625,24188.44921875,23927.150390625,24123.65,25,23927.150390625,24029.1,24030.75,23927.150390625,24003.1,24049.349609375,23927.150390625,23969.0,24072.150390625,23927.150390625,23957.45,-0.12647259777230352,0.8212411681584649,0.6937299253468158,0.42608337269842156,0.3174202031377572,0.17490427690627663,0.4329793046128544,1.0920599564057598,UP,UP,UP,UP,UP
2024-12-02,24140.849609375,24301.69921875,24008.650390625,24275.25,25,24140.849609375,24034.6,24154.650390625,24008.650390625,24120.55,24154.650390625,24008.650390625,24118.35,24154.650390625,24008.650390625,24123.65,0.07129770733283952,0.5567343022293886,0.6284289483556532,-0.4401237367128117,-0.08408821438959405,-0.09320139820706154,0.6047840169771883,1.213912653725309,UP,UP,DOWN,FLAT,FLAT
2024-12-03,24367.5,24481.349609375,24280.0,24445.85,25,24367.5,24300.05,24377.900390625,24282.650390625,24317.6,24377.900390625,24280.0,24336.95,24377.900390625,24280.0,24275.25,0.3800166836592826,0.3215348312301161,0.7027734008918489,-0.27680311890838505,-0.20478095824356812,-0.12537190930542433,0.39088950446291165,0.826303926849287,UP,UP,DOWN,DOWN,DOWN
2024-12-04,24488.75,24573.19921875,24366.30078125,24461.55,25,24488.75,24516.3,24517.0,24446.849609375,24561.55,24562.19921875,24446.849609375,24542.85,24573.19921875,24446.849609375,24445.85,0.1754899093302195,-0.1110714103414863,0.0642235798714331,0.11250063804808033,0.2972793629727907,0.2209177683630179,0.2864596626001735,0.8448713695064061,DOWN,FLAT,UP,UP,UP
2024-12-05,24539.150390625,24857.75,24295.55078125,24701.55,25,24539.150390625,24513.8,24539.94921875,24476.05078125,24473.15,24539.94921875,24449.5,24400.1,24539.94921875,24396.19921875,24461.55,0.317234151658422,0.661798011707214,0.9811316126737677,-0.10330590188112486,-0.2689595588045033,-0.5666471267812296,0.2603938460901724,2.2910296803298618,UP,UP,DOWN,DOWN,DOWN
2024-12-06,24729.44921875,24751.05078125,24620.5,24669.0,25,24729.44921875,24705.65,24742.900390625,24682.94921875,24725.7,24742.900390625,24682.94921875,24650.85,24751.05078125,24625.25,24701.55,0.11294521497639107,-0.24444223652246602,-0.13177310735560835,-0.09623836964372764,-0.015160947244860572,-0.3178365116615986,0.24242825363673973,0.5279162511675177,DOWN,DOWN,FLAT,FLAT,DOWN
2024-12-09,24633.900390625,24705.0,24580.05078125,24626.6,25,24633.900390625,24662.75,24705.0,24621.849609375,24644.45,24705.0,24621.849609375,24584.95,24705.0,24584.900390625,24669.0,-0.14228225455024524,-0.029635544957305207,-0.17187563338603695,0.11711344495806837,0.042825574544482714,-0.19871149046144748,0.3375445597589767,0.5072246650698982,FLAT,DOWN,UP,FLAT,DOWN
2024-12-10,24652.650390625,24677.80078125,24510.650390625,24620.5,25,24652.650390625,24596.0,24655.19921875,24593.25,24644.7,24655.19921875,24593.25,24656.7,24677.80078125,24593.25,24626.6,0.1057815152112003,-0.13041352599242745,-0.024769964185062273,-0.2297943212083323,-0.032249638473040916,0.01642666938781044,0.25128827030118545,0.6780219894270053,DOWN,FLAT,DOWN,FLAT,FLAT
2024-12-11,24620.5,24691.75,24583.849609375,24629.5,25,24620.5,24623.6,24641.19921875,24597.599609375,24617.55,24649.0,24597.599609375,24629.15,24649.0,24583.849609375,24620.5,0.0,0.0365549034341301,0.0365549034341301,0.012591133405083344,-0.011981885014523375,0.035133323856142054,0.17708661227432426,0.43825426220019903,FLAT,FLAT,FLAT,FLAT,FLAT
2024-12-12,24604.44921875,24675.25,24527.94921875,24539.5,25,24604.44921875,24653.35,24661.5,24604.44921875,24650.2,24675.25,24604.44921875,24618.85,24675.25,24604.44921875,24629.5,-0.10171047422805986,-0.26397347151548906,-0.3654154570738342,0.1987477175987071,0.18594515505405423,0.05852917544288829,0.23187180799204413,0.5986753856605267,DOWN,DOWN,UP,UP,FLAT
2024-12-13,24498.349609375,24792.30078125,24180.80078125,24781.3,25,24498.349609375,24419.25,24520.80078125,24405.900390625,24397.85,24520.80078125,24380.0,24353.1,24520.80078125,24343.69921875,24539.5,-0.16769042003708307,1.1549773561755365,0.9853501497585496,-0.3228772984149522,-0.4102301215284412,-0.5928954876185517,0.46901278027737037,2.4960865109296666,UP,UP,DOWN,DOWN,DOWN
2024-12-16,24753.400390625,24781.25,24601.75,24648.25,25,24753.400390625,24703.5,24781.25,24702.94921875,24746.4,24781.25,24681.349609375,24725.65,24781.25,24681.349609375,24781.3,-0.11258331635143949,-0.42479170120329907,-0.5368967729699381,-0.20159004353963048,-0.028280521118423163,-0.11210738802378284,0.3163233334182859,0.7251528968439548,DOWN,DOWN,DOWN,FLAT,DOWN
2024-12-17,24584.80078125,24624.099609375,24303.44921875,24319.35,25,24584.80078125,24591.9,24624.099609375,24567.44921875,24565.15,24624.099609375,24553.849609375,24519.75,24624.099609375,24501.849609375,24648.25,-0.25741875690971977,-1.0797353357138115,-1.3343746513444217,0.02887645424979726,-0.0799306100742762,-0.2645975528897189,0.2304285120268509,1.3042627169448096,DOWN,DOWN,FLAT,FLAT,DOWN
2024-12-18,24297.94921875,24394.44921875,24149.849609375,24214.7,25,24297.94921875,24301.3,24356.0,24273.099609375,24382.6,24384.69921875,24273.099609375,24237.5,24394.44921875,24231.80078125,24319.35,-0.08799898537583671,-0.3426182925996007,-0.43031577735423776,0.013790387080954038,0.348386526319168,-0.24878321296084174,0.34118266475356795,1.0066677116365434,DOWN,DOWN,FLAT,UP,DOWN
2024-12-19,23877.150390625,24004.900390625,23870.30078125,23961.95,25,23877.150390625,23885.7,24000.75,23870.30078125,23985.1,24000.75,23870.30078125,23929.75,24004.400390625,23870.30078125,24214.7,-1.393986336295724,0.355149622076745,-1.043787451424135,0.035806657139277394,0.4521042402839801,0.22029265852282118,0.546334954615099,0.5637172240949175,UP,DOWN,FLAT,UP,UP
2024-12-20,23960.69921875,24065.80078125,23537.349609375,23631.35,25,23960.69921875,23913.0,23990.849609375,23887.900390625,24045.95,24065.80078125,23887.900390625,23850.4,24065.80078125,23807.30078125,23961.95,-0.005219864201372291,-1.3745392642476615,-1.3796873793660456,-0.1990727328719767,0.35579421314754167,-0.4603338898544578,0.429658658164028,2.2054914468500586,DOWN,DOWN,DOWN,UP,DOWN
2024-12-23,23738.19921875,23869.55078125,23647.19921875,23747.2,25,23738.19921875,23743.7,23806.5,23721.94921875,23745.75,23806.5,23701.599609375,23769.35,23806.5,23701.599609375,23631.35,0.4521502950529761,0.037916866258714835,0.4902386025343546,0.023172698144920137,0.03180856804013968,0.13122638732172065,0.35618026654362306,0.9366825193899798,FLAT,UP,FLAT,FLAT,UP
2024-12-24,23769.099609375,23867.650390625,23685.150390625,23730.35,25,23769.099609375,23764.9,23798.099609375,23746.099609375,23739.5,23798.099609375,23709.650390625,23804.85,23822.150390625,23709.650390625,23747.2,0.0922197538025505,-0.1630251461427586,-0.0709557337286172,-0.017668357001382317,-0.12452978809228993,0.15040700410417687,0.21877143372940464,0.7678035895310835,DOWN,FLAT,FLAT,DOWN,UP
2024-12-26,23775.80078125,23854.5,23653.599609375,23760.3,25,23775.80078125,23826.35,23854.5,23773.599609375,23805.8,23854.5,23773.599609375,23749.75,23854.5,23729.05078125,23730.35,0.1915301765460748,-0.06519562219004167,0.12620968506575223,0.21260784953187578,0.12617542948819274,-0.10956847043631056,0.34026357879310387,0.8449784403620738,FLAT,UP,UP,UP,DOWN
2024-12-27,23801.400390625,23938.849609375,23800.599609375,23832.45,25,23801.400390625,23856.1,23857.80078125,23800.599609375,23862.5,23863.849609375,23800.599609375,23924.95,23931.900390625,23800.599609375,23760.3,0.17297925794287414,0.1304528677532381,0.303657782098717,0.22981676908617474,0.2567059432312486,0.519085462818671,0.24032691747637946,0.5808481758680658,UP,UP,UP,UP,UP
2024-12-30,23796.900390625,23915.349609375,23599.30078125,23658.65,25,23796.900390625,23758.4,23818.80078125,23757.19921875,23725.05,23818.80078125,23709.099609375,23779.95,23818.80078125,23709.099609375,23832.45,-0.14916472865777847,-0.5809596559031843,-0.7292577976666237,-0.16178741765951213,-0.3019317198693105,-0.07122940528707271,0.25886380784393453,1.3281092198440694,DOWN,DOWN,DOWN,DOWN,FLAT
2024-12-31,23560.599609375,23689.849609375,23460.44921875,23668.8,25,23560.599609375,23540.2,23581.0,23527.849609375,23523.4,23584.5,23509.69921875,23470.0,23584.5,23460.44921875,23658.65,-0.414437808687315,0.4592429412617548,0.04290185619212346,-0.08658357475283465,-0.15788906051523596,-0.3845386402600276,0.22559014416530776,0.9736610885476754,UP,FLAT,FLAT,DOWN,DOWN
2025-01-01,23637.650390625,23822.80078125,23562.80078125,23758.7,25,23637.650390625,23640.85,23683.599609375,23607.05078125,23610.6,23683.599609375,23598.400390625,23629.6,23683.599609375,23562.80078125,23668.8,-0.13160620468718004,0.5121050839427365,0.37982491719056927,0.013536071995834035,-0.11443773039189205,-0.034057490875634346,0.3238427968092813,1.0999401196961582,UP,UP,FLAT,DOWN,FLAT
2025-01-02,23783.0,24226.69921875,23751.55078125,24167.95,25,23783.0,23766.2,23812.150390625,23754.400390625,23826.7,23842.05078125,23751.55078125,23834.1,23877.349609375,23751.55078125,23758.7,0.10227832330893219,1.6185931127275817,1.7225269059334054,-0.07063869150233054,0.18374469158643034,0.2148593533195919,0.24282050203927175,1.9978490413320438,UP,UP,FLAT,UP,UP
2025-01-03,24196.400390625,24196.44921875,23976.0,23990.15,25,24196.400390625,24133.3,24196.44921875,24126.80078125,24083.4,24196.44921875,24080.30078125,24042.2,24196.44921875,24032.150390625,24167.95,0.11771950299880325,-0.8524011311406102,-0.7356850705169419,-0.26078420594101775,-0.4670132284171535,-0.6372864894595845,0.28784627620472664,0.9110827031751962,DOWN,DOWN,DOWN,DOWN,DOWN
2025-01-06,24045.80078125,24089.94921875,23551.900390625,23629.6,25,24045.80078125,24036.15,24089.94921875,24016.400390625,23948.35,24089.94921875,23947.75,24025.7,24089.94921875,23911.44921875,23990.15,0.231973460982939,-1.7308667947317395,-1.502908485357544,-0.040134996283941,-0.40527151554041757,-0.08359372778998109,0.3058697391452672,2.2375999577628956,DOWN,DOWN,FLAT,DOWN,FLAT
2025-01-07,23679.900390625,23795.19921875,23637.80078125,23694.6,25,23679.900390625,23756.65,23776.25,23679.849609375,23783.5,23795.19921875,23679.849609375,23745.9,23795.19921875,23637.80078125,23629.6,0.21287025859515804,0.06207631422646609,0.27507871483224433,0.3241128894502742,0.4375001907356656,0.2787157390287463,0.40709795664159737,0.6646921435628795,FLAT,UP,UP,UP,UP
2025-01-08,23746.650390625,23751.849609375,23496.150390625,23675.2,25,23746.650390625,23638.7,23751.849609375,23632.349609375,23650.2,23751.849609375,23626.69921875,23669.2,23751.849609375,23622.19921875,23694.6,0.21967195320875413,-0.3008861858395294,-0.08187519519214427,-0.45459207445786665,-0.40616419174250007,-0.32615290725624235,0.5032288682161999,1.0767801544378997,DOWN,FLAT,DOWN,DOWN,DOWN
2025-01-09,23674.75,23689.5,23503.05078125,23557.2,25,23674.75,23614.35,23689.5,23600.80078125,23607.85,23689.5,23593.94921875,23639.1,23689.5,23593.94921875,23675.2,-0.0019007231195543337,-0.49652055459930633,-0.49841184023788604,-0.255124130138656,-0.2825795414946365,-0.1505823715139609,0.37465746734390015,0.7875446150434534,DOWN,DOWN,DOWN,DOWN,DOWN
2025-01-10,23551.900390625,23596.599609375,23344.349609375,23437.35,25,23551.900390625,23518.8,23596.0,23515.599609375,23475.1,23596.0,23432.30078125,23396.55,23596.0,23344.349609375,23557.2,-0.022496771157016655,-0.48637429984460634,-0.5087616524884204,-0.14054233448684494,-0.32608999423066676,-0.659608728163775,0.34137538496470515,1.0710388368507617,DOWN,DOWN,DOWN,DOWN,DOWN
2025-01-13,23195.400390625,23340.94921875,23047.25,23088.7,25,23195.400390625,23256.6,23263.80078125,23172.69921875,23246.05,23270.900390625,23172.69921875,23273.2,23274.599609375,23172.69921875,23437.35,-1.0323249402129446,-0.46000667730713063,-1.487582853863589,0.2638437291202522,0.21836057374319168,0.3354096418462575,0.39275701632993143,1.266195943178053,DOWN,DOWN,UP,UP,UP
2025-01-14,23165.900390625,23264.95,23134.150390625,23206.85,25,23165.900390625,23193.1,23227.19921875,23160.349609375,23173.45,23227.19921875,23150.05078125,23156.2,23227.19921875,23139.400390625,23088.7,0.33436438874860547,0.17676675063133065,0.5117221844451953,0.11741226939750611,0.03258931985244993,-0.04187357478634813,0.288569009828141,0.5646213061847317,UP,UP,UP,FLAT,FLAT
2025-01-15,23250.44921875,23293.650390625,23146.44921875,23228.1,25,23250.44921875,23206.75,23273.55078125,23204.599609375,23200.85,23273.55078125,23165.30078125,23219.65,23273.55078125,23165.30078125,23206.85,0.18787219614037,-0.09612381481205207,0.09156779140641665,-0.18794999760589304,-0.21332585139904678,-0.1324671986344287,0.29655845023155636,0.6331110874033852,FLAT,FLAT,DOWN,DOWN,DOWN
2025-01-16,23377.25,23391.650390625,23272.05078125,23350.8,25,23377.25,23348.3,23391.650390625,23315.75,23326.6,23391.650390625,23315.75,23308.0,23391.650390625,23290.69921875,23228.1,0.642110202728598,-0.11314418932937248,0.528239503015747,-0.12383834711097638,-0.21666363665530144,-0.29622817055042827,0.3246763012116481,0.5116068373097776,DOWN,UP,DOWN,DOWN,DOWN
2025-01-17,23277.099609375,23292.099609375,23100.349609375,23203.1,25,23277.099609375,23220.7,23292.099609375,23167.05078125,23193.8,23292.099609375,23167.05078125,23204.15,23292.099609375,23167.05078125,23350.8,-0.3156225509404358,-0.3179073450594233,-0.6325265087277555,-0.2422965503497866,-0.3578607763548483,-0.3133964737841205,0.5372182540931164,0.8237710162256275,DOWN,DOWN,DOWN,DOWN,DOWN
2025-01-20,23290.400390625,23391.099609375,23170.650390625,23337.05,25,23290.400390625,23209.25,23308.349609375,23189.69921875,23212.4,23308.349609375,23170.650390625,23228.05,23308.349609375,23170.650390625,23203.1,0.37624451312540763,0.2002954375734003,0.5772935512927184,-0.3484284909832,-0.33490360542017883,-0.2677085390515588,0.5094390334000437,0.9465239543015181,UP,UP,DOWN,DOWN,DOWN
2025-01-21,23421.650390625,23426.30078125,22976.849609375,23053.05,25,23421.650390625,23413.8,23426.30078125,23369.400390625,23340.1,23426.30078125,23335.44921875,23266.4,23426.30078125,23247.19921875,23337.05,0.3625153591606511,-1.5737592546959913,-1.2169490145498254,-0.033517666321853254,-0.3481837926231009,-0.6628499189243331,0.2429392876933026,1.9189560273468267,DOWN,DOWN,FLAT,DOWN,DOWN
2025-01-22,23099.150390625,23169.55078125,22981.30078125,23161.75,25,23099.150390625,23082.6,23127.69921875,23069.69921875,23069.05,23127.69921875,23067.75,23096.85,23127.69921875,23050.55078125,23053.05,0.199975233754322,0.2710039474023539,0.47152112193397716,-0.07164934789860748,-0.1303095140556219,-0.009958767253773497,0.25109148613335935,0.814965039044912,UP,UP,FLAT,DOWN,FLAT
2025-01-23,23128.30078125,23270.80078125,23090.650390625,23216.3,25,23128.30078125,23107.15,23146.44921875,23090.650390625,23197.95,23202.849609375,23090.650390625,23217.6,23235.400390625,23090.650390625,23161.75,-0.14441576629572464,0.38048285337649973,0.23551760985244755,-0.09144978461688538,0.30114282674179427,0.3861036727021165,0.24125779343995662,0.7789175362638272,UP,UP,FLAT,UP,UP
2025-01-24,23183.900390625,23347.30078125,23050.0,23090.35,25,23183.900390625,23235.55,23292.05078125,23177.80078125,23230.25,23292.05078125,23177.80078125,23156.35,23292.05078125,23127.55078125,23216.3,-0.13955543895883182,-0.4035144606764742,-0.5425067732584465,0.2227822260480601,0.19992153431500526,-0.11883414852896003,0.4927988736795983,1.2823587758780275,DOWN,DOWN,UP,UP,DOWN
2025-01-27,22940.150390625,23007.44921875,22786.9,22816.85,25,22940.150390625,22966.6,22987.5,22910.849609375,22994.0,23007.44921875,22910.849609375,22970.7,23007.44921875,22910.849609375,23090.35,-0.6504864992301916,-0.5374872811443768,-1.184477498175645,0.11529832596828904,0.2347395656002623,0.13317092021979726,0.3341320319169524,0.9614113900496959,DOWN,DOWN,UP,UP,UP
2025-01-28,22960.44921875,23137.94921875,22857.650390625,22976.3,25,22960.44921875,22908.35,22973.44921875,22884.19921875,22877.9,22973.44921875,22874.75,22881.25,22973.44921875,22859.69921875,22816.85,0.6293560186879498,0.06903515301022588,0.6988256485886559,-0.22690853412160641,-0.359527890606718,-0.3449375837356188,0.3887119069391574,1.2207898262552368,FLAT,UP,DOWN,DOWN,DOWN
2025-01-29,23026.75,23183.349609375,22976.5,23176.2,25,23026.75,22987.7,23050.05078125,22978.349609375,23040.45,23069.849609375,22976.5,23067.15,23097.30078125,22976.5,22976.3,0.2195740828592973,0.6490277611907921,0.8700269408042263,-0.16958537353295308,0.059496020932179865,0.17544812012116975,0.31138207465230655,0.8983013641742756,UP,UP,DOWN,FLAT,UP
2025-01-30,23169.5,23322.05078125,23139.19921875,23297.95,25,23169.5,23169.45,23195.599609375,23139.19921875,23204.15,23215.55078125,23139.19921875,23271.4,23300.900390625,23139.19921875,23176.2,-0.02890896695748538,0.5543926282397148,0.5253233921005169,-0.00021580094520499968,0.14955005502924731,0.4398023263341956,0.24342515213966637,0.7891908004057058,UP,UP,FLAT,UP,UP
2025-01-31,23296.75,23546.80078125,23277.400390625,23533.85,25,23296.75,23326.05,23332.44921875,23277.400390625,23349.45,23355.650390625,23277.400390625,23340.2,23403.75,23277.400390625,23297.95,-0.00515066776261743,1.0177385257600247,1.012535437667253,0.12576861579404539,0.22621181066028836,0.18650670157854948,0.23629402438108318,1.1563861509652633,UP,UP,UP,UP,UP
2025-02-01,23528.599609375,23632.44921875,23318.30078125,23495.3,25,23528.599609375,23506.7,23595.44921875,23479.05078125,23558.85,23595.44921875,23479.05078125,23555.9,23595.44921875,23479.05078125,23533.85,-0.02230995194155884,-0.1415282249171024,-0.16380660197969849,-0.0930765525300254,0.12856859790731123,0.11603066514049387,0.49471043509797713,1.335176945145631,DOWN,DOWN,FLAT,UP,UP
2025-02-03,23319.349609375,23381.599609375,23222.0,23359.7,25,23319.349609375,23335.1,23345.150390625,23239.150390625,23257.1,23345.150390625,23239.150390625,23263.7,23345.150390625,23222.0,23495.3,-0.7488748414576502,0.17303394520393825,-0.5771367039365258,0.06754215228484103,-0.2669440203854376,-0.23864134423640465,0.4545581320903786,0.6844084935835291,UP,DOWN,FLAT,DOWN,DOWN
2025-02-04,23509.900390625,23762.75,23423.150390625,23707.7,25,23509.900390625,23514.35,23534.25,23479.44921875,23572.4,23573.75,23479.44921875,23512.65,23582.0,23479.44921875,23359.7,0.6429893818199689,0.8413460120565927,1.4897451593984512,0.018926534358150268,0.265843786390198,0.011695538174623283,0.23309661180807387,1.4444961643071084,UP,UP,FLAT,UP,FLAT
2025-02-05,23801.75,23807.30078125,23680.44921875,23686.75,25,23801.75,23764.1,23807.30078125,23750.0,23797.55,23807.30078125,23750.0,23746.4,23807.30078125,23726.5,23707.7,0.396706555254197,-0.4831577510057034,-0.0883679142219647,-0.15818164630752551,-0.01764576134108092,-0.23254592624491285,0.24074188347495457,0.5329505708613862,DOWN,FLAT,DOWN,FLAT,DOWN
2025-02-06,23761.94921875,23773.55078125,23556.25,23628.05,25,23761.94921875,23696.55,23773.55078125,23686.69921875,23660.2,23773.55078125,23641.849609375,23627.8,23773.55078125,23618.55078125,23686.75,0.31747377225664136,-0.5635026719287153,-0.24781787286141294,-0.2752266581665604,-0.4282023238636978,-0.5645547741687231,0.36550689381773216,0.9144905548343358,DOWN,DOWN,DOWN,DOWN,DOWN
2025-02-07,23649.5,23694.5,23443.19921875,23563.15,25,23649.5,23594.45,23683.900390625,23566.849609375,23606.4,23683.900390625,23566.849609375,23612.0,23683.900390625,23566.849609375,23628.05,0.09078193079835503,-0.36512399839319454,-0.274673534210389,-0.23277447726167264,-0.18224486775618318,-0.15856572020550116,0.4949397714539419,1.062605049789636,DOWN,DOWN,DOWN,DOWN,DOWN
2025-02-10,23543.80078125,23568.599609375,23316.30078125,23376.05,25,23543.80078125,23473.6,23568.599609375,23454.400390625,23408.25,23568.599609375,23403.349609375,23373.1,23568.599609375,23366.099609375,23563.15,-0.08211643498429308,-0.7125050997865877,-0.7940364509838548,-0.2981709788587258,-0.5757387369585246,-0.7250349373748758,0.4850500554734004,1.0716146915664007,DOWN,DOWN,DOWN,DOWN,DOWN
2025-02-11,23383.55078125,23390.05078125,22986.650390625,23070.5,25,23383.55078125,23314.2,23390.05078125,23295.75,23339.95,23390.05078125,23295.75,23277.3,23390.05078125,23270.69921875,23376.05,0.032087462381372084,-1.338764947114099,-1.307107060431507,-0.29657934288409227,-0.18645919799725358,-0.4543825796345585,0.4032782793861002,1.7251459985643618,DOWN,DOWN,DOWN,DOWN,DOWN
2025-02-12,23050.80078125,23144.69921875,22798.349609375,23057.8,25,23050.80078125,22979.2,23097.94921875,22978.400390625,22911.8,23097.94921875,22891.75,22830.6,23097.94921875,22814.5,23070.5,-0.08538704731150171,0.030364319298150293,-0.05504865520903633,-0.31062166529260377,-0.6030193162012265,-0.9552847353967735,0.5186319957363195,1.5025491420529213,FLAT,FLAT,DOWN,DOWN,DOWN
2025-02-13,23055.75,23235.5,22992.19921875,23019.4,25,23055.75,23025.25,23115.05078125,22992.19921875,23119.6,23129.150390625,22992.19921875,23171.7,23192.5,22992.19921875,23057.8,-0.008890700760693876,-0.15766132092861238,-0.16653800449304712,-0.13228804094423302,0.27693742341931427,0.5029114212289808,0.532845656723377,1.0552715971070123,DOWN,DOWN,DOWN,UP,UP
2025-02-14,23096.44921875,23133.69921875,22774.849609375,22897.25,25,23096.44921875,23029.35,23133.69921875,23026.75,23043.2,23133.69921875,23007.19921875,23043.0,23133.69921875,23007.19921875,23019.4,0.3347142790428879,-0.8624668530792493,-0.5306393737456295,-0.2905174648903583,-0.23055153736259537,-0.23141747133411844,0.4630548087156931,1.5537003371223017,DOWN,DOWN,DOWN,DOWN,DOWN
2025-02-17,22809.900390625,22974.19921875,22725.44921875,22963.5,25,22809.900390625,22831.45,22874.75,22725.44921875,22778.7,22874.75,22725.44921875,22756.85,22874.75,22725.44921875,22897.25,-0.38148515378484316,0.6733900926552503,0.2893360556398694,0.09447480701782346,-0.13678442295093413,-0.23257616086217311,0.6545437669309748,1.0905352313692596,UP,UP,FLAT,DOWN,DOWN
2025-02-18,22963.650390625,22992.5,22801.5,22923.15,25,22963.650390625,22900.7,22992.5,22876.849609375,22924.45,22992.5,22868.44921875,22894.45,22992.5,22868.44921875,22963.5,0.00065491159884164,-0.17636738905210378,-0.17571363250374963,-0.274130591409365,-0.17070626820291163,-0.30134751856895803,0.5036237212190564,0.831749293997162,DOWN,DOWN,DOWN,DOWN,DOWN
2025-02-19,22847.25,23049.94921875,22814.849609375,22914.4,25,22847.25,22852.9,22877.05078125,22814.849609375,22912.3,22912.349609375,22814.849609375,22985.6,22996.19921875,22814.849609375,22923.15,-0.33110632701003767,0.2939084572541617,-0.03817101925346211,0.024729453216476627,0.2847169790674995,0.60554333672542,0.27224795927299783,1.0290061577432734,UP,FLAT,FLAT,UP,UP
2025-02-20,22821.099609375,22923.849609375,22812.75,22906.25,25,22821.099609375,22847.0,22880.55078125,22813.94921875,22881.25,22898.099609375,22813.94921875,22873.75,22898.099609375,22812.75,22914.4,-0.4071692500130985,0.3731213310598753,-0.035567154278538626,0.11349317547503282,0.2635735860873679,0.23070926259561572,0.2918420393408204,0.4868284669743076,UP,FLAT,UP,UP,UP
2025-02-21,22857.19921875,22921.0,22720.30078125,22764.35,25,22857.19921875,22896.95,22921.0,22849.650390625,22843.5,22921.0,22839.75,22760.65,22921.0,22759.349609375,22906.25,-0.21413710777626194,-0.40621433037970933,-0.6194815825375234,0.1739092391398188,-0.05993393424493754,-0.42240179046432863,0.31215377130051514,0.8780569169006688,DOWN,DOWN,UP,FLAT,DOWN
2025-02-24,22609.35,22668.05078125,22518.80078125,22549.75,25,22609.35,22622.05,22668.05078125,22607.5,22571.2,22668.05078125,22563.19921875,22572.15,22668.05078125,22560.30078125,22764.35,-0.6808891973634214,-0.2636077551986172,-0.9427020758334789,0.05617145119165624,-0.16873550102058582,-0.16453369955349043,0.2678130120945538,0.6601251252247411,DOWN,DOWN,FLAT,DOWN,DOWN
2025-02-25,22516.44921875,22625.30078125,22513.900390625,22526.3,25,22516.44921875,22552.75,22584.650390625,22516.44921875,22603.85,22611.75,22516.44921875,22597.5,22625.30078125,22516.44921875,22549.75,-0.14767694209470172,0.04374926594463342,-0.10399228372820421,0.16121894219347627,0.3881641390296023,0.3599625343347077,0.302894880149252,0.49475114634075673,FLAT,DOWN,UP,UP,UP
2025-02-27,22568.94921875,22613.30078125,22508.400390625,22510.85,25,22568.94921875,22555.75,22613.30078125,22551.5,22560.2,22613.30078125,22535.05078125,22542.3,22613.30078125,22530.0,22526.3,0.18933077669213644,-0.2574298793748596,-0.06858649667278127,-0.058483975581079574,-0.038766619859867166,-0.11807912939013081,0.27383100848424385,0.4647996218532411,DOWN,FLAT,FLAT,FLAT,DOWN
2025-02-28,22433.400390625,22450.349609375,22104.849609375,22127.4,25,22433.400390625,22336.1,22450.349609375,22308.19921875,22261.7,22450.349609375,22249.099609375,22262.15,22450.349609375,22224.099609375,22510.85,-0.344054575349214,-1.3640392686651162,-1.7034008045009277,-0.4337300138665721,-0.7653783538618314,-0.7633724163215342,0.6336551220491976,1.5401142670479226,DOWN,DOWN,DOWN,DOWN,DOWN
2025-03-03,22194.55078125,22261.55078125,22004.69921875,22143.15,25,22194.55078125,22174.55,22261.55078125,22154.849609375,22130.35,22261.55078125,22127.5,22024.9,22261.55078125,22012.25,22127.4,0.30347343677973254,-0.23159189729319518,0.07117871959651834,-0.09011572906849472,-0.2892637110918163,-0.7643803333623669,0.48075391534908357,1.1572730848735568,DOWN,FLAT,FLAT,DOWN,DOWN
2025-03-04,21974.44921875,22105.05078125,21964.599609375,22080.3,25,21974.44921875,22001.6,22049.650390625,21964.599609375,22041.4,22069.349609375,21964.599609375,22049.95,22091.05078125,21964.599609375,22143.15,-0.7618644196963912,0.48169935999888747,-0.2838349557312405,0.12355614004118823,0.304675582916885,0.3435844079567585,0.38704397276737773,0.639156733699419,UP,DOWN,UP,UP,UP
2025-03-05,22073.05078125,22394.900390625,22067.80078125,22346.65,25,22073.05078125,22193.3,22197.849609375,22067.80078125,22237.6,22250.19921875,22067.80078125,22239.0,22265.150390625,22067.80078125,22080.3,-0.032831160582054014,1.239517008597701,1.2062789001961123,0.5447784266058284,0.745475649835297,0.7518182257387181,0.5891746882377956,1.4818957860272557,UP,UP,UP,UP,UP
2025-03-06,22476.349609375,22556.44921875,22245.849609375,22529.2,25,22476.349609375,22362.25,22491.30078125,22349.19921875,22315.15,22491.30078125,22297.900390625,22331.6,22491.30078125,22245.849609375,22346.65,0.580398446187677,0.23513778502073382,0.8169009672590714,-0.5076429729826255,-0.7171965740725147,-0.6440085329275429,0.632227051855114,1.3818952577844192,UP,UP,DOWN,DOWN,DOWN
2025-03-07,22508.650390625,22633.80078125,22464.75,22536.95,25,22508.650390625,22511.4,22572.849609375,22464.75,22497.3,22572.849609375,22464.75,22605.7,22606.400390625,22464.75,22529.2,-0.09121322272872862,0.12572770416651768,0.03439980114695595,0.012215789606589143,-0.05042679337952772,0.431165830428565,0.48025806744958904,0.7510480562637853,UP,FLAT,FLAT,FLAT,UP
2025-03-10,22521.849609375,22676.75,22429.05078125,22441.1,25,22521.849609375,22583.75,22603.25,22498.650390625,22653.85,22654.849609375,22498.650390625,22631.75,22676.75,22498.650390625,22536.95,-0.06700281371259521,-0.3585389778172945,-0.4253015603264958,0.2748459460418082,0.5860992454636219,0.48797231369155664,0.4644361417432568,1.0998173908722493,DOWN,DOWN,UP,UP,UP
2025-03-11,22345.94921875,22522.099609375,22314.69921875,22520.5,25,22345.94921875,22365.3,22387.599609375,22314.69921875,22362.65,22395.94921875,22314.69921875,22422.55,22426.349609375,22314.69921875,22441.1,-0.4240023049226578,0.7811294098150828,0.35381509819038043,0.0865963717207522,0.07473739909866166,0.3427949311982022,0.3262353722876577,0.9281341714093526,UP,UP,FLAT,FLAT,UP
2025-03-12,22536.349609375,22577.400390625,22329.55078125,22468.5,25,22536.349609375,22461.7,22577.400390625,22461.30078125,22481.0,22577.400390625,22450.099609375,22425.2,22577.400390625,22417.55078125,22520.5,0.07037858562198886,-0.30106743350651133,-0.23090073488599275,-0.33124090932608463,-0.2456014853087603,-0.49320147806351755,0.5151659935498303,1.0997770875541257,DOWN,DOWN,DOWN,DOWN,DOWN
2025-03-13,22541.5,22558.05078125,22377.349609375,22383.3,25,22541.5,22483.9,22556.0,22460.400390625,22490.15,22556.0,22460.400390625,22545.1,22556.0,22460.400390625,22468.5,0.32489930346930146,-0.7018166492913104,-0.37919754322718796,-0.255528691524515,-0.22780205398930217,0.015970543220276134,0.4241049148237695,0.8016377431626112,DOWN,DOWN,DOWN,DOWN,FLAT
2025-03-17,22353.150390625,22577.0,22353.150390625,22515.25,25,22353.150390625,22538.95,22549.5,22353.150390625,22553.2,22577.0,22353.150390625,22513.4,22577.0,22353.150390625,22383.3,-0.13469689176751987,0.7251756756532414,0.5895019947907625,0.8312009990901587,0.8949504024224807,0.7168994373258938,0.8783979257677692,1.0014230900933025,UP,UP,UP,UP,UP
2025-03-18,22662.25,22857.80078125,22599.19921875,22848.75,25,22662.25,22644.25,22671.30078125,22599.19921875,22681.35,22703.400390625,22599.19921875,22745.35,22751.650390625,22599.19921875,22515.25,0.652890818445276,0.8229544727465278,1.4812182853843507,-0.0794272413374665,0.08428112830808301,0.3666890975079639,0.31815712252755135,1.1411115952740791,UP,UP,FLAT,FLAT,UP
2025-03-19,22874.94921875,22940.69921875,22807.94921875,22911.8,25,22874.94921875,22848.95,22888.30078125,22807.94921875,22857.65,22888.30078125,22807.94921875,22864.1,22888.30078125,22807.94921875,22848.75,0.1146636851031238,0.16109666910120896,0.2759450735817026,-0.11365803919987892,-0.07562516788373383,-0.04742838397695166,0.35126444099005,0.5803291571514759,UP,UP,DOWN,FLAT,FLAT
2025-03-20,23036.599609375,23216.69921875,22973.94921875,23165.7,25,23036.599609375,23065.2,23065.44921875,22994.400390625,23053.55,23071.099609375,22994.400390625,22987.65,23071.099609375,22973.94921875,22911.8,0.5446957872144517,0.5604142660554029,1.1081626061680072,0.12415196300656058,0.07358026320039492,-0.2124862618833639,0.30841716802720265,1.053757950896582,UP,UP,UP,FLAT,DOWN
2025-03-21,23168.25,23402.69921875,23132.80078125,23355.65,25,23168.25,23194.45,23199.44921875,23132.80078125,23273.85,23276.69921875,23132.80078125,23257.3,23276.69921875,23132.80078125,23165.7,0.011007653556763974,0.8088655811293536,0.8199622718070282,0.11308579629450101,0.45579618659155763,0.3843622198482806,0.2876714361248692,1.1649496077606207,UP,UP,UP,UP,UP
2025-03-24,23515.400390625,23708.75,23433.5,23674.15,25,23515.400390625,23500.0,23519.69921875,23465.44921875,23472.9,23519.69921875,23433.5,23544.05,23559.900390625,23433.5,23355.65,0.6839903433430392,0.6750878434470159,1.3636957224483155,-0.0654906587562921,-0.18073428442214567,0.12183338960463183,0.23069987794733918,1.1705095189862693,UP,UP,FLAT,DOWN,UP
2025-03-25,23752.85,23869.599609375,23601.400390625,23605.95,25,23752.85,23723.5,23766.19921875,23664.900390625,23788.1,23797.650390625,23664.900390625,23770.4,23869.599609375,23664.900390625,23674.15,0.33243009780708954,-0.61845210153728,-0.2880779246562209,-0.12356411967405405,0.1484032442422699,0.07388587053765301,0.42647020515432893,1.129124373496233,DOWN,DOWN,DOWN,UP,FLAT
2025-03-26,23700.94921875,23736.5,23451.69921875,23464.3,25,23700.94921875,23699.95,23736.5,23663.400390625,23646.2,23736.5,23641.4,23679.15,23736.5,23614.69921875,23605.95,0.40243760047784255,-0.9984799197948822,-0.6000605779475151,-0.004215944014633739,-0.23100010993098433,-0.0919761421738882,0.3084248175054961,1.2016429326159306,DOWN,DOWN,FLAT,DOWN,FLAT
2025-03-27,23433.94921875,23646.44921875,23412.19921875,23601.05,25,23433.94921875,23543.85,23556.55078125,23412.19921875,23554.7,23562.099609375,23412.19921875,23600.35,23618.650390625,23412.19921875,23464.3,-0.12934876067046225,0.7130713636449224,0.5828002540028896,0.4689810506291641,0.5152813984652038,0.7100842444296915,0.6159933229884327,0.9996181088101513,UP,UP,UP,UP,UP
2025-03-28,23600.400390625,23649.19921875,23450.19921875,23495.15,25,23600.400390625,23561.9,23629.69921875,23553.25,23520.9,23629.69921875,23504.94921875,23524.15,23629.69921875,23504.94921875,23601.05,-0.002752459636326657,-0.44596866528928936,-0.44870884981811326,-0.16313448071962544,-0.3368603468972467,-0.32308939409048404,0.3239318718523463,0.8432060333986984,DOWN,DOWN,DOWN,DOWN,DOWN
2025-04-01,23341.099609375,23565.150390625,23136.4,23179.7,25,23341.099609375,23471.45,23481.44921875,23339.099609375,23545.1,23565.150390625,23339.099609375,23456.1,23565.150390625,23339.099609375,23495.15,-0.6556688960274842,-0.6914824583078888,-1.342617518934762,0.5584586536473425,0.8739964870509416,0.4926948282196971,0.6098667661647996,1.8368902828073705,DOWN,DOWN,UP,UP,UP
2025-04-02,23192.599609375,23350.0,23158.44921875,23330.8,25,23192.599609375,23246.5,23251.0,23158.44921875,23234.0,23293.650390625,23158.44921875,23238.85,23293.650390625,23158.44921875,23179.7,0.05565045869877208,0.5958814145574927,0.6518634839967667,0.23240340251988045,0.1785069001418236,0.19941874306450336,0.39905307213853153,0.8259133709727418,UP,UP,UP,UP,UP
2025-04-03,23150.30078125,23306.5,23145.80078125,23241.6,25,23150.30078125,23251.2,23263.44921875,23145.80078125,23244.8,23280.80078125,23145.80078125,23277.6,23282.44921875,23145.80078125,23330.8,-0.7736520768683426,0.39437595050144675,-0.3823272240986195,0.435844094223266,0.4081986650753865,0.5498814894582333,0.5081939911350369,0.6941560728237028,UP,DOWN,UP,UP,UP
2025-04-04,23190.400390625,23214.69921875,22857.44921875,22912.05,25,23190.400390625,23076.05,23214.69921875,23029.400390625,23062.25,23214.69921875,23029.400390625,22941.95,23214.69921875,22940.94921875,23241.6,-0.22029296337170656,-1.2002828150286151,-1.4179316398182538,-0.4930936452103184,-0.5526010265730743,-1.0713501554092975,0.7990324660367196,1.5405081153511375,DOWN,DOWN,DOWN,DOWN,DOWN
2025-04-07,21758.400390625,22254.0,21743.650390625,22238.0,25,21758.400390625,22041.85,22102.94921875,21743.650390625,22021.7,22190.0,21743.650390625,21918.15,22190.0,21743.650390625,22912.05,-5.03512173452397,2.2042043567763563,-2.9419017503889844,1.3027134545107826,1.2101055438268713,0.7341973973593778,1.6513108577586908,2.3455290839987177,UP,DOWN,UP,UP,UP
2025-04-08,22446.75,22697.19921875,22270.849609375,22547.2,25,22446.75,22545.15,22577.55078125,22446.75,22479.3,22577.55078125,22446.75,22383.95,22577.55078125,22378.150390625,22238.0,0.9387085169529633,0.4475035361466614,1.3904128069070991,0.4383708109191819,0.14500985666076055,-0.27977324111508023,0.5827158998518717,1.8993823576909799,UP,UP,UP,UP,DOWN
2025-04-09,22460.30078125,22468.69921875,22353.25,22420.4,25,22460.30078125,22385.1,22461.19921875,22357.0,22467.85,22467.85,22357.0,22371.2,22468.69921875,22356.599609375,22547.2,-0.38541024495281334,-0.17765025338978527,-0.5623758160658497,-0.33481644784018,0.03361138759237223,-0.396703419592587,0.46392619477734764,0.5140145711956704,DOWN,DOWN,DOWN,FLAT,DOWN
2025-04-11,22695.400390625,22923.900390625,22695.400390625,22844.5,25,22695.400390625,22762.15,22821.099609375,22695.400390625,22849.0,22859.349609375,22695.400390625,22832.7,22874.44921875,22695.400390625,22420.4,1.226563266600946,0.6569595900876459,1.8915808816970192,0.2941107370926769,0.6767873962622348,0.6049666761187273,0.5538532768160537,1.0068119357541214,UP,UP,UP,UP,UP
2025-04-15,23368.349609375,23368.349609375,23207.0,23344.1,25,23368.349609375,23297.65,23368.349609375,23207.0,23310.95,23368.349609375,23207.0,23312.1,23368.349609375,23207.0,22844.5,2.293110417715424,-0.10377116818413616,2.1869596620630722,-0.3025442984070857,-0.24562970999018044,-0.24070852377369015,0.6904621510381255,0.6904621510381255,DOWN,UP,DOWN,DOWN,DOWN
2025-04-16,23344.099609375,23452.19921875,23273.05078125,23433.3,25,23344.099609375,23334.2,23353.650390625,23277.0,23357.7,23360.44921875,23277.0,23355.8,23372.75,23277.0,23344.1,-1.6733350120364824e-06,0.38211107782103687,0.38210939809202643,-0.042407330077633774,0.05826050630600808,0.05012140464094143,0.3283501694544568,0.767424918920642,UP,UP,FLAT,FLAT,FLAT
2025-04-17,23401.849609375,23872.349609375,23298.55078125,23837.75,25,23401.849609375,23309.25,23406.599609375,23298.55078125,23397.65,23406.599609375,23298.55078125,23353.4,23434.599609375,23298.55078125,23433.3,-0.13421238419257753,1.8626749504892732,1.7259626258358862,-0.3956935495299642,-0.01794563013222742,-0.20703324815654392,0.46171063368305143,2.4519379352610264,UP,UP,DOWN,FLAT,DOWN
2025-04-21,23949.150390625,24189.55078125,23903.650390625,24121.2,25,23949.150390625,23959.3,24004.19921875,23903.650390625,24030.0,24036.0,23903.650390625,24033.45,24061.44921875,23903.650390625,23837.75,0.4673276237270716,0.7183954610863786,1.1890803452507084,0.04237983063888722,0.33758863281700774,0.351994154281148,0.4198429860140687,1.1937809315228025,UP,UP,FLAT,UP,UP
2025-04-22,24185.400390625,24242.599609375,24072.0,24134.05,25,24185.400390625,24133.55,24201.650390625,24072.0,24180.9,24201.650390625,24072.0,24195.7,24202.599609375,24072.0,24121.2,0.26615753206722415,-0.21231978712622723,0.05327263983549137,-0.21438715004734643,-0.01860788141734893,0.04258606104777646,0.5360688205734914,0.7053826135585898,DOWN,FLAT,DOWN,FLAT,FLAT
2025-04-23,24357.599609375,24359.30078125,24119.94921875,24300.85,25,24357.599609375,24319.1,24359.30078125,24282.05078125,24320.65,24359.30078125,24264.55078125,24190.65,24359.30078125,24189.55078125,24134.05,0.9262830290606041,-0.23298522960020696,0.6911396968183926,-0.15805994840387858,-0.1516964313707538,-0.6854107631802162,0.3171494779406228,0.9826566095941406,DOWN,UP,DOWN,DOWN,DOWN
2025-04-24,24277.900390625,24347.849609375,24216.150390625,24245.05,25,24277.900390625,24253.1,24295.150390625,24251.55078125,24263.95,24347.849609375,24245.25,24297.35,24347.849609375,24239.44921875,24300.85,-0.0944395334936784,-0.13530985009595817,-0.22962159759843492,-0.1021521228193943,-0.05746127301183865,0.08011240289341116,0.17958558472311775,0.5424654382421642,DOWN,DOWN,DOWN,FLAT,FLAT
2025-04-25,24289.0,24365.44921875,23847.849609375,23991.65,25,24289.0,24319.35,24365.44921875,24264.80078125,24208.15,24365.44921875,24188.599609375,24033.65,24365.44921875,23950.150390625,24245.05,0.18127411574734112,-1.2242167236197394,-1.045161795912971,0.12495368273703546,-0.3328667297953746,-1.0512989419078536,0.4143786796492239,2.13100419685866,DOWN,DOWN,UP,DOWN,DOWN
2025-04-28,24070.25,24355.099609375,24054.05078125,24312.9,25,24070.25,24117.95,24152.19921875,24054.05078125,24176.6,24227.80078125,24054.05078125,24275.85,24279.30078125,24054.05078125,23991.65,0.32761398236469164,1.0080909005930618,1.3390075297030424,0.19816994007125283,0.44183172173117663,0.8541664502861356,0.40775828044993295,1.2507091871708853,UP,UP,UP,UP,UP
2025-04-29,24370.69921875,24457.650390625,24290.75,24325.45,25,24370.69921875,24417.1,24457.650390625,24364.349609375,24316.6,24457.650390625,24303.900390625,24351.55,24457.650390625,24290.75,24312.9,0.237730664585461,-0.1856705806585395,0.05161868802158225,0.19039577335679944,-0.22198468030978502,-0.07857476134811905,0.38283998506787814,0.6848403861001757,DOWN,FLAT,UP,DOWN,FLAT
2025-04-30,24342.05,24396.150390625,24198.75,24243.45,25,24342.05,24322.25,24342.05,24268.80078125,24346.8,24365.69921875,24268.80078125,24353.35,24395.19921875,24268.80078125,24325.45,0.06824128638935166,-0.4050603790559897,-0.33709551107995944,-0.08134072520596776,0.019513557814563688,0.046421727011485364,0.30091639262099645,0.8109439863322934,DOWN,DOWN,FLAT,FLAT,FLAT
2025-05-02,24311.900390625,24589.150390625,24238.5,24313.65,25,24311.900390625,24487.6,24488.5,24305.849609375,24529.85,24551.25,24305.849609375,24581.95,24589.150390625,24305.849609375,24243.45,0.2823459145666119,0.0071965142456577695,0.2895627478762335,0.7226897385724347,0.8964729448259952,1.1107712891055423,0.7512797752965148,1.4422993883284236,FLAT,UP,UP,UP,UP
2025-05-05,24419.5,24526.400390625,24400.650390625,24459.5,25,24419.5,24443.15,24477.900390625,24400.650390625,24449.15,24477.900390625,24400.650390625,24479.1,24511.30078125,24400.650390625,24313.65,0.4353521581498399,0.1638035176805422,0.5998687979797296,0.09684882982862653,0.12141935748070785,0.24406724134400187,0.3163455435205471,0.5149573087082044,UP,UP,FLAT,UP,UP
2025-05-06,24500.75,24509.650390625,24331.80078125,24335.9,25,24500.75,24433.0,24509.650390625,24421.0,24458.1,24509.650390625,24421.0,24389.7,24509.650390625,24379.80078125,24459.5,0.16864612931580777,-0.6728365458200201,-0.5053251292953599,-0.27652214728120567,-0.17407630378662473,-0.45325143107863747,0.3618272527371611,0.725894551697397,DOWN,DOWN,DOWN,DOWN,DOWN
2025-05-07,24233.30078125,24449.599609375,24220.0,24409.3,25,24233.30078125,24427.2,24436.599609375,24220.0,24402.85,24449.599609375,24220.0,24304.1,24449.599609375,24220.0,24335.9,-0.42159615526855987,0.7262701038488942,0.3016120217456425,0.800135402520263,0.6996538370092102,0.2921567284171949,0.8938097675187086,0.9474549564979106,UP,UP,UP,UP,UP
2025-05-08,24431.5,24447.25,24150.19921875,24154.1,25,24431.5,24392.3,24447.25,24381.94921875,24391.5,24447.25,24373.44921875,24391.55,24447.25,24373.44921875,24409.3,0.0909489415919372,-1.1354194380205942,-1.0455031483901658,-0.16044860119108828,-0.16372306243988294,-0.16351840861183606,0.26728109714917214,1.215851590160244,DOWN,DOWN,DOWN,DOWN,DOWN
2025-05-09,23935.75,24164.25,23935.75,24038.65,25,23935.75,24080.8,24164.25,23935.75,24090.5,24164.25,23935.75,24060.65,24164.25,23935.75,24154.1,-0.9039873147829915,0.4299008804821301,-0.4779726837265603,0.605997305286023,0.6465224611720961,0.5218136051721858,0.9546389814398963,0.9546389814398963,UP,DOWN,UP,UP,UP
2025-05-12,24420.099609375,24944.80078125,24378.849609375,24920.25,25,24420.099609375,24595.2,24597.150390625,24378.849609375,24591.7,24633.599609375,24378.849609375,24682.65,24737.80078125,24378.849609375,24038.65,1.5868179343473885,2.04810954347209,3.6674272473703744,0.7170338918592241,0.7027014359889117,1.075140539247461,0.893938946777241,2.3175629130428628,UP,UP,UP,UP,UP
2025-05-13,24864.05,24973.80078125,24547.5,24592.25,25,24864.05,24768.6,24973.80078125,24754.099609375,24746.7,24973.80078125,24675.599609375,24771.95,24973.80078125,24675.599609375,24920.25,-0.22551940690803957,-1.093144519899209,-1.3161986737693243,-0.38388758066365186,-0.47196655412130584,-0.3704143130342746,0.8836097573605265,1.7145267213104867,DOWN,DOWN,DOWN,DOWN,DOWN
2025-05-14,24613.80078125,24767.55078125,24535.55078125,24685.75,25,24613.80078125,24718.1,24737.55078125,24581.75,24742.8,24745.5,24581.75,24758.15,24758.55078125,24581.75,24592.25,0.08763240960058555,0.2923125095121782,0.38020107960841326,0.42374284116839983,0.5240930480280263,0.5864564356918093,0.6329814019161316,0.9425606474264232,UP,UP,UP,UP,UP
2025-05-15,24694.44921875,25116.25,24494.44921875,25035.3,25,24694.44921875,24611.85,24706.75,24584.650390625,24546.9,24706.75,24538.19921875,24561.7,24706.75,24494.44921875,24685.75,0.03523983978611142,1.3802728630659158,1.4159991087975827,-0.33448496064162275,-0.5974995329637374,-0.5375670361143566,0.4944415171742005,2.517977929946618,UP,UP,DOWN,DOWN,DOWN
2025-05-16,25064.650390625,25070.0,24953.05078125,25013.1,25,25064.650390625,25033.6,25065.25,24984.0,25017.1,25070.0,24983.15,25005.15,25070.0,24975.80078125,25035.3,0.1172360252323748,-0.20566969744881414,-0.0886747911948358,-0.12388120377140915,-0.18971096697517417,-0.23738767426516208,0.32416171274581257,0.466590265283504,DOWN,FLAT,DOWN,DOWN,DOWN
2025-05-19,25005.35,25062.95,24916.65,24935.35,25,25005.35,25014.45,25058.69921875,24965.80078125,25009.25,25058.69921875,24965.80078125,25040.85,25058.69921875,24965.80078125,25013.1,-0.030983764507398124,-0.27994009282013654,-0.31083712134841346,0.036392212066626475,0.015596662314270569,0.14196961850164064,0.37151424595136645,0.5850747939940824,DOWN,DOWN,FLAT,FLAT,UP
2025-05-20,24996.19921875,25010.349609375,24669.69921875,24713.85,25,24996.19921875,24935.65,25010.349609375,24934.44921875,24915.75,25010.349609375,24913.900390625,24899.4,25010.349609375,24863.400390625,24935.35,0.24402793123016703,-1.1295686047269433,-0.8882971363947167,-0.24223370209251546,-0.3218458056201357,-0.38725574997573264,0.3036477264434108,1.3628087520180803,DOWN,DOWN,DOWN,DOWN,DOWN
2025-05-21,24744.25,24946.19921875,24685.349609375,24800.95,25,24744.25,24738.3,24766.150390625,24692.65,24796.65,24817.05078125,24692.65,24869.2,24870.19921875,24692.65,24713.85,0.12300794898407758,0.22914414459925328,0.35243395909581954,-0.02404599048264032,0.21176636996474515,0.5049658001353879,0.2970402846115705,1.054182726795114,UP,UP,FLAT,UP,UP
2025-05-22,24733.94921875,24737.5,24462.400390625,24637.0,25,24733.94921875,24590.5,24737.5,24574.0,24589.95,24737.5,24541.599609375,24606.05,24737.5,24541.599609375,24800.95,-0.27015409187954786,-0.3919682129714488,-0.6610633866847871,-0.5799689223961689,-0.5821925867011895,-0.5170998679541418,0.6610347524933705,1.1122348758056637,DOWN,DOWN,DOWN,DOWN,DOWN
2025-05-23,24639.5,24909.05078125,24614.05078125,24845.15,25,24639.5,24713.8,24733.55078125,24614.05078125,24781.4,24784.80078125,24614.05078125,24818.1,24826.650390625,24614.05078125,24637.0,0.010147339367617811,0.8346354430893543,0.8448674757478649,0.3015483268735132,0.5759045435175285,0.7248523711925914,0.4849936078248341,1.1972645548813896,UP,UP,UP,UP,UP
2025-05-26,24919.349609375,25079.19921875,24900.5,24996.35,25,24919.349609375,25040.5,25049.5,24900.5,25043.55,25055.94921875,24900.5,25044.15,25079.19921875,24900.5,24845.15,0.29864826485249046,0.3089983961540872,0.6085694793551139,0.48616995436920063,0.4984094391383047,0.5008172066338755,0.5979289280645758,0.7171102839809709,UP,UP,UP,UP,UP
2025-05-27,24956.650390625,25062.900390625,24704.099609375,24837.7,25,24956.650390625,24790.45,24976.099609375,24769.30078125,24825.7,24976.099609375,24765.75,24777.1,24976.099609375,24737.69921875,24996.35,-0.15882162545731096,-0.4766280280533286,-0.6346926651291002,-0.6659563203539233,-0.5247114038757019,-0.7194490759563222,0.8286321476967288,1.4376960675170736,DOWN,DOWN,DOWN,DOWN,DOWN
2025-05-28,24832.5,24864.25,24737.05078125,24757.15,25,24832.5,24769.15,24864.25,24765.0,24807.25,24864.25,24743.05078125,24760.5,24864.25,24743.05078125,24837.7,-0.02093591596645715,-0.30343300110741384,-0.32430539059574465,-0.25510923185341206,-0.10168126447196214,-0.28994261552401085,0.39967784153830666,0.5122288080136917,DOWN,DOWN,DOWN,DOWN,DOWN
2025-05-29,24825.099609375,24892.599609375,24677.30078125,24880.85,25,24825.099609375,24800.05,24889.69921875,24793.8,24808.75,24889.69921875,24779.69921875,24801.75,24889.69921875,24779.69921875,24757.15,0.274464586493189,0.2245726764534103,0.49965363541440383,-0.10090436602131878,-0.0658591894182197,-0.09405645794944649,0.3862994318612327,0.8672626958712952,UP,UP,DOWN,FLAT,FLAT
2025-05-30,24812.599609375,24863.94921875,24717.400390625,24736.65,25,24812.599609375,24848.0,24862.900390625,24780.0,24819.1,24863.94921875,24780.0,24794.75,24863.94921875,24780.0,24880.85,-0.27430891880702846,-0.30609291477182554,-0.5795621934137986,0.1426710267457207,0.026197942687724213,-0.07193768349953884,0.3341060264950133,0.5906226289551262,DOWN,DOWN,UP,FLAT,FLAT
2025-06-02,24669.7,24754.400390625,24526.15,24690.7,25,24669.7,24564.95,24717.55078125,24538.44921875,24571.0,24717.55078125,24526.15,24581.95,24717.55078125,24526.15,24736.65,-0.27065103803466,0.08512466710174829,-0.18575676172804614,-0.42460994661467305,-0.40008593537821996,-0.3556995018180197,0.7259981373912127,0.9252256437046197,FLAT,DOWN,DOWN,DOWN,DOWN
2025-06-03,24786.30078125,24845.099609375,24502.150390625,24538.4,25,24786.30078125,24649.0,24845.099609375,24647.150390625,24646.8,24845.099609375,24601.30078125,24661.7,24845.099609375,24601.30078125,24690.7,0.3871934827688128,-1.0001523964299148,-0.6168314385578346,-0.5539381711766502,-0.5628140418417271,-0.502700190519174,0.7986234835806636,1.3836240501423653,DOWN,DOWN,DOWN,DOWN,DOWN
2025-06-04,24560.44921875,24644.25,24530.44921875,24612.0,25,24560.44921875,24573.15,24612.75,24558.44921875,24553.85,24612.75,24536.5,24578.75,24612.75,24530.44921875,24538.4,0.08985597573598338,0.2098934787017046,0.2999380562709816,0.05171233285222402,-0.026869291726811996,0.07451321874043236,0.22109034230752408,0.4633497548698007,UP,UP,FLAT,FLAT,FLAT
2025-06-05,24691.19921875,24899.849609375,24613.099609375,24761.1,25,24691.19921875,24715.5,24717.05078125,24613.099609375,24747.15,24753.099609375,24613.099609375,24732.25,24761.5,24613.099609375,24612.0,0.3217910724443361,0.28309998485985766,0.605802047781564,0.09841879705683342,0.22660212148591619,0.1662567333660605,0.42100495384631453,1.1613449693534845,UP,UP,FLAT,UP,UP
2025-06-06,24748.69921875,25029.5,24671.44921875,25000.3,25,24748.69921875,24729.45,24763.349609375,24723.25,24687.35,24763.349609375,24685.400390625,24750.6,24817.099609375,24671.44921875,24761.1,-0.05008170578043199,1.0166222435617247,0.9660313960203736,-0.07777870901358631,-0.2478886595523466,0.007680327896015171,0.16202713936827803,1.446745859591421,UP,UP,FLAT,DOWN,FLAT
2025-06-09,25160.099609375,25160.099609375,25077.150390625,25103.1,25,25160.099609375,25095.35,25160.099609375,25087.30078125,25108.4,25160.099609375,25077.150390625,25119.15,25160.099609375,25077.150390625,25000.3,0.6391907672107965,-0.2265476300171825,0.4111950656592092,-0.2573503697532058,-0.2054825305847937,-0.16275614966063234,0.28934236849314443,0.32968557373712454,DOWN,UP,DOWN,DOWN,DOWN
2025-06-10,25196.05078125,25199.30078125,25055.44921875,25091.5,25,25196.05078125,25089.25,25199.30078125,25085.400390625,25109.05,25199.30078125,25055.44921875,25156.9,25199.30078125,25055.44921875,25103.1,0.3702761063374701,-0.4149490813369965,-0.0462094323011841,-0.42387905222622163,-0.3452953084010435,-0.1553845941568476,0.452056521134497,0.5709290068864649,DOWN,FLAT,DOWN,DOWN,DOWN
2025-06-11,25134.150390625,25222.400390625,25081.30078125,25126.8,25,25134.150390625,25136.65,25137.55078125,25081.30078125,25126.2,25150.400390625,25081.30078125,25146.35,25158.94921875,25081.30078125,25091.5,0.1699794377578064,-0.02924463532987537,0.14068509256122302,0.009945072087790984,-0.03163182562942233,0.04853798193054889,0.2237990905830705,0.5613860312844707,FLAT,UP,FLAT,FLAT,FLAT
2025-06-12,25164.44921875,25196.19921875,24825.900390625,24856.0,25,25164.44921875,25173.7,25180.099609375,25117.599609375,25103.5,25196.19921875,25099.94921875,25096.8,25196.19921875,25064.80078125,25126.8,0.1498369022318828,-1.225734034823122,-1.07773373449862,0.03676131024996956,-0.24220366684833622,-0.2688285293349293,0.24836625453908734,1.4715157280259121,DOWN,DOWN,FLAT,DOWN,DOWN
2025-06-13,24473.0,24754.349609375,24473.0,24735.55,25,24473.0,24644.25,24653.150390625,24473.0,24621.2,24653.150390625,24473.0,24644.15,24654.80078125,24473.0,24856.0,-1.5408754425490827,1.0728149389122676,-0.4845912455745121,0.6997507457197728,0.6055653168798297,0.6993421321456359,0.7361189499652678,1.149632694704368,UP,DOWN,UP,UP,UP
2025-06-16,24732.349609375,24967.099609375,24703.599609375,24940.95,25,24732.349609375,24785.6,24817.650390625,24703.599609375,24765.0,24817.650390625,24703.599609375,24763.7,24817.650390625,24703.599609375,24735.55,-0.012938425161353892,0.8434313517302416,0.8303837998346568,0.21530663873849473,0.13201491625617162,0.12675864250728974,0.46114009809552475,1.0654062560239654,UP,UP,UP,UP,UP
2025-06-17,24977.849609375,24982.05078125,24813.69921875,24841.5,25,24977.849609375,24882.6,24982.05078125,24867.94921875,24880.4,24982.05078125,24862.099609375,24851.7,24982.05078125,24846.44921875,24940.95,0.14794789041716244,-0.5458820975678529,-0.3987418281982071,-0.3813363074267657,-0.3901441112785888,-0.5050459160729802,0.4568109916762969,0.6740034275681289,DOWN,DOWN,DOWN,DOWN,DOWN
2025-06-18,24788.349609375,24947.55078125,24750.44921875,24798.75,25,24788.349609375,24897.2,24900.30078125,24776.900390625,24937.8,24944.44921875,24776.900390625,24916.95,24947.55078125,24776.900390625,24841.5,-0.21395805657870903,0.04195676916331111,-0.17209105730330293,0.43911915210294317,0.6029057721877412,0.5187936778831125,0.49781608122200177,0.7951378998844514,FLAT,DOWN,UP,UP,UP
2025-06-19,24803.25,24863.099609375,24733.400390625,24744.7,25,24803.25,24816.05,24825.25,24738.099609375,24839.6,24842.0,24738.099609375,24833.2,24863.099609375,24738.099609375,24798.75,0.01814607591108423,-0.23605777468678207,-0.21795453399868653,0.05160614032434972,0.14655337506173,0.12075030489956246,0.3513668193684295,0.5229121939665164,DOWN,DOWN,FLAT,UP,UP
2025-06-20,24787.650390625,25136.19921875,24783.650390625,25079.75,25,24787.650390625,24830.2,24881.5,24783.650390625,24874.35,24881.5,24783.650390625,24919.05,24919.150390625,24783.650390625,24744.7,0.1735741012216728,1.1784078150685704,1.3540273270639744,0.17165648500147285,0.3497693730898731,0.5301011080287636,0.39475145014957913,1.4222761035000653,UP,UP,UP,UP,UP
2025-06-23,24939.75,25057.0,24824.849609375,24958.9,25,24939.75,24908.25,24988.099609375,24891.0,24871.3,24988.099609375,24858.75,24863.1,24988.099609375,24824.849609375,25079.75,-0.5582192804952203,0.07678505197526622,-0.4818628574846182,-0.12630439358854842,-0.27446145209956285,-0.30734069106547357,0.389336739041089,0.9308448987058812,FLAT,DOWN,DOWN,DOWN,DOWN
2025-06-24,25179.900390625,25317.69921875,24999.69921875,25071.55,25,25179.900390625,25199.5,25250.849609375,25150.0,25176.3,25250.849609375,25140.25,25232.6,25250.849609375,25118.5,24958.9,0.8854572542259416,-0.4303050804177995,0.4513420062582799,0.07783831179212028,-0.014298669054073097,0.20929236636146384,0.4005163158331969,1.2629120650469214,DOWN,UP,FLAT,FLAT,UP
2025-06-25,25150.349609375,25266.80078125,25125.05078125,25236.35,25,25150.349609375,25159.9,25184.94921875,25125.05078125,25188.25,25192.650390625,25125.05078125,25173.9,25208.6,25125.05078125,25071.55,0.3142989140081117,0.3419451099516374,0.6573187537268309,0.03797319231475601,0.15069528342012517,0.09363842249024981,0.23816145075642353,0.5636104555268747,UP,UP,FLAT,UP,FLAT
2025-06-26,25268.94921875,25565.30078125,25259.900390625,25530.4,25,25268.94921875,25348.7,25351.849609375,25259.900390625,25347.1,25389.94921875,25259.900390625,25386.2,25437.900390625,25259.900390625,25236.35,0.1291756484198446,1.0346721542975774,1.1651843471817553,0.3156078258720163,0.3092759440586841,0.46401130587178757,0.36388224122027235,1.2085994869877201,UP,UP,UP,UP,UP
2025-06-27,25576.650390625,25654.19921875,25523.55078125,25632.45,25,25576.650390625,25538.6,25622.5,25537.349609375,25535.1,25622.5,25523.55078125,25567.65,25622.5,25523.55078125,25530.4,0.18115811199588938,0.2181662122396364,0.39971955002663206,-0.148770030648535,-0.16245438706951068,-0.03518987235442525,0.33292236991365953,0.5108113670267337,UP,UP,DOWN,DOWN,FLAT
2025-06-30,25661.650390625,25669.349609375,25473.3,25507.45,25,25661.650390625,25632.6,25669.349609375,25591.55078125,25590.4,25669.349609375,25579.150390625,25586.4,25669.349609375,25543.69921875,25632.45,0.1139196238556957,-0.6008981818306334,-0.48766309892343496,-0.11320546489720111,-0.27765318886515783,-0.29324065085264295,0.30317156901733155,0.7639789584485328,DOWN,DOWN,DOWN,DOWN,DOWN
2025-07-01,25551.349609375,25593.400390625,25501.80078125,25533.0,25,25551.349609375,25573.55,25579.69921875,25513.8,25580.1,25589.80078125,25513.8,25531.3,25593.400390625,25513.8,25507.45,0.17210504921110997,-0.07181463858279868,0.10016681400923759,0.08688539339172036,0.11252004713852685,-0.07846790749418717,0.2579089549376357,0.3584922549116206,FLAT,UP,FLAT,UP,FLAT
2025-07-02,25588.30078125,25608.099609375,25378.75,25442.85,25,25588.30078125,25568.9,25608.099609375,25559.05078125,25535.9,25608.099609375,25533.349609375,25526.1,25608.099609375,25513.05078125,25533.0,0.2165855216778287,-0.5684268857609392,-0.35307249441899285,-0.07581895107397908,-0.20478413825897956,-0.24308289081696074,0.19168458485895576,0.8963065243592003,DOWN,DOWN,FLAT,DOWN,DOWN
2025-07-03,25505.099609375,25587.5,25384.349609375,25397.4,25,25505.099609375,25435.45,25537.05078125,25429.75,25497.2,25537.05078125,25429.75,25543.05,25559.80078125,25429.75,25442.85,0.24466445140776863,-0.4222669623897921,-0.1786356481290307,-0.2730811110002406,-0.030972666235326466,0.1487953044929482,0.42070324324692726,0.7965089089490451,DOWN,DOWN,DOWN,FLAT,UP
2025-07-04,25428.849609375,25470.25,25331.650390625,25467.8,25,25428.849609375,25424.9,25458.650390625,25393.80078125,25394.4,25458.650390625,25370.55,25410.25,25458.650390625,25370.55,25397.4,0.12383003525950902,0.15317401779213485,0.2771937284918843,-0.01553200178407764,-0.13547450987439796,-0.07314373107992575,0.25502376383983777,0.5450486809434811,UP,UP,FLAT,DOWN,FLAT
2025-07-07,25450.44921875,25489.80078125,25407.25,25454.95,25,25450.44921875,25439.9,25480.900390625,25407.25,25451.9,25489.80078125,25407.25,25436.1,25489.80078125,25407.25,25467.8,-0.06812830809885138,0.017684486475330604,-0.05045586976495239,-0.04145002966087791,0.0057004150988919575,-0.05638100383481647,0.28938738955829457,0.3243588376003309,FLAT,FLAT,FLAT,FLAT,FLAT
2025-07-08,25427.849609375,25548.05078125,25424.150390625,25523.1,25,25427.849609375,25474.4,25490.150390625,25424.150390625,25471.55,25495.900390625,25424.150390625,25448.2,25495.900390625,25424.150390625,25454.95,-0.10646412829332105,0.37459082104166863,0.2677278878960588,0.18306853052897865,0.1718603472032781,0.0800318978506847,0.2595579296476036,0.48726255868415685,UP,UP,UP,UP,FLAT
2025-07-09,25514.599609375,25548.7,25424.349609375,25464.65,25,25514.599609375,25483.2,25525.05078125,25476.650390625,25483.85,25525.05078125,25472.05,25527.65,25529.44921875,25472.05,25523.1,-0.03330469506054729,-0.19576873687896407,-0.22900823175866997,-0.12306526402813668,-0.12051770298485467,0.05114871808611984,0.18969684559430014,0.48736955519109865,DOWN,DOWN,DOWN,DOWN,FLAT
2025-07-10,25511.650390625,25524.05078125,25340.44921875,25348.15,25,25511.650390625,25450.9,25524.05078125,25446.349609375,25438.55,25524.05078125,25431.30078125,25413.05,25524.05078125,25402.650390625,25464.65,0.18457112359682362,-0.6408851960635269,-0.4574969614740434,-0.23812803050688972,-0.2865372859290342,-0.3864916189868858,0.3045713259834948,0.7196773226692922,DOWN,DOWN,DOWN,DOWN,DOWN
2025-07-11,25255.5,25322.44921875,25129.0,25140.55,25,25255.5,25310.4,25318.05078125,25244.0,25315.25,25322.44921875,25244.0,25256.75,25322.44921875,25244.0,25348.15,-0.36550990900717195,-0.4551483835204242,-0.8189946800851431,0.21737839282533095,0.2365821306250124,0.004949416958682267,0.29320655401793666,0.7659686751400685,DOWN,DOWN,UP,UP,FLAT
2025-07-14,25149.5,25151.099609375,25001.94921875,25087.1,25,25149.5,25073.2,25151.099609375,25051.19921875,25090.0,25151.099609375,25041.900390625,25119.8,25151.099609375,25041.900390625,25140.55,0.03559985760057249,-0.2481162647368793,-0.21260473617323697,-0.3033857531958857,-0.23658522038211496,-0.11809379908149556,0.39722615012226886,0.5930550930435993,DOWN,DOWN,DOWN,DOWN,DOWN
2025-07-15,25089.5,25245.19921875,25088.44921875,25219.65,25,25089.5,25147.4,25151.150390625,25088.44921875,25101.65,25155.80078125,25088.44921875,25128.25,25155.80078125,25088.44921875,25087.1,0.009566669722691962,0.5187429004165147,0.5283591965591994,0.23077382968971663,0.04842663265510056,0.15444707945554914,0.2499100096653979,0.6247633472169634,UP,UP,UP,FLAT,UP
2025-07-16,25196.599609375,25255.30078125,25121.05078125,25198.55,25,25196.599609375,25146.7,25218.94921875,25127.75,25154.1,25218.94921875,25127.75,25141.75,25218.94921875,25127.75,25219.65,-0.09139853497174408,0.007740689836074479,-0.08366492001277646,-0.1980410458101375,-0.16867200349998202,-0.21768655384193938,0.3619505019084684,0.5328099905593969,FLAT,FLAT,DOWN,DOWN,DOWN
2025-07-17,25230.75,25238.349609375,25101.0,25109.5,25,25230.75,25209.8,25238.349609375,25197.75,25191.15,25238.349609375,25177.5,25160.1,25238.349609375,25159.55078125,25198.55,0.12778513049362256,-0.48056439067407825,-0.3533933500141845,-0.08303359987317352,-0.1569513391397344,-0.28001545732886046,0.16091320858476263,0.5443738667102642,DOWN,DOWN,FLAT,DOWN,DOWN
2025-07-18,25108.55078125,25144.599609375,24918.650390625,24967.45,25,25108.55078125,25070.2,25144.599609375,25061.099609375,25044.3,25144.599609375,25043.150390625,25013.3,25144.599609375,25004.650390625,25109.5,-0.003780317210617495,-0.5619630638155642,-0.5657221370397629,-0.1527399234791281,-0.25589203379264913,-0.37935594961191454,0.3325560313196342,0.8998895265541542,DOWN,DOWN,DOWN,DOWN,DOWN
2025-07-21,24999.0,25111.400390625,24882.30078125,25093.3,25,24999.0,24901.55,25037.19921875,24894.55078125,24938.7,25037.19921875,24882.30078125,25052.55,25071.05078125,24882.30078125,24967.45,0.12636452661364805,0.37721508860354125,0.5040562812782183,-0.38981559262370785,-0.24120964838593253,0.2142085683427308,0.5706165746629865,0.916435094903796,UP,UP,DOWN,DOWN,UP
2025-07-22,25166.650390625,25182.0,25035.55078125,25064.9,25,25166.650390625,25124.0,25182.0,25115.599609375,25109.2,25182.0,25089.400390625,25111.05,25182.0,25085.599609375,25093.3,0.29231065912016646,-0.4043064493910651,-0.11317762111797897,-0.16947186043037332,-0.22827984548313393,-0.22092884735154428,0.2638427823900445,0.5819178018404658,DOWN,DOWN,DOWN,DOWN,DOWN
2025-07-23,25139.349609375,25233.5,25085.5,25209.2,25,25139.349609375,25113.75,25149.849609375,25105.05078125,25096.9,25149.849609375,25094.55078125,25109.3,25149.849609375,25085.5,25064.9,0.297027354487744,0.2778528152492538,0.5757054686035024,-0.10183083402226667,-0.16885722993871002,-0.11953216706845346,0.17820201724030904,0.5887184923225207,UP,UP,DOWN,DOWN,DOWN
2025-07-24,25243.30078125,25246.25,25018.69921875,25051.9,25,25243.30078125,25188.65,25246.25,25183.349609375,25187.15,25246.25,25178.900390625,25158.45,25246.25,25155.15,25209.2,0.1352711758008952,-0.7582240647077563,-0.6239785475143966,-0.21649617743568456,-0.22243834804561588,-0.33613187904897124,0.2491765683500496,0.9014303764071068,DOWN,DOWN,DOWN,DOWN,DOWN
2025-07-25,25010.349609375,25010.349609375,24806.349609375,24832.2,25,25010.349609375,24990.85,25010.349609375,24907.44921875,24926.35,25010.349609375,24907.44921875,24903.3,25010.349609375,24903.150390625,25051.9,-0.1658572428638205,-0.7123035549579876,-0.8769793907847336,-0.07796616072768582,-0.33585939695746847,-0.42802124339307007,0.41143123639674484,0.815662328540708,DOWN,DOWN,FLAT,DOWN,DOWN
2025-07-28,24782.44921875,24889.19921875,24646.599609375,24673.95,25,24782.44921875,24785.3,24799.80078125,24732.69921875,24785.05,24854.69921875,24732.69921875,24844.25,24854.69921875,24732.69921875,24832.2,-0.20034785983521688,-0.437806682431979,-0.6372774059487278,0.011503226435918277,0.010494448014571391,0.24937317818951701,0.27076243315463766,0.978917003858735,DOWN,DOWN,FLAT,FLAT,UP
2025-07-29,24609.650390625,24847.150390625,24598.599609375,24830.4,25,24609.650390625,24710.4,24712.150390625,24598.599609375,24694.2,24712.599609375,24598.599609375,24664.55,24727.150390625,24598.599609375,24673.95,-0.2605971454712388,0.8970042478096139,0.6340695348738273,0.4093906568188463,0.34356282203508975,0.22308163059444833,0.4614075350426634,1.0099728249072768,UP,UP,UP,UP,UP
2025-07-30,24890.400390625,24902.30078125,24771.94921875,24844.55,25,24890.400390625,24833.2,24892.05078125,24813.900390625,24877.2,24892.05078125,24813.900390625,24843.05,24892.05078125,24813.900390625,24830.4,0.2416408540538958,-0.18420913245843298,0.056986597074544974,-0.22980904174825517,-0.05303406300354741,-0.1902355521883662,0.31397803730965873,0.5237021520517487,DOWN,FLAT,DOWN,FLAT,DOWN
2025-07-31,24642.25,24956.5,24635.0,24765.6,25,24642.25,24709.4,24728.94921875,24635.0,24707.95,24728.94921875,24635.0,24673.6,24728.94921875,24635.0,24844.55,-0.8142630878804377,0.5005630573506824,-0.3177759307373276,0.2724994673781877,0.2666152644340542,0.12722052572309162,0.3812525997017318,1.304669825198592,UP,DOWN,UP,UP,UP
2025-08-01,24734.900390625,24784.150390625,24535.05078125,24572.15,25,24734.900390625,24686.9,24759.75,24679.30078125,24709.0,24759.75,24672.19921875,24745.65,24759.75,24672.19921875,24765.6,-0.12396069295716053,-0.6579787589792925,-0.7811238169073114,-0.1940593649740009,-0.10471192612854323,0.04345927901563639,0.3252457761280971,1.007077471269759,DOWN,DOWN,DOWN,DOWN,FLAT
2025-08-04,24596.05078125,24736.25,24554.0,24726.9,25,24596.05078125,24660.5,24666.400390625,24562.849609375,24598.0,24669.94921875,24562.849609375,24624.3,24669.94921875,24554.0,24572.15,0.09726776553943609,0.5319927980054022,0.6297780210522889,0.2620307598288534,0.007924925701836344,0.11485266070248215,0.4210057223045684,0.7409726123143816,UP,UP,UP,FLAT,UP
2025-08-05,24720.25,24733.099609375,24590.30078125,24649.5,25,24720.25,24673.0,24733.099609375,24664.19921875,24631.9,24733.099609375,24628.25,24618.75,24733.099609375,24593.150390625,24726.9,-0.02689378773724751,-0.2862026071742802,-0.3130194241898558,-0.1911388436605617,-0.35739929814625077,-0.410594553048614,0.2787204442713969,0.5776593202940908,DOWN,DOWN,DOWN,DOWN,DOWN
2025-08-06,24641.349609375,24671.400390625,24539.19921875,24569.6,25,24641.349609375,24651.3,24671.400390625,24634.349609375,24621.05,24671.400390625,24616.150390625,24605.4,24671.400390625,24579.69921875,24649.5,-0.03306513570254975,-0.29117564789431716,-0.3241445059737579,0.040380867049642305,-0.08238026608444197,-0.14589139777198415,0.15036019470258127,0.5365013441662425,DOWN,DOWN,FLAT,FLAT,DOWN
2025-08-07,24464.19921875,24634.19921875,24344.150390625,24626.65,25,24464.19921875,24525.85,24533.75,24460.05078125,24504.55,24542.900390625,24460.05078125,24476.05,24542.900390625,24460.05078125,24569.6,-0.4289885926103744,0.6640347382615122,0.23219751237302566,0.2520040844122451,0.1649380831524352,0.04844132090338982,0.3012533461283907,1.1856052410769244,UP,UP,UP,UP,FLAT
2025-08-08,24544.25,24585.5,24337.5,24350.85,25,24544.25,24515.5,24585.5,24514.349609375,24499.75,24585.5,24495.94921875,24449.3,24585.5,24437.55,24626.65,-0.33459686965137947,-0.787964594558813,-1.1199249593428375,-0.11713537793984334,-0.181305193680801,-0.38685231775263346,0.2898861877018039,1.010419955794127,DOWN,DOWN,DOWN,DOWN,DOWN
2025-08-11,24371.5,24600.849609375,24347.44921875,24562.15,25,24371.5,24401.45,24428.400390625,24347.44921875,24381.25,24428.400390625,24347.44921875,24410.45,24428.400390625,24347.44921875,24350.85,0.08480196789845716,0.7822661715528444,0.8677315165589823,0.12288944053505417,0.04000574441458261,0.15981781999466887,0.33215506585561,1.0397406422460662,UP,UP,UP,FLAT,UP
2025-08-12,24563.349609375,24702.599609375,24465.650390625,24485.85,25,24563.349609375,24619.25,24627.900390625,24530.75,24644.85,24648.0,24530.75,24662.35,24702.599609375,24530.75,24562.15,0.004883975445954628,-0.31550912480365656,-0.3106405587458871,0.22757641573307538,0.33179672935930776,0.40304108437724406,0.39550953827535384,0.9646453863912946,DOWN,DOWN,UP,UP,UP
2025-08-13,24586.19921875,24664.55078125,24535.25,24630.4,25,24586.19921875,24546.85,24599.55078125,24543.19921875,24570.15,24599.55078125,24535.25,24580.5,24614.19921875,24535.25,24485.85,0.40982534300423085,0.17977882980909438,0.5903409520192393,-0.16004596074367133,-0.06527734769902556,-0.02318056035946233,0.2291999751512019,0.525907970156657,UP,UP,DOWN,FLAT,FLAT
2025-08-14,24607.25,24673.650390625,24596.900390625,24616.05,25,24607.25,24634.55,24664.349609375,24604.599609375,24657.55,24664.349609375,24604.599609375,24629.4,24672.849609375,24604.599609375,24630.4,-0.09398954137976424,0.035761818163343215,-0.05826133558530183,0.11094291316583232,0.20441130154730527,0.09001412185433746,0.24281461764317427,0.3118999481860021,FLAT,FLAT,UP,UP,FLAT
2025-08-18,24938.19921875,25022.0,24852.849609375,24884.05,25,24938.19921875,24963.75,24968.849609375,24884.30078125,25001.6,25003.7,24884.30078125,24988.1,25022.0,24884.30078125,24616.05,1.3086958254878454,-0.21713363613395215,1.0887205705220782,0.10245640042360966,0.25423159344372437,0.20009777294777648,0.33903341369344436,0.6782782876232011,DOWN,UP,UP,UP,UP
2025-08-19,24891.349609375,25012.650390625,24873.94921875,24989.7,25,24891.349609375,24919.75,24936.44921875,24886.94921875,24880.25,24936.44921875,24878.150390625,24921.9,24936.44921875,24873.94921875,24884.05,0.029334490868651718,0.3951187547820161,0.4245691517257097,0.11409743172103197,-0.04459223605464719,0.12273497059996719,0.19886426721255995,0.5572264021504082,UP,UP,UP,FLAT,UP
2025-08-20,24965.80078125,25088.69921875,24929.69921875,25047.15,25,24965.80078125,24938.05,24983.75,24932.150390625,24966.85,24983.75,24929.69921875,24995.5,24995.75,24929.69921875,24989.7,-0.09563627714618714,0.3258426175181889,0.2298947166232517,-0.11115518181512658,0.0042026240583740325,0.11895960802629221,0.20668117088298135,0.636871219926634,UP,UP,DOWN,FLAT,UP
2025-08-21,25142.0,25153.650390625,25054.9,25076.95,25,25142.0,25065.3,25144.849609375,25058.599609375,25060.1,25144.849609375,25054.9,25115.15,25144.849609375,25054.9,25047.15,0.378685798583865,-0.25873041126401747,0.11897561199577306,-0.3050672182006234,-0.3257497414684649,-0.10679341341181506,0.34305146766367034,0.3927706253480175,DOWN,UP,DOWN,DOWN,DOWN
2025-08-22,25064.150390625,25084.849609375,24859.150390625,24869.45,25,25064.150390625,24986.8,25084.849609375,24985.400390625,24981.25,25084.849609375,24950.599609375,24961.4,25084.849609375,24945.349609375,25076.95,-0.05104133227924739,-0.7768082603662682,-0.8274530993601694,-0.30860966527687644,-0.3307528455303559,-0.4099496253558681,0.3967787345674322,0.9004862133065583,DOWN,DOWN,DOWN,DOWN,DOWN
2025-08-25,24949.15,25021.55078125,24894.349609375,24978.55,25,24949.15,24947.3,24961.349609375,24915.0,24968.1,24973.94921875,24915.0,24906.25,24973.94921875,24899.0,24869.45,0.32047351268323476,0.11783968592115489,0.43869084358519606,-0.007415082277360883,0.0759544914355683,-0.1719497457829283,0.18577630650743612,0.5098417055290461,UP,UP,FLAT,FLAT,DOWN
2025-08-26,24899.5,24919.650390625,24689.599609375,24710.7,25,24899.5,24799.45,24919.650390625,24796.599609375,24760.45,24919.650390625,24758.69921875,24797.45,24919.650390625,24755.599609375,24978.55,-0.3164715325749464,-0.758248157593523,-1.072320050603412,-0.40181529749593076,-0.558444948693746,-0.40984758730094695,0.4941897678668246,0.9239172724351895,DOWN,DOWN,DOWN,DOWN,DOWN
2025-08-28,24695.80078125,24702.650390625,24481.599609375,24533.1,25,24695.80078125,24529.05,24702.650390625,24514.349609375,24565.7,24702.650390625,24507.19921875,24576.95,24702.650390625,24507.19921875,24710.7,-0.06029460415933473,-0.6588196215671214,-0.7187169930435081,-0.675219170769325,-0.5268133736678698,-0.4812590703284072,0.7624809696106927,0.8950946082211283,DOWN,DOWN,DOWN,DOWN,DOWN
2025-08-29,24466.69921875,24572.45,24404.69921875,24433.65,25,24466.69921875,24531.8,24564.349609375,24466.599609375,24510.85,24564.349609375,24466.599609375,24470.85,24564.349609375,24464.150390625,24533.1,-0.27065793254826565,-0.13507837103204895,-0.40537070325395935,0.2660791333884116,0.1804525443144521,0.01696502340952311,0.3995226292114202,0.6856289839106916,DOWN,DOWN,UP,UP,FLAT
2025-09-01,24432.69921875,24635.599609375,24432.69921875,24624.3,25,24432.69921875,24530.25,24533.55078125,24432.69921875,24535.8,24546.650390625,24432.69921875,24523.15,24560.849609375,24432.69921875,24433.65,-0.0038912780120917466,0.7841981744815247,0.7802763811382982,0.39926321842957957,0.4219786783560871,0.37020380122630187,0.41277290567472413,0.83044607068748,UP,UP,UP,UP,UP
2025-09-02,24653.0,24756.099609375,24522.349609375,24575.0,25,24653.0,24653.55,24685.849609375,24631.349609375,24688.75,24695.599609375,24631.349609375,24728.75,24747.55078125,24631.349609375,24624.3,0.11655153649038036,-0.31639151421733663,-0.20020873689810176,0.002230965805375704,0.14501277734961263,0.3072648359226058,0.22106842980570313,0.9481604672859287,DOWN,DOWN,FLAT,UP,UP
2025-09-03,24616.5,24737.05078125,24533.19921875,24713.6,25,24616.5,24597.45,24630.69921875,24533.19921875,24551.95,24630.69921875,24533.19921875,24606.75,24630.69921875,24533.19921875,24575.0,0.1688708036622584,0.3944508764446552,0.5639877924720185,-0.07738711839619472,-0.262222493043281,-0.03960758028151849,0.39607580281518495,0.8281094489468446,UP,UP,FLAT,DOWN,FLAT
2025-09-04,24980.75,24980.75,24708.19921875,24739.8,25,24980.75,24897.2,24980.75,24847.25,24885.85,24980.75,24847.25,24835.7,24980.75,24835.099609375,24713.6,1.0809837498381518,-0.9645426978773683,0.10601450213647841,-0.33445753229986797,-0.37989251723827927,-0.5806470982656617,0.5344114968525765,1.09104322828578,DOWN,UP,DOWN,DOWN,DOWN
2025-09-05,24818.849609375,24832.349609375,24621.599609375,24743.95,25,24818.849609375,24783.2,24832.349609375,24779.400390625,24778.85,24832.349609375,24775.44921875,24679.35,24832.349609375,24674.75,24739.8,0.3195240437473251,-0.3017851776123697,0.016774589932018268,-0.14363924974803463,-0.16116625067058757,-0.562071214301195,0.21334275997223948,0.8491529757301559,DOWN,FLAT,DOWN,DOWN,DOWN
2025-09-08,24802.599609375,24885.5,24751.55078125,24791.2,25,24802.599609375,24788.05,24831.349609375,24758.5,24829.05,24845.69921875,24758.5,24800.45,24845.69921875,24758.5,24743.95,0.23702605839002774,-0.04596134903008472,0.19095576898595412,-0.05866163065222082,0.10664362220725214,-0.008666871250813375,0.29371763654751726,0.5400612067267709,FLAT,UP,FLAT,UP,FLAT
2025-09-09,24864.099609375,24891.80078125,24814.0,24878.8,25,24864.099609375,24850.25,24879.05078125,24840.900390625,24854.75,24879.05078125,24831.44921875,24824.1,24879.05078125,24823.25,24791.2,0.2940543796790767,0.05912295581158505,0.3533511891316215,-0.05570123025801429,-0.03760284716473197,-0.1608729453445385,0.15343564104213694,0.31290407644870133,FLAT,UP,FLAT,FLAT,DOWN
2025-09-10,24991.0,25035.69921875,24915.05078125,24977.55,25,24991.0,24990.65,24992.80078125,24958.099609375,25012.25,25014.099609375,24958.099609375,25005.45,25017.400390625,24958.099609375,24878.8,0.45098638197984114,-0.05381937497499391,0.3969242889528434,-0.001400504181499519,0.08503061101996719,0.057820815493580605,0.1388546751830659,0.482767546316674,FLAT,UP,FLAT,FLAT,FLAT
2025-09-11,24945.5,25037.30078125,24940.150390625,25008.1,25,24945.5,24985.45,25008.94921875,24940.150390625,24978.45,25008.94921875,24940.150390625,24964.5,25008.94921875,24940.150390625,24977.55,-0.12831522707390947,0.25094706460082394,0.12230983423113664,0.160149125092705,0.13208795173478474,0.07616604197149786,0.27579654897676936,0.38945056473111384,UP,UP,UP,UP,FLAT
2025-09-12,25074.44921875,25139.44921875,25038.05078125,25107.7,25,25074.44921875,25059.1,25089.75,25038.05078125,25049.7,25089.75,25038.05078125,25074.7,25089.75,25038.05078125,25008.1,0.2653109142637844,0.1326082218593128,0.39827096020890107,-0.061214579894037,-0.09870294072697905,0.0010001465946984794,0.20618286885975032,0.40438949073376645,UP,UP,FLAT,FLAT,FLAT
2025-09-15,25118.900390625,25138.44921875,25048.75,25069.7,25,25118.900390625,25113.25,25138.44921875,25085.25,25090.45,25138.44921875,25081.30078125,25084.75,25138.44921875,25070.0,25107.7,0.04460938526826142,-0.19587000171138896,-0.1513479928468159,-0.022494577935859274,-0.1132628824612787,-0.1359549585926372,0.21178960035151567,0.35709850891195055,DOWN,DOWN,FLAT,DOWN,DOWN
2025-09-16,25073.599609375,25261.400390625,25070.44921875,25254.45,25,25073.599609375,25112.2,25122.0,25070.44921875,25135.45,25140.400390625,25070.44921875,25165.05,25181.849609375,25070.44921875,25069.7,0.01555506996493485,0.7212781309524496,0.736945396235296,0.15394834098957244,0.2466753541118002,0.3647278095276198,0.20559784814752008,0.7615626589315221,UP,UP,UP,UP,UP
2025-09-17,25276.599609375,25346.5,25275.349609375,25330.15,25,25276.599609375,25303.2,25324.349609375,25275.349609375,25333.15,25342.150390625,25275.349609375,25314.15,25342.150390625,25275.349609375,25254.45,0.08770576819134557,0.21185757361579524,0.2997491531195521,0.10523721954726355,0.2237262586698059,0.14855791999440524,0.19385518921550696,0.28148719259931854,UP,UP,UP,UP,UP
2025-09-18,25441.05078125,25448.94921875,25329.75,25420.75,25,25441.05078125,25425.1,25448.94921875,25393.80078125,25424.85,25448.94921875,25393.80078125,25408.0,25448.94921875,25393.80078125,25330.15,0.4378212574737952,-0.07979537254397383,0.35767652382634346,-0.06269702217550364,-0.06367968598978387,-0.12991122707226524,0.2167694957813782,0.46853103582439115,FLAT,UP,FLAT,FLAT,DOWN
2025-09-19,25410.19921875,25428.75,25286.30078125,25352.5,25,25410.19921875,25365.0,25428.75,25356.75,25340.55,25428.75,25322.900390625,25324.45,25428.75,25297.05078125,25420.75,-0.041504602539264183,-0.2270710994954505,-0.2684814570773876,-0.17787825416436653,-0.2740994596319697,-0.3374598444184001,0.28335078910704375,0.5605985908401999,DOWN,DOWN,DOWN,DOWN,DOWN
2025-09-22,25238.099609375,25331.69921875,25151.05078125,25200.2,25,25238.099609375,25288.0,25290.900390625,25211.599609375,25314.2,25321.849609375,25211.599609375,25311.45,25331.69921875,25211.599609375,25352.5,-0.45123909131249385,-0.1501682375519312,-0.6007297110738558,0.19771849464633975,0.3015297974207706,0.2906335728929203,0.3142105882668866,0.7157767038564818,DOWN,DOWN,UP,UP,UP
2025-09-23,25209.0,25261.900390625,25084.650390625,25184.9,25,25209.0,25186.35,25250.849609375,25185.0,25145.85,25250.849609375,25133.900390625,25150.9,25250.849609375,25110.05078125,25200.2,0.03492035777493541,-0.0956007775000934,-0.060713803858696645,-0.08984886350113631,-0.25050577174819094,-0.23047324368280592,0.2612146827521917,0.7031219009084058,FLAT,FLAT,FLAT,DOWN,DOWN
2025-09-24,25108.75,25149.849609375,25027.44921875,25060.9,25,25108.75,25072.6,25149.849609375,25061.5,25060.5,25149.849609375,25049.44921875,25094.7,25149.849609375,25049.44921875,25184.9,-0.302363717942106,-0.19057101608004598,-0.49235851641261225,-0.14397371434261544,-0.1921640862249216,-0.0559565888385494,0.3518678125155573,0.4874810200627271,DOWN,DOWN,DOWN,DOWN,FLAT
2025-09-25,25034.5,25092.69921875,24878.30078125,24904.55,25,25034.5,25058.7,25092.69921875,25003.900390625,25054.0,25092.69921875,25003.900390625,25031.7,25092.69921875,25003.900390625,25060.9,-0.10534338351775657,-0.5190836645429336,-0.6238802277651727,0.09666660009187612,0.07789250833849289,-0.01118456529988325,0.3547058184705107,0.8564119015758255,DOWN,DOWN,FLAT,FLAT,FLAT
2025-09-26,24818.55078125,24868.599609375,24629.44921875,24673.1,25,24818.55078125,24791.6,24868.599609375,24785.150390625,24781.45,24868.599609375,24759.0,24780.5,24868.599609375,24759.0,24904.55,-0.3453152887725306,-0.5860567062597671,-0.9293482516247061,-0.10859127709568892,-0.1494881049945442,-0.1533158869161157,0.33623727463186326,0.9635953071267727,DOWN,DOWN,DOWN,DOWN,DOWN
2025-09-29,24728.55078125,24791.30078125,24606.19921875,24677.55,25,24728.55078125,24712.1,24743.75,24668.150390625,24750.8,24752.19921875,24668.150390625,24758.4,24767.5,24668.150390625,24673.1,0.2247418494230618,-0.20624249961575264,0.018035836599376357,-0.06652545632587162,0.08997380779333564,0.12070751340848536,0.3057179130461705,0.7485338066812637,DOWN,FLAT,FLAT,FLAT,UP
2025-09-30,24691.94921875,24731.80078125,24587.69921875,24633.6,25,24691.94921875,24670.25,24731.80078125,24668.099609375,24649.85,24731.80078125,24645.25,24636.7,24731.80078125,24633.400390625,24677.55,0.05834946641786047,-0.23630867791390717,-0.17809709634870857,-0.0878797318014997,-0.17049775364851766,-0.22375397851557788,0.2579835691004422,0.5835973548438027,DOWN,DOWN,FLAT,DOWN,DOWN
2025-10-01,24620.55078125,24867.94921875,24605.94921875,24853.4,25,24620.55078125,24655.3,24661.849609375,24605.94921875,24682.45,24687.400390625,24605.94921875,24659.95,24694.05078125,24605.94921875,24633.6,-0.052973250966154135,0.9457514611221851,0.8922772148610147,0.1411390795386383,0.2514128107854542,0.16002574069141276,0.22704768517027427,1.0641516606506156,UP,UP,UP,UP,UP
2025-10-03,24759.55078125,24904.80078125,24747.55078125,24895.0,25,24759.55078125,24779.5,24855.69921875,24747.55078125,24789.1,24855.69921875,24747.55078125,24798.35,24855.69921875,24747.55078125,24853.4,-0.37761118700057716,0.5470584662326485,0.16738152526414313,0.08057181217159728,0.1193447288727697,0.15670404965255086,0.436794829015634,0.6351084532562797,UP,UP,FLAT,UP,UP
2025-10-06,24916.55,25095.95,24881.65,25072.55,25,24916.55,24901.85,24943.05,24897.85,24944.8,24947.2,24881.65,24968.9,24972.35,24881.65,24895.0,0.08656356698131863,0.6260898880462985,0.7131954207672194,-0.05899693175821182,0.11337845729043547,0.21010131820016087,0.18140553166469967,0.8600709167200085,UP,UP,FLAT,UP,UP
2025-10-07,25085.3,25220.9,25076.3,25112.8,25,25085.3,25119.05,25139.7,25076.3,25146.05,25148.15,25076.3,25183.65,25202.2,25076.3,25072.55,0.0508524262589964,0.10962595623731827,0.16053412995487099,0.13454094629125424,0.24217370332425764,0.3920622834887451,0.2527376591071323,0.5764332098878713,UP,UP,UP,UP,UP
2025-10-08,25079.75,25192.5,25008.5,25023.8,25,25079.75,25176.6,25179.05,25078.0,25177.4,25192.5,25078.0,25149.55,25192.5,25078.0,25112.8,-0.1316061928578226,-0.22308834816934273,-0.35440094294543023,0.3861681236854376,0.3893579481454219,0.27831218413261405,0.4029147021002971,0.733659625793718,DOWN,DOWN,UP,UP,UP
2025-10-09,25074.3,25199.25,25024.3,25170.3,25,25074.3,25108.1,25111.5,25039.1,25068.0,25120.35,25039.1,25041.8,25120.35,25024.3,25023.8,0.2018078788992879,0.3828621337385291,0.5854426585890232,0.13479937625377086,-0.025125327526588075,-0.12961478485939787,0.28874185919447987,0.6977263572662078,UP,UP,UP,FLAT,DOWN
2025-10-10,25167.65,25330.75,25156.85,25278.2,25,25167.65,25231.7,25242.05,25156.85,25268.1,25269.85,25156.85,25262.45,25285.1,25156.85,25170.3,-0.010528281347452423,0.4392543602600929,0.4286798329777613,0.2544933674776917,0.39912347795680997,0.37667402399508604,0.33852981903356383,0.6909663794593514,UP,UP,UP,UP,UP
2025-10-13,25177.3,25267.3,25152.3,25237.15,25,25177.3,25196.45,25241.95,25175.8,25216.25,25241.95,25152.3,25199.25,25241.95,25152.3,25278.2,-0.39915816790753084,0.23771413138025996,-0.16239289189894562,0.076060578378148,0.15470284740619816,0.08718170733160716,0.26273667152554664,0.45676065344576267,UP,DOWN,FLAT,UP,FLAT
2025-10-14,25277.55,25310.35,25060.55,25123.35,25,25277.55,25292.2,25310.35,25255.4,25236.85,25310.35,25235.15,25196.7,25310.35,25176.25,25237.15,0.16008146720211203,-0.6100274749728544,-0.45092254870301485,0.05795656620203088,-0.1610124398923184,-0.3198490360022967,0.2173865742526356,0.9882286851375994,DOWN,DOWN,FLAT,DOWN,DOWN
2025-10-15,25181.95,25365.15,25159.35,25327.75,25,25181.95,25252.65,25257.25,25159.35,25224.7,25267.95,25159.35,25251.25,25267.95,25159.35,25123.35,0.23324914870032137,0.5789861388812195,0.8135857678215742,0.2807566530788947,0.169764454301593,0.2751971153941584,0.38877052809651935,0.8172520396553995,UP,UP,UP,UP,UP
2025-10-16,25394.9,25625.4,25376.85,25566.3,25,25394.9,25424.2,25430.3,25376.85,25431.4,25440.95,25376.85,25423.45,25452.75,25376.85,25327.75,0.26512422145670833,0.6749386687878188,0.9418523161354612,0.11537749705649272,0.14372964650382555,0.11242414815572918,0.2104753316610844,0.9787398257130483,UP,UP,UP,UP,UP
2025-10-17,25546.85,25781.5,25508.6,25704.7,25,25546.85,25604.4,25604.65,25508.6,25618.9,25623.95,25508.6,25670.15,25677.4,25508.6,25566.3,-0.07607671035699623,0.6178843967064519,0.5413376202266322,0.22527239170388097,0.282030857033266,0.48264267414574763,0.3759759030956964,1.0682334612682247,UP,UP,UP,UP,UP
2025-10-20,25824.6,25926.2,25788.5,25850.7,25,25824.6,25878.65,25926.2,25809.6,25840.9,25926.2,25809.6,25856.55,25926.2,25788.5,25704.7,0.46645166059124527,0.10106642503660147,0.5679895116457301,0.2092965621926493,0.06311811218761534,0.12371924444134945,0.4515074773665505,0.5332125182965108,UP,UP,UP,FLAT,UP
2025-10-23,26057.2,26104.2,25862.45,25870.3,25,26057.2,26053.1,26066.9,25991.7,26074.3,26095.7,25991.7,26095.9,26097.1,25991.7,25850.7,0.7988178269834086,-0.7172681638856111,0.07581999713740264,-0.015734614617081585,0.06562485608583633,0.14851941114164502,0.2885958583424187,0.9277666057749873,DOWN,FLAT,FLAT,FLAT,UP
2025-10-24,25935.1,25944.15,25718.2,25797.45,25,25935.1,25886.4,25944.15,25840.3,25903.5,25944.15,25840.3,25876.2,25944.15,25840.3,25870.3,0.25048028047606435,-0.5307479053483419,-0.28159704371421496,-0.18777641111851157,-0.12184259941160261,-0.22710535143491956,0.4004225933194867,0.8712131435776255,DOWN,DOWN,DOWN,DOWN,DOWN
2025-10-27,25843.2,26005.95,25827.0,25974.0,25,25843.2,25889.05,25891.5,25827.0,25937.2,25945.35,25827.0,25961.85,25975.55,25827.0,25797.45,0.17734310949338014,0.5061292719167877,0.6843699667990413,0.17741610946012315,0.3637320455671124,0.4591149702823095,0.24958209509658244,0.692445208023777,UP,UP,UP,UP,UP
2025-10-28,25939.95,26041.7,25810.05,25965.4,25,25939.95,25988.85,26005.85,25929.65,26019.5,26041.7,25929.65,25905.25,26041.7,25886.55,25974.0,-0.1310926310926283,0.09811121455515807,-0.03311003311002751,0.18851231401755908,0.3066698278138519,-0.13377049685909467,0.29375538503349885,0.893024080616969,FLAT,FLAT,UP,UP,DOWN
2025-10-29,25982.0,26097.85,25960.3,26068.3,25,25982.0,26010.0,26022.85,25966.0,25972.3,26025.05,25960.3,25997.7,26025.05,25960.3,25965.4,0.06393123156199614,0.33215302902008803,0.39629661010420714,0.10776691555692403,-0.03733353860365148,0.0604264490801352,0.21880532676467765,0.5294049726733865,UP,UP,UP,FLAT,FLAT
2025-10-30,25984.4,26032.05,25845.25,25891.2,25,25984.4,25978.7,26032.05,25963.85,25921.55,26032.05,25915.3,25959.45,26032.05,25892.25,26068.3,-0.3218468407989697,-0.3586767445082462,-0.6793691955363356,-0.021936238666279487,-0.24187589476763818,-0.09601914995151216,0.26246517141054143,0.7188928741860472,DOWN,DOWN,FLAT,DOWN,FLAT
2025-10-31,25863.8,25953.75,25711.2,25732.55,25,25863.8,25914.9,25927.8,25822.1,25926.65,25953.75,25822.1,25879.0,25953.75,25822.1,25891.2,-0.10582746261278526,-0.5074660336068172,-0.6127564577926147,0.19757344241759597,0.2430037349500158,0.05876939970151613,0.40867931239802635,0.9377972301053954,DOWN,DOWN,UP,UP,FLAT
2025-11-03,25696.85,25803.1,25645.5,25774.3,25,25696.85,25678.6,25738.75,25659.2,25723.25,25739.25,25645.5,25712.35,25761.95,25645.5,25732.55,-0.13873479309279776,0.301398809581722,0.1622458714740669,-0.07102037798407199,0.10273632760436184,0.06031867719195154,0.30957101745933563,0.6133047435775146,UP,UP,FLAT,UP,FLAT
2025-11-04,25744.75,25787.4,25578.4,25586.25,25,25744.75,25730.55,25787.4,25722.4,25718.6,25787.4,25694.4,25698.55,25787.4,25685.1,25774.3,-0.1146490884330487,-0.6156595033938959,-0.729602743818452,-0.05515687664475564,-0.10157410734227931,-0.1794540634498324,0.25247866069781216,0.8118160013206576,DOWN,DOWN,FLAT,DOWN,DOWN
2025-11-06,25593.35,25679.15,25491.55,25519.95,25,25593.35,25626.6,25679.15,25587.2,25610.0,25679.15,25587.2,25542.75,25679.15,25542.35,25586.25,0.027749279398108537,-0.2867932490275709,-0.25912355268943,0.12991656035649887,0.06505596180258331,-0.19770760764026024,0.3592730142791027,0.7330029089587811,DOWN,DOWN,UP,FLAT,DOWN
2025-11-07,25433.8,25551.25,25318.45,25510.8,25,25433.8,25348.95,25447.1,25325.15,25355.05,25447.1,25318.45,25343.25,25447.1,25318.45,25519.95,-0.3375790313068852,0.30274673859195245,-0.035854302222384664,-0.3336111788250224,-0.3096273462872241,-0.35602230103248145,0.4794800619647756,0.9153174122624196,UP,FLAT,DOWN,DOWN,DOWN
2025-11-10,25503.5,25653.45,25503.5,25574.25,25,25503.5,25539.25,25591.45,25503.5,25552.75,25591.45,25503.5,25576.0,25595.75,25503.5,25510.8,-0.028615331545852236,0.2774129041112004,0.24871818994308575,0.14017683847315074,0.1931107495049699,0.2842747073931029,0.3448546277961877,0.5879585154978757,UP,UP,UP,UP,UP
2025-11-11,25617.0,25715.8,25449.25,25705.55,25,25617.0,25526.6,25637.6,25513.35,25529.65,25637.6,25488.9,25501.95,25637.6,25486.65,25574.25,0.167160327282325,0.3456688917515684,0.5134070402846586,-0.3528906585470643,-0.34098450247881695,-0.44911582152476587,0.485029472615841,1.0405199672092722,UP,UP,DOWN,DOWN,DOWN
2025-11-12,25834.3,25934.55,25781.15,25874.0,25,25834.3,25794.0,25850.2,25791.1,25844.75,25851.2,25781.15,25839.85,25864.45,25781.15,25705.55,0.5008645992791441,0.15367166906012833,0.6553059553287159,-0.15599416279906664,0.040450099286610156,0.021483067085228832,0.2287656332859887,0.5937842325899978,UP,UP,DOWN,FLAT,FLAT
2025-11-13,25906.1,26010.7,25808.4,25884.1,25,25906.1,25875.55,25906.8,25808.4,25857.0,25906.8,25808.4,25898.5,25906.8,25808.4,25874.0,0.12406276571074648,-0.08492208398794107,0.03903532503671077,-0.11792589390143353,-0.18953065108217196,-0.029336719923101297,0.3798333211096916,0.7808971632163825,FLAT,FLAT,DOWN,DOWN,FLAT
2025-11-14,25767.9,25940.2,25740.8,25916.8,25,25767.9,25823.2,25826.75,25766.3,25856.2,25879.15,25766.3,25780.05,25879.15,25764.9,25884.1,-0.4489242430681271,0.5778507367693829,0.12633238165515018,0.21460809767190678,0.34267441273832666,0.04715168872899156,0.23459420441712645,0.7738310067952818,UP,UP,UP,UP,FLAT
2025-11-17,25948.2,26024.2,25906.35,26014.3,25,25948.2,25964.55,25975.65,25906.35,25971.4,25978.95,25906.35,25949.3,25979.8,25906.35,25916.8,0.12115693295469139,0.2547382862780406,0.37620385232744785,0.06301015099312686,0.08940889926854552,0.004239215051520123,0.2670705482461323,0.4541740852930153,UP,UP,FLAT,FLAT,FLAT
2025-11-18,26021.8,26029.85,25876.5,25894.7,25,26021.8,25963.0,26029.85,25930.15,25952.05,26029.85,25930.15,25895.85,26029.85,25881.9,26014.3,0.02883029718270336,-0.4884366185275367,-0.45974713907350395,-0.22596438370904118,-0.26804448577730977,-0.48401724707745325,0.3831402900644732,0.5893135755405028,DOWN,DOWN,DOWN,DOWN,DOWN
2025-11-19,25918.1,26074.65,25856.2,26052.7,25,25918.1,25904.5,25933.65,25856.2,25909.3,25933.65,25856.2,25952.1,25954.85,25856.2,25894.7,0.09036598222801506,0.519328191495527,0.610163469744774,-0.052472982201621825,-0.033953106130462006,0.1311824555040686,0.2988259170232414,0.8428472766136434,UP,UP,FLAT,FLAT,UP
2025-11-20,26132.1,26246.65,26063.2,26197.4,25,26132.1,26104.95,26136.0,26080.5,26077.95,26136.0,26063.2,26099.65,26136.0,26063.2,26052.7,0.30476687636981126,0.24988424198592118,0.5554126827545733,-0.10389520934022836,-0.20721641199902735,-0.12417677875102688,0.21238247213197564,0.7020101713983978,UP,UP,DOWN,DOWN,DOWN
2025-11-21,26109.55,26179.2,26052.2,26063.95,25,26109.55,26158.2,26169.95,26094.45,26131.3,26174.0,26094.45,26087.4,26174.0,26080.65,26197.4,-0.33533862138991727,-0.1746487396374068,-0.5094016963515491,0.18633028910877994,0.08330285278758157,-0.08483485927562068,0.28916622461896124,0.4864120599550739,DOWN,DOWN,UP,FLAT,FLAT
2025-11-24,26122.8,26142.8,25912.15,25943.35,25,26122.8,26113.7,26137.55,26082.3,26074.9,26137.55,26074.05,26128.5,26137.55,26064.7,26063.95,0.22579079533224453,-0.6869478003889351,-0.46270806995870617,-0.03483546939837439,-0.18336472353651911,0.02182001929349353,0.21150106420444975,0.8829451666743146,DOWN,DOWN,FLAT,DOWN,FLAT
2025-11-25,25998.5,26032.6,25857.5,25860.3,25,25998.5,25955.2,26005.45,25924.15,25969.1,26005.45,25924.15,26018.6,26025.5,25924.15,25943.35,0.21257856059453176,-0.5315691289882136,-0.32012057039664993,-0.1665480700809634,-0.11308344712195494,0.07731215262418427,0.3127103486739592,0.673500394253509,DOWN,DOWN,DOWN,DOWN,FLAT
2025-11-26,25842.95,26215.15,25842.95,26202.7,25,25842.95,25979.9,25983.9,25842.95,26024.6,26025.8,25842.95,26084.25,26098.35,25842.95,25860.3,-0.06709125570855151,1.3920624386921772,1.32403723081326,0.5299317608864341,0.70289963026666,0.9337169324709418,0.5454098700032338,1.4402380533182193,UP,UP,UP,UP,UP
2025-11-27,26261.25,26310.45,26141.9,26219.85,25,26261.25,26283.8,26295.55,26208.9,26236.6,26295.55,26208.9,26282.7,26306.95,26208.9,26202.7,0.2234502551263773,-0.15764672283307707,0.06545127028893136,0.08586796134989488,-0.09386453424723293,0.08167928030844201,0.32995382931123923,0.6418201723071038,DOWN,FLAT,FLAT,FLAT,FLAT
2025-11-28,26237.45,26280.75,26172.4,26204.55,25,26237.45,26229.65,26251.75,26172.4,26225.1,26256.15,26172.4,26240.4,26267.8,26172.4,26219.85,0.06712471657924124,-0.125393283264957,-0.05835273657171675,-0.029728498767979634,-0.047070123049313795,0.011243470687893555,0.302430304774277,0.41295933865523726,DOWN,FLAT,FLAT,FLAT,FLAT
2025-12-01,26325.8,26325.8,26124.2,26175.95,25,26325.8,26284.05,26325.8,26270.35,26287.25,26325.8,26270.35,26284.95,26325.8,26263.2,26204.55,0.4627059041273367,-0.5692134711955517,-0.10914135140652498,-0.15858967248858535,-0.1464342963936491,-0.15517097296187976,0.21062987639502212,0.7657886939808042,DOWN,DOWN,DOWN,DOWN,DOWN
2025-12-02,26087.95,26154.6,25997.85,26057.0,25,26087.95,26130.2,26154.6,26077.45,26079.3,26154.6,26077.45,26058.7,26154.6,26055.65,26175.95,-0.3361864612363639,-0.1186371485685948,-0.4544247677734742,0.16195216565502463,-0.033157070601566835,-0.11212073006886321,0.2957304042670958,0.6008521175485233,DOWN,DOWN,UP,FLAT,DOWN
2025-12-03,26004.9,26066.45,25891.0,25985.1,25,26004.9,25963.05,26066.45,25954.35,25943.9,26066.45,25921.85,25928.2,26066.45,25897.4,26057.0,-0.19994627163525558,-0.07613949678715515,-0.27593353033734297,-0.16093120911828995,-0.23457117697049404,-0.29494441432191904,0.43107260554742444,0.6746805409749729,FLAT,DOWN,DOWN,DOWN,DOWN
2025-12-04,25981.85,26098.25,25938.95,26017.1,25,25981.85,25995.85,25996.85,25938.95,26028.15,26029.95,25938.95,26042.75,26044.85,25938.95,25985.1,-0.012507167569106914,0.13567163231255666,0.12314749606505268,0.05388376886172463,0.1782013213070005,0.23439439454850777,0.22284787264955278,0.6131203128337639,UP,UP,FLAT,UP,UP
2025-12-05,25999.8,26202.6,25985.35,26176.65,25,25999.8,26037.45,26061.95,25985.35,26047.2,26061.95,25985.35,26078.55,26102.05,25985.35,26017.1,-0.06649472846704388,0.6801975399810852,0.6132505160067914,0.14480880622159192,0.18230909468534934,0.3028869452841945,0.29461765090501535,0.8355833506411589,UP,UP,UP,UP,UP
2025-12-08,26159.8,26178.7,25892.25,25932.8,25,26159.8,26140.6,26178.7,26127.25,26130.35,26178.7,26111.95,26096.5,26178.7,26068.5,26176.65,-0.06437034532685497,-0.8677436371837705,-0.9315554129348185,-0.07339505653713227,-0.11257731328221442,-0.241974327020846,0.19667581556434194,1.0950007263052497,DOWN,DOWN,FLAT,DOWN,DOWN
2025-12-09,25867.1,25923.65,25728.0,25841.75,25,25867.1,25800.1,25890.95,25797.05,25760.1,25890.95,25754.65,25784.05,25890.95,25728.0,25932.8,-0.2533471125370216,-0.0980009355513318,-0.35109976554787475,-0.2590162793664539,-0.4136528640628443,-0.3210642089758778,0.3630093825747821,0.7563661948962251,FLAT,DOWN,DOWN,DOWN,DOWN
2025-12-10,25864.05,25947.65,25734.55,25742.65,25,25864.05,25887.4,25893.45,25832.65,25905.75,25916.9,25832.65,25919.85,25922.25,25832.65,25841.75,0.08629446535160844,-0.4693773790260915,-0.383487960374195,0.0902797512377303,0.16122764996201572,0.215743474049885,0.23507532656331578,0.8239235541224293,DOWN,DOWN,FLAT,UP,UP
2025-12-11,25771.4,25922.8,25693.25,25898.4,25,25771.4,25798.25,25803.05,25727.15,25712.25,25803.05,25693.25,25807.55,25807.75,25693.25,25742.65,0.11168236370381447,0.4927943379094655,0.6050270659780558,0.1041852596288853,-0.22951799281374488,0.1402717741372134,0.29451252163249886,0.890716065095413,UP,UP,UP,DOWN,UP
2025-12-12,25971.2,26057.6,25938.45,26043.0,25,25971.2,26009.3,26013.85,25963.1,26024.85,26038.4,25963.1,25989.15,26038.4,25963.1,25898.4,0.28109844623605806,0.27646007885657675,0.5583356500787637,0.1467009610645582,0.20657497535731045,0.0691150197141477,0.1954087604731395,0.4587774149827417,UP,UP,UP,UP,FLAT
2025-12-15,25930.05,26047.15,25904.75,26014.0,25,25930.05,25918.6,26007.2,25913.65,25917.15,26007.2,25910.25,25961.35,26007.2,25904.75,26043.0,-0.43370579426333655,0.3237556425845717,-0.11135429865990862,-0.04415726155561107,-0.04974922917617906,0.12070937001663813,0.36077832476219396,0.5491697856348193,UP,DOWN,FLAT,FLAT,UP
2025-12-16,25951.5,25980.75,25834.35,25851.35,25,25951.5,25923.1,25980.75,25920.1,25926.65,25980.75,25901.65,25892.85,25980.75,25879.3,26014.0,-0.2402552471745983,-0.3859121823401401,-0.6252402552471802,-0.1094349074234686,-0.09575554399552452,-0.22599849719669943,0.2337051808180701,0.564129241084336,DOWN,DOWN,DOWN,FLAT,DOWN
2025-12-17,25902.4,25929.15,25770.35,25822.65,25,25902.4,25903.5,25924.9,25855.65,25880.2,25929.15,25855.65,25840.15,25929.15,25823.95,25851.35,0.1974751802130369,-0.30788652788930754,-0.11101934715207172,0.004246710729502072,-0.08570634381370346,-0.24032522082895794,0.26734974365309777,0.6130706034962123,DOWN,DOWN,FLAT,FLAT,DOWN
2025-12-18,25764.7,25902.35,25726.3,25815.65,25,25764.7,25780.05,25827.15,25762.45,25745.1,25827.15,25742.6,25791.15,25827.15,25726.3,25822.65,-0.22441538726660792,0.19775118670118697,-0.027107984656880683,0.05957763917297133,-0.07607307672902143,0.1026598407899208,0.25111877879424455,0.6832992427623813,UP,FLAT,FLAT,FLAT,UP
2025-12-19,25911.5,25993.35,25880.45,25961.4,25,25911.5,25950.3,25950.85,25880.45,25956.4,25968.7,25880.45,25935.6,25970.4,25880.45,25815.65,0.3712864096003724,0.19257858479826123,0.5645800125117904,0.14974046272890135,0.17328213341567048,0.09300889566408176,0.2716940354668692,0.4357138722188905,UP,UP,UP,UP,FLAT
2025-12-22,26055.85,26180.7,26047.8,26162.75,25,26055.85,26125.55,26132.5,26047.8,26124.2,26136.9,26047.8,26129.25,26142.0,26047.8,25961.4,0.3638093477239174,0.41027254915883177,0.7755745067677342,0.26750230754322246,0.262321129420081,0.2817025735103689,0.32507095335596703,0.5100582019009223,UP,UP,UP,UP,UP
2025-12-23,26205.2,26233.55,26119.05,26165.95,25,26205.2,26149.65,26206.55,26141.55,26124.5,26206.55,26120.65,26184.65,26206.55,26119.05,26162.75,0.16225358572780282,-0.14977943308961578,0.012231130137316326,-0.21198082823256176,-0.3079541465052765,-0.07841955031825466,0.24804237326942744,0.4369361806053761,DOWN,FLAT,DOWN,DOWN,FLAT
2025-12-24,26170.65,26236.4,26123.0,26141.65,25,26170.65,26217.1,26222.45,26141.4,26215.7,26229.55,26141.4,26227.2,26229.55,26141.4,26165.95,0.01796227539990227,-0.11081115677294984,-0.09286878557820094,0.17748890455528268,0.17213940043521758,0.2160817557072494,0.30969807780853464,0.4333098337259543,DOWN,FLAT,UP,UP,UP
2025-12-26,26121.25,26144.2,26008.6,26047.65,25,26121.25,26132.85,26144.2,26095.65,26085.7,26144.2,26081.7,26091.45,26144.2,26071.55,26141.65,-0.07803639020490846,-0.2817629324783406,-0.3595794450618075,0.04440828827103812,-0.13609609034789402,-0.11408336124802325,0.18586399961716715,0.5191175766856571,DOWN,DOWN,FLAT,DOWN,DOWN
2025-12-29,26063.35,26106.8,25920.3,25949.8,25,26063.35,26052.95,26106.8,26044.15,26080.4,26106.8,26044.15,26034.55,26106.8,26026.75,26047.65,0.06027415141096064,-0.43566924436037296,-0.37565768888940915,-0.039902775353121596,0.06541753074720982,-0.1104999932855879,0.24037585344937554,0.715564192630648,DOWN,DOWN,FLAT,FLAT,DOWN
2025-12-30,25940.9,25976.75,25878.0,25970.55,25,25940.9,25884.55,25956.15,25878.0,25939.75,25956.15,25878.0,25943.25,25956.15,25878.0,25949.8,-0.03429698880144671,0.11429827029901744,0.07996208063260603,-0.2172245373136714,-0.004433153822733425,0.009059053463829493,0.3012617141271176,0.3806729912994537,UP,FLAT,DOWN,FLAT,FLAT
2025-12-31,25971.05,26187.95,25969.0,26141.85,25,25971.05,26016.3,26028.0,25970.75,25973.25,26028.0,25970.75,25997.0,26028.0,25969.0,25970.55,0.0019252576476046907,0.6576553508618221,0.6595932700693643,0.17423246268441206,0.00847097056145488,0.09991894821349437,0.22043775665596885,0.8430540929226994,UP,UP,UP,FLAT,FLAT
2026-01-01,26173.3,26197.55,26113.4,26140.25,25,26173.3,26187.2,26195.35,26149.25,26181.55,26195.35,26149.25,26151.15,26197.55,26147.0,26141.85,0.12030518115588885,-0.12627372169347875,-0.006120454367225521,0.05310755617366345,0.03152067182968903,-0.0846282280033386,0.17613369349680225,0.3215108526628198,DOWN,FLAT,FLAT,FLAT,FLAT
2026-01-02,26155.1,26340.0,26118.4,26335.7,25,26155.1,26208.1,26210.4,26118.4,26248.05,26249.65,26118.4,26254.65,26272.85,26118.4,26140.25,0.05680894406135574,0.6904963085593334,0.7476975162823642,0.20263734415085394,0.355380021487208,0.38061410585317174,0.351747842676954,0.8472534993175271,UP,UP,UP,UP,UP
2026-01-05,26333.7,26373.2,26210.05,26244.65,25,26333.7,26301.6,26358.25,26287.65,26279.25,26358.25,26263.6,26339.15,26358.25,26263.6,26335.7,-0.007594254187281902,-0.33815984840717134,-0.34572842187600583,-0.12189703687671,-0.2067692728329127,0.02069591436068888,0.26809753281915777,0.6195483354029303,DOWN,DOWN,DOWN,DOWN,FLAT
2026-01-06,26189.7,26273.95,26124.75,26174.65,25,26189.7,26173.85,26238.6,26144.7,26199.35,26238.6,26144.7,26243.25,26273.95,26144.7,26244.65,-0.20937600615744817,-0.05746533942732934,-0.26672102695215977,-0.060519975410188664,0.0368465465430983,0.20446969610189986,0.3585378984868014,0.5696896108011956,FLAT,DOWN,FLAT,FLAT,UP
2026-01-07,26143.1,26187.15,26067.9,26142.9,25,26143.1,26120.35,26166.0,26104.3,26108.2,26166.0,26104.3,26167.25,26168.2,26096.65,26174.65,-0.12053647326708442,-0.0007650202156480664,-0.12130057135434474,-0.08702104953123388,-0.13349602763252183,0.09237619104085382,0.23600873653086565,0.4561433035867973,FLAT,DOWN,FLAT,DOWN,FLAT
2026-01-08,26106.5,26133.2,25858.45,25868.9,25,26106.5,26064.5,26133.2,26063.75,26090.7,26133.2,26049.85,26061.15,26133.2,26047.9,26142.9,-0.1392347444239218,-0.9101181698044492,-1.0480857135206882,-0.16087947446038342,-0.06052132610652241,-0.17371152778043225,0.2660257024112797,1.0524198954283417,DOWN,DOWN,DOWN,FLAT,DOWN
2026-01-09,25840.4,25940.6,25623.0,25703.7,25,25840.4,25840.9,25940.6,25839.15,25876.7,25940.6,25818.35,25856.6,25940.6,25818.35,25868.9,-0.11017090019289572,-0.5290165786907352,-0.6386046565567176,0.0019349545672667605,0.14047770158356399,0.06269252797943178,0.3926022816984145,1.2290831411278407,DOWN,DOWN,FLAT,UP,FLAT
2026-01-12,25669.05,25813.15,25473.4,25806.1,25,25669.05,25532.45,25700.95,25529.05,25557.6,25700.95,25529.05,25556.9,25700.95,25529.05,25703.7,-0.13480549492875132,0.5339114614681856,0.39838622455132067,-0.5321583775013042,-0.4341804624635533,-0.43690748196757506,0.6696780753475546,1.3235783949931923,UP,UP,DOWN,DOWN,DOWN
2026-01-13,25897.35,25899.8,25603.3,25714.2,25,25897.35,25762.85,25899.8,25760.05,25730.2,25899.8,25709.85,25738.1,25899.8,25700.85,25806.1,0.35359856778048604,-0.7072152170009589,-0.3561173520989139,-0.5193581582671586,-0.6454328338613712,-0.6149277821862082,0.5396305027348358,1.1449047875554836,DOWN,DOWN,DOWN,DOWN,DOWN
2026-01-14,25648.55,25791.75,25603.95,25669.1,25,25648.55,25737.5,25744.8,25638.35,25706.65,25750.45,25638.35,25696.8,25761.5,25638.35,25714.2,-0.25530640657691644,0.08012148834924109,-0.17538947352047576,0.3468032305919856,0.2265235266711069,0.18811979624579167,0.4150332085049671,0.7322051344033066,FLAT,DOWN,UP,UP,UP
2026-01-16,25696.05,25873.5,25662.4,25701.9,25,25696.05,25725.55,25743.25,25678.4,25725.9,25743.25,25678.4,25784.95,25789.5,25678.4,25669.1,0.10499004639820146,0.022766144991164722,0.12778009357555548,0.11480363713489039,0.11616571418565183,0.34596757089125163,0.2523734192609313,0.8215270440398371,FLAT,UP,UP,UP,UP
2026-01-19,25653.1,25653.3,25494.35,25555.5,25,25653.1,25554.75,25653.3,25528.3,25565.6,25653.3,25528.3,25527.9,25653.3,25504.85,25701.9,-0.18986923145760784,-0.3804608409899721,-0.5696076943727952,-0.38338446425577627,-0.34108938101048214,-0.48805017717155863,0.4872705443006889,0.6196132241327588,DOWN,DOWN,DOWN,DOWN,DOWN
2026-01-20,25580.3,25585.0,25171.35,25225.35,25,25580.3,25488.35,25585.0,25484.1,25467.5,25585.0,25453.85,25468.7,25585.0,25432.6,25555.5,0.09704368922540851,-1.3875912323154957,-1.2918941128132946,-0.3594563003561363,-0.4409643358365589,-0.43627322588084794,0.39444416210912875,1.6170646943155533,DOWN,DOWN,DOWN,DOWN,DOWN
2026-01-21,25141.0,25300.95,24919.8,25168.1,25,25141.0,25199.95,25277.75,25130.15,25199.45,25277.75,25130.15,25153.25,25277.75,25130.15,25225.35,-0.3343858459842918,0.10779205282207766,-0.22695423452994706,0.2344775466369704,0.23248876337457033,0.04872518992880156,0.5870888190604929,1.5160494809275744,UP,DOWN,UP,UP,FLAT
2026-01-22,25344.15,25435.75,25168.5,25320.45,25,25344.15,25386.65,25395.75,25302.45,25395.95,25425.7,25302.45,25376.0,25435.75,25302.45,25168.1,0.6994965849627224,-0.0935127041151537,0.6053297626757768,0.1676915580124013,0.20438641658922976,0.12567002641634675,0.36813229088369215,1.0544839736191585,FLAT,UP,UP,UP,UP
2026-01-23,25344.6,25347.95,25025.3,25064.75,25,25344.6,25344.6,25347.95,25249.1,25285.7,25347.95,25249.1,25281.7,25347.95,25249.1,25320.45,0.09537745182253007,-1.1041799831127679,-1.0098556700216652,0.0,-0.23239664465013382,-0.24817909929530482,0.3900239104187961,1.2730522478161086,DOWN,DOWN,FLAT,DOWN,DOWN
2026-01-27,25063.35,25246.65,24932.55,25234.1,25,25063.35,24958.55,25126.3,24932.55,25147.6,25147.6,24932.55,25128.45,25161.85,24932.55,25064.75,-0.005585533468322865,0.6812736525644019,0.6756500663282041,-0.4181404321449418,0.3361482004600343,0.2597418142427177,0.7730411138175862,1.2532243295489318,UP,UP,DOWN,UP,UP
2026-01-28,25258.85,25372.1,25187.65,25348.05,25,25258.85,25352.75,25372.1,25225.7,25293.0,25372.1,25225.7,25248.1,25372.1,25225.7,25234.1,0.09808156423252662,0.3531435516660526,0.45157148461803964,0.37175089127177785,0.135200137773499,-0.04255934058755644,0.5795988336761089,0.730239104313922,UP,UP,UP,UP,FLAT
2026-01-29,25345.0,25458.15,25159.8,25422.1,25,25345.0,25272.6,25359.35,25248.55,25210.7,25359.35,25207.8,25211.65,25359.35,25159.8,25348.05,-0.012032483761075399,0.3042020122312036,0.2921329254124056,-0.2856579206944228,-0.5298875517853592,-0.5261392779640897,0.4371670941013978,1.1771552574472368,UP,UP,DOWN,DOWN,DOWN
2026-01-30,25247.55,25370.7,25213.65,25315.8,25,25247.55,25242.0,25285.95,25224.35,25292.25,25308.8,25218.95,25314.3,25323.15,25218.95,25422.1,-0.6866073219757584,0.27032325908850563,-0.41814012217715796,-0.02198233095884263,0.1770468817766505,0.2643820885590879,0.2439840697414291,0.6220405544300309,UP,DOWN,FLAT,UP,UP
2026-02-01,25333.75,25440.9,24571.75,24768.0,25,25333.75,25320.4,25342.55,25252.3,25333.35,25342.55,25252.3,25351.0,25352.25,25252.3,25315.8,0.07090433642231622,-2.2331869541619382,-2.16386604413054,-0.052696501702268896,-0.0015789213993248343,0.06809098534563576,0.35624414072136973,3.430798835545474,DOWN,DOWN,FLAT,FLAT,FLAT
2026-02-02,24796.5,25108.1,24679.4,25079.9,25,24796.5,24851.35,24884.7,24726.85,24865.05,24918.55,24726.85,24826.15,24942.95,24726.85,24768.0,0.11506782945736435,1.1429032323110175,1.2592861757106002,0.22120057266145846,0.2764503054866585,0.11957332688081565,0.6365817756538309,1.7288730264351706,UP,UP,UP,UP,UP
2026-02-03,26308.05,26341.2,25641.3,25714.8,25,26308.05,25786.25,26341.2,25763.9,25727.3,26341.2,25720.15,25671.0,26341.2,25641.3,25079.9,4.896949349877781,-2.255013199381938,2.5315092962890513,-1.9834233247998208,-2.207499225522226,-2.421502163786367,2.194385368736943,2.6604024243530078,DOWN,UP,DOWN,DOWN,DOWN
2026-02-04,25675.05,25818.55,25563.95,25737.5,25,25675.05,25752.65,25788.3,25563.95,25788.65,25791.2,25563.95,25782.3,25801.8,25563.95,25714.8,-0.15458024172849877,0.24323224297518692,0.08827601225753547,0.3022389440332236,0.4424528871414162,0.4177207055098237,0.8738055037867445,0.9916241643151564,UP,FLAT,UP,UP,UP
2026-02-05,25755.9,25757.65,25579.5,25641.6,25,25755.9,25690.65,25757.65,25666.15,25635.15,25757.65,25633.85,25672.75,25757.65,25612.9,25737.5,0.071491015055858,-0.4437818130991459,-0.3726080621661057,-0.2533400114148603,-0.4688246188252012,-0.32283865056162453,0.35525840681164317,0.6916861767595053,DOWN,DOWN,DOWN,DOWN,DOWN
2026-02-06,25605.8,25703.95,25491.9,25673.6,25,25605.8,25574.35,25630.8,25553.55,25526.3,25630.8,25522.25,25515.8,25630.8,25504.6,25641.6,-0.13961687258205133,0.26478375992938813,0.12479720454261825,-0.12282373524748584,-0.3104765326605691,-0.35148286716290844,0.30168946098149635,0.8281326886877164,UP,UP,DOWN,DOWN,DOWN
2026-02-09,25888.7,25922.25,25780.9,25863.3,25,25888.7,25822.9,25922.25,25793.3,25793.05,25922.25,25780.9,25801.6,25922.25,25780.9,25673.6,0.8378256263243261,-0.09811230382368158,0.7388913124766325,-0.25416494455109473,-0.36946621498955706,-0.33644022295442483,0.4980937629158696,0.5459911080896243,FLAT,UP,DOWN,DOWN,DOWN
2026-02-10,25922.65,25989.45,25870.45,25916.8,25,25922.65,25917.6,25934.95,25870.45,25949.4,25953.2,25870.45,25944.35,25965.7,25870.45,25863.3,0.22947574362127873,-0.022567137233277395,0.20685682028202126,-0.019481032996251965,0.10319161042563164,0.08371057742937967,0.24881715411040153,0.4590580052579501,FLAT,UP,FLAT,UP,FLAT
2026-02-11,25997.45,26009.4,25899.8,25945.35,25,25997.45,25980.6,26009.4,25942.45,25937.85,26009.4,25923.5,25917.9,26009.4,25909.85,25916.8,0.31118810964317145,-0.20040427041883793,0.11016020496357294,-0.06481404907020566,-0.22925325368450436,-0.3059915491711659,0.25752525728485187,0.4215798087889473,DOWN,UP,FLAT,DOWN,DOWN
2026-02-12,25906.7,25906.7,25752.4,25796.15,25,25906.7,25833.75,25906.7,25831.25,25844.65,25906.7,25822.3,25880.85,25906.7,25822.3,25945.35,-0.14896696325159545,-0.4267235888785499,-0.5750548749583146,-0.28158738859059906,-0.2395133305283933,-0.09978113769797846,0.29123740190761743,0.5955988219263715,DOWN,DOWN,DOWN,DOWN,FLAT
2026-02-13,25571.15,25630.35,25444.3,25460.55,25,25571.15,25585.7,25630.35,25558.3,25560.85,25630.35,25525.45,25531.75,25630.35,25525.45,25796.15,-0.8722231805909021,-0.4325186782761127,-1.300969330694705,0.05690006120178119,-0.040279768410896304,-0.15407989081445866,0.2817628460198281,0.7275777585286515,DOWN,DOWN,FLAT,FLAT,DOWN
2026-02-16,25423.6,25697.0,25372.7,25682.45,25,25423.6,25472.25,25493.35,25372.7,25460.75,25528.45,25372.7,25551.45,25556.5,25372.7,25460.55,-0.14512647998570624,1.0181484919523678,0.8715444088992635,0.1913576362120292,0.14612407369531247,0.5028792145880292,0.47455907109928497,1.2755864629714095,UP,UP,UP,UP,UP
2026-02-17,25637.95,25764.4,25570.3,25716.0,25,25637.95,25592.8,25664.85,25570.3,25642.95,25664.85,25570.3,25679.25,25682.0,25570.3,25682.45,-0.17327007353270424,0.30443151656040857,0.1306339543151034,-0.176106123929571,0.019502339305599706,0.16108932266425072,0.3687892362688876,0.7570808118433892,UP,UP,DOWN,FLAT,UP
2026-02-18,25752.65,25828.05,25645.15,25805.7,25,25752.65,25728.5,25759.75,25697.75,25741.85,25759.75,25697.75,25661.95,25759.75,25650.25,25716.0,0.14251827655934615,0.20599821765915066,0.3488100793280476,-0.09377675695511511,-0.041937431681799385,-0.3521967642165009,0.24075192261767236,0.710218171722125,UP,UP,FLAT,FLAT,DOWN
2026-02-19,25873.35,25885.3,25388.75,25416.45,25,25873.35,25817.65,25885.3,25811.2,25779.9,25885.3,25776.55,25756.45,25885.3,25749.45,25805.7,0.26215138515908426,-1.765909710184409,-1.508387681791232,-0.21527942844663367,-0.36118245221433287,-0.4518162510846018,0.2863950744685112,1.9191561974000249,DOWN,DOWN,DOWN,DOWN,DOWN
2026-02-20,25406.55,25663.55,25379.75,25565.9,25,25406.55,25382.1,25485.85,25379.75,25482.3,25486.9,25379.75,25480.45,25524.7,25379.75,25416.45,-0.03895115171474165,0.627200466021566,0.5880050125017487,-0.09623502600707586,0.2981514609421586,0.29086987410727333,0.41760884496320255,1.117034780401114,UP,UP,FLAT,UP,UP
2026-02-23,25678.4,25771.45,25609.35,25704.0,25,25678.4,25759.05,25767.9,25626.5,25730.25,25771.45,25626.5,25717.35,25771.45,25626.5,25565.9,0.4400392710602795,0.09969468502709883,0.5401726518526574,0.31407720107170933,0.20192068041621963,0.1516839055392746,0.5506573618294032,0.6312698610505412,FLAT,UP,UP,UP,UP
2026-02-24,25641.8,25641.8,25327.6,25460.25,25,25641.8,25548.65,25641.8,25547.15,25499.45,25641.8,25482.85,25484.7,25641.8,25482.85,25704.0,-0.24198568316215657,-0.708023617686743,-0.9482959850606909,-0.36327402912431195,-0.5551482345233117,-0.6126714973207752,0.3691238524596472,1.2253429946415646,DOWN,DOWN,DOWN,DOWN,DOWN
2026-02-25,25512.6,25652.6,25428.2,25478.65,25,25512.6,25582.9,25594.95,25507.9,25561.75,25594.95,25507.9,25631.75,25633.25,25507.9,25460.25,0.20561463457742382,-0.13307150192452785,0.07226951817048716,0.27555012033270976,0.19264990632080406,0.4670241370930499,0.3412039541246258,0.8795653912184483,DOWN,FLAT,UP,UP,UP
2026-02-26,25556.3,25572.95,25400.95,25493.3,25,25556.3,25504.45,25567.6,25487.85,25555.9,25567.6,25487.85,25558.25,25572.95,25487.85,25478.65,0.3047649698865435,-0.2465145580541784,0.057499121813745294,-0.20288539420807608,-0.001565171797160846,0.007630212511203608,0.3120561270606465,0.6730238727828363,DOWN,FLAT,DOWN,FLAT,FLAT
2026-02-27,25459.85,25476.4,25141.3,25181.8,25,25459.85,25364.55,25476.4,25363.4,25364.4,25476.4,25351.2,25322.6,25476.4,25308.6,25493.3,-0.13121094562100916,-1.0921116974373348,-1.2218896729728987,-0.37431485260124975,-0.3749040155381791,-0.5390840872982363,0.44383607915993223,1.316190001119418,DOWN,DOWN,DOWN,DOWN,DOWN
2026-03-02,24659.25,24989.35,24603.5,24849.75,25,24659.25,24889.4,24958.8,24645.1,24963.65,24977.6,24645.1,24884.85,24989.35,24645.1,25181.8,-2.0751098015233196,0.7725295781501871,-1.3186110603689938,0.9333211675132109,1.2344252156898585,0.9148696736518691,1.2721392580877389,1.5647272321745331,UP,DOWN,UP,UP,UP
2026-03-04,24388.8,24602.45,24305.4,24473.95,25,24388.8,24342.85,24476.95,24315.45,24408.75,24476.95,24315.45,24413.65,24476.95,24305.4,24849.75,-1.8549482389158873,0.3491356688316008,-1.5122888560247056,-0.18840615364429872,0.08179984255068198,0.10189103194910033,0.6621892016007348,1.2179771042445684,UP,DOWN,DOWN,FLAT,UP
2026-03-05,24615.95,24854.2,24529.4,24737.45,25,24615.95,24568.45,24651.95,24549.1,24596.2,24651.95,24530.05,24596.25,24656.7,24530.05,24473.95,0.5802087525716119,0.4935824130289508,1.0766549739621107,-0.19296431785082435,-0.08023253215902697,-0.08002941182445011,0.41781852823068855,1.3194696934304762,UP,UP,DOWN,FLAT,FLAT
2026-03-06,24656.4,24700.9,24415.75,24469.4,25,24656.4,24681.2,24700.9,24587.15,24678.85,24700.9,24587.15,24653.35,24700.9,24587.15,24737.45,-0.3276408845697486,-0.7584237763826025,-1.0835797545826238,0.10058240456838496,0.09105141058709741,-0.012370013465075642,0.4613406661150857,1.1564948654304823,DOWN,DOWN,UP,FLAT,FLAT
2026-03-09,23868.05,24078.15,23697.8,24005.8,25,23868.05,23736.75,23959.7,23697.8,23735.65,23959.7,23697.8,23806.2,23959.7,23697.8,24469.4,-2.457559237251433,0.5771313534201579,-1.8946112287183263,-0.5501077800658172,-0.5547164514905819,-0.25913302511096864,1.0972827692249743,1.5935528876468843,UP,DOWN,DOWN,DOWN,DOWN
2026-03-10,24280.8,24303.8,24079.95,24286.15,25,24280.8,24159.8,24303.8,24125.15,24153.45,24303.8,24085.6,24151.05,24303.8,24079.95,24005.8,1.1455564905147924,0.02203387038319241,1.167842771330271,-0.4983361339000363,-0.5244884847286685,-0.5343728377977661,0.7357665315804991,0.921921847715061,FLAT,UP,DOWN,DOWN,DOWN
2026-03-11,24231.85,24299.0,23834.3,23848.2,25,24231.85,24237.35,24299.0,24213.75,24187.65,24299.0,24172.75,24116.5,24299.0,24109.6,24286.15,-0.22358422393011207,-1.5832468424820962,-1.803291176246547,0.022697400322303087,-0.1824045625901328,-0.4760263867595687,0.3518097049956978,1.9177239872316838,DOWN,DOWN,FLAT,DOWN,DOWN
2026-03-12,23674.85,23833.15,23556.3,23639.35,25,23674.85,23603.35,23690.85,23556.3,23602.65,23690.85,23556.3,23610.15,23696.75,23556.3,23848.2,-0.7268892411167391,-0.149948151730634,-0.8757474358651898,-0.302008249260291,-0.30496497337891093,-0.2732857863935657,0.56832461451709,1.169384388919052,DOWN,DOWN,DOWN,DOWN,DOWN
2026-03-13,23462.5,23492.4,23112.0,23170.9,25,23462.5,23469.65,23487.9,23415.25,23425.25,23492.4,23415.25,23329.8,23492.4,23311.85,23639.35,-0.7481170167538387,-1.2428343100692532,-1.9816534718594088,0.030474160895051488,-0.15876398508257858,-0.565583377730424,0.30964304741609566,1.6213106020245134,DOWN,DOWN,FLAT,DOWN,DOWN
2026-03-16,23116.1,23502.0,22955.25,23355.6,25,23116.1,23157.75,23248.05,23098.0,23240.5,23284.65,23098.0,23155.2,23284.65,23098.0,23170.9,-0.23650354539531443,1.0360744243189812,0.7971205261772183,0.18017745207886043,0.5381530621514938,0.1691461795026072,0.6491146863008868,2.365234620026735,UP,UP,UP,UP,UP
2026-03-17,23493.2,23656.8,23346.6,23558.8,25,23493.2,23373.15,23493.2,23346.6,23453.15,23493.2,23346.6,23525.85,23537.1,23346.6,23355.6,0.5891520663138698,0.2792297345614839,0.8700268886262855,-0.5109989273491873,-0.1704748608107847,0.13897638465597625,0.624010351931632,1.3203820680026592,UP,UP,DOWN,DOWN,UP
2026-03-18,23632.9,23862.25,23618.45,23764.1,25,23632.9,23715.3,23738.9,23618.45,23721.75,23738.9,23618.45,23664.3,23754.65,23618.45,23558.8,0.3145321493454768,0.5551582751164567,0.8714365757169265,0.34866647766460235,0.37595893859830376,0.13286562377024325,0.5096708402269748,1.0316127094008745,UP,UP,UP,UP,UP
2026-03-19,23197.75,23378.7,22930.35,23087.85,25,23197.75,23316.05,23378.7,23180.95,23271.0,23378.7,23180.95,23236.65,23378.7,23180.95,23764.1,-2.383216700821822,-0.47375284240929166,-2.845678986370197,0.5099632507462977,0.31576338222456923,0.16768867670356588,0.8524533629339052,1.9327305449882086,DOWN,DOWN,UP,UP,UP
2026-03-20,23110.15,23345.15,23067.6,23134.65,25,23110.15,23286.8,23303.85,23109.9,23228.95,23319.7,23109.9,23243.65,23319.7,23109.9,23087.85,0.09658759910516965,0.10601402414090778,0.2027040196467099,0.7643827495710664,0.5140598395077456,0.5776682539922934,0.8392416319236226,1.200987444910582,UP,UP,UP,UP,UP
2026-03-23,22824.35,22851.7,22471.25,22492.65,25,22824.35,22704.4,22851.7,22634.55,22706.4,22851.7,22634.55,22572.3,22851.7,22571.1,23134.65,-1.3412781261009044,-1.453272491878179,-2.77505819193288,-0.5255352288235902,-0.5167726572717168,-1.104303079824833,0.9513962062446532,1.6668601734551072,DOWN,DOWN,DOWN,DOWN,DOWN
2026-03-24,22878.45,23057.3,22624.2,22958.4,25,22878.45,22839.9,22899.6,22762.8,22744.8,22899.6,22731.95,22708.1,22899.6,22681.6,22492.65,1.715226974144884,0.34945549195859305,2.0706764209641815,-0.16849917717327562,-0.5841741901221519,-0.7445871551613076,0.5979426053775464,1.8930478244811102,UP,UP,DOWN,DOWN,DOWN
2026-03-25,23064.4,23465.35,23063.2,23309.0,25,23064.4,23215.1,23220.8,23063.2,23270.9,23278.05,23063.2,23305.55,23310.35,23063.2,22958.4,0.4617046484075545,1.0605088361283992,1.5271099031291315,0.6533879051698596,0.8953191932155182,1.0455507188567568,0.6833041397131446,1.7435961915332625,UP,UP,UP,UP,UP
2026-03-27,23173.55,23186.1,22804.55,22839.5,25,23173.55,23056.8,23186.1,23025.5,23053.55,23186.1,23000.85,22980.5,23186.1,22977.25,23309.0,-0.5811060105538665,-1.441514140043279,-2.01424342528637,-0.5038071421944414,-0.5178317521484623,-0.8330618312688357,0.6930314949586859,1.6464892086020453,DOWN,DOWN,DOWN,DOWN,DOWN
2026-03-30,22549.65,22714.1,22283.85,22379.2,25,22549.65,22580.75,22618.05,22470.15,22659.25,22714.1,22470.15,22596.75,22714.1,22470.15,22839.5,-1.2690733159657546,-0.7558875636650711,-2.0153681122616485,0.1379178834261221,0.4860385859647425,0.20887242152316574,0.6558860115345374,1.9080118760158138,DOWN,DOWN,UP,UP,UP
2026-04-01,22899.0,22941.3,22618.6,22703.15,25,22899.0,22929.75,22930.4,22809.0,22854.95,22937.65,22809.0,22868.85,22941.3,22809.0,22379.2,2.322692500178734,-0.8552775230359342,1.4475495102595297,0.13428533997117778,-0.19236647888553768,-0.13166513821564896,0.5301541552032903,1.4092318441853389,DOWN,UP,UP,DOWN,DOWN
2026-04-02,22383.4,22782.3,22182.55,22700.7,25,22383.4,22244.45,22394.65,22209.15,22264.45,22394.65,22209.15,22234.35,22394.65,22182.55,22703.15,-1.4083948703153526,1.4175683765647724,-0.01079145404933116,-0.6207725367906606,-0.5314206063422032,-0.6658952616671413,0.8287391549094417,2.6794410143231144,UP,FLAT,DOWN,DOWN,DOWN
2026-04-06,22780.3,22998.35,22542.95,22959.45,25,22780.3,22609.05,22798.25,22591.7,22620.2,22798.25,22591.7,22654.85,22798.25,22561.9,22700.7,0.3506499799565588,0.7864251129265263,1.1398326923839353,-0.7517460261717361,-0.702800226511497,-0.5506951181503348,0.9067044771139945,1.999095709889676,UP,UP,DOWN,DOWN,DOWN
2026-04-07,22838.7,23153.85,22719.3,23129.95,25,22838.7,22889.85,22893.4,22719.3,22801.8,22901.05,22719.3,22920.0,22928.7,22719.3,22959.45,-0.5259272325774355,1.2752477155004442,0.7426136079043706,0.2239619593059054,-0.16156786507113563,0.35597472710793204,0.7623025828965843,1.9026914841913034,UP,UP,UP,DOWN,UP
2026-04-08,23855.15,24025.15,23828.5,24012.35,25,23855.15,23877.75,23938.85,23828.5,23921.05,23938.85,23828.5,23880.45,23961.25,23828.5,23129.95,3.1353288701445563,0.6589772019878185,3.8149671745939697,0.09473845270307897,0.2762506209350929,0.10605676342424705,0.46258355114094246,0.8243502975248592,UP,UP,FLAT,UP,UP
2026-04-09,23909.05,23990.75,23682.8,23766.05,25,23909.05,23984.2,23990.75,23815.15,23861.15,23990.75,23815.15,23839.0,23990.75,23759.45,24012.35,-0.43019529533760453,-0.5980998826804076,-1.0257221804613015,0.3143161271568776,-0.20034254811461694,-0.2929852921801547,0.7344499258648861,1.28800600609393,DOWN,DOWN,UP,DOWN,DOWN
2026-04-10,23880.55,24074.05,23856.35,24051.8,25,23880.55,23936.9,23978.7,23856.35,23948.15,23978.7,23856.35,23994.4,24002.85,23856.35,23766.05,0.4817796815204883,0.7171107868118616,1.2023453623972011,0.23596608955824797,0.2830755573050126,0.4767478135972672,0.5123416336726004,0.9116205447529505,UP,UP,UP,UP,UP
2026-04-13,23589.6,23907.4,23555.6,23818.9,25,23589.6,23604.7,23699.7,23555.6,23633.5,23699.7,23555.6,23660.05,23699.7,23555.6,24051.8,-1.9216856950415382,0.9720385254519065,-0.968326694883534,0.0640112591989783,0.18609895886323405,0.29864855699121956,0.6108624139451376,1.4913351646488409,UP,DOWN,FLAT,UP,UP
2026-04-15,24163.8,24280.9,24145.8,24211.9,25,24163.8,24192.45,24280.9,24162.7,24207.35,24280.9,24145.8,24241.65,24280.9,24145.8,23818.9,1.4480097737510875,0.19905809516715992,1.6499502495917104,0.11856578849353769,0.18022827535403899,0.32217614779133324,0.48916147294713885,0.5591008036815492,UP,UP,UP,UP,UP
2026-04-16,24385.2,24400.95,24102.8,24188.4,25,24385.2,24385.85,24400.95,24333.95,24301.95,24400.95,24299.05,24307.6,24400.95,24264.4,24211.9,0.7157637360141057,-0.8070468972983583,-0.09705971030774123,0.0026655512359866525,-0.3413956006102062,-0.3182258090973303,0.27475681971031607,1.2226678477109125,DOWN,FLAT,FLAT,DOWN,DOWN
2026-04-17,24165.9,24371.9,24096.05,24366.9,25,24165.9,24233.35,24235.6,24096.05,24191.35,24235.6,24096.05,24272.95,24279.85,24096.05,24188.4,-0.09301979461229348,0.8317505244993979,0.7379570372575284,0.2791123028730446,0.10531368581346892,0.44297957038636787,0.5774665954919919,1.1414844884734365,UP,UP,UP,UP,UP
2026-04-20,24391.5,24480.65,24241.25,24330.9,25,24391.5,24383.0,24420.2,24241.25,24302.75,24420.2,24241.25,24379.6,24420.2,24241.25,24366.9,0.10095662558634272,-0.24844720496893813,-0.14774140329709565,-0.034848205317426155,-0.36385626140253774,-0.048787487444402575,0.7336572166533453,0.9814894532931613,DOWN,DOWN,FLAT,DOWN,FLAT
2026-04-21,24374.55,24601.7,24354.9,24580.6,25,24374.55,24450.5,24486.0,24354.9,24466.6,24486.0,24354.9,24513.45,24524.85,24354.9,24330.9,0.17940150179400605,0.8453489397752956,1.026267010262658,0.31159549612198273,0.3776479976040554,0.5698566742770697,0.5378560834969202,1.0125315134022956,UP,UP,UP,UP,UP
2026-04-22,24470.85,24515.95,24352.9,24367.65,25,24470.85,24440.4,24515.95,24434.4,24424.4,24515.95,24420.5,24373.15,24515.95,24352.9,24580.6,-0.4464903216357616,-0.4217262579763151,-0.8663336126864157,-0.12443376507149156,-0.18981768103681357,-0.3992505368632356,0.33325364668574764,0.6663029686341067,DOWN,DOWN,DOWN,DOWN,DOWN
2026-04-23,24202.35,24310.2,24134.8,24156.05,25,24202.35,24230.5,24242.5,24134.8,24242.65,24256.9,24134.8,24275.35,24310.2,24134.8,24367.65,-0.678358397301352,-0.19130373703379744,-0.8683644093706293,0.11631101938448729,0.1665127559927152,0.3016236026666832,0.4449981096876987,0.7247230124347489,DOWN,DOWN,UP,UP,UP
2026-04-24,24100.55,24206.0,23813.65,23903.95,25,24100.55,24058.1,24206.0,24056.6,23984.25,24206.0,23983.75,23992.85,24206.0,23944.1,24156.05,-0.22975610664823098,-0.8157490181759277,-1.0436308916399766,-0.17613705911276187,-0.48256160129125386,-0.446877768349688,0.6199028652873128,1.627971145886706,DOWN,DOWN,DOWN,DOWN,DOWN
2026-04-27,23945.45,24130.7,23936.2,24110.2,25,23945.45,24042.0,24067.5,23936.2,24045.4,24067.5,23936.2,24063.3,24107.6,23936.2,23903.95,0.17361147425425505,0.6880221503458903,0.8628281099985566,0.403208125134417,0.4174070648077222,0.4921603060289054,0.5483296409129887,0.8122628724872575,UP,UP,UP,UP,UP
2026-04-28,24049.9,24181.8,23957.05,24016.5,25,24049.9,24115.35,24133.65,23999.25,24128.3,24133.75,23999.25,24148.3,24168.55,23999.25,24110.2,-0.25010161674311815,-0.13887791633229848,-0.3886321971613704,0.272142503711022,0.3259888814506414,0.4091493103921339,0.5588380824868354,0.9345153202300217,DOWN,DOWN,UP,UP,UP
2026-04-29,24096.9,24334.7,24059.95,24163.6,25,24096.9,24111.55,24123.55,24059.95,24141.35,24144.45,24059.95,24233.8,24236.8,24059.95,24016.5,0.33476984573106594,0.27679909033940914,0.6124955759581894,0.060796202001078214,0.18446356170294556,0.5681228705767041,0.26393436500130113,1.1401881569828485,UP,UP,FLAT,UP,UP
2026-04-30,23996.95,24087.45,23796.85,24043.7,25,23996.95,23876.95,24019.15,23872.75,23937.8,24019.15,23864.55,23828.6,24019.15,23824.1,24163.6,-0.6896737241139476,0.19481642458729131,-0.49620089721729305,-0.5000635497427798,-0.24648965806071793,-0.7015474883266506,0.6100775306861974,1.2109872296271074,UP,DOWN,DOWN,DOWN,DOWN
2026-05-04,24063.55,24290.2,24004.75,24123.8,25,24063.55,24214.55,24245.85,24061.85,24276.65,24290.2,24061.85,24175.2,24290.2,24061.85,24043.7,0.08255800895868168,0.2503786847742748,0.33314340138996307,0.6275050854923734,0.8855717464796433,0.4639797536107576,0.7646419584807728,1.1862339513496585,UP,UP,UP,UP,UP
2026-05-05,24052.6,24081.7,23882.05,24052.15,25,24052.6,23992.05,24072.1,23949.4,24013.75,24072.1,23949.4,23986.0,24072.1,23949.4,24123.8,-0.29514421442724914,-0.001870899611672292,-0.2970095921869598,-0.25173993663886346,-0.16152099980874646,-0.27689314252928393,0.5101319607859321,0.8300557943839812,FLAT,DOWN,DOWN,DOWN,DOWN
2026-05-06,24171.0,24356.5,23997.9,24339.3,25,24171.0,24171.6,24250.85,24156.95,24138.45,24250.85,24131.75,24137.3,24250.85,24096.5,24052.15,0.4941346199819913,0.6962889412932823,1.1938641659893099,0.0024823135161910754,-0.13466550825368945,-0.13942327582640654,0.3884820652848365,1.4835960448471248,UP,UP,FLAT,DOWN,DOWN
2026-05-07,24398.5,24482.1,24284.0,24336.4,25,24398.5,24334.15,24423.35,24300.7,24397.35,24423.35,24300.7,24323.65,24423.35,24300.7,24339.3,0.24322803038707247,-0.25452384367890873,-0.011914886623681935,-0.2637457220730723,-0.004713404512578459,-0.306781154579169,0.5026948377973967,0.8119351599483515,DOWN,FLAT,DOWN,FLAT,DOWN
2026-05-08,24233.65,24253.8,24126.65,24179.8,25,24233.65,24244.15,24253.8,24158.15,24167.75,24253.8,24158.15,24211.3,24253.8,24138.4,24336.4,-0.4222070643151821,-0.22221167673875863,-0.6434805476570166,0.04332818209390661,-0.2719359238084294,-0.09222713045703879,0.3946991064078164,0.5246836526895363,DOWN,DOWN,FLAT,DOWN,FLAT
2026-05-11,23970.1,23997.45,23799.1,23820.35,25,23970.1,23953.25,23986.8,23895.55,23865.65,23986.8,23864.1,23893.4,23986.8,23864.1,24179.8,-0.8672528308753619,-0.6247366510778011,-1.4865714356611748,-0.07029591032160293,-0.4357512067116829,-0.3199819775470152,0.3806826004063396,0.8274892470202553,DOWN,DOWN,FLAT,DOWN,DOWN
2026-05-12,23722.6,23757.55,23348.4,23430.55,25,23722.6,23638.3,23757.55,23633.1,23640.65,23757.55,23617.7,23651.4,23757.55,23613.55,23820.35,-0.4103634077584922,-1.2311045163683545,-1.6364159216804088,-0.35535733857165436,-0.3454511731428979,-0.3001357355433093,0.5246052287691937,1.724726631988053,DOWN,DOWN,DOWN,DOWN,DOWN
2026-05-13,23362.45,23582.95,23262.55,23428.7,25,23362.45,23367.05,23503.8,23362.45,23308.5,23503.8,23262.55,23403.05,23503.8,23262.55,23430.55,-0.2906461862824328,0.2835747107002904,-0.007895674664054171,0.019689715761825256,-0.23092612290235284,0.17378314346311513,0.6050307223771417,1.3714315065414862,UP,FLAT,FLAT,DOWN,UP
2026-05-14,23530.25,23777.2,23426.55,23713.75,25,23530.25,23581.3,23589.2,23515.6,23496.8,23589.2,23493.8,23495.8,23589.2,23446.7,23428.7,0.4334427433020154,0.7798472179428608,1.216670152419892,0.21695477098628052,-0.14215743564135835,-0.146407284240502,0.3127888568969823,1.490209411289729,UP,UP,UP,DOWN,DOWN
2026-05-15,23731.4,23839.3,23610.3,23659.35,25,23731.4,23787.9,23796.95,23663.35,23802.1,23803.15,23663.35,23800.25,23837.0,23663.35,23713.75,0.0744293922302523,-0.3036061926393003,-0.22940277265300282,0.23808119200721406,0.2979175269895459,0.29012194813621844,0.5629672080029082,0.9649662472504782,DOWN,DOWN,UP,UP,UP
2026-05-18,23482.2,23695.65,23317.1,23644.45,25,23482.2,23373.1,23494.6,23363.05,23371.05,23494.6,23347.35,23362.4,23494.6,23317.1,23659.35,-0.7487526073201413,0.6909488889456695,-0.06297721619570198,-0.4646072344158647,-0.473337251194528,-0.5101736634557208,0.5602115645041745,1.6120721227142385,UP,FLAT,DOWN,DOWN,DOWN
2026-05-19,23675.3,23782.3,23587.2,23606.2,25,23675.3,23756.9,23765.65,23675.25,23749.2,23768.95,23647.4,23753.45,23768.95,23647.4,23644.45,0.13047459340351983,-0.29186536179055195,-0.16177157853111407,0.34466300321432963,0.312139656097289,0.33009085418136813,0.38183254277665524,0.824065587342076,DOWN,DOWN,UP,UP,UP
2026-05-20,23457.25,23690.9,23397.3,23664.15,25,23457.25,23476.95,23481.95,23397.3,23524.25,23536.9,23397.3,23500.55,23548.6,23397.3,23606.2,-0.6309783023104131,0.8820300759893059,0.2454863552795483,0.08398256402605049,0.28562597917488197,0.18459111788465943,0.3608692408530474,1.2516386191902384,UP,UP,FLAT,UP,UP
2026-05-21,23830.05,23859.9,23596.6,23648.6,25,23830.05,23757.35,23859.9,23750.85,23793.15,23859.9,23728.05,23767.45,23859.9,23728.05,23664.15,0.7010604648804111,-0.761433568120926,-0.06571121295293898,-0.3050769931242307,-0.15484650682645576,-0.26269353190613765,0.4576154896863536,1.1049074592793675,DOWN,FLAT,DOWN,DOWN,DOWN
2026-05-22,23671.2,23835.65,23671.0,23748.85,25,23671.2,23738.6,23756.65,23671.0,23752.95,23778.6,23671.0,23791.7,23800.15,23671.0,23648.6,0.09556591087845447,0.3280357565311341,0.4239151577683246,0.2847341917604423,0.34535638243942,0.5090574199871574,0.3618320997668114,0.6955709892189726,UP,UP,UP,UP,UP
2026-05-25,23940.25,24054.45,23922.85,24049.9,25,23940.25,23981.6,23989.1,23922.85,23947.5,23989.1,23922.85,23952.05,23989.1,23922.85,23748.85,0.8059337610031705,0.4580152671755786,1.267640327847466,0.17272167166173513,0.03028372719583129,0.04928937667734995,0.2767306105825963,0.5497018619270985,UP,UP,UP,FLAT,FLAT
2026-05-26,24004.1,24089.8,23885.45,23933.75,25,24004.1,24034.1,24041.25,23965.7,24062.3,24077.2,23965.7,24063.0,24077.2,23965.7,24049.9,-0.19043738227602988,-0.2930749330322676,-0.48295419107772364,0.12497864948071372,0.24245857999258763,0.24537474848047397,0.314737898942261,0.8513129007127888,DOWN,DOWN,UP,UP,UP
2026-05-27,23880.35,23983.2,23858.25,23921.6,25,23880.35,23903.95,23950.15,23869.65,23908.6,23950.15,23869.65,23943.25,23950.15,23868.5,23933.75,-0.2231158928291699,0.17273616173967302,-0.05076513291900122,0.09882602223167661,0.11829809864595786,0.2633964745072893,0.3370972368495437,0.5232335371969035,UP,FLAT,FLAT,UP,UP
2026-05-29,23902.15,24002.8,23484.75,23609.3,25,23902.15,23893.4,24002.8,23889.15,23875.75,24002.8,23872.6,23945.7,24002.8,23871.1,23921.6,-0.08130727041668238,-1.2252035904719958,-1.3055146812922183,-0.03660758551009009,-0.11045031513902079,0.18220118273878821,0.4754802392253325,2.167378248400245,DOWN,DOWN,FLAT,DOWN,UP
2026-06-01,23654.5,23733.7,23357.95,23379.2,25,23654.5,23592.95,23733.7,23587.75,23576.7,23733.7,23565.8,23553.15,23733.7,23537.0,23609.3,0.19144997945725087,-1.1638377475744544,-0.9746159352458504,-0.2602041894776862,-0.32890147752013055,-0.4284597011139468,0.6170073347566033,1.588492675812213,DOWN,DOWN,DOWN,DOWN,DOWN
2026-06-02,23229.15,23556.95,23229.15,23523.3,25,23229.15,23282.1,23297.75,23229.15,23301.95,23307.15,23229.15,23281.45,23325.15,23229.15,23379.2,-0.6418098138516256,1.266296872679361,0.616359841226383,0.22794635188974666,0.3133993279995147,0.22514814360404609,0.2953185975380009,1.411157963162661,UP,UP,UP,UP,UP
2026-06-03,23415.95,23459.65,23151.5,23396.95,25,23415.95,23292.7,23447.65,23265.25,23268.95,23447.65,23244.45,23240.5,23447.65,23225.5,23523.3,-0.45635603848098927,-0.08114127336281465,-0.5371270187431123,-0.526350628524574,-0.6277772202280923,-0.7492756006055732,0.778956224283027,1.3159833361448134,FLAT,DOWN,DOWN,DOWN,DOWN
2026-06-04,23282.45,23465.3,23247.3,23438.0,25,23282.45,23334.8,23362.85,23247.3,23355.35,23366.65,23247.3,23431.35,23443.7,23247.3,23396.95,-0.48938002602903374,0.6680997919033403,0.17545021893879018,0.22484747094914212,0.31311137788333193,0.6395375057178166,0.4962965667272957,0.936327577209443,UP,UP,UP,UP,UP
2026-06-05,23478.95,23516.35,23282.65,23368.85,25,23478.95,23461.95,23516.35,23439.3,23476.3,23516.35,23439.3,23468.5,23516.35,23423.85,23438.0,0.17471627271951842,-0.46893068046059205,-0.2950337059476127,-0.0724052821782916,-0.011286705751328126,-0.04450795286842354,0.32816629363748917,0.9953596732392083,DOWN,DOWN,FLAT,FLAT,FLAT
2026-06-08,23080.7,23267.3,23070.15,23103.7,25,23080.7,23155.5,23157.05,23070.15,23159.15,23185.2,23070.15,23174.25,23202.0,23070.15,23368.85,-1.2330516906052196,0.09965035722486752,-1.1346300737948072,0.3240802921921747,0.33989437062134475,0.4053169964515776,0.37650504534090307,0.8541768663861921,FLAT,DOWN,UP,UP,UP
2026-06-09,23259.05,23279.4,23104.45,23257.75,25,23259.05,23225.05,23259.45,23194.9,23196.8,23259.45,23194.9,23167.75,23259.45,23160.5,23103.7,0.6724031215779228,-0.005589222259719432,0.666776317213257,-0.14617965910043618,-0.26763775820594565,-0.39253537870205046,0.27752638220391324,0.7521803341065122,FLAT,UP,DOWN,DOWN,DOWN
2026-06-10,23233.95,23425.35,23184.6,23216.1,25,23233.95,23339.75,23350.2,23217.3,23355.05,23356.9,23217.3,23317.0,23384.45,23217.3,23257.75,-0.10233148090421161,-0.07682722911946605,-0.17908009158238203,0.4553681143326867,0.5212200250065036,0.35745105761181056,0.5720077731078936,1.0361991826615793,FLAT,DOWN,UP,UP,UP
2026-06-11,23104.4,23327.45,23072.05,23186.55,25,23104.4,23119.35,23148.05,23072.05,23143.6,23148.6,23072.05,23145.5,23172.85,23072.05,23216.1,-0.48113162848194607,0.3555599799172357,-0.12728236008631627,0.06470628971103812,0.16966465262026753,0.17788819445646087,0.3289416734474819,1.1054171499800967,UP,DOWN,FLAT,UP,UP
2026-06-12,23412.55,23645.35,23313.9,23631.75,25,23412.55,23401.2,23455.95,23400.55,23370.1,23455.95,23364.25,23342.65,23455.95,23327.65,23186.55,0.974703006700005,0.9362500026695116,1.9200786662957652,-0.04847827340464215,-0.1813130137469038,-0.2985578247563713,0.23662522877688016,1.4156937198211947,UP,UP,FLAT,DOWN,DOWN
2026-06-15,23984.85,24011.4,23817.8,23856.55,25,23984.85,23946.15,24011.4,23934.1,23965.7,24011.4,23927.35,23945.05,24011.4,23927.35,23631.75,1.4941762670982832,-0.5349210022159792,0.9512626022194687,-0.16135185335741975,-0.0798420669714333,-0.16593808174743338,0.32228677686123913,0.8071761966408053,DOWN,UP,DOWN,FLAT,DOWN
2026-06-16,23923.9,24002.6,23888.2,23993.95,25,23923.9,23938.0,23941.1,23888.2,23917.85,23954.75,23888.2,23910.15,23954.75,23888.2,23856.55,0.2823124047693492,0.2928034308787416,0.5759424560550518,0.05893687902055494,-0.025288519012380547,-0.057473906846291785,0.2211177943395425,0.47818290496113847,UP,UP,FLAT,FLAT,FLAT
2026-06-17,24044.5,24108.2,23969.7,24081.95,25,24044.5,24020.7,24048.05,23969.7,24061.55,24063.8,23969.7,24047.7,24071.65,23969.7,23993.95,0.21067810843983284,0.1557528748778337,0.36675912052829984,-0.09898313543637537,0.07091018736093191,0.013308656865398439,0.32585414543865976,0.5760153049553952,UP,UP,FLAT,FLAT,FLAT
2026-06-18,24073.8,24189.25,24036.95,24179.4,25,24073.8,24090.25,24133.35,24058.85,24108.9,24133.35,24058.85,24125.6,24139.65,24058.85,24081.95,-0.03384277436005579,0.4386511477207677,0.40465992164256104,0.0683315471591553,0.14580165989582944,0.21517168041605095,0.3094650616022398,0.6326379715707503,UP,UP,FLAT,UP,UP
2026-06-19,23991.2,24047.2,23901.9,24042.7,25,23991.2,23955.55,23998.8,23939.8,23975.2,23998.8,23938.75,24010.35,24011.25,23938.75,24179.4,-0.7783485115428865,0.21466204274900794,-0.5653572876084632,-0.1485961519223776,-0.06669112007736169,0.07982093434258318,0.24592350528527124,0.6056387342025379,UP,DOWN,DOWN,FLAT,FLAT
2026-06-22,24106.6,24168.05,24073.15,24086.85,25,24106.6,24131.2,24142.5,24073.15,24108.75,24142.5,24073.15,24149.65,24159.65,24073.15,24042.7,0.2657771381749879,-0.08192777081795027,0.18363162207238712,0.10204674238591169,0.00891871935487151,0.17858179917534167,0.2876805522139105,0.3936681240821925,FLAT,UP,UP,FLAT,UP
2026-06-23,24071.3,24135.5,23784.95,23795.25,25,24071.3,24088.95,24095.55,24040.05,24115.5,24133.05,24040.05,24123.45,24135.5,24040.05,24086.85,-0.06455804723323835,-1.1468013775741204,-1.210619072232353,0.07332383377715976,0.18362115880737945,0.21664804144355088,0.2305650297241944,1.4562985796363275,DOWN,DOWN,FLAT,UP,UP
2026-06-24,23795.8,24090.05,23789.25,24013.15,25,23795.8,23879.4,23885.3,23789.25,23867.4,23895.3,23789.25,23917.85,23919.2,23789.25,23795.25,0.002311385675709532,0.9133964817320795,0.9157289795232303,0.35132250229032935,0.3008934349759293,0.5129056388102071,0.40364265962900714,1.2640886206809576,UP,UP,UP,UP,UP
2026-06-25,24125.85,24261.6,24039.0,24052.95,25,24125.85,24147.15,24169.7,24107.8,24141.65,24169.7,24107.8,24184.5,24186.05,24107.8,24013.15,0.4693261816962667,-0.30216551955681487,0.1657425202441132,0.08828704480879601,0.0654899205623964,0.24310024310024914,0.2565712710640307,0.9226617922270036,DOWN,UP,FLAT,FLAT,UP
2026-06-29,24061.75,24120.0,23924.55,23978.5,25,24061.75,24064.8,24110.75,24032.35,24094.0,24110.75,24005.45,24061.8,24110.75,24005.45,24052.95,0.0365859489168658,-0.34598480991615327,-0.30952544282510347,0.012675719762690878,0.13403015158914044,0.00020779868463130237,0.32582833750662965,0.8122850582355843,DOWN,DOWN,FLAT,UP,FLAT
2026-06-30,24032.05,24035.55,23829.2,23917.75,25,24032.05,23896.9,24035.55,23890.8,23870.35,24035.55,23861.5,23889.8,24035.55,23851.95,23978.5,0.22332506203473643,-0.4756148559943878,-0.2533519611318473,-0.5623739963923087,-0.672851462942199,-0.5919178763359764,0.6023206509640252,0.8586450177991414,DOWN,DOWN,DOWN,DOWN,DOWN
2026-07-01,23897.65,24049.9,23895.1,23987.95,25,23897.65,23922.95,23934.9,23895.1,23944.2,23949.95,23895.1,23987.05,23996.4,23895.1,23917.75,-0.084038005247143,0.377861421520523,0.29350586907213566,0.10586815021560393,0.19478902737298132,0.37409536084091033,0.16654357227594727,0.6477624368923425,UP,UP,UP,UP,UP
2026-07-02,24062.2,24194.55,24058.8,24167.2,25,24062.2,24111.65,24127.6,24058.8,24148.05,24159.45,24058.8,24075.8,24159.45,24058.8,23987.95,0.309530410060051,0.4363690768092693,0.7472501818621432,0.20550905569732078,0.35678366899119174,0.05652018518671836,0.28592564270930865,0.5641628778748411,UP,UP,UP,UP,FLAT
2026-07-03,24375.65,24378.15,24252.35,24271.2,25,24375.65,24347.75,24378.15,24295.15,24336.8,24378.15,24295.15,24330.6,24378.15,24295.15,24167.2,0.8625326889337644,-0.4285013938089886,0.43033533053063655,-0.11445848623524482,-0.15938036524155122,-0.1848155844049406,0.34050374041307613,0.5160888017345298,DOWN,UP,DOWN,DOWN,DOWN
2026-07-06,24306.85,24458.65,24287.1,24423.95,25,24306.85,24352.5,24360.15,24287.1,24368.9,24379.9,24287.1,24370.15,24395.8,24287.1,24271.2,0.14688190118328642,0.48175720013083634,0.6293467154487623,0.18780714078542246,0.25527783320340935,0.260420416466975,0.3005325659227869,0.7057681270917578,UP,UP,UP,UP,UP
2026-07-07,24464.45,24530.9,24348.95,24355.1,25,24464.45,24455.85,24488.45,24427.0,24459.2,24488.45,24423.5,24483.25,24495.7,24423.5,24423.95,0.1658208438847934,-0.4469751006051727,-0.2818954346041577,-0.035153048607273744,-0.021459709905597715,0.07684619928099455,0.2511807949902848,0.7437322318711466,DOWN,DOWN,FLAT,FLAT,FLAT
2026-07-08,24259.55,24300.0,23805.2,23895.7,25,24259.55,24239.2,24295.25,24229.9,24226.15,24295.25,24207.2,24238.2,24295.25,24207.2,24355.1,-0.3923202943120713,-1.499821719693888,-1.8862579090210996,-0.08388449084998915,-0.13767773928204693,-0.08800657885244592,0.2693784509605436,2.039609143615604,DOWN,DOWN,FLAT,DOWN,FLAT
2026-07-09,23928.95,24134.7,23925.7,23981.9,25,23928.95,24024.15,24038.5,23927.7,24047.2,24061.75,23927.7,24044.25,24076.8,23927.7,23895.7,0.13914637361533666,0.22128008124050877,0.36073435806442467,0.39784445201315033,0.4941712862453221,0.4818431230789452,0.4630374504522734,0.8734190175498715,UP,UP,UP,UP,UP
2026-07-10,24124.7,24228.45,24120.35,24211.65,25,24124.7,24168.4,24187.9,24120.35,24195.1,24208.0,24120.35,24211.25,24226.05,24120.35,23981.9,0.5954490678386586,0.3604189896661958,0.9580141690191353,0.18114214891791702,0.2918171003162643,0.3587609379598472,0.28000348190859536,0.44808847363905946,UP,UP,UP,UP,UP
2026-07-13,24039.4,24259.8,24000.2,24211.15,25,24039.4,24027.45,24044.45,24000.2,24075.0,24090.05,24000.2,24114.15,24128.8,24000.2,24211.65,-0.7114343714699328,0.7144521077897118,-0.002065121542728397,-0.0497100593192872,0.14809021855786145,0.3109478605955223,0.18407281379734933,1.0798938409444434,UP,FLAT,FLAT,UP,UP
2026-07-14,24068.0,24157.1,24023.7,24035.15,25,24068.0,24140.9,24157.1,24050.55,24100.2,24157.1,24050.55,24085.15,24157.1,24050.55,24211.15,-0.5912565078486625,-0.13648828319760073,-0.7269377951894065,0.3028918065481197,0.13378760179491742,0.07125644008642784,0.44270400531826193,0.5542629217217792,DOWN,DOWN,UP,UP,FLAT
2026-07-15,24085.85,24220.35,24010.55,24073.45,25,24085.85,24195.7,24211.75,24069.05,24195.1,24218.15,24069.05,24202.3,24218.15,24069.05,24035.15,0.21094105924030884,-0.05148250944018093,0.15934995204939129,0.4560769082262083,0.45358581905973844,0.48347888905727116,0.5924640400899314,0.8710508452057921,FLAT,UP,UP,UP,UP
2026-07-16,24142.1,24186.5,24050.0,24081.1,25,24142.1,24127.5,24167.4,24117.55,24140.85,24167.4,24097.05,24126.45,24167.4,24097.05,24073.45,0.28516893091766166,-0.2526706458841609,0.03177774685389015,-0.060475269342760346,-0.005177677169757395,-0.06482451816535353,0.20648576552993397,0.5654023469375076,DOWN,FLAT,FLAT,FLAT,FLAT
2026-07-17,24127.6,24367.3,24099.05,24346.7,25,24127.6,24210.0,24211.7,24099.05,24231.3,24231.85,24099.05,24239.85,24249.2,24099.05,24081.1,0.19309749139366558,0.9080886619473226,1.1029396497668387,0.3415175981034229,0.42979823936073513,0.4652348347950066,0.4668926872129903,1.1117972778063299,UP,UP,UP,UP,UP
2026-07-20,24190.05,24266.1,24135.85,24239.5,25,24190.05,24191.7,24262.35,24149.9,24171.45,24262.35,24149.9,24209.95,24262.35,24149.9,24346.7,-0.643413686454433,0.20442289288364734,-0.4403060784418452,0.00682098631462711,-0.07689111845572269,0.08226522888543619,0.464860552169165,0.5384445257450895,UP,DOWN,FLAT,FLAT,FLAT
2026-07-21,24216.05,24262.2,24135.65,24193.05,25,24216.05,24247.75,24262.2,24203.6,24236.95,24262.2,24203.6,24212.3,24262.2,24203.6,24239.5,-0.09674291961468152,-0.09497833048742467,-0.19162936529219138,0.13090491636745352,0.08630639596466581,-0.015485597362080107,0.2419882681114475,0.522587292312327,FLAT,DOWN,UP,FLAT,FLAT
2026-07-22,24150.45,24166.3,23961.4,23991.05,25,24150.45,24048.9,24166.3,24046.95,24027.0,24166.3,24016.15,24033.45,24166.3,24008.7,24193.05,-0.17608362732271682,-0.6600291091884476,-0.8349505333143197,-0.42048905921007385,-0.511170599305606,-0.48446302242815353,0.4941936899726445,0.84843139568827,DOWN,DOWN,DOWN,DOWN,DOWN
2026-07-23,23904.8,23990.75,23807.2,23871.7,25,23904.8,23921.55,23952.0,23876.2,23907.75,23952.0,23876.2,23957.35,23969.95,23876.2,23991.05,-0.3595090669228733,-0.13846591479534884,-0.49747718419993514,0.0700696094508216,0.012340617783879085,0.21983032696361932,0.31709112814162543,0.7678374217730299,DOWN,DOWN,FLAT,FLAT,UP
2026-07-24,23666.35,23823.6,23606.3,23787.0,25,23666.35,23703.55,23763.55,23646.9,23656.7,23763.55,23646.9,23608.7,23763.55,23607.45,23871.7,-0.860223612059477,0.509795553602484,-0.354813440182311,0.15718520177382964,-0.040775193470889336,-0.24359480866292363,0.4928939190031324,0.9181812996089355,UP,DOWN,UP,FLAT,DOWN
2026-07-27,23928.4,24011.6,23891.55,24003.65,25,23928.4,23939.95,23964.5,23896.7,23951.05,23964.5,23896.7,23933.3,23964.5,23896.7,23787.0,0.5944423424559695,0.3144798649303756,0.9107916088619895,0.048269002524194145,0.09465739456042951,0.020477758646619985,0.28334531351866094,0.5017050868424101,UP,UP,FLAT,FLAT,FLAT
2026-07-28,23971.25,24041.15,23954.6,23987.8,25,23971.25,24006.25,24040.9,23968.15,24018.05,24040.9,23968.15,23985.6,24040.9,23961.95,24003.65,-0.1349794718719922,0.06904103874432611,-0.06603162435713811,0.14600823903634563,0.1952338739114534,0.059863378004895634,0.30348855399697555,0.3610575168170325,FLAT,FLAT,UP,UP,FLAT
2026-07-29,24176.65,24283.55,24136.75,24242.0,25,24176.65,24178.5,24203.2,24136.75,24212.2,24217.9,24136.75,24221.3,24224.25,24136.75,23987.8,0.787275198225774,0.2703021303613137,1.059705350219698,0.007652011341515656,0.1470427044276162,0.1846823277832033,0.27485197494276803,0.6071974405056088,UP,UP,FLAT,UP,UP
2026-07-30,24249.55,24342.95,24187.1,24296.6,25,24249.55,24276.95,24280.5,24187.1,24255.85,24287.25,24187.1,24243.5,24287.25,24187.1,24242.0,0.03114429502515994,0.19402421900612288,0.22522894150647038,0.11299178747647463,0.025979863543856573,-0.024948916577830403,0.3851617865073845,0.6426923386207257,UP,UP,UP,FLAT,FLAT
2026-07-31,24361.45,24429.4,24299.7,24366.7,25,24361.45,24345.75,24381.25,24326.55,24349.3,24381.25,24299.7,24346.05,24381.25,24299.7,24296.6,0.26690977338393923,0.021550441373563562,0.2885177349917363,-0.06444608182189783,-0.04987387860739593,-0.06321462802912575,0.2245350748826557,0.5323985230764209,FLAT,UP,FLAT,FLAT,FLAT
2026-08-03,24572.7,24774.3,24515.15,24774.3,25,24572.7,24550.2,24576.45,24515.15,24558.05,24576.45,24515.15,24579.2,24582.25,24515.15,24366.7,0.8454160801421612,0.8204226641760919,1.6727747294463284,-0.09156502948393949,-0.05961900808621541,0.026452119628693628,0.24946383588290774,1.0546256618116765,UP,UP,FLAT,FLAT,FLAT
2026-08-04,24703.9,24703.9,24427.95,24614.9,25,24703.9,24597.6,24703.9,24589.85,24623.6,24703.9,24589.35,24615.5,24703.9,24589.35,24774.3,-0.28416544564325863,-0.360267002376143,-0.6434086936865938,-0.43029643092792186,-0.3250498909079251,-0.35783823606799514,0.46166799574157485,1.1170301045583924,DOWN,DOWN,DOWN,DOWN,DOWN
2026-08-05,24669.2,24677.6,24497.95,24624.65,25,24669.2,24621.4,24677.6,24611.0,24628.05,24677.6,24604.6,24621.25,24677.6,24581.55,24614.9,0.22059809302495348,-0.18058956107210317,0.03961015482492311,-0.19376388370923772,-0.166807192774802,-0.19437192936941905,0.26997227311789007,0.7282360190034448,DOWN,FLAT,DOWN,DOWN,DOWN
2026-08-06,24641.0,24677.05,24604.15,24636.0,25,24641.0,24635.25,24648.2,24604.15,24645.15,24650.45,24604.15,24630.85,24665.05,24604.15,24624.65,0.06639688279832828,-0.02029138427823546,0.04609202567345544,-0.023335091919970782,0.01684184895094134,-0.04119151008482389,0.17876709549125147,0.2958483827766642,FLAT,FLAT,FLAT,FLAT,FLAT
2026-08-07,24538.9,24630.4,24522.75,24570.65,25,24538.9,24601.6,24620.0,24529.2,24618.2,24620.0,24529.2,24599.15,24630.4,24529.2,24636.0,-0.39413865887318783,0.12938640281349204,-0.26526221789250914,0.2555126757923016,0.3231603698617268,0.2455285281736345,0.37002473623511756,0.4386912208778774,UP,DOWN,UP,UP,UP
2026-08-10,24581.25,24620.95,24511.1,24583.8,25,24581.25,24555.9,24620.95,24553.55,24521.15,24620.95,24511.1,24544.75,24620.95,24511.1,24570.65,0.04314090184833753,0.010373760488174004,0.053519137670341714,-0.10312738367657683,-0.24449529621153743,-0.14848715992880754,0.2741927281973108,0.44688532926520086,FLAT,FLAT,DOWN,DOWN,DOWN
2026-08-11,24575.1,24576.85,24429.25,24471.7,25,24575.1,24487.4,24576.85,24487.2,24479.25,24576.85,24468.35,24473.0,24576.85,24460.9,24583.8,-0.03538915871427822,-0.4207510854482701,-0.45599134389312695,-0.3568652823386155,-0.39002893172356795,-0.4154611781844166,0.36480014323440324,0.6006079324193943,DOWN,DOWN,DOWN,DOWN,DOWN
2026-08-12,24472.45,24473.3,24265.95,24435.95,25,24472.45,24457.4,24473.3,24390.6,24428.0,24473.3,24390.6,24365.1,24473.3,24357.5,24471.7,0.0030647646056465223,-0.1491473064609387,-0.14608711286915088,-0.061497724992795044,-0.18163281567640643,-0.43865653009813965,0.3379310203923217,0.8472792875253541,DOWN,DOWN,FLAT,DOWN,DOWN
2026-08-13,24431.6,24431.6,24311.4,24395.85,25,24431.6,24339.15,24431.6,24326.1,24346.35,24431.6,24316.3,24343.55,24431.6,24316.3,24435.95,-0.017801640615577388,-0.14632688812848935,-0.16410248015731813,-0.3784033792301654,-0.34893334861409,-0.3603939160758987,0.43181780972183564,0.4919857888963355,DOWN,DOWN,DOWN,DOWN,DOWN
2026-08-14,24361.9,24405.2,24296.8,24366.0,25,24361.9,24309.1,24365.0,24307.2,24332.05,24365.0,24304.3,24345.45,24365.0,24304.3,24395.85,-0.13916301338136236,0.016829557628914592,-0.12235687627198293,-0.21673186409928172,-0.12252738907885749,-0.06752346902335503,0.23725571486624308,0.4449570846280522,FLAT,DOWN,DOWN,DOWN,FLAT
2026-08-17,24343.45,24360.1,24226.95,24287.65,25,24343.45,24306.05,24357.6,24282.8,24301.35,24357.6,24280.85,24281.45,24357.6,24276.85,24366.0,-0.09254699170975651,-0.22921976958894189,-0.32155462529753975,-0.15363475596105503,-0.1729417974855749,-0.2546886328766054,0.3072695119220952,0.5469643785083782,DOWN,DOWN,DOWN,DOWN,DOWN
2026-08-18,24223.85,24269.65,24154.9,24154.9,25,24223.85,24245.1,24269.65,24211.1,24224.55,24269.65,24211.1,24220.2,24269.65,24211.1,24287.65,-0.2626849448176456,-0.28463683518514643,-0.5465740818893553,0.08772346262051656,0.0028897140627964905,-0.0150677947559856,0.24170394053795297,0.4737066981507895,DOWN,DOWN,FLAT,FLAT,FLAT
2026-08-19,24152.05,24172.85,24025.65,24078.3,25,24152.05,24096.75,24172.85,24093.05,24084.55,24172.85,24065.1,24091.8,24172.85,24065.1,24154.9,-0.011798848266820325,-0.30535710219215345,-0.3171199218378142,-0.22896607120306256,-0.2794793816673947,-0.2494612258586745,0.33040673566011697,0.6094720737991065,DOWN,DOWN,DOWN,DOWN,DOWN
2026-08-20,24225.2,24265.15,24184.55,24231.85,25,24225.2,24190.8,24225.2,24184.55,24210.95,24225.2,24184.55,24221.85,24225.2,24184.55,24078.3,0.6100929052300265,0.027450753760537856,0.6377111340916894,-0.1420008916335116,-0.058823043772600433,-0.013828575202690515,0.16780047223552935,0.3327113914436297,FLAT,UP,DOWN,FLAT,FLAT
2026-08-21,24282.0,24282.0,24206.8,24252.0,25,24282.0,24230.8,24282.0,24210.8,24243.85,24282.0,24206.8,24235.7,24282.0,24206.8,24231.85,0.20695902293882415,-0.1235483073881888,0.08315502118080731,-0.21085577794251187,-0.1571122642286527,-0.1906762210691017,0.29322131620130437,0.3096944238530629,DOWN,FLAT,DOWN,DOWN,DOWN
2026-08-24,24285.05,24313.0,24144.3,24219.05,25,24285.05,24287.15,24313.0,24271.1,24281.65,24313.0,24271.1,24273.05,24313.0,24267.3,24252.0,0.1362774204189315,-0.2717721396497022,-0.13586508329210262,0.008647295352499512,-0.014000382951642337,-0.04941311629994585,0.17253413108065024,0.6946660599834085,DOWN,DOWN,FLAT,FLAT,FLAT
2026-08-25,24175.75,24334.55,24115.45,24334.55,25,24175.75,24181.5,24198.25,24128.85,24154.85,24198.25,24128.85,24141.2,24198.25,24128.85,24219.05,-0.17878488214855362,0.6568565608098995,0.47689731843321687,0.023784163883230097,-0.08645026524513802,-0.14291180211575347,0.2870645171297745,0.9062800533592485,UP,UP,FLAT,FLAT,DOWN
2026-08-26,24341.95,24378.6,24207.75,24207.75,25,24341.95,24351.15,24363.2,24309.5,24371.6,24375.75,24309.5,24342.95,24378.6,24309.5,24334.55,0.030409438432193958,-0.5513116245822571,-0.52106983691911,0.0377948356643602,0.12180618233131617,0.0041081343113431755,0.2206068125191315,0.7018747470929755,DOWN,DOWN,FLAT,UP,FLAT
2026-08-27,24277.6,24297.45,24090.85,24090.85,25,24277.6,24201.1,24297.45,24198.35,24214.4,24297.45,24188.6,24183.55,24297.45,24179.55,24207.75,0.28854395802996374,-0.7692276007513099,-0.4829032024868129,-0.31510528223547635,-0.2603222723827606,-0.3873941411012591,0.4081952087521097,0.8509902132006549,DOWN,DOWN,DOWN,DOWN,DOWN
2026-08-28,24122.6,24188.3,24076.85,24175.65,25,24122.6,24149.55,24158.25,24106.55,24160.05,24166.25,24106.55,24167.2,24168.5,24106.55,24090.85,0.13179277609548853,0.2199182509348201,0.3520008633983563,0.11172095876895828,0.1552486050425772,0.18488885940985708,0.21432183927106002,0.46201487401855823,UP,UP,UP,UP,UP
2026-08-31,24117.55,24128.7,23993.6,24080.4,25,24117.55,24043.05,24128.7,24036.2,24024.6,24128.7,24024.25,24017.85,24128.7,24009.8,24175.65,-0.24032445870122285,-0.1540372052716707,-0.3939914748931259,-0.30890368217335507,-0.38540399004045073,-0.4133919075528017,0.3835381288729577,0.5601729860620261,DOWN,DOWN,DOWN,DOWN,DOWN
2026-09-01,24077.55,24143.15,23952.55,24055.8,25,24077.55,24063.95,24082.6,24027.8,24028.35,24082.6,24025.2,24036.25,24082.6,24009.5,24080.4,-0.011835351572242083,-0.09033311113464618,-0.10215777146559933,-0.05648415224970375,-0.2043397272563061,-0.17152907999360098,0.22759790759441587,0.791608780793736,FLAT,DOWN,FLAT,DOWN,DOWN
2026-09-02,23858.0,23914.45,23786.8,23914.45,25,23858.0,23821.7,23882.95,23786.8,23841.6,23882.95,23786.8,23848.3,23882.95,23786.8,24055.8,-0.822254923968437,0.23660826557129988,-0.5875921815113135,-0.1521502221477042,-0.06874004526784079,-0.04065722189622235,0.40300947271356125,0.5350406572219023,UP,DOWN,DOWN,FLAT,FLAT
2026-09-03,23997.95,24025.4,23873.45,23873.45,25,23997.95,23982.2,24025.4,23955.35,24016.85,24025.4,23955.35,23991.15,24025.4,23955.35,23914.45,0.3491612811500996,-0.5187943136809602,-0.17144446140304292,-0.06563060594759135,0.07875672713710052,-0.028335753678957045,0.2918999331192994,0.6331790840467654,DOWN,DOWN,FLAT,FLAT,FLAT
2026-09-04,23910.9,24005.75,23895.85,23897.7,25,23910.9,23908.35,23949.85,23900.0,23910.55,23949.85,23895.85,23939.45,23962.55,23895.85,23873.45,0.1568688228974058,-0.05520494837082974,0.10157727517388564,-0.010664592298921874,-0.0014637675704477153,0.11940161181720167,0.20848232396103258,0.45962301711772224,FLAT,UP,FLAT,FLAT,UP
2026-09-07,23883.15,23890.0,23737.9,23779.15,25,23883.15,23828.65,23890.0,23818.5,23835.85,23890.0,23818.5,23806.45,23890.0,23806.1,23897.7,-0.06088452026763778,-0.435453447304899,-0.4960728438301564,-0.2281943545972788,-0.1980475774761826,-0.3211469173873661,0.29937424502211807,0.6368506666834087,DOWN,DOWN,DOWN,DOWN,DOWN
2026-09-08,23743.1,23758.95,23623.1,23635.1,25,23743.1,23672.5,23758.95,23669.2,23674.35,23758.95,23668.15,23707.9,23758.95,23657.15,23779.15,-0.15160340045797646,-0.4548689935181168,-0.605782797114291,-0.29734954576276285,-0.28955780837380124,-0.14825359788737397,0.37800455711343506,0.5721662293466404,DOWN,DOWN,DOWN,DOWN,DOWN
2026-09-09,23522.05,23571.55,23431.5,23431.5,25,23522.05,23509.4,23536.5,23477.55,23525.45,23536.5,23477.55,23484.85,23536.5,23466.65,23635.1,-0.47831403294252733,-0.3849579437166373,-0.861430668793441,-0.05377932620667764,0.014454522458720457,-0.15814948101887688,0.2506159114532991,0.5953987853949774,DOWN,DOWN,FLAT,FLAT,DOWN
2026-09-10,23446.6,23494.95,23380.1,23477.8,25,23446.6,23437.35,23494.95,23414.0,23422.6,23494.95,23409.3,23413.6,23494.95,23404.35,23431.5,0.06444316411667433,0.13306833400152146,0.1975972515630637,-0.03945134902288605,-0.1023602569242449,-0.1407453532708367,0.34525261658407075,0.4898364794895729,UP,UP,FLAT,DOWN,DOWN
2026-09-11,23270.3,23448.1,23231.4,23398.1,25,23270.3,23258.25,23277.3,23231.4,23248.2,23277.3,23231.4,23297.2,23299.4,23231.4,23477.8,-0.8838136452308138,0.5491979046252059,-0.33946962662600727,-0.05178274452843012,-0.09497084266209953,0.11559799400953771,0.19724713475974875,0.9312299368723097,UP,DOWN,FLAT,FLAT,UP
2026-09-15,23576.15,23592.85,23118.6,23118.6,25,23576.15,23463.9,23592.85,23452.05,23448.1,23592.85,23439.05,23386.75,23592.85,23369.65,23398.1,0.7609592231848009,-1.9407324775249688,-1.1945414371252367,-0.47611675358360034,-0.5431336329299011,-0.8033542372270343,0.5972137096175554,2.0115667740491983,DOWN,DOWN,DOWN,DOWN,DOWN
2026-09-16,23201.05,23284.75,23116.1,23217.6,25,23201.05,23204.2,23281.15,23186.55,23120.95,23281.15,23120.95,23177.75,23281.15,23116.1,23118.6,0.35663924286073007,0.0713329784643336,0.42822662271936884,0.013576971731889096,-0.3452429954678713,-0.10042648931836823,0.40774016693210946,0.7269067563752565,FLAT,UP,FLAT,DOWN,DOWN
2026-09-17,23195.25,23363.55,23193.65,23270.6,25,23195.25,23252.05,23267.7,23193.65,23252.3,23303.85,23193.65,23311.1,23325.4,23193.65,23217.6,-0.09626317965680581,0.3248509931990323,0.22827510164702638,0.2448777228096238,0.24595552968818732,0.4994557075263192,0.3192463974305053,0.7324775546717445,UP,UP,UP,UP,UP
