signal_date,target_date,actual_return_pct,intraday_return_pct,v3_pred,vix_open,vix_high,vix_low,vix_close,vix_oc_pct,vix_range_pct,vix_ret1,vix_ret2,vix_ret3,vix_ret5,vix_ret10,vix_ret20,vix_z5,vix_range_mean5,vix_z10,vix_range_mean10,vix_z20,vix_range_mean20,period
2023-08-08,2023-08-09,0.315265,0.274532,-1,11.100000381469728,11.529999732971191,11.100000381469728,11.329999923706056,2.0720678768650025,3.795228194148211,2.0720678768650025,7.190163205529543,1.251120183848653,10.214009902813359,10.64453297804,2.90644585078923,0.7716788282853543,8.989747485450293,1.3443185005036717,8.398229985998233,0.6483463898234286,8.224165052528537,dev2023_24
2023-08-09,2023-08-10,-0.455621,-0.318532,1,11.329999923706056,11.770000457763672,10.489999771118164,11.140000343322754,-1.6769601205888884,11.490131482919857,-1.6769601205888884,0.3603600043095678,5.392626915378673,-1.241129370235905,6.500958916786437,1.8281606088731195,0.254674392203387,7.989900281355321,0.758115465740036,8.935389035519282,0.2757319267847716,8.579293399687655,dev2023_24
2023-08-10,2023-08-11,-0.58742,-0.644106,-1,11.140000343322754,11.90999984741211,10.630000114440918,11.399999618530272,2.3339251992335885,11.22806820879713,2.3339251992335885,0.6178260838091809,2.7026957364916893,1.8766760144934391,8.468119602915781,4.2047537092396725,0.8957295678038402,8.483949074750246,1.0760794293962712,9.021089124547347,0.7060127986850804,8.925888635970187,dev2023_24
2023-08-11,2023-08-14,0.03217,0.261041,-1,11.399999618530272,11.869999885559082,11.359999656677246,11.520000457763672,1.052638975867537,4.4270851442382675,1.052638975867537,3.411131981415849,1.676968537837964,8.987708518143434,13.609468123437063,7.8651697433080425,1.2564273417673069,8.025941205497599,1.1358812225755457,8.70442837694672,0.8408609075197635,8.992748551292367,dev2023_24
2023-08-14,2023-08-16,0.15668,0.495637,-1,11.520000457763672,12.760000228881836,10.479999542236328,12.0,4.166662527455389,19.0000057220459,4.166662527455389,5.263161417079787,7.7199248669029386,8.108104392795568,15.273776905800428,6.007069995652836,1.6177202591420567,9.988103750429874,1.712251018249422,9.59578413411649,1.5465852290705462,9.262536821771928,dev2023_24
2023-08-16,2023-08-17,-0.512458,-0.438548,-1,12.0,12.68000030517578,12.0,12.130000114440918,1.0833342870076423,5.605938159606697,1.0833342870076423,5.295135698246867,6.403513336299227,7.060901995780244,17.996113127670554,3.586678692790235,1.1831574562218063,10.35024574352157,1.7056857819940692,9.669996614485932,1.6478201325118544,9.137197196940694,dev2023_24
2023-08-17,2023-08-18,-0.28453,0.043519,-1,12.130000114440918,12.670000076293944,12.109999656677246,12.239999771118164,0.9068397002427897,4.57516691248712,0.9068397002427897,1.9999980926513672,6.249993791183073,9.874321309646493,8.510638837525097,5.517235936222842,1.017238489125657,8.967252829435022,1.4851001889480662,8.478576555395172,1.6616992498308711,9.193541919558086,dev2023_24
2023-08-18,2023-08-21,0.432156,0.377575,-1,12.239999771118164,12.489999771118164,10.789999961853027,12.140000343322754,-0.8169888044554652,14.003292925771383,-0.8169888044554652,0.08244211696197823,1.1666695276896233,6.491234645215593,8.489730103340287,2.9686207175756207,0.4705967082237208,9.522297772829873,1.051744448561964,9.00312342379006,1.435109002785524,9.516267911816808,dev2023_24
2023-08-21,2023-08-22,0.014696,-0.10635,1,12.140000343322754,12.59000015258789,11.170000076293944,11.960000038146973,-1.4827042840635962,11.872910299036716,-1.4827042840635962,-2.287579560515074,-1.4014845399016762,3.8194406501674383,13.150429360971394,4.090515895485258,-1.180720417318934,11.011462803789563,0.5969178058491277,9.51870200464358,1.10482959109064,9.687807537875273,dev2023_24
2023-08-22,2023-08-23,0.245148,0.024692,-1,11.960000038146973,12.09000015258789,11.59000015258789,11.75,-1.7558531561636115,4.25531914893617,-1.7558531561636115,-3.2125233302588985,-4.00326617876563,-2.083333333333337,5.855852217945667,0.8583724012374283,-1.5257555208023026,8.062525489167617,-0.028236347182318742,9.025314619798745,0.7941856423821003,9.273964016372089,dev2023_24
2023-08-23,2023-08-24,-0.294692,-0.759912,1,11.75,11.890000343322754,10.3100004196167,11.729999542236328,-0.1702166618184786,13.469735595614758,-0.1702166618184786,-1.923081063353238,-3.3772717421044818,-3.297613919462239,3.5304467892655733,14.550779340061082,-1.0268504896389736,9.635284976369231,-0.19733442171170004,9.9927653599454,0.6869499721499374,9.195497672971817,dev2023_24
2023-08-24,2023-08-25,-0.623623,-0.163753,-1,11.729999542236328,12.239999771118164,10.199999809265137,11.699999809265137,-0.2557522092236364,17.435897394097115,-0.2557522092236364,-0.4255335381690539,-2.173914950272182,-4.411764476721858,5.026925033068275,11.854682281032147,-0.8252925002847972,12.207431072691229,-0.5601553370377865,10.587341951063125,0.5689505444176306,9.761365493291205,dev2023_24
2023-08-25,2023-08-28,0.208919,0.0399,-1,11.699999809265137,12.239999771118164,9.979999542236328,12.079999923706056,3.247864278937862,18.708611284398785,3.247864278937862,2.9838055850682554,2.8085099889877174,-0.49423737990006433,5.964915157281836,14.938150909928694,1.4121355637606623,13.148494744416709,0.6565266565752663,11.335396258623291,1.0416995038537546,10.17824269158532,dev2023_24
2023-08-28,2023-08-29,0.189578,-0.166195,1,12.079999923706056,12.720000267028809,9.5,12.399999618530272,2.6490041129573205,25.9677448878056,2.6490041129573205,5.982904450227511,5.711850830696696,3.678926245651337,7.638881300334854,22.28796053932818,1.5415264227168952,15.967461662170484,1.6657070559874516,13.489462232980022,1.440997075065655,11.096945304963372,dev2023_24
2023-08-29,2023-08-30,0.024816,-0.442536,1,12.399999618530272,12.460000038146973,10.649999618530272,12.229999542236328,-1.370968399385264,14.799676920394486,-1.370968399385264,1.2417187042849998,4.5299123214642245,4.085102487117687,1.9166628519694084,17.483186565815977,0.6568624086169874,18.07633321646215,0.801374914511518,13.069429352814883,1.0843457801750827,11.332606743465686,dev2023_24
2023-08-30,2023-08-31,-0.484043,-0.628369,-1,12.229999542236328,12.239999771118164,11.460000038146973,11.800000190734863,-3.515939228096132,6.610167121722867,-3.515939228096132,-4.8387052117226155,-2.317878598837697,0.5967659951433335,-2.720526962841374,14.785997054927469,-0.829467073469161,16.704419521683768,-0.8113429093917849,13.1698522490265,0.24006969874925527,11.419924431756217,dev2023_24
2023-08-31,2023-09-01,0.942671,0.91987,1,11.800000190734863,12.279999732971191,11.760000228881836,12.0600004196167,2.203391734569493,4.31177019897552,2.203391734569493,-1.3900174078710026,-2.7419291078484065,3.076928343763563,-1.4705829646026292,6.914899867998958,-0.2427591342802467,14.079594082659451,0.3159179490142594,13.143512577675342,0.7036793708102569,10.811044566535255,dev2023_24
2023-09-01,2023-09-04,0.481083,0.019206,1,12.0600004196167,12.18000030517578,10.40999984741211,11.369999885559082,-5.72139726409352,15.567286504652733,-5.72139726409352,-3.6440703239429606,-7.03188625402017,-5.87748379661539,-6.342672454595011,1.6085818760112502,-1.4939765072699929,13.45132912671024,-1.802076004225681,13.299911935563475,-0.7725225639803651,11.151517679676768,dev2023_24
2023-09-04,2023-09-05,0.236062,0.05239,1,11.369999885559082,11.539999961853027,10.859999656677246,10.960000038146973,-3.605979345108401,6.20438232489961,-3.605979345108401,-9.12106420560711,-7.118645245848754,-11.61290019905643,-8.361203986709477,3.6896911502629637,-1.396107793472965,9.498656614129043,-2.0123660294875916,12.733059138149764,-1.8664020117451157,11.125880571396673,dev2023_24
2023-09-05,2023-09-06,0.184675,0.152442,1,10.960000038146973,11.09000015258789,9.369999885559082,10.81999969482422,-1.2773753908346008,15.896490901488432,-1.2773753908346008,-4.837292843190011,-10.281929366897069,-11.529026166703193,-7.914896214261957,-2.522528621827247,-1.0967087295187008,9.718019410347832,-1.703449478277862,13.897176313404993,-2.036452202165675,11.461245466601868,dev2023_24
2023-09-06,2023-09-07,0.591503,0.655147,1,10.81999969482422,10.979999542236328,9.8100004196167,10.68000030517578,-1.2938945803797952,10.955047651568135,-1.2938945803797952,-2.5547420802612852,-6.068597953634669,-9.49152430046981,-8.951400494772443,-5.736978136868876,-0.8949824705954843,10.586995516316886,-1.5031311394141094,13.645707519000329,-2.0418436170602794,11.819236439472864,dev2023_24
2023-09-07,2023-09-08,0.470927,0.228321,1,10.68000030517578,11.029999732971191,9.800000190734863,10.869999885559082,1.7790222373984754,11.315543285979206,1.7790222373984754,0.4621089847052229,-0.8211692725788255,-9.867334101597313,-7.094016557579641,-2.42370241869434,-0.2683394845883553,11.987750133717622,-0.9960379943521792,13.033672108188536,-1.576216960110146,11.810507029625832,dev2023_24
2023-09-08,2023-09-11,0.890012,0.534691,1,10.869999885559082,10.970000267028809,10.079999923706056,10.779999732971191,-0.8279682937941568,8.256033073921511,-0.8279682937941568,0.9363242035391073,-0.3696854249650605,-5.189095501550911,-10.761591050871743,-5.438595669348034,-0.4037737019580936,10.525499447571379,-0.9256149050474503,11.98841428714081,-1.5817083148219877,11.661905272882048,dev2023_24
2023-09-11,2023-09-12,-0.015753,-0.581547,1,10.779999732971191,11.5,10.34000015258789,11.350000381469728,5.287575720017501,10.220262629294284,5.287575720017501,4.415827975751241,6.273408774803602,3.5583972807056163,-8.4677360432451,-1.4756950480794062,1.7237714757466087,11.328675508450313,0.10244296259773981,10.413666061289678,-0.5396539152698997,11.951564147134851,dev2023_24
2023-09-12,2023-09-13,0.384131,0.402711,1,11.350000381469728,12.020000457763672,10.710000038146973,11.6899995803833,2.995587554945489,11.206163102135424,2.995587554945489,8.441557235190157,7.543695523986127,8.040664603486514,-4.415371889329478,-2.58333683013916,1.4332165621261714,10.390609948579712,0.9281653621765394,10.054314679463772,0.09554919027686014,11.56187201613933,dev2023_24
2023-09-13,2023-09-14,0.164923,-0.12346,1,11.6899995803833,12.050000190734863,11.539999961853027,11.829999923706056,1.1976077703004018,4.311075504403427,1.1976077703004018,4.229070714570082,9.740261750873568,10.76778638267417,0.2542350210701594,-2.4732084740684224,1.1146670265879048,9.061815519146771,1.1998244048835796,9.82440551773183,0.38192065252935675,11.497128883379165,dev2023_24
2023-09-14,2023-09-15,0.443961,0.178107,-1,11.829999923706056,12.039999961853027,11.210000038146973,11.31999969482422,-4.311075504403428,7.332155000724522,-4.311075504403428,-3.165097509327275,-0.26432322147308396,4.139832695517942,-6.135992529393275,-7.516340633149365,-0.181883934061029,8.265137862095834,0.38122953129951553,10.12644399790673,-0.4845935736920973,11.634978287791034,dev2023_24
2023-09-15,2023-09-18,-0.292437,-0.112374,1,11.31999969482422,11.31999969482422,10.06999969482422,10.899999618530272,-3.710248123822679,11.467890309601193,-3.710248123822679,-7.861372030207403,-6.757912662192977,1.1131715077139948,-4.133687526468255,-10.214173720962927,-1.42807646414235,8.90750930923177,-0.5466700941813142,9.716504378401575,-1.1555309027885536,11.508208156982525,dev2023_24
2023-09-18,2023-09-20,-1.151823,-0.397132,-1,10.899999618530272,11.40999984741211,10.449999809265137,10.84000015258789,-0.5504538352494981,8.856088788133336,-0.5504538352494981,-4.240278755977334,-8.368552641613391,-4.493393936043177,-1.0948894629691175,-9.364547508250753,-1.0619016450325358,8.63467454099958,-0.65451080001809,9.981675024724947,-1.142721086596687,11.357367081437356,dev2023_24
2023-09-20,2023-09-21,-0.79919,-0.494946,-1,10.84000015258789,11.470000267028809,10.84000015258789,11.130000114440918,2.6752763631999965,5.660378328509695,2.6752763631999965,2.1100963666057293,-1.6784415680697884,-4.790414765130569,2.8650686539759107,-5.276594770715592,-0.1856211870357983,7.525517586274434,-0.022682310887464644,8.958063767427074,-0.5490185179258377,11.427620040416032,dev2023_24
2023-09-21,2023-09-22,-0.344944,-0.357562,-1,11.130000114440918,11.390000343322754,10.619999885559082,10.81999969482422,-2.785268790918327,7.116455448071814,-2.785268790918327,-0.18450606533335634,-0.7339442798699691,-8.53761821974236,1.3108556708616659,-7.757884764918033,-0.8411163885818724,8.086593575008113,-0.8741630934314677,8.574204547077441,-1.0166769552020098,11.109956033038886,dev2023_24
2023-09-22,2023-09-25,0.001525,-0.018548,-1,10.81999969482422,11.06999969482422,10.390000343322754,10.65999984741211,-1.4787416998601866,6.378980874624944,-1.4787416998601866,-4.222823559714017,-1.6605193970666954,-5.830387501811318,-1.9319230943687482,-8.88888870775416,-1.2331620361484632,7.895958749788197,-1.1700641709039965,8.080548305942015,-1.1757625773460183,10.557110207065277,dev2023_24
2023-09-25,2023-09-26,-0.050065,-0.091958,-1,10.65999984741211,11.3100004196167,10.270000457763672,10.899999618530272,2.251405014573482,9.541284387615955,2.251405014573482,0.7393708499300544,-2.066491406520521,0.0,1.1131715077139948,-9.768214508512752,0.17616440511677925,7.510637565391148,-0.6201970628562828,8.20907343731146,-0.6757213419256283,10.098743862226133,dev2023_24
2023-09-26,2023-09-27,0.263162,0.404338,1,10.899999618530272,11.289999961853027,9.25,11.1899995803833,2.6605502018552496,18.23056334541122,2.6605502018552496,4.971854977088563,3.419592384425574,3.228776963733271,-1.409698640606638,-9.758065123959959,1.1381276982098023,9.385532476846725,0.16007331336564742,9.010103508923153,-0.04170544551291245,9.711884785106415,dev2023_24
2023-09-27,2023-09-28,-0.978371,-1.205609,-1,11.1899995803833,11.81999969482422,9.390000343322754,11.59000015258789,3.57462544418512,20.966344430624364,3.57462544418512,6.330280350511219,8.72420561433267,4.132974244538712,-0.8554271290412752,-5.233028729381372,1.522806918547911,12.44672569726966,1.2681541206362539,9.986121641772048,0.9664253878407787,10.02021816061791,dev2023_24
2023-09-28,2023-09-29,0.587752,0.291606,-1,11.59000015258789,13.020000457763672,9.399999618530272,12.81999969482422,10.612592977073332,28.237136703637304,10.612592977073332,14.566578870104706,17.61468021549195,18.48428887624374,8.36855264161338,8.644063454255214,1.6332010414110085,16.670861948382758,2.556456472338847,12.378727761695433,2.9021135712012365,11.101566639713631,dev2023_24
2023-09-29,2023-10-03,-0.557839,-0.477261,-1,12.81999969482422,12.81999969482422,11.3100004196167,11.449999809265137,-10.686426818810224,13.187766815381574,-10.686426818810224,-1.2079408238100275,2.323505260336489,7.410881549353987,1.1484109359150896,-5.058048002712678,-0.19013767093931855,18.032619136534084,0.3487915876367193,12.96428894316114,0.48782792122492,11.545366470533935,dev2023_24
2023-10-03,2023-10-04,-0.474429,-0.052452,-1,11.449999809265137,12.40999984741211,10.779999732971191,11.789999961853027,2.969433696520829,13.825276672729792,2.969433696520829,-8.03431948120117,1.7256238708545535,8.16514105018622,8.16514105018622,3.6939321066078667,0.03507047906715881,18.88941759355685,0.7339800956778336,13.200027579474,1.0739436174346024,11.458265978937787,dev2023_24
2023-10-04,2023-10-05,0.564156,0.122427,1,11.789999961853027,12.220000267028809,11.119999885559082,11.65999984741211,-1.102630321132636,9.433965659217975,-1.102630321132636,1.8340614990844273,-9.048360959637424,4.2001812748299505,7.564572723999974,6.386859551357138,-0.3676559258006485,17.1300980563182,0.4138080869352629,13.257815266582464,0.7561648454686315,11.619745145653706,dev2023_24
2023-10-05,2023-10-06,0.551271,0.164618,1,11.65999984741211,11.65999984741211,10.84000015258789,10.9399995803833,-6.1749594892885895,7.495427114042802,-6.1749594892885895,-7.209502834774673,-4.454150544781255,-5.608287865806916,-1.7071027143215955,1.1090562748951038,-1.1494329474121026,14.435914593001892,-0.693001755062462,13.441320145135773,-0.602677368153144,11.199691956281423,dev2023_24
2023-10-06,2023-10-09,-0.718193,-0.138694,1,10.9399995803833,10.9399995803833,9.729999542236328,10.300000190734863,-5.850086052983327,11.747572968351996,-5.850086052983327,-11.663805098411661,-12.637826767931404,-19.656782871116206,-4.805910524545586,-3.5580534043314516,-1.5175028018620391,11.138001845944828,-1.4584231338733038,13.904431897163793,-1.6822018710187614,11.239318222120618,dev2023_24
2023-10-09,2023-10-10,0.90968,0.635043,-1,10.300000190734863,11.630000114440918,10.119999885559082,11.399999618530272,10.679605897336675,13.245616486051343,10.679605897336675,4.2047537092396725,-2.2298476182188276,-0.43668289578839836,6.941836601412432,4.875802562567633,0.2996434742776464,11.149571780078782,-0.006007614444849383,14.591095458306432,0.23840342790541422,11.335821882124224,dev2023_24
2023-10-10,2023-10-11,0.617069,0.224364,1,11.399999618530272,11.399999618530272,10.859999656677246,11.270000457763672,-1.1403435536549544,4.791481277012998,-1.1403435536549544,9.41747814627567,3.0164615177143306,-4.4105131956898465,3.3945032310312095,4.545461381541482,0.29787156879680426,9.342812700935422,-0.265247757124743,14.116115147246138,-0.041537679687264566,11.162594292278799,dev2023_24
2023-10-11,2023-10-12,-0.087576,-0.144784,-1,11.270000457763672,11.31999969482422,10.390000343322754,10.989999771118164,-2.4844780414593592,8.46223267397616,-2.4844780414593592,-3.5964900099265673,6.69902492821286,-5.746141381319569,-1.787308460813064,-3.1718114383441742,0.023494937250799156,9.14846610388706,-0.6566848124344702,13.139282080102632,-0.5214266017557239,11.074692794512892,dev2023_24
2023-10-12,2023-10-13,-0.216985,0.49098,1,10.989999771118164,11.119999885559082,10.56999969482422,10.619999885559082,-3.3666960260676726,5.178909573085246,-3.3666960260676726,-5.767529244036695,-6.842103149752122,-2.9250430264916583,-8.369286059174218,-9.153120044758245,-0.6489764483036042,8.68516259569555,-1.0073329051919253,11.560538594348719,-1.0826696958887458,10.773330118060382,dev2023_24
2023-10-13,2023-10-16,-0.097716,-0.027866,-1,10.619999885559082,11.029999732971191,10.399999618530272,10.619999885559082,0.0,5.932204531353946,0.0,-3.3666960260676726,-5.767529244036695,3.1067930961017565,-17.160685348170002,-10.228233693579858,-0.9986524249010527,7.522088908295939,-0.985809140639244,9.330045377120383,-0.9806483172777352,10.85438656940791,dev2023_24
2023-10-16,2023-10-17,0.404171,-0.159752,1,10.619999885559082,11.149999618530272,9.149999618530272,11.06999969482422,4.237286385257333,18.066847833203646,4.237286385257333,4.237286385257333,0.7279338068440833,-2.894736269724507,-3.3187783473448307,-2.208480624909437,0.5433517261578736,8.4863351777264,0.008408612523719645,9.817953478902592,-0.14176891560087543,11.391121211031864,dev2023_24
2023-10-17,2023-10-18,-0.708679,-0.753515,1,11.06999969482422,11.06999969482422,10.43000030517578,10.699999809265137,-3.3423658153493685,5.981302813615614,-3.3423658153493685,0.7532949582686577,0.7532949582686577,-5.057680792780039,-9.24512430970844,-1.8348606996749783,-0.4665061754628144,8.724299485046924,-0.6238450311477469,9.033556092991173,-0.7867568585127398,11.116791836232586,dev2023_24
2023-10-18,2023-10-19,-0.235879,0.406749,1,10.699999809265137,11.170000076293944,10.489999771118164,10.970000267028809,2.5233688091272466,6.198726423184997,2.5233688091272466,-0.9033372226935676,3.2956721774136,-0.18197911288327928,-5.917663717092103,1.1992630314666686,0.8282913516197505,8.271598234888689,0.24777154015938244,8.710032169387876,-0.3150922859750818,10.983923717985169,dev2023_24
2023-10-19,2023-10-20,-0.418096,0.002559,-1,10.970000267028809,11.210000038146973,10.050000190734863,10.899999618530272,-0.6381098158122156,10.642200807420952,-0.6381098158122156,1.8691571292548614,-1.5356827550178975,2.636532353940324,-0.3656303783114767,-2.066491406520521,0.2559486872871561,9.364256481755831,0.04841138491246254,9.02470953872569,-0.4186862662428829,11.233014841930732,dev2023_24
2023-10-20,2023-10-23,-1.335029,-1.228639,-1,10.899999618530272,11.09000015258789,10.06999969482422,10.81999969482422,-0.7339442798699691,9.426991557602266,-0.7339442798699691,-1.3673707251897427,1.121494277552948,1.8832373956716886,5.048538781165379,0.0,-0.5094998734059834,10.063213887005496,-0.44230360167960137,8.792651397650717,-0.562440927956105,11.348541647407256,dev2023_24
2023-10-23,2023-10-25,-0.827726,-0.851893,-1,10.81999969482422,11.359999656677246,8.819999694824219,10.90999984741211,0.8317944096702723,23.281393193195363,0.8317944096702723,0.09174522231025772,-0.5469500287710538,-1.4453464482652056,-4.298243750128606,2.345215793419464,0.48001481647501876,11.106122959003839,0.1118721552518713,9.796229068365118,-0.42969488072673956,12.193662263335776,dev2023_24
2023-10-25,2023-10-26,-1.385304,-0.893455,-1,10.90999984741211,12.18000030517578,9.970000267028809,11.3100004196167,3.666366432621637,19.54022949737316,3.666366432621637,4.5286574733165,3.761475370966205,5.700940385282638,0.35492422562832804,3.761475370966205,1.7175361427437932,13.817908295755348,1.9571714383428924,11.271103890401136,0.26370754155273723,12.693609518823637,dev2023_24
2023-10-26,2023-10-27,1.00757,0.626032,-1,11.3100004196167,12.699999809265137,11.3100004196167,11.729999542236328,3.713519956119171,11.849952633360749,3.713519956119171,7.516037637880668,8.410350028451564,6.927978639086785,6.733392052135345,4.825737105474759,1.552219397430914,14.948153537790498,2.237719323660265,11.609875886339594,0.9581227339249809,12.374578983221111,dev2023_24
2023-10-27,2023-10-30,0.491672,0.459236,1,11.729999542236328,12.3100004196167,10.670000076293944,10.90999984741211,-6.990620007031012,15.032084017047623,-6.990620007031012,-3.5366981199293934,0.0,0.09174522231025772,2.730696468719973,-5.867129389329184,-0.590902778588863,15.826130179715832,-0.2616722795855841,12.595193330735832,-0.44806323929177316,12.077865962542274,dev2023_24
2023-10-30,2023-10-31,-0.320257,-0.79733,1,10.90999984741211,12.1899995803833,10.90999984741211,11.489999771118164,5.316223023079436,11.140119742984352,5.316223023079436,-2.0460339342213474,1.5915061434415456,6.192237478661289,8.19208940615992,-10.374414628441942,0.6097012350622951,16.16875581679225,1.2536799475178624,13.115984851898872,0.9793623690176458,11.223015114509627,dev2023_24
2023-10-31,2023-11-01,-0.474067,-0.392886,-1,11.489999771118164,12.289999961853027,11.260000228881836,11.829999923706056,2.959096252051574,8.706675736380877,2.959096252051574,8.432631431357663,0.852518204366981,8.432631431357663,6.865404244204032,3.318778347344864,1.0276142868805094,13.253812325429351,1.670358764948066,12.179967642216596,1.6648389659888283,10.998960560559592,dev2023_24
2023-11-01,2023-11-02,0.758854,0.069299,-1,11.829999923706056,12.199999809265137,11.829999923706056,12.050000190734863,1.8596810519664553,3.0705384207675768,1.8596810519664553,4.873807056326873,10.44913253223525,6.54288013848936,12.616826219947775,2.205260642265272,1.0274586583237673,9.959874110108235,1.6640890006289828,11.888891202931791,2.0282943264303235,10.461223647961482,dev2023_24
2023-11-02,2023-11-03,0.5088,-0.054051,-1,12.050000190734863,12.050000190734863,10.949999809265137,11.079999923706056,-8.049794619709893,9.927801345162795,-8.049794619709893,-6.339814073008398,-3.568319021578259,-5.541343937736842,1.0027315770252176,-4.974270422780336,-0.8120623693081632,9.575443852468643,-0.4976197571177205,12.261798695129572,-0.03534320545585377,10.485915432258723,dev2023_24
2023-11-03,2023-11-06,0.941988,0.340642,1,11.079999923706056,11.079999923706056,10.640000343322754,10.880000114440918,-1.8050524426198922,4.044113747749831,-1.8050524426198922,-9.709544047920826,-8.030429546845896,-0.2749746415285914,-0.18348169531450242,-0.5484412088092694,-1.1921257661254185,7.377849798609086,-0.9351985234933816,11.60198998916246,-0.48308710041921965,10.313349763944075,dev2023_24
2023-11-06,2023-11-07,-0.026015,0.013657,1,10.880000114440918,11.279999732971191,10.380000114440918,11.109999656677246,2.1139663586129176,8.100806897769457,2.1139663586129176,0.27075571460071224,-7.8008341840556605,-3.3072247346436434,2.680221534495497,7.864072339251016,-0.5429482586559503,6.769987229566107,-0.518449588422341,11.46937152317918,-0.057730647764090856,10.131011460414948,dev2023_24
2023-11-07,2023-11-08,0.189625,-0.031363,1,11.109999656677246,12.18000030517578,11.0,11.1899995803833,0.7200713427382821,10.545132702635543,0.7200713427382821,2.8492597672947095,0.992776691648678,-5.4099775777704195,2.5664503839347708,-1.8421056594214558,-0.15822521158709052,7.13767862281704,-0.4176924386782274,10.195745474123196,0.1714326195562884,9.995987271244157,dev2023_24
2023-11-08,2023-11-09,-0.247898,-0.319159,-1,11.1899995803833,11.329999923706056,10.630000114440918,11.039999961853027,-1.3404792149700473,6.3405780043829445,-1.3404792149700473,-0.6300602789141241,1.4705868173635617,-8.381744505352096,-2.387271863362339,-2.040820643908692,-0.17440759873309003,7.791686539540114,-0.7017786258362759,8.875780324824174,-0.18086332283516404,10.073442107612655,dev2023_24
2023-11-09,2023-11-10,0.154934,0.379809,1,11.039999961853027,11.25,10.369999885559082,10.979999542236328,-0.5434820636233795,8.014573325398207,-0.5434820636233795,-1.8766760144934613,-1.1701180779315923,-0.9025305248944404,-6.393862142103823,-0.09099389526937562,-0.5044002396860539,7.409040935587197,-0.6863781103288682,8.492242394027922,-0.33229043338582515,10.051059140183757,dev2023_24
2023-11-10,2023-11-13,0.093692,-0.221689,1,10.979999542236328,11.359999656677246,9.859999656677246,11.109999656677246,1.1839719477296118,13.5013505522341,1.1839719477296118,0.6340552089319829,-0.7149233843252278,2.1139663586129176,1.8331788456676934,4.613933864391639,0.30165403668641416,9.300488296484051,-0.42816038380635485,8.33916904754657,-0.06659212951851129,10.467181189141199,dev2023_24
2023-11-13,2023-11-15,1.192683,0.122383,-1,11.350000381469728,11.630000114440918,10.5,11.1899995803833,-1.409698640606638,10.098303456792543,0.7200713427382821,1.9125687331695618,1.3586922015269343,0.7200713427382821,-2.6109677694594824,5.367228822660297,0.9505874580603456,9.699987608288668,-0.1470389904200546,8.234987418927387,0.07456966542405266,10.67548613541313,dev2023_24
2023-11-15,2023-11-16,0.456152,0.459982,1,11.1899995803833,11.420000076293944,8.399999618530273,11.140000343322754,-0.4468207232840138,27.10951853402625,-0.4468207232840138,0.27003319147249627,1.4572022564386833,-0.4468207232840138,-5.832625400111935,0.6323455323242966,0.5791182848042562,13.012864774566811,-0.11522342987651073,10.075271698691925,-0.07610991120999021,11.12761967045426,dev2023_24
2023-11-16,2023-11-17,-0.168984,0.289966,1,11.140000343322754,11.8100004196167,10.619999885559082,11.649999618530272,4.578090300627391,10.214597193332303,4.578090300627391,4.11081372114952,4.860485855447161,5.525359228125004,-3.3195067707314063,8.878503048593789,1.7045037630723936,13.78766861235668,2.5178474849261354,10.789677575948398,1.2354010705169314,11.339284389440094,dev2023_24
2023-11-17,2023-11-20,-0.191569,-0.188281,-1,11.649999618530272,12.09000015258789,10.1899995803833,11.829999923706056,1.54506704780899,16.060867155182237,1.54506704780899,6.193891913090321,5.719395597160815,7.741351702247945,6.7689531152012705,7.8395591225466355,1.3418166160296705,15.396927378313487,2.0801812433050952,11.402984156950343,1.53493275514776,11.832391426039957,dev2023_24
2023-11-20,2023-11-21,0.453945,0.063224,-1,11.829999923706056,12.670000076293944,11.199999809265137,12.149999618530272,2.704984758139939,12.098768009727937,2.704984758139939,4.291845634095215,9.066420503415017,9.360936039525193,11.672789436864939,11.467890309601202,1.299714472333563,15.116410869812253,2.0542874477951574,12.208449583148152,2.0118620606276525,11.905219786155305,dev2023_24
2023-11-21,2023-11-22,0.143807,0.14077,1,12.149999618530272,12.4399995803833,10.760000228881836,12.229999542236328,0.6584356067307784,13.736708212454005,0.6584356067307784,3.3812309476749514,4.978540280666777,9.294012518786921,10.081007382263497,13.031422247512502,0.9823601075599151,15.844091820944547,1.6448407075491998,12.772039714616607,1.8991726737519237,12.120705618897892,dev2023_24
2023-11-22,2023-11-23,-0.049718,-0.133394,1,12.229999542236328,12.710000038146973,11.020000457763672,11.869999885559082,-2.943578660277024,14.237570317412866,-2.943578660277024,-2.3045246235576466,0.33812309476748403,6.552957986880892,6.076857289323412,8.799267200491201,-0.31754938437990693,13.26970217762187,0.7301437798300624,13.141283476094339,0.982412193890535,11.668514475108768,dev2023_24
2023-11-23,2023-11-24,-0.036865,-0.075216,1,11.869999885559082,12.140000343322754,10.979999542236328,11.31999969482422,-4.633531558867043,10.247357176315177,-4.633531558867043,-7.440718572960048,-6.831275306710271,-2.832617463619136,2.536229474082319,0.08841091809490553,-1.565859741618587,13.276254174218446,-0.4963787673626329,13.531961393287563,-0.27102345812472073,11.203870859055868,dev2023_24
2023-11-24,2023-11-28,0.479926,0.227013,-1,11.31999969482422,11.470000267028809,8.680000305175781,11.329999923706056,0.08834124692078671,24.624889502562457,0.08834124692078671,-4.549283631501833,-7.358950549606491,-4.226542715338932,3.1876174504688715,-3.410056557035568,-1.031285619469092,14.989058643694488,-0.5985012501659523,15.192993011003987,-0.204971081141143,11.842617702515955,dev2023_24
2023-11-28,2023-11-29,1.040237,0.600955,1,11.329999923706056,12.489999771118164,11.06999969482422,12.18000030517578,7.502209948750704,11.658456820321486,7.502209948750704,7.597178741486821,2.611629508049451,0.24691923940272087,9.630969230997689,11.640700967240791,0.8896611791335474,14.9009964058132,1.1587701340131307,15.008703637812726,1.5552495535926012,11.673936342679648,dev2023_24
2023-11-29,2023-11-30,0.181872,0.122585,1,12.18000030517578,14.460000038146973,11.329999923706056,12.710000038146973,4.351393429325068,24.6262793473386,4.351393429325068,12.180054048839883,12.27915530738304,3.9247793448639268,13.583561347297257,10.617931169115092,1.4020409778211116,17.07891063279012,1.7663765190957517,16.461501226867334,2.218311522806937,12.34824432289736,dev2023_24
2023-11-30,2023-12-01,0.669294,0.365453,-1,12.710000038146973,13.350000381469728,11.760000228881836,12.6899995803833,-0.1573600134039621,12.529552444160652,-0.1573600134039621,4.18718606263746,12.003527500752064,6.908169357455707,13.91381677999326,7.2696505682463775,0.9311546572980083,16.737307058139674,1.4141876134870106,15.003504617880774,1.8940622787955268,12.539388158286348,dev2023_24
2023-12-01,2023-12-04,2.066815,0.411854,1,12.6899995803833,12.760000228881836,11.779999732971191,12.380000114440918,-2.4428642726008643,7.915997470529114,-2.4428642726008643,-2.5963801944580145,1.6420345176851203,9.363961556477385,6.266098882522897,2.738588535125408,0.21625315303071216,16.27103511698246,0.6375047171430713,14.773644645600452,1.2932413894774657,12.781661110774426,dev2023_24
2023-12-04,2023-12-05,0.813562,0.22202,1,12.380000114440918,13.15999984741211,11.34000015258789,12.989999771118164,4.927299281408715,14.010775418724702,4.927299281408715,2.3640677750581984,2.2029876642865265,14.651366801325793,9.805577809747845,17.23826588956552,1.2703217368480504,14.148212300214912,1.443638041315875,14.568635471954702,1.9509274314244454,12.98580981445252,dev2023_24
2023-12-05,2023-12-06,0.396066,-0.062289,-1,12.989999771118164,13.880000114440918,11.479999542236328,13.460000038146973,3.6181699408017076,17.830613413096216,3.6181699408017076,8.723747283703709,6.067773705477264,10.509028743022842,10.781896796266444,23.713234343459668,1.5141815015676123,15.382643618769857,1.6645218684784349,15.141820012291529,2.2037340389045936,13.67513479771984,dev2023_24
2023-12-06,2023-12-07,-0.174565,-0.14929,-1,13.460000038146973,14.09000015258789,12.6899995803833,13.739999771118164,2.080235751691273,10.189232864089469,2.080235751691273,5.7736721571584715,10.985457545277777,8.103853106843562,12.346690804582995,23.672368998321748,1.242577762205182,12.49523432212003,1.5534647328722202,14.787072477455075,2.1348440952332917,13.779556096035838,dev2023_24
2023-12-07,2023-12-08,0.326537,0.168624,1,13.739999771118164,13.739999771118164,12.550000190734863,12.670000076293944,-7.787479713597866,9.392261824921656,-7.787479713597866,-5.86924189906457,-2.463431104407754,-0.15760051024961141,6.739681537049824,13.226099655134638,-0.6786124903198245,11.867776198272232,0.15504206398057274,14.302541628205953,0.7692612001371086,13.721912552150147,dev2023_24
2023-12-08,2023-12-11,0.132097,0.151679,-1,12.670000076293944,12.880000114440918,12.140000343322754,12.470000267028809,-1.5785304503615816,5.934240218701148,-1.5785304503615816,-9.243082425364568,-7.3551245788440305,0.726980224199747,10.15901592939439,12.952901359754708,-1.122671153010707,11.471424747906639,-0.2868345623827492,13.87122993244455,0.4574232228439381,13.701595662866058,dev2023_24
2023-12-11,2023-12-12,-0.431964,-0.533576,-1,12.470000267028809,13.119999885559082,12.229999542236328,12.760000228881836,2.3255810396395793,6.974924195598897,2.3255810396395793,0.7103405844194555,-7.132456758087525,-1.770589270892109,12.621362001810365,16.211300189935795,-0.4737855344064332,10.064254503281477,-0.09397987900676122,12.106233401748195,0.7399119867993237,13.649613206376092,dev2023_24
2023-12-12,2023-12-13,0.095425,-0.016245,-1,12.760000228881836,12.869999885559082,11.6899995803833,12.710000038146973,-0.391851017539091,9.284030697358022,-0.391851017539091,1.9246172091329727,0.31570609007234296,-5.572065363108658,4.351393429325068,14.401444022620712,-0.3208677052350045,8.354937960133839,-0.34526033273381146,11.868790789451847,0.5986151290882871,13.438747213632288,dev2023_24
2023-12-13,2023-12-14,1.225011,0.342485,1,12.710000038146973,12.81999969482422,11.539999961853027,12.06999969482422,-5.035407878850484,10.604803358197882,-5.035407878850484,-5.407527599379048,-3.207702996303907,-12.154294789759224,-5.035407878850484,7.864165750136487,-1.6477650859466484,8.43805205895552,-1.460438084106367,10.466643190537777,-0.36099243627240124,13.464072208702552,dev2023_24
2023-12-14,2023-12-15,1.293272,0.794835,1,12.06999969482422,12.510000228881836,11.0,12.31999969482422,2.0712510879946633,12.256495667903346,2.0712510879946633,-3.0684527313314724,-3.4482799856201285,-2.7624339334029413,-2.9156808336782025,10.59245345722768,-0.512897371063332,9.01089882755186,-0.8441379379298897,10.439337512912045,-0.09007816431579634,12.72142106539641,dev2023_24
2023-12-15,2023-12-18,-0.177101,-0.075345,1,12.31999969482422,13.34000015258789,10.800000190734863,13.130000114440918,6.574678893514818,19.345010965075545,6.574678893514818,8.782108089623563,3.3044852480990095,5.292701148990164,6.05815826386904,12.703867333665709,1.2923052994641078,11.693052976826738,0.5828394002691027,11.582238862366689,1.0884019480808758,13.177941753983571,dev2023_24
2023-12-18,2023-12-19,0.160841,-0.114305,-1,13.130000114440918,14.119999885559082,13.130000114440918,13.899999618530272,5.864428769063568,7.122300707104929,5.864428769063568,12.82467502308322,15.16155733202529,8.93416433542129,7.005387709362343,17.497884261826215,1.4868983820015722,11.722528279127946,1.5929320036405485,10.89339139120471,1.9658447190574613,12.731013431579704,dev2023_24
2023-12-19,2023-12-20,-1.41215,-1.825841,1,13.899999618530272,14.119999885559082,13.550000190734863,13.869999885559082,-0.2158254229819967,4.109586874745982,-0.2158254229819967,5.635946417885274,12.581170690986587,9.126670683954053,3.0460612648598007,14.156381243054472,0.9545875807676584,10.687639514605538,1.3628829765699138,9.521288737369687,1.668298609834328,12.331554374830606,dev2023_24
2023-12-20,2023-12-21,0.495978,1.051158,-1,13.869999885559082,14.869999885559082,12.779999732971191,14.449999809265137,4.181686578886912,14.463669066956056,4.181686578886912,3.9568360131582603,10.053310611722143,19.718311305852755,5.167394832417771,18.15208789961138,1.1102173901422216,11.459412656357172,1.804692605547272,9.948732357656345,2.039175848137864,12.36790241755571,dev2023_24
2023-12-21,2023-12-22,0.443895,0.251457,1,14.449999809265137,15.010000228881836,12.279999732971191,13.760000228881836,-4.77508366429793,19.840119553053885,-4.77508366429793,-0.7930761181315749,-1.0071898812270552,11.688316312723423,8.603000363254342,15.922496727418745,-0.1317741867293869,12.97613743338728,0.7669149439677498,10.99351813046957,1.0949776929100696,12.648029879337761,dev2023_24
2023-12-22,2023-12-26,0.430691,0.356421,-1,13.760000228881836,13.989999771118164,12.229999542236328,13.710000038146973,-0.3633734731334881,12.837346637379845,-0.3633734731334881,-5.121105750075417,-1.1535677630300167,4.417364193836892,9.943863228269322,21.113077807020787,-0.7687187471132305,11.67460456784814,0.5644466031814581,11.683828772337439,0.962318736416852,12.777529352390996,dev2023_24
2023-12-26,2023-12-27,0.995273,0.730778,1,13.710000038146973,14.949999809265137,13.710000038146973,14.68000030517578,7.075129572063155,8.44686475027506,7.075129572063155,6.68604695487498,1.5916989546475246,5.61151588526434,15.04702227158341,29.56752342478335,1.327608003843375,11.939517376482165,1.3947743907441594,11.831022827805056,2.025145026746172,11.968628114776624,dev2023_24
2023-12-27,2023-12-28,0.572392,0.293346,1,14.68000030517578,15.729999542236328,14.470000267028809,15.5600004196167,5.9945510636716826,8.0976814988965,5.9945510636716826,13.493802890753104,13.081396517397703,12.184574967568551,22.42329168305208,27.750410753311883,1.4852781749287196,12.73713630131227,1.7286978613576978,11.712387907958902,2.4998265379051405,11.790589348705376,dev2023_24
2023-12-28,2023-12-29,-0.217185,-0.028752,-1,15.5600004196167,16.469999313354492,14.960000038146973,15.140000343322754,-2.699229209302889,9.973574907304936,-2.699229209302889,3.133515181091595,10.430345012377252,4.775090264120263,25.43496873338771,19.118806434953072,0.6921431941072336,11.839117469382046,1.1455129028909952,11.649265062869608,1.7522320763577903,11.057954126703693,dev2023_24
2023-12-29,2024-01-01,0.048317,0.065124,1,15.140000343322754,15.43000030517578,14.369999885559082,14.5,-4.227214853433048,7.310347721494464,-4.227214853433048,-6.812341844672076,-1.2261600915111415,5.3779052239034675,17.694808110195194,14.26320314789189,-0.31205994267471054,9.333163103070161,0.3134872687825761,11.15465026822872,0.9943162408725653,10.796993890570382,dev2023_24
2024-01-02,2024-01-03,-0.685181,-0.663632,-1,14.68000030517578,15.079999923706056,14.239999771118164,14.579999923706056,-0.6812014944881595,5.761317949131887,0.5517236117658975,-3.6988137841336033,-6.298203531377434,6.345732189193143,11.043410484592208,17.770596033346564,-0.6960544529973127,7.91795736542057,0.2672414821002619,9.796280966634354,0.974274409377366,10.689259914500521,dev2023_24
2024-01-03,2024-01-04,0.656447,0.244379,1,14.579999923706056,14.779999732971191,14.020000457763672,14.100000381469728,-3.2921779475175605,5.390065635787594,-3.2921779475175605,-2.758618058829465,-6.869220199930181,-3.950953076626018,1.438854449124105,8.545039491221008,-1.177335441519721,7.306597542523076,-0.5565449661185805,9.623057459502622,0.4316123512904077,10.258224425353665,dev2023_24
2024-01-04,2024-01-05,0.241013,0.023266,1,14.100000381469728,14.210000038146973,13.210000038146973,13.329999923706056,-5.460996006607266,7.501875511804027,-5.460996006607266,-8.573388247880498,-8.068966043406512,-14.33162233787122,-3.8932946381293965,-0.9658255131685167,-1.4905464572692764,7.187436345104581,-1.5508348359293143,9.962286323208426,-0.3504266065943861,9.741787530289056,dev2023_24
2024-01-05,2024-01-08,-0.911067,-1.07874,-1,13.329999923706056,13.470000267028809,12.489999771118164,12.630000114440918,-5.2513114273936345,7.759307102381808,-5.2513114273936345,-10.425533526656427,-13.37448435849835,-16.578600871623028,-12.595153763650991,-8.078600255951196,-1.4385059410162708,6.744582784119956,-1.7966838478651743,9.291850126751001,-0.9825927277235539,9.620291242203674,dev2023_24
2024-01-08,2024-01-09,0.14805,-0.502226,-1,12.630000114440918,13.600000381469728,12.630000114440918,13.460000038146973,6.5716541265668615,7.206539853489849,6.5716541265668615,0.9752446750560306,-4.5390094043107005,-7.172413530020883,-2.180233908028373,6.235200924198492,-0.21372318962493375,6.7238212105190325,-0.7922521579738605,8.028492156794597,-0.20040120408242867,9.511005143632083,dev2023_24
2024-01-09,2024-01-10,0.342773,0.415248,1,13.460000038146973,13.510000228881836,12.779999732971191,13.260000228881836,-1.485882679779471,5.50528267956299,-1.485882679779471,4.988124376345704,-0.5251289964355754,-9.053495896649444,-3.282274310817279,6.335204049207754,-0.18295487183741865,6.6726141566052535,-0.9278920267209377,7.295285761012911,-0.46112810986586306,9.489557266675176,dev2023_24
2024-01-10,2024-01-11,0.13183,-0.188122,1,13.260000228881836,14.5600004196167,12.8100004196167,12.970000267028809,-2.187028332181873,13.49267512699052,-2.187028332181873,-3.6404143367715913,2.6920043508086744,-8.014184991980356,-11.64850138009922,1.6457682945149488,-0.48165211471969255,8.293136054845839,-1.0095164334711773,7.799866798684457,-0.7871275065311942,9.815444813244756,dev2023_24
2024-01-11,2024-01-12,1.142642,0.55572,-1,12.970000267028809,13.1899995803833,12.630000114440918,12.770000457763672,-1.542018543928314,4.385273655976453,-1.542018543928314,-3.695322493666986,-5.126297016551062,-4.201046280176513,-17.930590530933642,0.47207253687346906,-0.7248172970819056,7.669815683680325,-1.0578874382487014,7.428626014392454,-1.0076060364425352,9.570506961175678,dev2023_24
2024-01-12,2024-01-15,0.926715,0.200878,1,12.770000457763672,13.289999961853027,12.420000076293944,13.100000381469728,2.5841809857213294,6.641220307059838,2.5841809857213294,1.0023138917845342,-1.2066353291880771,3.7213005761687956,-13.474239865210658,8.533560171399056,-0.045332696947774816,7.44619832461593,-0.5330502328460445,7.095390554367944,-0.7659820020454906,9.372327808618774,dev2023_24
2024-01-15,2024-01-16,-0.29483,-0.218292,1,13.100000381469728,13.890000343322754,11.789999961853027,13.789999961853027,5.267172215959026,15.228429204343083,5.267172215959026,7.987466464570359,6.322279706568312,2.451708192948021,-4.896551987220499,11.931820644820078,1.5840363586743806,9.050576194786576,0.643061511243971,7.887198702652805,-0.05607642261200305,9.520924485440762,dev2023_24
2024-01-16,2024-01-17,-2.089432,-0.34785,-1,13.789999961853027,14.039999961853027,12.489999771118164,13.56999969482422,-1.595360896572795,11.422256636645718,-1.595360896572795,3.5877809134976735,6.26467665139494,2.3378541522734553,-6.927299274121712,3.3511011161330595,0.7752370455970756,10.233970986203122,0.598357934852783,8.453292571404187,-0.36779446002945665,9.124786769019272,dev2023_24
2024-01-17,2024-01-18,-0.508531,0.224384,-1,13.56999969482422,15.229999542236328,12.720000267028809,15.079999923706056,11.127489040827099,16.644557612110802,11.127489040827099,9.354604535326526,15.114499882283106,16.268308506061512,6.950351175339309,8.489211061579539,1.598646288053958,10.86434748322718,2.437413551853146,9.578741769036508,1.4102820602932211,9.600899614269565,dev2023_24
2024-01-18,2024-01-19,0.746194,0.03331,-1,15.079999923706056,15.710000038146973,12.979999542236328,14.06999969482422,-6.697614283764652,19.402989020070134,-6.697614283764652,3.6845984616396654,2.0304549220141466,10.180103292558606,5.551386161691929,1.441959703787532,0.20048172492239985,13.867890556045916,0.8310561264776638,10.768853119863119,0.17486445207943244,10.365569721535774,dev2023_24
2024-01-19,2024-01-23,-1.774086,-2.200611,-1,14.06999969482422,14.109999656677246,13.68000030517578,13.880000114440918,-1.3503879495690096,3.0979780112111825,-1.3503879495690096,-7.957558457137093,2.2844541384546613,5.954196261509415,9.89707037746399,-3.944634618325349,-0.3365756345631518,13.159242096876184,0.4276364993770217,10.302720210746056,-0.020805604537637943,9.797285168748529,dev2023_24
2024-01-23,2024-01-24,1.013005,1.268335,1,13.800000190734863,15.40999984741211,12.199999809265137,14.850000381469728,7.608696929148029,21.61616131776337,6.98847448869695,5.543715021773865,-1.5251959111403202,7.6867325783100515,10.326897023650506,7.921512605065328,0.8660085898268866,14.436788519560242,1.445976012594985,11.743682357173409,1.0653347353815803,9.886087256984002,dev2023_24
2024-01-24,2024-01-25,-0.472407,-0.475423,1,14.850000381469728,15.649999618530272,14.029999732971191,14.380000114440918,-3.164984881854216,11.265645846081862,-3.164984881854216,3.602305445803222,2.203272397587419,5.969052600094327,8.446454496430489,4.88694437950199,-0.14181293149358962,14.40546636144747,0.6875955459894523,12.319718673825296,0.46657213549166693,9.807502217419103,dev2023_24
2024-01-25,2024-01-29,1.803059,1.4207,1,14.380000114440918,15.34000015258789,13.359999656677246,13.869999885559082,-3.546594053011687,14.275418257012,-3.546594053011687,-6.599329769267348,-0.07204775792063467,-8.02387297260414,6.939087124139642,-5.517713915381273,-0.8230491486447828,13.93163849042771,-0.09251513555940583,12.397992986827443,-0.08966962665230664,10.098929892755951,dev2023_24
2024-01-29,2024-01-30,-0.99137,-1.164828,1,13.869999885559082,15.850000381469728,13.800000190734863,15.68000030517578,13.049750789841031,13.073980553802569,13.049750789841031,9.040335051383996,5.589224931884518,11.442790655808,22.78778185667909,0.7712074699419258,1.5121371152572423,12.665836797174197,1.8731097226031277,13.266863676610054,2.0505112755061905,10.347744845501254,dev2023_24
2024-01-30,2024-01-31,0.946004,1.109728,-1,15.68000030517578,16.579999923706055,14.989999771118164,16.100000381469727,2.678571863007617,9.875777111271992,2.678571863007617,16.07786960569795,11.961058785399615,15.994238103205017,22.90076269191237,6.340819130630759,1.2276053924490349,14.021396617186358,1.8158584282057457,13.590319357031271,2.243156557726799,10.342854955699606,dev2023_24
2024-01-31,2024-02-01,-0.13003,-0.38199,1,16.100000381469727,16.530000686645508,15.800000190734863,16.049999237060547,-0.3105661069842447,4.548289910351045,-0.3105661069842447,2.359687019665646,15.717371084993292,8.080800166767755,16.388682244084897,10.6896499107624,0.8136171706846771,10.607822335703892,1.3740267006808566,12.522305427632068,1.8998020805962843,10.204752065142436,dev2023_24
2024-02-01,2024-02-02,0.720592,0.188193,-1,16.049999237060547,16.110000610351562,14.359999656677246,14.460000038146973,-9.906537535791015,12.102357877300369,-9.906537535791015,-10.18633729481342,-7.780613796455727,0.5563276986744636,6.558587791731574,-0.8230444868793985,-0.7649302299443111,10.775164741947595,-0.44519171306856775,12.590315551697532,0.37632630938770856,10.52180406155086,dev2023_24
2024-02-02,2024-02-05,-0.375678,-0.681309,-1,14.460000038146973,15.130000114440918,14.029999732971191,14.699999809265137,1.6597494501038756,7.4829958894041395,1.6597494501038756,-8.41121178796177,-8.695655521945945,5.9841379275728634,-2.5198946708451353,4.255314975621771,-0.9078575184154967,9.416680268426022,-0.12167264921163934,11.674159379426866,0.5736743510773105,10.626450574231688,dev2023_24
2024-02-05,2024-02-06,0.724335,0.47743,-1,14.699999809265137,16.049999237060547,14.699999809265137,15.619999885559082,6.258504001572063,8.642762085059324,6.258504001572063,8.022128937426753,-2.6791238127199857,-0.382655729903858,11.016348431798772,17.179294635857367,0.3063657052134552,8.530436574677376,0.7800625518530544,10.598136685925786,1.2991194425377017,10.683494902894452,dev2023_24
2024-02-06,2024-02-07,0.005016,-0.519618,1,15.619999885559082,15.979999542236328,15.09000015258789,15.789999961853027,1.0883487678582604,5.636474932226612,1.0883487678582604,7.414967120617799,9.197786446731527,-1.9254683992026123,13.760805703631963,25.01979270609049,0.6644075220245196,7.682576138868299,0.809629431986064,10.851986378027329,1.3260387574519743,10.577353294386693,dev2023_24
2024-02-07,2024-02-08,-0.969198,-1.325328,1,15.789999961853027,16.020000457763672,14.739999771118164,15.510000228881836,-1.7732725373504787,8.252744472962442,-1.7732725373504787,-0.7042231593032411,5.510207007663848,-3.3644799616676435,4.444443302746803,15.230313409546504,0.4939750347113194,8.423467051390578,0.37205485197400545,9.515644693547236,0.9626676374769259,10.629663525360323,dev2023_24
2024-02-08,2024-02-09,0.29722,0.255443,-1,15.510000228881836,16.030000686645508,15.239999771118164,15.829999923706056,2.0631830438553767,4.99053012845746,2.0631830438553767,0.253324648192943,1.3444304717384892,9.474411355082179,10.08344782841133,19.381596157339875,0.7388684221149379,7.001101501621996,0.623783283508855,8.888133121784795,1.1400172931516785,10.603925897805045,dev2023_24
2024-02-09,2024-02-12,-0.764146,-0.847446,1,15.829999923706056,16.329999923706055,15.270000457763672,15.449999809265137,-2.4005061040578646,6.860838051963708,-2.4005061040578646,-0.3868498951081212,-2.153262529507882,5.102040882526326,11.39149197363074,19.121044650559995,-1.1354682067796158,6.8766699341339095,-0.12781483154443418,8.146675101279966,0.7089579531911169,10.272334044053704,dev2023_24
2024-02-12,2024-02-13,0.588452,0.364424,-1,15.449999809265137,16.540000915527344,15.449999809265137,16.059999465942383,3.9482178913130994,6.78705568187419,3.9482178913130994,1.4529345757727574,3.5460943194338013,2.816898742682361,2.4234639883340403,25.763499532049885,1.329915793609184,6.505528653496883,0.8899265303567554,7.517982614087129,1.2299101218980057,10.392423145348591,dev2023_24
2024-02-13,2024-02-14,0.445196,1.213728,1,16.059999465942383,16.56999969482422,15.75,15.8100004196167,-1.556656629135289,5.186588697409402,-1.556656629135289,2.330101066639978,-0.12633925575329386,0.1266653439644827,-1.8012419564089055,20.6870225895591,0.3107120974867045,6.4155514065334405,0.5210769572205233,7.049063772700869,0.8988486260752344,10.319691564866071,dev2023_24
2024-02-14,2024-02-15,0.323717,0.019172,-1,15.8100004196167,16.200000762939453,15.34000015258789,15.4399995803833,-2.3402962012215367,5.569952290958629,-2.3402962012215367,-3.860522454399107,-0.06472640132875185,-0.45132590242122905,-3.800621094540091,11.965189435058953,-1.0377045119863764,5.878992970132678,-0.05301991402049734,7.151230010761627,0.40045929413060916,9.836767719196848,dev2023_24
2024-02-15,2024-02-16,0.593088,0.092642,-1,15.4399995803833,15.65999984741211,15.109999656677246,15.229999542236328,-1.3601039109727653,3.611294860578196,-1.3601039109727653,-3.668569652033149,-5.168119248485614,-3.790274064191268,5.32503113456444,12.232865768193445,-1.1087057538265117,5.603145916556825,-0.8208896687961378,6.30212370908941,0.04999269635907642,9.446219630393472,dev2023_24
2024-02-16,2024-02-19,0.369997,0.085055,1,15.229999542236328,15.550000190734863,14.899999618530272,15.220000267028809,-0.06565512480672941,4.270700136666176,-0.06565512480672941,-1.4248660578592531,-3.731816172856206,-1.4886701946649872,3.5374181259235415,0.9283842442377566,-0.8944586343351808,5.085118333497318,-1.365452123283091,5.980894133815615,0.02704071129534819,8.827526756621241,dev2023_24
2024-02-20,2024-02-21,-0.639277,-0.871056,1,16.020000457763672,16.360000610351562,14.210000038146973,16.06999969482422,0.31210509133485775,13.378970834063278,5.58475304127799,5.515431239891866,4.080311732918318,0.06226792786041546,2.880920695019773,14.214641388625736,1.377444856274613,6.403501363935137,1.3670691807754907,6.45451500871601,1.079095520839501,8.526325847320896,dev2023_24
2024-02-21,2024-02-22,0.736339,0.615446,-1,16.06999969482422,16.309999465942383,15.68000030517578,15.93000030517578,-0.871184768556843,3.9547969158664222,-0.871184768556843,4.664914754864036,4.596196874452851,0.7590125387358482,0.886639288543245,14.76945370196372,0.8839600208933539,6.15714300762654,0.8483779114533302,6.286347207079991,0.820946513816599,8.56916679255366,dev2023_24
2024-02-22,2024-02-23,-0.02138,-0.346792,1,15.93000030517578,16.149999618530273,15.130000114440918,15.199999809265137,-4.582551675617108,6.710523137425412,-4.582551675617108,-5.413813951964719,-0.13140905001821634,-1.5544027049267939,-1.9987131853127504,2.356898443128319,-0.7638358712779192,6.385257176919897,-1.2008340563355284,6.1321250735262876,-0.34844268577597154,7.823884883536762,dev2023_24
2024-02-23,2024-02-26,-0.4081,-0.212682,-1,15.199999809265137,15.4399995803833,14.84000015258789,14.970000267028809,-1.5131549021213275,4.008012138228879,-1.5131549021213275,-6.026365472416595,-6.845049462880171,-1.7071522194500477,-5.432720535831237,4.102921751686162,-1.0387481877816855,6.464600632450034,-1.4232845546846014,6.03387327450343,-0.8088199172145643,7.4610031981441125,dev2023_24
2024-02-26,2024-02-27,0.344905,0.489584,-1,14.970000267028809,15.960000038146973,13.760000228881836,15.600000381469728,4.208417523067687,14.102562535052114,4.208417523067687,2.631582744894323,-2.071562569894192,2.496715556990603,0.9708775019831251,12.472966908326066,0.09828988423625337,8.430973112127221,0.11802635523896848,6.75804572281227,0.1385214634097265,7.452360412046117,dev2023_24
2024-02-27,2024-02-28,-1.113596,-1.183708,1,15.600000381469728,16.0,15.529999732971191,15.729999542236328,0.833327933254524,2.987922954268496,0.833327933254524,5.076815375089905,3.486840392248758,-2.1157446113542644,-2.054794113822167,0.31887267912900086,0.6209020281002647,6.352763536168265,0.5773733020774153,6.378132450051701,0.4136241915024107,6.948057532069415,dev2023_24
2024-02-28,2024-02-29,0.144184,0.217003,-1,15.729999542236328,16.739999771118164,15.3100004196167,16.329999923706055,3.814369986843791,8.756885230755898,3.814369986843791,4.679484130676359,9.084833883888589,2.510983119066945,3.2890543345220458,1.4285685514706215,1.456282134095337,7.31318119914616,1.7261187630621107,6.735162103386349,1.624332500384357,6.89211293804361,dev2023_24
2024-02-29,2024-03-01,1.61922,1.317335,1,16.329999923706055,16.549999237060547,15.369999885559082,15.56999969482422,-4.654012446004674,7.578672926331015,-4.654012446004674,-1.0171637130852784,-0.19231208917881437,2.434209803960341,0.8419696759971895,-2.9906514956584807,-0.14443029941427835,7.4868111569272795,-0.034348214010463875,6.936034166923589,0.09448750542614802,7.0436320888426085,dev2023_24
2024-03-01,2024-03-04,0.299256,0.009374,1,15.56999969482422,15.640000343322754,15.0,15.239999771118164,-2.119460052499267,4.1994773814605955,-2.119460052499267,-6.674832563872524,-3.1150653870171796,1.803603869560555,0.06566138662120746,5.394189010466599,-1.1384563479769714,7.525104205573624,-0.7939090158260638,6.9948524190118295,-0.8131559850834988,6.648488064050619,dev2023_24
2024-03-04,2024-03-05,-0.220034,-0.066827,-1,14.989999771118164,15.300000190734863,14.81999969482422,14.920000076293944,-0.4669759565913534,3.2171614842905054,-2.0997355618775138,-4.174692557934668,-8.634414292710634,-4.358976208638521,-1.9710918887745232,1.496600475396903,-1.198303933148669,5.348023995421302,-1.3457859262380345,6.889498553774262,-1.7400434973227117,6.435196343794938,dev2023_24
2024-03-05,2024-03-06,0.526697,0.656365,1,14.920000076293944,15.170000076293944,14.18000030517578,14.380000114440918,-3.619302674877456,6.884560245058485,-3.619302674877456,-5.643042451398594,-7.642900473394887,-8.582323376237566,-10.516487943230091,-7.938538925756089,-1.245039312910332,6.1273514535792994,-1.79162138361967,6.240057494873783,-2.455561611275526,6.347286251794896,dev2023_24
2024-03-06,2024-03-07,0.086767,-0.05221,1,14.380000114440918,14.710000038146973,13.90999984741211,14.300000190734863,-0.5563276986744636,5.5944068535970555,-0.5563276986744636,-4.155495190272718,-6.1679763418679645,-12.431106812341541,-10.232266686845682,-9.436350694856532,-1.0653909981631797,5.494855778147532,-1.4893241091402656,6.404018488646845,-2.1496786710125177,6.345182847863418,dev2023_24
2024-03-07,2024-03-11,-0.715316,-0.820917,-1,14.300000190734863,14.43000030517578,13.5600004196167,13.609999656677246,-4.825178495484749,6.392357880275528,-4.825178495484749,-5.354662389678355,-8.780163625455529,-12.588311345943815,-10.4605274509195,-12.250164694817457,-1.4046333013899899,5.2575927689364335,-1.8099965708498964,6.372201962931857,-2.593189107182619,6.2521635182290725,dev2023_24
2024-03-11,2024-03-12,0.013657,0.005597,-1,13.609999656677246,14.550000190734863,13.609999656677246,14.0,2.8655426389479377,6.714289528982979,2.8655426389479377,-2.0979034037302835,-2.642559884678364,-8.136481559980924,-6.479627586682268,-11.56032806396643,-0.4991865004491914,5.76055519844091,-1.109807612919546,6.642829702007267,-1.7354198894586672,6.3383514882553476,dev2023_24
2024-03-12,2024-03-13,-1.513272,-1.936948,1,14.0,14.199999809265137,13.579999923706056,13.640000343322754,-2.571426119123188,4.545453592034486,-2.571426119123188,0.22043120795223192,-4.61538348677597,-8.579086638243073,-12.564102501402097,-11.715207043931175,-0.9641651658861725,6.026213619989707,-1.213866771065648,5.687118807705504,-1.8919571954425691,6.222582265258888,dev2023_24
2024-03-13,2024-03-14,0.677116,0.746501,-1,13.640000343322754,15.010000228881836,13.529999732971191,14.43000030517578,5.7917884308540835,10.25641347616462,5.7917884308540835,3.071430751255577,6.024986548006495,0.3477064696588483,-8.264458200204938,-10.149434713389994,1.163534825095386,6.700584266210933,-0.24287589134417492,6.413967859895116,-0.8225159968520314,6.396050154973409,dev2023_24
2024-03-14,2024-03-15,-0.556743,-0.188082,1,14.43000030517578,14.68000030517578,13.520000457763672,13.619999885559082,-5.613308402538042,8.516885882224008,-5.613308402538042,-0.14663091833031494,-2.714286531720844,-4.75524682591516,-16.595223826136706,-13.851995420191853,-0.6701664027690611,7.285080071936323,-1.0842402246846825,6.389967925041928,-1.6174536113766125,6.5625650142141385,dev2023_24
2024-03-15,2024-03-18,0.14689,0.298316,-1,13.619999885559082,14.329999923706056,13.59000015258789,13.6899995803833,0.5139478370953299,5.40540389919754,0.5139478370953299,-5.128210042567039,0.366563312331758,0.5878025402212605,-12.074503219584965,-11.334197199223993,-0.5379914084741422,7.087689275720727,-0.8552412014638732,6.1726410223285795,-1.365125453015066,6.554337594626086,dev2023_24
2024-03-18,2024-03-19,-1.08022,-0.587794,1,13.6899995803833,14.619999885559082,13.6899995803833,13.899999618530272,1.533966724497815,6.6906498611409,1.533966724497815,2.055798350395488,-3.6729083536845564,-0.7142884390694881,-8.792652051920447,-8.732764042557307,0.12956214278992365,7.082961342152311,-0.3356178836648122,6.421758270296611,-1.0226000510362414,6.708305344654219,dev2023_24
2024-03-19,2024-03-20,0.099232,-0.021974,-1,13.899999618530272,14.449999809265137,13.880000114440918,14.109999656677246,1.5107916828071,4.039686099882213,1.5107916828071,3.0679334489956744,3.597648863695646,3.4457426797982027,-5.428957208275687,-7.293039361872844,0.48518199798808864,6.981807843721858,0.4362948675678794,6.504010731855781,-0.7201960043599548,6.696754642815023,dev2023_24
2024-03-20,2024-03-21,0.79147,0.100273,1,14.109999656677246,14.279999732971191,13.09000015258789,13.470000267028809,-4.535786004399878,8.834443628751234,-4.535786004399878,-3.0935205992971726,-1.6070074514080601,-6.652806776467191,-6.328232546384016,-16.17921267685407,-1.1504355625491778,6.697413874239179,-1.2535037038615982,6.698999070225057,-1.2994749213815717,6.469528282549419,dev2023_24
2024-03-21,2024-03-22,0.385245,0.750267,1,13.470000267028809,13.470000267028809,12.34000015258789,12.510000228881836,-7.1269489169707985,9.032774530507897,-7.1269489169707985,-11.339471769853981,-9.999995883420087,-8.149777283435578,-12.517482083761012,-21.46892662131814,-1.6520904988340954,6.800591603895957,-2.340808836693812,7.042835837916141,-2.0372199343342836,6.723427163281494,dev2023_24
2024-03-22,2024-03-26,-0.416577,0.258795,1,12.510000228881836,13.050000190734863,11.8100004196167,12.220000267028809,-2.318145136268701,10.147297414254965,-2.318145136268701,-9.27988103355638,-13.394751492811253,-10.737760105273386,-10.213074391713784,-19.605260392305222,-1.21746935208587,7.748970306907441,-1.9367888075684832,7.418329791314084,-1.9685509581471685,6.895265877122971,dev2023_24
2024-03-26,2024-03-27,0.540566,0.316043,-1,12.220000267028809,13.100000381469728,12.09000015258789,12.81999969482422,4.909978843570828,7.878317105495736,4.909978843570828,2.478013271548063,-4.825542385441716,-7.769783837017441,-8.428573608398427,-14.362061014387095,-0.2698805510093692,7.9865037557784095,-0.8768554367949448,7.53473254896536,-1.2578245916438657,7.088781125486314,dev2023_24
2024-03-27,2024-03-28,0.9187,0.736794,1,12.81999969482422,13.010000228881836,12.529999732971191,12.699999809265137,-0.9360365711048368,3.7795315206262106,-0.9360365711048368,3.9279830748566447,1.518781589984708,-9.992911989511343,-6.891499343090413,-18.58974680314317,-0.09466687926689311,7.934472839927207,-0.8737211366738658,7.458140341824533,-1.2379222071626612,6.572629574765019,dev2023_24
2024-03-28,2024-04-01,0.6051,0.031173,1,12.699999809265137,13.18000030517578,12.260000228881836,12.829999923706056,1.0236229637269778,7.170694323965308,1.0236229637269778,0.0780049073314304,4.991813775349163,-4.751301637976302,-11.088013497101812,-18.43610745660569,0.8353391170873339,7.601722978970022,-0.5513292532775923,7.149568426604601,-1.0263032524161741,6.781768143249859,dev2023_24
2024-04-01,2024-04-02,-0.038732,-0.024489,1,12.829999923706056,13.359999656677246,12.010000228881836,12.079999923706056,-5.845674235852649,11.17549202253008,-5.845674235852649,-4.881888935988544,-5.772229241291804,-3.437252576407135,-11.306901430196381,-26.02571965619135,-1.2707611002088952,8.03026647737446,-1.336739226221667,7.415429040635209,-1.6737377375140718,6.902698482838568,dev2023_24
2024-04-02,2024-04-03,-0.083061,0.218666,-1,12.079999923706056,12.3100004196167,11.600000381469728,11.649999618530272,-3.5596051977777154,6.094421127857018,-3.5596051977777154,-9.197196509685801,-8.267718161451064,-4.66448965665307,-14.901388052459764,-25.17662269188763,-1.4508982916385311,7.21969122009487,-1.4894398821590529,7.484330763501157,-1.9177314145707767,6.828485892914868,dev2023_24
2024-04-03,2024-04-04,0.356591,-0.342819,1,11.649999618530272,11.829999923706056,11.3100004196167,11.369999885559082,-2.403431263000444,4.573434558691625,-2.403431263000444,-5.87748379661539,-11.379579476452884,-11.310451199546767,-18.201437427368084,-25.393700417852028,-1.1859934534176022,6.558714710734049,-1.4794063705710847,7.272609233256229,-1.9630978674961541,6.84718375177642,dev2023_24
2024-04-04,2024-04-05,-0.004219,0.121407,1,11.369999885559082,11.84000015258789,10.859999656677246,11.220000267028809,-1.3192578719441017,8.734407064057589,-1.3192578719441017,-3.6909816788106564,-7.119202500900402,-11.653539877666862,-20.481923883540343,-24.79892620874703,-0.9416424145818968,7.549689819420324,-1.487436074175732,7.742081329673766,-1.8726679764523926,7.123046030764773,dev2023_24
2024-04-05,2024-04-08,0.67781,0.389532,1,11.220000267028809,11.68000030517578,11.039999961853027,11.34000015258789,1.0695176711511767,5.643741928669184,1.0695176711511767,-0.26384989686142335,-2.6609397089533138,-11.61340436460242,-15.812918130778552,-21.140472445477588,-0.5573532127169999,7.244299340361098,-1.1486772938798944,7.4230111596655615,-1.5602206925593176,7.061005114945308,dev2023_24
2024-04-08,2024-04-09,-0.103899,-0.537445,1,11.34000015258789,11.739999771118164,11.130000114440918,11.609999656677246,2.3809479758052587,5.254088498843474,2.3809479758052587,3.4759303062986024,2.1108159501653567,-3.890730711897372,-7.194249046668755,-18.81119229495185,0.9318422109961834,6.060018635623778,-0.589788793278404,7.04514255649912,-1.1814777813419042,7.04398919720763,dev2023_24
2024-04-09,2024-04-10,0.490444,0.147666,-1,11.609999656677246,11.609999656677246,10.619999885559082,11.359999656677246,-2.1533161704808346,8.714786980968405,-2.1533161704808346,0.17636246755068363,1.247766366457581,-2.489270140333366,-7.037648048764444,-16.53196220983092,-0.14089608126311073,6.584091806246056,-0.8195157004754305,6.9018915131704635,-1.2724968063541717,7.160110652242274,dev2023_24
2024-04-10,2024-04-12,-1.030158,-0.696729,-1,11.359999656677246,11.359999656677246,10.989999771118164,11.109999656677246,-2.2007042918619546,3.330332106146444,-2.2007042918619546,-4.306632340961658,-2.0282230407038915,-2.2867214731642993,-13.338534156419268,-20.642859595162534,-1.1657604156508345,6.335471315737019,-1.0102231347180373,6.447093013235533,-1.3527019245119525,6.990912781100446,dev2023_24
2024-04-12,2024-04-15,-1.096388,-0.297909,-1,11.109999656677246,11.609999656677246,11.109999656677246,11.529999732971191,3.7803788413397488,4.336513543623074,3.7803788413397488,1.4964795900677785,-0.6890605174139197,2.762918525531144,-9.21259916429593,-15.469212296497336,0.7234392161055695,5.455892611650116,-0.15782666494114225,6.50279121553522,-0.8748553367892364,6.980465778679876,dev2023_24
2024-04-15,2024-04-16,-0.559434,0.102146,-1,11.529999732971191,12.739999771118164,11.3100004196167,12.470000267028809,8.152650093907553,11.467516606895686,8.152650093907553,12.241229994405845,9.771132428680307,9.964727506489869,-2.80592095727199,-13.582813559913465,1.660272574433059,6.620647547295417,2.1586084688557334,6.932473443828258,0.09111372380267664,7.041020935216428,dev2023_24
2024-04-16,2024-04-18,-0.686521,-0.974683,-1,12.470000267028809,12.93000030517578,12.34000015258789,12.619999885559082,1.2028838437708744,4.675120110444843,1.2028838437708744,9.453600848497201,13.591361616058272,8.69939930016239,4.470198387943025,-7.342143967712311,1.1753893969076432,6.5048538696156895,1.9373913916806351,6.282436252619734,0.30783487226863127,6.84893264662747,dev2023_24
2024-04-18,2024-04-19,0.687175,1.305949,-1,12.619999885559082,13.390000343322754,12.029999732971191,13.039999961853027,3.3280513478811224,10.429452563881005,3.3280513478811224,4.570967783628044,13.096272886840055,14.788735527718977,11.931333809761213,-4.747988593525399,1.1029167602350012,6.84778698619821,1.872506487718255,6.715939396222133,0.8231586272315278,7.100135079861644,dev2023_24
2024-04-19,2024-04-22,0.855195,-0.002238,1,13.039999961853027,14.40999984741211,11.920000076293944,13.460000038146973,3.220859490204031,18.499255305061364,3.220859490204031,6.656102695762245,7.939051723485235,21.152119298737748,18.38170777153989,-3.1654646939466846,1.1558499019326096,9.881571625981195,1.7555008380714483,8.108521470859106,1.368978568743148,7.690565352057666,dev2023_24
2024-04-22,2024-04-23,0.141473,-0.352162,1,13.460000038146973,13.460000038146973,12.609999656677246,12.699999809265137,-5.646361268409505,6.692916490042927,-5.646361268409505,-2.6073631409702536,0.6339138227536623,10.147442353777446,13.190726443968703,-9.992911989511343,-0.3988581416164078,10.352852215265164,0.6959462195558918,7.904372413457641,0.6520048790073292,7.823226871565703,dev2023_24
2024-04-23,2024-04-24,0.153791,-0.085409,-1,12.699999809265137,12.699999809265137,9.859999656677246,10.199999809265137,-19.685039665718374,27.843139271514357,-19.685039665718374,-24.21991247877171,-21.779142338159307,-18.203692134359017,-10.05291294517836,-24.276172182177426,-1.727429734022961,13.6279767481889,-1.7978356685344594,10.124312147742156,-2.242665091633195,8.773661653703858,dev2023_24
2024-04-24,2024-04-25,0.749696,1.135686,1,10.199999809265137,11.130000114440918,9.949999809265137,10.279999732971191,0.7843129921766057,11.478602488589074,0.7843129921766057,-19.05511899715512,-23.62555940685992,-18.541998207666587,-11.455641369818071,-17.825743046448896,-1.0536278681296556,14.988673223817745,-1.3960035178904278,10.746763546716718,-1.8300583460398383,8.895953051607918,dev2023_24
2024-04-25,2024-04-26,-0.666361,-0.886147,1,10.279999732971191,11.460000038146973,10.260000228881836,10.729999542236328,4.377430164923513,11.183596090024016,4.377430164923513,5.196075910607045,-15.511813359175154,-17.71472719612217,-5.545775822894616,-12.193131687670267,-0.4946411758710209,15.13950192904635,-0.9094294054626557,10.99364445762228,-1.201007178627725,8.947767985396371,dev2023_24
2024-04-26,2024-04-29,0.996657,0.746812,-1,10.729999542236328,11.31999969482422,10.59000015258789,10.93000030517578,1.8639400882748625,6.67886113315703,1.8639400882748625,6.322962928878595,7.156867740796913,-18.79643184101726,-1.6201562291974003,-14.74258529359782,-0.03743714663278037,12.77542309466548,-0.718638412192551,11.328497360323338,-0.893613768496277,8.887795186779435,dev2023_24
2024-04-29,2024-04-30,-0.170248,-0.329811,1,10.93000030517578,12.489999771118164,10.93000030517578,12.239999771118164,11.985356169862582,12.745093914326711,11.985356169862582,14.07269611651003,19.066148726255673,-3.6220475988620437,6.157849562794482,-3.6220475988620437,1.661155563398888,13.985858579522239,0.3086333316039135,12.169355397393701,0.5501527687435147,9.33607330646446,dev2023_24
2024-04-30,2024-05-02,0.191773,0.356037,-1,12.239999771118164,13.210000038146973,12.239999771118164,12.869999885559082,5.147059854751657,7.53690967874217,5.147059854751657,17.749309480482232,19.944086063555776,26.176471825701995,3.207695348554962,0.3117689952524261,1.334154205915156,9.9246126609678,0.7784881692722324,11.77629470457835,1.2356066250624456,9.354384074203304,dev2023_24
2024-05-02,2024-05-03,-0.760988,-1.276006,1,12.869999885559082,13.949999809265137,12.869999885559082,13.449999809265137,4.50660395387299,8.029739323580424,4.50660395387299,9.885621411547096,23.055804517187806,30.836577418642896,6.576861578705828,11.341058726917396,1.1814375069401377,9.234840027966069,1.1098249277296115,12.111756625891909,1.6589891655596862,9.197096439255821,dev2023_24
2024-05-03,2024-05-06,-0.147492,-0.527002,-1,13.449999809265137,15.3100004196167,13.449999809265137,14.619999885559082,8.69888544896471,12.722302495971835,8.69888544896471,13.597513718423615,19.4444457430206,36.253499620485606,12.116563867547224,25.49356535861842,1.3089022768038188,9.542581309155635,1.612930229217429,12.341041619100992,2.2749205733517393,9.528490507661562,dev2023_24
2024-05-06,2024-05-07,-0.624702,-0.832602,1,14.619999885559082,16.959999084472656,14.619999885559082,16.600000381469727,13.543095153279673,14.096380392410545,13.543095153279673,23.420078935872457,28.98213309306965,51.875571070286085,23.32838287090402,45.99824580959946,1.5386324565472116,11.026085161006337,2.0071420338704,11.900754127835908,2.819724177213505,10.004637799347508,dev2023_24
2024-05-07,2024-05-08,0.0,0.32072,-1,16.600000381469727,17.639999389648438,16.600000381469727,17.010000228881836,2.469878542110071,6.11404464541313,2.469878542110071,16.347471696518134,26.468404982164873,38.97059270392384,33.93701168776702,51.60427650672676,1.1370720139507118,9.699875307223621,1.6355969537981743,11.842866943372929,2.412600222458127,9.873619678415285,dev2023_24
2024-05-08,2024-05-09,-1.546912,-1.20271,-1,17.010000228881836,18.31999969482422,16.459999084472656,17.079999923706055,0.4115208341112453,10.88993336451945,0.4115208341112453,2.891563440999323,16.826265782510987,32.71173329900996,67.45098277542606,50.617281251166865,0.8140239888699774,10.370480044379075,1.3270501461327013,10.147546352673437,2.0373114635610903,10.135929250207798,dev2023_24
2024-05-09,2024-05-10,0.44495,0.292166,-1,17.079999923706055,19.170000076293945,17.079999923706055,18.200000762939453,6.557381992015721,11.483516840525331,6.557381992015721,6.995887819196356,9.638556293382837,35.315992721444054,77.04281357679736,56.761423782403874,1.1466496400982173,11.061235547768058,1.4054158557794811,10.148037787867064,2.1124352828545554,10.447400667291891,dev2023_24
2024-05-10,2024-05-13,0.22149,0.34547,1,18.200000762939453,19.01000022888184,18.0,18.46999931335449,1.483508456575633,5.468328459284631,1.483508456575633,8.138169764972858,8.583180863182305,26.33378562197013,72.13420411297615,62.58802703834665,1.2253280173376215,9.610440740430617,1.2436243374071294,9.576511024793124,1.8887748009307668,10.285077741207703,dev2023_24
2024-05-13,2024-05-14,0.514838,0.47461,1,18.46999931335449,21.489999771118164,18.46999931335449,20.600000381469727,11.532220613431043,14.660196125434297,11.532220613431043,13.186810538037875,20.608902069596112,24.096384988431254,88.47209337876072,85.41855101758597,1.59911467031284,9.723203887035368,1.6458911625124033,10.374644524020852,2.2011804891231983,10.851570942172094,dev2023_24
2024-05-14,2024-05-15,-0.077865,-0.247353,1,20.600000381469727,21.8799991607666,20.11000061035156,20.200000762939453,-1.9417456850636006,8.76236873051225,-1.9417456850636006,9.366548532214125,10.989010528354415,18.75367719655412,65.03268905775575,75.19515377936673,0.8814760040868753,10.252868704055192,1.2513719080997938,9.976372005639407,1.7800681538649101,11.072863701516555,dev2023_24
2024-05-15,2024-05-16,0.915743,0.37927,-1,20.200000762939453,20.65999984741211,19.8700008392334,20.270000457763672,0.3465331296058416,3.897380317404636,0.3465331296058416,-1.6019413475491961,9.745539855584706,18.67681819851814,57.498062455368306,62.55012047881332,0.6437018935153487,8.854358094632229,1.0931204989471865,9.612419069505652,1.577035237087455,10.694356887042002,dev2023_24
2024-05-16,2024-05-17,0.277854,0.226854,1,20.270000457763672,21.11000061035156,18.96999931335449,20.0,-1.3320199884862771,10.700006484985352,-1.3320199884862771,-0.990102749433508,-2.9126231570822836,9.890105283544127,48.698886867067806,58.47860682539123,0.1105250772740992,8.697656023524234,0.8559288446403222,9.879445785646144,1.3370308019400021,10.995601205769027,dev2023_24
2024-05-17,2024-05-21,0.2802,0.555691,1,20.0,20.3700008392334,18.979999542236328,19.799999237060547,-1.00000381469727,7.020208841197037,-1.00000381469727,-2.3187035524861455,-1.980205498867016,7.200866124258165,35.430912394315506,51.840485390974656,-1.2440444552997156,9.008032099906714,0.6355682466088006,9.309236420168665,1.1548683010981087,10.825139019634829,dev2023_24
2024-05-21,2024-05-22,0.305162,0.093903,1,20.530000686645508,22.299999237060547,20.530000686645508,21.809999465942383,6.234772218636597,8.115536881048518,10.151516698645269,9.049997329711923,7.5974295678364,5.87378185468912,31.385535932206853,62.03565679146126,1.7412350386846085,7.699100251029558,1.5584911627988782,8.711152069032464,1.4925548845928753,10.305953098434184,dev2023_24
2024-05-22,2024-05-23,1.636664,1.563405,1,21.809999465942383,22.290000915527344,18.18000030517578,21.46999931335449,-1.558918665352671,19.142993673945362,-1.558918665352671,8.434344144661022,7.349996566772443,6.287121299248044,26.21986492921895,69.05511524253174,0.8800510252173027,9.775225239716182,1.1379494272935775,10.014046971885687,1.2605755853456289,10.928456957629308,dev2023_24
2024-05-23,2024-05-24,-0.045934,0.114911,1,21.46999931335449,24.21999931335449,18.84000015258789,21.3799991607666,-0.41919029094661386,25.163701459068218,-0.41919029094661386,-1.9715741206103754,7.979797901954955,5.476066492034959,25.175639673700445,109.60783882903753,0.5290705076987127,14.028489468048898,0.9669946092007495,11.441423781340564,1.1350966372382392,10.794485067007,dev2023_24
2024-05-24,2024-05-27,-0.107374,-0.462261,-1,21.3799991607666,21.899999618530277,20.59000015258789,21.709999084472656,1.5434983005594427,6.034083469304793,1.5434983005594427,1.1178378145959567,-0.45850703309683327,8.549995422363278,19.285704254917334,111.18676700780314,0.5802589447554505,13.095304864912785,1.0882552916856032,10.896480444218508,1.1270122658186392,10.522259116042786,dev2023_24
2024-05-27,2024-05-28,-0.193176,-0.387341,-1,21.709999084472656,26.200000762939453,18.43000030517578,23.190000534057617,6.817141925369685,33.50582267711631,6.817141925369685,8.465862695693938,8.011184330282095,17.121219331422253,25.554961538576748,116.12303376878242,1.7379794972120202,18.392427632096638,2.0291267370189425,13.700229866001678,1.4098273198973745,11.638370445397403,dev2023_24
2024-05-28,2024-05-29,-0.801506,-0.255022,-1,23.190000534057617,24.479999542236328,22.030000686645508,24.200000762939453,4.35532645805039,10.123961894012897,4.35532645805039,11.469377169378546,13.189905111632093,10.958282235307703,17.475729683519937,121.40896694650425,1.4485794345544543,18.79411263468952,1.9482157369683226,13.24660644285954,1.5802915103119062,11.810625483440194,dev2023_24
2024-05-29,2024-05-30,-0.951565,-0.569472,-1,24.200000762939453,24.770000457763672,23.549999237060547,24.18000030517578,-0.08264651707904358,5.045497126987137,-0.08264651707904358,4.269080415346327,11.377251611538352,12.622268646909806,19.70296728670602,97.54902579517662,0.9345048509060196,15.97461332529787,1.4807535056328718,12.874919282507026,1.4685837685495855,11.425645644073217,dev2023_24
2024-05-30,2024-05-31,0.186983,-0.165721,1,24.18000030517578,24.520000457763672,22.75,24.18000030517578,0.0,7.320101056346139,0.0,-0.08264651707904358,4.269080415346327,13.096357597372243,19.289589339473977,87.8787919206371,0.6337123441565617,12.405893244753454,1.1923765058167957,13.217191356401177,1.3842246189186955,11.414805212953414,dev2023_24
2024-05-31,2024-06-03,3.254226,-0.317081,-1,24.18000030517578,24.809999465942383,22.600000381469727,24.600000381469727,1.7369729983172988,8.983735976432614,1.7369729983172988,1.7369729983172988,1.6528909335525421,13.311844398298689,23.000001907348633,82.89963368269957,1.0123281872541048,12.995823746179019,1.1955104619993873,13.045564305545904,1.4492221558967877,11.462505045596023,dev2023_24
2024-06-03,2024-06-04,-5.929358,-5.586833,1,24.600000381469727,24.600000381469727,19.11000061035156,20.940000534057617,-14.878047929499438,26.21776328128083,-14.878047929499438,-13.399502606394243,-13.399502606394243,-9.7024577325713,5.757582529918892,43.22845894644036,-1.776198213590399,11.538211867011924,-1.2714644989889567,14.965319749554283,0.058492593379717114,12.137278084861475,dev2023_24
2024-06-04,2024-06-05,3.362425,2.223392,-1,20.940000534057617,31.709999084472656,18.799999237060547,26.75,27.745937525134146,48.261681672568635,27.745937525134146,8.739835712156285,10.62861729689104,10.53718659780245,22.65016348015838,61.144574610133915,1.2610443919615992,19.16575582272307,1.8780333967024496,18.979934228706295,2.0804652907721355,13.845543148869378,dev2023_24
2024-06-05,2024-06-06,0.888801,0.100006,1,26.75,26.93000030517578,18.65999984741211,18.88999938964844,-29.383179851781527,43.779781498010856,-29.383179851781527,-9.789881051220494,-23.211385785678353,-21.877588290993543,-12.016767611637835,11.052317080951557,-1.3371763137233132,26.912612696927816,-1.812793861490686,21.44361301111284,-1.0076816418286052,15.728829991499264,dev2023_24
2024-06-06,2024-06-07,2.053993,2.051981,1,18.88999938964844,18.88999938964844,16.559999465942383,16.799999237060547,-11.064056220844542,13.86904779475295,-11.064056220844542,-37.1962645343531,-19.770779328604192,-30.521095843557656,-21.421890100494434,-1.6393482897905765,-1.1776453406888627,28.22240204460918,-1.926068534182825,20.314147644681317,-1.8232299350772259,15.87778571301094,dev2023_24
2024-06-07,2024-06-10,-0.132889,-0.257085,1,16.799999237060547,17.149999618530273,16.3700008392334,16.8799991607666,0.47619004368508744,4.620846078652598,0.47619004368508744,-10.64055211131083,-36.897199399003355,-31.382118296706686,-22.247812654955613,-7.252755751861084,-0.7713728637761234,27.349824065053173,-1.488092318911333,20.172823905616095,-1.6955230408213668,15.534652174917303,dev2023_24
2024-06-10,2024-06-11,0.024291,-0.081172,-1,16.8799991607666,17.25,16.170000076293945,16.399999618530273,-2.843599325241486,6.585365541629455,-2.843599325241486,-2.3809502184254927,-13.181576768513114,-21.680997133420853,-29.279865283122007,-11.207362056194171,-0.62924634950313,23.4233445171229,-1.2851186345770766,17.48077819206741,-1.7366280770633844,15.590504029034545,dev2023_24
2024-06-11,2024-06-12,0.249733,-0.092099,1,16.399999618530273,16.399999618530273,14.68000030517578,14.770000457763672,-9.939019504152146,11.645221801265397,-9.939019504152146,-12.499992937837945,-12.08332661598417,-44.785045017705905,-38.966942181328946,-28.300969979351564,-1.3457118755939719,16.10005254286225,-1.3356061898826668,17.63290418279266,-1.9694180095019727,15.4397553128261,dev2023_24
2024-06-12,2024-06-13,0.325645,-0.349432,1,14.770000457763672,14.770000457763672,13.170000076293944,14.390000343322754,-2.572783362651665,11.118834908243489,-2.572783362651665,-12.256093426590276,-14.751178561852285,-23.822123831256704,-40.48800594827725,-28.762377228599878,-1.2362283187188683,9.567863224908777,-1.14926223239983,18.240237960918297,-1.8102866529674404,15.557578621712661,dev2023_24
2024-06-13,2024-06-14,0.285056,0.00277,1,14.390000343322754,14.390000343322754,13.3100004196167,13.489999771118164,-6.254347121139636,8.0059298890302,-6.254347121139636,-8.666219681616127,-17.743901921339777,-19.702378668211917,-44.21009263498396,-33.448448611399414,-1.1972706297607467,8.395239643764228,-1.1048677526081658,18.3088208441867,-1.7899184313165681,15.763006100293941,dev2023_24
2024-06-14,2024-06-18,0.393342,-0.054729,1,13.489999771118164,13.489999771118164,12.65999984741211,12.81999969482422,-4.966642606832372,6.474258529359779,-4.966642606832372,-10.910358659074282,-13.202442129339653,-24.052130733388,-47.88618091046432,-35.9000015258789,-1.1380632523158762,8.765922133905665,-1.0561927097354644,18.05787309947942,-1.7131281737749873,15.551718702512662,dev2023_24
2024-06-18,2024-06-19,-0.17786,-0.481806,1,12.81999969482422,13.420000076293944,12.630000114440918,12.970000267028809,1.1700512930990836,6.090978763210159,1.1700512930990836,-3.8547035797781404,-9.86796415854746,-20.914630678563718,-38.06112733409961,-34.49494562225903,-0.8330157204588132,8.667044778221804,-0.8345326847766695,16.045194647672353,-1.4930640856248196,15.505257198613316,dev2023_24
2024-06-19,2024-06-20,0.216874,-0.081192,1,12.970000267028809,13.81999969482422,11.630000114440918,13.710000038146973,5.705472288996982,15.973738689203538,5.705472288996982,6.942280534390877,1.6308396646516288,-7.176712164958143,-48.74766340879636,-37.13892538348771,0.3727078047057712,9.532748155809433,-0.6916157933646411,12.816400349335842,-1.193446368291885,15.898167289021066,dev2023_24
2024-06-20,2024-06-21,-0.279628,-0.676425,1,13.710000038146973,14.0600004196167,13.100000381469728,13.350000381469728,-2.625818057444018,7.1910113162205205,-2.625818057444018,2.929838909926019,4.1341708210764105,-7.227240702156101,-29.32768230376219,-37.820210487077496,0.22299503911832905,8.74718343740484,-0.7598675070160356,9.157523331156808,-1.1473520584531922,15.300568171134827,dev2023_24
2024-06-21,2024-06-24,0.156376,0.665247,-1,13.350000381469728,13.59000015258789,12.479999542236328,13.18000030517578,-1.2734087748035972,8.421855725721537,-1.2734087748035972,-3.865789434693734,1.6191213093558199,-2.2979945974950122,-21.54761366833341,-38.35359764951834,-0.07504565142715801,8.830368604743105,-0.712358690482113,8.612804124253667,-1.0702592805107358,14.46347588446749,dev2023_24
2024-06-24,2024-06-25,0.779383,0.61161,1,13.18000030517578,14.270000457763672,13.149999618530272,14.0600004196167,6.676783718247292,7.965866328643633,6.676783718247292,5.31835219370087,2.552883883996193,9.67239277933134,-16.706154510388217,-35.23721320802524,1.3967809228068704,9.128690164599877,0.13629724219966005,8.947306149252771,-0.8058689656292521,14.560065027434433,dev2023_24
2024-06-25,2024-06-26,0.621804,0.614169,1,14.0600004196167,14.460000038146973,13.84000015258789,14.3100004196167,1.7780938302903282,4.332633594539678,1.7780938302903282,8.57359702789362,7.19101131622053,10.331535273706361,-12.743897850778573,-38.292367011373926,1.2449639675074395,8.77702113086578,0.9229921558733759,8.722032954543794,-0.6767083090442565,13.101405573305604,dev2023_24
2024-06-26,2024-06-27,0.736107,0.682326,-1,14.3100004196167,14.550000190734863,13.989999771118164,14.050000190734863,-1.816912797049386,3.9857680570423484,-1.816912797049386,-0.07112538110513045,6.6009094492769815,2.479942754499409,-4.874747763804899,-41.94214980252637,0.5261925764422961,6.379427004433543,0.7476406985339676,7.956087580121488,-0.6536074806758936,12.794495881457074,dev2023_24
2024-06-27,2024-06-28,-0.140989,-0.312631,-1,14.050000190734863,14.609999656677246,13.920000076293944,14.149999618530272,0.7117396899492645,4.876322254310924,0.7117396899492645,-1.1181047966084767,0.6401080812771909,5.9925034771607155,-1.66782987537486,-41.48056476450319,0.4515799482635647,5.916489192051625,1.0288867800007628,7.331836314728233,-0.5565160386161712,12.786037137823264,dev2023_24
2024-06-28,2024-07-01,0.54705,0.621016,-1,14.149999618530272,14.289999961853027,13.6899995803833,13.800000190734863,-2.4734942560497575,4.3478287911369655,-2.4734942560497575,-1.779359406449399,-3.563942794737507,4.704096139630676,2.2980016669859715,-42.928039633725966,-1.478814164330115,5.10168380513471,0.3035180066087137,6.966026204938909,-0.5647065025264747,12.637423524562806,dev2023_24
2024-07-01,2024-07-02,-0.074973,-0.432957,1,13.800000190734863,14.229999542236328,13.789999961853027,13.829999923706056,0.21738936635185002,3.181486498991918,0.21738936635185002,-2.2614820031878757,-1.5658381782363562,-1.6358498509697283,7.8783171054957135,-43.78048898680633,-0.918006051486213,4.1448078392043675,0.20110465500704486,6.636749001902122,-0.48652849366225626,12.347311050690772,dev2023_24
2024-07-02,2024-07-03,0.674229,-0.021612,-1,13.829999923706056,14.010000228881836,13.31999969482422,13.640000343322754,-1.3738219915505834,5.058654814443566,-1.3738219915505834,-1.1594191681209676,-3.6042352576437064,-4.682040926955411,5.165767636853191,-34.86150909529283,-1.2419088589976548,4.290012083185145,-0.47337786021918804,6.533516607025463,-0.46721325344999026,11.289355627348908,dev2023_24
2024-07-03,2024-07-04,0.064439,-0.278211,1,13.640000343322754,13.720000267028809,12.869999885559082,13.210000038146973,-3.152494826631591,6.434522172711213,-3.152494826631591,-4.483007150971419,-4.275363365458562,-5.978648691704791,-3.646973002252296,-50.61682228730105,-1.5057759198073888,4.779762906318917,-1.3621902773635843,5.579594955376231,-0.7738894186204661,9.197997652356035,dev2023_24
2024-07-04,2024-07-05,0.089293,0.45636,1,13.210000038146973,13.210000038146973,12.260000228881836,12.859999656677246,-2.64951082860726,7.387245992435716,-2.64951082860726,-5.718479963435962,-7.013740219666442,-9.11660775003621,-3.670417309295515,-31.921651285365225,-1.4461035257768426,5.281947653943876,-1.7692242084797087,5.59921842299775,-1.0412300142251494,7.378370877077279,dev2023_24
2024-07-05,2024-07-08,-0.013567,-0.036581,-1,12.859999656677246,12.989999771118164,12.079999923706056,12.699999809265137,-1.2441668093593816,7.1653532368420025,-1.2441668093593816,-3.8607133036267283,-6.891499343090413,-7.971017146856651,-3.6418853171205634,-24.404759607077086,-1.1276339906597599,5.845452543084884,-1.7267218986364967,5.473568174109797,-1.1282508338449517,7.043186149181731,dev2023_24
2024-07-08,2024-07-09,0.463189,0.337563,-1,12.699999809265137,13.760000228881836,12.699999809265137,13.600000381469728,7.086618785206644,7.7941205138565355,7.086618785206644,5.754282617015893,2.9523114473621437,-1.6630480369134726,-3.2716929190497956,-19.431273355276126,0.9385645147032695,6.767979346057805,-0.027848091033592228,5.456393592631087,-0.19598878003164205,7.201849870941929,dev2023_24
2024-07-09,2024-07-10,-0.445091,-0.55356,1,13.600000381469728,14.399999618530272,12.789999961853027,14.279999732971191,4.999995091382314,11.274507610528204,4.999995091382314,12.440944467994285,11.041991556793263,4.692077518617799,-0.20964839808377267,-12.926828871164764,1.4985266844535554,8.011149905274735,1.2500213971246337,6.150580994229939,1.0641958216409755,7.436306974386866,dev2023_24
2024-07-10,2024-07-11,-0.034944,-0.330375,-1,14.279999732971191,14.920000076293944,13.40999984741211,14.43000030517578,1.0504241947445703,10.464311829156541,1.0504241947445703,6.102940444302796,13.622051353485375,9.235429701027776,2.704627112329172,-2.301964401153256,1.0815706764958049,8.8171078365638,1.3436302666325814,6.798435371441359,1.422937553419301,7.377261475781424,dev2023_24
2024-07-11,2024-07-12,0.765753,0.468264,1,14.43000030517578,14.43000030517578,12.68000030517578,14.0,-2.979905031752117,12.5,-2.979905031752117,-1.960782480441492,2.941173583166057,8.864699640414342,-1.060068004057313,-2.7102177485612167,0.2859909365005694,9.839658638076656,0.6426459591406173,7.560803146010267,0.7093751191745036,7.446319730369249,dev2023_24
2024-07-12,2024-07-15,0.345072,-0.00366,1,14.0,14.050000190734863,13.220000267028809,13.729999542236328,-1.9285746983119467,6.04515623728029,-1.9285746983119467,-4.851010035587966,-3.851542023946708,8.110234239686886,-0.5072510690654397,1.7790939598976152,-0.7895637012019964,9.615619238164314,0.180168863245726,7.730535890624597,0.18030225730329583,7.348281047781754,dev2023_24
2024-07-15,2024-07-16,0.106968,-0.011781,1,13.729999542236328,14.34000015258789,13.56999969482422,14.1899995803833,3.350328138991676,5.426359975571407,3.350328138991676,1.3571398598807294,-1.6632066508438959,4.338229282092221,2.6030344082661028,10.686426818810201,0.2365012513170059,9.142067130507288,0.8895761725740434,7.955023238282547,0.9561644120882076,7.2958861200923355,dev2023_24
2024-07-16,2024-07-18,0.763215,1.047311,-1,14.1899995803833,14.59000015258789,13.800000190734863,14.220000267028809,0.21142133567770838,5.555555182968316,0.21142133567770838,3.568832783170439,1.5714304787772138,-0.4201643351844697,4.252198747120883,9.637625090707512,0.402574431763396,7.998276644995312,0.8076789350239758,8.004713275135023,0.925513370771317,7.269114941080242,dev2023_24
2024-07-18,2024-07-19,-1.088471,-1.299198,1,14.220000267028809,14.710000038146973,13.75,14.510000228881836,2.039380846746086,6.616126967635147,2.039380846746086,2.2551138686495387,5.680995722148885,0.5544000139581451,9.841030938537521,5.835158194813483,1.3170172811514393,7.228639672691033,1.0387519630878685,8.022873754627415,1.3591466170598863,6.801234355001823,dev2023_24
2024-07-19,2024-07-22,-0.088256,0.259759,-1,14.510000228881836,14.970000267028809,12.739999771118164,14.829999923706056,2.205373465034599,15.03709040716813,2.205373465034599,4.2897302758258204,4.510221016549654,5.928570883614692,15.318820525830535,11.086138576375015,1.3064080466108736,7.7360577541246585,1.3106595421794065,8.787858196100657,1.7144354380535871,7.193538309549204,dev2023_24
2024-07-22,2024-07-23,-0.123219,-0.365706,-1,14.829999923706056,15.630000114440918,13.119999885559082,15.4399995803833,4.113281590124274,16.256478608139474,4.113281590124274,6.409368275889626,8.579460551651618,12.454479935608575,21.574801671408128,17.147186820018657,1.5492846628212522,9.778322228296494,2.094370532872812,9.696970733230405,2.2987443000441026,7.585269453670101,dev2023_24
2024-07-23,2024-07-24,-0.26778,-0.128656,-1,15.4399995803833,16.06999969482422,12.59000015258789,12.75,-17.422277548510923,27.294114056755514,-17.422277548510923,-14.025623293369904,-12.129567202753,-10.147988886299908,-6.250002629616624,-9.317214655192817,-1.5958166607777908,14.151873044533318,-2.1186733213576945,11.646970087520302,-1.7102649716056515,8.551681840075693,dev2023_24
2024-07-24,2024-07-25,-0.030311,0.722836,-1,12.75,14.039999961853027,11.619999885559082,11.760000228881836,-7.764704087201291,20.57823154076625,-7.764704087201291,-23.834193338819432,-20.70127923545545,-17.299578002476203,-17.64705568075685,-17.819707309296962,-1.361227482598627,17.156408316092904,-2.1178090826934666,12.577342480544107,-2.4451200218196383,9.363961737387024,dev2023_24
2024-07-25,2024-07-26,1.756733,1.684863,1,11.760000228881836,13.220000267028809,11.279999732971191,12.619999885559082,7.312922108327347,15.372429093898305,7.312922108327347,-1.019608740713085,-18.2642472245081,-13.02550181605614,-12.543315185984316,-10.177937976960184,-0.5467900719262456,18.90766874134554,-1.058286621686066,13.068154207018285,-1.2705052614837429,9.933294789229821,dev2023_24
2024-07-26,2024-07-29,0.005033,-0.429775,1,12.619999885559082,13.140000343322754,11.979999542236328,12.25,-2.9318533194478746,9.469394294583068,-2.9318533194478746,4.166664639297846,-3.9215686274509776,-17.397167477943643,-12.5,-13.427559503550146,-0.4970417253955195,17.79412951882852,-1.1327384245789878,12.765093636476589,-1.4943878137583675,10.162948391243429,dev2023_24
2024-07-29,2024-07-30,0.08536,0.072063,-1,12.25,13.260000228881836,12.029999732971191,12.949999809265137,5.714284157266425,9.498073467388277,5.714284157266425,2.6148964080710435,10.119043853934073,-16.12694196107193,-5.680988776232299,-6.159422968996808,1.0297172575238185,16.44244849067828,-0.4870499212934058,13.11038535948739,-0.6834083711456764,10.420460625055995,dev2023_24
2024-07-30,2024-07-31,0.377555,0.258974,1,12.949999809265137,13.260000228881836,11.720000267028809,12.880000114440918,-0.5405381919321495,11.956521336722629,-0.5405381919321495,5.142858077068713,2.06022370237382,1.0196087407130738,-9.231849927278136,-6.869123749138573,0.7874707598942463,13.374929946671704,-0.439734161795309,13.763401495602512,-0.6990647626397475,10.85921236694253,dev2023_24
2024-07-31,2024-08-01,0.239468,-0.080101,1,12.880000114440918,13.390000343322754,11.619999885559082,13.25,2.872669893412838,13.3584940208579,2.872669893412838,2.3166038235786335,8.163265306122458,12.670065834342559,-6.821380090110818,-2.859239981717976,1.2230843026944724,11.930982442690036,-0.06176385436438635,14.54369537939147,-0.28749147113053697,11.274204327263247,dev2023_24
2024-08-01,2024-08-02,-1.172289,-0.287628,-1,13.25,13.3100004196167,11.979999542236328,12.93000030517578,-2.4150920364092165,10.286162768673579,-2.4150920364092165,0.3882002351754732,-0.15443632728896484,2.4564217308070457,-10.88904134240537,-2.119604331284086,0.2128264979052685,10.913729177645092,-0.20952369183837605,14.910698959495312,-0.6053381056986453,11.466786357061364,dev2023_24
2024-08-02,2024-08-05,-2.678647,-1.01737,-1,12.93000030517578,14.510000228881836,11.6899995803833,14.31999969482422,10.75018837464401,19.692742378463794,10.75018837464401,8.07546939489978,11.180120866371656,16.897956692442605,-3.438976611635647,11.353033259133127,1.7369248466477336,12.958398794421237,1.145741263880682,15.37626415662488,0.7687032367468046,12.082061176362767,dev2023_24
2024-08-05,2024-08-06,-0.262101,-0.815631,-1,14.31999969482422,23.149999618530277,13.90999984741211,20.3700008392334,42.24861224400635,45.36082174980364,42.24861224400635,57.54060602055395,53.73585539044075,57.29730609462702,31.930060834416874,60.39370980441041,1.7590738550969083,20.130948450904306,2.7415026038672856,18.286698470791297,3.6079215230485597,13.99183460201085,dev2023_24
2024-08-06,2024-08-07,1.27102,0.033348,-1,20.3700008392334,20.3700008392334,14.869999885559082,18.739999771118164,-8.00196858595995,29.348991573366206,-8.00196858595995,30.865922978276995,44.9342562166583,45.49689134014119,46.98039036171109,37.794112099083364,0.827536900091654,23.609442498233022,1.552097672899636,18.492186222452364,2.185075721877179,15.069578154986335,dev2023_24
2024-08-07,2024-08-08,-0.742875,-0.542507,1,18.739999771118164,18.739999771118164,13.720000267028809,16.170000076293945,-13.713979328778159,31.045142117524993,-13.713979328778159,-20.618559596964236,12.918997352621343,22.037736424859954,37.49999797263117,13.235296769361415,-0.1095903717271822,27.146772117566446,0.5355557064537265,19.53887728012824,0.876995573457603,16.058109880336172,dev2023_24
2024-08-08,2024-08-09,1.038686,-0.079346,-1,16.170000076293945,17.229999542236328,14.380000114440918,16.600000381469727,2.6592473911375203,17.16867085724174,2.6592473911375203,-11.41942057516231,-18.507610713999124,28.383603941794753,31.537246687814257,15.038115248795991,-0.2721075798519442,28.52327373528007,0.5540529582050583,19.718501456462583,1.0003033527981697,16.393327831740432,dev2023_24
2024-08-09,2024-08-12,-0.084128,0.110814,1,16.600000381469727,16.600000381469727,13.43000030517578,15.34000015258789,-7.590362650162053,20.664928583844645,-7.590362650162053,-5.132961779776846,-18.143007791122322,7.122908376404058,25.224491041533792,9.57142966134208,-1.02049022639967,28.717710976356244,-0.005709677325281334,20.83805488538874,0.3886410684530492,16.801574260932664,dev2023_24
2024-08-12,2024-08-13,-0.854315,-0.835375,-1,15.34000015258789,16.559999465942383,13.399999618530272,15.869999885559082,3.4550177816118133,19.911782420915802,3.4550177816118133,-4.397593247802156,-1.855288740379657,-22.091314522712945,22.548263469508445,15.586310376338087,-0.5143197069763659,23.62790311057868,0.08960382135957594,21.879425780741492,0.5791437730608702,17.494905570114444,dev2023_24
2024-08-13,2024-08-14,0.019678,-0.168084,-1,15.869999885559082,16.3799991607666,14.220000267028809,16.170000076293945,1.8903603837316263,13.358063596452684,1.8903603837316263,5.410690452737921,-2.590363224664638,-13.713979328778159,25.543477737739416,13.953492279505486,0.30091860934002435,20.42971751519597,0.08464269030491425,22.0195800067145,0.6631854579310095,17.891490751158507,dev2023_24
2024-08-14,2024-08-16,1.645975,0.847755,1,16.170000076293945,16.219999313354492,13.81999969482422,15.4399995803833,-4.514536131517177,15.544039402562543,-4.514536131517177,-2.709516750325003,0.6518867457673494,-4.514536131517177,16.52829871987396,8.579460551651618,-0.851441226000234,17.329496972203483,-0.3596806040496759,22.238134544884964,0.3062888841002668,18.390914962138215,dev2023_24
2024-08-16,2024-08-19,0.128356,-0.258561,1,15.4399995803833,15.4399995803833,12.949999809265137,14.399999618530272,-6.73575123133009,17.291665535282178,-6.73575123133009,-10.946199439779758,-9.262761673781982,-13.253016339657886,11.368903933947028,-0.7581020580041842,-1.5522898229107682,17.354095907811573,-1.0298824205476838,22.938684821545824,-0.15927714718425162,18.92469189052057,dev2023_24
2024-08-19,2024-08-20,0.513579,0.202646,-1,14.399999618530272,14.829999923706056,13.199999809265137,14.31999969482422,-0.555555040453648,11.38268260599239,-0.555555040453648,-7.253885466305665,-11.440942317507597,-6.649285838446318,0.0,-3.438976611635647,-1.0891959395984894,15.497646712241117,-1.0723080119803603,22.107678844298682,-0.18363274494172382,18.74197150046178,dev2023_24
2024-08-20,2024-08-21,0.28888,0.363241,1,14.31999969482422,14.31999969482422,11.43000030517578,13.81999969482422,-3.491620186142308,20.911718187163096,-3.491620186142308,-4.027777354658346,-10.492227523226806,-12.917455611327766,-32.15513438661046,-10.492227523226806,-1.0598162756657932,15.697633865490578,-1.325829635369478,19.662768488034626,-0.37161423841921687,18.97473347941296,dev2023_24
2024-08-21,2024-08-22,0.166733,-0.208741,-1,13.81999969482422,14.050000190734863,11.81999969482422,13.329999923706056,-3.545584529221635,16.729186111582887,-3.545584529221635,-6.913406370224906,-7.430553633121717,-17.563389852740173,-28.868729527680827,4.549019009459276,-1.1850563414234938,16.37185836851662,-1.631222287233755,18.400787941856297,-0.6108170353638342,18.44648708215433,dev2023_24
2024-08-22,2024-08-23,0.046954,-0.089554,-1,13.329999923706056,13.779999732971191,10.960000038146973,13.0,-2.475618346547659,21.69230534480168,-2.475618346547659,-5.933427734671525,-9.217875160299883,-15.803106520050358,-19.60420569781771,10.54421553558138,-1.2688865386902874,17.601511556964446,-1.4820912377951954,17.465504264583966,-0.8145124363232292,18.502190772356105,dev2023_24
2024-08-23,2024-08-26,0.755142,0.419576,-1,13.0,13.619999885559082,10.84000015258789,13.550000190734863,4.230770697960495,20.516602906559978,4.230770697960495,1.6504146158137445,-1.9536867586941842,-5.902773960504892,-18.373494702684003,7.369257635572324,-0.1078851519604475,18.246499031220004,-0.8701884746896023,17.80029746951579,-0.589329712993511,18.759399462989187,dev2023_24
2024-08-26,2024-08-27,0.028588,-0.028172,1,13.550000190734863,13.989999771118164,12.010000228881836,13.800000190734863,1.8450184242133405,14.347822571521945,1.8450184242133405,6.153847621037412,3.52588349376477,-3.631281530524788,-10.039113080407802,12.653062781509083,0.8716738445562667,18.839527024325918,-0.5180246110273025,17.16858686828352,-0.5248552945472886,19.00332087683613,dev2023_24
2024-08-27,2024-08-28,0.138302,0.086094,-1,13.800000190734863,14.010000228881836,12.710000038146973,13.630000114440918,-1.2318845937993594,9.53778561863341,-1.2318845937993594,0.5904053326933223,4.84615472646861,-1.3748160968083067,-14.114680449093475,5.250967684874186,0.5442909985238774,16.56474051061998,-0.5250491538365096,16.13118718805528,-0.6344973684059076,19.005306484398385,dev2023_24
2024-08-28,2024-08-29,0.397567,0.465942,1,13.630000114440918,14.09000015258789,12.039999961853027,13.949999809265137,2.3477600303552393,14.69534206999286,2.3477600303552393,1.0869537424425646,2.9520266634666337,4.651161958796957,-13.729129601449063,8.307450972958819,1.0048113776930092,16.15797170230197,0.03832814576163295,16.264915035409295,-0.5120193115036464,19.142247521061897,dev2023_24
2024-08-29,2024-08-30,0.333771,-0.054654,1,13.949999809265137,14.140000343322754,12.479999542236328,13.789999961853027,-1.146952326879913,12.037714326892308,-1.146952326879913,1.1738800151776196,-0.07246542567840297,6.076922783484817,-10.686526317180844,4.0754714102115175,0.2934042384305854,14.227053498720101,0.0737796776462322,15.914282527842271,-0.6144110305107554,19.076208536363616,dev2023_24
2024-08-30,2024-09-02,0.1696,-0.216708,1,13.789999961853027,13.90999984741211,12.539999961853027,13.390000343322754,-2.900649888591611,10.231514939745805,-2.900649888591611,-4.014333144079685,-1.7608200227664406,-1.1808106653866557,-7.013884041412233,3.5576181538282015,-1.5142256780776877,12.170035905357265,-0.7302568515545284,15.208267468288636,-0.8434264873120995,19.07347614491723,dev2023_24
2024-09-02,2024-09-03,0.004549,-0.132538,-1,13.390000343322754,14.25,12.630000114440918,14.0600004196167,5.003734571433793,11.522047206334623,5.003734571433793,1.9579438615704658,0.7885348520112689,1.884059603538235,-1.815637435393902,-1.815637435393902,1.1173405007593762,11.604880832319802,1.3323355829333399,15.22220392832286,-0.48416619320416854,18.664941386310772,dev2023_24
2024-09-03,2024-09-04,-0.321007,0.43344,1,14.0600004196167,14.149999618530272,12.6899995803833,13.84000015258789,-1.564724469864609,10.549133107299648,-1.564724469864609,3.3607154423229035,0.36258296499767084,1.5407192691398341,0.1447211158127626,-32.056948540073094,0.13343092825463643,11.807150330053048,0.638560671997056,14.185945420336514,-0.5665019451740047,16.92435695418557,dev2023_24
2024-09-04,2024-09-05,-0.212709,-0.417417,-1,13.84000015258789,14.5600004196167,12.8100004196167,14.380000114440918,3.901733785400685,12.169680014415205,3.901733785400685,2.2759579322469303,7.393575397567864,3.082439505771095,7.87697071826341,-23.26574018104749,1.338771075405944,11.302017918937517,1.6927855528321902,13.729994810619747,-0.057634656615396816,16.065391376238022,dev2023_24
2024-09-05,2024-09-06,-1.165038,-0.962592,-1,14.380000114440918,14.380000114440918,13.34000015258789,14.210000038146973,-1.182198017670566,7.3187892967004275,-1.182198017670566,2.673409548264316,1.0668535850183236,3.045685840868617,9.307692601130558,-12.121212299933347,0.6108803707480042,10.358232912899142,1.1596723082670999,12.292643205809622,-0.13372487927842527,14.879073735196792,dev2023_24
2024-09-06,2024-09-09,0.339005,0.455216,-1,14.210000038146973,15.670000076293944,12.350000381469728,15.220000267028809,7.107672246097629,21.81340102875263,7.107672246097629,5.841447468031191,9.97109898284847,13.666914688457265,12.324723636799995,-8.313253510411878,1.6583167698174082,12.674610130700506,2.3627959513112797,12.422323018028885,1.0699814120586424,15.111310243772337,dev2023_24
2024-09-09,2024-09-10,0.419868,0.166804,1,15.220000267028809,15.5600004196167,14.109999656677246,14.239999771118164,-6.438899334539605,10.182589791050221,-6.438899334539605,0.21111705060279373,-0.9735767886549618,1.280222945444076,3.1884027123326497,-7.170797721825018,-0.26990476250058215,12.406718647643626,0.33658936695154573,12.005799739981715,0.02303762173014652,14.587193304132617,dev2023_24
2024-09-10,2024-09-11,-0.489795,-0.461572,1,14.239999771118164,14.239999771118164,12.170000076293944,13.359999656677246,-6.179776183885554,15.4940100899602,-6.179776183885554,-12.220765950844925,-5.981705694496043,-3.46821163741744,-1.9809277732698471,-15.81600659723894,-1.3953369991145137,13.395694044175736,-1.2793460840212538,12.601422187114393,-0.9523503995586909,14.366304687584835,dev2023_24
2024-09-11,2024-09-12,1.887959,1.313865,-1,13.359999656677246,13.770000457763672,11.329999923706056,13.630000114440918,2.020961562141421,17.901691222089184,2.020961562141421,-4.2837055230468435,-10.446781371169344,-5.215577149035089,-2.293904653759815,-15.708101112360529,-0.7013126040798349,14.542096285710533,-0.6942317488172013,12.922057102324024,-0.560670563590668,14.593486068866662,dev2023_24
2024-09-12,2024-09-13,-0.127615,-0.290793,1,13.630000114440918,13.630000114440918,11.140000343322754,13.18000030517578,-3.301539291906286,18.892258827492913,-3.301539291906286,-1.3473005698132923,-7.4438165939601735,-7.248414709402828,-4.42349280902593,-14.637301403031621,-0.9017579414199032,16.85679019186903,-1.2673845484424024,13.607511552384086,-1.3023548377578655,14.760897040113182,dev2023_24
2024-09-13,2024-09-16,0.107468,-0.090134,-1,13.18000030517578,13.18000030517578,12.470000267028809,12.550000190734863,-4.779970408600942,5.65737073590751,-4.779970408600942,-7.923697099325777,-6.062870409862253,-17.54270715801487,-6.273339290889391,-12.847218588914288,-1.361130911557854,13.625584133300006,-1.783386287376114,13.150097132000258,-2.099209768045667,14.179182300144443,dev2023_24
2024-09-16,2024-09-17,0.137096,0.006492,1,12.550000190734863,12.960000038146973,12.3100004196167,12.460000038146973,-0.7171326790443744,5.2166903414146395,-0.7171326790443744,-5.462824357796581,-8.584006357082385,-12.499998325712202,-11.37980322701403,-12.988824694944102,-1.1261047163236082,12.63240424337289,-1.4567772608379506,12.519561445508257,-1.9185194564943224,13.870882686915559,dev2023_24
2024-09-17,2024-09-18,-0.1613,-0.097825,1,12.460000038146973,12.75,11.880000114440918,12.59000015258789,1.0433395990603112,6.910245234431173,1.0433395990603112,0.31872479079766425,-4.476480568488272,-5.763469490094741,-9.031791807937717,-8.900141602007283,-0.5777139924676921,10.915651272267084,-1.0746861293044823,12.15567265822141,-1.511500168264158,13.170809039278964,dev2023_24
2024-09-18,2024-09-19,0.150724,-0.279554,-1,12.59000015258789,13.850000381469728,12.260000228881836,13.369999885559082,6.195390973135617,11.89229742855308,6.195390973135617,7.303369539535276,6.533862010851532,-1.9075585231020376,-7.023645485701746,0.30007473429831677,1.3030024738592794,9.713772513559864,-0.12609231576213015,12.127934399635198,-0.35677525988940634,12.928964605127472,dev2023_24
2024-09-19,2024-09-20,1.47605,1.038159,-1,13.369999885559082,13.369999885559082,12.100000381469728,12.470000267028809,-6.731485611322718,10.184438467473688,-6.731485611322718,-0.9531364901089079,0.08025865851701841,-5.386950088826281,-12.244896315602439,-4.076921022855318,-0.56605216051021,7.972208441556018,-0.93824667369866,12.414499316712524,-1.573794601994332,12.353571261261072,dev2023_24
2024-09-20,2024-09-23,0.574232,0.257029,1,12.470000267028809,13.109999656677246,10.899999618530272,12.789999961853027,2.5661562788439563,17.279124665664092,2.5661562788439563,-4.338069773153186,1.5885608168481724,1.912348744786052,-15.96583615336662,-5.608857698773351,0.14265937300941367,10.296559227507334,-0.46098102042705785,11.96107168040367,-1.035658429001739,12.191697349216279,dev2023_24
2024-09-23,2024-09-24,0.005205,0.073105,-1,12.789999961853027,14.029999732971191,12.43000030517578,13.789999961853027,7.818608311044262,11.602606470061314,7.818608311044262,10.585402297980306,3.1413618540684363,10.67415665838032,-3.1601110709133184,-0.07246542567840297,1.4073225260001379,11.57374245323667,1.5239912993034914,12.103073348304779,0.3359349497494512,12.054436544143247,dev2023_24
2024-09-24,2024-09-25,0.245756,0.404256,-1,13.789999961853027,14.109999656677246,12.739999771118164,13.390000343322754,-2.900649888591611,10.231514939745805,-2.900649888591611,4.691167969188936,7.377706949425367,6.354250842248188,0.22455604353637248,-1.7608200227664406,0.4334261613749754,12.237996394299596,0.7240695742017165,11.576823833283338,-0.1959411600246359,12.089123010198865,dev2023_24
2024-09-25,2024-09-26,0.81487,0.810024,-1,13.390000343322754,13.609999656677246,8.979999542236328,12.739999771118164,-4.854373080944152,36.342230750562656,-4.854373080944152,-7.614214602171543,-0.39093190683340273,-4.712042781102643,-6.5297163305215395,-8.673835517498219,-0.5491098948770159,17.12798305870151,-0.414057232795995,13.420877786130688,-0.985274830568698,13.171467444227357,dev2023_24
2024-09-26,2024-09-27,-0.141516,-0.264018,1,12.739999771118164,12.739999771118164,11.350000381469728,12.0,-5.80847554484073,11.583328247070297,-5.80847554484073,-10.380883552522914,-12.980420353913447,-3.769047770363798,-8.952961136976556,-12.980420353913447,-1.3773194592635536,17.407761014620835,-1.5089001074663637,12.689984728088426,-1.7113299570241949,13.148748140236256,dev2023_24
2024-09-27,2024-09-30,-1.406092,-0.961003,-1,12.0,12.079999923706056,10.5,11.960000038146973,-0.33333301544189453,13.210701661091754,-0.33333301544189453,-6.122446993597808,-10.679613655789677,-6.489444301654268,-4.701196363514503,-10.679613655789677,-0.9979233787157836,16.594076413706365,-1.3242900019816144,13.445317820606851,-1.5561365619936254,13.297707476303552,dev2023_24
2024-09-30,2024-10-01,-0.054047,0.032767,-1,11.960000038146973,13.239999771118164,11.600000381469728,12.789999961853027,6.939798671059627,12.822512858012795,6.939798671059627,6.5833330154418945,0.39246618236379316,-7.251631637173883,2.648474499965836,-9.032719913661957,0.35586179141243757,16.83805769129666,0.0016890362536637425,14.205900072266667,-0.5342695856331257,13.36273075888746,dev2023_24
2024-10-01,2024-10-03,-2.119635,-0.796571,1,12.789999961853027,12.789999961853027,11.710000038146973,11.989999771118164,-6.25488814011661,9.007505790847366,-6.25488814011661,0.25083388691895525,-0.08333524068196985,-10.455567858911474,-4.765690025400005,-13.367054632031937,-0.7136963326773803,16.593255861516973,-1.1499111006894007,14.415626127908286,-1.310701130131068,13.28564939306485,dev2023_24
2024-10-03,2024-10-04,-0.93267,-0.664366,-1,11.989999771118164,13.93000030517578,11.6899995803833,13.170000076293944,9.841537345298335,17.008357720699557,9.841537345298335,2.9710720529655177,10.117057142873076,3.375198688390868,-1.4958848988559703,-8.414464732387927,1.4011906688557887,12.726481255544353,0.7395944376431776,14.927232157122933,0.08913729044583307,13.527583278379065,dev2023_24
2024-10-04,2024-10-07,-0.874889,-1.149533,-1,13.170000076293944,14.479999542236328,12.289999961853027,14.130000114440918,7.289294097081878,15.498935333660132,7.289294097081878,17.848210043153156,10.476936329824271,17.750000953674316,13.311947168126515,-0.5629832758007991,1.4627438111578088,13.50960267286232,1.6537273118272882,15.458681843741578,1.2428344443956674,13.936590580227051,dev2023_24
2024-10-07,2024-10-08,0.876763,0.728691,1,14.130000114440918,15.5,13.619999885559082,15.079999923706056,6.723282389037166,12.466844323291545,6.723282389037166,14.502656312433281,25.771477994780014,26.086955481669726,17.90461273403516,-0.9198445523423304,1.3729423748231921,13.36083120530228,1.9219177877884766,14.977453809504322,2.4412574567472394,13.469262744953998,dev2023_24
2024-10-08,2024-10-09,-0.124734,-0.33452,-1,15.079999923706056,15.5600004196167,13.880000114440918,14.59000015258789,-3.2493353686817716,11.514738091882695,-3.2493353686817716,3.2554850277520586,10.782081002793253,14.073496451160871,5.801306692878083,2.4578678869054738,0.6491840383487839,13.09927625207626,1.2610871990992634,14.96866697168646,1.7576315954730413,13.53587015999562,dev2023_24
2024-10-09,2024-10-10,0.066048,-0.273666,1,14.59000015258789,14.59000015258789,12.699999809265137,14.119999885559082,-3.2213863064658232,13.385271661763326,-3.2213863064658232,-6.366048030529736,-0.07077302760680748,17.76480529692519,5.451826165190199,5.688624613863613,-0.13869442412073446,13.97482942625945,0.7483905214364339,15.284042643888213,1.1197394504364577,13.430433238585778,dev2023_24
2024-10-10,2024-10-11,-0.136808,-0.08425,1,14.119999885559082,14.119999885559082,11.729999542236328,13.5,-4.39093406929254,17.703706246835214,-4.39093406929254,-7.47087142692423,-10.477453127982217,2.505694167003525,5.965465012054172,-0.9537792615510243,-1.3287563411953018,14.113899131486582,0.14645861536660093,13.42019019351547,0.42072994589455015,13.420533989823076,dev2023_24
2024-10-11,2024-10-14,0.655738,0.417608,-1,13.5,13.699999809265137,11.539999961853027,13.220000267028809,-2.0740720960829018,16.33887899986835,-2.0740720960829018,-6.373935027086852,-9.389992263407066,-6.440197027897298,10.166668891906738,0.30348984011268065,-1.1543274839260196,14.281887864728224,-0.2253342700831228,13.895745268795272,0.09742674887580524,13.292864998441848,dev2023_24
2024-10-14,2024-10-15,-0.280962,-0.511985,1,13.220000267028809,13.739999771118164,12.920000076293944,13.0,-1.6641472207644226,6.307689960186312,-1.6641472207644226,-3.703703703703709,-7.932010585244676,-13.793103012131025,8.69565182722325,3.5856557962234303,-1.0437400379918176,13.050056992107178,-0.6062219699123532,13.205444098704728,-0.18264778062046294,13.325380959655789,dev2023_24
2024-10-15,2024-10-16,-0.343412,-0.148949,-1,13.0,13.359999656677246,10.920000076293944,13.0,0.0,18.769227541410018,0.0,-1.6641472207644226,-3.703703703703709,-10.897876188889999,1.641908043575535,4.333868059388335,-0.7865117176482205,14.500954882012644,-0.6409720238259495,13.800115567044452,-0.21765906455010153,14.00300781965556,dev2023_24
2024-10-16,2024-10-17,-0.886818,-1.108985,-1,13.0,13.5600004196167,11.4399995803833,13.050000190734863,0.3846168518066406,16.245216921441425,0.3846168518066406,0.3846168518066406,-1.2859309596077062,-7.577901582835967,8.840704252305809,3.653693666178537,-0.4871310021615875,15.072943933948263,-0.8524620315074057,14.523886680103857,-0.18820603801891456,14.469756404006072,dev2023_24
2024-10-17,2024-10-18,0.421013,0.766675,-1,13.050000190734863,13.470000267028809,11.0600004196167,13.390000343322754,2.605365115850966,17.998504746968987,2.605365115850966,3.000002640944266,3.000002640944266,-0.8148122716833073,1.6704651917566204,0.14959205635651784,1.515812224458982,15.13190363397502,-0.43425736997741504,14.622901382730799,0.21682957419535398,14.775066769926866,dev2023_24
2024-10-18,2024-10-21,-0.293514,-0.70143,1,13.390000343322754,14.0600004196167,12.869999885559082,13.039999961853027,-2.6138937452997335,9.125770993395879,-2.6138937452997335,-0.07663010525421621,0.30769201425404624,-1.361575654614089,-7.714084527670362,4.570967783628044,-0.3375091991307542,13.689282032680524,-0.75182237037247,13.985584948704375,-0.24020619485050776,14.722133396222977,dev2023_24
2024-10-21,2024-10-22,-1.246918,-1.316806,-1,13.039999961853027,14.199999809265137,12.550000190734863,13.760000228881836,5.521474456557396,11.991276097997243,5.521474456557396,2.7632552357893747,5.440613239615533,5.846155606783343,-8.753313670440777,7.584052149506615,1.5683840268945564,14.82599926024271,0.5416226767980197,13.938028126174945,0.5779648299056251,14.457740967839635,dev2023_24
2024-10-22,2024-10-23,-0.149558,0.235252,-1,13.760000228881836,14.520000457763672,9.470000267028809,14.399999618530272,4.651158277636469,35.069446698015184,4.651158277636469,10.429445250427616,7.542936888057494,10.769227834848238,-1.3022654699829994,4.42349280902592,1.5296594674497885,18.086043091563745,1.908432282114614,16.293498986788194,1.2730799994366961,15.631082979237325,dev2023_24
2024-10-23,2024-10-24,-0.147736,-0.05448,1,14.399999618530272,15.029999732971191,11.739999771118164,14.619999885559082,1.527779672616858,22.503419887866947,1.527779672616858,6.249997400960305,12.116563867547224,12.030648826648104,3.541076515952124,9.185956017168406,1.1692707000838494,19.337683684848848,1.9005851439698338,17.205313809398557,1.3803502693882375,16.244678226643384,dev2023_24
2024-10-24,2024-10-25,-0.895924,-0.971617,-1,14.619999885559082,14.899999618530272,12.699999809265137,13.970000267028809,-4.445961857854119,15.748029829730555,-4.445961857854119,-2.9861066867538644,1.5261630425426054,4.331590058511736,3.4814834594726562,9.654635149202129,0.019494742086202325,18.88758870140116,0.6979367617312178,17.00974616768809,0.5924385506359308,15.214968180601778,dev2023_24
2024-10-25,2024-10-28,0.654858,0.363076,-1,13.970000267028809,15.079999923706056,13.350000381469728,14.630000114440918,4.724408266260394,11.825013866737345,4.724408266260394,0.06840101887903849,1.5972257083581853,12.193252739564775,10.665656724143213,21.91666762034099,0.899945654326134,19.427437276069455,1.380225991164188,16.55835965437499,1.2227407071484728,15.227052461585131,dev2023_24
2024-10-28,2024-10-29,0.524669,0.567228,1,14.630000114440918,15.479999542236328,13.539999961853027,14.289999961853027,-2.3239928224763617,13.575924321638244,-2.3239928224763617,2.29062053477167,-2.2571814383665845,3.851742181360862,9.923076629638672,19.481604651123853,-0.3378110785024456,19.744366920797653,0.7181005260350769,17.285183090520185,0.7613634216509627,15.245313594612458,dev2023_24
2024-10-29,2024-10-30,-0.514983,-0.125557,1,14.289999961853027,15.029999732971191,13.5600004196167,14.520000457763672,1.6095206194865597,10.123961894012897,1.6095206194865597,-0.7518773466629547,3.9370091640795524,0.8333391834190129,11.692311213566708,13.526196255437672,0.40784697119215757,14.755269959997198,0.8817977689258868,16.42065652578047,0.9530182978940102,15.110386046412462,dev2023_24
2024-10-30,2024-10-31,-0.556677,-0.593433,-1,14.520000457763672,15.699999809265137,14.279999732971191,15.510000228881836,6.818180026907794,9.155383980263924,6.818180026907794,8.537440659801154,6.015038329167832,6.087553695549963,18.850574729443338,29.357802543439114,1.607629194997352,12.085662778476593,1.8394728716981277,15.71167323166272,2.062870750627715,15.11777995588329,dev2023_24
2024-10-31,2024-11-01,0.409,0.006584,-1,15.510000228881836,16.239999771118164,14.649999618530272,15.550000190734863,0.25789788048191653,10.225081241704808,0.25789788048191653,7.093661849166555,8.817356418792087,11.309949130316621,16.131439820979885,18.07137509987513,1.105033086007708,10.981073060871443,1.4865274088234222,14.934330881136301,1.823349400757493,14.778616131933552,dev2023_24
2024-11-01,2024-11-04,-1.271377,-1.317664,1,15.550000190734863,16.1299991607666,13.630000114440918,15.899999618530272,2.2508001511404974,15.723264819529428,2.2508001511404974,2.5145027975060907,9.504126151929505,8.680789433731917,21.932512768741063,12.526535667047911,1.0580438085262571,11.76072325142986,1.6694276570927853,15.59408026374966,1.9151700078597749,14.789832606227018,dev2023_24
2024-11-04,2024-11-05,0.908301,1.240984,-1,15.899999618530272,17.600000381469727,14.779999732971191,16.690000534057617,4.968559336357825,16.896348461727374,4.968559336357825,7.331191828550576,7.607996697372399,16.794965560611352,21.293606514815288,10.676396674383316,1.349495064931008,12.424808079447686,1.954587283815694,16.084587500122673,2.323299501345526,15.01130781314881,dev2023_24
2024-11-05,2024-11-06,1.118187,0.72114,1,16.690000534057617,19.020000457763672,15.800000190734863,16.1200008392334,-3.415216756051487,19.975186720783935,-3.415216756051487,1.3836555093166947,3.6655989807521605,11.019286026359776,11.944453237969444,10.48663927789011,0.34380349634700014,14.395053044801895,1.0483494443820638,14.575161502399547,1.5912482876161689,15.434330244593871,dev2023_24
2024-11-06,2024-11-07,-1.162798,-1.185197,-1,16.1200008392334,20.75,14.710000038146973,14.869999885559082,-7.754347944151608,40.61869541585364,-7.754347944151608,-10.904736909891898,-6.477985897375749,-4.126372236481224,1.709986333494684,5.311614773928186,-1.4139628677015827,20.68771533191984,-0.37952809515069447,16.38668905519821,0.45459006387969336,16.796001432298386,dev2023_24
2024-11-07,2024-11-08,-0.211369,-0.24579,-1,14.869999885559082,15.520000457763672,14.270000457763672,14.9399995803833,0.47074442073262723,8.366800770471842,0.47074442073262723,-7.320106683730254,-10.48532592975815,-3.92283345896689,6.943445202673537,10.666663558394829,-0.9736397081707463,20.316059237673247,-0.46463979201372363,15.648566149272344,0.4573209240441693,16.329156158480217,dev2023_24
2024-11-08,2024-11-11,-0.028574,0.224393,1,14.9399995803833,15.729999542236328,14.390000343322754,14.470000267028809,-3.1459124936764837,9.260533339221025,-3.1459124936764837,-2.6899772804889532,-10.235735026692828,-8.993706828992021,-1.0936421473720759,9.455370459541879,-1.0079571184246485,19.023512941611564,-1.0252605240712505,15.39211809652071,-0.014634354340955988,15.975238875447852,dev2023_24
2024-11-11,2024-11-12,-1.068087,-1.413163,1,14.470000267028809,15.470000267028809,13.119999885559082,14.270000457763672,-1.382168663264327,16.468117071371193,-1.382168663264327,-4.484599340279494,-4.034965920733436,-14.499700412565552,-0.13995454263641127,9.769234290489791,-0.9237106615288934,18.937866663540326,-1.2695687227700236,15.681337371494006,-0.2692842069127427,16.483260231007094,dev2023_24
2024-11-12,2024-11-13,-1.358263,-1.10568,-1,14.270000457763672,14.84000015258789,12.739999771118164,14.59000015258789,2.2424645028663592,14.393422614853367,2.2424645028663592,0.8293011979585874,-2.342700385714669,-9.491318901930457,0.48209154695164624,12.230770404522229,-0.13639433618786542,17.821513842354214,-0.8856255199769305,16.108283443578053,-0.04013206717275421,16.26446998467926,dev2023_24
2024-11-13,2024-11-14,-0.111847,-0.040141,-1,14.59000015258789,15.869999885559082,13.93000030517578,15.4399995803833,5.825904173446106,12.564764463129228,5.825904173446106,8.199012509373006,6.703519664506996,3.833219228049689,-0.45132590242122905,18.31417130051285,1.517499185912969,12.210727651809332,0.19754610644703458,16.449221491864584,0.7577696239527689,16.080447361763653,dev2023_24
2024-11-14,2024-11-18,-0.335278,-0.641805,-1,15.4399995803833,15.6899995803833,13.40999984741211,14.779999732971191,-4.274610526872335,15.426250163489334,-4.274610526872335,1.3022589334901413,3.573926130675442,-1.0709494772824124,-4.951771371825842,10.380876430235443,0.15619263719932205,13.62261753041283,-0.5348466982031064,16.969338384043034,-0.04445853910164529,15.95183463258967,dev2023_24
2024-11-18,2024-11-19,0.275861,-0.046962,1,14.779999732971191,16.579999923706055,13.760000228881836,15.170000076293944,2.6387033177865282,18.58931892314894,2.6387033177865282,-1.7487014988808336,3.97532500096085,4.83759361677516,-4.591192199687654,16.334356753619474,0.6903711914840436,15.488374647198413,0.047341781071229466,17.25594379440499,0.3284230150018099,16.425012029077322,dev2023_24
2024-11-19,2024-11-21,-0.716882,-0.589864,-1,15.170000076293944,16.18000030517578,12.729999542236328,15.65999984741211,3.230057802596087,22.030656427557897,3.230057802596087,5.953992762786164,1.4248722345065357,9.74071019662932,-6.1713640125037,13.808136532892124,1.1950683952417864,16.600882518435753,1.0979669760581012,17.76937459098804,0.9000849539199716,16.926981045555355,dev2023_24
2024-11-21,2024-11-22,2.386948,2.116241,1,15.65999984741211,16.780000686645508,14.84000015258789,15.989999771118164,2.1072792268295615,12.132586377904337,2.1072792268295615,5.405403366514339,8.186739242272845,9.595610718907022,-0.8064581969427276,11.041668018809126,1.259368586494989,16.14871527104595,1.7793197342596434,16.98511455670008,1.2249299713459092,15.780138029549814,dev2023_24
2024-11-22,2024-11-25,1.316128,-0.130496,1,15.989999771118164,18.670000076293945,12.75,16.100000381469727,0.6879337831527055,36.770185938054766,0.6879337831527055,2.809709695688989,6.130522745540978,4.274616703519629,8.271691360974076,10.123122486290281,1.0037685383338772,20.98979956603106,1.4990708008362195,16.600263608920194,1.234365993233085,16.493476332059203,dev2023_24
2024-11-25,2024-11-26,-0.113121,-0.611256,1,16.100000381469727,16.860000610351562,13.630000114440918,15.300000190734863,-4.968945166334415,21.11111408917902,-4.968945166334415,-4.315194435647262,-2.2988484047574143,3.5182710903820746,2.409642707247839,9.520400130879336,-0.8399489699223198,22.12677235116899,0.19300598686017933,17.87469494079091,0.08696137521204331,16.76163054503163,dev2023_24
2024-11-26,2024-11-27,0.332307,0.289612,1,15.300000190734863,16.260000228881836,13.869999885559082,15.3100004196167,0.06536097226907955,15.610713767587145,0.06536097226907955,-4.906831944937573,-4.252653916416616,0.9228763521335281,5.8051149764102306,4.6479856449527235,-0.972815473480943,21.531051320056633,0.08345750021247324,18.50971298362752,0.053612720178937465,16.950915540074114,dev2023_24
2024-11-27,2024-11-28,-1.486103,-1.483059,-1,15.3100004196167,15.3100004196167,13.25,14.630000114440918,-4.441543347735621,14.080658943968993,-4.441543347735621,-4.379085411382366,-9.130436224838256,-6.577265281017253,2.5227725657246625,2.379287288282139,-1.3995088551431787,19.941051823338853,-1.2641258076214175,18.270967170887303,-1.002497512653919,16.976152271190653,dev2023_24
2024-11-28,2024-11-29,0.907203,0.852379,-1,14.630000114440918,15.5600004196167,14.270000457763672,15.210000038146973,3.964456043534481,8.48126205534308,3.964456043534481,-0.6531703378766518,-0.5882362840909705,-4.878047180338685,4.249485120458418,4.752063075964763,-0.19098823575994295,19.210786958826603,-0.31807972261788464,17.679751114936273,-0.18139359582757564,16.894017279257163,dev2023_24
2024-11-29,2024-12-02,0.600677,0.560047,1,15.210000038146973,15.460000038146973,14.329999923706056,14.43000030517578,-5.128203359730044,7.830908458370618,-5.128203359730044,-1.3670526842151087,-5.74787779439494,-10.372671035561165,-6.541446260728767,-6.963248921782361,-1.315452393219927,13.422931462889773,-1.5035610941693074,17.206365514460412,-1.2689800901071473,16.827793503162496,dev2023_24
2024-12-02,2024-12-03,0.746003,0.367908,1,14.43000030517578,15.079999923706056,13.3100004196167,14.699999809265137,1.8710983948663662,12.040813109220311,1.8710983948663662,-3.3530586956130537,0.47846680981993295,-3.921571071829566,-0.5412714827564669,-5.466240328255312,-0.4067697453416445,11.608871266898031,-0.9840279128673461,16.86782180903351,-0.7875075837176155,16.91858009653827,dev2023_24
2024-12-03,2024-12-04,0.042114,-0.086979,1,14.699999809265137,14.890000343322754,14.239999771118164,14.369999885559082,-2.2448974693051515,4.52331647446844,-2.2448974693051515,-0.41580331495333356,-5.522683435116072,-6.139781242939712,-5.273567479969998,-9.622640060872001,-0.8967938715893624,9.391391808274289,-1.2800048304810805,15.461221564165461,-1.1538996575417624,16.358582679285224,dev2023_24
2024-12-04,2024-12-05,0.984778,0.689714,1,14.369999885559082,14.800000190734863,14.109999656677246,14.449999809265137,0.556714852770801,4.775090264120271,0.556714852770801,-1.7006802941754384,0.13859669900480043,-1.2303506751042859,-7.726692528333146,-13.421214218786481,-0.5246900732339063,7.530278072304545,-0.9409166829129184,13.735664947821698,-1.0008405309205564,15.752519769404866,dev2023_24
2024-12-05,2024-12-06,-0.123845,-0.20886,1,14.449999809265137,15.710000038146973,14.0600004196167,14.529999732971191,0.553632697315054,11.355813137326676,0.553632697315054,1.113429705541602,-1.1564631190457364,-4.470744927484072,-9.130707060947485,-9.86352992235837,0.2664708915847511,8.105188288701266,-0.6665667933996062,13.657987623763933,-0.795094849819107,15.321551090232003,dev2023_24
2024-12-06,2024-12-09,-0.238271,-0.060486,-1,14.529999732971191,15.020000457763672,14.050000190734863,14.140000343322754,-2.684097706921895,6.859973433358974,-2.684097706921895,-2.1453250521402456,-1.6005535425749229,-2.009701702840627,-12.17391299197006,-4.909210140245279,-1.4426293248633106,7.911001283698937,-1.3517841333482465,10.666966373294352,-1.371513463278556,13.633614991107274,dev2023_24
2024-12-09,2024-12-10,-0.036354,-0.172801,-1,14.140000343322754,14.640000343322754,13.449999809265137,14.109999656677246,-0.2121689244489633,8.433738929926024,-0.2121689244489633,-2.890571810134923,-2.3529422635001462,-4.013606532266922,-7.777781171390041,-5.555555200924312,-1.1224990511730901,7.189586447840078,-1.1922879258865915,9.399228857369055,-1.2878419512536217,13.636961899079981,dev2023_24
2024-12-10,2024-12-11,0.129012,0.086513,-1,14.109999656677246,14.670000076293944,13.699999809265137,13.779999732971191,-2.3387663482322574,7.039189302071626,-2.3387663482322574,-2.545973137274804,-5.161734437600263,-4.105777016608069,-9.993472532405146,-4.768490126637004,-1.4076841483082612,7.692761013360716,-1.6949423383220807,8.5420764108175,-1.6607120866317,13.525894697222512,dev2023_24
2024-12-11,2024-12-12,-0.377813,-0.226585,1,13.779999732971191,14.109999656677246,13.18000030517578,13.270000457763672,-3.7010107771428435,7.008284245818292,-3.7010107771428435,-5.953219130774845,-6.1527571742239555,-8.166085585308213,-9.29596477128406,-7.007708254528788,-1.4770776102950134,8.139399809700318,-1.960922539242495,7.834838941002431,-2.1100119628859306,13.052903055944867,dev2023_24
2024-12-12,2024-12-13,0.894548,1.101911,1,13.270000457763672,13.399999618530272,12.949999809265137,13.1899995803833,-0.6028701930719693,3.411674174231156,-0.6028701930719693,-4.281568679397041,-6.5201991401791055,-9.222299912003361,-13.280739333974179,-9.595617255399858,-1.1267495292166927,6.550572017081215,-1.731258007100967,7.32788015289124,-1.903166294718876,12.503815633913756,dev2023_24
2024-12-13,2024-12-16,-0.403944,-0.343993,1,13.1899995803833,14.720000267028809,12.470000267028809,13.050000190734863,-1.0614055655972177,17.24137905835003,-1.0614055655972177,-1.6578768608865868,-5.29752943673627,-7.708628897612546,-9.563410154232187,-15.479271079028777,-0.9615090573277434,8.626853142079426,-1.509167702306026,8.26892721288918,-1.7882510193687007,12.737646363674795,dev2023_24
2024-12-16,2024-12-17,-1.346873,-1.012007,-1,13.050000190734863,14.510000228881836,13.050000190734863,14.020000457763672,7.432952129130865,10.413694653900581,7.432952129130865,6.292652795946885,5.651846074814637,-0.6378398377280159,-4.625845988602483,-5.142079086186413,1.3405182414961097,9.022844286874339,0.23668641838733437,8.106215367357208,-0.6254424164986774,12.487018588195358,dev2023_24
2024-12-17,2024-12-18,-0.563568,-0.407853,-1,14.020000457763672,14.979999542236328,13.18000030517578,14.489999771118164,3.3523487732429302,12.42235517938622,3.3523487732429302,11.034479381890439,9.855953237999149,5.152395151707934,0.8350722791562015,-4.482533300961622,1.4242601788812153,10.099477462337257,1.0521337229633672,8.896119237848986,-0.053518659516813394,12.178670401007222,dev2023_24
2024-12-18,2024-12-19,-1.02133,0.312223,-1,14.489999771118164,15.239999771118164,14.270000457763672,14.369999885559082,-0.8281565731855234,6.750169248987111,-0.8281565731855234,2.4964295033356843,10.114940042386976,8.289369931045098,-0.553632697315054,-8.237547729390338,0.8182310897240404,10.04785446297102,0.8640887177636378,9.093627136335668,-0.12319034963303387,11.414646042078683,dev2023_24
2024-12-19,2024-12-20,-1.52056,-1.55755,1,14.369999885559082,15.4399995803833,13.869999885559082,14.510000228881836,0.9742543106311619,10.820121778490181,0.9742543106311619,0.13802938633260542,3.495005386014971,10.007586736103423,-0.13764283865727034,-9.255782135216585,0.6888295935684473,11.529543983822826,1.1276092148994623,9.040058000452017,0.14985452159385199,11.349022812107975,dev2023_24
2024-12-20,2024-12-23,0.703551,0.064242,-1,14.510000228881836,15.550000190734863,14.399999618530272,15.06999969482422,3.8594035638105595,7.631059027821735,3.8594035638105595,4.871258280026791,4.002760061198396,15.478923176748305,6.577081534093709,-6.397519641247862,1.5283735049644602,9.607479977717167,1.6399078044741577,9.117166559898298,1.1070555300105316,9.892066466596324,dev2023_24
2024-12-23,2024-12-24,-0.108616,-0.174386,1,15.06999969482422,16.8799991607666,13.420000076293944,13.520000457763672,-10.28533024849957,25.591708338188713,-10.28533024849957,-6.822879086849298,-5.915096969830913,-3.5663336924010025,-4.181426033092572,-11.633985037785132,-1.5635879374090675,12.643082714574794,-0.6030517970479669,10.832963500724563,-1.1561992884089647,10.11609617904681,dev2023_24
2024-12-24,2024-12-26,0.095037,-0.107673,1,13.520000457763672,15.029999732971191,12.979999542236328,13.18000030517578,-2.514793942870408,15.553870586253545,-2.514793942870408,-12.5414693292765,-9.166091679714249,-9.040714193477829,-4.354132361554419,-13.912475872383068,-1.2367424201602633,13.269385795948258,-0.9609659487513528,11.684431629142756,-1.5396493892578902,10.113254019980129,dev2023_24
2024-12-26,2024-12-27,0.266103,0.050417,-1,13.18000030517578,14.390000343322754,13.079999923706056,14.039999961853027,6.525035180306693,9.330487344558374,6.525035180306693,3.8461500479517685,-6.834769434832477,-2.2964504268206953,5.802558233062194,-4.032810307400581,-0.03172700703079107,13.78544941506251,0.14029519999978496,11.916651939016765,-0.1312823702206392,9.875745440009599,dev2023_24
2024-12-27,2024-12-30,-0.707585,-0.638739,-1,14.039999961853027,14.239999771118164,13.039999961853027,13.239999771118164,-5.698007071997724,9.06344282484676,-5.698007071997724,0.45523114228473993,-2.0710109257779052,-8.75258744128593,0.3790765149775055,-12.952006982827157,-0.7288554828192351,13.434113624333827,-1.045251768752954,12.481828804078324,-1.316540086521775,9.904854478484783,dev2023_24
2024-12-30,2024-12-31,-0.000423,0.357376,-1,13.239999771118164,14.369999885559082,13.239999771118164,13.970000267028809,5.513599007026215,8.088762296647047,5.513599007026215,-0.4985733263134562,5.993929769051642,-7.299266423828832,7.049808910708832,-3.187803384744059,0.948224019030811,13.525654278098889,-0.11817831288814779,11.566567127908026,-0.051105361341813905,9.917747170398602,dev2023_24
2024-12-31,2025-01-01,0.41489,0.445264,1,13.970000267028809,14.640000343322754,13.970000267028809,14.449999809265137,3.435930802157494,4.636678789880333,3.435930802157494,9.138973255773575,2.92022684135389,6.8786931953646935,3.0670423499405075,-1.7006802941754384,1.2284427519913241,9.334648368437215,0.5957508195545175,10.988865541506001,0.8059722867095986,9.547540454431605,dev2023_24
2025-01-02,2025-01-03,-0.760274,-0.79206,1,14.510000228881836,14.800000190734863,13.630000114440918,13.739999771118164,-5.306688115903702,8.515284539911825,-4.91349513853786,-1.6463886293078933,3.7764351106010174,4.248857761577396,-5.175983518612048,-4.384134442993471,-0.3335587363405744,7.926931159168869,-0.44463769262833036,10.598158477558561,-0.37960699336435927,9.747138857703773,val2025
2025-01-03,2025-01-06,-1.619263,-1.787214,-1,13.739999771118164,13.979999542236328,13.229999542236328,13.539999961853027,-1.4556027117667125,5.539143294778548,-1.4556027117667125,-6.297576881825496,-3.0780264635401844,-3.5612535709295567,-5.775921574920472,-6.297576881825496,-0.5426421588243521,7.168662349212904,-0.6360297193336728,10.477055882137707,-0.657161335412616,9.785341509236687,val2025
2025-01-06,2025-01-07,0.38893,0.118244,-1,13.539999961853027,15.920000076293944,13.539999961853027,15.649999618530272,15.583453933691738,15.207668833569132,15.583453933691738,13.901018043879287,8.304497059548144,18.20241608062032,7.856646255451416,7.7081893058648765,1.637585679635434,8.397507550957378,2.002787780198825,10.9158105876456,2.4995978732057798,9.977934294048811,val2025
2025-01-07,2025-01-08,-0.079931,-0.242982,1,15.649999618530272,15.649999618530272,14.350000381469728,14.65999984741211,-6.325877285939097,8.867662009491962,-6.325877285939097,8.271786474996446,6.6957794149881344,4.939152234748323,-2.7206360697732856,3.6775070117654574,0.30079619032837396,8.55328749352636,0.8761403459581618,11.039470885812625,0.9668530178171777,10.07831872285546,val2025
2025-01-08,2025-01-09,-0.685763,-0.626195,-1,14.65999984741211,14.880000114440918,14.100000381469728,14.470000267028809,-1.2960408073731333,5.390461082080896,-1.2960408073731333,-7.539932142262118,6.868539939408569,0.13841147423994116,7.026625570264766,2.551386386329213,0.06920665577055743,8.704043951966472,0.5032089939957451,9.019346160201842,0.6580675989173301,9.926154830463204,val2025
2025-01-09,2025-01-10,-0.4038,-0.511211,-1,14.470000267028809,14.890000343322754,13.75,14.65999984741211,1.3130585824260965,7.776264360084527,1.3130585824260965,0.0,-6.325877285939097,6.6957794149881344,11.229131319937347,6.386067717660082,0.0853309922273477,8.556239916001015,0.6053832375402562,8.24158553758494,0.8521144889455041,9.963008583363848,val2025
2025-01-10,2025-01-13,-1.474724,-0.471861,-1,14.65999984741211,15.520000457763672,14.65999984741211,14.920000076293944,1.7735350040111397,5.764079128377475,1.7735350040111397,3.1098811400197324,1.7735350040111397,10.192024507598706,6.26780709994228,12.434058489914612,0.10357523089067039,8.6012270827208,0.8223936508587671,7.88494471596685,1.102051107311574,9.900798327491808,val2025
2025-01-13,2025-01-14,0.390281,0.043814,-1,14.920000076293944,16.18000030517578,14.449999809265137,16.0,7.238605349754956,10.812503099441528,7.238605349754956,9.140519553446236,10.573598512347182,2.2364242172588478,20.84592353923238,21.304022054677276,1.7267400968582285,7.722193935895279,1.7878916177257465,8.059850743426328,2.1884717035790504,10.270839773752325,val2025
2025-01-14,2025-01-15,0.160295,-0.160212,1,16.0,16.0,15.119999885559082,15.470000267028809,-3.3124983310699463,5.6884298594128735,-3.3124983310699463,3.6863283372816413,5.52524166471724,5.52524166471724,10.737293996623709,18.54406161627551,0.5842519873913742,7.086347505879461,0.9061125065133636,7.81981749970291,1.3837347018438857,9.693192313805469,val2025
2025-01-15,2025-01-16,0.424758,-0.279973,1,15.470000267028809,15.65999984741211,15.199999809265137,15.260000228881836,-1.3574662865038611,3.014416980652161,-1.3574662865038611,-4.624998569488525,2.2788213863893514,5.45957116291913,5.605539310092844,8.844505924616474,-0.0038715892748193465,6.611138685593714,0.5323198265429553,7.657591318780092,1.0096022408189895,9.323228430143047,val2025
2025-01-16,2025-01-17,-0.465858,-0.317479,-1,15.260000228881836,15.56999969482422,13.960000038146973,15.470000267028809,1.3761470183304203,10.407237420083554,1.3761470183304203,0.0,-3.3124983310699463,5.52524166471724,12.590979073719865,6.763288553420166,0.11713168071218194,7.1373332975935195,0.6447615785906956,7.8467866067972665,1.1663542585560895,9.222472542177915,val2025
2025-01-17,2025-01-20,0.610045,0.233358,-1,15.470000267028809,16.3799991607666,14.050000190734863,15.75,1.8099529937821268,14.793644254169767,1.8099529937821268,3.2110076262696685,1.8099529937821268,5.56300214116503,16.32200919034952,9.603341165143142,0.5558703315485646,8.943246322751978,0.9888374973979739,8.772236702736388,1.3499279325479114,9.624646292437046,val2025
2025-01-20,2025-01-21,-1.371186,-1.695013,1,15.75,17.020000457763672,15.18000030517578,16.420000076293945,4.2539687383742475,11.205847405837451,4.2539687383742475,6.140916566691157,7.601571625252235,2.625000476837158,4.920130840463144,13.163334371355129,1.6507415526678222,9.021915184031162,1.744193552368689,8.37205455996322,1.8186005404001206,9.64393257380441,val2025
2025-01-21,2025-01-22,0.567652,0.243299,-1,16.420000076293945,17.450000762939453,15.199999809265137,17.059999465942383,3.8976820138534762,13.188751606740029,3.8976820138534762,8.317456926618295,10.277951981050304,10.277951981050304,16.371075330904183,13.205041880668556,1.4431508312758146,10.521979533496594,1.8946498466257082,8.804163519688027,2.0849277150463745,9.921817202750324,val2025
2025-01-22,2025-01-23,0.215933,0.333142,1,17.059999465942383,17.299999237060547,15.90999984741211,16.770000457763672,-1.6998770061959712,8.288606748397179,-1.6998770061959712,2.1315492073293862,6.476193382626483,9.89515207230427,15.894956104289925,24.038460724561084,0.7087689825004587,11.576817487045597,1.2650716330889222,9.093978086319655,1.6072863030868658,9.056662123260747,val2025
2025-01-23,2025-01-24,-0.487603,-0.395533,1,16.770000457763672,17.079999923706055,15.670000076293944,16.700000762939453,-0.4174102141530467,8.443112473031587,-0.4174102141530467,-2.1101917600971243,1.7052416890652289,7.9508757251423035,13.915422488135022,26.707134872989123,0.32203650134393286,11.183992497635204,0.9916740536162848,9.160662897614362,1.4086347381310111,8.70112421759965,val2025
2025-01-24,2025-01-27,-1.139129,-0.483868,-1,16.700000762939453,17.309999465942383,16.1200008392334,16.75,0.2993966154271277,7.104469413187966,0.2993966154271277,-0.11926331077953822,-1.817112987378744,6.349206349206349,12.265414975524713,19.301994626140306,0.04391566230995932,9.646157529438842,0.8950062156870712,9.29470192609541,1.3017159236852036,8.58982332103113,val2025
2025-01-27,2025-01-28,0.561125,-0.013937,-1,16.75,18.520000457763672,16.75,18.1299991607666,8.238800959800606,9.762827025353431,8.238800959800606,8.562864266453163,8.10971178222788,10.414123486768023,13.31249475479126,36.93353077177175,1.7392665888138525,9.35755345334204,1.955354545632848,9.1897343186866,2.1578383802203263,8.624792531056464,val2025
2025-01-28,2025-01-29,0.896667,0.592137,1,18.1299991607666,18.5,16.829999923706055,18.200000762939453,0.38610924110982214,9.175824210373419,0.38610924110982214,8.656720972772858,8.982035517799435,6.682305584316728,17.647061724550127,30.27917262030444,1.1391091662556578,8.554967974068719,1.5511316117864864,9.538473753782654,1.9082804371698867,8.679145626742782,val2025
2025-01-29,2025-01-30,0.373007,0.345282,1,18.200000762939453,19.01000022888184,17.290000915527344,18.63999938964844,2.417574770683273,9.227464429584058,2.417574770683273,2.8130184913934375,11.283578445662346,11.150857965654094,22.149404391026483,28.996537271209768,1.0655620100848904,8.742739510306095,1.5778291586025899,10.159778498675845,1.9109432202427767,8.908684908727968,val2025
2025-01-30,2025-01-31,1.113572,0.908496,1,18.63999938964844,18.989999771118164,17.219999313354492,17.389999389648438,-6.706008803273777,10.178266359326507,-6.706008803273777,-4.450556809538253,-4.081631579550904,4.131728114888622,12.411112407746504,26.564772047541574,-0.5769397740115302,9.089770287565077,0.23144685736563778,10.13688139260014,0.9472172059846566,8.991833999698702,val2025
2025-01-31,2025-02-03,-0.626797,0.178821,1,17.389999389648438,17.940000534057617,16.110000610351562,16.25,-6.555488382173447,11.26153799203726,-6.555488382173447,-12.821885557441092,-10.714289457120396,-2.985074626865669,3.1746031746031855,20.014771386868556,-1.5703442749254746,9.921184003334938,-1.1883866413086657,9.783670766386889,0.01548299941130966,9.277953734561638,val2025
2025-02-03,2025-02-04,1.618934,0.975546,-1,14.100000381469728,15.109999656677246,14.100000381469728,14.350000381469728,1.7730495974209504,7.038322288212187,-11.692305344801667,-17.481306008488406,-23.015016891905727,-20.849415081478917,-12.606575427564938,-8.306704592639658,-1.519177536652066,9.376283055906688,-2.1958033881535495,9.366918254624363,-1.4053009640158582,8.86948640729379,val2025
2025-02-04,2025-02-05,-0.180924,-0.443035,1,14.350000381469728,15.130000114440918,13.670000076293944,14.020000457763672,-2.2996509751469274,10.413694653900594,-2.2996509751469274,-13.72307410606971,-19.378947959542714,-22.967033681050665,-17.819455470954694,-4.365616618757429,-1.0711004906795227,9.623857144612122,-1.7491133650216755,9.08941255934042,-1.5792634425655583,8.946788039514223,val2025
2025-02-05,2025-02-06,-0.392255,-0.667454,-1,14.020000457763672,14.300000190734863,13.5,14.079999923706056,0.4279562338327825,5.6818195672567295,0.4279562338327825,-1.8815362410186776,-13.353846623347343,-24.46351724922663,-16.04055134543708,-2.695233836390476,-0.7476867564370974,8.914728172146656,-1.351761612718604,8.828733841226374,-1.4886647264992723,8.961355963773013,val2025
2025-02-06,2025-02-07,-0.183872,-0.378655,-1,14.079999923706056,14.640000343322754,13.149999618530272,14.18000030517578,0.7102299858777306,10.507762290023532,0.7102299858777306,1.1412256932096465,-1.184669489719814,-18.4588797995211,-15.089822411002785,-3.2742124640680825,-0.41944582417522785,8.980627358286062,-1.0682474636742527,9.035198822925569,-1.3671655832859353,9.097930860269964,val2025
2025-02-07,2025-02-10,-0.757005,-0.688929,-1,14.18000030517578,14.510000228881836,13.550000190734863,13.6899995803833,-3.455576264082494,7.012418316817026,-3.455576264082494,-2.769888817017141,-2.3537864950470166,-15.75384873610276,-18.26865922159223,-8.243971110060267,-1.5354460212038226,8.130803423242014,-1.083524293795558,9.025993713288475,-1.5841830052192862,9.160347819691943,val2025
2025-02-10,2025-02-11,-1.324973,-1.333202,-1,13.6899995803833,14.720000267028809,13.6899995803833,14.449999809265137,5.551499285440853,7.128032527620422,5.551499285440853,1.9040867297499764,2.6278401105395144,0.6968601054849977,-20.29784623192371,-9.687501192092896,1.330863925494143,8.148745471123663,-0.5620118724661489,8.762514263515175,-0.9890233742284216,8.976124291100886,val2025
2025-02-11,2025-02-12,-0.115076,-0.024077,-1,14.449999809265137,15.43000030517578,13.850000381469728,14.869999885559082,2.9065749608152114,10.625419878048952,2.9065749608152114,8.619432734436527,4.866005398684292,6.062763195736687,-18.296707350481167,-3.8784768656307422,1.4024285747823988,8.191090515953334,-0.19284261428416494,8.907473830282727,-0.6854515443920682,9.222973792032692,val2025
2025-02-12,2025-02-13,-0.060099,-0.105614,-1,14.869999885559082,15.619999885559082,14.609999656677246,14.899999618530272,0.20174669268373524,6.778525199596359,0.20174669268373524,3.1141855723527456,8.83856884759009,5.823861500479177,-20.06437711148824,-2.35911274542584,0.9525054996081748,8.41043164242126,0.07133987427033606,8.662579907283957,-0.6498202356325248,9.4111792029799,val2025
2025-02-13,2025-02-14,-0.443525,-0.723921,1,14.899999618530272,15.470000267028809,12.199999809265137,14.960000038146973,0.4026873902874595,21.858291774233926,0.4026873902874595,0.6052464914629407,3.529413395250236,5.500703217097169,-13.973544777396285,-3.2967047193192323,0.7231333701672642,10.680537539263337,0.5324758573761148,9.830582448774699,-0.5899836710172346,9.983731920687418,val2025
2025-02-14,2025-02-17,0.131928,0.655856,1,14.960000038146973,15.68000030517578,14.359999656677246,15.020000457763672,0.40107232261832326,8.788286340006332,0.40107232261832326,0.8053747805748968,1.0087462902421462,9.715127232627218,-7.569227952223557,-4.634917728484622,0.7982297954953919,11.0357111439012,1.2214638391015502,9.583257283571605,-0.5240311165695608,9.683464024979248,val2025
2025-02-17,2025-02-18,-0.061848,-0.079909,1,15.020000457763672,16.309999465942383,14.5,15.720000267028809,4.660451317784853,11.513991318045221,4.660451317784853,5.080215420747902,5.5033601979341595,8.788930619565583,9.547037276237091,-4.263092606654418,1.7650966454247514,11.912902901986161,1.8521665480455303,10.03082418655491,-0.05538244417869046,9.698871220589636,val2025
2025-02-18,2025-02-19,-0.054042,0.374881,-1,15.720000267028809,16.31999969482422,14.779999732971191,15.670000076293944,-0.31806736568406047,9.827695943555142,-0.31806736568406047,4.327560577365319,4.745989547703999,5.3799609743896415,11.7688984640266,-8.147710628147175,1.0266752076063415,11.753358115087398,1.3864576842292382,9.972224315520364,-0.043681691712711385,9.530818437430392,val2025
2025-02-19,2025-02-20,-0.086121,0.403355,-1,15.670000076293944,16.020000457763672,14.75,15.420000076293944,-1.5954052251614725,8.236059996628125,-1.5954052251614725,-1.9083981274738648,2.663113224630531,3.4899360474947683,9.517046589835342,-8.050091500413437,0.174512641342642,12.04486507449375,0.8254749705333823,10.227648358457504,-0.16462488105800877,9.528191099841939,val2025
2025-02-20,2025-02-21,-0.511715,-0.268187,-1,15.420000076293944,15.899999618530272,14.640000343322754,14.68000030517578,-4.798960878449076,8.583101151321335,-4.798960878449076,-6.317803231002317,-6.6157757263804235,-1.8716559642861785,3.5260930129705104,-12.095810571736298,-1.3991844914606624,9.389826949911232,-0.42899692187141836,10.035182244587284,-0.5881854103032813,9.535190533756426,val2025
2025-02-21,2025-02-24,-1.064007,-0.247685,1,14.68000030517578,15.239999771118164,12.079999923706056,14.529999732971191,-1.0218022417322503,21.748106713598194,-1.0218022417322503,-5.77172723034548,-7.275050017691953,-3.2623216368758756,6.135866897991327,-13.25373293748543,-1.2014092857570888,11.981791024629604,-1.1021191530972658,11.508751084265402,-0.6180359884371704,10.267372398776939,val2025
2025-02-24,2025-02-25,-0.025717,0.138121,-1,14.529999732971191,15.579999923706056,14.369999885559082,14.4399995803833,-0.6194091826695947,8.37950189271997,-0.6194091826695947,-1.6348822874878377,-6.355385804551672,-8.142497868337738,-0.06920573711997058,-20.353004694939404,-0.9092186459138776,11.354893139564554,-1.2973230355575454,11.633898020775355,-0.6051320478012187,10.198206142145263,val2025
2025-02-25,2025-02-27,-0.011088,-0.105898,1,14.4399995803833,15.079999923706056,13.609999656677246,13.720000267028809,-4.986144974218765,10.71428745203044,-4.986144974218765,-5.574669517056819,-6.539509660694631,-12.444159539061872,-7.7336894914645455,-24.615386308297527,-1.3800523072787425,11.532211441259614,-1.9460814894387872,11.642784778173505,-1.0786266268698028,10.275129304228116,val2025
2025-02-27,2025-02-28,-1.864489,-1.376073,1,13.720000267028809,14.010000228881836,12.90999984741211,13.3100004196167,-2.988337022101961,8.264465415406834,-2.988337022101961,-7.825479180080464,-8.39641662612074,-13.683525591683154,-10.671135836380707,-28.59441601157836,-1.3967335901603268,11.537892525015357,-1.8157395167365085,11.791378799754552,-1.5320013407319568,10.226979353519253,val2025
2025-02-28,2025-03-03,-0.024407,-0.339047,-1,13.3100004196167,14.119999885559082,13.229999542236328,13.90999984741211,4.507884364234216,6.398277160932783,4.507884364234216,1.384836564762315,-3.6703583682314966,-5.245234616869787,-7.018717834608523,-20.01149893258668,-0.14151180023956328,11.100927726937645,-0.8832210067419151,10.245377338424436,-0.9218108473793967,10.037979893599568,val2025
2025-03-03,2025-03-04,-0.165692,0.49239,1,13.90999984741211,14.359999656677246,13.56999969482422,13.760000228881836,-1.0783581608606596,5.741278697036929,-1.0783581608606596,3.3809150644496855,0.2915449057909525,-5.299377276257533,-8.388816181630377,-15.323075514573315,-0.16666340333799037,7.899562123625392,-0.8789481529290823,9.940676574127497,-1.074579976142725,9.761966928849551,val2025
2025-03-04,2025-03-05,1.153168,1.197161,-1,13.760000228881836,14.199999809265137,13.369999885559082,13.829999923706056,0.508718703923372,6.0014456130498495,0.508718703923372,-0.5751252665968654,3.906833115669661,-4.22437447647801,-12.022902743117925,-3.6236964734520316,0.5324778129209363,7.423950867691369,-0.6463086102054962,9.38942200362796,-0.9113942739480898,9.710123095091435,val2025
2025-03-05,2025-03-06,0.928492,0.304097,1,13.829999923706056,14.130000114440918,13.100000381469728,13.670000076293944,-1.1569041814516345,7.5347456270858455,-1.1569041814516345,-0.6540708654857785,-1.7253757997906516,-0.36443286998341096,-12.76324180129177,-2.4964363055773875,-0.11149477421256206,6.78804250270245,-0.7276502737248589,9.16012697198103,-1.0928718331905747,9.566175643750697,val2025
2025-03-06,2025-03-07,0.034598,0.194814,-1,13.670000076293944,14.18000030517578,13.279999732971191,13.729999542236328,0.4389134279994211,6.554993461114106,0.4389134279994211,-0.7230685612536925,-0.21802824234361529,3.1555154724159262,-10.959795886484791,-2.4857981773170557,-0.5391681947601581,6.446148111843904,-0.5170329075246152,8.992020318429628,-0.964302711740459,9.609834338443566,val2025
2025-03-07,2025-03-10,-0.408824,-0.27329,1,13.729999542236328,13.859999656677246,13.329999923706056,13.470000267028809,-1.893658294799705,3.9346675758314307,-1.893658294799705,-1.463056387336592,-2.603034408266125,-3.1631889662828483,-8.24250690049616,-5.007052347437657,-1.6225570285450543,5.953426194823633,-0.9580759871849762,8.527176960880638,-1.2262464147734669,9.281179602733962,val2025
2025-03-10,2025-03-11,0.167406,0.679989,-1,13.470000267028809,14.210000038146973,13.470000267028809,13.989999771118164,3.860426828366026,5.289490945138299,3.860426828366026,1.8936652407163024,2.3408902197385784,1.6715082733324893,-3.716448532532801,2.191382030169975,1.307966769086658,5.863068644443908,0.6797507167363469,6.881315384034648,-0.5601480382886639,9.195033234150024,val2025
2025-03-11,2025-03-12,-0.121789,-0.292195,1,13.989999771118164,14.5,13.68000030517578,14.06999969482422,0.5718364904566675,5.828000800354424,0.5718364904566675,4.454338648114664,2.4763304000264608,1.7353562721774018,-2.5623261517384255,-2.629758612157662,1.1625296280702948,5.828379681904822,1.4153405358531468,6.626165274798095,-0.42363979686981124,9.130031647786726,val2025
2025-03-12,2025-03-13,-0.326205,-0.640153,-1,14.06999969482422,14.369999885559082,13.640000343322754,13.6899995803833,-2.700782677207214,5.332356206075859,-2.700782677207214,-2.1443902476267596,1.633253964315018,0.14630215053210716,-0.2186638925773532,-7.935442597560016,-0.4130972398080211,5.387901797702825,-0.23094398799092786,6.087972150202637,-0.8503079068231529,8.865378464188069,val2025
2025-03-13,2025-03-17,0.498053,0.696099,-1,13.6899995803833,13.93000030517578,13.220000267028809,13.279999732971191,-2.9948857558739994,5.346385936922903,-2.9948857558739994,-5.614783077384411,-5.0750539654242255,-3.2774932575987625,-0.22539959203375926,-10.872482731773891,-1.2516424786260116,5.146180292864584,-1.9500563099783423,5.796164202354243,-1.254479222754674,8.793771501054398,val2025
2025-03-17,2025-03-18,1.446326,0.759192,1,13.279999732971191,14.100000381469728,13.279999732971191,13.420000076293944,1.0542194739293853,6.110287957054823,1.0542194739293853,-1.972238950804972,-4.619755740075715,-0.37119665733974516,-3.5226439719144076,-10.294117365816414,-0.7831839300731736,5.581304369109263,-1.0959596579571766,5.7673652819664465,-0.9699473400618398,8.006371310195444,val2025
2025-03-18,2025-03-19,0.321008,0.142733,1,13.420000076293944,13.649999618530272,11.34000015258789,13.210000038146973,-1.5648288893673756,17.48674836693199,-1.5648288893673756,-0.527106146323375,-3.506205675302798,-5.575409190366621,-3.9970943429232575,-12.050601627519464,-0.9218466108555872,8.020755853468,-1.4790239795391598,6.941912248955953,-1.1240876224249312,8.441294411541724,val2025
2025-03-19,2025-03-20,1.235616,0.668718,-1,13.210000038146973,13.56999969482422,12.59000015258789,13.300000190734863,0.6813031970325012,7.368417505129239,0.6813031970325012,-0.8941869215862153,0.1506058596824733,-5.47263341002494,-3.8322468249816777,-15.39440225945583,-0.4231076571831759,8.328839194422965,-0.9529040286858844,7.078609438163892,-0.9579126618196456,8.234015720895925,val2025
2025-03-20,2025-03-21,0.688855,0.786205,1,13.300000190734863,13.300000190734863,12.510000228881836,12.600000381469728,-5.263156385161361,6.2698407772657365,-5.263156385161361,-4.617711240845779,-6.110280850688832,-7.962010462552948,-7.827356904553151,-19.59157421746669,-1.7391796580435241,8.51633610866094,-2.0533505846527906,6.952118953181881,-1.9374446335094657,8.056122962581457,val2025
2025-03-21,2025-03-24,1.318821,0.6079,1,12.600000381469728,12.84000015258789,10.699999809265137,12.579999923706056,-0.15873378696944496,17.011131608117783,-0.15873378696944496,-5.413535764686516,-4.769115159891313,-5.271083007081668,-8.375816874520892,-18.417640327732443,-1.101153243539556,10.849285242899915,-1.5640560426689383,7.997732767882249,-1.957829482704641,8.49487654315594,val2025
2025-03-24,2025-03-25,0.043536,-0.34882,1,12.579999923706056,13.949999809265137,12.579999923706056,13.699999809265137,8.903019812015467,9.999999303887337,8.903019812015467,8.730153924543771,3.007515885668366,2.0864361503678763,1.707494711780444,-6.6757525581598305,1.2899121904090527,11.627227512266419,0.619483463209689,8.60426594068784,0.18017002246045377,8.56572145078424,val2025
2025-03-25,2025-03-26,-0.768105,-0.903339,1,13.699999809265137,14.479999542236328,13.489999771118164,13.640000343322754,-0.43795231224605935,7.258062655422166,-0.43795231224605935,8.426076518642954,8.253967701322518,3.255112066116994,-2.5017829415406534,-6.1252539986554,0.8721406023509378,9.581490369964452,0.6130455027117278,8.801123111716226,0.16537677511639887,7.841219247875436,val2025
2025-03-26,2025-03-27,0.447484,0.674235,-1,13.640000343322754,13.920000076293944,13.3100004196167,13.470000267028809,-1.2463348388196072,4.52857939558005,-1.2463348388196072,-1.6788287988207307,7.0747245526258995,1.2781960440299223,-4.264388349746218,-6.7174469635874035,0.48446480762433386,9.013522748054616,0.4453385165977914,8.671180971238789,-0.11948718374519426,7.648673123018442,val2025
2025-03-27,2025-03-28,-0.307732,-0.343426,-1,13.470000267028809,13.850000381469728,12.979999542236328,13.300000190734863,-1.262064386962658,6.541359599674788,-1.262064386962658,-2.4926696776392143,-2.919705285395402,5.555553873590302,-2.8487903696306605,-3.0612249862944085,-0.08414971745384989,9.067826512536424,0.1310158664804771,8.79208131059868,-0.49450932580966606,7.440026730400659,val2025
2025-03-28,2025-04-01,-1.503656,-0.751464,-1,13.300000190734863,13.609999656677246,12.56999969482422,12.720000267028809,-4.360901619460867,8.176100157393734,-4.360901619460867,-5.567928620133822,-6.744868424760098,1.112880319330789,-4.2168635331522815,-4.432758331985697,-1.6420074541593712,7.300820222391616,-1.1387153786220978,9.075052732645764,-1.7279574560595883,7.435608467500005,val2025
2025-04-01,2025-04-02,0.719383,0.602563,-1,12.720000267028809,14.050000190734863,12.720000267028809,13.779999732971191,8.333328959826991,9.651668719004286,8.333328959826991,3.6090190628020435,2.30140653152906,0.5839410570790848,2.6825607647587013,-0.9345802722284247,0.966941915709423,7.231154105415006,1.216792359492003,9.429190808840712,0.7496028324958525,7.598278045403579,val2025
2025-04-02,2025-04-03,-0.352515,0.431096,1,13.779999732971191,14.140000343322754,13.510000228881836,13.720000267028809,-0.43540977579863416,4.591837479441612,-0.43540977579863416,7.861635055087812,3.157895265193522,0.5865096898272304,3.860713303626717,-0.2906973923522793,0.7568204767300667,6.697909070218894,0.919274970815423,8.139699720091674,0.6155299218952869,7.5408059845238125,val2025
2025-04-03,2025-04-04,-1.48666,-1.233053,-1,13.720000267028809,14.109999656677246,13.40999984741211,13.600000381469728,-0.8746347173728353,5.1470572766961125,-0.8746347173728353,-1.3062362481095047,6.91823974817003,0.96510847708835,2.255640499493028,-1.6630480369134726,0.4047533857550534,6.821604646442107,0.5919935350303402,7.91756369724836,0.3666451251361177,7.498086567706126,val2025
2025-04-04,2025-04-07,-3.243256,1.853077,-1,13.600000381469728,14.25,13.399999618530272,13.760000228881836,1.1764694332664138,6.177328250951643,1.1764694332664138,0.2915449057909525,-0.1451342850283477,3.458646853760361,9.206347716608555,0.6583771184022646,0.5417143978914133,6.7487983766974775,0.7647577842900622,7.908312444616952,0.7339930401776618,7.430215698899417,val2025
2025-04-07,2025-04-08,1.688732,0.396939,1,13.760000228881836,23.190000534057617,13.760000228881836,22.790000915527344,65.62500389855954,41.37779695634373,65.62500389855954,67.5735314432724,66.10787516014187,79.16667010299308,81.1605807133696,65.98690222399914,1.7885897162899909,13.389137736487475,2.8294614243203937,10.344978979439546,4.167218839238582,9.171355873660897,val2025
2025-04-08,2025-04-09,-0.606589,-0.272258,-1,22.790000915527344,22.790000915527344,19.3799991607666,20.440000534057617,-10.311541408796598,16.682982708727994,-10.311541408796598,48.5465130382386,50.29411735831659,48.33092111860602,49.19708626736114,51.74461862550683,0.8098500995535254,14.795400534432218,1.5278906384376074,11.013277319923612,2.3980087148406954,9.808771630305724,val2025
2025-04-09,2025-04-11,1.917037,0.586683,-1,20.440000534057617,21.75,19.700000762939453,21.43000030517578,4.8434429806819335,9.566025235031987,4.8434429806819335,-5.967532056679136,55.74127869703693,56.195334461291836,57.111435232965356,53.180848147097336,0.6888662365179908,15.790238085550294,1.3990704700678798,11.244073577884594,2.2413011546905985,10.02259834480041,val2025
2025-04-11,2025-04-15,2.19024,-0.170316,1,21.43000030517578,21.43000030517578,18.86000061035156,20.11000061035156,-6.159587848934445,12.779709680870537,-6.159587848934445,-1.614480993560663,-11.759544526169108,47.86764739912681,49.2947305990469,42.928223500596154,0.11597410051667259,17.31676856638518,0.8743238261007688,12.069186606413641,1.5852583178840123,10.370183788826214,val2025
2025-04-15,2025-04-16,0.465738,0.398816,1,20.11000061035156,20.11000061035156,15.970000267028809,16.1299991607666,-19.79115528985247,25.666463476281987,-19.79115528985247,-24.731689542389425,-21.086111842852397,17.22382916033829,21.27818743944976,17.823226115212076,-1.6248951070228501,21.214595611451248,-0.18424194193452134,13.98169699407436,0.3309416537120147,11.386889152336522,val2025
2025-04-16,2025-04-17,1.768343,1.92207,1,16.1299991607666,16.1299991607666,15.119999885559082,15.869999885559082,-1.6118988762251263,6.364204678580805,-1.6118988762251263,-21.084040756368505,-25.944938592809287,-30.364198121876807,24.76414742455082,19.5030135893566,-1.1254610743237772,14.211877155898662,-0.3546836538276514,13.80050744619307,0.2131710469950549,11.437780089419416,val2025
2025-04-17,2025-04-21,1.148348,0.736561,1,15.869999885559082,16.459999084472656,15.09000015258789,15.470000267028809,-2.520476505448832,8.855842975029823,-2.520476505448832,-4.091747849207117,-23.073098968153804,-24.315069164248193,12.26415505665055,15.275709233088097,-0.8451315211926033,12.646449209159028,-0.5308140933817661,13.720924871795622,0.058738271074524735,11.575057840318166,val2025
2025-04-21,2025-04-22,0.172846,-0.075045,1,15.470000267028809,16.329999923706055,14.220000267028809,15.520000457763672,0.3232074329140744,13.595358211614917,0.3232074329140744,-2.205415439945224,-3.7817652494777865,-27.578160351144387,13.119534662550492,17.48675558626822,-0.5585265085357596,13.452315804475614,-0.5956494872645346,14.621276945012955,0.03882850740209799,11.380488332552314,val2025
2025-04-22,2025-04-23,0.669087,-0.117622,1,15.520000457763672,16.010000228881836,14.539999961853027,15.229999542236328,-1.868562544933916,9.652004669810765,-1.868562544933916,-1.551394445053722,-4.032768418008137,-24.266538637513847,11.985287610634977,14.511273111454193,-1.1659444953842377,12.82677480226366,-0.7719170324898591,15.071771684324418,-0.08368470131710862,11.49466769078639,val2025
2025-04-23,2025-04-24,-0.338075,-0.128512,1,15.229999542236328,16.520000457763672,12.84000015258789,15.960000038146973,4.793174772502029,23.05764596729315,4.793174772502029,2.8350487590559137,3.167419280285988,-1.0539313791976035,15.988370440920496,26.666663134539647,1.1631178542485006,12.305011300465893,-0.6597270005069539,16.75980345595857,0.09742878905235793,12.334057950287761,val2025
2025-04-24,2025-04-25,-0.855168,-1.027832,-1,15.960000038146973,16.760000228881836,15.550000190734863,16.25,1.8170423631571397,7.4461540809044475,1.8170423631571397,6.697311151815688,4.703605159181268,2.394455684821395,-28.696799705135124,29.173291721394268,1.3726322288995016,12.52140118093062,-0.41271015432681374,13.366639168414642,0.13591320047987993,11.855809073927094,val2025
2025-04-25,2025-04-28,1.20282,1.072901,1,16.25,17.579999923706055,15.920000076293944,17.15999984741211,5.599999060997596,9.673658870471696,5.599999060997596,7.518795779429466,12.67235957442705,10.924366846878431,-16.046969671944446,25.2554750826129,1.5214026541740115,12.684964360018995,0.11630908785094321,12.665706784589013,0.3869230450267424,11.839492052256311,val2025
2025-04-28,2025-04-29,0.030623,-0.142589,1,17.15999984741211,18.06999969482422,16.6200008392334,16.940000534057617,-1.2820472920206383,8.559615170469561,-1.2820472920206383,4.246157132662254,6.140353969726098,9.149484757802373,-20.951935171152268,24.193549176487572,0.8138970497363462,11.677815751789925,0.3350008276406349,12.56506577813277,0.2607801146816516,11.90456967800868,val2025
2025-04-29,2025-04-30,-0.007191,-0.032249,-1,16.940000534057617,17.59000015258789,16.06999969482422,17.3700008392334,2.5383724416730313,8.75072184412603,2.5383724416730313,1.223782014502528,6.8923128568209036,14.051223646214495,-13.625060606451466,28.953233072688313,1.048787249669219,11.497559186652978,1.5915625267228104,12.16216699445832,0.34906321041655336,12.115676800435981,val2025
2025-04-30,2025-05-02,0.051368,0.14314,1,17.3700008392334,18.559999465942383,15.989999771118164,18.21999931335449,4.893485509806128,14.105377561351046,4.893485509806128,7.556072839097339,6.177153119859957,14.160396427354339,12.957224186790084,36.992474075654734,1.4449892576273278,9.707105505464558,1.8598750575398013,11.006058402965225,0.5753008629963161,12.493877698519793,val2025
2025-05-02,2025-05-05,0.470084,0.17056,-1,18.21999931335449,18.86000061035156,17.350000381469727,18.26000022888184,0.21954400128891827,8.269442551777548,0.21954400128891827,5.123772864985776,7.792205745037517,12.369232177734402,15.059863645604299,43.55345790528893,1.093523029301066,9.871763199639176,1.4514088373466711,11.196582190284898,0.5153457925243661,12.498544818238983,val2025
2025-05-05,2025-05-06,-0.333386,-0.494475,1,18.26000022888184,18.799999237060547,18.06999969482422,18.34000015258789,0.4381156774549977,3.9803682451623126,0.4381156774549977,0.6586215354324798,5.584336594639461,6.876458716016454,18.552035139106682,33.09144055138156,0.8125229466934549,8.7331050745773,1.228046056489343,10.709034717298147,0.4751503950432493,12.214979794546885,val2025
2025-05-06,2025-05-07,0.142742,0.747319,-1,18.34000015258789,19.299999237060547,17.989999771118164,19.0,3.598690523014958,6.8947340312757,3.598690523014958,4.052572627834383,4.281013809225587,12.160563169999827,22.42267680150425,38.483962319299756,1.3139498444021496,8.400128846738529,1.4331299447165702,10.038972299264227,0.6562274300090662,12.33012462213859,val2025
2025-05-07,2025-05-08,-0.57589,-0.645478,-1,19.0,19.729999542236328,18.36000061035156,19.059999465942383,0.31578666285465573,7.187822509296342,0.31578666285465573,3.9258413705786976,4.381156774550221,9.729410161522889,25.14773498899048,40.14705096561624,1.1600338717809757,8.087548979772588,1.2923622972651,9.792554083212783,0.6050774846822401,12.432162883768601,val2025
2025-05-08,2025-05-09,-1.095008,0.30185,-1,19.059999465942383,21.88999938964844,18.149999618530277,21.01000022888184,10.230854237031028,17.801045837100443,10.230854237031028,10.57894857306232,14.55834271581069,15.312848631571562,31.641605129477135,52.68895261195175,1.6885970436437603,8.826682634922468,2.1076617305502774,9.266894070193512,1.3390816544446864,13.013348763076042,val2025
2025-05-09,2025-05-12,3.818311,2.066331,-1,21.01000022888184,22.75,21.0,21.6299991607666,2.9509706098549637,8.090615200643295,2.9509706098549637,13.483734348557874,13.842100846140015,18.45563466398228,33.107687143179085,-5.089959228436913,1.277858577646268,8.79091716469562,1.877565242450791,9.331340182167398,1.7360020649358476,11.348989675291019,val2025
2025-05-12,2025-05-13,-1.389585,-1.149049,1,21.6299991607666,21.6299991607666,17.209999084472656,18.38999938964844,-14.979195084736796,24.0348027351318,-14.979195084736796,-12.47025611942526,-3.5152156089570785,0.27262397298015717,7.167829563948547,-10.029359544259385,-1.0105650243461894,12.801804062689516,-0.2934267483542222,10.767454568633408,0.2573539164325031,11.71658067661121,val2025
2025-05-13,2025-05-14,0.360276,0.215733,-1,18.38999938964844,18.899999618530277,17.889999389648438,18.200000762939453,-1.0331627678896838,5.54945157441145,-1.0331627678896838,-15.857598386081417,-13.37458084402856,-4.210522300318664,7.438017645563977,-15.07232616070574,-0.9311072793043699,12.532747571316666,-0.5576263073115137,10.466438209027597,0.2666415075972957,11.515751993580183,val2025
2025-05-14,2025-05-15,1.602147,1.488796,1,18.200000762939453,19.239999771118164,17.079999923706055,17.229999542236328,-5.329676813411632,12.536273388268224,-5.329676813411632,-6.307775344816302,-20.34211645514613,-9.601259050274447,-0.8059947624231012,-14.321238094009603,-1.0765138572289894,13.602437747111043,-1.25266908221713,10.844993363441816,-0.18800814930299398,11.503580178950068,val2025
2025-05-15,2025-05-16,-0.168781,-0.178937,1,17.229999542236328,17.670000076293945,16.719999313354492,16.889999389648438,-1.9733033175911574,5.624634678919472,-1.9733033175911574,-7.197809441626857,-8.156607122262006,-19.609713442885912,-7.2996705479083985,4.711718961092104,-0.8405137032323032,11.16715551547485,-1.2773196798720658,9.996919075198658,-0.4077055594059946,10.501488739081942,val2025
2025-05-16,2025-05-19,-0.297165,-0.239549,-1,16.889999389648438,17.059999465942383,16.219999313354492,16.549999237060547,-2.01302643501734,5.075529856864716,-2.01302643501734,-3.946606635182315,-9.06594206984207,-23.485899772573138,-9.364736968166,4.284810059263022,-1.1149235649717895,10.56413844671913,-1.2574209339227258,9.677527805707374,-0.6330691973730956,10.437054997996137,val2025
2025-05-19,2025-05-20,-1.048488,-1.24939,-1,16.549999237060547,17.450000762939453,15.829999923706056,17.360000610351562,4.894268342183206,9.331801741224648,4.894268342183206,2.782718991637023,0.7545041878646463,-5.600863586089377,-5.343508909938821,12.217196578534706,0.1840563498015012,7.623538247937702,-0.6887554055873744,10.21267115531361,-0.22509535351660304,10.460852936305878,val2025
2025-05-20,2025-05-21,0.524836,0.279661,1,17.360000610351562,17.65999984741211,15.970000267028809,17.389999389648438,0.17280402213226687,9.718226795276882,0.17280402213226687,5.0755298568647245,2.960331664111493,-4.450556809538253,-8.473687422902964,12.048961834594053,0.8536954045513104,8.457293292110787,-0.5675856760118536,10.495020431713726,-0.2776916246478837,10.266996365488975,val2025
2025-05-21,2025-05-22,-0.821127,-0.502346,1,17.389999389648438,18.0,17.040000915527344,17.549999237060547,0.9200681600216143,5.470080491202612,0.9200681600216143,1.0944620969407737,6.042296351051735,1.8572240471614432,-7.9223518950249705,15.23309103450936,0.9684064325659332,7.044054712697667,-0.3878548356652468,10.323246229904354,-0.27057727987119784,10.057900156558569,val2025
2025-05-22,2025-05-23,0.989244,0.867104,-1,17.549999237060547,18.200000762939453,16.700000762939453,17.260000228881836,-1.6524160728526804,8.690614021487619,-1.6524160728526804,-0.7475512669884554,-0.5760390435130325,2.1906504002609184,-17.848643308651603,8.145364584133175,0.09747877541292385,7.657250581211295,-0.4070613222675629,9.412203048343072,-0.5433197361695246,9.339548559268291,val2025
2025-05-23,2025-05-26,0.595498,0.328259,1,17.260000228881836,17.520000457763672,15.489999771118164,17.280000686645508,0.11587750578476719,11.747688692016963,0.11587750578476719,-1.538453345598323,-0.6325400049663421,4.410885095089689,-20.110950729999576,6.338465763972345,-0.7639166136459469,8.991682348241744,-0.2378386453032527,9.77791039748044,-0.588315860267462,9.554625289823917,val2025
2025-05-26,2025-05-27,-0.699768,-0.522706,1,17.280000686645508,18.40999984741211,16.059999465942383,18.020000457763672,4.282405912692222,13.041067268437615,4.282405912692222,4.403245763636199,2.6780697500579764,3.801842305342773,-2.011957282027088,5.01165861304631,1.6632030591312519,9.733535453684338,1.3436435471682167,8.678536850811021,-0.059630988894716803,9.722995709722214,val2025
2025-05-27,2025-05-28,-0.297065,-0.32236,-1,18.020000457763672,19.18000030517578,17.420000076293945,18.540000915527344,2.885685041920394,9.492988899519563,2.885685041920394,7.291667701469495,7.415994609916821,6.613004981262138,1.8681326282152133,9.445102308308373,1.48132221496333,9.688487874532875,2.0484790354198474,9.072890583321833,0.2846191992716241,9.769664396174715,val2025
2025-05-28,2025-05-29,0.327846,0.03424,-1,18.540000915527344,19.040000915527344,17.8799991607666,18.020000457763672,-2.8047488246247587,6.437301472214843,-2.8047488246247587,0.0,4.282405912692222,2.6780697500579764,4.585031552617247,3.742081676024611,0.3573214505664134,9.88193207073532,0.9195301865445714,8.462993391716493,-0.15077325235563618,9.653993377579154,val2025
2025-05-29,2025-05-30,-0.333822,-0.24947,-1,18.020000457763672,18.020000457763672,16.209999084472656,16.420000076293945,-8.879025198805635,11.023150821443476,-8.879025198805635,-11.43473966852875,-8.879025198805635,-4.866744736088046,-2.7827076988679256,-9.879249752447683,-1.5001061538778893,10.348439430726492,-1.5693867616529307,9.002845005968894,-1.285767666838991,9.499882040583776,val2025
2025-05-30,2025-06-02,-0.137774,0.190112,1,16.420000076293945,16.549999237060547,15.289999961853027,16.079999923706055,-2.070646473861837,7.8358164252846585,-2.070646473861837,-10.765818450475095,-13.268613108648907,-6.944448583655727,-2.8398751360786734,-11.938665267526549,-1.2234350084861367,9.566064977380032,-1.7911718033454238,9.27887366281089,-1.3815361203516818,9.478200734259133,val2025
2025-06-02,2025-06-03,-0.704385,-0.983608,1,16.079999923706055,17.729999542236328,16.079999923706055,17.15999984741211,6.716417467849967,9.615382477868199,6.716417467849967,4.5066977325202595,-4.7724782935898435,-4.7724782935898435,-1.152078087026076,-6.434025601735205,-0.08080395560588886,8.880928019266147,-0.28797596073183307,9.307231736475243,-0.5625127460934133,9.759951445894426,val2025
2025-06-03,2025-06-04,0.316594,0.243277,-1,17.15999984741211,17.729999542236328,16.260000228881836,16.559999465942383,-3.4965057506117225,8.8768077340686,-3.4965057506117225,2.985071794239791,0.8526150365282925,-10.679618941802204,-4.772857693141264,-12.842108073987458,-0.3776035786325222,8.757691786175954,-0.9352916882122618,9.223089830354414,-0.8955922894120352,9.859055131034072,val2025
2025-06-04,2025-06-05,0.530865,0.241787,1,16.559999465942383,17.059999465942383,15.630000114440918,15.75,-4.891301280584237,9.079360961914062,-4.891301280584237,-8.216782400640588,-2.0522383412424627,-12.597116537728347,-10.25640635504682,-17.36620964684128,-1.2125501129165763,9.286103684115798,-1.494289750455015,9.584017877425559,-1.311753301582638,9.953632053664958,val2025
2025-06-05,2025-06-06,1.018751,1.027731,1,15.75,15.93000030517578,14.979999542236328,15.079999923706056,-4.2539687383742475,6.299739839162939,-4.2539687383742475,-8.937195591582725,-12.121211784391338,-8.160780428512226,-12.630360812671949,-28.224656071274012,-1.3243902558990523,8.34142148765969,-1.6334481231730227,9.34493045919309,-1.705336648125043,9.37856675376808,val2025
2025-06-06,2025-06-09,0.400551,-0.226152,1,15.079999923706056,15.609999656677246,14.369999885559082,14.630000114440918,-2.9840836309138807,8.475733160755004,-2.9840836309138807,-7.111110384502107,-11.654585831785436,-9.01741179194575,-15.335650850133288,-32.3624563935378,-1.1617493835819057,8.46940483475376,-1.5297903532542232,9.017734906066895,-2.266937174500777,9.397822651773668,val2025
2025-06-09,2025-06-10,0.004183,-0.364343,-1,14.630000114440918,15.520000457763672,14.630000114440918,14.6899995803833,0.4101125459538446,6.058545736864694,0.4101125459538446,-2.5862091863121828,-6.730161394391743,-14.393941078043238,-18.479471658091363,-20.119629864413348,-0.8009385000785323,7.75803748655306,-1.2015965335163423,8.319482752909604,-1.9092868905693825,8.499009801860312,val2025
2025-06-10,2025-06-11,0.147983,0.028845,-1,14.6899995803833,14.739999771118164,13.93000030517578,14.020000457763672,-4.56091995750858,5.777456772434282,-4.56091995750858,-4.169512316511403,-7.029174212899325,-15.33815875660215,-24.379720790510582,-22.967033681050665,-1.2772965171026929,7.138167294226196,-1.4552796796691994,7.947929540201075,-2.103874561835701,8.510410061761453,val2025
2025-06-11,2025-06-12,-1.007104,-1.097779,1,14.020000457763672,14.15999984741211,13.5600004196167,13.670000076293944,-2.4964363055773875,4.389169162009802,-2.4964363055773875,-6.943495801398402,-6.561859402853876,-13.206348721943218,-24.139846120789578,-20.661634129563776,-1.3248386192414041,6.200128934245344,-1.493199349618207,7.7431163091805715,-1.9938069423099665,8.103054850448533,val2025
2025-06-12,2025-06-13,-0.681447,1.003555,-1,13.670000076293944,14.270000457763672,13.130000114440918,14.020000457763672,2.560353910141422,8.131243267481285,2.560353910141422,0.0,-4.56091995750858,-7.029174212899325,-14.616319167959235,-16.992297428049252,-0.4237897416422198,6.566429619909013,-0.973127938367129,7.453925553784352,-1.5332120495195027,8.228385279876623,val2025
2025-06-13,2025-06-16,0.921978,0.86587,-1,14.020000457763672,15.979999542236328,14.020000457763672,15.079999923706056,7.5606236186347875,12.997341474727058,7.5606236186347875,10.314556251226993,7.5606236186347875,3.0758701691393275,-6.218905502143324,-8.882171487130396,1.3678189692381129,7.470751282703423,0.012356289057352558,7.9700780587285935,-0.7599465729425907,8.62447586076974,val2025
2025-06-16,2025-06-17,-0.373199,-0.498241,1,15.079999923706056,15.470000267028809,14.550000190734863,14.84000015258789,-1.5915104266073787,6.199461366808072,-1.5915104266073787,5.8487850788202955,8.558888586423063,1.0211067153800046,-13.519811861618969,-14.516131158780176,0.8536134269545704,7.498934408692099,0.006963715550291639,7.628485947622579,-0.8321652944884158,8.467858842048912,val2025
2025-06-17,2025-06-18,-0.166376,0.095609,-1,14.84000015258789,15.020000457763672,14.300000190734863,14.399999618530272,-2.9649631370178176,5.0000019868215455,-2.9649631370178176,-4.509285866154489,2.7104076202520533,2.7104076202520533,-13.043477760095401,-17.19378882151078,-0.003464911484327678,7.343443451569553,-0.3534182220508267,7.240805372897874,-1.0143777338149182,8.231947601626143,val2025
2025-06-18,2025-06-19,-0.07577,-0.040317,1,14.399999618530272,14.81999969482422,14.109999656677246,14.279999732971191,-0.8333325606804998,4.9719891556275755,-0.8333325606804998,-3.7735876944653746,-5.305041079458162,4.462323725477435,-9.333335028754341,-18.632476616774195,-0.5680880870308366,7.460007450293108,-0.40107377716183434,6.830068192269226,-0.9891178521011998,8.207043034847393,val2025
2025-06-19,2025-06-20,1.287246,1.310128,1,14.279999732971191,14.369999885559082,13.739999771118164,14.260000228881836,-0.14005255226425817,4.417953045785596,-0.14005255226425817,-0.9722180094246746,-3.908355240851602,1.7118385398144698,-5.437663786291969,-17.381228042975238,-0.847524816719691,6.71734940595397,-0.3015081409870317,6.641889512931492,-0.9067303373694457,7.993409986062292,val2025
2025-06-20,2025-06-23,-0.559485,0.128911,1,14.260000228881836,14.260000228881836,13.31999969482422,13.670000076293944,-4.137448408962308,6.87637548508674,-4.137448408962308,-4.271706359131189,-5.069441399824393,-9.350131661443617,-6.561859402853876,-20.891206405688855,-1.482083222201186,5.493156208025906,-1.3169127745623896,6.481953745364665,-1.168649163305022,7.74984432571578,val2025
2025-06-23,2025-06-24,0.290126,-0.538326,-1,13.670000076293944,14.520000457763672,13.65999984741211,14.050000190734863,2.7798106241411213,6.121000702325126,2.7798106241411213,-1.472651015261861,-1.6106410821933093,-5.323449822979032,-4.356701211231339,-22.031077503765484,-0.28536568809579776,5.477464075129316,-0.39220163132224306,6.488199241910708,-0.8431773779206528,7.403840997410155,val2025
2025-06-24,2025-06-25,0.80018,0.375343,-1,14.050000190734863,14.34000015258789,13.3100004196167,13.640000343322754,-2.918148340542226,7.551317500335779,-2.918148340542226,-0.21945671399968836,-4.347825214640255,-5.277772884309884,-2.7104144224937565,-26.429343744534638,-1.095918900524167,5.987727177832163,-1.123816195294875,6.6655853147008575,-1.0974707519653573,7.306757427450966,val2025
2025-06-25,2025-06-26,1.205201,1.108277,1,13.640000343322754,13.640000343322754,12.899999618530272,12.960000038146973,-4.985339355278418,5.709882118937771,-4.985339355278418,-7.7580080981542014,-5.1938554073472805,-9.243695514758743,-5.1938554073472805,-28.07991282506692,-1.5219866319378885,6.1353057704942024,-1.899344035099337,6.797656610393655,-1.6112682994850744,7.2703864597871135,val2025
2025-06-26,2025-06-27,0.347567,0.239085,-1,12.960000038146973,13.329999923706056,12.520000457763672,12.59000015258789,-2.854937380169831,6.433673201948994,-2.854937380169831,-7.69794841866609,-10.391459205173215,-11.711080290949582,-10.199716536984194,-23.325212581670705,-1.3382081893610664,6.538449801726882,-1.7769383585771183,6.627899603840426,-1.7262701773182783,7.040912578812389,val2025
2025-06-27,2025-06-30,-0.470984,-0.563487,1,12.59000015258789,12.920000076293944,12.31999969482422,12.390000343322754,-1.5885608168481724,4.842617956770893,-1.5885608168481724,-4.398145780451079,-9.164222643234154,-9.36356785535738,-17.83819359411647,-22.947758693352306,-1.0475553092744627,6.131698296063712,-1.6059693936282933,5.812427252044809,-1.680328461433139,6.891252655386699,val2025
2025-06-30,2025-07-01,0.096994,-0.037376,1,12.390000343322754,13.029999732971191,12.390000343322754,12.789999961853027,3.228406839761244,5.003904546968535,3.228406839761244,1.5885608168481724,-1.3117289798885823,-8.967973037557186,-13.814017315743566,-25.466200025742538,-0.17552304160936585,5.908279064992394,-0.9377604818351561,5.692871570060856,-1.3193367840465633,6.660678758841717,val2025
2025-07-01,2025-07-02,-0.346099,-0.527194,1,12.789999961853027,12.989999771118164,12.4399995803833,12.529999732971191,-2.032839950408938,4.389466899090219,-2.032839950408938,1.129938545351905,-0.47657203248219204,-8.13783418191002,-12.986110660396955,-24.335747964602096,-0.5438645581286267,5.275908944743282,-1.0550324337559973,5.631818061287722,-1.523865449925159,6.4363117170927975,val2025
2025-07-02,2025-07-03,-0.188973,-0.391294,-1,12.529999732971191,12.65999984741211,12.34000015258789,12.449999809265137,-0.6384670822900729,2.5702787126637454,-0.6384670822900729,-2.6583280187799985,0.4842571773996607,-3.935186939665747,-12.815125755785239,-20.952382163395956,-0.6482051884761403,4.647988263488477,-0.9679526653184785,5.391647016991341,-1.4981725219054192,6.110857604630282,val2025
2025-07-03,2025-07-04,0.219246,0.126431,-1,12.449999809265137,12.65999984741211,12.1899995803833,12.390000343322754,-0.48192342860705617,3.793383809566254,-0.48192342860705617,-1.1173135884436247,-3.1274403418553365,-1.5885608168481724,-13.113603475066093,-17.83819359411647,-0.7197109052878753,4.119930385011929,-0.9028433565558714,5.329190093369405,-1.415678891334387,5.9855398031504485,val2025
2025-07-04,2025-07-07,0.001178,0.042632,1,12.390000343322754,12.699999809265137,12.239999771118164,12.31999969482422,-0.5649769698049978,3.7337666358889945,-0.5649769698049978,-1.0441776420283322,-1.6759779937934205,-0.5649769698049978,-9.875642823227547,-15.7894764288932,-0.9691429708858165,3.89816012083555,-0.8367850945556868,5.014929208449631,-1.338593231240231,5.748441476907148,val2025
2025-07-07,2025-07-08,0.240365,0.37223,-1,12.31999969482422,12.789999961853027,11.9399995803833,12.5600004196167,1.9480578793626524,6.767518734650381,1.9480578793626524,1.3720748311808029,0.8835390525042452,-1.7982763324653317,-10.604980433386258,-14.499654333625411,1.114016300332017,4.250882958371919,-0.2581961499026889,5.079581011682157,-0.9786029824637639,5.7838901267964316,val2025
2025-07-08,2025-07-09,-0.1818,-0.150894,-1,12.5600004196167,12.710000038146973,12.0600004196167,12.199999809265137,-2.8662468019451603,5.32786580895386,-2.8662468019451603,-0.9740250692497732,-1.5334990217333866,-2.63367861722853,-10.557188400384065,-12.981459265863982,-1.3590529515513097,4.438562740344647,-1.4156117593867104,4.857235842543965,-1.2346845431723474,5.761410578622412,val2025
2025-07-09,2025-07-10,-0.474366,-0.613053,-1,12.199999809265137,12.359999656677246,11.75,11.9399995803833,-2.13114945038263,5.108875026088265,-2.13114945038263,-4.93631224936153,-3.084416589722505,-4.096387443333938,-7.870373879331504,-12.65545344736868,-1.4783182439754374,4.946282003029551,-2.0424195207488305,4.7971351332590135,-1.3508039142984796,5.797395871826334,val2025
2025-07-10,2025-07-11,-0.810089,-0.418325,-1,11.9399995803833,12.1899995803833,11.609999656677246,11.670000076293944,-2.261302458778558,4.970007882726989,-2.261302458778558,-4.344260174239444,-7.085989757872291,-5.8111400086993115,-7.307387332357096,-16.761771075181375,-1.3605561812722637,5.181606817661698,-2.0340174064822025,4.6507686013368135,-1.440282653216159,5.639334102588619,val2025
2025-07-11,2025-07-14,-0.26859,-0.267202,-1,11.670000076293944,12.119999885559082,11.539999961853027,11.81999969482422,1.2853437664921863,4.9069368754723985,1.2853437664921863,-1.005024202481819,-3.114755085097054,-4.058441658972245,-4.600489368071081,-21.61803876243429,-0.622045497901273,5.416240865578379,-1.2517907180028707,4.657200493206965,-1.213330047042892,5.234813872625887,val2025
2025-07-14,2025-07-15,0.45251,0.423683,1,11.81999969482422,12.420000076293944,11.81999969482422,11.979999542236328,1.3536366458805293,5.008350621002777,1.3536366458805293,2.6563792966214805,0.33500806749393597,-4.61784122613963,-6.333076012764471,-19.272241111485556,0.29475355029840605,5.0644072428488585,-0.6547705843742249,4.657645100610389,-0.980638991653951,5.175258335335622,val2025
2025-07-15,2025-07-16,0.064495,0.061318,1,11.979999542236328,12.029999732971191,11.40999984741211,11.479999542236328,-4.173622863984383,5.400696082591522,-4.173622863984383,-2.8764819066515956,-1.6281108210408402,-5.901641625289322,-8.379889968967147,-20.27777884477452,-1.4485842585314683,5.078973297576391,-1.6735458507998768,4.758768018960519,-1.430689639876148,5.19529304012412,val2025
2025-07-16,2025-07-17,-0.399016,-0.472836,-1,11.479999542236328,11.670000076293944,11.199999809265137,11.239999771118164,-2.090590424112604,4.181497122771301,-2.090590424112604,-6.176959928163961,-4.906936875472412,-5.862645174755232,-9.718875957303275,-21.28851553711132,-1.376347190060443,4.893497716912997,-1.7154742073681613,4.919889859971274,-1.582768748325341,5.155768438481307,val2025
2025-07-17,2025-07-18,-0.56966,-0.558176,-1,11.239999771118164,11.539999961853027,10.729999542236328,11.239999771118164,0.0,7.206409573940051,0.0,-2.090590424112604,-6.176959928163961,-3.684664116234826,-9.28168313428942,-21.178123487312718,-0.9252010503682638,5.34077805515561,-1.357865637690703,5.261192436408654,-1.5009294127263098,5.29519126488903,val2025
2025-07-18,2025-07-21,0.489819,0.366815,-1,11.239999771118164,11.859999656677246,9.899999618530272,11.390000343322754,1.3345246909170383,17.20807707697744,1.3345246909170383,1.3345246909170383,-0.783965178591306,-3.637896468726276,-7.5486962219014515,-16.678856768443538,-0.24910500741051703,7.801006095456619,-0.8374771831887924,6.608623480517498,-1.2056996189098304,5.811776344483564,val2025
2025-07-21,2025-07-22,-0.118769,-0.420199,1,11.390000343322754,11.9399995803833,11.09000015258789,11.199999809265137,-1.6681345770898304,7.589280734560842,-1.6681345770898304,-0.35587155398179027,-0.35587155398179027,-6.510849438860555,-10.82802997544061,-20.284699948610196,-0.9198664870765275,8.317192118168233,-1.1645563381786983,6.690799680508545,-1.4449681504250163,5.88519034609535,val2025
2025-07-22,2025-07-23,0.634454,0.320414,-1,11.199999809265137,11.229999542236328,10.6899995803833,10.75,-4.017855508290968,5.023255459097928,-4.017855508290968,-5.6189668483894835,-4.359428657438647,-6.358881283492823,-11.885244524052796,-21.187685268186286,-1.7068713413526935,8.241703993469512,-1.8636237149859034,6.660338645522951,-2.010191773014676,5.758787244033458,val2025
2025-07-23,2025-07-24,-0.625696,-0.717814,1,10.75,10.75,10.220000267028809,10.520000457763672,-2.1395306254542112,5.038020056168876,-2.1395306254542112,-6.071422884658794,-7.638277957288286,-6.405687971672136,-11.892790389646258,-18.827157200627397,-1.3600716806102322,8.413008580149027,-1.7941434724836343,6.653253148531013,-2.055437992856975,5.725194140895014,val2025
2025-07-24,2025-07-25,-0.898169,-0.693113,-1,10.520000457763672,11.109999656677246,9.869999885559082,10.720000267028809,1.901138788616108,11.567161755881623,1.901138788616108,-0.2790672834529384,-4.2857102715238575,-4.626330201763206,-8.140529589155133,-14.853056893527528,-0.5394108274531532,9.28515901653734,-1.0919320045181158,7.312968535846475,-1.550346872908418,5.981868568591644,val2025
2025-07-25,2025-07-28,-0.628498,-0.409766,-1,10.720000267028809,11.579999923706056,10.609999656677246,11.279999732971191,5.223875485010554,8.599293350987598,5.223875485010554,7.2243273967411925,4.93023007415061,-0.9657647676547199,-4.568527714002279,-8.958842450313298,1.1724997278711584,7.563402271339373,0.23542598838807371,7.682204183397997,-0.6561897123309418,6.16970233830248,val2025
2025-07-28,2025-07-29,0.568051,0.859216,-1,11.279999732971191,12.229999542236328,10.329999923706056,12.0600004196167,6.914899867998958,15.75455681941559,6.914899867998958,12.500001112026936,14.638782270361217,7.67857700890433,0.6677869819470494,-5.707580487987474,1.5960180279995841,9.196457488310324,1.973253616250384,8.756824803239278,0.5886659614963148,6.707234951924832,val2025
2025-07-29,2025-07-30,0.136779,-0.142023,1,12.0600004196167,12.300000190734863,11.399999618530272,11.529999732971191,-4.394698741331826,7.805729341267456,-4.394698741331826,2.216312109203833,7.5559649791583805,7.255811469499451,0.4355417485071067,-7.9808461397538615,0.49553761730776563,9.752952264744227,0.7558653234201091,8.99732812910687,-0.17765424038617436,6.8780480740336944,val2025
2025-07-30,2025-07-31,-0.348822,0.511723,-1,11.529999732971191,11.779999732971191,10.609999656677246,11.210000038146973,-2.7753660211209508,10.437110368532593,-2.7753660211209508,-7.0480957868552245,-0.6205646851179525,6.558931087061759,-0.26690154432456037,-9.959837671606797,-0.3066016593270041,10.832770327216972,0.04488369376226335,9.622889453683,-0.6320204859698251,7.271389656827137,val2025
2025-07-31,2025-08-01,-0.819594,-0.685469,1,11.210000038146973,12.119999885559082,11.210000038146973,11.539999961853027,2.9437994878062756,7.885613955114665,2.9437994878062756,0.08673225597082279,-4.311778106722475,7.649250694016008,2.6690408971869584,-6.860374155903958,0.047931192532678614,10.09646076706358,0.6968238522871962,9.69080989180046,0.01376847684843172,7.476001164104558,val2025
2025-08-01,2025-08-04,0.64074,0.515123,-1,11.539999961853027,12.109999656677246,11.399999618530272,11.979999542236328,3.812821333082983,5.9265447852799955,3.812821333082983,6.86886263576354,3.9028605350121204,6.205672214858771,5.179975251356805,-2.759741566639251,0.8972699564537429,9.56191105392206,1.3541299474285853,8.562656662630717,0.8868620061150501,7.585640071574107,val2025
2025-08-04,2025-08-05,-0.296084,-0.286,1,11.979999542236328,12.630000114440918,11.800000190734863,11.970000267028809,-0.08346640725874765,6.93400087878258,-0.08346640725874765,3.7261725008423063,6.779663035643169,-0.7462698959901926,6.875004204256263,-4.69745328723401,0.9866786628114543,7.797799865795459,1.0961495411377822,8.49712867705289,1.016178102254494,7.593964178780718,val2025
2025-08-05,2025-08-06,-0.305685,-0.272509,-1,11.970000267028809,12.18000030517578,11.640000343322754,11.710000038146973,-2.1720987726124186,4.611442870144319,-2.1720987726124186,-2.253752207063564,1.4731375810736802,1.5611475225021154,8.930232912995084,-4.016391629334615,0.08687885824120953,7.15894257157083,0.4905262840526196,8.45594741815753,0.5528584358615184,7.558143031840241,val2025
2025-08-06,2025-08-07,0.089321,0.53936,-1,11.710000038146973,12.050000190734863,10.65999984741211,11.960000038146973,2.134927405513154,11.622076412117757,2.134927405513154,-0.08354409907058713,-0.16694077507136695,6.6904549281694425,13.688208343380758,0.16750802735814307,0.645100753389499,7.3959357802878625,0.8445499204631705,9.114353053752417,1.104025416761827,7.883803101141714,val2025
2025-08-07,2025-08-08,-0.946693,-0.73724,1,11.960000038146973,12.3100004196167,11.5600004196167,11.6899995803833,-2.257528903867001,6.415740178969351,-2.257528903867001,-0.1707981016098814,-2.339186970753593,1.2998233884412125,9.048500832018558,0.17137535525799663,-1.1604167425485878,7.101961025058801,-0.009944801275856717,8.59921089606119,0.5020713994265686,7.956089715953833,val2025
2025-08-08,2025-08-11,0.91018,0.876228,-1,11.6899995803833,12.199999809265137,10.899999618530272,12.029999732971191,2.9084701864184437,10.806319364844978,2.9084701864184437,0.5852817274327071,2.7327044729442695,0.41736387850921375,6.648936327611477,1.776650114795908,0.990988290503593,8.077915940971797,0.9354748223053808,8.819913497446928,1.203011606212146,8.251058840422463,val2025
2025-08-11,2025-08-12,-0.397193,-0.3092,1,12.029999732971191,12.729999542236328,12.029999732971191,12.220000267028809,1.579389345594695,5.728312552936923,1.579389345594695,4.53379560025724,2.1739149502721933,2.0885546735418314,1.3266985227617045,2.0033450247334494,1.3304372524026449,7.836778275802665,1.4423010506443628,7.817289070799061,1.5329399743259493,8.28705693701917,val2025
2025-08-12,2025-08-13,0.538849,0.134832,-1,12.220000267028809,12.420000076293944,11.600000381469728,12.229999542236328,0.08182712756970023,6.704821958433806,0.08182712756970023,1.662508842099042,4.619332602536508,4.440644768534452,6.071117306823659,6.533101305802824,0.9203562298667252,8.255454093460562,1.183870157140394,7.707198332515698,1.393843840143328,8.352263230811284,val2025
2025-08-13,2025-08-14,0.048539,0.097735,1,12.229999542236328,12.350000381469728,10.779999732971191,12.140000343322754,-0.7358888166983268,12.932459671321746,-0.7358888166983268,-0.6546638458094445,0.9143858087550694,1.5050192692446673,8.29616683328318,8.007122691560852,0.34998520557872914,8.517530745301361,0.8284897393348457,7.956733262794612,1.0987126233214801,8.789811358238806,val2025
2025-08-14,2025-08-18,0.997308,-0.245607,1,12.140000343322754,12.470000267028809,11.470000267028809,12.359999656677246,1.8121853964814472,8.090615111463775,1.8121853964814472,1.0629609101125759,1.1456578280621965,5.731395212522128,7.105716616419699,9.964411996137112,1.3467063294745258,8.852505731800246,1.521241762821988,7.977233378429522,1.3551934282315108,8.834021635114992,val2025
2025-08-18,2025-08-19,0.416852,0.358759,1,12.359999656677246,13.470000267028809,11.75,12.34000015258789,-0.16180829000712604,13.9384136609439,-0.16180829000712604,1.6474448402725272,0.899432661233357,2.5768946508541113,3.005013556823233,8.340647766723407,0.8989878564873738,9.47892459102003,1.158130697908434,8.778420265995914,1.1878918265883698,8.670538464313314,val2025
2025-08-19,2025-08-20,0.279817,0.339464,1,12.34000015258789,12.34000015258789,11.760000228881836,11.789999961853027,-4.4570517336624205,4.919422608843642,-4.4570517336624205,-4.611648144474567,-2.8830343622043952,-3.5188240243822166,-1.5037619144553371,5.267858594960129,-1.6519936050292,9.317146602201372,-1.02048935655372,8.57696243900202,0.1604275290280794,8.537045558027454,val2025
2025-08-20,2025-08-21,0.132532,-0.231684,1,11.789999961853027,11.989999771118164,10.1899995803833,11.789999961853027,0.0,15.267177239684726,0.0,-4.4570517336624205,-4.611648144474567,-3.597707251449689,0.6831761182360729,9.674418249795602,-1.0431701400508544,11.029617658451558,-1.0996677755444697,9.64253587595606,0.07238947649455928,9.049241647056794,val2025
2025-08-21,2025-08-22,-0.851747,-0.774213,1,11.789999961853027,11.890000343322754,10.09000015258789,11.369999885559082,-3.562341625554455,15.83113640151417,-3.562341625554455,-3.562341625554455,-7.8606179500361195,-6.342672454595011,-4.9331116279770715,8.07984211795465,-1.333144519289219,11.609353004490043,-1.9287778525369157,10.063441874895702,-1.0041094298984965,9.58889746432406,val2025
2025-08-22,2025-08-25,0.39264,0.074552,-1,11.369999885559082,11.789999961853027,10.699999809265137,11.729999542236328,3.166223925248035,9.292414280692135,3.166223925248035,-0.5089094131538019,-0.5089094131538019,-5.097088446119602,0.3421724832236128,9.42163479523359,-0.2132831295497154,11.849712838335716,-0.8421989056039266,10.351109285067981,-0.3411713870463654,9.475160090564586,val2025
2025-08-25,2025-08-26,-1.024121,-0.752826,1,11.729999542236328,12.350000381469728,11.550000190734863,11.760000228881836,0.25576033943977006,6.802722577930856,0.25576033943977006,3.4300822097464545,-0.25445066215654677,-4.70016139817,-2.244384954966827,4.255323646042419,0.40111742443868115,10.422574621733105,-0.6473354619112928,9.950749606376569,-0.35030807698539257,9.385331551911747,val2025
2025-08-26,2025-08-28,-0.854441,-0.789203,-1,11.760000228881836,12.550000190734863,10.93000030517578,12.1899995803833,3.6564569994260054,13.289581142939996,3.6564569994260054,3.9215691056989854,7.211958690216802,3.3927024582229626,-0.24550479533501646,1.0779366189336503,1.4506940285500443,12.096606328552378,0.6734685140045459,10.706876465376876,0.9755650907850307,9.262082768087968,val2025
2025-08-28,2025-08-29,-0.302234,-0.162874,-1,12.1899995803833,13.149999618530272,11.579999923706056,12.18000030517578,-0.08202851149898827,12.889980751125746,-0.08202851149898827,3.571429150676786,3.836323789435192,3.307890963397897,-0.4088245211120056,5.637472569455881,0.9668789849800629,11.621167030840581,0.6664563271267754,11.325392344646069,0.8540285532523424,9.516295338580884,val2025
2025-08-29,2025-09-01,0.811402,0.787265,-1,12.18000030517578,12.199999809265137,11.59000015258789,11.75,-3.5303800854015965,5.19148643980635,-3.5303800854015965,-3.6095126786662712,-0.08503595822452192,3.3421294482469888,-3.2125233302588985,4.817127207987859,-0.7156110823014779,9.493237038499016,-0.5454496601215765,10.551295021494528,-0.6803678861549116,9.254014142144571,val2025
2025-09-01,2025-09-02,-0.184568,-0.297733,1,11.75,12.199999809265137,11.239999771118164,11.289999961853027,-3.9148939416763673,8.503100455187317,-3.9148939416763673,-7.307063390996427,-7.383098027161495,-3.7510622127391424,-8.656955700206447,-2.1663778234524034,-1.460541092752174,9.335374273398052,-1.5571623406953354,10.592543555866884,-2.128776066938949,9.284888467148203,val2025
2025-09-02,2025-09-03,0.551067,0.400341,-1,11.289999961853027,11.779999732971191,10.779999732971191,11.399999618530272,0.9743105141622133,8.771930118089982,0.9743105141622133,-2.978726650806196,-6.403946363729185,-3.0612296202803257,-7.617508285528551,-4.841401885377595,-0.8580951282921866,9.729215781429877,-1.0547793215682923,10.075895201581492,-1.5491466832908072,9.427157733788702,val2025
2025-09-03,2025-09-04,0.077888,-0.98656,1,11.399999618530272,11.579999923706056,10.850000381469728,10.93000030517578,-4.1228011322958835,6.678861133157015,-4.1228011322958835,-3.1886595030436227,-6.978720807014637,-10.336335673343001,-7.294314329599727,-8.688387123245889,-1.2204435844398835,8.40707177947328,-1.7923435996029595,10.25183905401283,-2.373474405773795,9.414400746507424,val2025
2025-09-04,2025-09-05,0.027088,-0.313673,-1,10.93000030517578,11.239999771118164,10.489999771118164,10.850000381469728,-0.7319297481461873,6.912442153282264,-0.7319297481461873,-4.824554872497888,-3.897250503719951,-10.919539329903627,-7.97285482124429,-7.344147343088592,-1.076004551699817,7.2115640599045845,-1.5048558157801124,9.416365545372582,-2.1404345829258977,9.529450710664321,val2025
2025-09-05,2025-09-08,0.129946,-0.118738,1,10.850000381469728,11.4399995803833,9.949999809265137,10.779999732971191,-0.6451672445845102,13.821890612491593,-0.6451672445845102,-1.3723748217422949,-5.438595669348034,-8.255321421521778,-5.189095501550911,-9.866223255954143,-0.9739631306599125,8.937644894441634,-1.356066804242926,9.215440966470325,-1.9346723972059825,9.639441420683013,val2025
2025-09-08,2025-09-09,0.385296,0.018098,-1,10.779999732971191,11.079999923706056,10.420000076293944,10.84000015258789,0.5565901772073722,6.088559392266684,0.5565901772073722,-0.0921680048870499,-0.8234231479872012,-3.985826490572264,-7.587377871958201,-7.271167308010629,-0.47676882123065173,8.454736681857508,-1.0135632869159248,8.895055477627782,-1.6013223713830287,9.62308238134788,val2025
2025-09-09,2025-09-10,0.420209,-0.071626,1,10.84000015258789,11.449999809265137,9.850000381469728,10.6899995803833,-1.3837690968000582,14.967254355477147,-1.3837690968000582,-0.8348808424606946,-1.4746617093183367,-6.22807071846645,-9.098644793141075,-11.138821133264775,-1.4337742905829378,9.693801529334939,-1.04418541300522,9.711508655382408,-1.6378378756921768,9.83112913087949,val2025
2025-09-10,2025-09-11,0.12974,0.240524,1,10.6899995803833,10.84000015258789,10.25,10.539999961853027,-1.4031770291696777,5.597724428114355,-1.4031770291696777,-2.767529395866686,-2.226343015428023,-3.5681640661809677,-13.535682324267896,-13.747956370415526,-1.5546423838756722,9.47757418832641,-1.120805226273687,8.942322983899846,-1.6619588981172635,9.82459972463836,val2025
2025-09-11,2025-09-12,0.433905,0.15773,1,10.539999961853027,10.779999732971191,10.18000030517578,10.359999656677246,-1.7077827877348017,5.791500460221533,-1.7077827877348017,-3.0869966011188743,-4.428048792933382,-4.51613555359256,-14.94253368552988,-15.290269464860028,-1.4539174402458312,9.253385849714261,-1.385823739766547,8.232474954809422,-1.712737071317425,9.778933649727747,val2025
2025-09-12,2025-09-15,-0.178387,-0.197859,1,10.359999656677246,10.359999656677246,9.850000381469728,10.119999885559082,-2.316600184088602,5.039518586707402,-2.316600184088602,-3.9848204726189107,-5.332083416263156,-6.1224477157774455,-13.872341399497179,-16.63921252584406,-1.3858042153944274,7.496911444557424,-1.7020965489910687,8.21727816949953,-1.8059302640260122,9.384286595497029,val2025
2025-09-15,2025-09-16,0.677724,0.660057,-1,10.119999885559082,10.68000030517578,9.899999618530272,10.399999618530272,2.766795811635725,7.500006877459266,2.766795811635725,0.3861000306814244,-1.3282765069208113,-4.059045460000066,-7.88308544136328,-15.857605927101492,-0.10334280999399743,7.77920094159594,-0.811158895357462,8.116968811726725,-1.2738962511849112,9.354756183796804,val2025
2025-09-16,2025-09-17,0.361146,0.212252,1,10.399999618530272,10.5,9.760000228881836,10.270000457763672,-1.2499919762975042,7.205450225260278,-1.2499919762975042,1.48221910969224,-0.8687181650200881,-3.928897465911496,-9.912273671744941,-16.774713689044063,-0.43603752824990255,6.226840115552567,-1.1003410790472845,7.960320822443753,-1.3469430320393287,9.018108012012622,val2025
2025-09-17,2025-09-18,0.368532,-0.06859,1,10.270000457763672,10.359999656677246,9.619999885559082,10.25,-0.19474641550334404,7.21950996212843,-0.19474641550334404,-1.4423040772329365,1.2845861256028712,-2.7514227979374972,-6.221411584533742,-13.061916597419454,-0.2755887724428867,6.551197222355381,-0.9730252408972001,8.014385705340896,-1.2382427905240991,9.133112379676863,val2025
2025-09-18,2025-09-19,-0.379765,-0.327231,-1,10.25,10.25,9.489999771118164,9.890000343322754,-3.5121917724609375,7.684531875622745,-3.5121917724609375,-3.700098320381806,-4.903839364559426,-4.536673059169138,-8.847926307786302,-16.115348809820105,-1.5340700071152549,6.929803505435624,-1.7367880138088823,8.091594677574943,-1.5712919459521903,8.753980111473762,val2025
2025-09-19,2025-09-22,-0.492359,-0.141651,-1,9.890000343322754,10.260000228881836,9.399999618530272,9.970000267028809,0.8088970771377824,8.625883523750955,0.8088970771377824,-2.7317047119140625,-2.9211312304088244,-1.482209686032887,-7.513909888744774,-12.313101430268247,-0.8608899556194414,7.647076492844334,-1.204945000681925,7.571993968700879,-1.3013185797814497,8.393717467585603,val2025
2025-09-22,2025-09-23,-0.130345,-0.15669,-1,9.970000267028809,10.729999542236328,9.970000267028809,10.5600004196167,5.917754631753058,7.196962547422944,5.917754631753058,6.774520253139293,3.0243943377239013,1.538469297646361,-2.5830233305333072,-9.974417461883112,1.3929558921458085,7.58646762683707,0.9847856693904943,7.682834284216504,-0.41630037728993585,8.288944880922141,val2025
2025-09-23,2025-09-24,-0.447367,-0.206502,1,10.5600004196167,10.899999618530272,9.960000038146973,10.630000114440918,0.6628758716162864,8.842893417341587,0.6628758716162864,6.619857870964707,7.482302784931405,3.505351904878462,-0.5612672431950738,-9.608844323537568,1.1055862111118318,7.913956265253333,1.326372410246665,7.070398190402949,-0.2467783640652498,8.39095342289268,val2025
2025-09-24,2025-09-25,-0.662692,-0.573808,-1,10.630000114440918,10.890000343322754,10.109999656677246,10.520000457763672,-1.0348039086830352,7.414454873620027,-1.0348039086830352,-0.3787875024959475,5.516551414283666,2.634150807450464,-0.1897486163352835,-13.699747170681341,0.5821210752105327,7.952945247551652,0.9010901676338667,7.252071234953516,-0.3282998634114706,8.097197109426682,val2025
2025-09-25,2025-09-26,-0.948742,-0.660192,-1,10.520000457763672,10.899999618530272,10.289999961853027,10.779999732971191,2.4714758925285185,5.658624042554737,2.4714758925285185,1.411097054707433,2.08332674822449,8.998982393861299,4.054054924830486,-11.494257283472075,0.9345418381300139,7.54776368093805,1.5147068914820034,7.238783593186836,0.29635620278505576,7.73562927399813,val2025
2025-09-26,2025-09-29,-0.080309,-0.378712,1,10.779999732971191,11.68000030517578,10.170000076293944,11.43000030517578,6.029690058493475,13.210850293661597,6.029690058493475,8.650188287211868,7.525871892024316,14.643931785791908,12.944668324413989,-2.7234016580784726,1.7250915353167457,8.46475703492018,2.187349222689001,8.055916763882257,1.8578175090595603,8.136597466690892,val2025
2025-09-29,2025-09-30,-0.096611,-0.327435,1,11.43000030517578,11.729999542236328,10.619999885559082,11.369999885559082,-0.5249380403737014,9.762530060242526,-0.5249380403737014,5.473099881286125,8.07984211795465,7.67044918329447,9.326925986617397,0.7085910006763507,0.9973568300917972,8.977870537484096,1.5407490737187395,8.282169082160582,1.6837749460251388,8.199568946943653,val2025
2025-09-30,2025-10-01,0.915034,0.8763,1,11.369999885559082,11.789999961853027,10.93000030517578,11.06999969482422,-2.6385241315251773,7.768741466897608,-2.6385241315251773,-3.1496115550280646,2.6901666886507414,4.139224606268455,7.78967089972995,-2.894736269724507,0.09297248394912075,8.763040147395298,0.7953941702658663,8.338498206324315,1.1020553171819205,8.149409514384036,val2025
2025-10-01,2025-10-03,0.233328,0.544033,1,11.06999969482422,11.260000228881836,10.149999618530272,10.289999961853027,-7.046068242765013,10.787177983153995,-7.046068242765013,-9.4986801633811,-9.973756018243785,-2.1863164059171325,0.3902435302734375,-5.855446710460632,-1.4894275310372995,9.437584769302093,-0.6828919169730383,8.695265008426873,-0.7016295539935694,8.354825356883882,val2025
2025-10-03,2025-10-06,0.736716,0.646558,1,10.289999961853027,10.619999885559082,9.949999809265137,10.0600004196167,-2.2351753458598633,6.6600402420209175,-2.2351753458598633,-9.123751608410135,-11.521543352046992,-6.67902904628408,1.7189086996212355,-7.281105383205677,-1.2424422433430875,9.63786800919533,-1.2073485202527527,8.59281584506669,-1.1330349759868001,8.342205261320817,val2025
2025-10-06,2025-10-07,0.12222,0.091687,1,10.0600004196167,10.539999961853027,9.65999984741211,10.1899995803833,1.29223812469339,8.635919044933036,1.29223812469339,-0.9718210091394286,-7.94941408040295,-10.848649970997604,2.2066129133620827,-5.473099881286125,-0.6938606813833748,8.722881759449617,-1.0557110368685483,8.593819397184898,-0.7519952642316918,8.08290668294289,val2025
2025-10-07,2025-10-08,-0.247528,-0.133973,1,10.1899995803833,10.449999809265137,10.0,10.050000190734863,-1.3738900433121648,4.477609957460433,-1.3738900433121648,-0.09940584954982734,-2.332359300368203,-11.609496113546458,-4.829547430078107,-7.287822423733326,-0.6646432356362193,7.665897738893198,-1.144057030169193,8.321884138188647,-0.9767326306113535,8.002359211202577,val2025
2025-10-08,2025-10-09,0.5416,0.428726,-1,10.050000190734863,10.520000457763672,9.6899995803833,10.3100004196167,2.587066904949231,8.050444651788176,2.587066904949231,1.177633407016132,2.4850893595641077,-6.865395629259674,-3.0103451681952276,-3.5547163300541196,1.057927987699495,7.722238375871311,-0.5653963901970519,8.242639261633304,-0.332315299392548,7.656518726018126,val2025
2025-10-09,2025-10-10,0.41121,0.467664,1,10.3100004196167,10.56999969482422,10.0,10.119999885559082,-1.8428761040213515,5.632408115316206,-1.8428761040213515,0.6965143631415316,-0.6869450216560824,-1.6520901547538158,-3.802286642577024,-3.9848204726189107,-0.24213762183441964,6.691284402303753,-0.8165591627053568,8.064434585802925,-0.7155080811120099,7.658252910378221,val2025
2025-10-10,2025-10-13,-0.229382,0.19879,-1,10.119999885559082,10.34000015258789,9.710000038146973,10.100000381469728,-0.19762356042999363,6.237624659864041,-0.19762356042999363,-2.036857707080275,0.4975143262281767,0.39761391833572635,-6.307971877046059,-2.5096455967538844,-0.53652079258014,6.606801285872377,-0.7123619840570654,8.122334647533854,-0.7214795067559687,7.6805591203603445,val2025
2025-10-13,2025-10-14,-0.324449,-0.5224,-1,10.100000381469728,11.260000228881836,9.779999732971191,11.010000228881836,9.009899139030386,13.442329383683871,9.009899139030386,8.794469895130685,6.7895226069366155,8.047111700348974,-3.674541251794694,8.794469895130685,1.7334159298474119,7.568083353622546,1.1184447533689437,8.14548255653608,1.2009191946961573,8.100699660209168,val2025
2025-10-14,2025-10-15,0.708079,0.562308,1,11.010000228881836,11.670000076293944,10.010000228881836,11.15999984741211,1.3623943270844707,14.874550807427159,1.3623943270844707,10.495043820861039,10.276679581163584,11.04477249364193,-1.8469660533039334,7.307694776523865,1.2228769456328232,9.64747152361589,1.5941138572369256,8.656684631254544,1.37042676182368,8.469426856707564,val2025
2025-10-15,2025-10-16,1.033623,0.749757,1,11.15999984741211,11.15999984741211,10.43000030517578,10.529999732971191,-5.645162392963732,6.932569427808997,-5.645162392963732,-4.359677438075704,4.257419160997,2.1338438836132623,-4.878048570367222,2.5316383994021363,-0.1099007006689088,9.423896478820055,0.37075179741206704,8.573067427345682,0.03246531862792165,8.455782816835,val2025
2025-10-16,2025-10-17,0.486803,0.638043,1,10.529999732971191,11.0600004196167,10.380000114440918,10.869999885559082,3.2288714264948393,6.255752643375548,3.2288714264948393,-2.5985660019545165,-1.2715743906662191,7.41106727748313,5.636539609875846,6.048779371308122,0.3206172079336637,9.548565384431923,1.0103437987874677,8.119924893367838,0.6767919989560672,8.407594950897357,val2025
2025-10-17,2025-10-20,0.518478,0.071831,-1,10.869999885559082,11.8100004196167,9.779999732971191,11.630000114440918,6.99172251042528,17.454863857867593,6.99172251042528,10.446347667279055,4.211471984363846,15.14851163548716,15.606358144506306,17.5935258919675,1.460915213300467,11.792013224032633,1.9017605415949017,9.199407254952506,1.9517254663397825,8.896111550009598,val2025
2025-10-20,2025-10-21,0.098479,-0.125863,1,11.630000114440918,11.880000114440918,10.670000076293944,11.359999656677246,-2.3215860284335976,10.651409108412725,-2.3215860284335976,4.5078176290427985,7.882240690920295,3.1789229838277366,11.481846167553389,13.941818981141063,0.5854458140761701,11.233829168978403,1.1312187312982989,9.400956261300475,1.2882652943532515,8.997387829242687,val2025
2025-10-21,2025-10-23,0.088138,-0.636292,1,11.359999656677246,11.600000381469728,10.699999809265137,11.300000190734863,-0.5281643288353122,7.9646066992328315,-0.5281643288353122,-2.837488568003499,3.9558446154819293,1.2544833802593525,12.437810709221475,7.0075733116781835,0.37187917201525744,9.851840347339538,0.8445988589903154,9.749655935477714,1.0655338260852394,9.035770036833181,val2025
2025-10-23,2025-10-24,-0.371745,-0.539616,-1,11.300000190734863,12.050000190734863,10.739999771118164,11.729999542236328,3.8053039313577397,11.167949452169776,3.8053039313577397,3.2570413445532242,0.8598402993241772,11.39600987365399,13.773026816932177,10.348066001439204,1.0472750678792158,10.698916352211693,1.2986720441465383,10.061406415515874,1.6416553495090551,9.15202283857459,val2025
2025-10-24,2025-10-27,0.662528,0.475367,-1,11.729999542236328,11.9399995803833,11.4399995803833,11.59000015258789,-1.1935157298543775,4.31406379134824,-1.1935157298543775,2.5663713005138256,2.024652313923747,6.623737576900401,14.525694502491572,10.171099318104758,0.370036858953288,10.310578581806233,0.893328104353886,9.929571983119079,1.2524416798388498,8.997003284461,val2025
2025-10-27,2025-10-28,-0.114958,-0.014456,1,11.59000015258789,12.729999542236328,11.279999732971191,11.859999656677246,2.329590168547746,12.225968391565498,2.329590168547746,1.1082704135906063,4.955747402566768,1.977640068556319,17.425734739936782,10.018552416126859,1.2255285140675005,9.264799488545814,1.3284865566238693,10.528406356289224,1.5115432876843171,9.32537050191154,val2025
2025-10-28,2025-10-29,0.453806,0.27673,-1,11.859999656677246,12.640000343322754,10.710000038146973,11.949999809265137,0.7588545969073435,16.150630426616434,0.7588545969073435,3.106122967538205,1.8755351714776491,5.193663471997523,8.537689017639249,4.549426860941463,1.035254946539687,10.364643752186556,1.2278596503664885,10.799236460582481,1.5335565876026893,9.47235950855928,val2025
2025-10-29,2025-10-30,-0.675715,-0.410054,1,11.949999809265137,12.100000381469728,11.229999542236328,11.970000267028809,0.16736785006612465,7.2681772750649385,0.16736785006612465,0.9274925255974287,3.278689468835494,5.929204114910491,7.258068375373061,5.277048263050377,0.9393387552283718,10.225357867352976,1.0354033939674094,10.038599107346258,1.4456859264190611,9.3476418693004,val2025
2025-10-30,2025-10-31,-0.601866,-0.54787,-1,11.970000267028809,12.270000457763672,11.710000038146973,12.06999969482422,0.8354170890944701,4.63960591363424,0.8354170890944701,1.0041831587816796,1.7706580457508059,2.8985521385883395,14.624881300148873,9.033423916601823,0.9970538818307046,8.91968915964587,1.179497365477105,9.809302755928782,1.4296286814596235,9.191185091637234,val2025
2025-10-31,2025-11-03,0.160368,0.258787,-1,12.06999969482422,12.289999961853027,11.770000457763672,12.149999618530272,0.6627997160626009,4.279831443749933,0.6627997160626009,1.5037539472515293,1.673638597969429,4.831746838392759,11.77552664624848,18.0757984798116,1.336305279062851,8.912842690126208,1.341564976944918,9.611710635966222,1.372338344038682,8.86581776466703,val2025
2025-11-03,2025-11-04,-0.643162,-0.571379,-1,12.149999618530272,12.9399995803833,11.789999961853027,12.670000076293944,4.279839292921506,9.076555734849338,4.279839292921506,4.971005771665515,5.8479514924763665,6.82968333106706,8.942389953734065,25.944329501098462,1.7210950674954657,8.282960158782975,2.000279218870587,8.773879823664396,1.7993289854418804,8.98664353930845,val2025
2025-11-04,2025-11-06,-0.343586,-0.326843,-1,12.670000076293944,12.9399995803833,10.979999542236328,12.649999618530272,-0.1578568085496168,15.494071915036892,-0.1578568085496168,4.1152264666530325,4.8053018920519275,5.857739083162228,11.355633810206879,24.141316383198873,1.04489844174019,8.151648456467068,1.5309540761640728,9.258146104326812,1.5802476985743394,9.329551182813642,val2025
2025-11-06,2025-11-07,-0.068209,0.230009,1,12.649999618530272,12.869999885559082,12.0600004196167,12.40999984741211,-1.897231449450798,6.526990136194838,-1.897231449450798,-2.052093348983519,2.139919646460764,3.675852719863948,9.823005645498672,23.482583202863406,0.07226318746344222,8.003411028693048,0.8281815673116784,9.114384448023012,1.1844575958262429,9.432020191750365,val2025
2025-11-07,2025-11-10,0.321862,0.277805,1,12.40999984741211,12.670000076293944,11.960000038146973,12.5600004196167,1.208707284842303,5.652866356899679,1.208707284842303,-0.711456139348321,-0.8681898659421261,4.059658137378386,7.075881583727073,21.823471468720367,0.33490395312563875,8.206063117346137,1.0111430478469865,8.562876138496003,1.2540912636827313,9.312141277005939,val2025
2025-11-10,2025-11-11,0.471566,0.30429,1,12.5600004196167,12.93000030517578,11.40999984741211,12.300000190734863,-2.0700654474163693,12.357727107261596,-2.0700654474163693,-0.8863791944379806,-2.766793979050508,1.2345726494988662,6.125970912851453,21.541505235455304,-1.3686617767381044,9.821642250048468,0.1356093891263803,9.367242470087337,0.8521041061041716,9.648407226603208,val2025
2025-11-11,2025-11-12,0.703835,0.160639,-1,12.300000190734863,13.010000228881836,11.989999771118164,12.489999771118164,1.5447120116828916,8.166537041276154,1.5447120116828916,-0.5573299853494085,0.644640811359376,-1.4206811688388776,5.311974137252395,23.66335939980082,0.059347454305972124,9.639638511333832,0.6124694523574765,8.961299335058403,1.0822272331129783,9.744852845673815,val2025
2025-11-12,2025-11-13,0.012946,-0.10403,1,12.489999771118164,12.710000038146973,11.4399995803833,12.109999656677246,-3.042434919171333,10.48720473797384,-3.042434919171333,-1.5447197651325073,-3.582808502431456,-4.268774530728125,1.3389108783755654,9.990911943033854,-1.4962854964190218,8.638265075921222,-0.8972401070964737,8.394956766194145,0.40397957886802055,9.597096613388313,val2025
2025-11-13,2025-11-14,0.119401,0.551655,1,12.109999656677246,12.270000457763672,11.229999542236328,12.15999984741211,0.4128835024969968,8.552639215276608,0.4128835024969968,-2.6421131285297994,-1.1382141557055525,-2.0145044566792114,1.5872980463221165,8.960573599218202,-0.8290654893886804,9.043394891737575,-0.8585887987710061,8.523402960215313,0.41853591294134096,9.281001033780786,val2025
2025-11-14,2025-11-17,0.399073,0.251463,-1,12.15999984741211,12.449999809265137,11.800000190734863,11.9399995803833,-1.8092127449790163,5.443883093582211,-1.8092127449790163,-1.4037991834311092,-4.403524426050687,-4.93631224936153,-1.0770515139007508,13.390312280798678,-1.2560243727175242,9.001598239074081,-1.6143652102987347,8.603830678210109,-0.10163541879495316,9.206566717069446,val2025
2025-11-17,2025-11-18,-0.397487,-0.429448,1,11.9399995803833,12.279999732971191,10.899999618530272,11.789999961853027,-1.2562782562967056,11.70483561413028,-1.2562782562967056,-3.042762254950404,-2.6424418158243035,-4.14634325994564,-2.962960230288403,8.463662244524727,-1.1694041455261228,8.87101994044782,-1.716147120938951,9.346331095248143,-0.6079890973050666,9.47902086560718,val2025
2025-11-18,2025-11-19,0.550366,0.519135,-1,11.789999961853027,12.289999961853027,10.9399995803833,12.100000381469728,2.6293504717533445,11.157027594289618,2.6293504717533445,1.3400402571981607,-0.49341666690193575,-3.122493168897156,-4.498813665287238,4.041274827204977,0.5235391226778908,9.469118051050511,-0.5415568148418116,9.554378281192172,0.10746286826460517,9.164129052428283,val2025
2025-11-19,2025-11-20,0.535454,0.229794,1,12.100000381469728,12.380000114440918,10.770000457763672,11.970000267028809,-1.0743810772105844,13.450289229416033,-1.0743810772105844,1.5267201506206751,0.2512620410372257,-1.1560643568742313,-5.375489106777287,5.369723844956398,-0.15192111592166385,10.06173494933895,-0.8440016944366352,9.350000012630085,-0.3331222582016727,9.30407305847845,val2025
2025-11-20,2025-11-21,-0.473424,-0.158563,1,11.970000267028809,12.380000114440918,11.0600004196167,12.140000343322754,1.42021781538475,10.87314380143527,1.42021781538475,0.3305781867104951,2.9686207175756207,-0.16446960806181243,-2.1756608171567327,7.43362954344573,1.0921412057783986,10.525835866570683,-0.06680471160442265,9.784615379154129,0.031304950936361375,9.449499913588571,val2025
2025-11-21,2025-11-24,-0.416792,-0.625124,-1,12.140000343322754,13.850000381469728,12.140000343322754,13.630000114440918,12.27347387957607,12.545854906745287,12.27347387957607,13.868001757565152,12.644625493684059,14.154108822869516,8.519105565896723,16.19778897145936,1.7582652158363092,11.946230229203298,2.6410234464767393,10.47391423413869,3.2011549244476343,9.518395186317345,val2025
2025-11-24,2025-11-25,-0.287756,-0.437333,1,13.630000114440918,13.630000114440918,11.9399995803833,13.239999771118164,-2.861337784653062,12.764354707499296,-2.861337784653062,9.06095054931717,10.609853598646524,12.298556522109116,7.6422728927384,14.236407220079727,0.8179919679645553,12.158134047877102,1.4635557090412363,10.51457699416246,1.9949878586889531,9.940909732124899,val2025
2025-11-25,2025-11-26,1.238178,1.402123,1,13.239999771118164,13.239999771118164,10.859999656677246,12.239999771118164,-7.552870221202024,19.44444574302061,-7.552870221202024,-10.19809487639003,0.8237184923179264,1.1570197126839377,-2.001601317704582,3.20404827522045,-0.5448877014749709,13.8156176776233,-0.15272772618037495,11.642367864336904,-0.1909679225220675,10.301833599697655,val2025
2025-11-26,2025-11-27,0.039114,-0.174021,1,12.239999771118164,12.56999969482422,11.59000015258789,11.970000267028809,-2.205878342632439,8.187130496026173,-2.205878342632439,-9.592141435377833,-12.179015652783065,0.0,-1.1560643568742313,0.16736785006612465,-0.9090444004495035,12.762985930945327,-0.5707761452267094,11.41236044014214,-0.7872885642950975,9.903658603168143,val2025
2025-11-27,2025-11-28,-0.048063,-0.131491,-1,11.970000267028809,12.239999771118164,11.510000228881836,11.789999961853027,-1.5037619144553371,6.1916840084670755,-1.5037619144553371,-3.676469098692048,-10.951660380147265,-2.8830343622043952,-3.042762254950404,-1.5037619144553371,-0.96326568424523,11.826693972351688,-0.7778869162973475,11.176264919461184,-1.1403990349295505,9.849833939838248,val2025
2025-11-28,2025-12-01,-0.103805,-0.569973,-1,11.789999961853027,11.789999961853027,10.81999969482422,11.619999885559082,-1.4419005669549345,8.347678800189046,-1.4419005669549345,-2.923979729840087,-5.065358636869021,-14.746883433641722,-2.6800645399515655,-3.7282503781512433,-0.8629532811459317,10.98705875104044,-0.9559992720285132,11.466644490121869,-1.3893262650684672,10.035237584165987,val2025
2025-12-01,2025-12-02,-0.548408,-0.2137,-1,11.619999885559082,12.010000228881836,10.899999618530272,11.630000114440918,0.08606049036423702,9.54428718339634,0.08606049036423702,-1.3570809832891828,-2.8404356307695,-12.160118463063052,-1.3570809832891828,-4.279831443749915,-0.8445932670478578,10.343045246219848,-0.8971278853824981,11.250589647048475,-1.2594301624069617,10.298460371148309,val2025
2025-12-02,2025-12-03,-0.177473,-0.072679,-1,11.630000114440918,11.9399995803833,11.029999732971191,11.229999542236328,-3.4393857976657394,8.103293717774214,-3.4393857976657394,-3.3562852595844905,-4.749791530352853,-8.251636011179187,-7.190089353763518,-11.365434296657284,-1.527134996536419,8.07481484117057,-1.2315769854684895,10.945216259396933,-1.7630652755348462,10.249797270294554,val2025
2025-12-03,2025-12-04,0.183753,0.199755,-1,11.229999542236328,11.369999885559082,10.920000076293944,11.210000038146973,-0.17808998134093423,4.014271255431004,-0.17808998134093423,-3.611350577481365,-3.5283980331328735,-6.3492081196960815,-6.3492081196960815,-11.383396235632492,-1.0961144470972786,7.240242993051536,-1.0744404263583038,10.001614461998432,-1.5787581445321597,9.675807237314258,val2025
2025-12-04,2025-12-05,0.586546,0.71789,1,11.210000038146973,11.270000457763672,10.579999923706056,10.81999969482422,-3.4790396252953104,6.37708459814171,-3.4790396252953104,-3.6509337856167057,-6.964749885177756,-8.227313572241545,-10.873151657071912,-12.812249574035695,-1.4296314150196243,7.277323110986463,-1.2543811873206043,9.552008541669075,-1.9024768690724918,9.668311960411602,val2025
2025-12-05,2025-12-08,-0.86266,-0.761665,1,10.81999969482422,10.869999885559082,10.15999984741211,10.31999969482422,-4.62107221906094,6.87984553432747,-4.62107221906094,-7.939342910741598,-8.103293717774196,-11.1876093247682,-24.28466905227512,-17.834400079270363,-1.4587494244279853,6.983756457814148,-1.6019768996192554,8.985407604427294,-2.1858702548629774,9.729660919282992,val2025
2025-12-08,2025-12-09,-0.465707,-0.106119,-1,10.31999969482422,11.609999656677246,10.140000343322754,11.130000114440918,7.848841507456017,13.207540864686983,7.848841507456017,2.8650686539759107,-0.7136478450831318,-4.299226096989905,-15.936553573664069,-9.512195594722538,0.48873293508651283,7.716407194072277,-0.4666390988094287,9.029726220146062,-0.9893088372924737,9.77215160715426,val2025
2025-12-09,2025-12-10,-0.315987,-0.410029,1,11.130000114440918,11.880000114440918,10.460000038146973,10.949999809265137,-1.61725339914629,12.968037452315196,-1.61725339914629,6.104652452236792,1.2014798346353217,-2.493319184191456,-10.53921557169426,-12.329863811640084,0.18224054249497015,8.689355940980473,-0.6347607795444368,8.38208539107552,-1.1073636842887904,10.012226627706212,val2025
2025-12-10,2025-12-11,0.545656,0.493376,-1,10.949999809265137,11.420000076293944,10.489999771118164,10.90999984741211,-0.3652964616417842,8.524292558962582,-0.3652964616417842,-1.9766420913452043,5.717055911191471,-2.6761836727384525,-8.85547532138704,-9.90916468443892,0.27584750112469275,9.591360201686788,-0.5667118456670716,8.415801597369162,-1.0523814290030093,9.914081018755649,val2025
2025-12-11,2025-12-12,0.573005,0.291669,1,10.90999984741211,11.1899995803833,10.31999969482422,10.399999618530272,-4.674612612417328,8.365383821831609,-4.674612612417328,-5.022832879590489,-6.558854343258158,-3.8817013691308855,-11.789655197796034,-14.4736862743991,-0.9512119187098554,9.989020046424768,-1.4082478595183316,8.633171578705616,-1.497696178749106,9.9047182490834,val2025
2025-12-12,2025-12-15,-0.075441,0.375047,-1,10.399999618530272,10.399999618530272,9.960000038146973,10.109999656677246,-2.788461273943854,4.3521226046006545,-2.788461273943854,-7.3327241239570355,-7.671234403832051,-2.0348841507456195,-12.994838586516765,-15.326633065487162,-1.3814638869199316,9.483475460479404,-1.6135624263970738,8.233615959146777,-1.6109855956322081,9.850130224634324,val2025
2025-12-15,2025-12-16,-0.642402,-0.352195,1,10.109999656677246,10.84000015258789,10.050000190734863,10.25,1.384770999772389,7.707316701005144,1.384770999772389,-1.4423040772329365,-6.049494561346524,-7.9065597968785095,-11.86586501170691,-13.061916597419454,-0.7120360547995065,8.383430627743037,-1.1380865853720084,8.049918910907657,-1.3059342263574325,9.650254278978066,val2025
2025-12-16,2025-12-17,-0.160672,-0.323715,-1,10.25,10.43000030517578,9.65999984741211,10.0600004196167,-1.853654442763908,7.6540797777919805,-1.853654442763908,-0.4945523121509199,-3.269223186391046,-8.127848448868292,-10.41851442842211,-16.859503285447342,-0.8363776468968055,7.320639092838394,-1.2830604973165691,8.004997516909434,-1.3433440957356195,9.475106888153183,val2025
2025-12-17,2025-12-18,-0.01162,0.197363,-1,10.0600004196167,10.18000030517578,9.479999542236328,9.84000015258789,-2.186881290778231,7.113828781347663,-2.186881290778231,-3.9999985113376546,-2.6706183309415987,-9.807513380286858,-12.221229981240434,-17.794486774640873,-1.3893744112381852,7.03854633731541,-1.4484162186327751,8.3149532695011,-1.392131450149531,9.158283865749764,val2025
2025-12-18,2025-12-19,0.584338,0.211875,1,9.84000015258789,9.949999809265137,9.609999656677246,9.710000038146973,-1.3211393539127925,3.5015463568708207,-1.3211393539127925,-3.479128895335193,-5.268292310761247,-6.634611593195516,-10.25877715327681,-20.01647641231189,-1.3109713290449785,6.065778844323253,-1.3610362113644852,8.02739944537401,-1.3540769289604144,8.789703993521544,val2025
2025-12-19,2025-12-22,0.793333,0.447308,1,9.710000038146973,10.3100004196167,9.4399995803833,9.520000457763672,-1.956741293891484,9.138663838234404,-1.956741293891484,-3.252029368516418,-5.367792637463942,-5.8357984070148134,-7.751930820906628,-30.154069128163265,-1.2407113955848215,7.023087091050003,-1.3877599646563312,8.253281275764703,-1.4975536547526174,8.619344440095999,val2025
2025-12-22,2025-12-23,0.018149,-0.10704,1,9.520000457763672,9.899999618530272,8.859999656677246,9.68000030517578,1.6806705852794979,10.74380092009863,1.6806705852794979,-0.3089570839684419,-1.6260146842582257,-5.560972632431415,-13.027850802838692,-26.888213953811345,-0.4063589302192811,7.630383934868701,-0.935017393852454,8.006907281305867,-1.3180895906438261,8.518316750725965,val2025
2025-12-23,2025-12-24,-0.133895,-0.109092,-1,9.68000030517578,9.789999961853027,9.31999969482422,9.380000114440918,-3.0991754264145577,5.010663766466495,-3.0991754264145577,-1.47059177091301,-3.3985573883584697,-6.759446091570743,-14.337897006133215,-23.366010703903594,-1.3777683651715102,7.101700732603602,-1.3219672111521186,7.211169912720999,-1.5466782168261115,7.79662765189826,val2025
2025-12-24,2025-12-26,-0.38176,-0.302244,-1,9.380000114440918,9.68000030517578,8.880000114440918,9.1899995803833,-2.025592022809286,8.705116727562405,-2.025592022809286,-5.0619907990135165,-3.4663956041225963,-6.605696769563984,-15.765355555314686,-23.224733706171918,-1.4140333173613624,7.419958321846551,-1.5963090323425104,7.22925232958098,-1.6183674901713148,7.822526963475072,val2025
2025-12-26,2025-12-29,-0.384759,-0.465213,-1,9.1899995803833,9.399999618530272,9.020000457763672,9.149999618530272,-0.4352553175128726,4.152996465672395,-0.4352553175128726,-2.452030843331765,-5.475213532401679,-5.767254556299362,-12.01923121009354,-22.391860490793658,-1.0503734845149175,7.5502483436068655,-1.4092935436061835,6.808013593965059,-1.5196324979071827,7.7205925863353375,val2025
2025-12-29,2025-12-30,-0.012528,-0.007903,-1,9.149999618530272,9.770000457763672,9.050000190734863,9.720000267028809,6.229515543849762,7.407409951120268,6.229515543849762,5.767145928676998,3.6247350579926563,2.100838231599389,-3.857560859469056,-16.351115638921176,1.1090729762747062,7.2039975661840385,0.19799029195449042,7.1135423286170205,-0.7242807897606665,7.673579143881899,val2025
2025-12-30,2025-12-31,0.735383,0.610487,1,9.720000267028809,9.989999771118164,9.59000015258789,9.68000030517578,-0.4115222299809318,4.132227333881368,-0.4115222299809318,5.792357472585774,5.331890611164125,0.0,-5.560972632431415,-16.766980138236054,0.9591985394771803,5.881682848940587,0.3047667825699257,6.7560333919046425,-0.7076078947229378,7.4029761514061505,val2025
2025-12-31,2026-01-01,0.064869,-0.102203,1,9.68000030517578,9.729999542236328,9.3100004196167,9.479999542236328,-2.06612351894776,4.430370705698908,-2.06612351894776,-2.4691431913493544,3.6065566935953974,1.0660919677544234,-5.765416035663251,-15.583259762551215,0.13507569036517061,5.765624236787069,-0.2346530723713009,6.433662484695335,-0.9161662267893853,7.219330000802385,val2025
2026-01-02,2026-01-05,-0.297206,-0.316704,1,9.1899995803833,9.5600004196167,8.970000267028809,9.449999809265137,2.829164752486224,6.2433879840868585,-0.3164528947236067,-2.3760381059870883,-2.777782410969065,2.829164752486224,-3.9634180617383885,-15.700269606535755,-0.20264138285786795,5.273278488091959,-0.22000936411755417,6.346618404969255,-0.8870217519758188,7.330785837235178,confirm2026
2026-01-05,2026-01-06,-0.272759,-0.042001,-1,9.449999809265137,10.220000267028809,9.289999961853027,10.020000457763672,6.031753015906793,9.281439747392433,6.031753015906793,5.696212464161765,3.512398159802732,9.5082062896648,3.192589272902402,-7.393708499300889,1.5289815366547805,6.298967144435967,1.889626712410702,6.924607744021417,0.1263828528231223,7.476003594697714,confirm2026
2026-01-06,2026-01-07,-0.144965,-0.008989,1,10.020000457763672,10.289999961853027,9.649999618530272,10.020000457763672,0.0,6.387228683476478,0.0,6.031753015906793,5.696212464161765,3.086421630588765,5.25210058779193,-2.906969437324758,1.0390326636121916,6.094930890907209,1.4582310723679657,6.649464228545623,0.15424242245669673,7.451372752155164,confirm2026
2026-01-07,2026-01-08,-1.009535,-0.879666,-1,10.020000457763672,10.239999771118164,9.75,9.949999809265137,-0.6986092345364847,4.9246209096596285,-0.6986092345364847,-0.6986092345364847,5.291005397796744,2.789250987368175,2.789250987368175,-10.601979272621554,0.5669446309160509,6.253409606062862,1.063934247518312,6.067546227501724,0.15528428569486002,7.037226754403795,confirm2026
2026-01-08,2026-01-09,-0.747966,-0.607963,-1,9.949999809265137,10.989999771118164,9.479999542236328,10.600000381469728,6.532669192609752,14.245284665475353,6.532669192609752,5.788422127831971,5.788422127831971,11.814355414717582,13.006399276590264,-3.196341862026908,1.4513899539663222,8.21639239801815,1.9849737775216196,6.99100831740261,1.6267903163930635,7.101089115061804,confirm2026
2026-01-09,2026-01-12,0.416418,0.472164,1,10.600000381469728,11.039999961853027,10.220000267028809,10.93000030517578,3.1132067153784027,7.502284281144229,3.1132067153784027,9.849251403985914,9.081834389608478,15.661381225210125,18.933632255072474,0.18332225520987233,1.4303946647391592,8.468171657429625,1.91471674772958,6.870725072760793,2.3337059927632597,7.049988701170887,confirm2026
2026-01-12,2026-01-13,-0.224697,-0.637324,1,10.93000030517578,11.949999809265137,10.520000457763672,11.369999885559082,4.0256136148042465,12.576951327129668,4.0256136148042465,7.264146003573924,14.27135782426532,13.473047566074769,24.262299011826638,9.326925986617397,1.3187591281731152,9.127273973377072,1.9437978468801687,7.713120558906519,2.6139727587602533,7.260567076435789,confirm2026
2026-01-13,2026-01-14,-0.259207,0.066475,-1,11.369999885559082,11.68000030517578,10.640000343322754,11.199999809265137,-1.4951633949430443,9.285714103251069,-1.4951633949430443,2.4702607186708025,5.660371756630234,11.776440095740526,15.226332320757564,10.781406425350259,0.6938333620223817,9.70697105733199,1.3164767467882592,7.9009509741196,1.9686058063957197,7.507246651368311,confirm2026
2026-01-14,2026-01-16,0.112018,-0.006616,-1,11.199999809265137,11.470000267028809,11.010000228881836,11.31999969482422,1.0714275678809893,4.063604686820759,1.0714275678809893,-0.4397554198603437,3.5681553408901667,13.768843334885105,16.94214192092074,10.439021412919214,0.7381125908359835,9.534767812764215,1.1914559147827513,7.8940887094135395,1.8728101510506618,7.325061050659092,confirm2026
2026-01-16,2026-01-19,-0.423634,-0.263516,-1,11.31999969482422,11.579999923706056,10.880000114440918,11.369999885559082,0.44169780991887286,6.15655071513414,0.44169780991887286,1.5178578499020379,0.0,7.264146003573924,19.936713444997743,13.02186293539236,0.710973864532827,7.917021022695972,1.0465097067459599,8.066706710357062,1.6968003080058016,7.250184597526198,confirm2026
2026-01-19,2026-01-20,-1.379688,-1.35964,-1,11.369999885559082,12.130000114440918,10.390000343322754,11.829999923706056,4.045734764968789,14.708366714621784,4.045734764968789,4.505302496739638,5.625001117587125,8.234214029290477,25.185186904527534,20.223574596132508,1.7126572902701158,9.358237509391483,1.4356493828462489,8.913204583410554,1.937153084936838,7.629911494189905,confirm2026
2026-01-20,2026-01-21,-0.297236,0.06563,-1,11.829999923706056,12.899999618530272,11.0,12.729999542236328,7.607773663013884,14.92537067441631,7.607773663013884,11.961298771907348,12.455829376539596,11.961298771907348,27.04589781104152,31.101951516219394,1.654444936807692,9.827921378848812,1.9328821897570159,9.477597676112941,2.3608056388525305,8.201102710067179,confirm2026
2026-01-21,2026-01-22,0.526284,-0.214053,1,12.729999542236328,14.43000030517578,12.43000030517578,13.779999732971191,8.248234316514402,14.513788379941916,8.248234316514402,16.48351497752374,21.196129038427046,23.03571399681421,37.52494115201568,44.7478893946212,1.504633044419156,10.873536234186982,2.102146436038815,10.290253645759487,2.577008781443725,8.469858937152555,confirm2026
2026-01-22,2026-01-23,-0.953938,-1.167704,-1,13.779999732971191,14.329999923706056,12.90999984741211,13.350000381469728,-3.1204597956022484,10.636704387401796,-3.1204597956022484,4.870391685218256,12.848693724145788,17.93286874003781,34.17086067718931,37.913222733388174,0.7310089060020997,12.18815617430319,1.4024695008606989,10.861461993533704,1.8944290922140183,8.464504110517712,confirm2026
2026-01-23,2026-01-27,0.506015,0.447067,-1,13.350000381469728,14.43000030517578,12.279999732971191,14.1899995803833,6.29212865101878,15.151519632014763,6.29212865101878,2.975325510573912,11.468971646879478,24.802108383535447,33.86791575205401,51.27931137801565,1.0943916813419396,13.987149957679316,1.6524099667951404,10.952085490187642,2.083433416001137,8.971546903795126,confirm2026
2026-01-27,2026-01-28,0.664736,0.332161,1,14.1899995803833,16.059999465942383,13.920000076293944,14.449999809265137,1.8322779180435456,14.809684552911218,1.8322779180435456,8.239695852909845,4.862119660937636,22.14708286099716,32.204935094306464,57.23613132811971,1.0962054492664317,14.0074135253372,1.4588084171631572,11.682825517364341,1.9268184900227008,9.276775295062567,confirm2026
2026-01-28,2026-01-29,0.30048,0.291576,-1,14.449999809265137,14.510000228881836,13.4399995803833,13.529999732971191,-6.366782618945466,7.90835675991224,-6.366782618945466,-4.651161852918683,1.3483097105473352,6.28436935979908,18.9973603267622,47.86885570542201,-0.7233995357705018,12.604010742436387,0.6013809550649977,11.215966060642598,1.2452543407251897,9.464543309774559,confirm2026
2026-01-29,2026-01-30,-0.386523,0.289533,-1,13.529999732971191,14.1899995803833,13.06999969482422,13.369999885559082,-1.1825561756827474,8.376962566535177,-1.1825561756827474,-7.474048013575574,-5.778715426868741,-2.975325510573912,19.37500101115024,37.551435373015664,-0.8030627368825045,11.376645579755039,0.3331297299241708,11.12509090697101,1.03997896066778,9.513020940545307,confirm2026
2026-01-30,2026-02-02,-0.917236,1.177182,-1,13.369999885559082,14.229999542236328,12.880000114440918,13.630000114440918,1.9446539349836645,9.904617875718817,1.9446539349836645,0.7391011340971199,-5.674738447390471,2.0973762170062527,20.40636468102455,40.805781867105125,-0.44110760123423404,11.230228277418442,0.4147786362595891,11.709192225860814,1.083394269019525,9.801640467637178,confirm2026
2026-02-02,2026-02-03,2.547592,-2.206549,1,15.100000381469728,15.550000190734863,13.579999923706056,13.869999885559082,-8.145698442630945,14.203318552871053,1.7608200227664295,3.739715813610811,2.51293539762123,-2.255107147900104,21.987687116648292,46.308022735274875,0.23742323666854795,11.040588061589702,0.531272595975745,12.513869009634508,1.1206519431528565,10.290287859995784,confirm2026
2026-02-03,2026-02-04,0.18832,0.393183,1,13.869999885559082,15.470000267028809,11.850000381469728,12.899999618530272,-6.9935131581272625,28.062015446567244,-6.9935131581272625,-5.3558363153439315,-3.5153348620178937,-10.726645060168282,9.044798831148348,36.507935226439116,-1.5478120870332603,13.691054240320906,-1.28001018936241,13.849233882829054,0.4485372042728927,11.381219233119804,confirm2026
2026-02-04,2026-02-05,-0.51676,-0.439123,1,12.899999618530272,13.149999618530272,12.0600004196167,12.25,-5.038756881795381,8.897952644192427,-5.038756881795381,-11.679883914388235,-10.124725626222219,-9.460456454052736,-3.7706171209492823,22.255483436714663,-1.4830765352096469,13.888973417176945,-2.0374146758602283,13.246492079806666,-0.0575938050432427,11.362044877959804,confirm2026
2026-02-05,2026-02-06,0.198496,0.343282,-1,12.25,12.550000190734863,10.9399995803833,12.170000076293944,-0.6530606016820983,13.229257191934598,-0.6530606016820983,-5.658911347467921,-12.256667795903253,-8.975316526077581,-11.683597154396363,21.457081040993508,-1.023192328036436,14.859432342256827,-1.5957966040286855,13.118038961005933,-0.20460242735568593,11.70414630338271,confirm2026
2026-02-06,2026-02-09,0.675652,-0.082662,1,12.170000076293944,12.350000381469728,11.15999984741211,11.9399995803833,-1.889897242964389,9.966503985584037,-1.889897242964389,-2.530615670340397,-7.44186098089471,-12.399123403286472,-10.561803451658013,19.99999808306667,-0.8778801019363505,14.871809564229872,-1.4683764731380349,13.051018920824157,-0.5041804332771559,11.95624045717893,confirm2026
2026-02-09,2026-02-10,0.2623,0.04822,-1,11.9399995803833,12.279999732971191,10.670000076293944,12.1899995803833,2.093802418642743,13.207544808025526,2.093802418642743,0.16433446149530795,-0.4897993438097936,-12.112475263427601,-14.094433115874526,14.999991902765508,-0.2771907837087602,14.672654815260767,-0.9731110348850001,12.856621438425233,-0.38900247705774194,11.904353464306439,confirm2026
2026-02-10,2026-02-11,0.072103,-0.167709,1,12.1899995803833,12.1899995803833,10.359999656677246,11.670000076293944,-4.26578771115107,15.681233176882806,-4.26578771115107,-2.261302458778558,-4.108463408919405,-9.534880454333416,-19.238752731253996,6.770354532998013,-1.5586033048460148,12.19649836132388,-1.3517301867741052,12.943776300822392,-0.9357168160388538,12.313300909093368,confirm2026
2026-02-11,2026-02-12,-0.565041,-0.384071,1,11.670000076293944,11.710000038146973,10.5600004196167,11.550000190734863,-1.0282766475969818,9.956706489518293,-1.0282766475969818,-5.250200259878213,-3.266326661260377,-5.714284157266425,-14.634143246960141,1.58311615644251,-1.225213988334918,12.408249130389052,-1.2082806735696083,13.148611273782999,-1.0692152333982605,12.182288667212799,confirm2026
2026-02-12,2026-02-13,-1.30235,-0.391261,-1,11.550000190734863,12.109999656677246,10.850000381469728,11.729999542236328,1.5584359179998675,10.741682219770134,1.5584359179998675,0.5141342377903202,-3.773585348495212,-3.6154521881614166,-12.266270436502513,4.732140553544939,-0.3407992183163571,11.910734135956158,-0.8111624835362746,13.385083239106493,-0.952073130816106,12.255087073038752,confirm2026
2026-02-13,2026-02-16,0.830942,1.019328,-1,11.729999542236328,13.579999923706056,10.960000038146973,13.289999961853027,13.299236832871042,19.71406992535293,13.299236832871042,15.064932834494238,13.881747000584,11.306536255559795,-2.4944985306908585,17.402829683198128,1.6828385499991514,13.860247323909936,1.2265150412333594,14.366028444069906,0.5193900153417452,13.03761033496536,confirm2026
2026-02-16,2026-02-17,0.166065,0.341096,1,13.289999961853027,13.829999923706056,13.239999771118164,13.329999923706056,0.300977892910792,4.426107696659749,0.300977892910792,13.640242488574629,15.411252844818701,9.351930948031328,-3.8932946381293965,17.23834703495777,1.1144800312493008,12.103959901636781,1.5724956155554228,13.388307358448776,0.4863523082817977,12.951088184041641,confirm2026
2026-02-17,2026-02-18,0.365203,0.259002,1,13.329999923706056,13.479999542236328,11.630000114440918,12.670000076293944,-4.951236693095328,14.601416074628368,-4.951236693095328,-4.665160928056444,8.013645104357803,8.568980235324663,-1.7829422406024253,7.100593051607862,0.18525816077386742,11.887996481185894,0.616609906719581,12.042247421254888,-0.29580940960636737,12.945740652041971,confirm2026
2026-02-18,2026-02-19,-1.413668,-1.619427,1,12.670000076293944,12.770000457763672,11.350000381469728,12.220000267028809,-3.551695395070298,11.62029496943051,-3.551695395070298,-8.327079242537927,-8.051164017272338,5.800866365624846,-0.24489577935666862,-4.006278818121045,-0.6204066166533874,12.220714177168338,-0.08828074429138531,12.314481653778696,-0.7679630551267463,12.78048686679268,confirm2026
2026-02-19,2026-02-20,0.459254,0.648258,-1,12.220000267028809,13.68000030517578,9.729999542236328,13.460000038146973,10.147297414254975,29.346216580570267,10.147297414254975,6.235200924198492,0.9752446750560306,14.748512902165212,10.599835281561187,-2.3222039261623584,0.8799819487774992,15.941621049328365,1.43779747046967,13.926177592642262,0.6523203146436398,13.522108276824095,confirm2026
2026-02-20,2026-02-23,0.554333,0.134744,1,13.460000038146973,14.779999732971191,13.100000381469728,14.359999656677246,6.686475601631403,11.699160109104051,6.686475601631403,17.51226958171548,13.33859171433911,8.051164017272349,20.268008051439622,7.565537425822333,1.409739972931842,14.33863908607859,1.8323433032165979,14.099443204994264,1.5248634231439062,13.57523106290921,confirm2026
2026-02-23,2026-02-24,-1.121417,-0.846859,1,14.359999656677246,14.479999542236328,12.770000457763672,14.170000076293944,-1.3231168866703613,12.067742238995764,-1.3231168866703613,5.274888827152746,15.95744489897022,6.301576574610723,16.242826612536952,-0.1409408363690523,0.8561277303616545,15.866965994545794,1.2839661871187888,13.985462948091287,1.32411426828034,13.421042193258263,confirm2026
2026-02-24,2026-02-25,0.227535,-0.117981,-1,14.170000076293944,14.949999809265137,12.350000381469728,14.149999618530272,-0.14114649016221392,18.374554755397686,-0.14114649016221392,-1.4623958437863016,5.126297016551051,11.681132859702693,21.251067061037276,-2.0761259148426414,0.5427017607672291,16.621593730699654,1.0402697850456157,14.254795105942776,1.352953798580116,13.599285703382582,confirm2026
2026-02-25,2026-02-26,0.055136,-0.233798,1,14.149999618530272,14.149999618530272,12.84000015258789,13.489999771118164,-4.664310001449035,9.710893166559314,-4.664310001449035,-4.798872981753921,-6.0584951696328275,10.392794405381345,16.79653288611651,-0.2956390439206813,-1.0383016130410525,16.23971337012542,0.23541399108610037,14.230213773646877,0.6286513513844818,13.689412523714939,confirm2026
2026-02-26,2026-02-27,-1.246835,-1.104484,-1,13.489999771118164,13.609999656677246,11.8100004196167,13.0600004196167,-3.1875415774437976,13.782535828688552,-3.1875415774437976,-7.703174758295772,-7.833448487655592,-2.9717653595589533,11.338456345129622,-2.3186198099912736,-1.4313873855314765,13.126977219749074,-0.5306239382399807,14.534299134538719,0.17213723327948868,13.959691186822607,confirm2026
2026-02-27,2026-03-02,-1.242918,0.837211,-1,13.0600004196167,14.039999961853027,11.199999809265137,13.699999809265137,4.900454587176961,20.7299284096868,4.900454587176961,1.5567089822831504,-3.1802107519199763,-4.596099325846548,3.0850251963051356,0.5135707574210002,-0.029914409331562176,14.93313087986562,0.35039061683687184,14.635884982972106,0.8759945681934748,14.500956713521006,confirm2026
2026-03-02,2026-03-04,-1.549122,0.375992,1,13.699999809265137,17.809999465942383,12.829999923706056,17.1299991607666,25.036491965363396,29.07180260488385,25.036491965363396,31.163848471525203,26.98294626691995,20.88919596708163,28.507121221378483,23.50396036125211,1.7360047548943172,18.33394295304324,2.4524078306479713,17.100454473794517,3.133328671813277,15.244380916121646,confirm2026
2026-03-04,2026-03-05,1.165826,0.609158,1,17.1299991607666,21.3700008392334,16.969999313354492,21.13999938964844,23.409226067366507,20.813631281528995,23.409226067366507,54.30656703623986,61.86829027888257,49.39929300043475,66.85082290727205,63.87596910686555,1.5776064862652839,18.821758258269504,2.4799542492823723,17.721675994484578,3.450468827093554,14.881961707869731,confirm2026
2026-03-05,2026-03-06,-1.273727,-0.83528,-1,21.13999938964844,21.13999938964844,17.299999237060547,17.860000610351562,-15.515604891185497,21.500560030004984,-15.515604891185497,4.261538151484023,30.364969773744587,32.39437296796319,46.15384795481739,45.79592334980867,0.389114123204514,21.179691630958636,0.9960026798766319,18.709702500542026,1.705329968355615,15.51209207716036,confirm2026
2026-03-06,2026-03-09,-1.727576,0.670352,-1,17.860000610351562,20.13999938964844,17.200000762939453,19.8799991607666,11.310181866647074,14.788726110769199,11.310181866647074,-5.960266155441896,16.053707733380485,52.220509356997894,47.69687298978245,63.352498242716,0.6783973403126496,21.380929687374767,1.373549845700622,17.25395345356192,2.099833141665768,15.590065523102089,confirm2026
2026-03-09,2026-03-10,0.971989,-0.079075,1,19.8799991607666,24.489999771118164,19.21999931335449,23.36000061035156,17.505038211735837,22.559932877006737,17.505038211735837,30.795071735956302,10.501425188262669,70.51095573412698,62.67410284713628,95.64490310980102,1.3849942310910954,21.74693058083875,1.7901295885532855,18.340030730352186,2.5686929091999,16.219736967673224,confirm2026
2026-03-10,2026-03-11,-1.627057,-1.506282,1,23.36000061035156,23.36000061035156,18.780000686645508,18.90999984741211,-19.049660302523762,24.21998921556225,-19.049660302523762,-4.879272405950585,5.879054877814349,10.391131195863125,33.45095092164514,55.12715749262975,-0.6204161437525556,20.77656790297443,0.4565297894484932,19.555255428008838,1.1227359241491468,16.77035918805006,confirm2026
2026-03-11,2026-03-12,-0.954043,-0.150793,-1,18.90999984741211,21.38999938964844,17.239999771118164,21.059999465942383,11.369643764563575,19.705601727300778,11.369643764563575,-9.845895052716624,5.935615467753763,-0.3784291675298368,48.83392249963776,80.46271917960803,0.39918162170652177,20.55496199212879,0.8626147794063385,19.688360125199146,1.5442928797793218,16.97157761557096,confirm2026
2026-03-12,2026-03-13,-2.064584,-1.327224,1,21.059999465942383,22.36000061035156,20.81999969482422,21.520000457763672,2.1842402824614915,7.156137931083366,2.1842402824614915,13.802224386103035,-7.87671277616544,20.492719609935463,59.52558059962008,86.32034720680358,0.33924279015826636,17.686077572344466,0.816971268476879,19.43288460165155,1.488048500122806,16.831549187649216,confirm2026
2026-03-13,2026-03-16,1.113122,1.266217,1,21.520000457763672,22.8799991607666,21.25,22.649999618530277,5.250925356551006,7.196464407147614,5.250925356551006,7.549858465852277,19.77789424271199,13.933604500498674,73.43031309944656,93.09463343944896,0.6728653295681719,16.16762523162015,1.0080951881861249,18.77427745949746,1.5875566629624427,16.654288297018088,confirm2026
2026-03-16,2026-03-17,0.736262,0.374364,1,22.649999618530277,22.8799991607666,19.81999969482422,21.600000381469727,-4.635758299092996,14.16666394398541,-4.635758299092996,0.37174684946250647,2.5641069763587376,-7.534247358289536,57.66423855613427,62.52822004115366,0.32759072477021706,14.488971445015883,0.536993814813045,18.117951012927318,1.1815993266519143,16.37691799794971,confirm2026
2026-03-17,2026-03-18,0.833929,0.613128,1,21.600000381469727,21.600000381469727,19.6299991607666,19.790000915527344,-8.379627009151125,9.954528193869113,-8.379627009151125,-12.626926053734365,-8.039031159091836,4.653628107964614,15.528323905893892,48.462123246773835,-1.480257669271425,11.635879240677257,-0.5875803445262855,16.206223571825845,0.6438499282093321,16.65333902281018,confirm2026
2026-03-18,2026-03-19,-3.262076,-0.843185,1,19.790000915527344,19.790000915527344,18.59000015258789,18.71999931335449,-5.406778942255253,6.41026072091464,-5.406778942255253,-13.333338042836063,-17.350995017062164,-11.111112117415168,-11.447493595855763,47.75058564032943,-1.3569282425516558,8.976811039400028,-1.0127112532682292,14.76588651576441,0.299218924933638,16.243781255124496,confirm2026
2026-03-19,2026-03-20,0.488433,0.018823,-1,18.71999931335449,23.200000762939453,18.71999931335449,22.799999237060547,21.79487218674985,19.64912982235056,21.79487218674985,15.209692684609944,5.555550159250355,5.947949591400192,27.65956583364162,86.57936774828056,0.9391451884504549,11.475409417653466,1.0746452526951793,14.580743494998966,1.2768496200306478,16.645222997770496,confirm2026
2026-03-20,2026-03-23,-2.603777,-1.365647,1,22.799999237060547,23.13999938964844,21.690000534057617,22.809999465942383,0.04386065445818321,6.356856157562904,0.04386065445818321,21.848292214787456,15.260224409820665,0.7064011042243301,14.7384327407728,69.46507727560613,0.909049217273441,11.307487767736525,0.8851155793952948,13.737556499678337,1.1617977744863839,15.495754976620129,confirm2026
2026-03-23,2026-03-24,1.775668,0.148393,-1,22.809999465942383,27.170000076293945,22.809999465942383,26.729999542236328,17.185445717115865,16.31126331843846,17.185445717115865,17.236844020537134,42.78846433059247,23.749995695220182,14.426364913669643,86.1420625439024,1.4572521339466913,11.736407642627135,2.164616138692403,13.112689543821508,1.9245562646395935,15.726360137086848,confirm2026
2026-03-24,2026-03-25,1.719811,1.049453,1,26.729999542236328,26.729999542236328,24.6299991607666,24.739999771118164,-7.444817827152395,8.488279712602493,-7.444817827152395,8.461202763540033,8.50877455690533,25.012625702846858,30.830248391059122,74.59421057101873,0.5325650200341895,11.44315794637381,1.0824558135842204,11.539518593525534,1.2802679162917405,15.547387010767187,confirm2026
2026-03-25,2026-03-27,-2.088907,-1.527388,1,24.739999771118164,25.229999542236328,24.13999938964844,24.63999938964844,-0.40420526432851656,4.423702027548788,-0.40420526432851656,-7.818930745903896,8.022796872215764,31.623933191443744,16.999050401190807,74.13427599942042,0.18119548382631406,11.045846207700642,0.8569578716457358,10.011328623550336,1.146154081120801,14.84984437437474,confirm2026
2026-03-27,2026-03-30,-2.139389,-0.967864,-1,24.63999938964844,27.09000015258789,23.38999938964844,26.799999237060547,8.766233364110999,13.805973389069653,8.766233364110999,8.326594523041408,0.2618769024429257,17.543860236179952,24.53530979081384,98.66567599533131,0.9930901624670564,9.877214921044459,1.3696644983817121,10.676312169348964,1.5750125495816063,15.054598385500256,confirm2026
2026-03-30,2026-04-01,1.558344,-0.958994,1,26.799999237060547,28.90999984741211,26.799999237060547,27.88999938964844,4.067164864245898,7.565437994002622,4.067164864245898,13.189935391659802,12.732415714116673,22.270933987924945,23.134657215761045,113.55282154322465,1.219171788463861,10.118931288332401,1.3840039815163936,10.713209528034465,1.7541352452447043,14.743743493765958,confirm2026
2026-04-01,2026-04-02,0.148593,1.472967,1,27.88999938964844,27.88999938964844,23.649999618530277,25.01000022888184,-10.326279038340648,16.95321764220443,-10.326279038340648,-6.679100966926132,1.5016268197995286,-6.434715087206422,15.787036051802538,82.55474873779116,-0.554212736608612,10.247322153085596,0.33929269663839307,10.991864897856365,0.8998238280877926,14.55490795539184,confirm2026
2026-04-02,2026-04-06,1.123361,0.825055,1,25.01000022888184,26.600000381469727,25.01000022888184,25.520000457763672,2.0391852227689133,6.23040800966827,2.0391852227689133,-8.497665771783447,-4.776114984088586,3.1527918102735475,28.954013527814126,48.97841043806332,-0.33531424308950397,9.795747812498751,0.3627626060448606,10.619452879436283,0.983378191142019,13.412838225631063,confirm2026
2026-04-06,2026-04-07,0.676586,1.247663,1,25.520000457763672,26.559999465942383,25.07999992370605,25.46999931335449,-0.19592924573781367,5.810756113606705,-0.19592924573781367,1.8392606168049497,-8.676945605069285,3.368506267312421,36.05769363028064,20.482497865285197,-0.5641466456304279,10.073158629710335,0.13928201417901964,10.559502418705488,0.878924183250663,12.662694467234948,confirm2026
2026-04-07,2026-04-08,3.778383,0.596098,1,25.46999931335449,26.26000022888184,24.549999237060547,24.700000762939453,-3.02315889742214,6.923080724705985,-3.02315889742214,-3.2131648907347876,-1.239502051600927,-7.835815425013514,8.333340304637037,38.297871885981124,-0.8075878304872462,8.696580096837602,-0.512610775662276,9.28689750894103,0.5422514203038941,11.933820501969999,confirm2026
2026-04-08,2026-04-09,-0.926144,-0.560248,1,24.700000762939453,24.700000762939453,19.309999465942383,19.700000762939453,-20.24291435448915,27.36041161550099,-20.24291435448915,-22.65409778550601,-22.805641028323976,-29.36535964840774,-13.634365523096436,-0.9054245745763301,-1.771980112886254,12.655574821137275,-2.470748062690732,11.387253054734838,-1.293106031753466,12.562404777206588,confirm2026
2026-04-09,2026-04-10,1.158775,0.712086,-1,19.700000762939453,20.940000534057617,19.170000076293945,20.43000030517578,3.705581289162363,8.663731920333138,3.705581289162363,-17.287450712027898,-19.787982505111902,-18.312674457383736,-23.569021118409893,-12.542809197861926,-0.9561879091315465,10.997677676763018,-1.5891443243762484,10.622499914924308,-0.9468486445790504,11.867594729372907,confirm2026
2026-04-10,2026-04-13,-0.864635,1.072718,1,20.43000030517578,20.43000030517578,18.3700008392334,18.850000381469727,-7.733724425377386,10.92837890850889,-7.733724425377386,-4.314722581477182,-23.684211339164108,-26.136363466501443,-23.80759678310308,-0.3172896162164429,-0.981626421216586,11.937271856531144,-1.624362269683512,10.866509834514947,-1.508925739220275,11.203014214020241,confirm2026
2026-04-13,2026-04-15,1.630062,0.279343,1,18.850000381469727,21.51000022888184,18.18000030517578,20.5,8.753313449013444,16.24390206685882,8.753313449013444,0.3426318833998465,4.060909675524194,-19.51315055885615,-16.801945991068912,-2.6590668572807785,-0.14862722012664684,14.023901047181564,-0.9130142063284071,12.04852983844595,-0.901446260173127,11.02992923099814,confirm2026
2026-04-15,2026-04-16,-0.142584,-0.772805,-1,20.5,20.5,17.34000015258789,18.670000076293945,-8.926828896127093,16.925548122650998,-8.926828896127093,-0.9549087614487695,-8.614783174701934,-24.412957491455156,-30.335818627651236,-13.243495914711023,-1.1213318885642858,16.024394526770568,-1.189674219789602,12.360487311804084,-1.42429078415947,11.518399740576523,confirm2026
2026-04-16,2026-04-17,0.648021,0.776507,-1,18.670000076293945,18.670000076293945,16.829999923706055,18.09000015258789,-3.1065876879267096,10.171366152944266,-3.1065876879267096,-11.756096816644435,-4.031831371361383,-8.172591614211356,-35.138040342510315,-20.132448312324858,-1.1141911854847026,12.586585434259224,-1.164876346000775,12.62108012769825,-1.4503867581831755,11.667144827866355,confirm2026
2026-04-17,2026-04-20,0.0464,-0.109259,1,18.09000015258789,18.46999931335449,16.59000015258789,17.209999084472656,-4.864571922014848,10.92387716895805,-4.864571922014848,-7.8200374175419025,-16.048784953791916,-15.761141324542038,-31.18752928039421,-20.324079719753975,-1.2024009039509935,13.038614483984205,-1.1767080843745887,12.01814608037361,-1.5499974373520717,11.505005489114989,confirm2026
2026-04-20,2026-04-21,0.86908,0.828938,-1,17.209999084472656,19.01000022888184,16.479999542236328,18.790000915527344,9.180720018051659,13.464611832747783,9.180720018051659,3.869545367799865,0.6427468598983577,-0.3182995476295303,-26.371471087450292,-5.053056865780103,0.11431135153747861,13.545861068831986,-0.5281011064086882,12.741566462681563,-1.0530711943420066,11.680509671058923,confirm2026
2026-04-21,2026-04-22,-0.807679,-0.379022,1,18.790000915527344,18.790000915527344,17.450000762939453,17.530000686645508,-6.7056954097358235,7.644039361668213,-6.7056954097358235,1.8593934874846507,-3.0956299680421573,-14.487801528558498,-31.173925562478765,-6.35683050404846,-0.7642376584121079,11.825888527793861,-0.8911681748916117,12.924894787487712,-1.3722587387115395,11.7421986030966,confirm2026
2026-04-22,2026-04-23,-0.841124,-0.121063,-1,17.530000686645508,18.729999542236328,17.25,18.299999237060547,4.392461610122078,8.087429529718682,4.392461610122078,-2.6077788961781145,6.333528242725595,-1.9817934532480486,-25.910936551393316,-19.736842765702455,0.5050460408353171,10.0582648092074,-0.45305247687137007,13.041329667988984,-1.0550226742875624,11.164113588465007,confirm2026
2026-04-23,2026-04-24,-1.138044,-0.840645,-1,18.299999237060547,19.1200008392334,17.489999771118164,18.59000015258789,1.5847045225009904,8.76816059567554,1.5847045225009904,6.046773670407779,-1.0643999637816925,2.763957964524799,-5.634520646515639,-18.500655029191805,0.7396678820761831,9.777623697753654,-0.09861968935460848,11.182104566006439,-0.8968672410374564,11.28467881037064,confirm2026
2026-04-24,2026-04-27,0.814923,0.614939,-1,18.59000015258789,19.899999618530277,18.059999465942383,19.709999084472656,6.024738691187426,9.33536396781179,6.024738691187426,7.70491752019653,12.435814674484803,14.526438890142469,-3.524234997298159,-26.262628424932455,1.4237428360841173,9.4599210575244,1.1263277985313576,11.249267770754305,-0.5205930419878488,10.935883842839306,confirm2026
2026-04-27,2026-04-28,-0.402612,-0.225365,1,19.709999084472656,19.709999084472656,18.270000457763672,18.3799991607666,-6.747843660499287,7.834595715231384,-6.747843660499287,-1.1296449171467882,0.43715807126396555,-2.182020940839513,-2.493375125685171,-25.707359212574932,-0.15533347671356942,8.333917834021122,-0.20448295493601515,10.939889451426554,-0.8093280530283249,10.903199642970751,confirm2026
2026-04-28,2026-04-29,0.758261,0.335105,-1,18.3799991607666,18.40999984741211,17.270000457763672,18.049999237060547,-1.7954294819036876,6.315786359191487,-1.7954294819036876,-8.422120367929598,-2.9047924211672016,2.966335025937439,-11.951223233850994,-26.745131151896185,-0.8597404313393214,8.068267233525777,-0.4064235558314937,9.947077880659819,-0.8156306497291711,10.997803859552885,confirm2026
2026-04-29,2026-04-30,-0.744903,0.0025,1,18.049999237060547,18.049999237060547,16.75,17.440000534057617,-3.3794943423070656,7.454123837449718,-3.3794943423070656,-5.11424738644971,-11.516989628900198,-4.699446660420015,-6.588106787412973,-34.92536928903862,-1.189987777764718,7.941606095071984,-1.0461431525690774,8.999935452139692,-0.9104670593392957,10.680211381971889,confirm2026
2026-04-30,2026-05-04,0.507343,0.231678,-1,17.440000534057617,19.479999542236328,17.190000534057617,18.459999084472656,5.848615362271015,12.405195675794525,5.848615362271015,2.2714673946926833,0.4352553175128504,-0.6993064392048276,2.045322989297138,-33.811403770327054,0.06255631724244938,8.669013111095783,0.29007733587276235,9.223318404424717,-0.5365354649551469,10.922199266061483,confirm2026
2026-05-04,2026-05-05,-0.358634,-0.08232,-1,18.459999084472656,18.8799991607666,16.75,18.299999237060547,-0.8667381113073303,11.639340161572239,-0.8667381113073303,4.9311850726351025,1.3850416097896279,-7.153728629662359,6.333528242725595,-26.8292720128507,0.42117056244638085,9.12980834984787,-0.08567551244066646,9.294864703686136,-0.5189835336502756,10.656505392029874,confirm2026
2026-05-05,2026-05-06,1.240596,0.661743,1,18.299999237060547,18.84000015258789,17.709999084472656,17.90999984741211,-2.1311442945780246,6.309330417322773,-2.1311442945780246,-2.9794109660773005,2.694950108726535,-2.55712369322485,-4.683347659595027,-29.81975107307043,-0.3097103095355262,8.824755290266149,-0.5613249279348392,8.579336562143634,-0.613898817711453,10.6604515124126,confirm2026
2026-05-06,2026-05-07,-0.017673,-0.294485,1,17.90999984741211,18.07999992370605,16.579999923706055,16.68000030517578,-6.867669194391734,8.9928055908641,-6.867669194391734,-8.852453548762984,-9.642464071377411,-7.590022104111016,-4.848832562324223,-34.5111866711748,-1.4974826649935722,9.36015913660067,-1.9138011508636994,8.714213185063224,-1.252397721543974,10.81955398627547,confirm2026
2026-05-07,2026-05-08,-0.618663,-0.237273,-1,16.68000030517578,17.200000762939453,15.170000076293944,16.6200008392334,-0.3597090218503518,12.214203274006236,-0.3597090218503518,-7.202674590559022,-9.180319496543321,-4.701832968541986,-9.180319496543321,-32.7125492879721,-1.1006666272834156,10.312175023911974,-1.5083381339355153,9.12689055949198,-1.6600847997402903,11.084110113740483,confirm2026
2026-05-08,2026-05-11,-1.490312,-0.64351,-1,16.6200008392334,17.43000030517578,16.15999984741211,16.84000015258789,1.3237021795760695,7.541570345939126,1.3237021795760695,0.959231681563355,-5.974314371525957,-8.77572596007008,-9.41366318254917,-14.517769033450634,-0.5521451678028151,9.339449957940896,-1.0323755297191382,9.004231534518336,-1.3118642419099973,10.093168050262388,confirm2026
2026-05-11,2026-05-12,-1.831973,-1.446089,-1,16.84000015258789,18.96999931335449,16.84000015258789,18.549999237060547,10.15438877065491,11.482475732457873,10.15438877065491,11.612504815710768,11.211024566375505,1.366120275533711,-5.885336891395121,-9.20215878625783,1.422416815830066,9.30807707211802,1.0779004046668397,9.218942710982947,0.3898181307011474,10.234105240868626,confirm2026
2026-05-12,2026-05-13,0.141363,0.214661,-1,18.549999237060547,19.459999084472656,17.6299991607666,19.280000686645508,3.9353179493749613,9.491700511056637,3.9353179493749613,14.489314203970771,16.004811751470417,7.649362651621439,4.896635293651275,2.2811686815586985,1.3642639636939549,9.944551090864795,1.6390865233274001,9.384653190565471,1.10012152695229,10.16227132099601,confirm2026
2026-05-13,2026-05-14,1.183124,0.677213,1,19.280000686645508,20.1299991607666,18.36000061035156,19.43000030517578,0.7780062924695352,9.109616688701486,0.7780062924695352,4.743941263119322,15.380048272682888,16.48681024991756,7.645435603574957,-5.219510706459607,0.9630785306187922,9.967913310432271,1.4337180012024109,9.664036223516472,1.468068926174499,9.805557052088146,confirm2026
2026-05-14,2026-05-15,-0.1946,-0.370395,1,19.43000030517578,19.43000030517578,18.38999938964844,18.61000061035156,-4.2202762838134955,5.588398073178213,-4.2202762838134955,-3.475104006391616,0.32345755126035325,11.973523890688021,6.708715828357414,-0.32136832189181286,0.06608930486622275,8.642752270266666,0.5244141707741667,9.47746364708932,0.5383146650441548,9.238699549614505,confirm2026
2026-05-15,2026-05-18,0.02728,0.714371,-1,18.61000061035156,19.01000022888184,17.420000076293945,18.790000915527344,0.9672235318233247,8.461948244366388,0.9672235318233247,-3.293872257315167,-2.5414924982734455,11.579576872152142,1.7876589784463492,3.869545367799865,-0.35530942272017224,8.826827849952119,0.6546100606594825,9.083138903946509,0.6944544775582718,9.153228654185613,confirm2026
2026-05-18,2026-05-19,-0.135095,-0.242024,1,18.790000915527344,20.059999465942383,17.719999313354492,19.6299991607666,4.4704534556201825,11.920531088277988,4.4704534556201825,5.480916265245495,1.0293301721541637,5.822102254044048,7.267759448932565,14.061593288969654,1.1154524821644725,8.914438921116142,1.204370775700302,9.11125799661708,1.4610868731150575,9.203061350151609,confirm2026
2026-05-19,2026-05-20,0.173596,0.860075,-1,19.6299991607666,19.6299991607666,18.270000457763672,18.68000030517578,-4.8395257066008,7.280506856448533,-4.8395257066008,-0.5854209951669631,0.3761402070308728,-3.1120350627649285,4.29927674106001,-0.5854209951669631,-0.7434275543966132,8.472200190194522,0.31789243119732763,9.208375640529656,0.429089254944207,8.893856101336647,confirm2026
2026-05-20,2026-05-21,-0.018175,-0.735836,1,18.68000030517578,19.459999084472656,18.059999465942383,18.440000534057617,-1.2847953276085677,7.592188600778807,-1.2847953276085677,-6.062143034052536,-1.8626948611827898,-5.095212329227017,10.551559932140474,5.191099895993467,-0.8388557444657218,8.168714572609986,-0.046553905844203346,9.06831394152113,0.11802359559629046,8.891263563292176,confirm2026
2026-05-21,2026-05-22,0.273096,0.203201,-1,18.440000534057617,18.440000534057617,17.43000030517578,17.81999969482422,-3.3622604190726157,5.667790382595732,-3.3622604190726157,-4.603857581914905,-9.220578417343638,-4.24503433432406,7.220209356175755,-2.6229484275838044,-1.3025189049827899,8.18459303449349,-0.9648070816802964,8.413672652380079,-0.5442248376234272,8.77028160593603,confirm2026
2026-05-22,2026-05-25,1.317071,0.381993,1,17.81999969482422,19.030000686645508,16.469999313354492,17.90999984741211,0.5050513699729864,14.293698465111493,0.5050513699729864,-2.8741901914082213,-4.122058057730992,-4.683347659595027,6.3539173701241625,-3.6578821925459692,-0.8043036887130274,9.35094307864251,-1.3405300809905618,9.088885464297316,-0.40586578772605336,9.046558499407826,confirm2026
2026-05-25,2026-05-26,-0.491018,-0.376602,1,17.90999984741211,17.90999984741211,16.389999389648438,16.700000762939453,-6.755997179126128,9.101798732469812,-6.755997179126128,-6.285067065461658,-9.436007162280092,-14.926125945451773,-9.97303800651933,-15.271428012923904,-1.5799787295862524,8.787196607480876,-2.0851677927647425,8.850817764298508,-1.580317280059708,9.034880237640728,confirm2026
2026-05-26,2026-05-27,-0.02739,0.112226,-1,16.700000762939453,16.959999084472656,15.359999656677246,16.1299991607666,-3.413183090612759,9.919401804354266,-3.413183090612759,-9.938585716418679,-9.483729309762412,-13.650969500801535,-16.338181606294167,-12.241567479517535,-1.3348105652509292,9.314975597062022,-1.8745609895077058,8.89358789362827,-1.8767540576451942,9.139120542096872,confirm2026
2026-05-27,2026-05-29,-1.503316,-1.482712,-1,16.1299991607666,16.329999923706055,14.699999809265137,14.979999542236328,-7.129570231642946,10.881175996335038,-7.129570231642946,-10.299408036675917,-16.35957749937753,-18.763562318942817,-22.902731307492864,-17.008309277492085,-1.4107321484046011,9.972773076173269,-1.9654014539751297,9.070743824391627,-2.378093475566885,9.367390023954048,confirm2026
2026-05-29,2026-06-01,-0.701341,-1.149464,-1,14.979999542236328,16.549999237060547,14.59000015258789,16.190000534057617,8.07744344991248,12.106232364536135,8.07744344991248,0.3719862145867836,-3.053893446601663,-9.147021260836674,-13.00376140207029,-7.167430973175392,-0.18098097216358563,11.26046147256135,-0.9124484700611174,9.72252725352742,-1.2708237477519047,9.59999545030837,confirm2026
2026-06-01,2026-06-02,0.431731,1.095176,-1,16.190000534057617,16.920000076293945,13.90999984741211,16.540000915527344,2.161830573961132,18.19830751070952,2.161830573961132,10.413894665968249,2.541858500265759,-7.649352001991905,-11.974453913627459,-10.400857335688007,0.6410249437737108,12.041383281680954,-0.5358996719228794,10.696163180161731,-0.9040982480193485,9.88965104205412,confirm2026
2026-06-02,2026-06-03,-0.331934,-0.044201,-1,16.540000915527344,16.540000915527344,15.119999885559082,15.359999656677246,-7.134227288599126,9.244798578826554,-7.134227288599126,-5.126626621378816,2.536716462303623,-8.023958353558458,-21.7524181693475,-16.06557214728901,-0.7436276380114148,12.069983250952301,-1.1844275764334617,10.428589929216589,-1.5931374157748148,9.769923962916835,confirm2026
2026-06-03,2026-06-04,0.046784,0.57597,1,15.359999656677246,16.979999542236328,14.850000381469728,16.280000686645508,5.989590172733639,13.08353237671445,5.989590172733639,-1.5719480924438978,0.5558996270479621,0.9299537116143064,-12.847963486731262,-9.101056251556173,0.6160714128472475,12.70280936542434,-0.31759381750147825,11.008892481243182,-0.8501334403864074,10.10863406088642,confirm2026
2026-06-04,2026-06-05,-0.212884,-0.478088,-1,16.280000686645508,16.40999984741211,15.529999732971191,15.890000343322754,-2.395579403400583,5.538074861091547,-2.395579403400583,3.450525380806946,-3.9298702311097555,6.074771888481467,-13.828634039490185,-4.736210715822898,-0.35905244882336296,11.63418913837564,-0.5232805202305502,10.803481107274454,-1.0737344109638427,9.935897524397792,confirm2026
2026-06-05,2026-06-08,-1.042937,0.18327,-1,15.890000343322754,16.3700008392334,13.460000038146973,15.789999961853027,-0.6293290076091695,18.429390805045475,-0.6293290076091695,-3.0098323349238454,2.799481216061439,-2.4706643546004825,-11.391693421637939,-4.993988179718134,-0.3990905083710169,12.89882082647751,-0.48400184202242397,12.079641149519428,-1.0870219637036094,10.246656900949755,confirm2026
2026-06-08,2026-06-09,0.515072,-0.072875,-1,15.789999961853027,18.440000534057617,15.789999961853027,17.030000686645508,7.8530761734527665,15.560777835332987,7.8530761734527665,7.1743254794944145,4.606879412574139,2.9625135670830804,-4.9134515257617695,1.1282691943943934,1.5271797474239333,12.371314891402204,1.5307860472510355,12.206349086541577,-0.252615066617079,10.647617275419446,confirm2026
2026-06-09,2026-06-10,-0.116814,-0.081777,1,17.030000686645508,17.030000686645508,15.520000457763672,15.579999923706056,-8.514390513656911,9.69191422513594,-8.514390513656911,-1.3299559129468563,-1.9509151222074417,1.4322934371497453,-6.706591545306373,-16.010778628070277,-0.9342149960687159,12.46073802066408,-0.6698615287276171,12.265360635808191,-1.1166504349907966,10.558089200053349,confirm2026
2026-06-10,2026-06-11,-0.229809,0.247572,-1,15.579999923706056,15.850000381469728,14.899999618530272,15.630000114440918,0.32092548767463924,6.0780598591405575,0.32092548767463924,-8.220789875260747,-1.0132985927717053,-3.992632339000979,-3.099808260014325,-18.931537563340438,-0.592241469161207,11.0596435171493,-0.49551934615305854,11.88122644128682,-0.986545244540904,10.387407167457546,confirm2026
2026-06-11,2026-06-12,1.991659,0.89845,1,15.630000114440918,15.949999809265137,15.119999885559082,15.609999656677246,-0.1279619809163801,5.317104048436148,-0.1279619809163801,0.19255284414696483,-8.33823237060578,-1.7621188206151883,4.2056083691099255,-19.660322123005624,-0.5117599450176289,11.015449354618221,-0.7362970498467917,11.324819246496931,-0.9178868147844496,10.19778153544428,confirm2026
2026-06-12,2026-06-15,0.977865,-0.54597,1,15.609999656677246,15.609999656677246,14.399999618530272,14.720000267028809,-5.701469629871103,8.22010880568557,-5.701469629871103,-5.822135897307767,-5.519895127654639,-6.7764388689627975,-9.079680163916526,-20.9027416214,-1.1975638275740486,8.973592954746241,-1.738813816939464,10.936206890611874,-1.403252912617731,10.329367072069648,confirm2026
2026-06-15,2026-06-16,0.566993,0.27274,-1,14.720000267028809,14.720000267028809,13.5600004196167,14.350000381469728,-2.5135861334720233,8.083622415160537,-2.5135861334720233,-8.071744413322568,-8.189377630193162,-15.736935978384114,-13.24063127470384,-23.62959189846855,-1.376239610501914,7.47816187071175,-1.706242616033686,9.924738381056978,-1.5082244250341275,10.310450780609354,confirm2026
2026-06-16,2026-06-17,0.402474,0.171349,1,14.350000381469728,14.350000381469728,13.010000228881836,13.359999656677246,-6.898959571254637,10.029941519632962,-6.898959571254637,-9.239134413589756,-14.413837600807078,-14.24903901091119,-13.020833624371642,-31.940905614610816,-1.4471742535903303,7.545767329611155,-1.9908384023885912,10.003252675137617,-2.0574624195926625,10.215921302177103,confirm2026
2026-06-17,2026-06-18,0.341697,0.391297,1,13.359999656677246,13.529999732971191,12.350000381469728,13.1899995803833,-1.272455693582153,8.946166709939899,-1.272455693582153,-8.08362906097443,-10.394026215288477,-15.611007781140351,-18.980349975027554,-29.389725027313474,-1.0565127434033839,8.119388699771022,-1.6031249482657686,9.589516108460163,-1.9567673296416077,10.299204294851672,confirm2026
2026-06-18,2026-06-19,-0.64093,0.091283,1,13.1899995803833,13.229999542236328,11.989999771118164,12.670000076293944,-3.9423769570297917,9.786896319268784,-3.9423769570297917,-5.16466765055974,-11.707318888612594,-18.834078443593715,-20.264318423264914,-31.290674027404798,-1.1622158092424484,9.013347153937548,-1.5304872572899837,10.014398254277886,-2.06767457087503,10.40893968077617,confirm2026
2026-06-19,2026-06-22,0.373963,-0.015348,-1,12.670000076293944,13.640000343322754,12.06999969482422,12.970000267028809,2.367799439055851,12.104862113917227,2.367799439055851,-1.6679250974479531,-2.919157183162935,-11.888586740856312,-17.85940279694136,-27.216607805016302,-0.5305130173844251,9.790297815583882,-1.0647581012714895,9.381945385165062,-1.6680973855362642,10.730793267342245,confirm2026
2026-06-22,2026-06-23,-1.156707,-1.026949,1,12.970000267028809,13.510000228881836,12.649999618530272,12.84000015258789,-1.002313891784512,6.697823988563052,-1.002313891784512,1.341752764564097,-2.653521144276183,-10.522649398892792,-24.603642778143332,-28.308206242429446,-0.6052187754047136,9.513138130264384,-1.020638502125929,8.495650000488068,-1.615245530803179,10.350999543514824,confirm2026
2026-06-23,2026-06-24,0.829202,0.949117,-1,12.84000015258789,14.239999771118164,12.43000030517578,13.9399995803833,8.566973634916252,12.984214637204571,8.566973634916252,7.4787917762834555,10.023674005066297,4.341316905769332,-10.52631804463221,-16.526952433925224,1.652036623220172,10.103992753778707,0.010813451017621148,8.82488004169493,-0.7434963545753903,10.54512033875156,confirm2026
2026-06-24,2026-06-25,0.142996,-0.289523,1,13.9399995803833,14.300000190734863,13.300000190734863,13.390000343322754,-3.945475277018795,7.468259703956423,-3.945475277018795,4.283490531143119,3.238242618711684,1.5163060599099776,-14.331412378228814,-16.986974333566085,0.4471712619576094,9.808411352582011,-0.33359699767213724,8.963900026176518,-1.036819053344373,10.422563233731669,confirm2026
2026-06-25,2026-06-29,-0.456227,-0.480015,-1,13.390000343322754,13.390000343322754,12.43000030517578,13.050000190734863,-2.539209438911183,7.356322023876656,-2.539209438911183,-6.3845008352859995,1.6355142963502711,2.9992116192004925,-16.399740693442823,-12.883841191448663,-0.4253328687487376,9.322296493503586,-0.5887302423706755,9.167821823720569,-1.1676425055683453,10.24632053510875,confirm2026
2026-06-29,2026-06-30,-0.33617,-0.691993,-1,13.050000190734863,14.06999969482422,12.920000076293944,13.609999656677246,4.291183584349412,8.449666771050005,4.291183584349412,1.643012006823441,-2.3672879027230254,4.934459340570618,-7.540764879181716,-15.935767710155591,0.5575336663126707,8.591257424930141,0.528858878147322,9.190777620257013,-0.6970824903673462,10.063492255434443,confirm2026
2026-06-30,2026-07-01,0.587034,0.452764,1,13.609999656677246,13.970000267028809,13.149999618530272,13.600000381469728,-0.07347006215838725,6.029416363956902,-0.07347006215838725,4.214560786944288,1.5683348227223615,5.919004827493413,-5.226480697300062,-17.77509293423083,0.2504836657522934,8.457575900008912,0.8616283691144871,8.985357015136648,-0.6274381600831982,9.455047698096811,confirm2026
2026-07-01,2026-07-02,0.707536,0.471694,1,13.600000381469728,14.06999969482422,13.149999618530272,13.239999771118164,-2.647063237160441,6.948641179744157,-2.647063237160441,-2.7185885003131127,1.4559354605848673,-5.021519586343414,-0.8982027593025133,-13.802082896775868,-0.575651267766647,7.250461208516827,-0.02559026336481536,8.677226981147767,-0.8119842360527687,9.340239828142693,confirm2026
2026-07-02,2026-07-03,0.393577,-0.429937,1,13.239999771118164,13.289999961853027,12.1899995803833,12.289999961853027,-7.175225269546259,8.950369283027026,-7.175225269546259,-9.63235575641309,-9.69874892080992,-8.215088523267056,-6.823348348462344,-24.508602926936483,-1.6039184907778135,7.546883124330949,-1.7551206138869428,8.67764723845648,-1.375068923962263,9.13358167345832,confirm2026
2026-07-03,2026-07-06,0.657167,0.508087,-1,12.289999961853027,12.289999961853027,11.649999618530272,11.800000190734863,-3.9869794356312105,5.423731635405157,-3.9869794356312105,-10.876129949220449,-13.235295148869264,-9.57854392130557,-6.8666131043431005,-25.73945918325029,-1.3507473950542446,7.160365046636649,-1.9733839317473465,8.241330770070117,-1.5527267926181363,9.127864512174002,confirm2026
2026-07-06,2026-07-07,-0.129552,-0.268757,1,11.800000190734863,12.359999656677246,11.699999809265137,11.81999969482422,0.16948732005157563,5.583755198412672,0.16948732005157563,-3.8242495401760945,-10.725076290345125,-13.152094099979116,-8.866619495205551,-25.14249700202602,-0.8817611071696702,6.5871827321091825,-1.5011333416719255,7.589220078519662,-1.389253607101584,8.48558273184236,confirm2026
2026-07-07,2026-07-08,-2.117531,-1.556088,-1,11.81999969482422,11.9399995803833,11.0600004196167,11.649999618530272,-1.43824095332582,7.553641112287174,-1.43824095332582,-1.2711912693219252,-5.2074885704577305,-14.338240501789778,-9.267916821774925,-31.591314452113295,-0.7849409380258944,6.892027681775238,-1.375213800403255,7.674801790892074,-1.4923189346460046,8.08522589569007,confirm2026
2026-07-08,2026-07-09,0.33812,0.14146,-1,11.649999618530272,15.15999984741211,11.34000015258789,14.68000030517578,26.008590436570024,26.02179574531336,26.008590436570024,24.196283284202668,24.406780236344726,10.876137152198773,5.308470208520122,-5.776634293565463,1.7566255595052869,10.706658594889078,1.7819106837206522,8.978559901702953,1.0961691474680957,8.901719971698942,confirm2026
2026-07-09,2026-07-10,1.018662,0.34073,1,14.68000030517578,14.68000030517578,13.06999969482422,13.359999656677246,-8.991829843716935,12.050903081774337,-8.991829843716935,14.67811239604746,13.028764819066495,8.706262800206632,-0.22405291916567371,-14.523355349603396,0.5262985568344304,11.326765354638539,0.454511623702813,9.436824239484745,0.051724963442152855,9.20036213283063,confirm2026
2026-07-10,2026-07-13,0.016937,0.713828,1,13.359999656677246,13.359999656677246,12.130000114440918,12.25,-8.308380877259047,10.040812589684311,-8.308380877259047,-16.553135249724924,5.150218035332621,3.813557643994514,-6.130269571205382,-21.524661951161484,-0.39618900698762155,12.250181545494371,-0.5744669483813964,9.70527329606551,-0.9940308552641571,9.43654755989304,confirm2026
2026-07-13,2026-07-14,-0.65652,-0.066271,1,12.25,13.520000457763672,9.479999542236328,13.279999732971191,8.408161085479104,30.42169425272614,8.408161085479104,-0.5988018395350125,-9.536788440739919,12.351946496126232,-2.4246872302024824,-9.782612146299074,0.20300882497943226,17.217769356357064,0.489643862361182,11.902476044233122,0.26141832929056813,10.546626832245067,confirm2026
2026-07-14,2026-07-15,0.10997,-0.030516,-1,13.279999732971191,13.869999885559082,11.65999984741211,13.75,3.539158708429091,16.0727275501598,3.539158708429091,12.244897959183664,2.9191643214439233,18.025754937618267,1.1029383406095272,-4.181187216165605,0.3259844280917148,18.92158664393159,0.937034341778852,12.906807162853415,0.9198330024412602,10.94608208899503,confirm2026
2026-07-15,2026-07-16,-0.02388,-0.287258,1,13.75,13.869999885559082,13.039999961853027,13.270000457763672,-3.4909057617187544,6.25470908119268,-3.4909057617187544,-0.07529574855859034,8.326534349091208,-9.604903393053599,0.22659129278046475,-0.6736467157661408,0.15803570701762903,14.968169311107454,0.4538659359219411,12.837413952998267,0.3070757728523218,10.757320467073018,confirm2026
2026-07-16,2026-07-17,1.086498,0.856695,1,13.270000457763672,13.270000457763672,12.779999732971191,12.880000114440918,-2.9389625461134217,3.804353419555462,-2.9389625461134217,-6.327271894975139,-3.0120453808230585,-3.592811037210075,4.80065219218222,-2.3502613783508153,-0.3679567915993425,13.31885937866368,0.006089133552297643,12.32281236665111,-0.17718328321151794,10.500229802553793,confirm2026
2026-07-17,2026-07-20,-0.393683,0.200289,1,12.880000114440918,13.350000381469728,12.8100004196167,13.149999618530272,2.096269423061825,4.106463707360799,2.096269423061825,-0.9043016962610118,-4.363639137961661,7.346935661471599,11.44067293198352,3.788473080867827,-0.36824585459291664,12.131989602198978,0.15467110215194294,12.191085573846674,0.14168454090474344,10.216208171958396,confirm2026
2026-07-20,2026-07-21,-0.209584,-0.117071,-1,13.149999618530272,13.84000015258789,12.890000343322754,12.979999542236328,-1.2927762830836076,7.318951022870845,-1.2927762830836076,0.7763930660473539,-2.1853873814878244,-2.25903762625862,9.81387375094478,0.07709541250311425,-0.6660623015086331,7.511440956227918,-0.1786056479427679,12.36460515629249,-0.07994678421789027,9.976912617406077,confirm2026
2026-07-21,2026-07-22,-0.791518,-0.638497,-1,12.979999542236328,13.079999923706056,12.100000381469728,12.600000381469728,-2.9275745313403156,7.777773909257739,-2.9275745313403156,-4.182503825213146,-2.173910950957658,-8.363633589311071,8.154513253617646,-1.869157073723171,-1.4544602052275308,5.852450228047505,-0.9368635873688139,12.387018435989548,-0.5546008656935537,10.03091011344081,confirm2026
2026-07-22,2026-07-23,-0.527791,-0.147251,-1,12.600000381469728,13.43000030517578,11.729999542236328,13.289999961853027,5.476186980105591,12.7915783884052,5.476186980105591,2.3882929934471164,1.064641424973689,0.1507121582475568,-9.468666992007313,-4.662838149901871,1.1729483923377857,7.1598240894900105,0.4923610872190579,11.063996700298732,0.39203871369643745,10.021278301000843,confirm2026
2026-07-23,2026-07-24,-0.42795,0.427189,1,13.289999961853027,13.739999771118164,12.920000076293944,13.479999542236328,1.4296431973564117,6.083083996070988,1.4296431973564117,6.9841201120975915,3.8520802591172965,4.658380609195012,0.8982027593025244,0.6721373906346084,1.1362283560275008,7.615570204793114,0.8900242709170488,10.467214791728397,0.6378873832810683,9.95201951560657,confirm2026
2026-07-24,2026-07-27,0.961399,0.282301,1,13.479999542236328,14.770000457763672,13.18000030517578,14.029999732971191,4.080120247864771,11.332859464361311,4.080120247864771,5.568094606788732,11.349200858791253,6.692016273528023,14.530610065070949,7.509574926536011,1.4032191092840423,9.060849356193216,1.8276986802990005,10.596419479196097,1.2482812121974036,10.150846387630803,confirm2026
2026-07-27,2026-07-28,-0.044174,0.05882,1,14.029999732971191,14.329999923706056,12.600000381469728,12.65999984741211,-9.764789106442496,13.665083436710827,-9.764789106442496,-6.08308399607097,-4.740407195253871,-2.465329014711859,-4.668673930917066,-6.980160420496806,-0.9244147435256391,10.330075838961212,-1.1990035029907358,8.920758397594565,-0.4410155622593735,10.411617220913843,confirm2026
2026-07-28,2026-07-29,1.104216,0.304219,-1,12.65999984741211,12.81999969482422,11.720000267028809,12.5600004196167,-0.7898849052186296,8.757956935076132,-0.7898849052186296,-10.477543416482904,-6.824919539032869,-0.3174600050953602,-8.654542402787646,-7.647058328542766,-1.0599759320352538,10.526112444124893,-1.1615430029628195,8.189281336086198,-0.5074835198486519,10.548044249469807,confirm2026
2026-07-29,2026-07-30,0.27608,0.278768,1,12.5600004196167,12.5600004196167,11.5600004196167,12.010000228881836,-4.378982264012121,8.326394512426273,-4.378982264012121,-5.134278249325119,-14.397715912583076,-9.631299749023636,-9.495103130495131,-9.290026914648886,-1.1708820597933327,9.633075668929106,-1.6955882252201575,8.396449879209559,-1.1064446903560274,10.616931916103912,confirm2026
2026-07-30,2026-07-31,0.273264,0.090922,1,12.010000228881836,12.31999969482422,11.300000190734863,12.15999984741211,1.2489560005965128,8.388153921781779,1.2489560005965128,-3.1847178251670494,-3.9494471250108854,-9.792282935087037,-5.590064135337636,-1.0577714796129012,-0.6554459832711625,10.094089654071265,-1.1845967568954188,8.854829929432189,-0.903118308075437,10.58882114804165,confirm2026
2026-07-31,2026-08-03,1.602306,0.820423,-1,12.15999984741211,12.210000038146973,11.649999618530272,11.760000228881836,-3.2894705884013775,4.761908237394201,-3.2894705884013775,-2.0815986281065735,-6.369428057385984,-16.179611883774626,-10.570337870502467,-0.33898272208872093,-1.2472503568692659,8.779899408677842,-1.4108805629548935,8.92037438243553,-1.3952285111275649,10.555729978141102,confirm2026
2026-08-03,2026-08-04,-0.643409,-0.360267,1,11.760000228881836,12.0600004196167,11.699999809265137,11.93000030517578,1.4455788519156076,3.017607721228454,1.4455788519156076,-1.8914436276516788,-0.6661109257406261,-5.766189186689075,-8.089362666338307,0.9306312452759702,-0.5087466219462019,6.6504042655813675,-0.9658356851619578,8.490240052271291,-1.2014057569306031,10.42742260428189,confirm2026
2026-08-04,2026-08-05,0.03961,-0.18059,-1,11.93000030517578,12.550000190734863,11.43000030517578,12.1899995803833,2.1793735838776307,9.187858278202391,2.1793735838776307,3.6564569994260054,0.24670833345097343,-2.945866455987667,-3.2539745132817433,4.635192957380996,1.0231556470956136,6.7363845342066195,-0.5504874888585332,8.631248489165756,-0.9515211396442941,10.509133462577651,confirm2026
2026-08-05,2026-08-06,0.046092,-0.020291,1,12.1899995803833,12.670000076293944,10.8100004196167,12.0600004196167,-1.066441060226142,15.422882188725168,-1.066441060226142,1.0896907888972907,2.5510219804084855,0.41632131375504144,-9.255075588915417,-17.84741029354977,0.2255557777686903,8.155682069466398,-0.5778329184923906,8.894378869197752,-1.0964748988116635,9.979187784748241,confirm2026
2026-08-06,2026-08-07,-0.265262,0.129386,1,12.0600004196167,12.43000030517578,10.100000381469728,12.15999984741211,0.8291826228525867,19.161183823550143,0.8291826228525867,-0.24610118132791792,1.9279089384142356,0.0,-9.792282935087037,-8.982034731306177,0.7894371557564392,10.31028804982007,-0.2960842597551805,10.202188851945667,-0.8545904724089106,10.334701821837033,confirm2026
2026-08-07,2026-08-10,0.053519,0.010374,-1,12.15999984741211,12.550000190734863,11.300000190734863,12.15999984741211,0.0,10.279605392149943,0.0,0.8291826228525867,-0.24610118132791792,3.4013572342277643,-13.328581048825615,-0.7346951231664511,0.5607232774128815,11.41382748077122,-0.018520005856615878,10.09686344472453,-0.8430178973859306,10.346641461960314,confirm2026
2026-08-10,2026-08-11,-0.455991,-0.420751,-1,12.15999984741211,12.920000076293944,10.81999969482422,12.25,0.7401328430694409,17.1428602568957,0.7401328430694409,0.7401328430694409,1.5754525188427682,2.6823108687213493,-3.238545437233309,-7.756022241581362,1.2504588749661973,14.238877987904669,0.5965973079768262,10.444641126743019,-0.634983536916166,9.682699762168792,confirm2026
2026-08-11,2026-08-12,-0.146087,-0.149147,-1,12.25,12.460000038146973,11.1899995803833,11.859999656677246,-3.1836762720224843,10.70826723884983,-3.1836762720224843,-2.467106862659285,-2.467106862659285,-2.7071364648535767,-5.573254295805318,-13.745457042347297,-1.5966335241446148,14.542959780034156,-1.2082104847317077,10.639672157120389,-1.135348836414377,9.414476746603293,confirm2026
2026-08-12,2026-08-13,-0.164102,-0.146327,-1,11.859999656677246,12.09000015258789,11.260000228881836,11.6899995803833,-1.4333902294696443,7.100085145416575,-1.4333902294696443,-4.571431996871011,-3.865133823409006,-3.0680002185701216,-2.6644516436310495,-11.906562342701232,-1.4035347079924863,12.87840037137244,-1.6779016851341952,10.517041220419419,-1.2664746967804896,9.456745549814489,confirm2026
2026-08-13,2026-08-14,-0.122357,0.01683,1,11.6899995803833,12.199999809265137,10.649999618530272,11.420000076293944,-2.309662222250519,13.572681089139504,-2.309662222250519,-3.709945979092677,-6.775509581273931,-6.08552450990082,-6.08552450990082,-11.335403922163312,-1.3398435098703205,11.76069982449031,-1.9785164259218955,11.035493937155191,-1.49217871985761,9.94516193329369,confirm2026
2026-08-14,2026-08-17,-0.321555,-0.22922,-1,11.420000076293944,11.5600004196167,10.829999923706056,11.3100004196167,-0.963219404048743,6.454469220394447,-0.963219404048743,-3.250634511606565,-4.637430463591075,-6.9901269610320504,-3.8265289158750604,-13.992389751257061,-1.059755014494961,10.995672590139211,-1.785789188592997,11.204750035455216,-1.473959656037157,10.062562208945373,confirm2026
2026-08-17,2026-08-18,-0.546574,-0.284637,-1,11.3100004196167,11.779999732971191,11.09000015258789,11.329999923706056,0.17683026832313598,6.090022815795405,0.17683026832313598,-0.7880923991823163,-3.079552349012493,-7.51020470444036,-5.029340872769428,-12.711861916183032,-0.7926723309839807,8.785105101919152,-1.3581712444709044,11.511991544911911,-1.294856237945031,10.0011157985916,confirm2026
2026-08-18,2026-08-19,-0.31712,-0.305357,-1,11.329999923706056,11.789999961853027,10.140000343322754,11.390000343322754,0.5295712270143804,14.486387785734925,0.5295712270143804,0.7073379375592159,-0.2626946827563037,-3.9628948310287626,-6.562750324847766,-9.603174615188658,-0.24830632374390949,9.54072921129617,-0.9796166663515674,12.041844495665163,-1.0941424196539444,10.336546492415462,confirm2026
2026-08-19,2026-08-20,0.637711,0.026418,1,11.390000343322754,11.729999542236328,10.0600004196167,11.31999969482422,-0.614579862937148,14.75264282368482,-0.614579862937148,-0.08826327404390932,0.08841091809490553,-3.165097509327275,-6.135992529393275,-14.823177371583151,-0.7043775490032658,11.07124074694982,-0.9499128067328221,11.974820559161127,-1.091835483889845,10.434599714179441,confirm2026
2026-08-20,2026-08-21,0.083155,-0.13198,1,11.31999969482422,11.31999969482422,9.329999923706056,10.760000228881836,-4.946991881973551,18.49442127126202,-4.946991881973551,-5.531168528982944,-5.030888779015741,-5.779333126119324,-11.513154902121325,-20.178037134437798,-1.7760036990346042,12.055588783374322,-1.7626474494381026,11.908144303932318,-1.7481210919613377,11.055166577938992,confirm2026
2026-08-21,2026-08-24,-0.135865,-0.271772,1,10.760000228881836,11.350000381469728,9.56999969482422,11.199999809265137,4.089215344087638,15.892863544274457,4.089215344087638,-1.0600696889943473,-1.6681345770898304,-0.9725959882439184,-7.894737254879813,-20.17106185009694,-7.466893607119627e-07,13.943267648150325,-0.6282373558690476,12.469470119144768,-1.2309772933066754,11.28316678193465,confirm2026
2026-08-24,2026-08-25,0.476897,0.656857,-1,11.19499969482422,11.760000228881836,10.322500228881836,11.524999618530272,2.947743927662816,12.472885445382058,2.901784060712931,7.1096596038635385,1.8109534384509018,1.7210917576107931,-5.918370460977373,-8.96524678168814,0.9779272418634024,15.219840174067656,0.4917808451308146,12.002472637993403,-0.4988842323774392,11.22355688236821,confirm2026
